system,step,escape,recovery,discipline,basin,truth,constraint,correction,coherence,inside_kernel,novelty,discoveries,missed_opportunity,survivability,extinct
strict_viability,0,0.05,0.92,0.95,0.34188,1.0,1.0,0.988294,0.991407,True,0.0,0,0.0,0.747244,False
strict_viability,1,0.05,0.92,0.95,0.343103,0.998103,0.999899,0.983552,0.98763,True,0.0,0,0.0,0.746232,False
strict_viability,2,0.05,0.92,0.95,0.349525,0.99856,1.0,0.986887,0.990158,True,0.0,0,0.0,0.749544,False
strict_viability,3,0.05,0.92,0.95,0.352675,0.992853,1.0,0.98701,0.988772,True,0.0,0,0.0,0.749564,False
strict_viability,4,0.05,0.92,0.95,0.347428,1.0,0.999073,0.984858,0.988753,True,0.0,0,0.0,0.748386,False
strict_viability,5,0.05,0.92,0.95,0.351886,1.0,1.0,0.987931,0.991141,True,0.0,0,0.0,0.750964,False
strict_viability,6,0.05,0.92,0.95,0.348835,0.996927,0.995117,0.992015,0.992962,True,0.0,0,0.0,0.749163,False
strict_viability,7,0.05,0.92,0.95,0.348123,0.991985,0.990328,0.996176,0.990737,True,0.0,0,0.0,0.747456,False
strict_viability,8,0.05,0.92,0.95,0.352669,0.98825,0.992032,0.996999,0.989382,True,0.0,0,0.0,0.74877,False
strict_viability,9,0.05,0.92,0.95,0.35984,0.98997,0.996362,0.997501,0.991793,True,0.0,0,0.0,0.752944,False
strict_viability,10,0.05,0.92,0.95,0.36509,0.98155,0.994561,0.994759,0.985036,True,0.0,0,0.0,0.751905,False
strict_viability,11,0.05,0.92,0.95,0.363089,0.991113,0.989541,1.0,0.989638,True,0.0,0,0.0,0.753248,False
strict_viability,12,0.05,0.92,0.95,0.36061,0.992376,0.993396,1.0,0.992385,True,0.0,0,0.0,0.753557,False
strict_viability,13,0.05,0.92,0.95,0.35802,0.989847,0.998756,0.998852,0.992229,True,0.0,0,0.0,0.752903,False
strict_viability,14,0.05,0.92,0.95,0.349154,0.984658,1.0,0.999744,0.988704,True,0.0,0,0.0,0.748525,False
strict_viability,15,0.05,0.92,0.95,0.345936,0.986103,1.0,0.997896,0.989468,True,0.0,0,0.0,0.747396,False
strict_viability,16,0.05,0.92,0.95,0.340841,0.984372,0.99771,0.990789,0.986327,True,0.0,0,0.0,0.743364,False
strict_viability,17,0.05,0.92,0.95,0.337285,0.98495,1.0,0.993764,0.987657,True,0.0,0,0.0,0.743105,False
strict_viability,18,0.05,0.92,0.95,0.336697,0.982895,0.999522,0.983841,0.982272,True,0.0,0,0.0,0.74039,False
strict_viability,19,0.05,0.92,0.95,0.326316,0.977462,1.0,0.978929,0.976712,True,0.0,0,0.0,0.734199,False
strict_viability,20,0.05,0.92,0.95,0.33691,0.97605,1.0,0.974005,0.973321,True,0.0,0,0.0,0.736874,False
strict_viability,21,0.05,0.92,0.95,0.32951,0.974787,1.0,0.964478,0.967072,True,0.0,0,0.0,0.731751,False
strict_viability,22,0.05,0.92,0.95,0.331611,0.972034,0.991324,0.966055,0.967306,True,0.0,0,0.0,0.730741,False
strict_viability,23,0.05,0.92,0.95,0.333673,0.973066,1.0,0.965712,0.967064,True,0.0,0,0.0,0.733195,False
strict_viability,24,0.05,0.92,0.95,0.335307,0.975253,1.0,0.971827,0.971691,True,0.0,0,0.0,0.735621,False
strict_viability,25,0.05,0.92,0.95,0.347213,0.968918,0.996161,0.967174,0.966136,True,0.0,0,0.0,0.736996,False
strict_viability,26,0.05,0.92,0.95,0.3364,0.973729,0.994952,0.959407,0.963617,True,0.0,0,0.0,0.732146,False
strict_viability,27,0.05,0.92,0.95,0.339108,0.979604,1.0,0.978197,0.977465,True,0.0,0,0.0,0.739433,False
strict_viability,28,0.05,0.92,0.95,0.331392,0.967468,1.0,0.974021,0.968556,True,0.0,0,0.0,0.732663,False
strict_viability,29,0.05,0.92,0.95,0.326695,0.967671,1.0,0.9758,0.969486,True,0.0,0,0.0,0.731275,False
strict_viability,30,0.05,0.92,0.95,0.31861,0.958664,0.997082,0.976257,0.963987,True,0.0,0,0.0,0.72546,False
strict_viability,31,0.05,0.92,0.95,0.319852,0.965892,0.99418,0.969911,0.966039,True,0.0,0,0.0,0.726069,False
strict_viability,32,0.05,0.92,0.95,0.31425,0.979761,0.989439,0.975911,0.976866,True,0.0,0,0.0,0.727723,False
strict_viability,33,0.05,0.92,0.95,0.321903,0.982722,0.98884,0.976442,0.978366,True,0.0,0,0.0,0.73131,False
strict_viability,34,0.05,0.92,0.95,0.325671,0.980549,0.981845,0.969533,0.972614,True,0.0,0,0.0,0.729434,False
strict_viability,35,0.05,0.92,0.95,0.338504,0.982135,0.981718,0.972229,0.974806,True,0.0,0,0.0,0.735214,False
strict_viability,36,0.05,0.92,0.95,0.340459,0.980244,0.988945,0.975696,0.976956,True,0.0,0,0.0,0.737661,False
strict_viability,37,0.05,0.92,0.95,0.342125,0.973534,0.981092,0.986384,0.975854,True,0.0,0,0.0,0.737036,False
strict_viability,38,0.05,0.92,0.95,0.340889,0.972087,0.990469,0.98018,0.974518,True,0.0,0,0.0,0.736965,False
strict_viability,39,0.05,0.92,0.95,0.346235,0.970618,0.990745,0.979838,0.973408,True,0.0,0,0.0,0.738601,False
strict_viability,40,0.05,0.92,0.95,0.357695,0.972108,0.994907,0.968186,0.968386,True,0.0,0,0.0,0.741739,False
strict_viability,41,0.05,0.92,0.95,0.351149,0.965693,0.989802,0.967206,0.964862,True,0.0,0,0.0,0.736618,False
strict_viability,42,0.05,0.92,0.95,0.340738,0.966981,0.987225,0.966296,0.965248,True,0.0,0,0.0,0.732349,False
strict_viability,43,0.05,0.92,0.95,0.345243,0.976069,0.98671,0.963205,0.96716,True,0.0,0,0.0,0.7354,False
strict_viability,44,0.05,0.92,0.95,0.347383,0.977899,0.980631,0.964933,0.968667,True,0.0,0,0.0,0.735872,False
strict_viability,45,0.05,0.92,0.95,0.367723,0.989872,0.976135,0.964338,0.967913,True,0.0,0,0.0,0.744773,False
strict_viability,46,0.05,0.92,0.95,0.363197,0.992091,0.984139,0.961112,0.967948,True,0.0,0,0.0,0.744446,False
strict_viability,47,0.05,0.92,0.95,0.346219,0.99137,0.978275,0.959187,0.965045,True,0.0,0,0.0,0.736191,False
strict_viability,48,0.05,0.92,0.95,0.35541,0.991082,0.968428,0.951699,0.956685,True,0.0,0,0.0,0.735808,False
strict_viability,49,0.05,0.92,0.95,0.345311,0.984789,0.980467,0.970685,0.973632,True,0.0,0,0.0,0.737696,False
strict_viability,50,0.05,0.92,0.95,0.342565,0.987328,0.991468,0.965708,0.971901,True,0.0,0,0.0,0.738185,False
strict_viability,51,0.05,0.92,0.95,0.348983,0.990345,0.989485,0.966009,0.972363,True,0.0,0,0.0,0.740908,False
strict_viability,52,0.05,0.92,0.95,0.347278,0.989057,0.991217,0.963771,0.970757,True,0.0,0,0.0,0.739834,False
strict_viability,53,0.05,0.92,0.95,0.35558,0.990342,0.99361,0.965257,0.972304,True,0.0,0,0.0,0.744044,False
strict_viability,54,0.05,0.92,0.95,0.350007,0.992552,0.993232,0.978935,0.982642,True,0.0,0,0.0,0.745412,False
strict_viability,55,0.05,0.92,0.95,0.353294,0.988214,0.986776,0.98676,0.98667,True,0.0,0,0.0,0.746297,False
strict_viability,56,0.05,0.92,0.95,0.357335,0.978126,0.992766,0.989913,0.981548,True,0.0,0,0.0,0.746921,False
strict_viability,57,0.05,0.92,0.95,0.353763,0.980412,0.993314,0.988485,0.98288,True,0.0,0,0.0,0.746034,False
strict_viability,58,0.05,0.92,0.95,0.351947,0.981958,1.0,0.973455,0.97573,True,0.0,0,0.0,0.743864,False
strict_viability,59,0.05,0.92,0.95,0.353559,0.984315,0.997769,0.96377,0.970068,True,0.0,0,0.0,0.742463,False
strict_viability,60,0.05,0.92,0.95,0.367578,0.975617,1.0,0.962965,0.966463,True,0.0,0,0.0,0.746081,False
strict_viability,61,0.05,0.92,0.95,0.359355,0.974396,1.0,0.967654,0.968839,True,0.0,0,0.0,0.743678,False
strict_viability,62,0.05,0.92,0.95,0.368974,0.977855,1.0,0.971329,0.972632,True,0.0,0,0.0,0.748926,False
strict_viability,63,0.05,0.92,0.95,0.366801,0.978967,0.995815,0.97819,0.977412,True,0.0,0,0.0,0.749081,False
strict_viability,64,0.05,0.92,0.95,0.37326,0.9785,1.0,0.983397,0.979479,True,0.0,0,0.0,0.753182,False
strict_viability,65,0.05,0.92,0.95,0.379306,0.96976,0.999598,0.9769,0.971273,True,0.0,0,0.0,0.75194,False
strict_viability,66,0.05,0.92,0.95,0.391596,0.974559,0.995418,0.971561,0.971494,True,0.0,0,0.0,0.756,False
strict_viability,67,0.05,0.92,0.95,0.382064,0.971352,0.997437,0.979409,0.973463,True,0.0,0,0.0,0.753499,False
strict_viability,68,0.05,0.92,0.95,0.363933,0.9741,0.997952,0.982555,0.976476,True,0.0,0,0.0,0.747999,False
strict_viability,69,0.05,0.92,0.95,0.347628,0.971388,1.0,0.973628,0.970628,True,0.0,0,0.0,0.739731,False
strict_viability,70,0.05,0.92,0.95,0.350774,0.977388,0.996574,0.979359,0.977116,True,0.0,0,0.0,0.742972,False
strict_viability,71,0.05,0.92,0.95,0.352837,0.979523,0.998307,0.974844,0.975606,True,0.0,0,0.0,0.743638,False
strict_viability,72,0.05,0.92,0.95,0.351817,0.982483,1.0,0.969303,0.973241,True,0.0,0,0.0,0.743029,False
strict_viability,73,0.05,0.92,0.95,0.363869,0.978585,0.995066,0.971505,0.973329,True,0.0,0,0.0,0.746338,False
strict_viability,74,0.05,0.92,0.95,0.36416,0.987248,1.0,0.977473,0.980401,True,0.0,0,0.0,0.75058,False
strict_viability,75,0.05,0.92,0.95,0.382982,0.986428,0.987979,0.987824,0.986818,True,0.0,0,0.0,0.75764,False
strict_viability,76,0.05,0.92,0.95,0.384045,0.994722,0.978752,0.980707,0.978681,True,0.0,0,0.0,0.755903,False
strict_viability,77,0.05,0.92,0.95,0.377891,0.99753,0.982582,0.982985,0.981789,True,0.0,0,0.0,0.755451,False
strict_viability,78,0.05,0.92,0.95,0.359611,0.997936,0.980312,0.98629,0.981959,True,0.0,0,0.0,0.748652,False
strict_viability,79,0.05,0.92,0.95,0.360917,1.0,0.982321,0.989911,0.984589,True,0.0,0,0.0,0.750704,False
strict_viability,80,0.05,0.92,0.95,0.27968,1.0,0.987814,0.987874,0.987025,True,0.0,0,0.0,0.72083,False
strict_viability,81,0.05,0.92,0.95,0.277753,0.999295,0.993183,0.976306,0.981331,True,0.0,0,0.0,0.718635,False
strict_viability,82,0.05,0.92,0.95,0.266096,0.985316,0.989333,0.981566,0.982709,True,0.0,0,0.0,0.711897,False
strict_viability,83,0.05,0.92,0.95,0.267878,0.992324,0.997643,0.981744,0.984954,True,0.0,0,0.0,0.715626,False
strict_viability,84,0.05,0.92,0.95,0.267293,1.0,0.998271,0.977308,0.983093,True,0.0,0,0.0,0.716054,False
strict_viability,85,0.05,0.92,0.95,0.255649,0.994671,0.996179,0.98286,0.986175,True,0.0,0,0.0,0.711441,False
strict_viability,86,0.05,0.92,0.95,0.244791,0.9972,0.990059,0.98626,0.987318,True,0.0,0,0.0,0.707282,False
strict_viability,87,0.05,0.92,0.95,0.230344,1.0,0.986749,0.983499,0.984016,True,0.0,0,0.0,0.700917,False
strict_viability,88,0.05,0.92,0.95,0.22531,1.0,0.98604,0.986002,0.98508,True,0.0,0,0.0,0.699355,False
strict_viability,89,0.05,0.92,0.95,0.236075,0.997943,0.977628,0.992856,0.98214,True,0.0,0,0.0,0.702168,False
strict_viability,90,0.05,0.92,0.95,0.245192,1.0,0.977562,0.995179,0.982716,True,0.0,0,0.0,0.706385,False
strict_viability,91,0.05,0.92,0.95,0.262008,1.0,0.979245,1.0,0.984766,True,0.0,0,0.0,0.713999,False
strict_viability,92,0.05,0.92,0.95,0.264872,0.999845,0.981797,0.995,0.985731,True,0.0,0,0.0,0.714935,False
strict_viability,93,0.05,0.92,0.95,0.248488,0.993146,0.979631,0.993402,0.983259,True,0.0,0,0.0,0.706593,False
strict_viability,94,0.05,0.92,0.95,0.257536,0.987594,0.982373,0.991172,0.983976,True,0.0,0,0.0,0.709299,False
strict_viability,95,0.05,0.92,0.95,0.259219,0.991708,0.980905,0.997839,0.984201,True,0.0,0,0.0,0.711375,False
strict_viability,96,0.05,0.92,0.95,0.25947,1.0,0.982859,1.0,0.987418,True,0.0,0,0.0,0.714003,False
strict_viability,97,0.05,0.92,0.95,0.264316,0.999659,0.982388,0.995323,0.986221,True,0.0,0,0.0,0.7149,False
strict_viability,98,0.05,0.92,0.95,0.257704,1.0,0.989467,0.997673,0.991873,True,0.0,0,0.0,0.71473,False
strict_viability,99,0.05,0.92,0.95,0.261535,0.998148,0.99542,0.986759,0.989316,True,0.0,0,0.0,0.71509,False
strict_viability,100,0.05,0.92,0.95,0.245809,0.989237,1.0,0.992557,0.990106,True,0.0,0,0.0,0.709241,False
strict_viability,101,0.05,0.92,0.95,0.233989,0.971797,0.996739,1.0,0.978804,True,0.0,0,0.0,0.700709,False
strict_viability,102,0.05,0.92,0.95,0.229712,0.975495,0.987478,0.998216,0.979175,True,0.0,0,0.0,0.697877,False
strict_viability,103,0.05,0.92,0.95,0.229223,0.981029,0.989949,1.0,0.983739,True,0.0,0,0.0,0.69993,False
strict_viability,104,0.05,0.92,0.95,0.236606,0.991414,0.984452,0.994674,0.986556,True,0.0,0,0.0,0.703207,False
strict_viability,105,0.05,0.92,0.95,0.235275,1.0,0.982298,1.0,0.987006,True,0.0,0,0.0,0.704659,False
strict_viability,106,0.05,0.92,0.95,0.237541,1.0,0.980697,0.994353,0.984795,True,0.0,0,0.0,0.704176,False
strict_viability,107,0.05,0.92,0.95,0.24136,0.990605,0.985143,0.991302,0.986676,True,0.0,0,0.0,0.704535,False
strict_viability,108,0.05,0.92,0.95,0.222406,0.986189,0.975503,0.986625,0.9784,True,0.0,0,0.0,0.693154,False
strict_viability,109,0.05,0.92,0.95,0.221172,0.985113,0.975337,0.988276,0.978227,True,0.0,0,0.0,0.692672,False
strict_viability,110,0.05,0.92,0.95,0.227027,0.989568,0.978441,0.991993,0.981652,True,0.0,0,0.0,0.697189,False
strict_viability,111,0.05,0.92,0.95,0.243507,0.989382,0.977293,0.98773,0.980252,True,0.0,0,0.0,0.702447,False
strict_viability,112,0.05,0.92,0.95,0.233751,0.984391,0.9776,0.99013,0.979687,True,0.0,0,0.0,0.698165,False
strict_viability,113,0.05,0.92,0.95,0.227827,0.990295,0.982758,0.98949,0.984642,True,0.0,0,0.0,0.698409,False
strict_viability,114,0.05,0.92,0.95,0.232415,0.991735,0.974624,0.989421,0.978817,True,0.0,0,0.0,0.698239,False
strict_viability,115,0.05,0.92,0.95,0.225417,0.99314,0.966712,0.997779,0.974246,True,0.0,0,0.0,0.69503,False
strict_viability,116,0.05,0.92,0.95,0.223597,0.995542,0.953324,0.990912,0.963857,True,0.0,0,0.0,0.690153,False
strict_viability,117,0.05,0.92,0.95,0.21522,0.999972,0.966811,0.984145,0.972132,True,0.0,0,0.0,0.690241,False
strict_viability,118,0.05,0.92,0.95,0.217303,1.0,0.960546,0.98615,0.96834,True,0.0,0,0.0,0.689735,False
strict_viability,119,0.05,0.92,0.95,0.204289,0.992314,0.959274,0.983472,0.966483,True,0.0,0,0.0,0.68258,False
strict_viability,120,0.05,0.92,0.95,0.206423,0.981911,0.963678,0.980539,0.968329,True,0.0,0,0.0,0.682122,False
strict_viability,121,0.05,0.92,0.95,0.201602,0.978674,0.968095,0.985743,0.971339,True,0.0,0,0.0,0.681592,False
strict_viability,122,0.05,0.92,0.95,0.188317,0.982589,0.962916,0.987614,0.968647,True,0.0,0,0.0,0.676255,False
strict_viability,123,0.05,0.92,0.95,0.192088,0.97831,0.956414,0.992296,0.963122,True,0.0,0,0.0,0.67574,False
strict_viability,124,0.05,0.92,0.95,0.187376,0.987716,0.955174,0.992737,0.964389,True,0.0,0,0.0,0.675633,False
strict_viability,125,0.05,0.92,0.95,0.182619,0.990938,0.953417,0.990501,0.963337,True,0.0,0,0.0,0.673649,False
strict_viability,126,0.05,0.92,0.95,0.174494,0.976753,0.964582,1.0,0.967956,True,0.0,0,0.0,0.671903,False
strict_viability,127,0.05,0.92,0.95,0.159199,0.975639,0.964005,0.99886,0.967186,True,0.0,0,0.0,0.665534,False
strict_viability,128,0.05,0.92,0.95,0.164036,0.97957,0.956198,1.0,0.963378,True,0.0,0,0.0,0.666377,False
strict_viability,129,0.05,0.92,0.95,0.165611,0.978204,0.956756,1.0,0.963314,True,0.0,0,0.0,0.666823,False
strict_viability,130,0.05,0.92,0.95,0.155645,0.968522,0.959135,0.997657,0.961164,True,0.0,0,0.0,0.661135,False
strict_viability,131,0.05,0.92,0.95,0.154452,0.979543,0.953829,1.0,0.961734,True,0.0,0,0.0,0.662107,False
strict_viability,132,0.05,0.92,0.95,0.147699,0.981266,0.96259,0.998057,0.968325,True,0.0,0,0.0,0.661947,False
strict_viability,133,0.05,0.92,0.95,0.147759,0.976455,0.961741,0.99763,0.966087,True,0.0,0,0.0,0.660622,False
strict_viability,134,0.05,0.92,0.95,0.135034,0.980105,0.959837,0.982318,0.965487,True,0.0,0,0.0,0.653885,False
strict_viability,135,0.05,0.92,0.95,0.137413,0.976462,0.953229,0.987902,0.960269,True,0.0,0,0.0,0.6531,False
strict_viability,136,0.05,0.92,0.95,0.156673,0.979742,0.957061,0.98729,0.963778,True,0.0,0,0.0,0.662034,False
strict_viability,137,0.05,0.92,0.95,0.161874,0.987904,0.955316,0.985087,0.963571,True,0.0,0,0.0,0.664832,False
strict_viability,138,0.05,0.92,0.95,0.1684,0.997284,0.954002,0.983019,0.962794,True,0.0,0,0.0,0.668381,False
strict_viability,139,0.05,0.92,0.95,0.166634,1.0,0.941972,0.978605,0.953159,True,0.0,0,0.0,0.66426,False
strict_viability,140,0.05,0.92,0.95,0.148272,0.994218,0.93835,0.978088,0.950263,True,0.0,0,0.0,0.655169,False
strict_viability,141,0.05,0.92,0.95,0.146511,0.988219,0.939993,0.985088,0.952372,True,0.0,0,0.0,0.654949,False
strict_viability,142,0.05,0.92,0.95,0.139426,0.99195,0.940596,0.989453,0.953904,True,0.0,0,0.0,0.653832,False
strict_viability,143,0.05,0.92,0.95,0.14524,0.985999,0.942436,0.988529,0.954338,True,0.0,0,0.0,0.655224,False
strict_viability,144,0.05,0.92,0.95,0.132932,0.990564,0.942184,0.982764,0.95381,True,0.0,0,0.0,0.650453,False
strict_viability,145,0.05,0.92,0.95,0.142156,0.977184,0.935066,0.977782,0.946346,True,0.0,0,0.0,0.648675,False
strict_viability,146,0.05,0.92,0.95,0.144617,0.982522,0.930316,0.97178,0.942406,True,0.0,0,0.0,0.648403,False
strict_viability,147,0.05,0.92,0.95,0.145283,0.986377,0.931434,0.974358,0.94401,True,0.0,0,0.0,0.650105,False
strict_viability,148,0.05,0.92,0.95,0.151705,0.991658,0.923922,0.9617,0.935536,True,0.0,0,0.0,0.649355,False
strict_viability,149,0.05,0.92,0.95,0.161407,0.985803,0.915213,0.963527,0.929803,True,0.0,0,0.0,0.649988,False
strict_viability,150,0.05,0.92,0.95,0.175988,0.989358,0.915713,0.959343,0.929104,True,0.0,0,0.0,0.655589,False
strict_viability,151,0.05,0.92,0.95,0.173794,0.98361,0.930719,0.971363,0.942682,True,0.0,0,0.0,0.659734,False
strict_viability,152,0.05,0.92,0.95,0.166627,0.989268,0.936788,0.974941,0.948173,True,0.0,0,0.0,0.660281,False
strict_viability,153,0.05,0.92,0.95,0.17191,0.994054,0.942645,0.977792,0.953261,True,0.0,0,0.0,0.665214,False
strict_viability,154,0.05,0.92,0.95,0.172779,0.990908,0.936813,0.988598,0.950878,True,0.0,0,0.0,0.665155,False
strict_viability,155,0.05,0.92,0.95,0.183852,0.992732,0.946951,0.989038,0.95859,True,0.0,0,0.0,0.672503,False
strict_viability,156,0.05,0.92,0.95,0.175305,0.995348,0.949022,0.981575,0.958805,True,0.0,0,0.0,0.669079,False
strict_viability,157,0.05,0.92,0.95,0.174867,1.0,0.956028,0.982237,0.964069,True,0.0,0,0.0,0.671736,False
strict_viability,158,0.05,0.92,0.95,0.175421,0.998783,0.95095,0.981902,0.960375,True,0.0,0,0.0,0.670323,False
strict_viability,159,0.05,0.92,0.95,0.165618,1.0,0.954877,0.971765,0.959725,True,0.0,0,0.0,0.666027,False
strict_viability,160,0.05,0.92,0.95,0.093784,1.0,0.962485,0.972907,0.965024,True,0.0,0,0.0,0.640895,False
strict_viability,161,0.05,0.92,0.95,0.085314,1.0,0.965968,0.981504,0.970666,True,0.0,0,0.0,0.640184,False
strict_viability,162,0.05,0.92,0.95,0.084456,0.992535,0.96515,0.983403,0.970685,True,0.0,0,0.0,0.638635,False
strict_viability,163,0.05,0.92,0.95,0.080033,0.994292,0.963248,0.980169,0.968449,True,0.0,0,0.0,0.636207,False
strict_viability,164,0.05,0.92,0.95,0.077017,0.995941,0.966071,0.973971,0.967919,True,0.0,0,0.0,0.634935,False
strict_viability,165,0.05,0.92,0.95,0.088719,0.989099,0.954463,0.963638,0.956613,True,0.0,0,0.0,0.633257,False
strict_viability,166,0.05,0.92,0.95,0.089167,0.988744,0.963215,0.948772,0.952863,True,0.0,0,0.0,0.632408,False
strict_viability,167,0.05,0.92,0.95,0.101858,0.98234,0.96212,0.945904,0.950786,True,0.0,0,0.0,0.63523,False
strict_viability,168,0.05,0.92,0.95,0.099448,0.991474,0.974364,0.94563,0.954412,True,0.0,0,0.0,0.638559,False
strict_viability,169,0.05,0.92,0.95,0.099933,1.0,0.97463,0.948167,0.956278,True,0.0,0,0.0,0.640905,False
strict_viability,170,0.05,0.92,0.95,0.125564,1.0,0.971203,0.95565,0.960001,True,0.0,0,0.0,0.651522,False
strict_viability,171,0.05,0.92,0.95,0.121845,1.0,0.972317,0.95875,0.962431,True,0.0,0,0.0,0.651035,False
strict_viability,172,0.05,0.92,0.95,0.124738,1.0,0.961587,0.964077,0.960303,True,0.0,0,0.0,0.650693,False
strict_viability,173,0.05,0.92,0.95,0.1134,0.99965,0.963327,0.961073,0.959657,True,0.0,0,0.0,0.646137,False
strict_viability,174,0.05,0.92,0.95,0.102862,0.997219,0.960999,0.962047,0.959114,True,0.0,0,0.0,0.641347,False
strict_viability,175,0.05,0.92,0.95,0.094999,1.0,0.962633,0.951917,0.953998,True,0.0,0,0.0,0.637122,False
strict_viability,176,0.05,0.92,0.95,0.095101,0.998674,0.963216,0.953298,0.955173,True,0.0,0,0.0,0.637361,False
strict_viability,177,0.05,0.92,0.95,0.102882,0.99205,0.957368,0.948242,0.949846,True,0.0,0,0.0,0.636726,False
strict_viability,178,0.05,0.92,0.95,0.113041,0.989718,0.943731,0.939684,0.938422,True,0.0,0,0.0,0.635143,False
strict_viability,179,0.05,0.92,0.95,0.10878,0.987599,0.945774,0.939756,0.939624,True,0.0,0,0.0,0.633664,False
strict_viability,180,0.05,0.92,0.95,0.103571,0.982824,0.950393,0.932482,0.937523,True,0.0,0,0.0,0.630387,False
strict_viability,181,0.05,0.92,0.95,0.104592,0.982493,0.96152,0.930923,0.940313,True,0.0,0,0.0,0.632834,False
strict_viability,182,0.05,0.92,0.95,0.102988,0.975394,0.963179,0.92669,0.937501,True,0.0,0,0.0,0.630315,False
strict_viability,183,0.05,0.92,0.95,0.106365,0.97952,0.960632,0.934975,0.942858,True,0.0,0,0.0,0.633685,False
strict_viability,184,0.05,0.92,0.95,0.118055,0.983356,0.97008,0.925784,0.938817,True,0.0,0,0.0,0.638747,False
strict_viability,185,0.05,0.92,0.95,0.111319,0.984607,0.967615,0.927177,0.939324,True,0.0,0,0.0,0.636225,False
strict_viability,186,0.05,0.92,0.95,0.110161,0.987586,0.967264,0.929976,0.94133,True,0.0,0,0.0,0.63689,False
strict_viability,187,0.05,0.92,0.95,0.113948,0.994977,0.978202,0.934088,0.947262,True,0.0,0,0.0,0.642916,False
strict_viability,188,0.05,0.92,0.95,0.104941,0.994612,0.984546,0.941406,0.953905,True,0.0,0,0.0,0.642392,False
strict_viability,189,0.05,0.92,0.95,0.112232,0.99773,0.992245,0.945029,0.958227,True,0.0,0,0.0,0.648135,False
strict_viability,190,0.05,0.92,0.95,0.115119,0.980219,0.994792,0.924909,0.941053,True,0.0,0,0.0,0.641661,False
strict_viability,191,0.05,0.92,0.95,0.118933,0.983722,0.987985,0.923054,0.939714,True,0.0,0,0.0,0.642095,False
strict_viability,192,0.05,0.92,0.95,0.115261,0.997703,0.988361,0.92798,0.945081,True,0.0,0,0.0,0.644618,False
strict_viability,193,0.05,0.92,0.95,0.116509,0.991763,0.988077,0.930085,0.945966,True,0.0,0,0.0,0.644373,False
strict_viability,194,0.05,0.92,0.95,0.114662,0.987575,0.994007,0.932544,0.94793,True,0.0,0,0.0,0.644564,False
strict_viability,195,0.05,0.92,0.95,0.114013,0.989314,0.997901,0.928718,0.945807,True,0.0,0,0.0,0.644541,False
strict_viability,196,0.05,0.92,0.95,0.12305,0.987184,0.989468,0.933676,0.948197,True,0.0,0,0.0,0.647055,False
strict_viability,197,0.05,0.92,0.95,0.111005,0.988974,0.99422,0.938058,0.952221,True,0.0,0,0.0,0.644751,False
strict_viability,198,0.05,0.92,0.95,0.09997,0.991315,0.992591,0.937156,0.951726,True,0.0,0,0.0,0.640501,False
strict_viability,199,0.05,0.92,0.95,0.112005,1.0,1.0,0.938521,0.954873,True,0.0,0,0.0,0.648539,False
strict_viability,200,0.05,0.92,0.95,0.118339,1.0,1.0,0.945443,0.959954,True,0.0,0,0.0,0.652525,False
strict_viability,201,0.05,0.92,0.95,0.112705,0.997513,1.0,0.947218,0.960908,True,0.0,0,0.0,0.6503,False
strict_viability,202,0.05,0.92,0.95,0.118266,0.995344,1.0,0.951191,0.963484,True,0.0,0,0.0,0.652888,False
strict_viability,203,0.05,0.92,0.95,0.130004,0.99249,0.990069,0.946492,0.958385,True,0.0,0,0.0,0.653777,False
strict_viability,204,0.05,0.92,0.95,0.130621,0.991088,0.988368,0.951933,0.961956,True,0.0,0,0.0,0.654644,False
strict_viability,205,0.05,0.92,0.95,0.13335,0.993834,0.99244,0.940833,0.954739,True,0.0,0,0.0,0.654488,False
strict_viability,206,0.05,0.92,0.95,0.116108,0.994249,0.992655,0.949012,0.960823,True,0.0,0,0.0,0.649924,False
strict_viability,207,0.05,0.92,0.95,0.11793,0.991432,0.995803,0.947486,0.959694,True,0.0,0,0.0,0.650327,False
strict_viability,208,0.05,0.92,0.95,0.126019,0.988361,1.0,0.953241,0.96364,True,0.0,0,0.0,0.654883,False
strict_viability,209,0.05,0.92,0.95,0.134011,0.992928,1.0,0.950173,0.962323,True,0.0,0,0.0,0.658154,False
strict_viability,210,0.05,0.92,0.95,0.129909,0.996411,0.994266,0.954402,0.965274,True,0.0,0,0.0,0.657137,False
strict_viability,211,0.05,0.92,0.95,0.128477,0.997184,1.0,0.947607,0.961144,True,0.0,0,0.0,0.656317,False
strict_viability,212,0.05,0.92,0.95,0.129875,0.999742,1.0,0.951962,0.964704,True,0.0,0,0.0,0.658345,False
strict_viability,213,0.05,0.92,0.95,0.141708,0.997012,1.0,0.949643,0.962612,True,0.0,0,0.0,0.661774,False
strict_viability,214,0.05,0.92,0.95,0.133332,0.999838,1.0,0.9508,0.963864,True,0.0,0,0.0,0.659413,False
strict_viability,215,0.05,0.92,0.95,0.124615,0.998467,0.990443,0.946907,0.959351,True,0.0,0,0.0,0.653047,False
strict_viability,216,0.05,0.92,0.95,0.135367,1.0,0.987231,0.957229,0.966248,True,0.0,0,0.0,0.659103,False
strict_viability,217,0.05,0.92,0.95,0.134357,1.0,0.988014,0.959268,0.9679,True,0.0,0,0.0,0.659344,False
strict_viability,218,0.05,0.92,0.95,0.123372,0.990738,0.99232,0.95892,0.967581,True,0.0,0,0.0,0.65419,False
strict_viability,219,0.05,0.92,0.95,0.12364,0.995806,0.993649,0.956306,0.966507,True,0.0,0,0.0,0.654949,False
strict_viability,220,0.05,0.92,0.95,0.123304,1.0,0.996821,0.963555,0.972782,True,0.0,0,0.0,0.657915,False
strict_viability,221,0.05,0.92,0.95,0.132545,1.0,1.0,0.967846,0.976398,True,0.0,0,0.0,0.663033,False
strict_viability,222,0.05,0.92,0.95,0.13835,0.991865,0.995232,0.976703,0.981083,True,0.0,0,0.0,0.664719,False
strict_viability,223,0.05,0.92,0.95,0.15045,0.990497,0.988472,0.976011,0.979549,True,0.0,0,0.0,0.667573,False
strict_viability,224,0.05,0.92,0.95,0.151282,0.997605,0.986676,0.978895,0.981202,True,0.0,0,0.0,0.669447,False
strict_viability,225,0.05,0.92,0.95,0.155084,0.997701,0.982606,0.97816,0.979047,True,0.0,0,0.0,0.669815,False
strict_viability,226,0.05,0.92,0.95,0.153123,1.0,0.982576,0.9774,0.978441,True,0.0,0,0.0,0.669299,False
strict_viability,227,0.05,0.92,0.95,0.146169,0.998422,0.979022,0.986418,0.981159,True,0.0,0,0.0,0.667322,False
strict_viability,228,0.05,0.92,0.95,0.156677,0.998843,0.97992,0.986322,0.981682,True,0.0,0,0.0,0.671601,False
strict_viability,229,0.05,0.92,0.95,0.170627,0.984962,0.968558,0.983504,0.972707,True,0.0,0,0.0,0.670887,False
strict_viability,230,0.05,0.92,0.95,0.176348,0.988285,0.967265,0.990149,0.97308,True,0.0,0,0.0,0.674402,False
strict_viability,231,0.05,0.92,0.95,0.17802,0.994438,0.969955,0.987098,0.97511,True,0.0,0,0.0,0.676445,False
strict_viability,232,0.05,0.92,0.95,0.179105,0.994625,0.97976,0.972808,0.974662,True,0.0,0,0.0,0.676602,False
strict_viability,233,0.05,0.92,0.95,0.169809,0.992619,0.978884,0.964639,0.969004,True,0.0,0,0.0,0.670728,False
strict_viability,234,0.05,0.92,0.95,0.163122,1.0,0.990374,0.963307,0.971357,True,0.0,0,0.0,0.67168,False
strict_viability,235,0.05,0.92,0.95,0.154128,0.988551,0.989983,0.958502,0.966675,True,0.0,0,0.0,0.664896,False
strict_viability,236,0.05,0.92,0.95,0.141527,0.984348,0.991197,0.962035,0.96861,True,0.0,0,0.0,0.660297,False
strict_viability,237,0.05,0.92,0.95,0.131163,0.98998,0.986679,0.967055,0.972637,True,0.0,0,0.0,0.657745,False
strict_viability,238,0.05,0.92,0.95,0.120352,0.988406,0.989301,0.971794,0.976324,True,0.0,0,0.0,0.654931,False
strict_viability,239,0.05,0.92,0.95,0.132806,0.994824,0.988105,0.977203,0.980539,True,0.0,0,0.0,0.661866,False
strict_viability,240,0.05,0.92,0.95,0.06869,0.987623,0.982929,0.986846,0.984053,True,0.0,0,0.0,0.637046,False
strict_viability,241,0.05,0.92,0.95,0.058309,0.985104,0.986,0.986655,0.985379,True,0.0,0,0.0,0.633334,False
strict_viability,242,0.05,0.92,0.95,0.053116,0.98131,0.981174,1.0,0.979978,True,0.0,0,0.0,0.631028,False
strict_viability,243,0.05,0.92,0.95,0.06041,0.978977,0.980664,0.995719,0.978723,True,0.0,0,0.0,0.632539,False
strict_viability,244,0.05,0.92,0.95,0.049586,0.96879,0.967788,0.988684,0.966908,True,0.0,0,0.0,0.621871,False
strict_viability,245,0.05,0.92,0.95,0.04943,0.977539,0.971291,0.993744,0.972815,True,0.0,0,0.0,0.625435,False
strict_viability,246,0.05,0.92,0.95,0.053822,0.982634,0.968756,0.997303,0.97299,True,0.0,0,0.0,0.628084,False
strict_viability,247,0.05,0.92,0.95,0.049625,0.976457,0.962657,0.997909,0.966679,True,0.0,0,0.0,0.623607,False
strict_viability,248,0.05,0.92,0.95,0.043485,0.977374,0.967283,1.0,0.969925,True,0.0,0,0.0,0.622954,False
strict_viability,249,0.05,0.92,0.95,0.053901,0.972095,0.978438,0.996814,0.973539,True,0.0,0,0.0,0.627957,False
strict_viability,250,0.05,0.92,0.95,0.054645,0.970521,0.968286,0.995887,0.967591,True,0.0,0,0.0,0.625285,False
strict_viability,251,0.05,0.92,0.95,0.062583,0.980571,0.964526,0.997832,0.969416,True,0.0,0,0.0,0.629925,False
strict_viability,252,0.05,0.92,0.95,0.057756,0.985843,0.965437,1.0,0.971701,True,0.0,0,0.0,0.629782,False
strict_viability,253,0.05,0.92,0.95,0.06595,0.986884,0.971324,0.997317,0.976097,True,0.0,0,0.0,0.634295,False
strict_viability,254,0.05,0.92,0.95,0.065226,0.98229,0.97622,1.0,0.977595,True,0.0,0,0.0,0.634629,False
strict_viability,255,0.05,0.92,0.95,0.077722,0.991556,0.974736,1.0,0.979838,True,0.0,0,0.0,0.641047,False
strict_viability,256,0.05,0.92,0.95,0.078109,0.988229,0.98527,1.0,0.985759,True,0.0,0,0.0,0.643202,False
strict_viability,257,0.05,0.92,0.95,0.087858,0.975585,0.97366,1.0,0.972891,True,0.0,0,0.0,0.640997,False
strict_viability,258,0.05,0.92,0.95,0.090061,0.968413,0.974368,1.0,0.969279,True,0.0,0,0.0,0.640237,False
strict_viability,259,0.05,0.92,0.95,0.091619,0.966795,0.972826,0.987225,0.968331,True,0.0,0,0.0,0.638358,False
strict_viability,260,0.05,0.92,0.95,0.098583,0.958411,0.969733,0.980691,0.96188,True,0.0,0,0.0,0.63725,False
strict_viability,261,0.05,0.92,0.95,0.099211,0.947244,0.974393,0.985836,0.955401,True,0.0,0,0.0,0.63626,False
strict_viability,262,0.05,0.92,0.95,0.079565,0.942964,0.982615,0.969624,0.951038,True,0.0,0,0.0,0.626711,False
strict_viability,263,0.05,0.92,0.95,0.070325,0.949628,0.979124,0.973026,0.956453,True,0.0,0,0.0,0.624897,False
strict_viability,264,0.05,0.92,0.95,0.085215,0.950032,0.982053,0.964984,0.95457,True,0.0,0,0.0,0.629803,False
strict_viability,265,0.05,0.92,0.95,0.079331,0.948277,0.982497,0.956735,0.950132,True,0.0,0,0.0,0.625644,False
strict_viability,266,0.05,0.92,0.95,0.08727,0.9517,0.973527,0.957385,0.953012,True,0.0,0,0.0,0.628099,False
strict_viability,267,0.05,0.92,0.95,0.072447,0.946806,0.979639,0.960378,0.950824,True,0.0,0,0.0,0.622842,False
strict_viability,268,0.05,0.92,0.95,0.087523,0.95133,0.984242,0.977918,0.959043,True,0.0,0,0.0,0.633655,False
strict_viability,269,0.05,0.92,0.95,0.081339,0.955464,0.987383,0.975469,0.961578,True,0.0,0,0.0,0.632577,False
strict_viability,270,0.05,0.92,0.95,0.100018,0.95886,0.983396,0.981754,0.96515,True,0.0,0,0.0,0.640876,False
strict_viability,271,0.05,0.92,0.95,0.098195,0.963558,0.976179,0.984457,0.967427,True,0.0,0,0.0,0.640382,False
strict_viability,272,0.05,0.92,0.95,0.102125,0.962474,0.973904,0.982496,0.965987,True,0.0,0,0.0,0.640823,False
strict_viability,273,0.05,0.92,0.95,0.099302,0.96918,0.964345,0.988232,0.965154,True,0.0,0,0.0,0.63994,False
strict_viability,274,0.05,0.92,0.95,0.102518,0.963411,0.973465,0.996084,0.966039,True,0.0,0,0.0,0.642971,False
strict_viability,275,0.05,0.92,0.95,0.0906,0.969564,0.976748,0.986579,0.971702,True,0.0,0,0.0,0.639489,False
strict_viability,276,0.05,0.92,0.95,0.093716,0.97388,0.97856,0.988758,0.97512,True,0.0,0,0.0,0.642492,False
strict_viability,277,0.05,0.92,0.95,0.103724,0.957519,0.977346,0.988132,0.963556,True,0.0,0,0.0,0.641656,False
strict_viability,278,0.05,0.92,0.95,0.104678,0.966379,0.971556,0.990533,0.96733,True,0.0,0,0.0,0.64336,False
strict_viability,279,0.05,0.92,0.95,0.099502,0.976326,0.969217,0.993611,0.971011,True,0.0,0,0.0,0.643635,False
strict_viability,280,0.05,0.92,0.95,0.114601,0.980704,0.969113,0.99727,0.972541,True,0.0,0,0.0,0.650838,False
strict_viability,281,0.05,0.92,0.95,0.124261,0.979382,0.968883,0.994408,0.971987,True,0.0,0,0.0,0.653763,False
strict_viability,282,0.05,0.92,0.95,0.130019,0.981581,0.973796,0.994535,0.976033,True,0.0,0,0.0,0.657734,False
strict_viability,283,0.05,0.92,0.95,0.126868,0.995553,0.965232,1.0,0.973797,True,0.0,0,0.0,0.658007,False
strict_viability,284,0.05,0.92,0.95,0.12025,1.0,0.972324,1.0,0.979685,True,0.0,0,0.0,0.658276,False
strict_viability,285,0.05,0.92,0.95,0.118713,0.998744,0.975559,1.0,0.981882,True,0.0,0,0.0,0.658311,False
strict_viability,286,0.05,0.92,0.95,0.111621,1.0,0.981872,1.0,0.986694,True,0.0,0,0.0,0.657556,False
strict_viability,287,0.05,0.92,0.95,0.109654,0.994426,0.977247,0.990187,0.981076,True,0.0,0,0.0,0.652925,False
strict_viability,288,0.05,0.92,0.95,0.109186,0.991966,0.960246,0.983019,0.96706,True,0.0,0,0.0,0.646559,False
strict_viability,289,0.05,0.92,0.95,0.104069,0.994388,0.953182,0.992198,0.963832,True,0.0,0,0.0,0.644676,False
strict_viability,290,0.05,0.92,0.95,0.106589,1.0,0.963788,0.99061,0.971757,True,0.0,0,0.0,0.649282,False
strict_viability,291,0.05,0.92,0.95,0.104185,1.0,0.964323,0.988541,0.971646,True,0.0,0,0.0,0.648162,False
strict_viability,292,0.05,0.92,0.95,0.103471,1.0,0.966016,0.999622,0.975004,True,0.0,0,0.0,0.65015,False
strict_viability,293,0.05,0.92,0.95,0.111375,0.995652,0.961988,1.0,0.971441,True,0.0,0,0.0,0.651271,False
strict_viability,294,0.05,0.92,0.95,0.111897,0.988074,0.95505,0.991437,0.964232,True,0.0,0,0.0,0.646792,False
strict_viability,295,0.05,0.92,0.95,0.112973,0.995208,0.956417,0.97815,0.963098,True,0.0,0,0.0,0.646735,False
strict_viability,296,0.05,0.92,0.95,0.111871,1.0,0.949078,0.97651,0.957508,True,0.0,0,0.0,0.644957,False
strict_viability,297,0.05,0.92,0.95,0.11567,1.0,0.951405,0.979246,0.959961,True,0.0,0,0.0,0.647497,False
strict_viability,298,0.05,0.92,0.95,0.109395,1.0,0.944732,0.981884,0.955984,True,0.0,0,0.0,0.643804,False
strict_viability,299,0.05,0.92,0.95,0.104664,0.999864,0.942776,0.976038,0.952992,True,0.0,0,0.0,0.640452,False
strict_viability,300,0.05,0.92,0.95,0.096032,1.0,0.937718,0.981081,0.950773,True,0.0,0,0.0,0.636726,False
strict_viability,301,0.05,0.92,0.95,0.091702,0.996252,0.947674,0.983672,0.958368,True,0.0,0,0.0,0.637472,False
strict_viability,302,0.05,0.92,0.95,0.095892,0.98373,0.949101,0.996183,0.959406,True,0.0,0,0.0,0.638943,False
strict_viability,303,0.05,0.92,0.95,0.096635,0.987543,0.956113,0.984321,0.963992,True,0.0,0,0.0,0.640063,False
strict_viability,304,0.05,0.92,0.95,0.098517,0.983654,0.965398,0.982935,0.970154,True,0.0,0,0.0,0.642295,False
strict_viability,305,0.05,0.92,0.95,0.088573,0.967683,0.965108,0.982354,0.965258,True,0.0,0,0.0,0.634921,False
strict_viability,306,0.05,0.92,0.95,0.097404,0.975914,0.965209,0.970114,0.966693,True,0.0,0,0.0,0.638235,False
strict_viability,307,0.05,0.92,0.95,0.102047,0.978546,0.972218,0.964087,0.966587,True,0.0,0,0.0,0.640878,False
strict_viability,308,0.05,0.92,0.95,0.094572,0.983732,0.962989,0.959662,0.959742,True,0.0,0,0.0,0.635869,False
strict_viability,309,0.05,0.92,0.95,0.092685,0.989296,0.965602,0.960331,0.961036,True,0.0,0,0.0,0.636872,False
strict_viability,310,0.05,0.92,0.95,0.090991,0.978956,0.96189,0.964916,0.962268,True,0.0,0,0.0,0.634489,False
strict_viability,311,0.05,0.92,0.95,0.078655,0.975288,0.959627,0.963853,0.960633,True,0.0,0,0.0,0.628389,False
strict_viability,312,0.05,0.92,0.95,0.073828,0.971712,0.965556,0.969871,0.966854,True,0.0,0,0.0,0.628567,False
strict_viability,313,0.05,0.92,0.95,0.070891,0.973462,0.961766,0.96396,0.962082,True,0.0,0,0.0,0.625684,False
strict_viability,314,0.05,0.92,0.95,0.066013,0.967336,0.963969,0.969499,0.965001,True,0.0,0,0.0,0.62425,False
strict_viability,315,0.05,0.92,0.95,0.066414,0.967068,0.967179,0.970404,0.966902,True,0.0,0,0.0,0.625286,False
strict_viability,316,0.05,0.92,0.95,0.056515,0.968305,0.974408,0.958072,0.961199,True,0.0,0,0.0,0.620638,False
strict_viability,317,0.05,0.92,0.95,0.066232,0.968407,0.978534,0.955203,0.959262,True,0.0,0,0.0,0.624457,False
strict_viability,318,0.05,0.92,0.95,0.053465,0.955359,0.984881,0.950736,0.950802,True,0.0,0,0.0,0.616759,False
strict_viability,319,0.05,0.92,0.95,0.042573,0.948336,0.984325,0.947945,0.945702,True,0.0,0,0.0,0.610253,False
strict_viability,320,0.05,0.92,0.95,0.00382,0.951925,0.986261,0.959087,0.953186,True,0.0,0,0.205444,0.59898,False
strict_viability,321,0.05,0.92,0.95,0.003581,0.960269,0.994291,0.951874,0.953223,True,0.0,0,0.0,0.600831,False
strict_viability,322,0.05,0.92,0.95,0.014646,0.964597,0.995646,0.952118,0.955231,True,0.0,0,0.0,0.606333,False
strict_viability,323,0.05,0.92,0.95,0.017152,0.964223,0.995531,0.954131,0.956313,True,0.0,0,0.0,0.607609,False
strict_viability,324,0.05,0.92,0.95,0.021609,0.98286,0.985013,0.957552,0.964543,True,0.0,0,0.0,0.612231,False
strict_viability,325,0.05,0.92,0.95,0.026428,0.983691,0.990067,0.965972,0.971246,True,0.0,0,0.0,0.617105,False
strict_viability,326,0.05,0.92,0.95,0.035684,0.970151,0.999929,0.969318,0.967697,True,0.0,0,0.0,0.620003,False
strict_viability,327,0.05,0.92,0.95,0.026125,0.966127,1.0,0.970204,0.965943,True,0.0,0,0.0,0.615572,False
strict_viability,328,0.05,0.92,0.95,0.035001,0.956627,1.0,0.971213,0.960629,True,0.0,0,0.0,0.616739,False
strict_viability,329,0.05,0.92,0.95,0.023432,0.961042,0.985515,0.97603,0.965632,True,0.0,0,0.0,0.611805,False
strict_viability,330,0.05,0.92,0.95,0.02406,0.961581,0.992999,0.97573,0.96585,True,0.0,0,0.0,0.613471,False
strict_viability,331,0.05,0.92,0.95,0.020207,0.970455,0.996442,0.974198,0.970615,True,0.0,0,0.0,0.614582,False
strict_viability,332,0.05,0.92,0.95,0.00787,0.973738,0.985998,0.979539,0.975502,True,0.0,0,0.0,0.609939,False
strict_viability,333,0.05,0.92,0.95,0.027165,0.967982,0.985833,0.990988,0.973222,True,0.0,0,0.0,0.617535,False
strict_viability,334,0.05,0.92,0.95,0.021796,0.970357,0.986301,0.99297,0.975145,True,0.0,0,0.0,0.616514,False
strict_viability,335,0.05,0.92,0.95,0.021281,0.961723,0.987553,0.995896,0.969359,True,0.0,0,0.0,0.614705,False
strict_viability,336,0.05,0.92,0.95,0.008561,0.968887,0.990141,0.991673,0.974728,True,0.0,0,0.0,0.61168,False
strict_viability,337,0.05,0.92,0.95,0.0,0.963736,0.987231,0.999311,0.970871,True,0.0,0,0.0,0.607582,False
strict_viability,338,0.05,0.92,0.95,0.005322,0.961674,0.98913,0.998485,0.969818,True,0.0,0,0.0,0.609333,False
strict_viability,339,0.05,0.92,0.95,0.001243,0.953473,0.981188,0.995343,0.961887,True,0.0,0,0.0,0.603486,False
strict_viability,340,0.05,0.92,0.95,0.004725,0.952177,0.996042,0.985066,0.961919,True,0.0,0,0.0,0.605814,False
strict_viability,341,0.05,0.92,0.95,0.0,0.950756,0.997018,0.971595,0.957043,True,0.0,0,0.0,0.601468,False
strict_viability,342,0.05,0.92,0.95,0.015423,0.949621,0.998673,0.978659,0.958534,True,0.0,0,0.0,0.60859,False
strict_viability,343,0.05,0.92,0.95,0.010976,0.937589,1.0,0.978667,0.95007,True,0.0,0,0.0,0.603959,False
strict_viability,344,0.05,0.92,0.95,0.012188,0.936097,0.996829,0.982992,0.949881,True,0.0,0,0.0,0.604163,False
strict_viability,345,0.05,0.92,0.95,0.020767,0.929768,0.992955,0.995077,0.946846,True,0.0,0,0.0,0.606914,False
strict_viability,346,0.05,0.92,0.95,0.021748,0.926386,0.990007,0.995675,0.943989,True,0.0,0,0.0,0.605888,False
strict_viability,347,0.05,0.92,0.95,0.021221,0.928572,0.989042,0.987163,0.944396,True,0.0,0,0.0,0.604765,False
strict_viability,348,0.05,0.92,0.95,0.028738,0.922662,0.988258,0.982658,0.939289,True,0.0,0,0.0,0.605173,False
strict_viability,349,0.05,0.92,0.95,0.025829,0.934016,0.991675,0.975345,0.946387,True,0.0,0,0.0,0.606554,False
strict_viability,350,0.05,0.92,0.95,0.019831,0.932679,0.993826,0.973189,0.944976,True,0.0,0,0.0,0.60395,False
strict_viability,351,0.05,0.92,0.95,0.013835,0.931133,0.990087,0.970658,0.943109,True,0.0,0,0.0,0.600142,False
strict_viability,352,0.05,0.92,0.95,0.019066,0.94361,1.0,0.965419,0.949942,True,0.0,0,0.0,0.606246,False
strict_viability,353,0.05,0.92,0.95,0.009856,0.94076,0.99622,0.960189,0.946193,True,0.0,0,0.0,0.600371,False
strict_viability,354,0.05,0.92,0.95,0.008902,0.935368,1.0,0.955965,0.940863,True,0.0,0,0.0,0.598487,False
strict_viability,355,0.05,0.92,0.95,0.005491,0.937881,0.992228,0.967619,0.947022,True,0.0,0,0.0,0.598615,False
strict_viability,356,0.05,0.92,0.95,0.008066,0.9318,0.993742,0.961933,0.940995,True,0.0,0,0.0,0.597253,False
strict_viability,357,0.05,0.92,0.95,0.01474,0.934569,0.979325,0.957258,0.941519,True,0.0,0,0.0,0.597101,False
strict_viability,358,0.05,0.92,0.95,0.024643,0.943331,0.970439,0.960444,0.948557,True,0.0,0,0.0,0.602132,False
strict_viability,359,0.05,0.92,0.95,0.011576,0.945108,0.973034,0.959913,0.949655,True,0.0,0,0.0,0.598011,False
strict_viability,360,0.05,0.92,0.95,0.00917,0.944912,0.973014,0.957823,0.948821,True,0.0,0,0.0,0.596665,False
strict_viability,361,0.05,0.92,0.95,0.009053,0.94934,0.972056,0.956723,0.951331,True,0.0,0,0.0,0.597393,False
strict_viability,362,0.05,0.92,0.95,0.0,0.953834,0.972953,0.958355,0.954779,True,0.0,0,0.0,0.595565,False
strict_viability,363,0.05,0.92,0.95,0.0,0.943477,0.975466,0.959653,0.948432,True,0.0,0,0.0,0.593573,False
strict_viability,364,0.05,0.92,0.95,0.0,0.949284,0.981852,0.963856,0.953675,True,0.0,0,0.0,0.596985,False
strict_viability,365,0.05,0.92,0.95,0.0,0.955532,0.989767,0.968887,0.95942,True,0.0,0,0.0,0.600929,False
strict_viability,366,0.05,0.92,0.95,0.00559,0.962127,0.999449,0.964633,0.960924,True,0.0,0,0.0,0.605568,False
strict_viability,367,0.05,0.92,0.95,0.011769,0.963691,0.992763,0.968259,0.964054,True,0.0,0,0.0,0.607877,False
strict_viability,368,0.05,0.92,0.95,0.012672,0.966178,0.991444,0.978151,0.969819,True,0.0,0,0.0,0.610507,False
strict_viability,369,0.05,0.92,0.95,0.008174,0.967333,0.996993,0.96987,0.966655,True,0.0,0,0.0,0.608465,False
strict_viability,370,0.05,0.92,0.95,0.0,0.968581,0.99038,0.968533,0.967087,True,0.0,0,0.0,0.604258,False
strict_viability,371,0.05,0.92,0.95,0.0,0.97098,0.988894,0.973579,0.9711,True,0.0,0,0.0,0.60561,False
strict_viability,372,0.05,0.92,0.95,0.0,0.970903,0.995514,0.97679,0.97215,True,0.0,0,0.0,0.607364,False
strict_viability,373,0.05,0.92,0.95,0.005445,0.965332,1.0,0.983682,0.970968,True,0.0,0,0.0,0.61006,False
strict_viability,374,0.05,0.92,0.95,0.006903,0.965194,1.0,0.981983,0.970312,True,0.0,0,0.0,0.610273,False
strict_viability,375,0.05,0.92,0.95,0.014078,0.962944,0.996303,0.975397,0.966515,True,0.0,0,0.0,0.610552,False
strict_viability,376,0.05,0.92,0.95,0.0,0.968516,1.0,0.984741,0.973492,True,0.0,0,0.0,0.609016,False
strict_viability,377,0.05,0.92,0.95,0.005999,0.978063,0.997259,0.985841,0.980353,True,0.0,0,0.0,0.613498,False
strict_viability,378,0.05,0.92,0.95,0.008333,0.972388,0.998545,0.97693,0.972921,True,0.0,0,0.0,0.611455,False
strict_viability,379,0.05,0.92,0.95,0.016729,0.968578,0.991771,0.964736,0.964877,True,0.0,0,0.0,0.610068,False
strict_viability,380,0.05,0.92,0.95,0.012276,0.960283,0.994754,0.963172,0.959465,True,0.0,0,0.0,0.606551,False
strict_viability,381,0.05,0.92,0.95,0.008039,0.96799,0.99854,0.963578,0.963488,True,0.0,0,0.0,0.60755,False
strict_viability,382,0.05,0.92,0.95,0.0,0.969215,0.999471,0.961931,0.963057,True,0.0,0,0.0,0.604601,False
strict_viability,383,0.05,0.92,0.95,0.0,0.973265,1.0,0.945654,0.954114,True,0.0,0,0.0,0.602073,False
strict_viability,384,0.05,0.92,0.95,0.0,0.97043,1.0,0.945501,0.953042,True,0.0,0,0.0,0.601412,False
strict_viability,385,0.05,0.92,0.95,0.0,0.977543,0.988471,0.954029,0.961133,True,0.0,0,0.0,0.602783,False
strict_viability,386,0.05,0.92,0.95,0.0,0.974768,0.982739,0.960707,0.964996,True,0.0,0,0.0,0.60265,False
strict_viability,387,0.05,0.92,0.95,0.0,0.973159,0.978116,0.969733,0.970744,True,0.0,0,0.0,0.603481,False
strict_viability,388,0.05,0.92,0.95,0.013034,0.973823,0.971849,0.966644,0.968198,True,0.0,0,0.0,0.606688,False
strict_viability,389,0.05,0.92,0.95,0.003037,0.975235,0.965388,0.954636,0.957936,True,0.0,0,0.0,0.599067,False
strict_viability,390,0.05,0.92,0.95,0.0,0.97152,0.961048,0.95087,0.953979,True,0.0,0,0.0,0.595461,False
strict_viability,391,0.05,0.92,0.95,0.000651,0.973909,0.951643,0.948528,0.94842,True,0.0,0,0.0,0.593451,False
strict_viability,392,0.05,0.92,0.95,0.0,0.980197,0.945984,0.948467,0.944977,True,0.0,0,0.0,0.592895,False
strict_viability,393,0.05,0.92,0.95,0.001515,0.976992,0.946098,0.94871,0.945376,True,0.0,0,0.0,0.592996,False
strict_viability,394,0.05,0.92,0.95,0.005595,0.979163,0.947302,0.947778,0.945409,True,0.0,0,0.0,0.595028,False
strict_viability,395,0.05,0.92,0.95,0.003909,0.977994,0.949627,0.959639,0.952436,True,0.0,0,0.0,0.597099,False
strict_viability,396,0.05,0.92,0.95,0.010267,0.967344,0.952553,0.970389,0.956807,True,0.0,0,0.0,0.600154,False
strict_viability,397,0.05,0.92,0.95,0.011832,0.965032,0.954267,0.969831,0.957512,True,0.0,0,0.0,0.600648,False
strict_viability,398,0.05,0.92,0.95,0.009713,0.967349,0.951136,0.965964,0.955246,True,0.0,0,0.0,0.598883,False
strict_viability,399,0.05,0.92,0.95,0.013039,0.971672,0.9541,0.972851,0.958919,True,0.0,0,0.0,0.602863,False
strict_viability,400,0.05,0.92,0.95,0.003336,0.974407,0.955028,0.970541,0.959541,True,0.0,0,0.159643,0.599587,False
strict_viability,401,0.05,0.92,0.95,0.0,0.971236,0.959081,0.973,0.962512,True,0.0,0,0.0,0.599178,False
strict_viability,402,0.05,0.92,0.95,0.009181,0.971597,0.953733,0.981002,0.959164,True,0.0,0,0.0,0.602488,False
strict_viability,403,0.05,0.92,0.95,0.0,0.983175,0.959175,0.981553,0.965326,True,0.0,0,0.0,0.602879,False
strict_viability,404,0.05,0.92,0.95,0.001474,0.983548,0.956528,0.985638,0.963969,True,0.0,0,0.0,0.60344,False
strict_viability,405,0.05,0.92,0.95,0.001792,0.979338,0.958707,0.985682,0.964787,True,0.0,0,0.0,0.603299,False
strict_viability,406,0.05,0.92,0.95,0.0,0.983394,0.944426,0.987375,0.955262,True,0.0,0,0.0,0.599871,False
strict_viability,407,0.05,0.92,0.95,0.010666,0.980968,0.950172,0.9854,0.958863,True,0.0,0,0.0,0.604678,False
strict_viability,408,0.05,0.92,0.95,0.016761,0.978805,0.957756,0.979908,0.963493,True,0.0,0,0.0,0.607756,False
strict_viability,409,0.05,0.92,0.95,0.024342,0.983448,0.970615,0.975974,0.972206,True,0.0,0,0.0,0.614282,False
strict_viability,410,0.05,0.92,0.95,0.016587,0.987944,0.974548,0.977362,0.975049,True,0.0,0,0.0,0.613388,False
strict_viability,411,0.05,0.92,0.95,0.022922,0.980984,0.982322,0.995235,0.980718,True,0.0,0,0.0,0.619124,False
strict_viability,412,0.05,0.92,0.95,0.023552,0.985095,0.979934,0.984527,0.981221,True,0.0,0,0.0,0.618235,False
strict_viability,413,0.05,0.92,0.95,0.015009,0.976893,0.990914,0.986663,0.979834,True,0.0,0,0.0,0.615621,False
strict_viability,414,0.05,0.92,0.95,0.012737,0.976599,0.996994,0.986898,0.979753,True,0.0,0,0.0,0.615823,False
strict_viability,415,0.05,0.92,0.95,0.011369,0.9753,0.988649,0.975454,0.974483,True,0.0,0,0.0,0.611332,False
strict_viability,416,0.05,0.92,0.95,0.012021,0.968379,0.988808,0.976567,0.970782,True,0.0,0,0.0,0.610075,False
strict_viability,417,0.05,0.92,0.95,0.0049,0.97184,0.991491,0.970399,0.969732,True,0.0,0,0.0,0.607485,False
strict_viability,418,0.05,0.92,0.95,0.013279,0.97741,0.991193,0.968544,0.971128,True,0.0,0,0.0,0.611526,False
strict_viability,419,0.05,0.92,0.95,0.017222,0.979308,0.995253,0.970348,0.972882,True,0.0,0,0.0,0.61456,False
strict_viability,420,0.05,0.92,0.95,0.018178,0.984682,1.0,0.966476,0.972072,True,0.0,0,0.0,0.616106,False
strict_viability,421,0.05,0.92,0.95,0.030726,0.986715,0.989713,0.963273,0.969852,True,0.0,0,0.0,0.618674,False
strict_viability,422,0.05,0.92,0.95,0.028689,0.984071,0.99845,0.958171,0.966064,True,0.0,0,0.0,0.617827,False
strict_viability,423,0.05,0.92,0.95,0.03058,0.986926,1.0,0.964986,0.971691,True,0.0,0,0.0,0.620968,False
strict_viability,424,0.05,0.92,0.95,0.034695,0.985792,1.0,0.966758,0.972608,True,0.0,0,0.0,0.622686,False
strict_viability,425,0.05,0.92,0.95,0.041075,0.98958,1.0,0.962974,0.970933,True,0.0,0,0.0,0.625062,False
strict_viability,426,0.05,0.92,0.95,0.041051,0.991075,1.0,0.961024,0.969861,True,0.0,0,0.0,0.62492,False
strict_viability,427,0.05,0.92,0.95,0.049799,0.99195,1.0,0.96001,0.969308,True,0.0,0,0.0,0.628193,False
strict_viability,428,0.05,0.92,0.95,0.043609,0.9901,1.0,0.966376,0.9735,True,0.0,0,0.0,0.626902,False
strict_viability,429,0.05,0.92,0.95,0.053882,0.989849,0.998007,0.983683,0.985526,True,0.0,0,0.0,0.634268,False
strict_viability,430,0.05,0.92,0.95,0.048326,0.986011,0.992415,0.989827,0.987182,True,0.0,0,0.0,0.631518,False
strict_viability,431,0.05,0.92,0.95,0.049545,0.98608,0.997048,0.985075,0.984791,True,0.0,0,0.0,0.631875,False
strict_viability,432,0.05,0.92,0.95,0.051539,0.990134,0.999139,0.980698,0.983591,True,0.0,0,0.0,0.632983,False
strict_viability,433,0.05,0.92,0.95,0.045788,0.987322,0.993503,0.989127,0.987778,True,0.0,0,0.0,0.630959,False
strict_viability,434,0.05,0.92,0.95,0.050828,0.995214,1.0,0.979222,0.983927,True,0.0,0,0.0,0.633615,False
strict_viability,435,0.05,0.92,0.95,0.046099,0.990263,0.993535,0.978093,0.98165,True,0.0,0,0.0,0.629332,False
strict_viability,436,0.05,0.92,0.95,0.048979,0.990887,0.996629,0.981845,0.984614,True,0.0,0,0.0,0.631977,False
strict_viability,437,0.05,0.92,0.95,0.046192,1.0,0.998144,0.971254,0.978634,True,0.0,0,0.0,0.63063,False
strict_viability,438,0.05,0.92,0.95,0.032468,1.0,0.997473,0.969369,0.977148,True,0.0,0,0.0,0.624852,False
strict_viability,439,0.05,0.92,0.95,0.03706,1.0,0.991968,0.964361,0.972469,True,0.0,0,0.0,0.624344,False
strict_viability,440,0.05,0.92,0.95,0.038644,0.988862,0.991145,0.965593,0.972053,True,0.0,0,0.0,0.622915,False
strict_viability,441,0.05,0.92,0.95,0.032336,0.985984,0.990369,0.967245,0.972676,True,0.0,0,0.0,0.620167,False
strict_viability,442,0.05,0.92,0.95,0.041183,0.984669,0.987942,0.970926,0.974913,True,0.0,0,0.0,0.623639,False
strict_viability,443,0.05,0.92,0.95,0.03791,0.989905,0.994208,0.979612,0.982703,True,0.0,0,0.0,0.626616,False
strict_viability,444,0.05,0.92,0.95,0.031178,0.990313,0.994462,0.97968,0.982861,True,0.0,0,0.0,0.624206,False
strict_viability,445,0.05,0.92,0.95,0.019494,0.991181,0.99003,0.980851,0.983425,True,0.0,0,0.0,0.619356,False
strict_viability,446,0.05,0.92,0.95,0.010897,0.992871,0.991257,0.984943,0.986782,True,0.0,0,0.0,0.61759,False
strict_viability,447,0.05,0.92,0.95,0.013315,0.996011,0.985073,0.977706,0.979871,True,0.0,0,0.0,0.616118,False
strict_viability,448,0.05,0.92,0.95,0.006127,0.989876,0.985319,0.977883,0.980158,True,0.0,0,0.0,0.612386,False
strict_viability,449,0.05,0.92,0.95,0.003887,0.997578,0.980956,0.970233,0.97336,True,0.0,0,0.0,0.610249,False
strict_viability,450,0.05,0.92,0.95,0.008026,0.993933,0.972076,0.966724,0.967573,True,0.0,0,0.0,0.608381,False
strict_viability,451,0.05,0.92,0.95,0.017551,0.987909,0.972468,0.971846,0.971092,True,0.0,0,0.0,0.612127,False
strict_viability,452,0.05,0.92,0.95,0.026021,0.981203,0.975346,0.974233,0.974329,True,0.0,0,0.0,0.615379,False
strict_viability,453,0.05,0.92,0.95,0.030629,0.967545,0.971432,0.975892,0.968724,True,0.0,0,0.0,0.613526,False
strict_viability,454,0.05,0.92,0.95,0.03465,0.973326,0.976002,0.975383,0.973931,True,0.0,0,0.0,0.617471,False
strict_viability,455,0.05,0.92,0.95,0.031206,0.976683,0.970232,0.979963,0.97219,True,0.0,0,0.0,0.616161,False
strict_viability,456,0.05,0.92,0.95,0.032421,0.959051,0.963522,0.991925,0.959125,True,0.0,0,0.0,0.612348,False
strict_viability,457,0.05,0.92,0.95,0.016748,0.967781,0.964777,0.998815,0.964046,True,0.0,0,0.0,0.609744,False
strict_viability,458,0.05,0.92,0.95,0.020616,0.970997,0.970096,1.0,0.968558,True,0.0,0,0.0,0.613458,False
strict_viability,459,0.05,0.92,0.95,0.008173,0.974611,0.977908,1.0,0.974592,True,0.0,0,0.0,0.61151,False
strict_viability,460,0.05,0.92,0.95,0.017693,0.980995,0.994054,0.9955,0.984638,True,0.0,0,0.0,0.619759,False
strict_viability,461,0.05,0.92,0.95,0.015444,0.978665,0.988906,0.979069,0.978189,True,0.0,0,0.0,0.614484,False
strict_viability,462,0.05,0.92,0.95,0.018599,0.976393,1.0,0.979823,0.976553,True,0.0,0,0.0,0.61718,False
strict_viability,463,0.05,0.92,0.95,0.02089,0.982112,1.0,0.988685,0.983986,True,0.0,0,0.0,0.621213,False
strict_viability,464,0.05,0.92,0.95,0.025059,0.984886,0.99827,0.99148,0.9869,True,0.0,0,0.0,0.623726,False
strict_viability,465,0.05,0.92,0.95,0.023096,0.987889,1.0,0.998596,0.990898,True,0.0,0,0.0,0.625308,False
strict_viability,466,0.05,0.92,0.95,0.004229,0.991379,0.986683,1.0,0.988,True,0.0,0,0.0,0.616218,False
strict_viability,467,0.05,0.92,0.95,0.012426,0.986244,0.977797,1.0,0.980236,True,0.0,0,0.0,0.615878,False
strict_viability,468,0.05,0.92,0.95,0.008694,0.987195,0.995116,1.0,0.989619,True,0.0,0,0.0,0.618874,False
strict_viability,469,0.05,0.92,0.95,0.015645,0.996484,0.994133,0.987671,0.989596,True,0.0,0,0.0,0.621282,False
strict_viability,470,0.05,0.92,0.95,0.022339,0.990779,0.993264,0.983918,0.985961,True,0.0,0,0.0,0.62168,False
strict_viability,471,0.05,0.92,0.95,0.028535,0.994985,0.997211,0.984212,0.987311,True,0.0,0,0.0,0.625705,False
strict_viability,472,0.05,0.92,0.95,0.019253,0.982028,0.998201,0.986664,0.983184,True,0.0,0,0.0,0.619873,False
strict_viability,473,0.05,0.92,0.95,0.032024,0.992026,0.992271,0.98498,0.986886,True,0.0,0,0.0,0.625666,False
strict_viability,474,0.05,0.92,0.95,0.052479,1.0,0.999236,0.983137,0.987515,True,0.0,0,0.0,0.635946,False
strict_viability,475,0.05,0.92,0.95,0.058991,0.993396,0.99783,0.982991,0.98612,True,0.0,0,0.0,0.63679,False
strict_viability,476,0.05,0.92,0.95,0.056353,0.978973,1.0,0.979345,0.977754,True,0.0,0,0.0,0.632068,False
strict_viability,477,0.05,0.92,0.95,0.055859,0.978008,1.0,0.970813,0.972387,True,0.0,0,0.0,0.629868,False
strict_viability,478,0.05,0.92,0.95,0.061532,0.975032,0.990347,0.975764,0.974385,True,0.0,0,0.0,0.630683,False
strict_viability,479,0.05,0.92,0.95,0.061372,0.964071,0.994894,0.966585,0.963304,True,0.0,0,0.0,0.626853,False
strict_viability,480,0.05,0.92,0.95,0.0,0.958268,0.992407,0.966561,0.960055,True,0.0,0,0.0,0.601647,False
strict_viability,481,0.05,0.92,0.95,0.00491,0.956936,0.998532,0.969325,0.960109,True,0.0,0,0.0,0.604768,False
strict_viability,482,0.05,0.92,0.95,0.0,0.948437,1.0,0.968185,0.954152,True,0.0,0,0.0,0.600763,False
strict_viability,483,0.05,0.92,0.95,0.0,0.944692,1.0,0.958993,0.94797,True,0.0,0,0.0,0.59806,False
strict_viability,484,0.05,0.92,0.95,0.00908,0.954613,0.99553,0.956521,0.952861,True,0.0,0,0.0,0.602732,False
strict_viability,485,0.05,0.92,0.95,0.0,0.944907,0.99399,0.96722,0.95165,True,0.0,0,0.0,0.59861,False
strict_viability,486,0.05,0.92,0.95,0.001007,0.953484,1.0,0.964815,0.955932,True,0.0,0,0.0,0.601796,False
strict_viability,487,0.05,0.92,0.95,0.015784,0.945849,1.0,0.959838,0.949053,True,0.0,0,0.0,0.604514,False
strict_viability,488,0.05,0.92,0.95,0.014043,0.941844,0.994101,0.96279,0.947993,True,0.0,0,0.0,0.602356,False
strict_viability,489,0.05,0.92,0.95,0.013205,0.944138,0.997718,0.958158,0.947387,True,0.0,0,0.0,0.602381,False
strict_viability,490,0.05,0.92,0.95,0.01996,0.961558,0.995535,0.956757,0.956612,True,0.0,0,0.0,0.608601,False
strict_viability,491,0.05,0.92,0.95,0.026713,0.959585,0.99326,0.961396,0.958268,True,0.0,0,0.0,0.611251,False
strict_viability,492,0.05,0.92,0.95,0.023628,0.961424,0.999453,0.959011,0.957553,True,0.0,0,0.0,0.611105,False
strict_viability,493,0.05,0.92,0.95,0.008496,0.95511,0.991591,0.959404,0.954864,True,0.0,0,0.0,0.602535,False
strict_viability,494,0.05,0.92,0.95,0.003074,0.951911,0.989219,0.968646,0.956956,True,0.0,0,0.0,0.601017,False
strict_viability,495,0.05,0.92,0.95,0.003403,0.950693,0.986967,0.971622,0.957124,True,0.0,0,0.0,0.600954,False
strict_viability,496,0.05,0.92,0.95,0.0,0.9525,0.975197,0.973806,0.958338,True,0.0,0,0.0,0.598319,False
strict_viability,497,0.05,0.92,0.95,0.0,0.964928,0.970708,0.975954,0.966703,True,0.0,0,0.0,0.601052,False
strict_viability,498,0.05,0.92,0.95,0.0,0.965372,0.972294,0.981816,0.967431,True,0.0,0,0.0,0.602326,False
strict_viability,499,0.05,0.92,0.95,0.000182,0.971379,0.968975,0.986997,0.968993,True,0.0,0,0.0,0.603792,False
strict_viability,500,0.05,0.92,0.95,0.009107,0.985564,0.969242,0.974261,0.970553,True,0.0,0,0.0,0.608189,False
strict_viability,501,0.05,0.92,0.95,0.019162,0.989348,0.971726,0.981142,0.974619,True,0.0,0,0.0,0.614589,False
strict_viability,502,0.05,0.92,0.95,0.029104,0.995207,0.981766,0.983902,0.981945,True,0.0,0,0.0,0.622494,False
strict_viability,503,0.05,0.92,0.95,0.026847,0.991753,0.992594,0.985717,0.987418,True,0.0,0,0.0,0.623875,False
strict_viability,504,0.05,0.92,0.95,0.028037,0.988499,0.992898,0.994793,0.989823,True,0.0,0,0.0,0.625355,False
strict_viability,505,0.05,0.92,0.95,0.014545,0.987578,1.0,0.993678,0.989441,True,0.0,0,0.0,0.621139,False
strict_viability,506,0.05,0.92,0.95,0.02989,0.992072,0.99958,0.991653,0.991339,True,0.0,0,0.0,0.627648,False
strict_viability,507,0.05,0.92,0.95,0.025754,0.999217,1.0,0.99339,0.995029,True,0.0,0,0.0,0.628124,False
strict_viability,508,0.05,0.92,0.95,0.024554,1.0,0.994808,0.983871,0.987179,True,0.0,0,0.0,0.624599,False
strict_viability,509,0.05,0.92,0.95,0.029804,1.0,0.997421,0.982467,0.986726,True,0.0,0,0.0,0.626814,False
strict_viability,510,0.05,0.92,0.95,0.029639,0.997077,0.995633,0.995156,0.995261,True,0.0,0,0.0,0.628704,False
strict_viability,511,0.05,0.92,0.95,0.033838,0.987097,0.995124,0.99271,0.988785,True,0.0,0,0.0,0.627292,False
strict_viability,512,0.05,0.92,0.95,0.03715,0.985232,0.982686,0.997982,0.982945,True,0.0,0,0.0,0.626013,False
strict_viability,513,0.05,0.92,0.95,0.049271,0.987861,0.98352,1.0,0.984532,True,0.0,0,0.0,0.631715,False
strict_viability,514,0.05,0.92,0.95,0.05854,0.982603,0.985259,1.0,0.982783,True,0.0,0,0.0,0.634394,False
strict_viability,515,0.05,0.92,0.95,0.062494,0.996801,0.989573,1.0,0.991751,True,0.0,0,0.0,0.640305,False
strict_viability,516,0.05,0.92,0.95,0.062109,0.999192,0.985014,0.994217,0.987815,True,0.0,0,0.0,0.638487,False
strict_viability,517,0.05,0.92,0.95,0.073287,0.993271,0.991304,0.993882,0.991884,True,0.0,0,0.0,0.643242,False
strict_viability,518,0.05,0.92,0.95,0.077169,0.999454,0.992081,1.0,0.994109,True,0.0,0,0.0,0.647094,False
strict_viability,519,0.05,0.92,0.95,0.082363,0.994472,1.0,1.0,0.995942,True,0.0,0,0.0,0.649816,False
strict_viability,520,0.05,0.92,0.95,0.069697,0.989714,1.0,1.0,0.99245,True,0.0,0,0.0,0.643727,False
strict_viability,521,0.05,0.92,0.95,0.078204,0.986782,1.0,0.999473,0.990224,True,0.0,0,0.0,0.646091,False
strict_viability,522,0.05,0.92,0.95,0.087835,0.981823,0.994043,0.998311,0.985453,True,0.0,0,0.0,0.647051,False
strict_viability,523,0.05,0.92,0.95,0.077388,0.9724,0.999177,0.994747,0.978814,True,0.0,0,0.0,0.641014,False
strict_viability,524,0.05,0.92,0.95,0.062734,0.969215,0.999158,1.0,0.977287,True,0.0,0,0.0,0.63542,False
strict_viability,525,0.05,0.92,0.95,0.076193,0.966099,0.995087,1.0,0.974347,True,0.0,0,0.0,0.638888,False
strict_viability,526,0.05,0.92,0.95,0.071976,0.96626,1.0,1.0,0.975234,True,0.0,0,0.0,0.638306,False
strict_viability,527,0.05,0.92,0.95,0.071837,0.967887,0.994083,0.999666,0.975436,True,0.0,0,0.0,0.637458,False
strict_viability,528,0.05,0.92,0.95,0.081159,0.976166,0.992298,0.998393,0.980981,True,0.0,0,0.0,0.642656,False
strict_viability,529,0.05,0.92,0.95,0.076677,0.980465,0.992018,0.992628,0.983614,True,0.0,0,0.0,0.641186,False
strict_viability,530,0.05,0.92,0.95,0.088454,0.980155,1.0,0.989784,0.983092,True,0.0,0,0.0,0.646581,False
strict_viability,531,0.05,0.92,0.95,0.107795,0.97445,0.988613,0.997832,0.978791,True,0.0,0,0.0,0.651465,False
strict_viability,532,0.05,0.92,0.95,0.107829,0.971757,0.990589,0.992199,0.97696,True,0.0,0,0.0,0.650341,False
strict_viability,533,0.05,0.92,0.95,0.111628,0.966617,0.986691,0.990366,0.972353,True,0.0,0,0.0,0.649348,False
strict_viability,534,0.05,0.92,0.95,0.108447,0.968405,0.984723,0.989048,0.973169,True,0.0,0,0.0,0.64802,False
strict_viability,535,0.05,0.92,0.95,0.103401,0.973568,0.99383,0.986614,0.977543,True,0.0,0,0.0,0.648855,False
strict_viability,536,0.05,0.92,0.95,0.101685,0.976612,1.0,0.990097,0.980756,True,0.0,0,0.0,0.650735,False
strict_viability,537,0.05,0.92,0.95,0.105516,0.984763,0.99867,0.99639,0.988098,True,0.0,0,0.0,0.65518,False
strict_viability,538,0.05,0.92,0.95,0.093832,0.9861,0.988174,0.995067,0.986523,True,0.0,0,0.0,0.648718,False
strict_viability,539,0.05,0.92,0.95,0.078754,0.978871,0.982363,0.994846,0.979531,True,0.0,0,0.0,0.639771,False
strict_viability,540,0.05,0.92,0.95,0.090147,0.985277,0.985903,0.995886,0.984891,True,0.0,0,0.0,0.646679,False
strict_viability,541,0.05,0.92,0.95,0.083451,0.990895,0.979684,1.0,0.983131,True,0.0,0,0.0,0.644391,False
strict_viability,542,0.05,0.92,0.95,0.085338,0.990131,0.98274,0.982831,0.982291,True,0.0,0,0.0,0.643016,False
strict_viability,543,0.05,0.92,0.95,0.084631,0.990145,0.987535,0.982935,0.984338,True,0.0,0,0.0,0.643874,False
strict_viability,544,0.05,0.92,0.95,0.0837,0.990867,0.988626,0.984456,0.985725,True,0.0,0,0.0,0.644226,False
strict_viability,545,0.05,0.92,0.95,0.075212,0.992215,0.996732,0.974549,0.979696,True,0.0,0,0.0,0.640591,False
strict_viability,546,0.05,0.92,0.95,0.070729,0.990242,0.991408,0.974351,0.97872,True,0.0,0,0.0,0.63743,False
strict_viability,547,0.05,0.92,0.95,0.060813,0.983538,0.983873,0.985542,0.983573,True,0.0,0,0.0,0.633248,False
strict_viability,548,0.05,0.92,0.95,0.060808,0.981652,0.978726,0.984596,0.979621,True,0.0,0,0.0,0.631373,False
strict_viability,549,0.05,0.92,0.95,0.072145,0.977125,0.983297,0.980103,0.978033,True,0.0,0,0.0,0.634869,False
strict_viability,550,0.05,0.92,0.95,0.080501,0.984822,0.990111,0.977925,0.980045,True,0.0,0,0.0,0.640593,False
strict_viability,551,0.05,0.92,0.95,0.086699,0.98766,0.988067,0.968921,0.973958,True,0.0,0,0.0,0.6411,False
strict_viability,552,0.05,0.92,0.95,0.095531,0.980872,0.992284,0.971911,0.974602,True,0.0,0,0.0,0.64449,False
strict_viability,553,0.05,0.92,0.95,0.102707,0.977321,0.982831,0.969614,0.971981,True,0.0,0,0.0,0.64424,False
strict_viability,554,0.05,0.92,0.95,0.098571,0.973887,0.972456,0.981109,0.972598,True,0.0,0,0.0,0.641866,False
strict_viability,555,0.05,0.92,0.95,0.10493,0.980534,0.976803,0.980251,0.977754,True,0.0,0,0.0,0.64676,False
strict_viability,556,0.05,0.92,0.95,0.10171,0.996969,0.980885,0.978104,0.978251,True,0.0,0,0.0,0.648988,False
strict_viability,557,0.05,0.92,0.95,0.093823,1.0,0.977534,0.981816,0.978171,True,0.0,0,0.0,0.646444,False
strict_viability,558,0.05,0.92,0.95,0.097101,1.0,0.978322,0.982063,0.978753,True,0.0,0,0.0,0.647935,False
strict_viability,559,0.05,0.92,0.95,0.093705,1.0,0.978369,0.977925,0.976674,True,0.0,0,0.0,0.645825,False
strict_viability,560,0.05,0.92,0.95,0.022708,1.0,0.982428,0.977091,0.978187,True,0.0,0,0.0,0.619641,False
strict_viability,561,0.05,0.92,0.95,0.017759,0.998442,0.988812,0.983074,0.98472,True,0.0,0,0.0,0.620251,False
strict_viability,562,0.05,0.92,0.95,0.011115,0.999145,0.999529,0.972126,0.979363,True,0.0,0,0.0,0.617606,False
strict_viability,563,0.05,0.92,0.95,0.000307,0.995366,0.997358,0.9705,0.977356,True,0.0,0,0.0,0.61196,False
strict_viability,564,0.05,0.92,0.95,0.000565,0.992304,0.988668,0.97613,0.979811,True,0.0,0,0.0,0.611025,False
strict_viability,565,0.05,0.92,0.95,0.00751,0.983307,0.990827,0.980954,0.981451,True,0.0,0,0.0,0.613306,False
strict_viability,566,0.05,0.92,0.95,0.007783,0.983147,1.0,0.993114,0.986207,True,0.0,0,0.0,0.617305,False
strict_viability,567,0.05,0.92,0.95,0.027935,0.978199,1.0,0.999159,0.98388,True,0.0,0,0.0,0.624639,False
strict_viability,568,0.05,0.92,0.95,0.032081,0.978255,1.0,1.0,0.984039,True,0.0,0,0.0,0.626361,False
strict_viability,569,0.05,0.92,0.95,0.032884,0.977948,1.0,1.0,0.983813,True,0.0,0,0.0,0.626584,False
strict_viability,570,0.05,0.92,0.95,0.027767,0.972387,0.996594,0.996275,0.978782,True,0.0,0,0.0,0.6219,False
strict_viability,571,0.05,0.92,0.95,0.035775,0.972345,1.0,1.0,0.979701,True,0.0,0,0.0,0.626181,False
strict_viability,572,0.05,0.92,0.95,0.0294,0.982688,0.999634,1.0,0.987243,True,0.0,0,0.0,0.626459,False
strict_viability,573,0.05,0.92,0.95,0.022482,0.974433,1.0,0.9953,0.980466,True,0.0,0,0.0,0.620939,False
strict_viability,574,0.05,0.92,0.95,0.013993,0.967712,1.0,1.0,0.9763,True,0.0,0,0.0,0.616662,False
strict_viability,575,0.05,0.92,0.95,0.018771,0.957691,0.995935,0.993558,0.967524,True,0.0,0,0.0,0.613987,False
strict_viability,576,0.05,0.92,0.95,0.019907,0.945596,0.988133,0.990543,0.95721,True,0.0,0,0.0,0.609177,False
strict_viability,577,0.05,0.92,0.95,0.023278,0.949181,0.993878,0.995361,0.961259,True,0.0,0,0.0,0.613298,False
strict_viability,578,0.05,0.92,0.95,0.023463,0.952639,0.997144,0.996361,0.96437,True,0.0,0,0.0,0.615092,False
strict_viability,579,0.05,0.92,0.95,0.021003,0.949258,0.999765,0.995914,0.962134,True,0.0,0,0.0,0.61369,False
strict_viability,580,0.05,0.92,0.95,0.016098,0.946913,0.9958,0.988783,0.95882,True,0.0,0,0.0,0.609293,False
strict_viability,581,0.05,0.92,0.95,0.016926,0.943446,1.0,0.985781,0.955992,True,0.0,0,0.0,0.608981,False
strict_viability,582,0.05,0.92,0.95,0.025296,0.942044,0.997547,0.986486,0.954971,True,0.0,0,0.0,0.611444,False
strict_viability,583,0.05,0.92,0.95,0.025657,0.936716,1.0,0.984012,0.950737,True,0.0,0,0.0,0.610208,False
strict_viability,584,0.05,0.92,0.95,0.025848,0.925343,1.0,0.996194,0.944664,True,0.0,0,0.0,0.609211,False
strict_viability,585,0.05,0.92,0.95,0.040695,0.921629,1.0,0.991985,0.941278,True,0.0,0,0.0,0.613189,False
strict_viability,586,0.05,0.92,0.95,0.030712,0.920285,0.995943,0.997634,0.940628,True,0.0,0,0.0,0.609136,False
strict_viability,587,0.05,0.92,0.95,0.033126,0.91475,0.994203,0.993234,0.935751,True,0.0,0,0.0,0.607542,False
strict_viability,588,0.05,0.92,0.95,0.042752,0.923833,0.989859,0.977014,0.939274,True,0.0,0,0.0,0.610205,False
strict_viability,589,0.05,0.92,0.95,0.054325,0.923878,0.985681,0.98761,0.940564,True,0.0,0,0.0,0.615497,False
strict_viability,590,0.05,0.92,0.95,0.05472,0.924569,0.985349,0.989372,0.941231,True,0.0,0,0.0,0.616039,False
strict_viability,591,0.05,0.92,0.95,0.0583,0.931354,0.992837,0.982696,0.946086,True,0.0,0,0.0,0.619616,False
strict_viability,592,0.05,0.92,0.95,0.056143,0.918468,0.980298,0.977145,0.934469,True,0.0,0,0.0,0.612049,False
strict_viability,593,0.05,0.92,0.95,0.057254,0.922199,0.992638,0.970266,0.936722,True,0.0,0,0.0,0.614671,False
strict_viability,594,0.05,0.92,0.95,0.059889,0.920287,0.993045,0.961624,0.932993,True,0.0,0,0.0,0.613744,False
strict_viability,595,0.05,0.92,0.95,0.054636,0.935042,0.993075,0.969028,0.945479,True,0.0,0,0.0,0.616944,False
strict_viability,596,0.05,0.92,0.95,0.05459,0.933629,0.994012,0.971933,0.945321,True,0.0,0,0.0,0.617229,False
strict_viability,597,0.05,0.92,0.95,0.044034,0.931061,0.993455,0.969176,0.942736,True,0.0,0,0.0,0.611959,False
strict_viability,598,0.05,0.92,0.95,0.043516,0.942552,0.992492,0.971725,0.951512,True,0.0,0,0.0,0.615067,False
strict_viability,599,0.05,0.92,0.95,0.040139,0.945665,1.0,0.973967,0.954351,True,0.0,0,0.0,0.61635,False
strict_viability,600,0.05,0.92,0.95,0.045465,0.957179,0.999646,0.989147,0.966639,True,0.0,0,0.0,0.623983,False
strict_viability,601,0.05,0.92,0.95,0.039534,0.951298,1.0,0.994413,0.963406,True,0.0,0,0.0,0.621083,False
strict_viability,602,0.05,0.92,0.95,0.049726,0.956992,1.0,0.985306,0.965594,True,0.0,0,0.0,0.624969,False
strict_viability,603,0.05,0.92,0.95,0.046226,0.946535,1.0,0.984157,0.957838,True,0.0,0,0.0,0.620664,False
strict_viability,604,0.05,0.92,0.95,0.065304,0.946137,0.997473,0.985379,0.957704,True,0.0,0,0.0,0.627543,False
strict_viability,605,0.05,0.92,0.95,0.06097,0.944086,1.0,0.988121,0.956958,True,0.0,0,0.0,0.626276,False
strict_viability,606,0.05,0.92,0.95,0.056919,0.933618,0.992648,0.997511,0.949907,True,0.0,0,0.0,0.621998,False
strict_viability,607,0.05,0.92,0.95,0.051022,0.934733,0.992964,1.0,0.951036,True,0.0,0,0.0,0.620498,False
strict_viability,608,0.05,0.92,0.95,0.044494,0.938472,0.992591,1.0,0.953709,True,0.0,0,0.0,0.618944,False
strict_viability,609,0.05,0.92,0.95,0.047551,0.947003,0.995751,1.0,0.96048,True,0.0,0,0.0,0.623023,False
strict_viability,610,0.05,0.92,0.95,0.041072,0.948277,1.0,0.999286,0.961938,True,0.0,0,0.0,0.62163,False
strict_viability,611,0.05,0.92,0.95,0.037334,0.951148,0.997759,1.0,0.963827,True,0.0,0,0.0,0.62065,False
strict_viability,612,0.05,0.92,0.95,0.044646,0.961262,1.0,0.994395,0.970689,True,0.0,0,0.0,0.625691,False
strict_viability,613,0.05,0.92,0.95,0.04424,0.959803,0.99317,0.991925,0.968505,True,0.0,0,0.0,0.623436,False
strict_viability,614,0.05,0.92,0.95,0.039065,0.959202,1.0,0.99338,0.968998,True,0.0,0,0.0,0.622854,False
strict_viability,615,0.05,0.92,0.95,0.040629,0.958776,1.0,0.995132,0.969001,True,0.0,0,0.0,0.623617,False
strict_viability,616,0.05,0.92,0.95,0.057443,0.955031,1.0,0.996536,0.966489,True,0.0,0,0.0,0.629228,False
strict_viability,617,0.05,0.92,0.95,0.063809,0.964085,0.994857,0.996594,0.972486,True,0.0,0,0.0,0.633078,False
strict_viability,618,0.05,0.92,0.95,0.053938,0.971529,0.992224,0.990051,0.976708,True,0.0,0,0.0,0.629784,False
strict_viability,619,0.05,0.92,0.95,0.049959,0.969621,0.99691,0.9834,0.973841,True,0.0,0,0.0,0.627497,False
strict_viability,620,0.05,0.92,0.95,0.051392,0.976416,1.0,0.979945,0.976625,True,0.0,0,0.0,0.629671,False
strict_viability,621,0.05,0.92,0.95,0.045318,0.988133,0.993197,0.988561,0.988014,True,0.0,0,0.0,0.630821,False
strict_viability,622,0.05,0.92,0.95,0.061624,0.992063,0.98732,0.985796,0.986125,True,0.0,0,0.0,0.636053,False
strict_viability,623,0.05,0.92,0.95,0.070246,0.991894,0.987997,0.990804,0.988836,True,0.0,0,0.0,0.640446,False
strict_viability,624,0.05,0.92,0.95,0.060097,0.987277,0.989794,0.998393,0.987776,True,0.0,0,0.0,0.637018,False
strict_viability,625,0.05,0.92,0.95,0.066534,0.98941,0.994615,0.994444,0.990771,True,0.0,0,0.0,0.640522,False
strict_viability,626,0.05,0.92,0.95,0.060141,0.982259,0.99679,0.995736,0.985972,True,0.0,0,0.0,0.636802,False
strict_viability,627,0.05,0.92,0.95,0.06471,0.984286,1.0,0.995617,0.987673,True,0.0,0,0.0,0.639668,False
strict_viability,628,0.05,0.92,0.95,0.0591,0.98701,1.0,0.99174,0.988354,True,0.0,0,0.0,0.637566,False
strict_viability,629,0.05,0.92,0.95,0.054312,0.98427,0.99325,0.999601,0.987027,True,0.0,0,0.0,0.634979,False
strict_viability,630,0.05,0.92,0.95,0.058811,0.996609,0.992332,1.0,0.993647,True,0.0,0,0.0,0.639595,False
strict_viability,631,0.05,0.92,0.95,0.061053,0.994332,0.994813,1.0,0.9942,True,0.0,0,0.0,0.64055,False
strict_viability,632,0.05,0.92,0.95,0.075466,0.995949,0.996603,0.994546,0.99497,True,0.0,0,0.0,0.645969,False
strict_viability,633,0.05,0.92,0.95,0.074594,0.99243,0.992054,1.0,0.991717,True,0.0,0,0.0,0.644559,False
strict_viability,634,0.05,0.92,0.95,0.063138,0.988485,0.992,1.0,0.989399,True,0.0,0,0.0,0.639208,False
strict_viability,635,0.05,0.92,0.95,0.068751,0.984986,0.9943,0.994744,0.987519,True,0.0,0,0.0,0.640163,False
strict_viability,636,0.05,0.92,0.95,0.06161,0.978339,1.0,0.999045,0.983967,True,0.0,0,0.0,0.637455,False
strict_viability,637,0.05,0.92,0.95,0.062124,0.983698,0.989432,1.0,0.985304,True,0.0,0,0.0,0.637007,False
strict_viability,638,0.05,0.92,0.95,0.067341,0.986503,0.98385,0.991012,0.984609,True,0.0,0,0.0,0.637148,False
strict_viability,639,0.05,0.92,0.95,0.07206,0.991078,0.976163,0.985415,0.978993,True,0.0,0,0.0,0.636923,False
strict_viability,640,0.05,0.92,0.95,0.0,0.983193,0.968398,0.980953,0.97198,True,0.0,0,0.0,0.605257,False
strict_viability,641,0.05,0.92,0.95,0.0,0.983039,0.975767,0.973756,0.974131,True,0.0,0,0.0,0.605807,False
strict_viability,642,0.05,0.92,0.95,0.008398,0.981076,0.973105,0.981582,0.975288,True,0.0,0,0.0,0.6094,False
strict_viability,643,0.05,0.92,0.95,0.017434,0.984259,0.971914,0.985053,0.975296,True,0.0,0,0.0,0.613679,False
strict_viability,644,0.05,0.92,0.95,0.025801,0.981476,0.973066,0.985165,0.975598,True,0.0,0,0.0,0.616617,False
strict_viability,645,0.05,0.92,0.95,0.0178,0.988174,0.976731,0.977741,0.976485,True,0.0,0,0.0,0.614509,False
strict_viability,646,0.05,0.92,0.95,0.035872,0.994566,0.986042,0.97897,0.981106,True,0.0,0,0.0,0.62493,False
strict_viability,647,0.05,0.92,0.95,0.021319,0.996271,0.98294,0.97416,0.97673,True,0.0,0,0.0,0.617949,False
strict_viability,648,0.05,0.92,0.95,0.026444,0.987675,0.980796,0.984051,0.981786,True,0.0,0,0.0,0.619955,False
strict_viability,649,0.05,0.92,0.95,0.033602,0.985163,0.984689,0.991149,0.984501,True,0.0,0,0.0,0.624243,False
strict_viability,650,0.05,0.92,0.95,0.041075,0.978732,0.991864,0.986318,0.981062,True,0.0,0,0.0,0.626128,False
strict_viability,651,0.05,0.92,0.95,0.043341,0.982327,0.994148,0.981695,0.981189,True,0.0,0,0.0,0.627415,False
strict_viability,652,0.05,0.92,0.95,0.05052,0.984011,1.0,0.982016,0.981834,True,0.0,0,0.0,0.631622,False
strict_viability,653,0.05,0.92,0.95,0.058449,0.982304,1.0,0.978711,0.979095,True,0.0,0,0.0,0.633536,False
strict_viability,654,0.05,0.92,0.95,0.051637,0.980849,1.0,0.972843,0.974879,True,0.0,0,0.0,0.629358,False
strict_viability,655,0.05,0.92,0.95,0.064732,0.978523,1.0,0.957221,0.963736,True,0.0,0,0.0,0.630392,False
strict_viability,656,0.05,0.92,0.95,0.062428,0.974304,1.0,0.956641,0.96185,True,0.0,0,0.0,0.628449,False
strict_viability,657,0.05,0.92,0.95,0.05961,0.96363,0.993208,0.963804,0.96173,True,0.0,0,0.0,0.625223,False
strict_viability,658,0.05,0.92,0.95,0.05368,0.962403,1.0,0.969581,0.963475,True,0.0,0,0.0,0.624989,False
strict_viability,659,0.05,0.92,0.95,0.064316,0.95917,1.0,0.962407,0.958107,True,0.0,0,0.0,0.626801,False
strict_viability,660,0.05,0.92,0.95,0.061267,0.954314,0.998697,0.965282,0.95672,True,0.0,0,0.0,0.624769,False
strict_viability,661,0.05,0.92,0.95,0.065898,0.952287,1.0,0.969053,0.956981,True,0.0,0,0.0,0.626958,False
strict_viability,662,0.05,0.92,0.95,0.062567,0.954733,1.0,0.98242,0.963213,True,0.0,0,0.0,0.628752,False
strict_viability,663,0.05,0.92,0.95,0.070575,0.974721,1.0,0.985894,0.97808,True,0.0,0,0.0,0.637663,False
strict_viability,664,0.05,0.92,0.95,0.062703,0.972872,0.996963,0.990234,0.978063,True,0.0,0,0.0,0.634398,False
strict_viability,665,0.05,0.92,0.95,0.064009,0.98027,1.0,0.989578,0.983099,True,0.0,0,0.0,0.637285,False
strict_viability,666,0.05,0.92,0.95,0.073291,0.985549,0.990362,0.988035,0.986311,True,0.0,0,0.0,0.640197,False
strict_viability,667,0.05,0.92,0.95,0.079722,0.991475,0.992376,0.991932,0.991615,True,0.0,0,0.0,0.645252,False
strict_viability,668,0.05,0.92,0.95,0.074531,0.990182,0.992736,0.991983,0.990723,True,0.0,0,0.0,0.643011,False
strict_viability,669,0.05,0.92,0.95,0.071551,0.990835,0.991281,0.990761,0.990764,True,0.0,0,0.0,0.641569,False
strict_viability,670,0.05,0.92,0.95,0.06312,0.981362,0.989473,0.995643,0.983855,True,0.0,0,0.0,0.636188,False
strict_viability,671,0.05,0.92,0.95,0.069577,0.973153,0.988418,0.997323,0.977814,True,0.0,0,0.0,0.636485,False
strict_viability,672,0.05,0.92,0.95,0.074091,0.968515,0.98918,0.999931,0.974794,True,0.0,0,0.0,0.637505,False
strict_viability,673,0.05,0.92,0.95,0.067845,0.967458,0.973306,0.996204,0.968445,True,0.0,0,0.0,0.630801,False
strict_viability,674,0.05,0.92,0.95,0.059889,0.969499,0.97383,0.982771,0.970669,True,0.0,0,0.0,0.626625,False
strict_viability,675,0.05,0.92,0.95,0.052662,0.973395,0.966981,0.983506,0.968846,True,0.0,0,0.0,0.623232,False
strict_viability,676,0.05,0.92,0.95,0.055287,0.975,0.966514,0.97482,0.968746,True,0.0,0,0.0,0.623206,False
strict_viability,677,0.05,0.92,0.95,0.050816,0.975756,0.963942,0.979382,0.967423,True,0.0,0,0.0,0.62166,False
strict_viability,678,0.05,0.92,0.95,0.043296,0.974868,0.966459,0.981995,0.969043,True,0.0,0,0.0,0.619656,False
strict_viability,679,0.05,0.92,0.95,0.038145,0.975236,0.970095,0.982434,0.97162,True,0.0,0,0.0,0.61879,False
strict_viability,680,0.05,0.92,0.95,0.02595,0.972968,0.964616,0.97264,0.966792,True,0.0,0,0.0,0.610811,False
strict_viability,681,0.05,0.92,0.95,0.017774,0.977342,0.969362,0.968098,0.968122,True,0.0,0,0.0,0.608869,False
strict_viability,682,0.05,0.92,0.95,0.003108,0.975105,0.972742,0.974075,0.973152,True,0.0,0,0.0,0.604942,False
strict_viability,683,0.05,0.92,0.95,0.011723,0.966813,0.966134,0.979167,0.965613,True,0.0,0,0.0,0.605342,False
strict_viability,684,0.05,0.92,0.95,0.008989,0.977908,0.970185,0.979596,0.972414,True,0.0,0,0.0,0.607906,False
strict_viability,685,0.05,0.92,0.95,0.0,0.979396,0.968997,0.973618,0.970388,True,0.0,0,0.0,0.603464,False
strict_viability,686,0.05,0.92,0.95,0.001121,0.985726,0.970815,0.981838,0.974092,True,0.0,0,0.0,0.606952,False
strict_viability,687,0.05,0.92,0.95,0.000398,0.992571,0.965884,0.99931,0.973653,True,0.0,0,0.0,0.609415,False
strict_viability,688,0.05,0.92,0.95,0.003645,0.995961,0.978245,1.0,0.983371,True,0.0,0,0.0,0.614747,False
strict_viability,689,0.05,0.92,0.95,0.015073,0.994046,0.979589,0.992324,0.983172,True,0.0,0,0.0,0.617888,False
strict_viability,690,0.05,0.92,0.95,0.010062,0.994838,0.978542,1.0,0.983353,True,0.0,0,0.0,0.617034,False
strict_viability,691,0.05,0.92,0.95,0.010634,0.995389,0.976992,1.0,0.982345,True,0.0,0,0.0,0.616951,False
strict_viability,692,0.05,0.92,0.95,0.007463,1.0,0.974503,0.999773,0.981254,True,0.0,0,0.0,0.615965,False
strict_viability,693,0.05,0.92,0.95,0.013297,1.0,0.979651,1.0,0.985063,True,0.0,0,0.0,0.619598,False
strict_viability,694,0.05,0.92,0.95,0.015387,0.994341,0.97894,1.0,0.983529,True,0.0,0,0.0,0.619061,False
strict_viability,695,0.05,0.92,0.95,0.004286,0.986633,0.971331,1.0,0.976032,True,0.0,0,0.0,0.611186,False
strict_viability,696,0.05,0.92,0.95,0.015386,0.975688,0.980781,1.0,0.976591,True,0.0,0,0.0,0.615202,False
strict_viability,697,0.05,0.92,0.95,0.01316,0.983044,0.984702,0.992145,0.983266,True,0.0,0,0.0,0.616087,False
strict_viability,698,0.05,0.92,0.95,0.0,0.982253,0.992022,0.992509,0.984912,True,0.0,0,0.0,0.61251,False
strict_viability,699,0.05,0.92,0.95,0.007315,0.988673,1.0,0.997996,0.991361,True,0.0,0,0.0,0.619423,False
strict_viability,700,0.05,0.92,0.95,0.013378,0.990631,1.0,0.996637,0.992462,True,0.0,0,0.0,0.622022,False
strict_viability,701,0.05,0.92,0.95,0.005936,0.98924,1.0,1.0,0.992102,True,0.0,0,0.0,0.619371,False
strict_viability,702,0.05,0.92,0.95,0.014163,0.996063,0.998611,1.0,0.996839,True,0.0,0,0.0,0.624044,False
strict_viability,703,0.05,0.92,0.95,0.02494,1.0,0.991513,1.0,0.99377,True,0.0,0,0.0,0.627202,False
strict_viability,704,0.05,0.92,0.95,0.023691,1.0,0.995062,0.99378,0.994001,True,0.0,0,0.0,0.626523,False
strict_viability,705,0.05,0.92,0.95,0.01274,0.996246,1.0,0.996121,0.995926,True,0.0,0,0.0,0.623134,False
strict_viability,706,0.05,0.92,0.95,0.016512,0.996007,1.0,1.0,0.997069,True,0.0,0,0.0,0.625204,False
strict_viability,707,0.05,0.92,0.95,0.017034,0.994262,0.990486,0.994477,0.991517,True,0.0,0,0.0,0.621937,False
strict_viability,708,0.05,0.92,0.95,0.020312,0.986505,0.981551,0.993982,0.983002,True,0.0,0,0.0,0.619086,False
strict_viability,709,0.05,0.92,0.95,0.019018,0.994781,0.984256,0.997003,0.987288,True,0.0,0,0.0,0.621509,False
strict_viability,710,0.05,0.92,0.95,0.026718,0.99294,0.989942,0.992215,0.990613,True,0.0,0,0.0,0.624855,False
strict_viability,711,0.05,0.92,0.95,0.029734,0.992243,0.992693,0.990867,0.991274,True,0.0,0,0.0,0.626262,False
strict_viability,712,0.05,0.92,0.95,0.042778,0.998786,0.988363,0.994572,0.990268,True,0.0,0,0.0,0.632015,False
strict_viability,713,0.05,0.92,0.95,0.033501,1.0,0.978513,1.0,0.984228,True,0.0,0,0.0,0.62697,False
strict_viability,714,0.05,0.92,0.95,0.032008,1.0,0.982692,0.995042,0.986392,True,0.0,0,0.0,0.626721,False
strict_viability,715,0.05,0.92,0.95,0.033115,0.992464,0.98223,1.0,0.985375,True,0.0,0,0.0,0.626274,False
strict_viability,716,0.05,0.92,0.95,0.039054,0.985564,0.985746,1.0,0.984689,True,0.0,0,0.0,0.627839,False
strict_viability,717,0.05,0.92,0.95,0.045534,0.988209,0.985771,0.99635,0.986265,True,0.0,0,0.0,0.63046,False
strict_viability,718,0.05,0.92,0.95,0.048451,0.989705,0.989574,0.988442,0.988758,True,0.0,0,0.0,0.631714,False
strict_viability,719,0.05,0.92,0.95,0.065087,0.990507,0.98954,0.990668,0.989815,True,0.0,0,0.0,0.638613,False
antifragile_escape,0,0.9,0.56,0.48,0.345411,1.0,0.995202,0.996718,0.995605,True,0.0,0,0.0,0.749406,False
antifragile_escape,1,0.9,0.56,0.48,0.359789,1.0,0.997985,0.994523,0.99558,True,0.0,0,0.0,0.75506,False
antifragile_escape,2,0.9,0.56,0.48,0.359969,0.996573,0.987375,1.0,0.990118,True,0.0,0,0.0,0.752713,False
antifragile_escape,3,0.9,0.56,0.48,0.382911,0.988303,0.996371,1.0,0.990736,True,0.0,0,0.0,0.761636,False
antifragile_escape,4,0.9,0.56,0.48,0.373329,0.997341,1.0,0.999767,0.998014,True,0.0,0,0.0,0.761115,False
antifragile_escape,5,0.9,0.56,0.48,0.370805,0.993916,0.997219,0.988655,0.990266,True,0.0,0,0.0,0.756554,False
antifragile_escape,6,0.9,0.56,0.48,0.383938,0.989828,0.999363,0.987284,0.987739,True,0.0,0,0.0,0.760699,False
antifragile_escape,7,0.9,0.56,0.48,0.382517,0.984726,1.0,0.98715,0.984929,True,0.0,0,0.0,0.759,False
antifragile_escape,8,0.9,0.56,0.48,0.386488,0.979469,1.0,0.991187,0.983071,True,0.0,0,0.0,0.759904,False
antifragile_escape,9,0.9,0.56,0.48,0.399613,0.975955,0.999236,0.990331,0.980354,True,0.0,0,0.0,0.763676,False
antifragile_escape,10,0.9,0.56,0.48,0.401104,0.984445,1.0,0.982444,0.982293,True,0.0,0,0.0,0.765037,False
antifragile_escape,11,0.9,0.56,0.48,0.418022,0.984207,0.996116,0.981144,0.981666,True,0.0,0,0.0,0.770467,False
antifragile_escape,12,0.9,0.56,0.48,0.433007,0.982159,1.0,0.981823,0.980777,True,0.0,0,0.0,0.77648,False
antifragile_escape,13,0.9,0.56,0.48,0.43866,0.987628,1.0,0.985919,0.98585,True,0.0,0,0.0,0.780795,False
antifragile_escape,14,0.9,0.56,0.48,0.440398,0.999363,0.994558,0.986221,0.988766,True,0.0,0,0.0,0.78298,False
antifragile_escape,15,0.9,0.56,0.48,0.447217,0.996799,0.996554,0.985478,0.988456,True,0.0,0,0.0,0.785328,False
antifragile_escape,16,0.9,0.56,0.48,0.450894,0.990258,0.986215,0.986584,0.986134,True,0.0,0,0.0,0.783563,False
antifragile_escape,17,0.9,0.56,0.48,0.458707,0.993852,0.974889,0.978681,0.97551,True,0.0,0,0.0,0.782759,False
antifragile_escape,18,0.9,0.56,0.48,0.45393,0.997637,0.97126,0.979577,0.973466,True,0.0,0,0.0,0.780851,False
antifragile_escape,19,0.9,0.56,0.48,0.462022,0.998504,0.969134,0.973676,0.969466,True,0.0,0,0.0,0.782394,False
antifragile_escape,20,0.9,0.56,0.48,0.45592,1.0,0.985497,0.982293,0.982715,True,0.0,0,0.0,0.786086,False
antifragile_escape,21,0.9,0.56,0.48,0.458835,0.988367,0.977848,0.990337,0.980857,True,0.0,0,0.0,0.784626,False
antifragile_escape,22,0.9,0.56,0.48,0.456841,0.987602,0.97191,0.983166,0.975278,True,0.0,0,0.0,0.780988,False
antifragile_escape,23,0.9,0.56,0.48,0.453309,0.983398,0.967773,0.98663,0.972268,True,0.0,0,0.0,0.778269,False
antifragile_escape,24,0.9,0.56,0.48,0.45548,0.987306,0.967553,0.985222,0.972495,True,0.0,0,0.0,0.779588,False
antifragile_escape,25,0.9,0.56,0.48,0.464426,0.986672,0.968672,0.980821,0.97235,True,0.0,0,0.0,0.782441,False
antifragile_escape,26,0.9,0.56,0.48,0.474179,0.989603,0.972018,0.982882,0.975343,True,0.0,0,0.0,0.787924,False
antifragile_escape,27,0.9,0.56,0.48,0.48335,0.995417,0.978034,0.982613,0.979102,True,0.0,0,0.0,0.793952,False
antifragile_escape,28,0.9,0.56,0.48,0.488778,0.999301,0.980157,0.984436,0.980991,True,0.0,0,0.0,0.797578,False
antifragile_escape,29,0.9,0.56,0.48,0.497989,1.0,0.978297,0.985167,0.980123,True,0.0,0,0.0,0.800867,False
antifragile_escape,30,0.9,0.56,0.48,0.497685,1.0,0.974685,0.982613,0.976779,True,0.0,0,0.0,0.799343,False
antifragile_escape,31,0.9,0.56,0.48,0.495224,0.98975,0.978972,0.999752,0.982278,True,0.0,0,0.0,0.800394,False
antifragile_escape,32,0.9,0.56,0.48,0.48549,0.995351,0.975022,1.0,0.980905,True,0.0,0,0.0,0.796862,False
antifragile_escape,33,0.9,0.56,0.48,0.484035,0.994374,0.980059,0.998635,0.984269,True,0.0,0,0.0,0.797252,False
antifragile_escape,34,0.9,0.56,0.48,0.486045,0.986853,0.982832,0.987942,0.984007,True,0.0,0,0.0,0.795633,False
antifragile_escape,35,0.9,0.56,0.48,0.49572,0.988929,0.98671,0.987788,0.987039,True,0.0,0,0.0,0.800723,False
antifragile_escape,36,0.9,0.56,0.48,0.506717,0.991823,0.992536,0.99253,0.992012,True,0.0,0,0.0,0.807733,False
antifragile_escape,37,0.9,0.56,0.48,0.499566,0.994505,0.995959,0.999219,0.994886,True,0.0,0,0.0,0.807396,False
antifragile_escape,38,0.9,0.56,0.48,0.495915,0.997372,0.995611,0.98792,0.990146,True,0.0,0,0.0,0.804311,False
antifragile_escape,39,0.9,0.56,0.48,0.484695,0.991752,1.0,0.999106,0.993812,True,0.0,0,0.0,0.801832,False
antifragile_escape,40,0.9,0.56,0.48,0.48566,0.99217,1.0,0.996166,0.993395,True,0.0,0,0.0,0.801812,False
antifragile_escape,41,0.9,0.56,0.48,0.50165,0.990074,1.0,0.987378,0.987871,True,0.0,0,0.0,0.805618,False
antifragile_escape,42,0.9,0.56,0.48,0.510211,0.980311,0.993667,0.992661,0.983718,True,0.0,0,0.0,0.806215,False
antifragile_escape,43,0.9,0.56,0.48,0.511258,0.976205,0.992468,0.994612,0.980776,True,0.0,0,0.0,0.805578,False
antifragile_escape,44,0.9,0.56,0.48,0.493857,0.971681,0.99357,0.994124,0.977574,True,0.0,0,0.0,0.797897,False
antifragile_escape,45,0.9,0.56,0.48,0.499597,0.970407,0.990535,0.992766,0.976022,True,0.0,0,0.0,0.798926,False
antifragile_escape,46,0.9,0.56,0.48,0.499806,0.966594,0.990343,0.994008,0.97332,True,0.0,0,0.0,0.798135,False
antifragile_escape,47,0.9,0.56,0.48,0.501004,0.973002,0.997925,0.993743,0.97896,True,0.0,0,0.0,0.801747,False
antifragile_escape,48,0.9,0.56,0.48,0.501971,0.971996,1.0,0.995252,0.978682,True,0.0,0,0.0,0.802485,False
antifragile_escape,49,0.9,0.56,0.48,0.496569,0.96674,1.0,0.994278,0.974665,True,0.0,0,0.0,0.798868,False
antifragile_escape,50,0.9,0.56,0.48,0.511618,0.969083,1.0,0.993562,0.976227,True,0.0,0,0.0,0.805096,False
antifragile_escape,51,0.9,0.56,0.48,0.513862,0.961393,0.999472,0.995464,0.970921,True,0.0,0,0.0,0.804099,False
antifragile_escape,52,0.9,0.56,0.48,0.51815,0.948144,0.998919,1.0,0.961789,True,0.0,0,0.0,0.802783,False
antifragile_escape,53,0.9,0.56,0.48,0.515262,0.952707,0.994488,0.991877,0.963447,True,0.0,0,0.0,0.800771,False
antifragile_escape,54,0.9,0.56,0.48,0.519595,0.942401,0.987701,0.992098,0.954973,True,0.0,0,0.0,0.798355,False
antifragile_escape,55,0.9,0.56,0.48,0.526353,0.936242,0.992227,0.985151,0.950049,True,0.0,0,0.0,0.799066,False
antifragile_escape,56,0.9,0.56,0.48,0.516227,0.930936,0.994883,0.995427,0.948016,True,0.0,0,0.0,0.795936,False
antifragile_escape,57,0.9,0.56,0.48,0.52433,0.932395,0.988825,0.992576,0.947867,True,0.0,0,0.0,0.79777,False
antifragile_escape,58,0.9,0.56,0.48,0.5177,0.936131,0.982305,0.994639,0.94962,True,0.0,0,0.0,0.795248,False
antifragile_escape,59,0.9,0.56,0.48,0.523671,0.934451,0.991092,0.996686,0.950181,True,0.0,0,0.0,0.79915,False
antifragile_escape,60,0.9,0.56,0.48,0.521226,0.936072,0.98538,0.994269,0.950149,True,0.0,0,0.0,0.797143,False
antifragile_escape,61,0.9,0.56,0.48,0.519019,0.930032,0.977185,0.980343,0.942963,True,0.0,0,0.0,0.79093,False
antifragile_escape,62,0.9,0.56,0.48,0.527639,0.921813,0.969424,0.991474,0.936194,True,0.0,0,0.0,0.792075,False
antifragile_escape,63,0.9,0.56,0.48,0.533808,0.927199,0.973998,0.982507,0.940566,True,0.0,0,0.0,0.795481,False
antifragile_escape,64,0.9,0.56,0.48,0.524462,0.943304,0.964939,0.976563,0.949887,True,0.0,0,0.0,0.793484,False
antifragile_escape,65,0.9,0.56,0.48,0.516088,0.952531,0.98016,0.974168,0.958866,True,0.0,0,0.0,0.795445,False
antifragile_escape,66,0.9,0.56,0.48,0.501793,0.951996,0.978651,0.970766,0.957635,True,0.0,0,0.0,0.789021,False
antifragile_escape,67,0.9,0.56,0.48,0.508554,0.954876,0.977173,0.96473,0.957838,True,0.0,0,0.0,0.791022,False
antifragile_escape,68,0.9,0.56,0.48,0.512255,0.96109,0.982361,0.95689,0.957303,True,0.0,0,0.0,0.793319,False
antifragile_escape,69,0.9,0.56,0.48,0.50981,0.955515,0.987238,0.959843,0.955593,True,0.0,0,0.0,0.792473,False
antifragile_escape,70,0.9,0.56,0.48,0.516582,0.957639,0.994686,0.963449,0.958096,True,0.0,0,0.0,0.797574,False
antifragile_escape,71,0.9,0.56,0.48,0.532026,0.95916,0.992965,0.959138,0.956871,True,0.0,0,0.0,0.802656,False
antifragile_escape,72,0.9,0.56,0.48,0.545522,0.959657,1.0,0.948119,0.950353,True,0.0,0,0.0,0.806816,False
antifragile_escape,73,0.9,0.56,0.48,0.548801,0.956086,1.0,0.948739,0.949037,True,0.0,0,0.0,0.807348,False
antifragile_escape,74,0.9,0.56,0.48,0.552609,0.94493,0.995441,0.955643,0.946867,True,0.0,0,0.0,0.806672,False
antifragile_escape,75,0.9,0.56,0.48,0.549578,0.953866,1.0,0.959614,0.953712,True,0.0,0,0.0,0.809327,False
antifragile_escape,76,0.9,0.56,0.48,0.551262,0.949946,0.994031,0.954139,0.949151,True,0.0,0,0.0,0.806873,False
antifragile_escape,77,0.9,0.56,0.48,0.546585,0.941545,0.995465,0.956446,0.94516,True,0.0,0,0.0,0.803685,False
antifragile_escape,78,0.9,0.56,0.48,0.544838,0.944467,0.99743,0.955776,0.946533,True,0.0,0,0.0,0.803972,False
antifragile_escape,79,0.9,0.56,0.48,0.55464,0.94752,0.995946,0.954498,0.94782,True,0.0,0,0.0,0.807955,False
antifragile_escape,80,0.9,0.56,0.48,0.551792,0.944816,0.989282,0.958029,0.948195,True,0.0,0,0.0,0.805726,False
antifragile_escape,81,0.9,0.56,0.48,0.548128,0.947599,0.983287,0.957022,0.9498,True,0.0,0,0.0,0.803807,False
antifragile_escape,82,0.9,0.56,0.48,0.556543,0.944553,0.989685,0.95639,0.947302,True,0.0,0,0.0,0.80722,False
antifragile_escape,83,0.9,0.56,0.48,0.550117,0.947159,0.995258,0.958885,0.949695,True,0.0,0,0.0,0.806887,False
antifragile_escape,84,0.9,0.56,0.48,0.565155,0.94635,0.993443,0.962509,0.950826,True,0.0,0,0.0,0.812772,False
antifragile_escape,85,0.9,0.56,0.48,0.578085,0.949571,0.995111,0.967366,0.954754,True,0.0,0,0.0,0.819717,False
antifragile_escape,86,0.9,0.56,0.48,0.583053,0.949881,1.0,0.973811,0.957166,True,0.0,0,0.0,0.823732,False
antifragile_escape,87,0.9,0.56,0.48,0.586694,0.952035,1.0,0.966184,0.955636,True,0.0,0,0.0,0.824252,False
antifragile_escape,88,0.9,0.56,0.48,0.583195,0.947187,0.996137,0.970655,0.954336,True,0.0,0,0.0,0.821825,False
antifragile_escape,89,0.9,0.56,0.48,0.588366,0.940876,0.993443,0.974754,0.951198,True,0.0,0,0.0,0.822366,False
antifragile_escape,90,0.9,0.56,0.48,0.58617,0.943005,1.0,0.975143,0.952885,True,0.0,0,0.0,0.823352,False
antifragile_escape,91,0.9,0.56,0.48,0.58838,0.944675,0.999093,0.975442,0.954133,True,0.0,0,0.0,0.82452,False
antifragile_escape,92,0.9,0.56,0.48,0.584279,0.944864,0.998119,0.972527,0.953352,True,0.0,0,0.0,0.822319,False
antifragile_escape,93,0.9,0.56,0.48,0.588367,0.951281,0.997561,0.97546,0.958702,True,0.0,0,0.0,0.825979,False
antifragile_escape,94,0.9,0.56,0.48,0.596543,0.95449,1.0,0.980221,0.9624,True,0.0,0,0.0,0.831214,False
antifragile_escape,95,0.9,0.56,0.48,0.599356,0.956852,1.0,0.976697,0.962861,True,0.0,0,0.0,0.832269,False
antifragile_escape,96,0.9,0.56,0.48,0.604408,0.960189,0.995055,0.976705,0.965212,True,0.0,0,0.0,0.834183,False
antifragile_escape,97,0.9,0.56,0.48,0.590285,0.959652,0.994208,0.9762,0.964692,True,0.0,0,0.0,0.828434,False
antifragile_escape,98,0.9,0.56,0.48,0.584159,0.955495,0.978649,0.973781,0.960836,True,0.0,0,0.0,0.821756,False
antifragile_escape,99,0.9,0.56,0.48,0.583679,0.963013,0.984231,0.974762,0.966625,True,0.0,0,0.0,0.824764,False
antifragile_escape,100,0.9,0.56,0.48,0.595489,0.96362,0.97963,0.964959,0.963238,True,0.0,0,0.0,0.826754,False
antifragile_escape,101,0.9,0.56,0.48,0.605126,0.977992,0.980399,0.961053,0.965831,True,0.0,0,0.0,0.832905,False
antifragile_escape,102,0.9,0.56,0.48,0.613141,0.967836,0.984086,0.966723,0.966136,True,0.0,0,0.0,0.835617,False
antifragile_escape,103,0.9,0.56,0.48,0.614984,0.971856,0.985423,0.962707,0.965396,True,0.0,0,0.0,0.836631,False
antifragile_escape,104,0.9,0.56,0.48,0.615771,0.977062,0.971197,0.971096,0.970748,True,0.0,0,0.0,0.837123,False
antifragile_escape,105,0.9,0.56,0.48,0.619609,0.980864,0.975113,0.967806,0.970052,True,0.0,0,0.0,0.839427,False
antifragile_escape,106,0.9,0.56,0.48,0.61674,0.977587,0.982362,0.974285,0.97526,True,0.0,0,0.0,0.840583,False
antifragile_escape,107,0.9,0.56,0.48,0.614472,0.974152,0.987104,0.968789,0.970147,True,0.0,0,0.0,0.838574,False
antifragile_escape,108,0.9,0.56,0.48,0.624047,0.97413,0.993417,0.967575,0.969051,True,0.0,0,0.0,0.843043,False
antifragile_escape,109,0.9,0.56,0.48,0.619829,0.98074,0.988947,0.970309,0.973516,True,0.0,0,0.0,0.842744,False
antifragile_escape,110,0.9,0.56,0.48,0.615006,0.977463,0.997461,0.972101,0.973066,True,0.0,0,0.0,0.842051,False
antifragile_escape,111,0.9,0.56,0.48,0.621049,0.977028,1.0,0.974359,0.974012,True,0.0,0,0.0,0.845155,False
antifragile_escape,112,0.9,0.56,0.48,0.636009,0.966432,1.0,0.986828,0.972682,True,0.0,0,0.0,0.850519,False
antifragile_escape,113,0.9,0.56,0.48,0.625743,0.964714,1.0,0.989342,0.972125,True,0.0,0,0.0,0.846594,False
antifragile_escape,114,0.9,0.56,0.48,0.623861,0.962047,1.0,0.997581,0.971796,True,0.0,0,0.0,0.846512,False
antifragile_escape,115,0.9,0.56,0.48,0.631109,0.954801,0.992032,1.0,0.965534,True,0.0,0,0.0,0.846116,False
antifragile_escape,116,0.9,0.56,0.48,0.632904,0.957512,0.985363,0.993854,0.965716,True,0.0,0,0.0,0.845247,False
antifragile_escape,117,0.9,0.56,0.48,0.640534,0.964714,0.989292,0.994417,0.971788,True,0.0,0,0.0,0.850957,False
antifragile_escape,118,0.9,0.56,0.48,0.637072,0.960929,0.983077,0.991461,0.967541,True,0.0,0,0.0,0.846918,False
antifragile_escape,119,0.9,0.56,0.48,0.643365,0.949095,0.978694,0.998855,0.958178,True,0.0,0,0.0,0.846302,False
antifragile_escape,120,0.9,0.56,0.48,0.635629,0.964228,0.978938,1.0,0.968577,True,0.0,0,0.0,0.847538,False
antifragile_escape,121,0.9,0.56,0.48,0.636288,0.960563,0.992081,1.0,0.969736,True,0.0,0,0.0,0.849634,False
antifragile_escape,122,0.9,0.56,0.48,0.644498,0.955316,0.999901,0.994941,0.966428,True,0.0,0,0.0,0.852112,False
antifragile_escape,123,0.9,0.56,0.48,0.634983,0.943947,1.0,0.990186,0.957269,True,0.0,0,0.0,0.844702,False
antifragile_escape,124,0.9,0.56,0.48,0.642908,0.957766,1.0,0.988834,0.967012,True,0.0,0,0.0,0.851181,False
antifragile_escape,125,0.9,0.56,0.48,0.65361,0.965327,0.997939,0.989258,0.972453,True,0.0,0,0.0,0.85695,False
antifragile_escape,126,0.9,0.56,0.48,0.661641,0.965208,0.997259,0.997748,0.973796,True,0.0,0,0.0,0.861208,False
antifragile_escape,127,0.9,0.56,0.48,0.66906,0.976204,0.994994,1.0,0.981693,True,0.0,0,0.0,0.866862,False
antifragile_escape,128,0.9,0.56,0.48,0.698828,0.969516,0.990956,1.0,0.975958,True,0.0,0,0.0,0.875555,False
antifragile_escape,129,0.9,0.56,0.48,0.718029,0.966103,0.996563,1.0,0.974607,True,0.0,0,0.0,0.883084,False
antifragile_escape,130,0.9,0.56,0.48,0.713941,0.975214,1.0,1.0,0.981806,True,0.0,0,0.0,0.884653,False
antifragile_escape,131,0.9,0.56,0.48,0.71935,0.975227,1.0,1.0,0.981816,True,0.0,0,0.0,0.886712,False
antifragile_escape,132,0.9,0.56,0.48,0.713981,0.970622,0.993708,0.995488,0.976979,True,0.0,0,0.0,0.881498,False
antifragile_escape,133,0.9,0.56,0.48,0.717365,0.97249,0.996837,0.991812,0.978125,True,0.0,0,0.0,0.883306,False
antifragile_escape,134,0.9,0.56,0.48,0.718823,0.970428,0.999793,0.980954,0.9734,True,0.0,0,0.0,0.881934,False
antifragile_escape,135,0.9,0.56,0.48,0.730272,0.960583,1.0,0.990394,0.969395,True,0.0,0,0.0,0.885391,False
antifragile_escape,136,0.9,0.56,0.48,0.736207,0.968071,0.997199,0.995789,0.97562,True,0.0,0,0.0,0.889992,False
antifragile_escape,137,0.9,0.56,0.48,0.735986,0.9639,0.99931,1.0,0.973408,True,0.0,0,0.0,0.889861,False
antifragile_escape,138,0.9,0.56,0.48,0.729416,0.958112,1.0,1.0,0.969253,True,0.0,0,0.0,0.885948,False
antifragile_escape,139,0.9,0.56,0.48,0.729921,0.96353,0.998563,0.99773,0.972734,True,0.0,0,0.0,0.886957,False
antifragile_escape,140,0.9,0.56,0.48,0.744788,0.949009,1.0,0.994992,0.961828,True,0.0,0,0.0,0.888559,False
antifragile_escape,141,0.9,0.56,0.48,0.761927,0.945724,0.99592,0.994308,0.958852,True,0.0,0,0.0,0.893293,False
antifragile_escape,142,0.9,0.56,0.48,0.761992,0.937345,0.990805,1.0,0.952569,True,0.0,0,0.0,0.890932,False
antifragile_escape,143,0.9,0.56,0.48,0.769201,0.937004,0.987029,1.0,0.951591,True,0.0,0,0.0,0.892813,False
antifragile_escape,144,0.9,0.56,0.48,0.769254,0.944816,0.982949,0.996432,0.956152,True,0.0,0,0.0,0.893553,False
antifragile_escape,145,0.9,0.56,0.48,0.772856,0.947455,0.995833,0.998519,0.960658,True,0.0,0,0.0,0.898549,False
antifragile_escape,146,0.9,0.56,0.48,0.779066,0.948712,0.996175,1.0,0.9618,True,0.0,0,0.0,0.901541,False
antifragile_escape,147,0.9,0.56,0.48,0.782245,0.953396,0.992998,0.994314,0.964097,True,0.0,0,0.0,0.9025,False
antifragile_escape,148,0.9,0.56,0.48,0.780118,0.95491,0.984161,0.995124,0.963637,True,0.0,0,0.0,0.900432,False
antifragile_escape,149,0.9,0.56,0.48,0.780179,0.962064,0.987304,0.99863,0.969675,True,0.0,0,0.0,0.903523,False
antifragile_escape,150,0.9,0.56,0.48,0.798474,0.955656,0.996724,1.0,0.966977,True,0.0,0,0.0,0.910886,False
antifragile_escape,151,0.9,0.56,0.48,0.795234,0.957435,0.993962,1.0,0.967815,True,0.0,0,0.0,0.909578,False
antifragile_escape,152,0.9,0.56,0.48,0.782525,0.965,0.993594,0.997091,0.97301,True,0.0,0,0.0,0.90626,False
antifragile_escape,153,0.9,0.56,0.48,0.788993,0.960323,0.980189,0.999591,0.966408,True,0.0,0,0.0,0.905021,False
antifragile_escape,154,0.9,0.56,0.48,0.790996,0.954214,0.981111,0.990812,0.96222,True,0.0,0,0.0,0.903117,False
antifragile_escape,155,0.9,0.56,0.48,0.78859,0.960175,0.979305,0.988305,0.965958,True,0.0,0,0.0,0.903048,False
antifragile_escape,156,0.9,0.56,0.48,0.79501,0.962989,0.977493,0.984956,0.967394,True,0.0,0,0.0,0.905371,False
antifragile_escape,157,0.9,0.56,0.48,0.80636,0.966405,0.976859,0.984427,0.969616,True,0.0,0,0.0,0.910378,False
antifragile_escape,158,0.9,0.56,0.48,0.797522,0.963524,0.970494,0.995361,0.964845,True,0.0,0,0.0,0.906314,False
antifragile_escape,159,0.9,0.56,0.48,0.7835,0.955156,0.970279,0.992618,0.959604,True,0.0,0,0.0,0.898427,False
antifragile_escape,160,0.9,0.56,0.48,0.802659,0.95791,0.97371,0.98861,0.962755,True,0.0,0,0.0,0.906638,False
antifragile_escape,161,0.9,0.56,0.48,0.803215,0.957035,0.977891,0.97906,0.962728,True,0.0,0,0.0,0.906104,False
antifragile_escape,162,0.9,0.56,0.48,0.808274,0.965563,0.971872,0.973931,0.967429,True,0.0,0,0.0,0.908324,False
antifragile_escape,163,0.9,0.56,0.48,0.813877,0.966634,0.969637,0.968358,0.967164,True,0.0,0,0.0,0.909432,False
antifragile_escape,164,0.9,0.56,0.48,0.817089,0.964494,0.966119,0.97826,0.964403,True,0.0,0,0.0,0.910689,False
antifragile_escape,165,0.9,0.56,0.48,0.830849,0.961991,0.968251,0.978354,0.963802,True,0.0,0,0.0,0.915792,False
antifragile_escape,166,0.9,0.56,0.48,0.845876,0.961925,0.973352,0.974266,0.965075,True,0.0,0,0.0,0.921989,False
antifragile_escape,167,0.9,0.56,0.48,0.842541,0.970087,0.975743,0.976972,0.971719,True,0.0,0,0.0,0.923797,False
antifragile_escape,168,0.9,0.56,0.48,0.855392,0.975265,0.967688,0.97325,0.969344,True,0.0,0,0.0,0.927357,False
antifragile_escape,169,0.9,0.56,0.48,0.864812,0.976774,0.959978,0.972641,0.963724,True,0.0,0,0.0,0.929061,False
antifragile_escape,170,0.9,0.56,0.48,0.867987,0.967297,0.963936,0.975445,0.964785,True,0.0,0,0.0,0.929793,False
antifragile_escape,171,0.9,0.56,0.48,0.87837,0.965401,0.969551,0.967541,0.966057,True,0.0,0,0.0,0.933454,False
antifragile_escape,172,0.9,0.56,0.48,0.884635,0.953129,0.969925,0.962055,0.955871,True,0.0,0,0.0,0.931703,False
antifragile_escape,173,0.9,0.56,0.48,0.879613,0.956593,0.97063,0.971201,0.960399,True,0.0,0,0.0,0.932369,False
antifragile_escape,174,0.9,0.56,0.48,0.877064,0.955963,0.96314,0.974203,0.958058,True,0.0,0,0.0,0.930078,False
antifragile_escape,175,0.9,0.56,0.48,0.900417,0.953095,0.962256,0.971254,0.9559,True,0.0,0,0.0,0.937605,False
antifragile_escape,176,0.9,0.56,0.48,0.907071,0.953694,0.969514,0.968115,0.957696,True,0.0,0,0.0,0.941324,False
antifragile_escape,177,0.9,0.56,0.48,0.914979,0.954529,0.968222,0.9833,0.958696,True,0.0,0,0.0,0.946493,False
antifragile_escape,178,0.9,0.56,0.48,0.920962,0.950919,0.979558,0.988948,0.959394,True,0.0,0,0.0,0.951032,False
antifragile_escape,179,0.9,0.56,0.48,0.928663,0.953428,0.976859,0.993714,0.960625,True,0.0,0,0.0,0.954739,False
antifragile_escape,180,0.9,0.56,0.48,0.933989,0.954089,0.979899,0.995214,0.961976,True,0.0,0,0.0,0.9578,False
antifragile_escape,181,0.9,0.56,0.48,0.932461,0.965151,0.97399,0.997873,0.967257,True,0.0,0,0.0,0.959154,False
antifragile_escape,182,0.9,0.56,0.48,0.950137,0.960413,0.970089,0.992096,0.962931,True,0.0,0,0.0,0.962988,False
antifragile_escape,183,0.9,0.56,0.48,0.942753,0.958318,0.957761,0.993693,0.955636,True,0.0,0,0.0,0.956934,False
antifragile_escape,184,0.9,0.56,0.48,0.934448,0.965649,0.950743,0.998599,0.954668,True,0.0,0,0.0,0.954405,False
antifragile_escape,185,0.9,0.56,0.48,0.950861,0.970819,0.94566,0.993124,0.953387,True,0.0,0,0.0,0.959737,False
antifragile_escape,186,0.9,0.56,0.48,0.952362,0.970375,0.954358,0.988766,0.959217,True,0.0,0,0.0,0.961883,False
antifragile_escape,187,0.9,0.56,0.48,0.963599,0.975811,0.954295,0.987253,0.96084,True,0.0,0,0.0,0.967103,False
antifragile_escape,188,0.9,0.56,0.48,0.958749,0.978195,0.954364,0.987952,0.961512,True,0.0,0,0.0,0.96588,False
antifragile_escape,189,0.9,0.56,0.48,0.95285,0.977205,0.95639,0.983964,0.962546,True,0.0,0,0.0,0.963391,False
antifragile_escape,190,0.9,0.56,0.48,0.963719,0.979393,0.968011,0.975285,0.970229,True,0.0,0,0.0,0.969713,False
antifragile_escape,191,0.9,0.56,0.48,0.970249,0.974309,0.970442,0.969129,0.969425,True,0.0,0,0.0,0.970759,False
antifragile_escape,192,0.9,0.56,0.48,0.982312,0.976447,0.959904,0.963934,0.960775,True,0.0,0,0.0,0.972066,False
antifragile_escape,193,0.9,0.56,0.48,0.986082,0.960744,0.968147,0.965461,0.962183,True,0.0,0,0.0,0.972538,False
antifragile_escape,194,0.9,0.56,0.48,0.997641,0.957449,0.964641,0.968288,0.959631,True,0.0,0,0.0,0.975796,False
antifragile_escape,195,0.9,0.56,0.48,1.0,0.960441,0.968108,0.973658,0.962796,True,0.0,0,0.0,0.978987,False
antifragile_escape,196,0.9,0.56,0.48,1.0,0.956812,0.970644,0.97281,0.960732,True,0.0,0,0.0,0.978423,False
antifragile_escape,197,0.9,0.56,0.48,1.0,0.93922,0.972293,0.977196,0.948567,True,0.0,0,0.0,0.974708,False
antifragile_escape,198,0.9,0.56,0.48,0.996414,0.943087,0.97222,0.987496,0.951943,True,0.0,0,0.0,0.975875,False
antifragile_escape,199,0.9,0.56,0.48,0.989258,0.946071,0.975391,0.994008,0.955051,True,0.0,0,0.0,0.975548,False
antifragile_escape,200,0.9,0.56,0.48,0.985674,0.932498,0.973011,0.998691,0.944905,True,0.0,0,0.0,0.970753,False
antifragile_escape,201,0.9,0.56,0.48,0.995683,0.934713,0.981268,0.996945,0.948512,True,0.0,0,0.0,0.97663,False
antifragile_escape,202,0.9,0.56,0.48,1.0,0.945002,0.971395,0.994254,0.953112,True,0.0,0,0.0,0.978521,False
antifragile_escape,203,0.9,0.56,0.48,1.0,0.947521,0.9702,0.99891,0.954337,True,0.0,0,0.0,0.979557,False
antifragile_escape,204,0.9,0.56,0.48,1.0,0.950531,0.977867,1.0,0.958935,True,0.0,0,0.0,0.982184,False
antifragile_escape,205,0.9,0.56,0.48,1.0,0.951176,0.981645,0.999306,0.960478,True,0.0,0,0.0,0.983068,False
antifragile_escape,206,0.9,0.56,0.48,0.995137,0.959916,0.975164,0.996727,0.964432,True,0.0,0,0.0,0.98174,False
antifragile_escape,207,0.9,0.56,0.48,1.0,0.958165,0.971654,0.993486,0.962065,True,0.0,0,0.0,0.981903,False
antifragile_escape,208,0.9,0.56,0.48,0.981101,0.952969,0.988598,0.997159,0.96331,True,0.0,0,0.0,0.9775,False
antifragile_escape,209,0.9,0.56,0.48,0.984366,0.954295,0.993898,1.0,0.965509,True,0.0,0,0.0,0.980595,False
antifragile_escape,210,0.9,0.56,0.48,0.983648,0.959914,0.989828,0.9938,0.968324,True,0.0,0,0.0,0.98007,False
antifragile_escape,211,0.9,0.56,0.48,0.974727,0.955321,0.982961,0.995801,0.963671,True,0.0,0,0.0,0.974339,False
antifragile_escape,212,0.9,0.56,0.48,0.953177,0.949933,0.980464,0.992251,0.959058,True,0.0,0,0.0,0.963681,False
antifragile_escape,213,0.9,0.56,0.48,0.951869,0.9562,0.980733,0.992149,0.963612,True,0.0,0,0.0,0.964892,False
antifragile_escape,214,0.9,0.56,0.48,0.954999,0.952468,0.98213,0.990885,0.961187,True,0.0,0,0.0,0.965193,False
antifragile_escape,215,0.9,0.56,0.48,0.966534,0.95596,0.979792,0.991937,0.963194,True,0.0,0,0.0,0.970173,False
antifragile_escape,216,0.9,0.56,0.48,0.963193,0.957246,0.976462,0.986425,0.963084,True,0.0,0,0.0,0.967751,False
antifragile_escape,217,0.9,0.56,0.48,0.963924,0.961486,0.972756,1.0,0.964338,True,0.0,0,0.0,0.970175,False
antifragile_escape,218,0.9,0.56,0.48,0.977959,0.967013,0.984407,0.995278,0.972337,True,0.0,0,0.0,0.978899,False
antifragile_escape,219,0.9,0.56,0.48,0.98074,0.964982,0.988062,0.99628,0.971847,True,0.0,0,0.0,0.98033,False
antifragile_escape,220,0.9,0.56,0.48,0.994907,0.967961,0.993089,0.990715,0.974293,True,0.0,0,0.0,0.986669,False
antifragile_escape,221,0.9,0.56,0.48,1.0,0.969194,0.989485,0.987169,0.974241,True,0.0,0,0.0,0.987675,False
antifragile_escape,222,0.9,0.56,0.48,0.997928,0.962099,0.980689,0.98625,0.967568,True,0.0,0,0.0,0.983098,False
antifragile_escape,223,0.9,0.56,0.48,1.0,0.964601,0.982659,0.982061,0.969321,True,0.0,0,0.0,0.984314,False
antifragile_escape,224,0.9,0.56,0.48,1.0,0.969592,0.982436,0.988887,0.973488,True,0.0,0,0.0,0.986628,False
antifragile_escape,225,0.9,0.56,0.48,1.0,0.967249,0.971905,0.990715,0.968,True,0.0,0,0.0,0.983908,False
antifragile_escape,226,0.9,0.56,0.48,1.0,0.970424,0.970364,0.986057,0.969338,True,0.0,0,0.0,0.98371,False
antifragile_escape,227,0.9,0.56,0.48,1.0,0.967638,0.977601,0.981033,0.970595,True,0.0,0,0.0,0.983959,False
antifragile_escape,228,0.9,0.56,0.48,1.0,0.973484,0.975892,0.983129,0.974018,True,0.0,0,0.0,0.985408,False
antifragile_escape,229,0.9,0.56,0.48,0.981635,0.968565,0.976059,0.98132,0.970866,True,0.0,0,0.0,0.976942,False
antifragile_escape,230,0.9,0.56,0.48,0.994271,0.967251,0.970183,0.983635,0.967626,True,0.0,0,0.0,0.980385,False
antifragile_escape,231,0.9,0.56,0.48,0.996622,0.966143,0.984218,0.970512,0.967079,True,0.0,0,0.0,0.981703,False
antifragile_escape,232,0.9,0.56,0.48,1.0,0.962119,0.989927,0.975969,0.966356,True,0.0,0,0.0,0.983967,False
antifragile_escape,233,0.9,0.56,0.48,1.0,0.96219,0.989495,0.97597,0.96641,True,0.0,0,0.0,0.983908,False
antifragile_escape,234,0.9,0.56,0.48,1.0,0.967451,0.98232,0.970137,0.967803,True,0.0,0,0.0,0.982914,False
antifragile_escape,235,0.9,0.56,0.48,1.0,0.96959,0.985698,0.962145,0.964123,True,0.0,0,0.0,0.982347,False
antifragile_escape,236,0.9,0.56,0.48,0.998729,0.971196,0.991104,0.956965,0.961187,True,0.0,0,0.0,0.982049,False
antifragile_escape,237,0.9,0.56,0.48,1.0,0.988905,0.993085,0.967447,0.973599,True,0.0,0,0.0,0.989033,False
antifragile_escape,238,0.9,0.56,0.48,1.0,0.983187,0.999579,0.959096,0.966489,True,0.0,0,0.0,0.98715,False
antifragile_escape,239,0.9,0.56,0.48,1.0,0.967616,0.997545,0.963822,0.963507,True,0.0,0,0.0,0.984285,False
antifragile_escape,240,0.9,0.56,0.48,1.0,0.96315,0.989757,0.964102,0.961861,True,0.0,0,0.0,0.981921,False
antifragile_escape,241,0.9,0.56,0.48,1.0,0.971236,0.984856,0.966685,0.967697,True,0.0,0,0.0,0.983556,False
antifragile_escape,242,0.9,0.56,0.48,0.991146,0.963886,0.985225,0.979225,0.968474,True,0.0,0,0.0,0.980784,False
antifragile_escape,243,0.9,0.56,0.48,0.980941,0.945931,0.989913,0.979055,0.955732,True,0.0,0,0.0,0.972965,False
antifragile_escape,244,0.9,0.56,0.48,0.977495,0.949092,0.995187,0.976781,0.957583,True,0.0,0,0.0,0.973078,False
antifragile_escape,245,0.9,0.56,0.48,0.981298,0.953346,0.995196,0.98308,0.962262,True,0.0,0,0.0,0.976733,False
antifragile_escape,246,0.9,0.56,0.48,0.97427,0.966122,0.991662,0.980001,0.970388,True,0.0,0,0.0,0.97627,False
antifragile_escape,247,0.9,0.56,0.48,0.978408,0.964466,0.991721,0.980154,0.969286,True,0.0,0,0.0,0.977445,False
antifragile_escape,248,0.9,0.56,0.48,0.963148,0.976447,0.990999,0.984027,0.978773,True,0.0,0,0.0,0.975353,False
antifragile_escape,249,0.9,0.56,0.48,0.96298,0.972875,0.999994,0.980825,0.97489,True,0.0,0,0.0,0.975351,False
antifragile_escape,250,0.9,0.56,0.48,0.961377,0.970691,0.998521,0.988904,0.976229,True,0.0,0,0.0,0.975375,False
antifragile_escape,251,0.9,0.56,0.48,0.954451,0.959582,0.992025,0.984252,0.966863,True,0.0,0,0.0,0.9678,False
antifragile_escape,252,0.9,0.56,0.48,0.952178,0.948286,0.986073,0.991763,0.958974,True,0.0,0,0.0,0.963936,False
antifragile_escape,253,0.9,0.56,0.48,0.957278,0.943283,0.97713,0.98509,0.953094,True,0.0,0,0.0,0.961724,False
antifragile_escape,254,0.9,0.56,0.48,0.967823,0.949808,0.981362,0.980956,0.958146,True,0.0,0,0.0,0.967695,False
antifragile_escape,255,0.9,0.56,0.48,0.968852,0.949585,0.99395,0.970758,0.95603,True,0.0,0,0.0,0.96863,False
antifragile_escape,256,0.9,0.56,0.48,0.982146,0.941778,0.990206,0.968157,0.949886,True,0.0,0,0.0,0.970501,False
antifragile_escape,257,0.9,0.56,0.48,0.972979,0.946491,0.994396,0.971831,0.954273,True,0.0,0,0.0,0.969661,False
antifragile_escape,258,0.9,0.56,0.48,0.977271,0.942143,0.99251,0.985304,0.954415,True,0.0,0,0.0,0.972073,False
antifragile_escape,259,0.9,0.56,0.48,0.971371,0.944359,0.984546,0.978398,0.954078,True,0.0,0,0.0,0.967789,False
antifragile_escape,260,0.9,0.56,0.48,0.971416,0.951071,0.988319,0.981959,0.959955,True,0.0,0,0.0,0.970897,False
antifragile_escape,261,0.9,0.56,0.48,0.970686,0.953662,0.984778,0.980643,0.9613,True,0.0,0,0.0,0.970426,False
antifragile_escape,262,0.9,0.56,0.48,0.971496,0.955927,0.994633,0.979991,0.963287,True,0.0,0,0.0,0.973062,False
antifragile_escape,263,0.9,0.56,0.48,0.97957,0.947987,0.988125,0.975382,0.956264,True,0.0,0,0.0,0.972042,False
antifragile_escape,264,0.9,0.56,0.48,0.982448,0.952695,0.995889,0.977713,0.960381,True,0.0,0,0.0,0.976201,False
antifragile_escape,265,0.9,0.56,0.48,0.96939,0.954045,0.996124,0.979247,0.961776,True,0.0,0,0.0,0.971907,False
antifragile_escape,266,0.9,0.56,0.48,0.982915,0.959656,0.990428,0.976576,0.964858,True,0.0,0,0.0,0.977026,False
antifragile_escape,267,0.9,0.56,0.48,0.980312,0.96345,0.992757,0.970506,0.964955,True,0.0,0,0.0,0.976301,False
antifragile_escape,268,0.9,0.56,0.48,0.98473,0.953792,0.992591,0.972771,0.959586,True,0.0,0,0.0,0.975885,False
antifragile_escape,269,0.9,0.56,0.48,0.98563,0.959665,0.993859,0.965414,0.960272,True,0.0,0,0.0,0.976565,False
antifragile_escape,270,0.9,0.56,0.48,0.998211,0.967632,0.995917,0.975066,0.969362,True,0.0,0,0.0,0.985592,False
antifragile_escape,271,0.9,0.56,0.48,1.0,0.962798,1.0,0.978773,0.967571,True,0.0,0,0.0,0.98644,False
antifragile_escape,272,0.9,0.56,0.48,0.998254,0.965068,0.989974,0.983387,0.97052,True,0.0,0,0.0,0.98538,False
antifragile_escape,273,0.9,0.56,0.48,1.0,0.962623,0.988584,0.979171,0.967671,True,0.0,0,0.0,0.984422,False
antifragile_escape,274,0.9,0.56,0.48,1.0,0.971666,0.990934,0.979428,0.973948,True,0.0,0,0.0,0.987262,False
antifragile_escape,275,0.9,0.56,0.48,1.0,0.967242,0.990647,0.968899,0.966532,True,0.0,0,0.0,0.98405,False
antifragile_escape,276,0.9,0.56,0.48,1.0,0.968365,0.978081,0.973162,0.969831,True,0.0,0,0.0,0.982983,False
antifragile_escape,277,0.9,0.56,0.48,0.998293,0.972744,0.980038,0.970759,0.971123,True,0.0,0,0.0,0.983293,False
antifragile_escape,278,0.9,0.56,0.48,1.0,0.970822,0.973773,0.969337,0.969744,True,0.0,0,0.0,0.982104,False
antifragile_escape,279,0.9,0.56,0.48,1.0,0.962913,0.980222,0.953505,0.956141,True,0.0,0,0.0,0.977992,False
antifragile_escape,280,0.9,0.56,0.48,0.998638,0.964529,0.983979,0.961177,0.96135,True,0.0,0,0.0,0.980141,False
antifragile_escape,281,0.9,0.56,0.48,1.0,0.966399,0.974024,0.973341,0.968327,True,0.0,0,0.0,0.981743,False
antifragile_escape,282,0.9,0.56,0.48,1.0,0.969397,0.976187,0.970896,0.969685,True,0.0,0,0.0,0.982493,False
antifragile_escape,283,0.9,0.56,0.48,0.991117,0.969602,0.973271,0.967403,0.968035,True,0.0,0,0.0,0.977942,False
antifragile_escape,284,0.9,0.56,0.48,1.0,0.968138,0.978479,0.96834,0.967549,True,0.0,0,0.0,0.982065,False
antifragile_escape,285,0.9,0.56,0.48,1.0,0.966966,0.97472,0.971532,0.968368,True,0.0,0,0.0,0.981722,False
antifragile_escape,286,0.9,0.56,0.48,0.990875,0.957704,0.977764,0.967198,0.960591,True,0.0,0,0.0,0.975595,False
antifragile_escape,287,0.9,0.56,0.48,1.0,0.950907,0.969731,0.977888,0.956572,True,0.0,0,0.0,0.977408,False
antifragile_escape,288,0.9,0.56,0.48,1.0,0.946266,0.967261,0.971177,0.952271,True,0.0,0,0.0,0.974672,False
antifragile_escape,289,0.9,0.56,0.48,0.997386,0.95388,0.965499,0.965482,0.956968,True,0.0,0,0.0,0.974499,False
antifragile_escape,290,0.9,0.56,0.48,0.979993,0.95406,0.965155,0.971107,0.957436,True,0.0,0,0.0,0.968703,False
antifragile_escape,291,0.9,0.56,0.48,0.992888,0.959884,0.97335,0.971357,0.963153,True,0.0,0,0.0,0.976848,False
antifragile_escape,292,0.9,0.56,0.48,0.984718,0.964948,0.969245,0.96201,0.962876,True,0.0,0,0.0,0.972574,False
antifragile_escape,293,0.9,0.56,0.48,0.988362,0.96069,0.972105,0.951905,0.954537,True,0.0,0,0.0,0.971292,False
antifragile_escape,294,0.9,0.56,0.48,1.0,0.966883,0.966355,0.95283,0.956495,True,0.0,0,0.0,0.976158,False
antifragile_escape,295,0.9,0.56,0.48,1.0,0.968421,0.973586,0.94937,0.954941,True,0.0,0,0.0,0.977066,False
antifragile_escape,296,0.9,0.56,0.48,1.0,0.967404,0.971765,0.9508,0.955645,True,0.0,0,0.0,0.97684,False
antifragile_escape,297,0.9,0.56,0.48,0.995213,0.972853,0.96646,0.950455,0.955248,True,0.0,0,0.0,0.974951,False
antifragile_escape,298,0.9,0.56,0.48,1.0,0.960671,0.972463,0.947364,0.951451,True,0.0,0,0.0,0.974769,False
antifragile_escape,299,0.9,0.56,0.48,0.999775,0.961149,0.984485,0.946732,0.9509,True,0.0,0,0.0,0.976779,False
antifragile_escape,300,0.9,0.56,0.48,1.0,0.964403,0.985209,0.952863,0.956114,True,0.0,0,0.0,0.979065,False
antifragile_escape,301,0.9,0.56,0.48,0.995728,0.961269,0.986097,0.952462,0.954504,True,0.0,0,0.0,0.976787,False
antifragile_escape,302,0.9,0.56,0.48,1.0,0.956173,0.981966,0.944776,0.947748,True,0.0,0,0.0,0.974863,False
antifragile_escape,303,0.9,0.56,0.48,1.0,0.959911,0.974278,0.945851,0.950149,True,0.0,0,0.0,0.974591,False
antifragile_escape,304,0.9,0.56,0.48,1.0,0.967151,0.988653,0.94123,0.949198,True,0.0,0,0.0,0.977721,False
antifragile_escape,305,0.9,0.56,0.48,0.996578,0.977432,0.99513,0.941569,0.952438,True,0.0,0,0.0,0.979873,False
antifragile_escape,306,0.9,0.56,0.48,0.993646,0.983214,0.992946,0.941154,0.953334,True,0.0,0,0.0,0.979456,False
antifragile_escape,307,0.9,0.56,0.48,0.995742,0.982133,0.993148,0.947079,0.957424,True,0.0,0,0.0,0.981414,False
antifragile_escape,308,0.9,0.56,0.48,1.0,0.987304,0.992083,0.94387,0.955983,True,0.0,0,0.0,0.983149,False
antifragile_escape,309,0.9,0.56,0.48,1.0,0.979017,0.99027,0.944473,0.95469,True,0.0,0,0.0,0.98126,False
antifragile_escape,310,0.9,0.56,0.48,1.0,0.982307,0.998699,0.947141,0.957767,True,0.0,0,0.0,0.984113,False
antifragile_escape,311,0.9,0.56,0.48,0.996107,0.982725,0.998803,0.939975,0.952733,True,0.0,0,0.0,0.98112,False
antifragile_escape,312,0.9,0.56,0.48,0.997121,0.985545,1.0,0.937663,0.951758,True,0.0,0,0.0,0.981788,False
antifragile_escape,313,0.9,0.56,0.48,0.999264,0.96861,0.997092,0.945359,0.952371,True,0.0,0,0.0,0.980182,False
antifragile_escape,314,0.9,0.56,0.48,1.0,0.978737,0.992585,0.946443,0.956156,True,0.0,0,0.0,0.982079,False
antifragile_escape,315,0.9,0.56,0.48,1.0,0.978654,0.99301,0.955619,0.96267,True,0.0,0,0.0,0.984206,False
antifragile_escape,316,0.9,0.56,0.48,0.996595,0.975189,0.996117,0.952744,0.959629,True,0.0,0,0.0,0.982081,False
antifragile_escape,317,0.9,0.56,0.48,0.999769,0.966794,1.0,0.954731,0.957571,True,0.0,0,0.0,0.982506,False
antifragile_escape,318,0.9,0.56,0.48,0.99778,0.956108,0.993403,0.961716,0.956452,True,0.0,0,0.0,0.979483,False
antifragile_escape,319,0.9,0.56,0.48,1.0,0.956416,0.990941,0.956727,0.954256,True,0.0,0,0.0,0.978977,False
antifragile_escape,320,0.9,0.56,0.48,1.0,0.969964,0.999479,0.947131,0.953977,True,0.0,0,0.0,0.981575,False
antifragile_escape,321,0.9,0.56,0.48,0.998248,0.970074,0.999128,0.966144,0.965945,True,0.0,0,0.0,0.984964,False
antifragile_escape,322,0.9,0.56,0.48,1.0,0.974359,0.999135,0.967469,0.968763,True,0.0,0,0.0,0.986926,False
antifragile_escape,323,0.9,0.56,0.48,1.0,0.97793,1.0,0.971528,0.972786,True,0.0,0,0.0,0.988776,False
antifragile_escape,324,0.9,0.56,0.48,1.0,0.978791,0.992969,0.968486,0.97155,True,0.0,0,0.0,0.987091,False
antifragile_escape,325,0.9,0.56,0.48,1.0,0.976336,0.987493,0.961974,0.966389,True,0.0,0,0.0,0.984132,False
antifragile_escape,326,0.9,0.56,0.48,1.0,0.967982,0.981735,0.960356,0.962505,True,0.0,0,0.0,0.9809,False
antifragile_escape,327,0.9,0.56,0.48,1.0,0.973051,0.978796,0.958511,0.962863,True,0.0,0,0.0,0.981068,False
antifragile_escape,328,0.9,0.56,0.48,0.997888,0.968883,0.986391,0.964629,0.965296,True,0.0,0,0.0,0.98203,False
antifragile_escape,329,0.9,0.56,0.48,1.0,0.957629,0.994781,0.967675,0.960024,True,0.0,0,0.0,0.982111,False
antifragile_escape,330,0.9,0.56,0.48,1.0,0.958753,0.993231,0.970511,0.962001,True,0.0,0,0.0,0.982669,False
antifragile_escape,331,0.9,0.56,0.48,1.0,0.950043,0.990114,0.983358,0.959617,True,0.0,0,0.0,0.982052,False
antifragile_escape,332,0.9,0.56,0.48,1.0,0.945726,0.992323,0.979267,0.955757,True,0.0,0,0.0,0.980637,False
antifragile_escape,333,0.9,0.56,0.48,1.0,0.942598,0.997205,0.984607,0.954959,True,0.0,0,0.0,0.981605,False
antifragile_escape,334,0.9,0.56,0.48,1.0,0.96317,1.0,0.986858,0.970389,True,0.0,0,0.0,0.987977,False
antifragile_escape,335,0.9,0.56,0.48,1.0,0.97245,1.0,0.995985,0.979149,True,0.0,0,0.0,0.991977,False
antifragile_escape,336,0.9,0.56,0.48,0.993555,0.975913,0.992552,0.987139,0.979311,True,0.0,0,0.0,0.987591,False
antifragile_escape,337,0.9,0.56,0.48,1.0,0.981805,0.99568,0.990581,0.984485,True,0.0,0,0.0,0.992767,False
antifragile_escape,338,0.9,0.56,0.48,1.0,0.973119,0.983745,0.995209,0.976357,True,0.0,0,0.0,0.988728,False
antifragile_escape,339,0.9,0.56,0.48,1.0,0.980296,0.980348,0.998845,0.979074,True,0.0,0,0.0,0.990243,False
antifragile_escape,340,0.9,0.56,0.48,0.988833,0.981422,0.977907,0.996227,0.978438,True,0.0,0,0.0,0.98532,False
antifragile_escape,341,0.9,0.56,0.48,0.980226,0.984084,0.972372,1.0,0.975861,True,0.0,0,0.0,0.981751,False
antifragile_escape,342,0.9,0.56,0.48,0.986861,0.978726,0.96832,1.0,0.971142,True,0.0,0,0.0,0.982012,False
antifragile_escape,343,0.9,0.56,0.48,0.994303,0.973759,0.970974,1.0,0.970463,True,0.0,0,0.0,0.984343,False
antifragile_escape,344,0.9,0.56,0.48,1.0,0.969831,0.971291,1.0,0.968567,True,0.0,0,0.0,0.98563,False
antifragile_escape,345,0.9,0.56,0.48,0.997469,0.965565,0.977783,1.0,0.969,True,0.0,0,0.0,0.985121,False
antifragile_escape,346,0.9,0.56,0.48,1.0,0.967048,0.976351,1.0,0.969343,True,0.0,0,0.0,0.986133,False
antifragile_escape,347,0.9,0.56,0.48,0.99574,0.961492,0.979766,0.998936,0.96707,True,0.0,0,0.0,0.983707,False
antifragile_escape,348,0.9,0.56,0.48,1.0,0.966801,0.988142,0.987368,0.97237,True,0.0,0,0.0,0.986806,False
antifragile_escape,349,0.9,0.56,0.48,1.0,0.958292,0.984445,0.982573,0.964978,True,0.0,0,0.0,0.98305,False
antifragile_escape,350,0.9,0.56,0.48,1.0,0.971245,0.979864,0.986074,0.973893,True,0.0,0,0.0,0.986117,False
antifragile_escape,351,0.9,0.56,0.48,1.0,0.974203,0.982081,0.996472,0.976415,True,0.0,0,0.0,0.988807,False
antifragile_escape,352,0.9,0.56,0.48,0.995119,0.979483,0.987787,0.998431,0.981975,True,0.0,0,0.0,0.989871,False
antifragile_escape,353,0.9,0.56,0.48,1.0,0.981088,0.988754,0.986352,0.982676,True,0.0,0,0.0,0.990582,False
antifragile_escape,354,0.9,0.56,0.48,0.998254,0.97434,0.997578,0.989645,0.978989,True,0.0,0,0.0,0.990311,False
antifragile_escape,355,0.9,0.56,0.48,0.997336,0.976619,1.0,0.984886,0.97894,True,0.0,0,0.0,0.990136,False
antifragile_escape,356,0.9,0.56,0.48,1.0,0.965462,0.999655,0.982607,0.970709,True,0.0,0,0.0,0.987771,False
antifragile_escape,357,0.9,0.56,0.48,0.999587,0.966964,1.0,0.981004,0.97115,True,0.0,0,0.0,0.987775,False
antifragile_escape,358,0.9,0.56,0.48,1.0,0.964312,1.0,0.981408,0.969519,True,0.0,0,0.0,0.987316,False
antifragile_escape,359,0.9,0.56,0.48,1.0,0.966854,0.999606,0.978028,0.969941,True,0.0,0,0.0,0.98728,False
antifragile_escape,360,0.9,0.56,0.48,1.0,0.967425,0.997714,0.976954,0.969949,True,0.0,0,0.0,0.986893,False
antifragile_escape,361,0.9,0.56,0.48,1.0,0.964061,0.993747,0.979682,0.968857,True,0.0,0,0.0,0.985824,False
antifragile_escape,362,0.9,0.56,0.48,1.0,0.957254,0.992286,0.974497,0.962522,True,0.0,0,0.0,0.982849,False
antifragile_escape,363,0.9,0.56,0.48,1.0,0.949556,0.982724,0.970025,0.955821,True,0.0,0,0.0,0.978312,False
antifragile_escape,364,0.9,0.56,0.48,1.0,0.953169,0.990116,0.960034,0.954135,True,0.0,0,0.0,0.978692,False
antifragile_escape,365,0.9,0.56,0.48,1.0,0.958476,0.982369,0.960847,0.958095,True,0.0,0,0.0,0.978842,False
antifragile_escape,366,0.9,0.56,0.48,1.0,0.949779,0.9829,0.955103,0.95025,True,0.0,0,0.0,0.975627,False
antifragile_escape,367,0.9,0.56,0.48,1.0,0.958486,0.980025,0.961547,0.958599,True,0.0,0,0.0,0.97858,False
antifragile_escape,368,0.9,0.56,0.48,0.990454,0.962974,0.986167,0.960748,0.960193,True,0.0,0,0.0,0.976946,False
antifragile_escape,369,0.9,0.56,0.48,1.0,0.956502,0.985368,0.961277,0.956977,True,0.0,0,0.0,0.978953,False
antifragile_escape,370,0.9,0.56,0.48,0.998587,0.953247,0.986248,0.968074,0.957719,True,0.0,0,0.0,0.979029,False
antifragile_escape,371,0.9,0.56,0.48,0.990127,0.956056,0.979999,0.974813,0.961547,True,0.0,0,0.0,0.976598,False
antifragile_escape,372,0.9,0.56,0.48,0.98833,0.953382,0.979934,0.977245,0.960043,True,0.0,0,0.0,0.975582,False
antifragile_escape,373,0.9,0.56,0.48,0.991884,0.946316,0.984694,0.977374,0.95532,True,0.0,0,0.0,0.975968,False
antifragile_escape,374,0.9,0.56,0.48,0.989822,0.937754,0.984789,0.985593,0.950369,True,0.0,0,0.0,0.974218,False
antifragile_escape,375,0.9,0.56,0.48,0.991825,0.933752,0.995634,0.979698,0.947395,True,0.0,0,0.0,0.975028,False
antifragile_escape,376,0.9,0.56,0.48,0.999985,0.923915,1.0,0.983841,0.941431,True,0.0,0,0.0,0.977008,False
antifragile_escape,377,0.9,0.56,0.48,1.0,0.924439,0.993621,0.983317,0.941221,True,0.0,0,0.0,0.975862,False
antifragile_escape,378,0.9,0.56,0.48,1.0,0.930761,1.0,0.985875,0.946821,True,0.0,0,0.0,0.979178,False
antifragile_escape,379,0.9,0.56,0.48,1.0,0.929248,1.0,0.983833,0.945297,True,0.0,0,0.0,0.978437,False
antifragile_escape,380,0.9,0.56,0.48,0.99511,0.925345,1.0,0.98947,0.943562,True,0.0,0,0.0,0.976457,False
antifragile_escape,381,0.9,0.56,0.48,1.0,0.923612,1.0,0.998178,0.94368,True,0.0,0,0.0,0.979237,False
antifragile_escape,382,0.9,0.56,0.48,1.0,0.936562,0.995777,0.992298,0.951817,True,0.0,0,0.0,0.980961,False
antifragile_escape,383,0.9,0.56,0.48,1.0,0.923678,0.994615,0.989182,0.941758,True,0.0,0,0.0,0.976789,False
antifragile_escape,384,0.9,0.56,0.48,1.0,0.92157,0.99826,0.993733,0.941324,True,0.0,0,0.0,0.977651,False
antifragile_escape,385,0.9,0.56,0.48,0.999656,0.909755,0.99175,0.989401,0.931241,True,0.0,0,0.0,0.972405,False
antifragile_escape,386,0.9,0.56,0.48,0.995693,0.908443,0.98456,0.990636,0.929426,True,0.0,0,0.0,0.969324,False
antifragile_escape,387,0.9,0.56,0.48,1.0,0.910312,0.975616,0.9871,0.928931,True,0.0,0,0.0,0.969133,False
antifragile_escape,388,0.9,0.56,0.48,1.0,0.912519,0.984647,0.992225,0.932598,True,0.0,0,0.0,0.972313,False
antifragile_escape,389,0.9,0.56,0.48,1.0,0.918076,0.980112,0.997471,0.936251,True,0.0,0,0.0,0.97367,False
antifragile_escape,390,0.9,0.56,0.48,0.99232,0.922413,0.981804,0.996154,0.939657,True,0.0,0,0.0,0.972061,False
antifragile_escape,391,0.9,0.56,0.48,0.990168,0.927594,0.981899,0.997228,0.943513,True,0.0,0,0.0,0.972806,False
antifragile_escape,392,0.9,0.56,0.48,0.984531,0.923648,0.968995,1.0,0.937564,True,0.0,0,0.0,0.967305,False
antifragile_escape,393,0.9,0.56,0.48,0.989192,0.92737,0.973216,0.992776,0.941155,True,0.0,0,0.0,0.969926,False
antifragile_escape,394,0.9,0.56,0.48,1.0,0.93908,0.979665,0.994942,0.951192,True,0.0,0,0.0,0.978809,False
antifragile_escape,395,0.9,0.56,0.48,1.0,0.939326,0.983427,0.991245,0.951905,True,0.0,0,0.0,0.979098,False
antifragile_escape,396,0.9,0.56,0.48,1.0,0.941992,0.986714,0.987941,0.954045,True,0.0,0,0.0,0.979964,False
antifragile_escape,397,0.9,0.56,0.48,1.0,0.958065,0.989659,0.980233,0.964729,True,0.0,0,0.0,0.98359,False
antifragile_escape,398,0.9,0.56,0.48,1.0,0.966934,0.982584,0.979875,0.970659,True,0.0,0,0.0,0.984575,False
antifragile_escape,399,0.9,0.56,0.48,1.0,0.96552,0.973543,0.983996,0.967923,True,0.0,0,0.0,0.982942,False
antifragile_escape,400,0.9,0.56,0.48,1.0,0.968627,0.971215,0.979235,0.969187,True,0.0,0,0.0,0.982567,False
antifragile_escape,401,0.9,0.56,0.48,1.0,0.972184,0.980791,0.973313,0.972183,True,0.0,0,0.0,0.984462,False
antifragile_escape,402,0.9,0.56,0.48,1.0,0.969344,0.985867,0.972712,0.969915,True,0.0,0,0.0,0.984507,False
antifragile_escape,403,0.9,0.56,0.48,1.0,0.970967,0.991752,0.975606,0.971869,True,0.0,0,0.0,0.986498,False
antifragile_escape,404,0.9,0.56,0.48,1.0,0.970406,0.987616,0.977817,0.972622,True,0.0,0,0.0,0.986053,False
antifragile_escape,405,0.9,0.56,0.48,1.0,0.979039,0.991656,0.980522,0.978953,True,0.0,0,0.0,0.989473,False
antifragile_escape,406,0.9,0.56,0.48,0.993511,0.978153,0.992428,0.982281,0.979189,True,0.0,0,0.0,0.987261,False
antifragile_escape,407,0.9,0.56,0.48,1.0,0.974429,0.988478,0.991333,0.978466,True,0.0,0,0.0,0.989526,False
antifragile_escape,408,0.9,0.56,0.48,1.0,0.974286,0.988087,0.991693,0.978313,True,0.0,0,0.0,0.989462,False
antifragile_escape,409,0.9,0.56,0.48,1.0,0.975929,0.992296,0.981737,0.977562,True,0.0,0,0.0,0.989031,False
antifragile_escape,410,0.9,0.56,0.48,1.0,0.978815,0.966113,0.986139,0.96999,True,0.0,0,0.0,0.984545,False
antifragile_escape,411,0.9,0.56,0.48,0.987633,0.988346,0.950145,0.992038,0.960746,True,0.0,0,0.0,0.978404,False
antifragile_escape,412,0.9,0.56,0.48,0.972433,0.991251,0.958027,0.994378,0.967238,True,0.0,0,0.0,0.975676,False
antifragile_escape,413,0.9,0.56,0.48,0.97274,0.980255,0.963001,1.0,0.968237,True,0.0,0,0.0,0.975615,False
antifragile_escape,414,0.9,0.56,0.48,0.960437,0.971552,0.958651,0.990442,0.962451,True,0.0,0,0.0,0.966558,False
antifragile_escape,415,0.9,0.56,0.48,0.967184,0.963528,0.964124,0.994236,0.961776,True,0.0,0,0.0,0.969113,False
antifragile_escape,416,0.9,0.56,0.48,0.969404,0.952544,0.962833,0.994393,0.954789,True,0.0,0,0.0,0.966931,False
antifragile_escape,417,0.9,0.56,0.48,0.976035,0.95494,0.961976,0.99622,0.955718,True,0.0,0,0.0,0.970095,False
antifragile_escape,418,0.9,0.56,0.48,0.978871,0.957729,0.961604,0.992414,0.957392,True,0.0,0,0.0,0.971276,False
antifragile_escape,419,0.9,0.56,0.48,0.978029,0.960874,0.962526,0.990739,0.95973,True,0.0,0,0.0,0.971734,False
antifragile_escape,420,0.9,0.56,0.48,0.977564,0.951766,0.965558,0.99231,0.955571,True,0.0,0,0.0,0.970185,False
antifragile_escape,421,0.9,0.56,0.48,0.976912,0.964084,0.963955,0.98721,0.962457,True,0.0,0,0.0,0.971978,False
antifragile_escape,422,0.9,0.56,0.48,0.966641,0.973984,0.972888,0.991065,0.972238,True,0.0,0,0.0,0.973178,False
antifragile_escape,423,0.9,0.56,0.48,0.984731,0.972383,0.971805,0.999864,0.970222,True,0.0,0,0.0,0.980559,False
antifragile_escape,424,0.9,0.56,0.48,1.0,0.974417,0.969975,0.996196,0.970457,True,0.0,0,0.0,0.985913,False
antifragile_escape,425,0.9,0.56,0.48,1.0,0.981786,0.974157,0.996392,0.97627,True,0.0,0,0.0,0.988717,False
antifragile_escape,426,0.9,0.56,0.48,1.0,0.98822,0.977248,0.997463,0.98062,True,0.0,0,0.0,0.991103,False
antifragile_escape,427,0.9,0.56,0.48,1.0,0.969659,0.979991,1.0,0.972511,True,0.0,0,0.0,0.987638,False
antifragile_escape,428,0.9,0.56,0.48,1.0,0.970206,0.977607,1.0,0.971838,True,0.0,0,0.0,0.987227,False
antifragile_escape,429,0.9,0.56,0.48,1.0,0.975574,0.978147,1.0,0.975259,True,0.0,0,0.0,0.988701,False
antifragile_escape,430,0.9,0.56,0.48,1.0,0.96579,0.975314,1.0,0.968114,True,0.0,0,0.0,0.985572,False
antifragile_escape,431,0.9,0.56,0.48,0.98634,0.966654,0.984023,1.0,0.971984,True,0.0,0,0.0,0.982569,False
antifragile_escape,432,0.9,0.56,0.48,0.975072,0.970021,0.988303,0.98931,0.97501,True,0.0,0,0.0,0.97853,False
antifragile_escape,433,0.9,0.56,0.48,0.984797,0.977403,0.992034,0.993441,0.981462,True,0.0,0,0.0,0.985579,False
antifragile_escape,434,0.9,0.56,0.48,0.995345,0.966933,0.983184,0.989154,0.971776,True,0.0,0,0.0,0.984347,False
antifragile_escape,435,0.9,0.56,0.48,1.0,0.969529,0.990216,0.996257,0.975606,True,0.0,0,0.0,0.989303,False
antifragile_escape,436,0.9,0.56,0.48,1.0,0.96504,0.989278,0.998261,0.972266,True,0.0,0,0.0,0.988206,False
antifragile_escape,437,0.9,0.56,0.48,1.0,0.969123,0.985914,1.0,0.974284,True,0.0,0,0.0,0.988821,False
antifragile_escape,438,0.9,0.56,0.48,1.0,0.966806,0.996102,0.99937,0.974981,True,0.0,0,0.0,0.990233,False
antifragile_escape,439,0.9,0.56,0.48,1.0,0.970967,0.995852,1.0,0.978042,True,0.0,0,0.0,0.991393,False
antifragile_escape,440,0.9,0.56,0.48,1.0,0.972237,0.996957,1.0,0.979164,True,0.0,0,0.0,0.991955,False
antifragile_escape,441,0.9,0.56,0.48,1.0,0.963556,0.989914,0.996893,0.971252,True,0.0,0,0.0,0.98774,False
antifragile_escape,442,0.9,0.56,0.48,1.0,0.967487,0.984639,0.992586,0.972668,True,0.0,0,0.0,0.987065,False
antifragile_escape,443,0.9,0.56,0.48,1.0,0.968293,0.982285,0.999481,0.972511,True,0.0,0,0.0,0.987733,False
antifragile_escape,444,0.9,0.56,0.48,1.0,0.98255,0.983864,0.994838,0.982402,True,0.0,0,0.0,0.99112,False
antifragile_escape,445,0.9,0.56,0.48,0.99984,0.974528,0.988387,1.0,0.978787,True,0.0,0,0.0,0.990718,False
antifragile_escape,446,0.9,0.56,0.48,1.0,0.969257,0.987715,0.996626,0.974845,True,0.0,0,0.0,0.988764,False
antifragile_escape,447,0.9,0.56,0.48,1.0,0.972659,0.99139,1.0,0.978314,True,0.0,0,0.0,0.990927,False
antifragile_escape,448,0.9,0.56,0.48,1.0,0.97483,0.989945,1.0,0.979465,True,0.0,0,0.0,0.991195,False
antifragile_escape,449,0.9,0.56,0.48,1.0,0.967348,0.991019,0.998774,0.974352,True,0.0,0,0.0,0.989257,False
antifragile_escape,450,0.9,0.56,0.48,1.0,0.97378,1.0,0.996451,0.980205,True,0.0,0,0.0,0.992408,False
antifragile_escape,451,0.9,0.56,0.48,0.994725,0.975545,1.0,0.991653,0.980439,True,0.0,0,0.0,0.990078,False
antifragile_escape,452,0.9,0.56,0.48,0.982495,0.981583,0.995376,0.991609,0.984575,True,0.0,0,0.0,0.986175,False
antifragile_escape,453,0.9,0.56,0.48,0.981436,0.980266,0.995399,0.994652,0.984186,True,0.0,0,0.0,0.985919,False
antifragile_escape,454,0.9,0.56,0.48,0.990898,0.986426,1.0,0.998175,0.989754,True,0.0,0,0.0,0.992613,False
antifragile_escape,455,0.9,0.56,0.48,1.0,0.99313,1.0,0.989483,0.990498,True,0.0,0,0.0,0.996151,False
antifragile_escape,456,0.9,0.56,0.48,1.0,0.997943,0.999872,0.99651,0.996937,True,0.0,0,0.0,0.99875,False
antifragile_escape,457,0.9,0.56,0.48,1.0,1.0,0.993652,0.999474,0.995264,True,0.0,0,0.0,0.998216,False
antifragile_escape,458,0.9,0.56,0.48,0.990407,0.998275,1.0,1.0,0.998734,True,0.0,0,0.0,0.995892,False
antifragile_escape,459,0.9,0.56,0.48,0.995425,1.0,1.0,1.0,1.0,True,0.0,0,0.0,0.998262,False
antifragile_escape,460,0.9,0.56,0.48,1.0,0.996987,0.996118,1.0,0.996288,True,0.0,0,0.0,0.998313,False
antifragile_escape,461,0.9,0.56,0.48,1.0,0.994873,0.995888,0.999641,0.995058,True,0.0,0,0.0,0.997694,False
antifragile_escape,462,0.9,0.56,0.48,1.0,0.997183,1.0,1.0,0.997932,True,0.0,0,0.0,0.999245,False
antifragile_escape,463,0.9,0.56,0.48,1.0,1.0,1.0,1.0,1.0,True,0.0,0,0.0,1.0,False
antifragile_escape,464,0.9,0.56,0.48,1.0,1.0,1.0,1.0,1.0,True,0.0,0,0.0,1.0,False
antifragile_escape,465,0.9,0.56,0.48,1.0,0.998033,0.999027,1.0,0.998337,True,0.0,0,0.0,0.999271,False
antifragile_escape,466,0.9,0.56,0.48,1.0,0.998387,0.993854,1.0,0.995202,True,0.0,0,0.0,0.998028,False
antifragile_escape,467,0.9,0.56,0.48,1.0,0.999639,0.997421,0.999079,0.997912,True,0.0,0,0.0,0.999091,False
antifragile_escape,468,0.9,0.56,0.48,1.0,0.999995,0.998298,1.0,0.99875,True,0.0,0,0.0,0.999543,False
antifragile_escape,469,0.9,0.56,0.48,1.0,1.0,1.0,0.992774,0.994696,True,0.0,0,0.0,0.998352,False
antifragile_escape,470,0.9,0.56,0.48,0.995943,0.99938,1.0,0.996463,0.997304,True,0.0,0,0.0,0.997528,False
antifragile_escape,471,0.9,0.56,0.48,1.0,0.99524,0.998535,0.996412,0.99557,True,0.0,0,0.0,0.997846,False
antifragile_escape,472,0.9,0.56,0.48,0.99431,0.988604,1.0,0.997954,0.991303,True,0.0,0,0.0,0.994456,False
antifragile_escape,473,0.9,0.56,0.48,0.983192,0.979926,1.0,0.981322,0.979304,True,0.0,0,0.0,0.984901,False
antifragile_escape,474,0.9,0.56,0.48,0.972206,0.985379,0.994668,0.987982,0.986017,True,0.0,0,0.0,0.982486,False
antifragile_escape,475,0.9,0.56,0.48,0.95762,0.989838,0.983924,0.990778,0.985601,True,0.0,0,0.0,0.976154,False
antifragile_escape,476,0.9,0.56,0.48,0.962259,0.984567,0.988922,0.982269,0.982907,True,0.0,0,0.0,0.976353,False
antifragile_escape,477,0.9,0.56,0.48,0.962585,0.976454,0.998709,0.982212,0.977775,True,0.0,0,0.0,0.976154,False
antifragile_escape,478,0.9,0.56,0.48,0.975955,0.972126,0.998224,0.983287,0.975458,True,0.0,0,0.0,0.980241,False
antifragile_escape,479,0.9,0.56,0.48,0.983056,0.97373,0.99706,0.983311,0.976562,True,0.0,0,0.0,0.983154,False
antifragile_escape,480,0.9,0.56,0.48,1.0,0.870933,0.883612,0.897727,0.874789,True,0.776836,1,0.0,0.926474,False
antifragile_escape,481,0.9,0.56,0.48,0.997597,0.882453,0.884654,0.903958,0.882143,True,0.776836,1,0.0,0.929577,False
antifragile_escape,482,0.9,0.56,0.48,1.0,0.883789,0.884026,0.906926,0.882357,True,0.776836,1,0.0,0.931059,False
antifragile_escape,483,0.9,0.56,0.48,0.986609,0.8916,0.887757,0.906867,0.888393,True,0.776836,1,0.0,0.928764,False
antifragile_escape,484,0.9,0.56,0.48,0.97845,0.895068,0.899638,0.909911,0.896263,True,0.776836,1,0.0,0.929797,False
antifragile_escape,485,0.9,0.56,0.48,0.983851,0.896805,0.906789,0.915317,0.899873,True,0.776836,1,0.0,0.934639,False
antifragile_escape,486,0.9,0.56,0.48,0.991813,0.892807,0.900086,0.915846,0.894739,True,0.776836,1,0.0,0.935197,False
antifragile_escape,487,0.9,0.56,0.48,0.982287,0.899135,0.906624,0.917777,0.901335,True,0.776836,1,0.0,0.934955,False
antifragile_escape,488,0.9,0.56,0.48,0.978052,0.907268,0.899387,0.925776,0.901409,True,0.776836,1,0.0,0.934635,False
antifragile_escape,489,0.9,0.56,0.48,0.980885,0.898837,0.900478,0.930912,0.897539,True,0.776836,1,0.0,0.934646,False
antifragile_escape,490,0.9,0.56,0.48,0.988475,0.901354,0.898567,0.937394,0.897407,True,0.776836,1,0.0,0.93853,False
antifragile_escape,491,0.9,0.56,0.48,0.994848,0.913004,0.909194,0.94096,0.909015,True,0.776836,1,0.0,0.946854,False
antifragile_escape,492,0.9,0.56,0.48,0.993362,0.912891,0.914237,0.937274,0.911956,True,0.776836,1,0.0,0.947013,False
antifragile_escape,493,0.9,0.56,0.48,1.0,0.914227,0.907852,0.930435,0.909424,True,0.776836,1,0.0,0.947366,False
antifragile_escape,494,0.9,0.56,0.48,1.0,0.921169,0.906456,0.936782,0.910944,True,0.776836,1,0.0,0.949435,False
antifragile_escape,495,0.9,0.56,0.48,0.99774,0.920309,0.901107,0.949957,0.906711,True,0.776836,1,0.0,0.948795,False
antifragile_escape,496,0.9,0.56,0.48,1.0,0.918649,0.896734,0.949535,0.903229,True,0.776836,1,0.0,0.948091,False
antifragile_escape,497,0.9,0.56,0.48,0.999434,0.915021,0.89969,0.953518,0.903496,True,0.776836,1,0.0,0.948345,False
antifragile_escape,498,0.9,0.56,0.48,1.0,0.92055,0.905972,0.947511,0.910051,True,0.776836,1,0.0,0.950632,False
antifragile_escape,499,0.9,0.56,0.48,0.994929,0.914114,0.912588,0.95028,0.910854,True,0.776836,1,0.0,0.949221,False
antifragile_escape,500,0.9,0.56,0.48,0.977787,0.928131,0.908936,0.963565,0.91431,True,0.776836,1,0.0,0.946847,False
antifragile_escape,501,0.9,0.56,0.48,0.974888,0.916322,0.912893,0.957672,0.911666,True,0.776836,1,0.0,0.94319,False
antifragile_escape,502,0.9,0.56,0.48,0.967508,0.922626,0.918869,0.969374,0.917429,True,0.776836,1,0.0,0.944926,False
antifragile_escape,503,0.9,0.56,0.48,0.972858,0.916407,0.918449,0.966861,0.914086,True,0.776836,1,0.0,0.945011,False
antifragile_escape,504,0.9,0.56,0.48,0.984595,0.923992,0.914991,0.973501,0.915629,True,0.776836,1,0.0,0.951328,False
antifragile_escape,505,0.9,0.56,0.48,0.985598,0.92123,0.913297,0.984475,0.912596,True,0.776836,1,0.0,0.95208,False
antifragile_escape,506,0.9,0.56,0.48,0.990595,0.921201,0.929673,0.992609,0.920752,True,0.776836,1,0.0,0.959039,False
antifragile_escape,507,0.9,0.56,0.48,0.992006,0.92146,0.931926,0.988547,0.922262,True,0.776836,1,0.0,0.95964,False
antifragile_escape,508,0.9,0.56,0.48,1.0,0.915117,0.926492,0.985872,0.916124,True,0.776836,1,0.0,0.959447,False
antifragile_escape,509,0.9,0.56,0.48,1.0,0.922791,0.933598,0.984563,0.924089,True,0.776836,1,0.0,0.96288,False
antifragile_escape,510,0.9,0.56,0.48,0.991986,0.928995,0.937846,0.992581,0.929237,True,0.776836,1,0.0,0.963456,False
antifragile_escape,511,0.9,0.56,0.48,0.994452,0.931407,0.944416,0.983905,0.934268,True,0.776836,1,0.0,0.965399,False
antifragile_escape,512,0.9,0.56,0.48,0.997888,0.9264,0.932997,0.983402,0.92596,True,0.776836,1,0.0,0.96268,False
antifragile_escape,513,0.9,0.56,0.48,1.0,0.929975,0.946083,0.98347,0.934129,True,0.776836,1,0.0,0.967472,False
antifragile_escape,514,0.9,0.56,0.48,0.99999,0.928259,0.943074,0.971431,0.932364,True,0.776836,1,0.0,0.96472,False
antifragile_escape,515,0.9,0.56,0.48,0.998457,0.924857,0.93711,0.970764,0.927747,True,0.776836,1,0.0,0.961804,False
antifragile_escape,516,0.9,0.56,0.48,1.0,0.916365,0.936216,0.965131,0.922218,True,0.776836,1,0.0,0.959249,False
antifragile_escape,517,0.9,0.56,0.48,1.0,0.914184,0.937902,0.96295,0.921421,True,0.776836,1,0.0,0.958759,False
antifragile_escape,518,0.9,0.56,0.48,1.0,0.919885,0.923118,0.963276,0.91865,True,0.776836,1,0.0,0.956837,False
antifragile_escape,519,0.9,0.56,0.48,1.0,0.910373,0.922744,0.956786,0.913287,True,0.776836,1,0.0,0.953506,False
antifragile_escape,520,0.9,0.56,0.48,1.0,0.907523,0.924463,0.941989,0.912698,True,0.776836,1,0.0,0.95116,False
antifragile_escape,521,0.9,0.56,0.48,1.0,0.91441,0.914296,0.940839,0.912568,True,0.776836,1,0.0,0.950393,False
antifragile_escape,522,0.9,0.56,0.48,0.991988,0.917462,0.916371,0.952285,0.914529,True,0.776836,1,0.0,0.950109,False
antifragile_escape,523,0.9,0.56,0.48,0.994216,0.92421,0.910052,0.951895,0.913948,True,0.776836,1,0.0,0.950908,False
antifragile_escape,524,0.9,0.56,0.48,0.996704,0.930786,0.91514,0.948346,0.919895,True,0.776836,1,0.0,0.95417,False
antifragile_escape,525,0.9,0.56,0.48,1.0,0.927154,0.917675,0.948199,0.920166,True,0.776836,1,0.0,0.955237,False
antifragile_escape,526,0.9,0.56,0.48,0.990555,0.937046,0.914642,0.955371,0.921529,True,0.776836,1,0.0,0.95405,False
antifragile_escape,527,0.9,0.56,0.48,0.989151,0.945559,0.922278,0.957498,0.929347,True,0.776836,1,0.0,0.957659,False
antifragile_escape,528,0.9,0.56,0.48,0.990442,0.946576,0.919832,0.963755,0.928026,True,0.776836,1,0.0,0.95861,False
antifragile_escape,529,0.9,0.56,0.48,1.0,0.945728,0.921526,0.969018,0.928943,True,0.776836,1,0.0,0.963241,False
antifragile_escape,530,0.9,0.56,0.48,1.0,0.946612,0.928427,0.965648,0.933978,True,0.776836,1,0.0,0.964775,False
antifragile_escape,531,0.9,0.56,0.48,1.0,0.952845,0.929231,0.977171,0.936446,True,0.776836,1,0.0,0.967951,False
antifragile_escape,532,0.9,0.56,0.48,1.0,0.952744,0.922718,0.971398,0.931908,True,0.776836,1,0.0,0.965408,False
antifragile_escape,533,0.9,0.56,0.48,1.0,0.953471,0.921325,0.979318,0.931208,True,0.776836,1,0.0,0.966313,False
antifragile_escape,534,0.9,0.56,0.48,1.0,0.949264,0.919896,0.990606,0.928601,True,0.776836,1,0.0,0.966566,False
antifragile_escape,535,0.9,0.56,0.48,1.0,0.954569,0.927509,0.987361,0.935679,True,0.776836,1,0.0,0.969286,False
antifragile_escape,536,0.9,0.56,0.48,1.0,0.948498,0.929004,0.980923,0.934607,True,0.776836,1,0.0,0.967432,False
antifragile_escape,537,0.9,0.56,0.48,0.999095,0.95237,0.928464,0.977406,0.935762,True,0.776836,1,0.0,0.967334,False
antifragile_escape,538,0.9,0.56,0.48,0.993519,0.955876,0.936654,0.977374,0.942497,True,0.776836,1,0.0,0.968125,False
antifragile_escape,539,0.9,0.56,0.48,1.0,0.94457,0.941117,0.996428,0.939201,True,0.776836,1,0.0,0.971628,False
antifragile_escape,540,0.9,0.56,0.48,1.0,0.950118,0.952143,1.0,0.947826,True,0.776836,1,0.0,0.976146,False
antifragile_escape,541,0.9,0.56,0.48,1.0,0.966528,0.956815,0.993072,0.959113,True,0.776836,1,0.0,0.980325,False
antifragile_escape,542,0.9,0.56,0.48,0.993355,0.97458,0.951927,0.993654,0.958889,True,0.776836,1,0.0,0.978424,False
antifragile_escape,543,0.9,0.56,0.48,0.992583,0.983996,0.95349,0.990423,0.962275,True,0.776836,1,0.0,0.980061,False
antifragile_escape,544,0.9,0.56,0.48,0.981209,0.976802,0.955073,0.996492,0.961743,True,0.776836,1,0.0,0.975515,False
antifragile_escape,545,0.9,0.56,0.48,0.997374,0.972951,0.954525,0.990083,0.960178,True,0.776836,1,0.0,0.979781,False
antifragile_escape,546,0.9,0.56,0.48,1.0,0.96291,0.95334,0.997866,0.955105,True,0.776836,1,0.0,0.979239,False
antifragile_escape,547,0.9,0.56,0.48,1.0,0.970966,0.954724,1.0,0.959311,True,0.776836,1,0.0,0.981741,False
antifragile_escape,548,0.9,0.56,0.48,1.0,0.971164,0.952417,0.99448,0.958062,True,0.776836,1,0.0,0.980439,False
antifragile_escape,549,0.9,0.56,0.48,0.992626,0.970213,0.953966,0.99157,0.958827,True,0.776836,1,0.0,0.977429,False
antifragile_escape,550,0.9,0.56,0.48,1.0,0.970068,0.952255,0.997828,0.957444,True,0.776836,1,0.0,0.980607,False
antifragile_escape,551,0.9,0.56,0.48,1.0,0.971642,0.951701,0.987168,0.957831,True,0.776836,1,0.0,0.979345,False
antifragile_escape,552,0.9,0.56,0.48,0.988914,0.974474,0.944474,0.994953,0.95368,True,0.776836,1,0.0,0.974933,False
antifragile_escape,553,0.9,0.56,0.48,0.990561,0.969911,0.949296,0.990225,0.955608,True,0.776836,1,0.0,0.975175,False
antifragile_escape,554,0.9,0.56,0.48,1.0,0.972629,0.94888,0.994265,0.95617,True,0.776836,1,0.0,0.979809,False
antifragile_escape,555,0.9,0.56,0.48,1.0,0.968264,0.962304,0.9909,0.963352,True,0.776836,1,0.0,0.981831,False
antifragile_escape,556,0.9,0.56,0.48,1.0,0.973729,0.967448,0.997959,0.96853,True,0.776836,1,0.0,0.98535,False
antifragile_escape,557,0.9,0.56,0.48,1.0,0.985322,0.966534,0.998207,0.9723,True,0.776836,1,0.0,0.987759,False
antifragile_escape,558,0.9,0.56,0.48,1.0,0.995879,0.961165,0.99259,0.969911,True,0.776836,1,0.0,0.98762,False
antifragile_escape,559,0.9,0.56,0.48,1.0,1.0,0.959223,0.993493,0.969035,True,0.776836,1,0.0,0.988033,False
antifragile_escape,560,0.9,0.56,0.48,1.0,0.888413,0.854014,0.912972,0.864579,True,1.445416,2,0.0,0.925202,False
antifragile_escape,561,0.9,0.56,0.48,1.0,0.885232,0.861241,0.907651,0.8686,True,1.445416,2,0.0,0.925668,False
antifragile_escape,562,0.9,0.56,0.48,1.0,0.896395,0.85493,0.906241,0.866957,True,1.445416,2,0.0,0.926147,False
antifragile_escape,563,0.9,0.56,0.48,1.0,0.890029,0.860086,0.908018,0.86924,True,1.445416,2,0.0,0.926452,False
antifragile_escape,564,0.9,0.56,0.48,1.0,0.899192,0.855225,0.903653,0.867448,True,1.445416,2,0.0,0.9264,False
antifragile_escape,565,0.9,0.56,0.48,1.0,0.895424,0.858207,0.897252,0.868336,True,1.445416,2,0.0,0.925469,False
antifragile_escape,566,0.9,0.56,0.48,1.0,0.894864,0.859492,0.892487,0.868559,True,1.445416,2,0.0,0.924959,False
antifragile_escape,567,0.9,0.56,0.48,1.0,0.897362,0.856232,0.892706,0.866469,True,1.445416,2,0.0,0.924602,False
antifragile_escape,568,0.9,0.56,0.48,0.995487,0.907536,0.858195,0.906153,0.871129,True,1.445416,2,0.0,0.927513,False
antifragile_escape,569,0.9,0.56,0.48,0.998799,0.913193,0.844939,0.909222,0.862529,True,1.445416,2,0.0,0.926802,False
antifragile_escape,570,0.9,0.56,0.48,1.0,0.920683,0.841176,0.918454,0.862017,True,1.445416,2,0.0,0.92916,False
antifragile_escape,571,0.9,0.56,0.48,0.996364,0.92342,0.843073,0.929283,0.865161,True,1.445416,2,0.0,0.930506,False
antifragile_escape,572,0.9,0.56,0.48,1.0,0.930325,0.852706,0.935371,0.873974,True,1.445416,2,0.0,0.936774,False
antifragile_escape,573,0.9,0.56,0.48,1.0,0.932696,0.863028,0.936092,0.881985,True,1.445416,2,0.0,0.940121,False
antifragile_escape,574,0.9,0.56,0.48,1.0,0.943747,0.865663,0.934624,0.885048,True,1.445416,2,0.0,0.942747,False
antifragile_escape,575,0.9,0.56,0.48,1.0,0.946743,0.866365,0.937895,0.886412,True,1.445416,2,0.0,0.944034,False
antifragile_escape,576,0.9,0.56,0.48,0.998285,0.948561,0.870577,0.93686,0.889479,True,1.445416,2,0.0,0.944691,False
antifragile_escape,577,0.9,0.56,0.48,1.0,0.955389,0.871456,0.942633,0.89177,True,1.445416,2,0.0,0.947813,False
antifragile_escape,578,0.9,0.56,0.48,0.993714,0.9603,0.874852,0.959318,0.897447,True,1.445416,2,0.0,0.949937,False
antifragile_escape,579,0.9,0.56,0.48,1.0,0.962573,0.878287,0.954094,0.899443,True,1.445416,2,0.0,0.952861,False
antifragile_escape,580,0.9,0.56,0.48,0.99662,0.96302,0.86804,0.951727,0.891586,True,1.445416,2,0.0,0.948538,False
antifragile_escape,581,0.9,0.56,0.48,0.998496,0.959774,0.868577,0.963017,0.893247,True,1.445416,2,0.0,0.950544,False
antifragile_escape,582,0.9,0.56,0.48,0.997614,0.960153,0.870983,0.959134,0.894563,True,1.445416,2,0.0,0.950324,False
antifragile_escape,583,0.9,0.56,0.48,1.0,0.958415,0.866944,0.959676,0.891438,True,1.445416,2,0.0,0.949892,False
antifragile_escape,584,0.9,0.56,0.48,0.987818,0.958986,0.874759,0.963174,0.897688,True,1.445416,2,0.0,0.948012,False
antifragile_escape,585,0.9,0.56,0.48,1.0,0.968483,0.894015,0.968445,0.913816,True,1.445416,2,0.0,0.96049,False
antifragile_escape,586,0.9,0.56,0.48,1.0,0.965746,0.896738,0.965177,0.915016,True,1.445416,2,0.0,0.960174,False
antifragile_escape,587,0.9,0.56,0.48,0.998385,0.962295,0.901243,0.965033,0.917827,True,1.445416,2,0.0,0.960067,False
antifragile_escape,588,0.9,0.56,0.48,0.99034,0.956151,0.897881,0.968205,0.914645,True,1.445416,2,0.0,0.955361,False
antifragile_escape,589,0.9,0.56,0.48,1.0,0.961527,0.906314,0.972478,0.92216,True,1.445416,2,0.0,0.963018,False
antifragile_escape,590,0.9,0.56,0.48,1.0,0.967798,0.910406,0.980644,0.926994,True,1.445416,2,0.0,0.966606,False
antifragile_escape,591,0.9,0.56,0.48,1.0,0.966594,0.919079,0.990452,0.933491,True,1.445416,2,0.0,0.970103,False
antifragile_escape,592,0.9,0.56,0.48,1.0,0.96022,0.913817,0.989233,0.928023,True,1.445416,2,0.0,0.967182,False
antifragile_escape,593,0.9,0.56,0.48,0.991133,0.964899,0.919583,0.995769,0.933488,True,1.445416,2,0.0,0.967263,False
antifragile_escape,594,0.9,0.56,0.48,0.994416,0.965404,0.931287,0.978846,0.941497,True,1.445416,2,0.0,0.969301,False
antifragile_escape,595,0.9,0.56,0.48,0.99806,0.959569,0.931084,0.978504,0.93982,True,1.445416,2,0.0,0.969349,False
antifragile_escape,596,0.9,0.56,0.48,1.0,0.96413,0.931017,0.976207,0.94088,True,1.445416,2,0.0,0.970701,False
antifragile_escape,597,0.9,0.56,0.48,1.0,0.954392,0.935139,0.973967,0.941025,True,1.445416,2,0.0,0.969394,False
antifragile_escape,598,0.9,0.56,0.48,1.0,0.962306,0.930344,0.972249,0.93977,True,1.445416,2,0.0,0.969564,False
antifragile_escape,599,0.9,0.56,0.48,0.997958,0.970557,0.940634,0.965904,0.947857,True,1.445416,2,0.0,0.972208,False
antifragile_escape,600,0.9,0.56,0.48,1.0,0.974648,0.931239,0.956954,0.939131,True,1.445416,2,0.0,0.969729,False
antifragile_escape,601,0.9,0.56,0.48,0.988008,0.972464,0.933559,0.960292,0.941626,True,1.445416,2,0.0,0.965963,False
antifragile_escape,602,0.9,0.56,0.48,0.988682,0.978071,0.936572,0.957188,0.942877,True,1.445416,2,0.0,0.967486,False
antifragile_escape,603,0.9,0.56,0.48,0.995347,0.98881,0.942534,0.965315,0.949494,True,1.445416,2,0.0,0.974957,False
antifragile_escape,604,0.9,0.56,0.48,0.994754,0.987618,0.942798,0.959946,0.947759,True,1.445416,2,0.0,0.973605,False
antifragile_escape,605,0.9,0.56,0.48,1.0,0.986026,0.94777,0.962069,0.951873,True,1.445416,2,0.0,0.976998,False
antifragile_escape,606,0.9,0.56,0.48,0.992846,0.985426,0.948445,0.966554,0.953975,True,1.445416,2,0.0,0.975173,False
antifragile_escape,607,0.9,0.56,0.48,0.976446,0.979222,0.94909,0.967593,0.954755,True,1.445416,2,0.0,0.968179,False
antifragile_escape,608,0.9,0.56,0.48,0.984708,0.980118,0.949893,0.974853,0.957082,True,1.445416,2,0.0,0.97292,False
antifragile_escape,609,0.9,0.56,0.48,0.987186,0.973972,0.959389,0.977701,0.963637,True,1.445416,2,0.0,0.97565,False
antifragile_escape,610,0.9,0.56,0.48,0.98987,0.97754,0.95868,0.974931,0.963291,True,1.445416,2,0.0,0.976756,False
antifragile_escape,611,0.9,0.56,0.48,0.996182,0.975832,0.956768,0.967406,0.960038,True,1.445416,2,0.0,0.977058,False
antifragile_escape,612,0.9,0.56,0.48,0.998332,0.974376,0.958808,0.972533,0.962668,True,1.445416,2,0.0,0.979014,False
antifragile_escape,613,0.9,0.56,0.48,1.0,0.973434,0.956213,0.966808,0.959456,True,1.445416,2,0.0,0.977824,False
antifragile_escape,614,0.9,0.56,0.48,1.0,0.969237,0.957647,0.961666,0.958766,True,1.445416,2,0.0,0.976524,False
antifragile_escape,615,0.9,0.56,0.48,1.0,0.966993,0.953455,0.955854,0.953754,True,1.445416,2,0.0,0.973951,False
antifragile_escape,616,0.9,0.56,0.48,1.0,0.965222,0.953074,0.963149,0.955972,True,1.445416,2,0.0,0.974851,False
antifragile_escape,617,0.9,0.56,0.48,1.0,0.980568,0.937756,0.963286,0.945589,True,1.445416,2,0.0,0.973629,False
antifragile_escape,618,0.9,0.56,0.48,1.0,0.978439,0.943847,0.96333,0.949836,True,1.445416,2,0.0,0.974858,False
antifragile_escape,619,0.9,0.56,0.48,1.0,0.98195,0.937845,0.954172,0.942513,True,1.445416,2,0.0,0.972249,False
antifragile_escape,620,0.9,0.56,0.48,0.998461,0.98148,0.936676,0.958359,0.943288,True,1.445416,2,0.0,0.972048,False
antifragile_escape,621,0.9,0.56,0.48,1.0,0.972733,0.929613,0.956781,0.937911,True,1.445416,2,0.0,0.968921,False
antifragile_escape,622,0.9,0.56,0.48,0.989824,0.978183,0.924474,0.966588,0.9368,True,1.445416,2,0.0,0.96635,False
antifragile_escape,623,0.9,0.56,0.48,0.991438,0.981244,0.918563,0.970985,0.933597,True,1.445416,2,0.0,0.966681,False
antifragile_escape,624,0.9,0.56,0.48,0.98634,0.979876,0.917365,0.969603,0.93235,True,1.445416,2,0.0,0.963939,False
antifragile_escape,625,0.9,0.56,0.48,0.983658,0.990681,0.911034,0.979891,0.930548,True,1.445416,2,0.0,0.964949,False
antifragile_escape,626,0.9,0.56,0.48,0.98725,0.987922,0.910715,0.985093,0.930858,True,1.445416,2,0.0,0.966526,False
antifragile_escape,627,0.9,0.56,0.48,1.0,0.98573,0.913571,0.980693,0.932039,True,1.445416,2,0.0,0.971016,False
antifragile_escape,628,0.9,0.56,0.48,0.99443,0.983384,0.916762,0.9696,0.932176,True,1.445416,2,0.0,0.967515,False
antifragile_escape,629,0.9,0.56,0.48,1.0,0.990441,0.914883,0.961815,0.929238,True,1.445416,2,0.0,0.969121,False
antifragile_escape,630,0.9,0.56,0.48,0.985061,0.997289,0.91527,0.973551,0.932746,True,1.445416,2,0.0,0.96681,False
antifragile_escape,631,0.9,0.56,0.48,0.996006,0.996739,0.914944,0.965851,0.930512,True,1.445416,2,0.0,0.969466,False
antifragile_escape,632,0.9,0.56,0.48,1.0,1.0,0.922659,0.962957,0.935026,True,1.445416,2,0.0,0.973096,False
antifragile_escape,633,0.9,0.56,0.48,0.992652,1.0,0.919506,0.972564,0.935623,True,1.445416,2,0.0,0.971153,False
antifragile_escape,634,0.9,0.56,0.48,0.995247,1.0,0.923063,0.97126,0.937794,True,1.445416,2,0.0,0.972857,False
antifragile_escape,635,0.9,0.56,0.48,0.998723,0.997785,0.928747,0.97096,0.941676,True,1.445416,2,0.0,0.975226,False
antifragile_escape,636,0.9,0.56,0.48,1.0,0.997444,0.933077,0.968806,0.944061,True,1.445416,2,0.0,0.976414,False
antifragile_escape,637,0.9,0.56,0.48,1.0,1.0,0.939692,0.967091,0.947971,True,1.445416,2,0.0,0.978294,False
antifragile_escape,638,0.9,0.56,0.48,1.0,0.997877,0.937078,0.978969,0.949714,True,1.445416,2,0.0,0.979313,False
antifragile_escape,639,0.9,0.56,0.48,1.0,0.989528,0.941421,0.991808,0.954503,True,1.445416,2,0.0,0.980964,False
antifragile_escape,640,0.9,0.56,0.48,1.0,0.982727,0.949063,0.987347,0.958542,True,1.445416,2,0.0,0.980976,False
antifragile_escape,641,0.9,0.56,0.48,0.993724,0.992407,0.956991,0.987406,0.965632,True,1.445416,2,0.0,0.982619,False
antifragile_escape,642,0.9,0.56,0.48,1.0,0.99036,0.951202,0.97708,0.95906,True,1.445416,2,0.0,0.98136,False
antifragile_escape,643,0.9,0.56,0.48,0.991963,0.986812,0.956625,0.975277,0.962333,True,1.445416,2,0.0,0.978783,False
antifragile_escape,644,0.9,0.56,0.48,0.989776,0.987462,0.969001,0.973671,0.970049,True,1.445416,2,0.0,0.980998,False
antifragile_escape,645,0.9,0.56,0.48,0.980852,0.996828,0.966745,0.98049,0.970902,True,1.445416,2,0.0,0.979944,False
antifragile_escape,646,0.9,0.56,0.48,0.989345,1.0,0.964682,0.987424,0.971612,True,1.445416,2,0.0,0.984427,False
antifragile_escape,647,0.9,0.56,0.48,0.999168,0.997659,0.967472,0.984898,0.972826,True,1.445416,2,0.0,0.988032,False
antifragile_escape,648,0.9,0.56,0.48,0.994171,0.99919,0.968375,0.981953,0.972454,True,1.445416,2,0.0,0.986114,False
antifragile_escape,649,0.9,0.56,0.48,0.998843,0.995508,0.968222,0.976274,0.970271,True,1.445416,2,0.0,0.986142,False
antifragile_escape,650,0.9,0.56,0.48,1.0,0.997234,0.975877,0.964863,0.967902,True,1.445416,2,0.0,0.986389,False
antifragile_escape,651,0.9,0.56,0.48,1.0,0.989017,0.974931,0.966786,0.969105,True,1.445416,2,0.0,0.985153,False
antifragile_escape,652,0.9,0.56,0.48,0.994494,0.99163,0.975508,0.969522,0.970951,True,1.445416,2,0.0,0.98424,False
antifragile_escape,653,0.9,0.56,0.48,1.0,0.991173,0.986633,0.965377,0.971504,True,1.445416,2,0.0,0.987738,False
antifragile_escape,654,0.9,0.56,0.48,1.0,0.98938,0.990689,0.96426,0.971106,True,1.445416,2,0.0,0.987942,False
antifragile_escape,655,0.9,0.56,0.48,0.979097,0.997222,0.998253,0.976285,0.981983,True,1.445416,2,0.0,0.98576,False
antifragile_escape,656,0.9,0.56,0.48,0.972356,0.994759,0.998356,0.970708,0.977508,True,1.445416,2,0.0,0.981456,False
antifragile_escape,657,0.9,0.56,0.48,0.993872,0.997732,0.998323,0.963512,0.972691,True,1.445416,2,0.0,0.988576,False
antifragile_escape,658,0.9,0.56,0.48,0.998082,0.996041,1.0,0.960713,0.970573,True,1.445416,2,0.0,0.989527,False
antifragile_escape,659,0.9,0.56,0.48,1.0,0.987464,1.0,0.960856,0.968901,True,1.445416,2,0.0,0.988532,False
antifragile_escape,660,0.9,0.56,0.48,1.0,0.986893,0.992726,0.966182,0.972252,True,1.445416,2,0.0,0.988267,False
antifragile_escape,661,0.9,0.56,0.48,0.999709,0.987156,0.993596,0.956608,0.965406,True,1.445416,2,0.0,0.986199,False
antifragile_escape,662,0.9,0.56,0.48,1.0,0.985137,0.992373,0.958433,0.966241,True,1.445416,2,0.0,0.986082,False
antifragile_escape,663,0.9,0.56,0.48,0.995356,0.985211,0.998487,0.952941,0.962623,True,1.445416,2,0.0,0.984227,False
antifragile_escape,664,0.9,0.56,0.48,0.987903,0.991149,0.997963,0.948762,0.96079,True,1.445416,2,0.0,0.981565,False
antifragile_escape,665,0.9,0.56,0.48,0.988481,0.984101,0.991802,0.941006,0.953303,True,1.445416,2,0.0,0.977422,False
antifragile_escape,666,0.9,0.56,0.48,1.0,0.980014,0.99476,0.937144,0.949867,True,1.445416,2,0.0,0.980643,False
antifragile_escape,667,0.9,0.56,0.48,0.995391,0.980641,0.995179,0.952343,0.960936,True,1.445416,2,0.0,0.982537,False
antifragile_escape,668,0.9,0.56,0.48,0.994248,0.98513,1.0,0.943499,0.955884,True,1.445416,2,0.0,0.981934,False
antifragile_escape,669,0.9,0.56,0.48,0.995953,0.982919,0.998003,0.936781,0.950431,True,1.445416,2,0.0,0.980229,False
antifragile_escape,670,0.9,0.56,0.48,0.988172,0.982053,1.0,0.937839,0.951094,True,1.445416,2,0.0,0.977704,False
antifragile_escape,671,0.9,0.56,0.48,0.980983,0.981025,0.995458,0.940289,0.952401,True,1.445416,2,0.0,0.974469,False
antifragile_escape,672,0.9,0.56,0.48,0.991087,0.98209,0.996686,0.950106,0.959759,True,1.445416,2,0.0,0.980979,False
antifragile_escape,673,0.9,0.56,0.48,0.98888,0.979154,0.995596,0.950538,0.959271,True,1.445416,2,0.0,0.979417,False
antifragile_escape,674,0.9,0.56,0.48,0.976296,0.976197,0.997841,0.952325,0.959653,True,1.445416,2,0.0,0.974803,False
antifragile_escape,675,0.9,0.56,0.48,0.99554,0.98122,1.0,0.95786,0.965041,True,1.445416,2,0.0,0.98483,False
antifragile_escape,676,0.9,0.56,0.48,1.0,0.987295,1.0,0.957454,0.966425,True,1.445416,2,0.0,0.987728,False
antifragile_escape,677,0.9,0.56,0.48,1.0,0.991271,0.995678,0.957142,0.966725,True,1.445416,2,0.0,0.987658,False
antifragile_escape,678,0.9,0.56,0.48,1.0,0.99012,0.998496,0.966728,0.973688,True,1.445416,2,0.0,0.990135,False
antifragile_escape,679,0.9,0.56,0.48,1.0,0.982863,1.0,0.973903,0.976386,True,1.445416,2,0.0,0.990428,False
antifragile_escape,680,0.9,0.56,0.48,1.0,0.976187,0.998268,0.98308,0.978005,True,1.445416,2,0.0,0.990394,False
antifragile_escape,681,0.9,0.56,0.48,1.0,0.979847,1.0,0.973914,0.975097,True,1.445416,2,0.0,0.989732,False
antifragile_escape,682,0.9,0.56,0.48,0.999124,0.97756,0.992668,0.967898,0.970711,True,1.445416,2,0.0,0.986299,False
antifragile_escape,683,0.9,0.56,0.48,0.993826,0.982441,0.988834,0.961249,0.967487,True,1.445416,2,0.0,0.983157,False
antifragile_escape,684,0.9,0.56,0.48,1.0,0.981121,0.989258,0.966186,0.970734,True,1.445416,2,0.0,0.986422,False
antifragile_escape,685,0.9,0.56,0.48,1.0,0.975226,0.989925,0.969673,0.971012,True,1.445416,2,0.0,0.986003,False
antifragile_escape,686,0.9,0.56,0.48,0.996475,0.971396,0.988876,0.965701,0.966943,True,1.445416,2,0.0,0.982741,False
antifragile_escape,687,0.9,0.56,0.48,0.987234,0.962479,0.98709,0.965319,0.962285,True,1.445416,2,0.0,0.97669,False
antifragile_escape,688,0.9,0.56,0.48,0.98598,0.960808,0.984984,0.96691,0.962175,True,1.445416,2,0.0,0.975743,False
antifragile_escape,689,0.9,0.56,0.48,1.0,0.964505,0.980435,0.968126,0.965227,True,1.445416,2,0.0,0.981454,False
antifragile_escape,690,0.9,0.56,0.48,1.0,0.961599,0.985423,0.969002,0.963545,True,1.445416,2,0.0,0.98175,False
antifragile_escape,691,0.9,0.56,0.48,1.0,0.963533,0.984135,0.972649,0.966274,True,1.445416,2,0.0,0.982704,False
antifragile_escape,692,0.9,0.56,0.48,1.0,0.964719,0.982012,0.970427,0.966271,True,1.445416,2,0.0,0.982224,False
antifragile_escape,693,0.9,0.56,0.48,1.0,0.96049,0.988953,0.963249,0.960003,True,1.445416,2,0.0,0.980955,False
antifragile_escape,694,0.9,0.56,0.48,1.0,0.948351,1.0,0.961418,0.951286,True,1.445416,2,0.0,0.979456,False
antifragile_escape,695,0.9,0.56,0.48,1.0,0.95372,1.0,0.968158,0.957526,True,1.445416,2,0.0,0.982115,False
antifragile_escape,696,0.9,0.56,0.48,1.0,0.957761,1.0,0.974189,0.962539,True,1.445416,2,0.0,0.984288,False
antifragile_escape,697,0.9,0.56,0.48,1.0,0.955143,1.0,0.974856,0.961062,True,1.445416,2,0.0,0.983733,False
antifragile_escape,698,0.9,0.56,0.48,0.998092,0.959777,0.998481,0.984823,0.967404,True,1.445416,2,0.0,0.985725,False
antifragile_escape,699,0.9,0.56,0.48,1.0,0.947581,0.997997,0.987583,0.959248,True,1.445416,2,0.0,0.983575,False
antifragile_escape,700,0.9,0.56,0.48,1.0,0.946413,0.998329,0.994914,0.959732,True,1.445416,2,0.0,0.984509,False
antifragile_escape,701,0.9,0.56,0.48,1.0,0.94546,0.992888,0.997033,0.958573,True,1.445416,2,0.0,0.983516,False
antifragile_escape,702,0.9,0.56,0.48,1.0,0.945718,0.998282,1.0,0.959919,True,1.445416,2,0.0,0.98511,False
antifragile_escape,703,0.9,0.56,0.48,0.998055,0.942971,1.0,0.999747,0.958105,True,1.445416,2,0.0,0.983933,False
antifragile_escape,704,0.9,0.56,0.48,0.988176,0.949079,0.996719,1.0,0.962154,True,1.445416,2,0.0,0.981209,False
antifragile_escape,705,0.9,0.56,0.48,0.981305,0.949807,0.995759,1.0,0.962537,True,1.445416,2,0.0,0.978602,False
antifragile_escape,706,0.9,0.56,0.48,0.974269,0.954209,1.0,0.998882,0.966235,True,1.445416,2,0.0,0.977772,False
antifragile_escape,707,0.9,0.56,0.48,0.981217,0.957176,1.0,1.0,0.968566,True,1.445416,2,0.0,0.981382,False
antifragile_escape,708,0.9,0.56,0.48,0.992739,0.965016,1.0,0.991035,0.972739,True,1.445416,2,0.0,0.986417,False
antifragile_escape,709,0.9,0.56,0.48,0.997894,0.958834,0.997839,0.982755,0.966159,True,1.445416,2,0.0,0.984926,False
antifragile_escape,710,0.9,0.56,0.48,1.0,0.949766,0.99999,0.982754,0.959791,True,1.445416,2,0.0,0.983717,False
antifragile_escape,711,0.9,0.56,0.48,1.0,0.945942,0.995365,0.979863,0.95618,True,1.445416,2,0.0,0.981358,False
antifragile_escape,712,0.9,0.56,0.48,1.0,0.945857,0.992916,0.978149,0.955604,True,1.445416,2,0.0,0.980592,False
antifragile_escape,713,0.9,0.56,0.48,0.997434,0.94357,1.0,0.981103,0.954957,True,1.445416,2,0.0,0.980817,False
antifragile_escape,714,0.9,0.56,0.48,1.0,0.939216,1.0,0.980208,0.951625,True,1.445416,2,0.0,0.980483,False
antifragile_escape,715,0.9,0.56,0.48,1.0,0.943806,1.0,0.983205,0.955651,True,1.445416,2,0.0,0.982212,False
antifragile_escape,716,0.9,0.56,0.48,1.0,0.952162,1.0,0.994344,0.964027,True,1.445416,2,0.0,0.986281,False
antifragile_escape,717,0.9,0.56,0.48,1.0,0.954609,1.0,0.986948,0.964301,True,1.445416,2,0.0,0.985718,False
antifragile_escape,718,0.9,0.56,0.48,1.0,0.953002,1.0,0.987331,0.963235,True,1.445416,2,0.0,0.985355,False
antifragile_escape,719,0.9,0.56,0.48,1.0,0.954926,0.991797,0.998324,0.965442,True,1.445416,2,0.0,0.986029,False
fixed_gv_escape,0,0.82,0.88,0.86,0.352633,0.997945,0.99707,1.0,0.997294,True,0.0,0,0.0,0.752778,False
fixed_gv_escape,1,0.82,0.88,0.86,0.359468,0.997363,1.0,1.0,0.998064,True,0.0,0,0.0,0.755891,False
fixed_gv_escape,2,0.82,0.88,0.86,0.365453,0.994797,1.0,1.0,0.996181,True,0.0,0,0.0,0.757477,False
fixed_gv_escape,3,0.82,0.88,0.86,0.36378,0.999218,0.994562,0.996565,0.995161,True,0.0,0,0.0,0.756055,False
fixed_gv_escape,4,0.82,0.88,0.86,0.358483,1.0,0.988915,0.992477,0.98987,True,0.0,0,0.0,0.75196,False
fixed_gv_escape,5,0.82,0.88,0.86,0.357199,0.998871,0.983185,0.997706,0.987188,True,0.0,0,0.0,0.750647,False
fixed_gv_escape,6,0.82,0.88,0.86,0.36639,1.0,0.984144,0.994631,0.987328,True,0.0,0,0.0,0.754102,False
fixed_gv_escape,7,0.82,0.88,0.86,0.37999,1.0,0.980473,0.995035,0.984792,True,0.0,0,0.0,0.758361,False
fixed_gv_escape,8,0.82,0.88,0.86,0.374244,1.0,0.978581,0.989473,0.981918,True,0.0,0,0.0,0.754714,False
fixed_gv_escape,9,0.82,0.88,0.86,0.365013,0.997771,0.97873,0.984545,0.980243,True,0.0,0,0.0,0.749941,False
fixed_gv_escape,10,0.82,0.88,0.86,0.369289,1.0,0.978992,0.988483,0.981857,True,0.0,0,0.0,0.752759,False
fixed_gv_escape,11,0.82,0.88,0.86,0.366272,1.0,0.972063,0.992074,0.978053,True,0.0,0,0.0,0.750411,False
fixed_gv_escape,12,0.82,0.88,0.86,0.376897,0.997969,0.979299,0.985582,0.981023,True,0.0,0,0.0,0.754834,False
fixed_gv_escape,13,0.82,0.88,0.86,0.383225,1.0,0.989936,0.986275,0.987138,True,0.0,0,0.0,0.760349,False
fixed_gv_escape,14,0.82,0.88,0.86,0.384188,1.0,0.984593,0.989218,0.985784,True,0.0,0,0.0,0.760003,False
fixed_gv_escape,15,0.82,0.88,0.86,0.378495,1.0,0.977193,0.992112,0.98173,True,0.0,0,0.0,0.756426,False
fixed_gv_escape,16,0.82,0.88,0.86,0.377764,0.994186,0.97505,0.98656,0.97858,True,0.0,0,0.0,0.753561,False
fixed_gv_escape,17,0.82,0.88,0.86,0.381861,0.992529,0.985865,0.982658,0.983522,True,0.0,0,0.0,0.756813,False
fixed_gv_escape,18,0.82,0.88,0.86,0.376811,0.993196,0.993399,0.98998,0.990861,True,0.0,0,0.0,0.758276,False
fixed_gv_escape,19,0.82,0.88,0.86,0.384532,0.995933,0.990362,0.993984,0.991465,True,0.0,0,0.0,0.761789,False
fixed_gv_escape,20,0.82,0.88,0.86,0.391585,0.999456,0.994692,0.985404,0.988224,True,0.0,0,0.0,0.764293,False
fixed_gv_escape,21,0.82,0.88,0.86,0.386731,0.995934,1.0,0.984334,0.987781,True,0.0,0,0.0,0.762566,False
fixed_gv_escape,22,0.82,0.88,0.86,0.399232,0.990373,0.997315,0.992311,0.990847,True,0.0,0,0.0,0.767317,False
fixed_gv_escape,23,0.82,0.88,0.86,0.390019,0.993933,0.995019,1.0,0.994072,True,0.0,0,0.0,0.765507,False
fixed_gv_escape,24,0.82,0.88,0.86,0.401709,1.0,0.990067,0.998841,0.992533,True,0.0,0,0.0,0.769803,False
fixed_gv_escape,25,0.82,0.88,0.86,0.39813,1.0,0.989024,0.997406,0.991495,True,0.0,0,0.0,0.76793,False
fixed_gv_escape,26,0.82,0.88,0.86,0.40198,1.0,0.985769,0.994155,0.988343,True,0.0,0,0.0,0.767974,False
fixed_gv_escape,27,0.82,0.88,0.86,0.404902,0.997367,0.988151,0.983446,0.98474,True,0.0,0,0.0,0.767107,False
fixed_gv_escape,28,0.82,0.88,0.86,0.409336,0.993065,0.986836,0.97882,0.981284,True,0.0,0,0.0,0.766719,False
fixed_gv_escape,29,0.82,0.88,0.86,0.412767,0.994339,0.984342,0.979377,0.980731,True,0.0,0,0.0,0.767815,False
fixed_gv_escape,30,0.82,0.88,0.86,0.414689,0.988892,0.98316,0.964653,0.97011,True,0.0,0,0.0,0.764016,False
fixed_gv_escape,31,0.82,0.88,0.86,0.42968,0.994216,0.991593,0.974068,0.979023,True,0.0,0,0.0,0.774576,False
fixed_gv_escape,32,0.82,0.88,0.86,0.429337,0.988171,0.998732,0.975254,0.979225,True,0.0,0,0.0,0.774833,False
fixed_gv_escape,33,0.82,0.88,0.86,0.429697,1.0,0.997831,0.984032,0.987944,True,0.0,0,0.0,0.779212,False
fixed_gv_escape,34,0.82,0.88,0.86,0.424793,0.99709,0.991699,0.977145,0.981484,True,0.0,0,0.0,0.773982,False
fixed_gv_escape,35,0.82,0.88,0.86,0.4265,0.997494,0.995293,0.966704,0.974576,True,0.0,0,0.0,0.773059,False
fixed_gv_escape,36,0.82,0.88,0.86,0.426987,1.0,0.999162,0.975955,0.982234,True,0.0,0,0.0,0.776606,False
fixed_gv_escape,37,0.82,0.88,0.86,0.413278,1.0,1.0,0.97049,0.978339,True,0.0,0,0.0,0.770315,False
fixed_gv_escape,38,0.82,0.88,0.86,0.41367,0.991943,1.0,0.968016,0.975108,True,0.0,0,0.0,0.76828,False
fixed_gv_escape,39,0.82,0.88,0.86,0.413249,0.999604,0.999755,0.969476,0.977509,True,0.0,0,0.0,0.769947,False
fixed_gv_escape,40,0.82,0.88,0.86,0.420232,1.0,1.0,0.974537,0.98131,True,0.0,0,0.0,0.773881,False
fixed_gv_escape,41,0.82,0.88,0.86,0.41247,0.994743,0.99877,0.970966,0.977732,True,0.0,0,0.0,0.768834,False
fixed_gv_escape,42,0.82,0.88,0.86,0.400773,0.986826,0.997269,0.971444,0.976164,True,0.0,0,0.0,0.762573,False
fixed_gv_escape,43,0.82,0.88,0.86,0.404684,0.984629,1.0,0.971354,0.975378,True,0.0,0,0.0,0.764048,False
fixed_gv_escape,44,0.82,0.88,0.86,0.40959,0.97669,0.999456,0.964822,0.968108,True,0.0,0,0.0,0.762598,False
fixed_gv_escape,45,0.82,0.88,0.86,0.406909,0.9797,0.991419,0.965994,0.970206,True,0.0,0,0.0,0.761091,False
fixed_gv_escape,46,0.82,0.88,0.86,0.41745,0.97574,0.991789,0.968146,0.970181,True,0.0,0,0.0,0.764748,False
fixed_gv_escape,47,0.82,0.88,0.86,0.408879,0.97102,1.0,0.967489,0.967123,True,0.0,0,0.0,0.761661,False
fixed_gv_escape,48,0.82,0.88,0.86,0.407499,0.9553,1.0,0.973349,0.960609,True,0.0,0,0.0,0.758345,False
fixed_gv_escape,49,0.82,0.88,0.86,0.407013,0.962218,0.989499,0.96624,0.962431,True,0.0,0,0.0,0.756739,False
fixed_gv_escape,50,0.82,0.88,0.86,0.404274,0.961619,0.98224,0.968566,0.963527,True,0.0,0,0.0,0.754741,False
fixed_gv_escape,51,0.82,0.88,0.86,0.411948,0.964003,0.984027,0.960856,0.960906,True,0.0,0,0.0,0.757014,False
fixed_gv_escape,52,0.82,0.88,0.86,0.412581,0.964113,0.990808,0.957745,0.958714,True,0.0,0,0.0,0.757796,False
fixed_gv_escape,53,0.82,0.88,0.86,0.427417,0.969735,0.985208,0.945929,0.953225,True,0.0,0,0.0,0.761125,False
fixed_gv_escape,54,0.82,0.88,0.86,0.431588,0.966196,0.992705,0.942425,0.949652,True,0.0,0,0.0,0.762503,False
fixed_gv_escape,55,0.82,0.88,0.86,0.439067,0.960555,0.992273,0.950733,0.952786,True,0.0,0,0.0,0.765791,False
fixed_gv_escape,56,0.82,0.88,0.86,0.452326,0.968572,0.992557,0.93823,0.947558,True,0.0,0,0.0,0.769946,False
fixed_gv_escape,57,0.82,0.88,0.86,0.461713,0.960238,0.990826,0.942163,0.947338,True,0.0,0,0.0,0.772226,False
fixed_gv_escape,58,0.82,0.88,0.86,0.460393,0.957602,0.990794,0.94605,0.948695,True,0.0,0,0.0,0.771951,False
fixed_gv_escape,59,0.82,0.88,0.86,0.472067,0.954113,0.991798,0.950383,0.949531,True,0.0,0,0.0,0.776647,False
fixed_gv_escape,60,0.82,0.88,0.86,0.482065,0.95642,0.996784,0.953076,0.951876,True,0.0,0,0.0,0.782417,False
fixed_gv_escape,61,0.82,0.88,0.86,0.480285,0.953978,1.0,0.958334,0.953138,True,0.0,0,0.0,0.782768,False
fixed_gv_escape,62,0.82,0.88,0.86,0.485012,0.941152,0.996556,0.965384,0.948422,True,0.0,0,0.0,0.782057,False
fixed_gv_escape,63,0.82,0.88,0.86,0.489236,0.924867,0.994309,0.96848,0.938193,True,0.0,0,0.0,0.779531,False
fixed_gv_escape,64,0.82,0.88,0.86,0.500214,0.925919,0.99349,0.961458,0.936831,True,0.0,0,0.0,0.782599,False
fixed_gv_escape,65,0.82,0.88,0.86,0.493402,0.917114,0.98718,0.971697,0.933119,True,0.0,0,0.0,0.778277,False
fixed_gv_escape,66,0.82,0.88,0.86,0.498441,0.916586,0.976831,0.978185,0.932785,True,0.0,0,0.0,0.779103,False
fixed_gv_escape,67,0.82,0.88,0.86,0.497283,0.918827,0.978928,0.974498,0.934172,True,0.0,0,0.0,0.779094,False
fixed_gv_escape,68,0.82,0.88,0.86,0.494154,0.916835,0.974938,0.981104,0.933015,True,0.0,0,0.0,0.777614,False
fixed_gv_escape,69,0.82,0.88,0.86,0.499842,0.920346,0.981473,0.980887,0.936525,True,0.0,0,0.0,0.781974,False
fixed_gv_escape,70,0.82,0.88,0.86,0.501744,0.925406,0.973026,0.965646,0.936905,True,0.0,0,0.0,0.779999,False
fixed_gv_escape,71,0.82,0.88,0.86,0.508473,0.930556,0.970707,0.975643,0.941806,True,0.0,0,0.0,0.785054,False
fixed_gv_escape,72,0.82,0.88,0.86,0.51512,0.936263,0.981922,0.974491,0.947222,True,0.0,0,0.0,0.791114,False
fixed_gv_escape,73,0.82,0.88,0.86,0.506415,0.94754,0.985007,0.977995,0.956357,True,0.0,0,0.0,0.791978,False
fixed_gv_escape,74,0.82,0.88,0.86,0.512296,0.941342,0.984293,0.972824,0.950719,True,0.0,0,0.0,0.791568,False
fixed_gv_escape,75,0.82,0.88,0.86,0.512355,0.939626,0.976417,0.983216,0.950144,True,0.0,0,0.0,0.79125,False
fixed_gv_escape,76,0.82,0.88,0.86,0.513831,0.946032,0.97997,0.985387,0.955659,True,0.0,0,0.0,0.794569,False
fixed_gv_escape,77,0.82,0.88,0.86,0.518183,0.951715,0.985106,0.986814,0.960811,True,0.0,0,0.0,0.798988,False
fixed_gv_escape,78,0.82,0.88,0.86,0.533706,0.950335,0.987912,0.989703,0.960555,True,0.0,0,0.0,0.805518,False
fixed_gv_escape,79,0.82,0.88,0.86,0.530523,0.949742,0.985331,0.981271,0.958594,True,0.0,0,0.0,0.802321,False
fixed_gv_escape,80,0.82,0.88,0.86,0.535933,0.958885,0.98911,0.966251,0.960478,True,0.0,0,0.0,0.804826,False
fixed_gv_escape,81,0.82,0.88,0.86,0.534748,0.96287,0.98936,0.966134,0.962764,True,0.0,0,0.0,0.805396,False
fixed_gv_escape,82,0.82,0.88,0.86,0.537848,0.97208,0.98957,0.973691,0.971738,True,0.0,0,0.0,0.810405,False
fixed_gv_escape,83,0.82,0.88,0.86,0.546465,0.96222,0.996591,0.971754,0.96454,True,0.0,0,0.0,0.812033,False
fixed_gv_escape,84,0.82,0.88,0.86,0.541964,0.956274,1.0,0.966882,0.958556,True,0.0,0,0.0,0.808466,False
fixed_gv_escape,85,0.82,0.88,0.86,0.546192,0.9551,0.999731,0.960095,0.95467,True,0.0,0,0.0,0.808396,False
fixed_gv_escape,86,0.82,0.88,0.86,0.54081,0.95411,1.0,0.962849,0.955409,True,0.0,0,0.0,0.806695,False
fixed_gv_escape,87,0.82,0.88,0.86,0.550902,0.955481,0.996747,0.968474,0.958924,True,0.0,0,0.0,0.811401,False
fixed_gv_escape,88,0.82,0.88,0.86,0.544856,0.967939,0.996743,0.968956,0.966536,True,0.0,0,0.0,0.812326,False
fixed_gv_escape,89,0.82,0.88,0.86,0.557576,0.965777,0.987574,0.96584,0.964343,True,0.0,0,0.0,0.814421,False
fixed_gv_escape,90,0.82,0.88,0.86,0.567513,0.965301,0.996196,0.97138,0.966267,True,0.0,0,0.0,0.82067,False
fixed_gv_escape,91,0.82,0.88,0.86,0.569466,0.968346,0.991322,0.972289,0.968792,True,0.0,0,0.0,0.821513,False
fixed_gv_escape,92,0.82,0.88,0.86,0.55925,0.968185,0.989771,0.979311,0.971597,True,0.0,0,0.0,0.818642,False
fixed_gv_escape,93,0.82,0.88,0.86,0.559478,0.966274,0.995846,0.979687,0.970326,True,0.0,0,0.0,0.819379,False
fixed_gv_escape,94,0.82,0.88,0.86,0.568056,0.964851,0.997412,0.978188,0.96879,True,0.0,0,0.0,0.82227,False
fixed_gv_escape,95,0.82,0.88,0.86,0.560678,0.960992,1.0,0.986214,0.968673,True,0.0,0,0.0,0.820347,False
fixed_gv_escape,96,0.82,0.88,0.86,0.574954,0.961352,0.988697,0.968628,0.963064,True,0.0,0,0.0,0.820667,False
fixed_gv_escape,97,0.82,0.88,0.86,0.578076,0.962147,0.992844,0.966298,0.962205,True,0.0,0,0.0,0.822314,False
fixed_gv_escape,98,0.82,0.88,0.86,0.578052,0.963515,0.994449,0.962601,0.960939,True,0.0,0,0.0,0.82217,False
fixed_gv_escape,99,0.82,0.88,0.86,0.576361,0.95942,0.991366,0.970202,0.962384,True,0.0,0,0.0,0.821473,False
fixed_gv_escape,100,0.82,0.88,0.86,0.574084,0.966227,1.0,0.972378,0.967051,True,0.0,0,0.0,0.824252,False
fixed_gv_escape,101,0.82,0.88,0.86,0.585653,0.963633,1.0,0.965533,0.962182,True,0.0,0,0.0,0.826639,False
fixed_gv_escape,102,0.82,0.88,0.86,0.583924,0.962336,0.995501,0.964872,0.961425,True,0.0,0,0.0,0.824755,False
fixed_gv_escape,103,0.82,0.88,0.86,0.586248,0.95231,0.991162,0.956838,0.952025,True,0.0,0,0.0,0.820799,False
fixed_gv_escape,104,0.82,0.88,0.86,0.593554,0.955318,0.98671,0.959648,0.955418,True,0.0,0,0.0,0.824117,False
fixed_gv_escape,105,0.82,0.88,0.86,0.587728,0.961146,0.992028,0.966584,0.961811,True,0.0,0,0.0,0.825647,False
fixed_gv_escape,106,0.82,0.88,0.86,0.600443,0.959381,0.996194,0.964548,0.959542,True,0.0,0,0.0,0.830354,False
fixed_gv_escape,107,0.82,0.88,0.86,0.584354,0.958821,0.996858,0.96318,0.958505,True,0.0,0,0.0,0.823942,False
fixed_gv_escape,108,0.82,0.88,0.86,0.578334,0.956707,0.991526,0.960931,0.956534,True,0.0,0,0.0,0.819763,False
fixed_gv_escape,109,0.82,0.88,0.86,0.593438,0.953836,0.987449,0.955192,0.952287,True,0.0,0,0.0,0.822939,False
fixed_gv_escape,110,0.82,0.88,0.86,0.605686,0.954622,0.979459,0.948732,0.949619,True,0.0,0,0.0,0.825072,False
fixed_gv_escape,111,0.82,0.88,0.86,0.613361,0.943623,0.978163,0.960021,0.948611,True,0.0,0,0.0,0.827235,False
fixed_gv_escape,112,0.82,0.88,0.86,0.628558,0.949253,0.97233,0.959496,0.952335,True,0.0,0,0.0,0.833347,False
fixed_gv_escape,113,0.82,0.88,0.86,0.624218,0.944997,0.982223,0.954879,0.947317,True,0.0,0,0.0,0.831464,False
fixed_gv_escape,114,0.82,0.88,0.86,0.624006,0.946538,0.986142,0.952678,0.946992,True,0.0,0,0.0,0.832019,False
fixed_gv_escape,115,0.82,0.88,0.86,0.610915,0.950822,0.971757,0.952774,0.950425,True,0.0,0,0.0,0.825651,False
fixed_gv_escape,116,0.82,0.88,0.86,0.619173,0.944547,0.965609,0.950097,0.945841,True,0.0,0,0.0,0.825628,False
fixed_gv_escape,117,0.82,0.88,0.86,0.632876,0.947372,0.954477,0.951554,0.948656,True,0.0,0,0.0,0.829882,False
fixed_gv_escape,118,0.82,0.88,0.86,0.633891,0.952145,0.957221,0.949797,0.95042,True,0.0,0,0.0,0.831587,False
fixed_gv_escape,119,0.82,0.88,0.86,0.638239,0.9479,0.955069,0.954218,0.949678,True,0.0,0,0.0,0.832617,False
fixed_gv_escape,120,0.82,0.88,0.86,0.641214,0.952829,0.947786,0.957101,0.949336,True,0.0,0,0.0,0.833687,False
fixed_gv_escape,121,0.82,0.88,0.86,0.654328,0.951039,0.947944,0.964775,0.948369,True,0.0,0,0.0,0.839334,False
fixed_gv_escape,122,0.82,0.88,0.86,0.648737,0.967857,0.943076,0.965472,0.949314,True,0.0,0,0.0,0.839572,False
fixed_gv_escape,123,0.82,0.88,0.86,0.654158,0.967709,0.943721,0.965126,0.949713,True,0.0,0,0.0,0.841721,False
fixed_gv_escape,124,0.82,0.88,0.86,0.67464,0.967383,0.949036,0.964192,0.9534,True,0.0,0,0.0,0.850713,False
fixed_gv_escape,125,0.82,0.88,0.86,0.674276,0.959089,0.949642,0.962853,0.952471,True,0.0,0,0.0,0.848892,False
fixed_gv_escape,126,0.82,0.88,0.86,0.667983,0.956886,0.945802,0.972652,0.949082,True,0.0,0,0.0,0.846378,False
fixed_gv_escape,127,0.82,0.88,0.86,0.675761,0.964035,0.946595,0.965233,0.951381,True,0.0,0,0.0,0.850001,False
fixed_gv_escape,128,0.82,0.88,0.86,0.685919,0.957579,0.950592,0.96699,0.952676,True,0.0,0,0.0,0.85382,False
fixed_gv_escape,129,0.82,0.88,0.86,0.692972,0.953284,0.94626,0.972297,0.947931,True,0.0,0,0.0,0.855121,False
fixed_gv_escape,130,0.82,0.88,0.86,0.674251,0.958615,0.941698,0.975953,0.946868,True,0.0,0,0.0,0.848529,False
fixed_gv_escape,131,0.82,0.88,0.86,0.677665,0.965864,0.944416,0.986218,0.950992,True,0.0,0,0.0,0.853553,False
fixed_gv_escape,132,0.82,0.88,0.86,0.680879,0.970955,0.944986,0.993556,0.952964,True,0.0,0,0.0,0.857057,False
fixed_gv_escape,133,0.82,0.88,0.86,0.700714,0.984582,0.948373,0.99707,0.959121,True,0.0,0,0.0,0.868888,False
fixed_gv_escape,134,0.82,0.88,0.86,0.694497,0.977185,0.957501,0.998804,0.963493,True,0.0,0,0.0,0.867604,False
fixed_gv_escape,135,0.82,0.88,0.86,0.697866,0.963572,0.957667,0.994323,0.958195,True,0.0,0,0.0,0.8652,False
fixed_gv_escape,136,0.82,0.88,0.86,0.709106,0.968154,0.961344,0.985513,0.963021,True,0.0,0,0.0,0.870304,False
fixed_gv_escape,137,0.82,0.88,0.86,0.717421,0.976606,0.975243,0.975804,0.975409,True,0.0,0,0.0,0.877615,False
fixed_gv_escape,138,0.82,0.88,0.86,0.714763,0.978361,0.976086,0.975145,0.975383,True,0.0,0,0.0,0.876977,False
fixed_gv_escape,139,0.82,0.88,0.86,0.709231,0.972781,0.970678,0.973748,0.971313,True,0.0,0,0.0,0.872213,False
fixed_gv_escape,140,0.82,0.88,0.86,0.712123,0.972627,0.966862,0.9798,0.968597,True,0.0,0,0.0,0.873118,False
fixed_gv_escape,141,0.82,0.88,0.86,0.723904,0.972299,0.967737,0.977045,0.96913,True,0.0,0,0.0,0.877372,False
fixed_gv_escape,142,0.82,0.88,0.86,0.732882,0.970685,0.971841,0.972876,0.97104,True,0.0,0,0.0,0.880877,False
fixed_gv_escape,143,0.82,0.88,0.86,0.731523,0.976698,0.973074,0.982837,0.974111,True,0.0,0,0.0,0.883428,False
fixed_gv_escape,144,0.82,0.88,0.86,0.722993,0.973718,0.965596,0.975069,0.967905,True,0.0,0,0.0,0.876472,False
fixed_gv_escape,145,0.82,0.88,0.86,0.72624,0.971649,0.964334,0.972253,0.966353,True,0.0,0,0.0,0.876526,False
fixed_gv_escape,146,0.82,0.88,0.86,0.723636,0.96459,0.970209,0.971814,0.966238,True,0.0,0,0.0,0.875248,False
fixed_gv_escape,147,0.82,0.88,0.86,0.722706,0.970756,0.977619,0.969554,0.969623,True,0.0,0,0.0,0.877428,False
fixed_gv_escape,148,0.82,0.88,0.86,0.731917,0.975106,0.969845,0.963721,0.965603,True,0.0,0,0.0,0.879013,False
fixed_gv_escape,149,0.82,0.88,0.86,0.73996,0.974302,0.969801,0.95469,0.959134,True,0.0,0,0.0,0.879876,False
fixed_gv_escape,150,0.82,0.88,0.86,0.739417,0.97106,0.971438,0.959586,0.962686,True,0.0,0,0.0,0.880492,False
fixed_gv_escape,151,0.82,0.88,0.86,0.742536,0.978643,0.967338,0.950781,0.955862,True,0.0,0,0.0,0.880253,False
fixed_gv_escape,152,0.82,0.88,0.86,0.733035,0.979389,0.963661,0.940571,0.947656,True,0.0,0,0.0,0.873701,False
fixed_gv_escape,153,0.82,0.88,0.86,0.732014,0.970198,0.97017,0.93803,0.946582,True,0.0,0,0.0,0.872346,False
fixed_gv_escape,154,0.82,0.88,0.86,0.729427,0.967871,0.973157,0.943498,0.950529,True,0.0,0,0.0,0.872721,False
fixed_gv_escape,155,0.82,0.88,0.86,0.731989,0.972032,0.978458,0.946442,0.953889,True,0.0,0,0.0,0.876213,False
fixed_gv_escape,156,0.82,0.88,0.86,0.723707,0.976489,0.979374,0.94561,0.954168,True,0.0,0,0.0,0.873949,False
fixed_gv_escape,157,0.82,0.88,0.86,0.715564,0.987077,0.979876,0.94919,0.958084,True,0.0,0,0.0,0.873822,False
fixed_gv_escape,158,0.82,0.88,0.86,0.705507,0.986637,0.982504,0.954812,0.962641,True,0.0,0,0.0,0.871729,False
fixed_gv_escape,159,0.82,0.88,0.86,0.691247,0.977799,0.995355,0.949649,0.958266,True,0.0,0,0.0,0.865784,False
fixed_gv_escape,160,0.82,0.88,0.86,0.687054,0.977388,0.99925,0.946278,0.955831,True,0.0,0,0.0,0.864054,False
fixed_gv_escape,161,0.82,0.88,0.86,0.69094,0.98085,0.997667,0.951885,0.960729,True,0.0,0,0.0,0.867242,False
fixed_gv_escape,162,0.82,0.88,0.86,0.69317,0.991818,0.994069,0.957952,0.967237,True,0.0,0,0.0,0.871046,False
fixed_gv_escape,163,0.82,0.88,0.86,0.687901,0.993353,0.994296,0.954128,0.964683,True,0.0,0,0.0,0.868519,False
fixed_gv_escape,164,0.82,0.88,0.86,0.692352,0.993122,0.99406,0.955001,0.965261,True,0.0,0,0.0,0.870318,False
fixed_gv_escape,165,0.82,0.88,0.86,0.69675,0.98947,1.0,0.947931,0.960027,True,0.0,0,0.0,0.870783,False
fixed_gv_escape,166,0.82,0.88,0.86,0.695984,1.0,0.992079,0.95209,0.963566,True,0.0,0,0.0,0.871969,False
fixed_gv_escape,167,0.82,0.88,0.86,0.701933,1.0,0.999618,0.95086,0.963878,True,0.0,0,0.0,0.875452,False
fixed_gv_escape,168,0.82,0.88,0.86,0.6903,1.0,0.994866,0.951255,0.963451,True,0.0,0,0.0,0.87018,False
fixed_gv_escape,169,0.82,0.88,0.86,0.696819,0.989821,0.995914,0.945397,0.957906,True,0.0,0,0.0,0.869528,False
fixed_gv_escape,170,0.82,0.88,0.86,0.709337,0.993662,1.0,0.956437,0.967032,True,0.0,0,0.0,0.878352,False
fixed_gv_escape,171,0.82,0.88,0.86,0.724609,0.985064,1.0,0.954819,0.963986,True,0.0,0,0.0,0.882016,False
fixed_gv_escape,172,0.82,0.88,0.86,0.732805,0.991194,1.0,0.9575,0.96733,True,0.0,0,0.0,0.88701,False
fixed_gv_escape,173,0.82,0.88,0.86,0.7403,0.993287,1.0,0.960033,0.969587,True,0.0,0,0.0,0.890861,False
fixed_gv_escape,174,0.82,0.88,0.86,0.730562,0.992706,0.991697,0.962924,0.970706,True,0.0,0,0.0,0.8861,False
fixed_gv_escape,175,0.82,0.88,0.86,0.730049,0.993695,0.996492,0.95166,0.963185,True,0.0,0,0.0,0.884467,False
fixed_gv_escape,176,0.82,0.88,0.86,0.736245,0.976507,0.990739,0.959754,0.964902,True,0.0,0,0.0,0.884031,False
fixed_gv_escape,177,0.82,0.88,0.86,0.74252,0.982524,0.992315,0.964326,0.969864,True,0.0,0,0.0,0.889018,False
fixed_gv_escape,178,0.82,0.88,0.86,0.746726,0.979268,1.0,0.974554,0.975212,True,0.0,0,0.0,0.893487,False
fixed_gv_escape,179,0.82,0.88,0.86,0.746742,0.974184,1.0,0.978601,0.974679,True,0.0,0,0.0,0.89308,False
fixed_gv_escape,180,0.82,0.88,0.86,0.744953,0.977533,0.993488,0.983064,0.979072,True,0.0,0,0.0,0.892983,False
fixed_gv_escape,181,0.82,0.88,0.86,0.761281,0.982476,0.985397,0.98477,0.983147,True,0.0,0,0.0,0.899349,False
fixed_gv_escape,182,0.82,0.88,0.86,0.757612,0.982661,0.994328,0.988942,0.984591,True,0.0,0,0.0,0.900353,False
fixed_gv_escape,183,0.82,0.88,0.86,0.755029,0.977256,1.0,0.982107,0.978141,True,0.0,0,0.0,0.897689,False
fixed_gv_escape,184,0.82,0.88,0.86,0.757784,0.984172,1.0,0.985401,0.983747,True,0.0,0,0.0,0.901115,False
fixed_gv_escape,185,0.82,0.88,0.86,0.770784,1.0,1.0,0.986448,0.990053,True,0.0,0,0.0,0.909807,False
fixed_gv_escape,186,0.82,0.88,0.86,0.768964,0.998718,0.996792,0.986769,0.989641,True,0.0,0,0.0,0.908303,False
fixed_gv_escape,187,0.82,0.88,0.86,0.782221,0.997804,0.989642,0.995201,0.991322,True,0.0,0,0.0,0.913271,False
fixed_gv_escape,188,0.82,0.88,0.86,0.771689,1.0,0.996115,0.980793,0.985255,True,0.0,0,0.0,0.908084,False
fixed_gv_escape,189,0.82,0.88,0.86,0.774086,1.0,0.99314,0.976392,0.981416,True,0.0,0,0.0,0.907383,False
fixed_gv_escape,190,0.82,0.88,0.86,0.773619,1.0,0.986682,0.969005,0.974438,True,0.0,0,0.0,0.904171,False
fixed_gv_escape,191,0.82,0.88,0.86,0.778919,1.0,0.983897,0.965189,0.970938,True,0.0,0,0.0,0.90473,False
fixed_gv_escape,192,0.82,0.88,0.86,0.770016,1.0,0.992316,0.971422,0.977649,True,0.0,0,0.0,0.90454,False
fixed_gv_escape,193,0.82,0.88,0.86,0.766763,0.99874,0.984782,0.966532,0.972142,True,0.0,0,0.0,0.900376,False
fixed_gv_escape,194,0.82,0.88,0.86,0.775238,0.992481,0.989308,0.970289,0.975696,True,0.0,0,0.0,0.904236,False
fixed_gv_escape,195,0.82,0.88,0.86,0.783071,0.999064,0.992499,0.977083,0.981718,True,0.0,0,0.0,0.910646,False
fixed_gv_escape,196,0.82,0.88,0.86,0.785377,0.998859,0.991268,0.980452,0.983773,True,0.0,0,0.0,0.911982,False
fixed_gv_escape,197,0.82,0.88,0.86,0.791795,0.997833,0.987122,0.987638,0.986672,True,0.0,0,0.0,0.914844,False
fixed_gv_escape,198,0.82,0.88,0.86,0.786927,0.996737,0.977059,0.988231,0.980493,True,0.0,0,0.0,0.910327,False
fixed_gv_escape,199,0.82,0.88,0.86,0.785611,1.0,0.970829,0.992831,0.977337,True,0.0,0,0.0,0.909558,False
fixed_gv_escape,200,0.82,0.88,0.86,0.797509,0.999811,0.964923,0.98488,0.971056,True,0.0,0,0.0,0.911115,False
fixed_gv_escape,201,0.82,0.88,0.86,0.795293,0.995499,0.964045,0.984732,0.970331,True,0.0,0,0.0,0.909232,False
fixed_gv_escape,202,0.82,0.88,0.86,0.788671,0.991544,0.964195,0.984029,0.970117,True,0.0,0,0.0,0.905906,False
fixed_gv_escape,203,0.82,0.88,0.86,0.793809,0.982123,0.967807,0.987795,0.972093,True,0.0,0,0.0,0.907577,False
fixed_gv_escape,204,0.82,0.88,0.86,0.787381,0.993222,0.962379,0.992136,0.970432,True,0.0,0,0.0,0.906564,False
fixed_gv_escape,205,0.82,0.88,0.86,0.795468,1.0,0.966908,0.989026,0.973613,True,0.0,0,0.0,0.911618,False
fixed_gv_escape,206,0.82,0.88,0.86,0.793699,1.0,0.960168,0.983164,0.967234,True,0.0,0,0.0,0.908147,False
fixed_gv_escape,207,0.82,0.88,0.86,0.799924,0.989786,0.964379,0.978766,0.968801,True,0.0,0,0.0,0.909004,False
fixed_gv_escape,208,0.82,0.88,0.86,0.800388,0.983359,0.965931,0.973923,0.96835,True,0.0,0,0.0,0.907571,False
fixed_gv_escape,209,0.82,0.88,0.86,0.803672,0.982961,0.970531,0.968696,0.968677,True,0.0,0,0.0,0.908883,False
fixed_gv_escape,210,0.82,0.88,0.86,0.810219,0.976888,0.964839,0.974681,0.967684,True,0.0,0,0.0,0.909971,False
fixed_gv_escape,211,0.82,0.88,0.86,0.803468,0.973885,0.960499,0.986119,0.964608,True,0.0,0,0.0,0.907317,False
fixed_gv_escape,212,0.82,0.88,0.86,0.803382,0.978146,0.953579,0.982511,0.960587,True,0.0,0,0.0,0.905817,False
fixed_gv_escape,213,0.82,0.88,0.86,0.81028,0.978235,0.956496,0.983519,0.96281,True,0.0,0,0.0,0.909388,False
fixed_gv_escape,214,0.82,0.88,0.86,0.81119,0.976347,0.959228,0.986492,0.964459,True,0.0,0,0.0,0.9105,False
fixed_gv_escape,215,0.82,0.88,0.86,0.805042,0.971082,0.962877,0.995738,0.964696,True,0.0,0,0.0,0.909195,False
fixed_gv_escape,216,0.82,0.88,0.86,0.805028,0.973319,0.9572,1.0,0.961837,True,0.0,0,0.0,0.908825,False
fixed_gv_escape,217,0.82,0.88,0.86,0.802953,0.97314,0.955356,1.0,0.960567,True,0.0,0,0.0,0.907519,False
fixed_gv_escape,218,0.82,0.88,0.86,0.807476,0.97741,0.952286,1.0,0.96,True,0.0,0,0.0,0.909386,False
fixed_gv_escape,219,0.82,0.88,0.86,0.798323,0.979622,0.953481,1.0,0.961517,True,0.0,0,0.0,0.906703,False
fixed_gv_escape,220,0.82,0.88,0.86,0.803676,0.988273,0.947837,0.997947,0.95957,True,0.0,0,0.0,0.908758,False
fixed_gv_escape,221,0.82,0.88,0.86,0.810804,0.991391,0.965965,1.0,0.973504,True,0.0,0,0.0,0.91725,False
fixed_gv_escape,222,0.82,0.88,0.86,0.811627,0.985699,0.965127,1.0,0.971442,True,0.0,0,0.0,0.91614,False
fixed_gv_escape,223,0.82,0.88,0.86,0.818133,0.984853,0.963959,0.998921,0.970368,True,0.0,0,0.0,0.91797,False
fixed_gv_escape,224,0.82,0.88,0.86,0.828139,0.979282,0.969643,0.99505,0.972423,True,0.0,0,0.0,0.921497,False
fixed_gv_escape,225,0.82,0.88,0.86,0.829883,0.989315,0.968069,0.996274,0.974355,True,0.0,0,0.0,0.924086,False
fixed_gv_escape,226,0.82,0.88,0.86,0.826172,0.989207,0.967453,0.993306,0.973679,True,0.0,0,0.0,0.922048,False
fixed_gv_escape,227,0.82,0.88,0.86,0.838348,0.985948,0.971854,0.9954,0.976177,True,0.0,0,0.0,0.927474,False
fixed_gv_escape,228,0.82,0.88,0.86,0.845781,0.9779,0.976489,0.992498,0.976144,True,0.0,0,0.0,0.929274,False
fixed_gv_escape,229,0.82,0.88,0.86,0.838707,0.979315,0.982775,0.987887,0.980333,True,0.0,0,0.0,0.927829,False
fixed_gv_escape,230,0.82,0.88,0.86,0.845624,0.98283,0.968701,1.0,0.972965,True,0.0,0,0.0,0.929368,False
fixed_gv_escape,231,0.82,0.88,0.86,0.854479,0.982497,0.958533,1.0,0.965896,True,0.0,0,0.0,0.929995,False
fixed_gv_escape,232,0.82,0.88,0.86,0.862111,0.981724,0.961238,0.99535,0.96752,True,0.0,0,0.0,0.932787,False
fixed_gv_escape,233,0.82,0.88,0.86,0.855884,0.99576,0.97586,1.0,0.981595,True,0.0,0,0.0,0.937919,False
fixed_gv_escape,234,0.82,0.88,0.86,0.858487,1.0,0.976026,0.990679,0.980514,True,0.0,0,0.0,0.938267,False
fixed_gv_escape,235,0.82,0.88,0.86,0.870798,0.999812,0.969413,0.987449,0.974948,True,0.0,0,0.0,0.9406,False
fixed_gv_escape,236,0.82,0.88,0.86,0.881638,0.990198,0.972076,0.982773,0.97536,True,0.0,0,0.0,0.942863,False
fixed_gv_escape,237,0.82,0.88,0.86,0.886825,0.988497,0.977966,0.975698,0.97598,True,0.0,0,0.0,0.944672,False
fixed_gv_escape,238,0.82,0.88,0.86,0.871004,0.975745,0.989433,0.988948,0.979319,True,0.0,0,0.0,0.940685,False
fixed_gv_escape,239,0.82,0.88,0.86,0.867693,0.974702,0.995,0.986202,0.978237,True,0.0,0,0.0,0.939727,False
fixed_gv_escape,240,0.82,0.88,0.86,1.0,0.94759,0.965294,0.96836,0.952633,True,0.651112,1,0.0,0.974205,False
fixed_gv_escape,241,0.82,0.88,0.86,1.0,0.946375,0.967127,0.977638,0.952672,True,0.651112,1,0.0,0.97562,False
fixed_gv_escape,242,0.82,0.88,0.86,1.0,0.937274,0.965317,0.978493,0.945751,True,0.651112,1,0.0,0.972946,False
fixed_gv_escape,243,0.82,0.88,0.86,0.9876,0.938629,0.975126,0.974445,0.948243,True,0.651112,1,0.0,0.969975,False
fixed_gv_escape,244,0.82,0.88,0.86,0.993534,0.941626,0.985286,0.977923,0.952057,True,0.651112,1,0.0,0.975543,False
fixed_gv_escape,245,0.82,0.88,0.86,0.993934,0.938981,0.984385,0.971648,0.948751,True,0.651112,1,0.0,0.973782,False
fixed_gv_escape,246,0.82,0.88,0.86,0.994127,0.936829,0.987858,0.965659,0.945692,True,0.651112,1,0.0,0.972887,False
fixed_gv_escape,247,0.82,0.88,0.86,0.993581,0.94573,0.985876,0.970508,0.953313,True,0.651112,1,0.0,0.975518,False
fixed_gv_escape,248,0.82,0.88,0.86,1.0,0.948061,0.97633,0.97747,0.955725,True,0.651112,1,0.0,0.977923,False
fixed_gv_escape,249,0.82,0.88,0.86,1.0,0.953802,0.97242,0.972675,0.958787,True,0.651112,1,0.0,0.977949,False
fixed_gv_escape,250,0.82,0.88,0.86,1.0,0.960844,0.9722,0.979657,0.964325,True,0.651112,1,0.0,0.980819,False
fixed_gv_escape,251,0.82,0.88,0.86,1.0,0.959805,0.974451,0.987441,0.964303,True,0.651112,1,0.0,0.982124,False
fixed_gv_escape,252,0.82,0.88,0.86,1.0,0.961322,0.975985,0.998168,0.965617,True,0.651112,1,0.0,0.984333,False
fixed_gv_escape,253,0.82,0.88,0.86,1.0,0.9638,0.972514,0.997186,0.965815,True,0.651112,1,0.0,0.98404,False
fixed_gv_escape,254,0.82,0.88,0.86,1.0,0.96941,0.966705,1.0,0.965871,True,0.651112,1,0.0,0.984405,False
fixed_gv_escape,255,0.82,0.88,0.86,0.995384,0.97837,0.97651,1.0,0.975897,True,0.651112,1,0.0,0.987232,False
fixed_gv_escape,256,0.82,0.88,0.86,1.0,0.987411,0.981602,0.992034,0.983388,True,0.651112,1,0.0,0.991314,False
fixed_gv_escape,257,0.82,0.88,0.86,1.0,0.984742,0.975991,0.995308,0.978634,True,0.651112,1,0.0,0.989711,False
fixed_gv_escape,258,0.82,0.88,0.86,1.0,0.989672,0.973331,0.988756,0.977548,True,0.651112,1,0.0,0.989072,False
fixed_gv_escape,259,0.82,0.88,0.86,0.999013,0.990867,0.966093,0.987589,0.972177,True,0.651112,1,0.0,0.986801,False
fixed_gv_escape,260,0.82,0.88,0.86,1.0,0.986418,0.960128,0.988066,0.967324,True,0.651112,1,0.0,0.984786,False
fixed_gv_escape,261,0.82,0.88,0.86,1.0,0.983763,0.963143,0.997448,0.969466,True,0.651112,1,0.0,0.986422,False
fixed_gv_escape,262,0.82,0.88,0.86,0.990215,0.985483,0.976542,0.989802,0.979248,True,0.651112,1,0.0,0.985528,False
fixed_gv_escape,263,0.82,0.88,0.86,0.991684,0.986505,0.97843,0.996956,0.98085,True,0.651112,1,0.0,0.987804,False
fixed_gv_escape,264,0.82,0.88,0.86,1.0,0.986215,0.976993,0.993035,0.979827,True,0.651112,1,0.0,0.989982,False
fixed_gv_escape,265,0.82,0.88,0.86,1.0,0.998963,0.980451,0.99737,0.985141,True,0.651112,1,0.0,0.994143,False
fixed_gv_escape,266,0.82,0.88,0.86,1.0,1.0,0.993105,1.0,0.994939,True,0.651112,1,0.0,0.998152,False
fixed_gv_escape,267,0.82,0.88,0.86,1.0,1.0,0.988797,0.991311,0.98929,True,0.651112,1,0.0,0.995482,False
fixed_gv_escape,268,0.82,0.88,0.86,1.0,0.998248,0.980325,0.991355,0.983702,True,0.651112,1,0.0,0.992977,False
fixed_gv_escape,269,0.82,0.88,0.86,0.993897,0.996081,0.979005,0.987921,0.981742,True,0.651112,1,0.0,0.989314,False
fixed_gv_escape,270,0.82,0.88,0.86,0.981954,0.984287,0.979672,0.98887,0.981084,True,0.651112,1,0.0,0.982827,False
fixed_gv_escape,271,0.82,0.88,0.86,0.980922,0.979263,0.980254,0.986563,0.979279,True,0.651112,1,0.0,0.981096,False
fixed_gv_escape,272,0.82,0.88,0.86,0.981608,0.979583,0.995715,0.985809,0.981389,True,0.651112,1,0.0,0.984345,False
fixed_gv_escape,273,0.82,0.88,0.86,0.990059,0.9846,0.997584,0.987409,0.985123,True,0.651112,1,0.0,0.989467,False
fixed_gv_escape,274,0.82,0.88,0.86,0.988731,0.987028,1.0,0.995061,0.989485,True,0.651112,1,0.0,0.991429,False
fixed_gv_escape,275,0.82,0.88,0.86,0.998858,0.982212,0.998437,1.0,0.986714,True,0.651112,1,0.0,0.994488,False
fixed_gv_escape,276,0.82,0.88,0.86,0.995971,0.979858,1.0,1.0,0.985215,True,0.651112,1,0.0,0.993069,False
fixed_gv_escape,277,0.82,0.88,0.86,1.0,0.981956,0.998167,1.0,0.986482,True,0.651112,1,0.0,0.9948,False
fixed_gv_escape,278,0.82,0.88,0.86,0.995,0.980397,1.0,0.999223,0.985503,True,0.651112,1,0.0,0.992723,False
fixed_gv_escape,279,0.82,0.88,0.86,1.0,0.987621,0.997302,1.0,0.990457,True,0.651112,1,0.0,0.996141,False
fixed_gv_escape,280,0.82,0.88,0.86,0.996116,0.988748,0.997574,0.994199,0.990416,True,0.651112,1,0.0,0.9941,False
fixed_gv_escape,281,0.82,0.88,0.86,0.990876,0.991825,0.985843,0.988308,0.986572,True,0.651112,1,0.0,0.989265,False
fixed_gv_escape,282,0.82,0.88,0.86,0.997508,0.98126,0.986469,0.998505,0.982606,True,0.651112,1,0.0,0.990948,False
fixed_gv_escape,283,0.82,0.88,0.86,0.986341,0.983628,0.980952,0.991392,0.98156,True,0.651112,1,0.0,0.985016,False
fixed_gv_escape,284,0.82,0.88,0.86,0.999447,0.98773,0.977248,0.995888,0.98047,True,0.651112,1,0.0,0.990567,False
fixed_gv_escape,285,0.82,0.88,0.86,0.996703,0.983164,0.978418,0.994797,0.979611,True,0.651112,1,0.0,0.988657,False
fixed_gv_escape,286,0.82,0.88,0.86,0.998586,0.983817,0.982324,0.995854,0.982183,True,0.651112,1,0.0,0.99065,False
fixed_gv_escape,287,0.82,0.88,0.86,1.0,0.989273,0.979532,0.995625,0.982518,True,0.651112,1,0.0,0.991674,False
fixed_gv_escape,288,0.82,0.88,0.86,0.994458,1.0,0.972128,0.993688,0.978462,True,0.651112,1,0.0,0.989409,False
fixed_gv_escape,289,0.82,0.88,0.86,1.0,0.99698,0.969981,0.991657,0.976281,True,0.651112,1,0.0,0.990039,False
fixed_gv_escape,290,0.82,0.88,0.86,1.0,0.996276,0.94973,0.992257,0.961521,True,0.651112,1,0.0,0.98458,False
fixed_gv_escape,291,0.82,0.88,0.86,1.0,1.0,0.950152,0.997393,0.963043,True,0.651112,1,0.0,0.986228,False
fixed_gv_escape,292,0.82,0.88,0.86,1.0,0.996565,0.94458,0.99636,0.958379,True,0.651112,1,0.0,0.983902,False
fixed_gv_escape,293,0.82,0.88,0.86,1.0,1.0,0.941794,1.0,0.957275,True,0.651112,1,0.0,0.984396,False
fixed_gv_escape,294,0.82,0.88,0.86,1.0,1.0,0.947556,1.0,0.961505,True,0.651112,1,0.0,0.985941,False
fixed_gv_escape,295,0.82,0.88,0.86,1.0,1.0,0.945668,0.988989,0.958285,True,0.651112,1,0.0,0.983673,False
fixed_gv_escape,296,0.82,0.88,0.86,1.0,0.999213,0.950679,0.986589,0.961351,True,0.651112,1,0.0,0.984465,False
fixed_gv_escape,297,0.82,0.88,0.86,1.0,1.0,0.952378,0.979588,0.960741,True,0.651112,1,0.0,0.983859,False
fixed_gv_escape,298,0.82,0.88,0.86,1.0,0.993223,0.944471,0.98403,0.95593,True,0.651112,1,0.0,0.981261,False
fixed_gv_escape,299,0.82,0.88,0.86,1.0,0.995194,0.94731,0.988137,0.95894,True,0.651112,1,0.0,0.983063,False
fixed_gv_escape,300,0.82,0.88,0.86,0.982434,0.993899,0.952041,0.986039,0.961886,True,0.651112,1,0.0,0.977066,False
fixed_gv_escape,301,0.82,0.88,0.86,0.991719,0.994573,0.962565,0.993231,0.970891,True,0.651112,1,0.0,0.984697,False
fixed_gv_escape,302,0.82,0.88,0.86,0.993415,0.977638,0.961759,0.98532,0.966567,True,0.651112,1,0.0,0.980522,False
fixed_gv_escape,303,0.82,0.88,0.86,0.997918,0.982502,0.971317,0.985615,0.974593,True,0.651112,1,0.0,0.985833,False
fixed_gv_escape,304,0.82,0.88,0.86,1.0,0.975179,0.968828,0.983821,0.97072,True,0.651112,1,0.0,0.984143,False
fixed_gv_escape,305,0.82,0.88,0.86,0.995702,0.974156,0.968822,0.981631,0.970404,True,0.651112,1,0.0,0.98198,False
fixed_gv_escape,306,0.82,0.88,0.86,1.0,0.981951,0.967796,0.989412,0.9721,True,0.651112,1,0.0,0.986124,False
fixed_gv_escape,307,0.82,0.88,0.86,0.992173,0.975224,0.968843,0.996952,0.970113,True,0.651112,1,0.0,0.982945,False
fixed_gv_escape,308,0.82,0.88,0.86,0.991639,0.974691,0.97324,0.99418,0.972588,True,0.651112,1,0.0,0.983346,False
fixed_gv_escape,309,0.82,0.88,0.86,0.984156,0.972041,0.981129,0.994905,0.974702,True,0.651112,1,0.0,0.981801,False
fixed_gv_escape,310,0.82,0.88,0.86,0.997325,0.96939,0.99023,1.0,0.975689,True,0.651112,1,0.0,0.988798,False
fixed_gv_escape,311,0.82,0.88,0.86,0.988617,0.98407,0.992854,0.998057,0.986754,True,0.651112,1,0.0,0.989659,False
fixed_gv_escape,312,0.82,0.88,0.86,0.997515,0.992427,0.9891,1.0,0.989965,True,0.651112,1,0.0,0.994527,False
fixed_gv_escape,313,0.82,0.88,0.86,1.0,0.992522,0.991122,0.999122,0.99129,True,0.651112,1,0.0,0.995888,False
fixed_gv_escape,314,0.82,0.88,0.86,0.996334,0.997495,1.0,0.995809,0.996304,True,0.651112,1,0.0,0.997126,False
fixed_gv_escape,315,0.82,0.88,0.86,1.0,0.997621,0.99084,0.988128,0.988803,True,0.651112,1,0.0,0.994917,False
fixed_gv_escape,316,0.82,0.88,0.86,0.986168,1.0,0.993329,0.988314,0.989812,True,0.651112,1,0.0,0.990684,False
fixed_gv_escape,317,0.82,0.88,0.86,0.974857,0.999986,1.0,0.984482,0.988608,True,0.651112,1,0.0,0.986904,False
fixed_gv_escape,318,0.82,0.88,0.86,0.974298,1.0,1.0,0.982885,0.987437,True,0.651112,1,0.0,0.986329,False
fixed_gv_escape,319,0.82,0.88,0.86,0.988922,1.0,1.0,0.9793,0.984806,True,0.651112,1,0.0,0.991069,False
fixed_gv_escape,320,0.82,0.88,0.86,0.994391,1.0,1.0,0.976905,0.983048,True,0.651112,1,0.0,0.992601,False
fixed_gv_escape,321,0.82,0.88,0.86,0.994131,1.0,0.998782,0.968637,0.97681,True,0.651112,1,0.0,0.990377,False
fixed_gv_escape,322,0.82,0.88,0.86,0.983597,1.0,0.99191,0.971404,0.977541,True,0.651112,1,0.0,0.985612,False
fixed_gv_escape,323,0.82,0.88,0.86,0.986359,1.0,0.993109,0.956026,0.96663,True,0.651112,1,0.0,0.983415,False
fixed_gv_escape,324,0.82,0.88,0.86,0.99304,1.0,1.0,0.949202,0.962713,True,0.651112,1,0.0,0.985769,False
fixed_gv_escape,325,0.82,0.88,0.86,0.983791,1.0,1.0,0.95287,0.965405,True,0.651112,1,0.0,0.983091,False
fixed_gv_escape,326,0.82,0.88,0.86,0.998116,1.0,1.0,0.957061,0.968482,True,0.651112,1,0.0,0.989491,False
fixed_gv_escape,327,0.82,0.88,0.86,1.0,1.0,0.998856,0.956276,0.967749,True,0.651112,1,0.0,0.989803,False
fixed_gv_escape,328,0.82,0.88,0.86,1.0,0.995504,0.997311,0.959729,0.969471,True,0.651112,1,0.0,0.989405,False
fixed_gv_escape,329,0.82,0.88,0.86,0.999101,1.0,0.999927,0.964157,0.973681,True,0.651112,1,0.0,0.991469,False
fixed_gv_escape,330,0.82,0.88,0.86,0.998789,0.999469,0.992409,0.964227,0.972428,True,0.651112,1,0.0,0.989761,False
fixed_gv_escape,331,0.82,0.88,0.86,1.0,1.0,0.99098,0.964726,0.972518,True,0.651112,1,0.0,0.99014,False
fixed_gv_escape,332,0.82,0.88,0.86,0.994194,1.0,0.995455,0.955119,0.966379,True,0.651112,1,0.0,0.986658,False
fixed_gv_escape,333,0.82,0.88,0.86,0.984081,0.999294,0.988615,0.965089,0.972187,True,0.651112,1,0.0,0.983549,False
fixed_gv_escape,334,0.82,0.88,0.86,0.97416,1.0,0.986483,0.957137,0.965998,True,0.651112,1,0.0,0.977667,False
fixed_gv_escape,335,0.82,0.88,0.86,0.961508,0.993783,0.983448,0.96327,0.969397,True,0.651112,1,0.0,0.97246,False
fixed_gv_escape,336,0.82,0.88,0.86,0.97361,0.993054,0.969394,0.966747,0.966345,True,0.651112,1,0.0,0.974518,False
fixed_gv_escape,337,0.82,0.88,0.86,0.98676,0.996046,0.9632,0.964619,0.961735,True,0.651112,1,0.0,0.978088,False
fixed_gv_escape,338,0.82,0.88,0.86,0.978706,0.989281,0.969989,0.963122,0.964718,True,0.651112,1,0.0,0.97518,False
fixed_gv_escape,339,0.82,0.88,0.86,0.99421,0.992377,0.968622,0.957383,0.960395,True,0.651112,1,0.0,0.980061,False
fixed_gv_escape,340,0.82,0.88,0.86,0.997295,1.0,0.97495,0.95557,0.961381,True,0.651112,1,0.0,0.983608,False
fixed_gv_escape,341,0.82,0.88,0.86,1.0,1.0,0.96446,0.960237,0.959742,True,0.651112,1,0.0,0.983205,False
fixed_gv_escape,342,0.82,0.88,0.86,0.995013,1.0,0.957457,0.958663,0.95523,True,0.651112,1,0.0,0.979288,False
fixed_gv_escape,343,0.82,0.88,0.86,0.994295,0.999571,0.952674,0.969375,0.957377,True,0.651112,1,0.0,0.979834,False
fixed_gv_escape,344,0.82,0.88,0.86,1.0,0.998624,0.950839,0.980869,0.960014,True,0.651112,1,0.0,0.983427,False
fixed_gv_escape,345,0.82,0.88,0.86,1.0,1.0,0.944927,0.985726,0.957048,True,0.651112,1,0.0,0.982934,False
fixed_gv_escape,346,0.82,0.88,0.86,1.0,1.0,0.954423,0.985503,0.963815,True,0.651112,1,0.0,0.985424,False
fixed_gv_escape,347,0.82,0.88,0.86,1.0,0.99084,0.947268,0.989341,0.95865,True,0.651112,1,0.0,0.982405,False
fixed_gv_escape,348,0.82,0.88,0.86,1.0,0.997118,0.936917,0.986672,0.951243,True,0.651112,1,0.0,0.98041,False
fixed_gv_escape,349,0.82,0.88,0.86,1.0,0.987923,0.931193,0.990166,0.946567,True,0.651112,1,0.0,0.977652,False
fixed_gv_escape,350,0.82,0.88,0.86,1.0,0.991716,0.936539,0.989177,0.950859,True,0.651112,1,0.0,0.979674,False
fixed_gv_escape,351,0.82,0.88,0.86,1.0,0.99565,0.943858,0.991382,0.957011,True,0.651112,1,0.0,0.982746,False
fixed_gv_escape,352,0.82,0.88,0.86,1.0,0.995776,0.942691,0.98988,0.955922,True,0.651112,1,0.0,0.982218,False
fixed_gv_escape,353,0.82,0.88,0.86,1.0,0.987397,0.938495,0.988219,0.951609,True,0.651112,1,0.0,0.979204,False
fixed_gv_escape,354,0.82,0.88,0.86,1.0,0.97794,0.948497,0.996678,0.957516,True,0.651112,1,0.0,0.981196,False
fixed_gv_escape,355,0.82,0.88,0.86,0.983108,0.978186,0.956818,1.0,0.96335,True,0.651112,1,0.0,0.977484,False
fixed_gv_escape,356,0.82,0.88,0.86,1.0,0.965491,0.95594,0.997497,0.95787,True,0.651112,1,0.0,0.980451,False
fixed_gv_escape,357,0.82,0.88,0.86,1.0,0.972279,0.949194,1.0,0.956169,True,0.651112,1,0.0,0.980605,False
fixed_gv_escape,358,0.82,0.88,0.86,0.98991,0.96073,0.956986,0.998919,0.956107,True,0.651112,1,0.0,0.975936,False
fixed_gv_escape,359,0.82,0.88,0.86,0.991525,0.964124,0.957814,0.989641,0.958831,True,0.651112,1,0.0,0.976338,False
fixed_gv_escape,360,0.82,0.88,0.86,1.0,0.963217,0.957343,0.992117,0.957974,True,0.651112,1,0.0,0.979554,False
fixed_gv_escape,361,0.82,0.88,0.86,1.0,0.956365,0.958233,0.985348,0.955391,True,0.651112,1,0.0,0.977224,False
fixed_gv_escape,362,0.82,0.88,0.86,1.0,0.958065,0.960764,0.973731,0.958374,True,0.651112,1,0.0,0.976716,False
fixed_gv_escape,363,0.82,0.88,0.86,1.0,0.960521,0.949049,0.975783,0.952476,True,0.651112,1,0.0,0.974629,False
fixed_gv_escape,364,0.82,0.88,0.86,1.0,0.957806,0.937165,0.970548,0.943481,True,0.651112,1,0.0,0.970189,False
fixed_gv_escape,365,0.82,0.88,0.86,1.0,0.942805,0.936411,0.98001,0.936735,True,0.651112,1,0.0,0.967868,False
fixed_gv_escape,366,0.82,0.88,0.86,1.0,0.934716,0.928757,0.989249,0.92777,True,0.651112,1,0.0,0.965252,False
fixed_gv_escape,367,0.82,0.88,0.86,1.0,0.930018,0.931556,0.982705,0.927283,True,0.651112,1,0.0,0.963936,False
fixed_gv_escape,368,0.82,0.88,0.86,1.0,0.935077,0.929855,0.968036,0.929955,True,0.651112,1,0.0,0.962807,False
fixed_gv_escape,369,0.82,0.88,0.86,1.0,0.930901,0.92979,0.972952,0.927471,True,0.651112,1,0.0,0.962434,False
fixed_gv_escape,370,0.82,0.88,0.86,1.0,0.930601,0.932382,0.970019,0.928884,True,0.651112,1,0.0,0.962606,False
fixed_gv_escape,371,0.82,0.88,0.86,1.0,0.933851,0.947255,0.973576,0.937534,True,0.651112,1,0.0,0.967404,False
fixed_gv_escape,372,0.82,0.88,0.86,0.99471,0.939039,0.944541,0.976762,0.939305,True,0.651112,1,0.0,0.966497,False
fixed_gv_escape,373,0.82,0.88,0.86,0.998389,0.955361,0.954817,0.984542,0.953103,True,0.651112,1,0.0,0.975428,False
fixed_gv_escape,374,0.82,0.88,0.86,1.0,0.948114,0.964431,0.97907,0.953124,True,0.651112,1,0.0,0.975703,False
fixed_gv_escape,375,0.82,0.88,0.86,1.0,0.957111,0.958605,0.97664,0.956575,True,0.651112,1,0.0,0.976347,False
fixed_gv_escape,376,0.82,0.88,0.86,1.0,0.963556,0.980495,0.979875,0.967976,True,0.651112,1,0.0,0.983269,False
fixed_gv_escape,377,0.82,0.88,0.86,0.992908,0.962727,0.975454,0.9833,0.966622,True,0.651112,1,0.0,0.979834,False
fixed_gv_escape,378,0.82,0.88,0.86,0.992483,0.975785,0.971798,0.983098,0.972916,True,0.651112,1,0.0,0.982092,False
fixed_gv_escape,379,0.82,0.88,0.86,1.0,0.984196,0.975237,0.989924,0.977982,True,0.651112,1,0.0,0.988645,False
fixed_gv_escape,380,0.82,0.88,0.86,1.0,0.990111,0.985077,0.980224,0.981706,True,0.651112,1,0.0,0.99057,False
fixed_gv_escape,381,0.82,0.88,0.86,1.0,0.974508,0.988489,0.987192,0.978035,True,0.651112,1,0.0,0.98891,False
fixed_gv_escape,382,0.82,0.88,0.86,0.999838,0.968848,0.985714,0.984631,0.973179,True,0.651112,1,0.0,0.98639,False
fixed_gv_escape,383,0.82,0.88,0.86,0.997217,0.968181,0.984456,0.996349,0.973182,True,0.651112,1,0.0,0.986688,False
fixed_gv_escape,384,0.82,0.88,0.86,1.0,0.9657,0.981397,0.986235,0.970327,True,0.651112,1,0.0,0.98499,False
fixed_gv_escape,385,0.82,0.88,0.86,0.993624,0.967859,0.988427,0.975939,0.970216,True,0.651112,1,0.0,0.982766,False
fixed_gv_escape,386,0.82,0.88,0.86,0.985969,0.967263,0.995238,0.973999,0.9687,True,0.651112,1,0.0,0.980522,False
fixed_gv_escape,387,0.82,0.88,0.86,1.0,0.971019,0.990824,0.975753,0.972021,True,0.651112,1,0.0,0.98638,False
fixed_gv_escape,388,0.82,0.88,0.86,1.0,0.975003,0.982904,0.977551,0.975688,True,0.651112,1,0.0,0.986363,False
fixed_gv_escape,389,0.82,0.88,0.86,1.0,0.980761,0.986295,0.976423,0.977726,True,0.651112,1,0.0,0.988097,False
fixed_gv_escape,390,0.82,0.88,0.86,0.996295,0.973431,0.967545,0.976728,0.96934,True,0.651112,1,0.0,0.981031,False
fixed_gv_escape,391,0.82,0.88,0.86,1.0,0.962422,0.964662,0.980267,0.96237,True,0.651112,1,0.0,0.979597,False
fixed_gv_escape,392,0.82,0.88,0.86,1.0,0.960237,0.965553,0.984446,0.961249,True,0.651112,1,0.0,0.979815,False
fixed_gv_escape,393,0.82,0.88,0.86,1.0,0.956578,0.963866,0.988746,0.958024,True,0.651112,1,0.0,0.979067,False
fixed_gv_escape,394,0.82,0.88,0.86,1.0,0.9556,0.964359,0.983037,0.957939,True,0.651112,1,0.0,0.97817,False
fixed_gv_escape,395,0.82,0.88,0.86,1.0,0.962752,0.954704,0.985773,0.956552,True,0.651112,1,0.0,0.977937,False
fixed_gv_escape,396,0.82,0.88,0.86,1.0,0.961399,0.950438,0.986697,0.953272,True,0.651112,1,0.0,0.976661,False
fixed_gv_escape,397,0.82,0.88,0.86,1.0,0.961507,0.945468,0.989643,0.95002,True,0.651112,1,0.0,0.975808,False
fixed_gv_escape,398,0.82,0.88,0.86,1.0,0.963359,0.957223,0.986216,0.958329,True,0.651112,1,0.0,0.978775,False
fixed_gv_escape,399,0.82,0.88,0.86,0.997408,0.971141,0.965941,0.984882,0.967196,True,0.651112,1,0.0,0.981637,False
fixed_gv_escape,400,0.82,0.88,0.86,1.0,0.966766,0.964745,0.992144,0.963955,True,0.651112,1,0.0,0.982247,False
fixed_gv_escape,401,0.82,0.88,0.86,0.994816,0.966954,0.967052,0.989341,0.965499,True,0.651112,1,0.0,0.980519,False
fixed_gv_escape,402,0.82,0.88,0.86,0.999965,0.967601,0.975212,0.987478,0.969804,True,0.651112,1,0.0,0.984316,False
fixed_gv_escape,403,0.82,0.88,0.86,0.989903,0.965877,0.98227,0.997285,0.970909,True,0.651112,1,0.0,0.982959,False
fixed_gv_escape,404,0.82,0.88,0.86,0.986065,0.970333,0.979078,0.995757,0.972758,True,0.651112,1,0.0,0.981735,False
fixed_gv_escape,405,0.82,0.88,0.86,0.984992,0.959454,0.971916,0.995947,0.962899,True,0.651112,1,0.0,0.976924,False
fixed_gv_escape,406,0.82,0.88,0.86,0.985894,0.95235,0.98262,1.0,0.961588,True,0.651112,1,0.0,0.978325,False
fixed_gv_escape,407,0.82,0.88,0.86,0.980534,0.947469,0.984696,0.994238,0.958317,True,0.651112,1,0.0,0.974584,False
fixed_gv_escape,408,0.82,0.88,0.86,0.998242,0.946287,0.983451,0.98876,0.956771,True,0.651112,1,0.0,0.979924,False
fixed_gv_escape,409,0.82,0.88,0.86,0.975416,0.945284,0.983686,0.98514,0.955683,True,0.651112,1,0.0,0.970474,False
fixed_gv_escape,410,0.82,0.88,0.86,0.988312,0.938497,0.996749,0.977058,0.950204,True,0.651112,1,0.0,0.974715,False
fixed_gv_escape,411,0.82,0.88,0.86,0.992791,0.937369,0.994393,0.977563,0.949441,True,0.651112,1,0.0,0.97577,False
fixed_gv_escape,412,0.82,0.88,0.86,0.988709,0.937895,0.989942,0.970964,0.947987,True,0.651112,1,0.0,0.972414,False
fixed_gv_escape,413,0.82,0.88,0.86,0.98279,0.937287,0.992846,0.972583,0.948058,True,0.651112,1,0.0,0.970813,False
fixed_gv_escape,414,0.82,0.88,0.86,0.968386,0.942034,0.993105,0.978321,0.952915,True,0.651112,1,0.0,0.967627,False
fixed_gv_escape,415,0.82,0.88,0.86,0.970346,0.944856,0.988853,0.982671,0.955596,True,0.651112,1,0.0,0.969044,False
fixed_gv_escape,416,0.82,0.88,0.86,0.979841,0.946415,0.986274,0.981809,0.956343,True,0.651112,1,0.0,0.972438,False
fixed_gv_escape,417,0.82,0.88,0.86,0.993499,0.967466,0.994016,0.978978,0.970913,True,0.651112,1,0.0,0.984163,False
fixed_gv_escape,418,0.82,0.88,0.86,1.0,0.962917,0.986636,0.979246,0.967843,True,0.651112,1,0.0,0.984155,False
fixed_gv_escape,419,0.82,0.88,0.86,0.990386,0.959734,0.990483,0.980135,0.965925,True,0.651112,1,0.0,0.980516,False
fixed_gv_escape,420,0.82,0.88,0.86,0.982375,0.975087,0.981548,0.968572,0.970566,True,0.651112,1,0.0,0.977565,False
fixed_gv_escape,421,0.82,0.88,0.86,0.976579,0.975622,0.981674,0.968365,0.970596,True,0.651112,1,0.0,0.975456,False
fixed_gv_escape,422,0.82,0.88,0.86,0.98332,0.974469,0.988861,0.968257,0.969861,True,0.651112,1,0.0,0.979,False
fixed_gv_escape,423,0.82,0.88,0.86,0.973098,0.974223,0.981589,0.961135,0.965126,True,0.651112,1,0.0,0.972198,False
fixed_gv_escape,424,0.82,0.88,0.86,0.962157,0.98349,0.983114,0.962069,0.967716,True,0.651112,1,0.0,0.970424,False
fixed_gv_escape,425,0.82,0.88,0.86,0.971552,0.983981,0.979517,0.964437,0.96887,True,0.651112,1,0.0,0.973905,False
fixed_gv_escape,426,0.82,0.88,0.86,0.961749,0.977753,0.982245,0.965512,0.96916,True,0.651112,1,0.0,0.969735,False
fixed_gv_escape,427,0.82,0.88,0.86,0.95767,0.981886,0.982109,0.960916,0.966523,True,0.651112,1,0.0,0.967945,False
fixed_gv_escape,428,0.82,0.88,0.86,0.960421,0.978669,0.982912,0.961343,0.966378,True,0.651112,1,0.0,0.968598,False
fixed_gv_escape,429,0.82,0.88,0.86,0.960401,0.971497,0.983887,0.957717,0.961948,True,0.651112,1,0.0,0.966436,False
fixed_gv_escape,430,0.82,0.88,0.86,0.961755,0.976779,0.985497,0.955833,0.962121,True,0.651112,1,0.0,0.967948,False
fixed_gv_escape,431,0.82,0.88,0.86,0.970122,0.963114,0.990728,0.945949,0.950918,True,0.651112,1,0.0,0.966881,False
fixed_gv_escape,432,0.82,0.88,0.86,0.969288,0.97727,1.0,0.951853,0.959658,True,0.651112,1,0.0,0.972656,False
fixed_gv_escape,433,0.82,0.88,0.86,0.957669,0.978911,0.996705,0.948436,0.957742,True,0.651112,1,0.0,0.967235,False
fixed_gv_escape,434,0.82,0.88,0.86,0.95718,0.984776,0.98519,0.950474,0.959652,True,0.651112,1,0.0,0.966547,False
fixed_gv_escape,435,0.82,0.88,0.86,0.957183,0.987073,0.978943,0.952985,0.960644,True,0.651112,1,0.0,0.966308,False
fixed_gv_escape,436,0.82,0.88,0.86,0.955179,0.984648,0.978664,0.949826,0.958124,True,0.651112,1,0.0,0.964314,False
fixed_gv_escape,437,0.82,0.88,0.86,0.956233,0.981453,0.98886,0.953862,0.961925,True,0.651112,1,0.0,0.966997,False
fixed_gv_escape,438,0.82,0.88,0.86,0.96068,0.975863,0.986583,0.953363,0.96017,True,0.651112,1,0.0,0.96699,False
fixed_gv_escape,439,0.82,0.88,0.86,0.967059,0.973573,0.984863,0.951387,0.958121,True,0.651112,1,0.0,0.96817,False
fixed_gv_escape,440,0.82,0.88,0.86,0.965038,0.961975,0.97573,0.95744,0.958438,True,0.651112,1,0.0,0.964556,False
fixed_gv_escape,441,0.82,0.88,0.86,0.962864,0.97082,0.980927,0.957614,0.961673,True,0.651112,1,0.0,0.966669,False
fixed_gv_escape,442,0.82,0.88,0.86,0.967591,0.976983,0.983898,0.954859,0.961386,True,0.651112,1,0.0,0.96969,False
fixed_gv_escape,443,0.82,0.88,0.86,0.986721,0.979199,0.98961,0.959488,0.965482,True,0.651112,1,0.0,0.979526,False
fixed_gv_escape,444,0.82,0.88,0.86,0.99087,0.985224,0.994242,0.96232,0.969174,True,0.651112,1,0.0,0.98386,False
fixed_gv_escape,445,0.82,0.88,0.86,0.997235,0.985277,0.99257,0.979553,0.981272,True,0.651112,1,0.0,0.989852,False
fixed_gv_escape,446,0.82,0.88,0.86,1.0,0.980555,0.993586,0.995594,0.984245,True,0.651112,1,0.0,0.992838,False
fixed_gv_escape,447,0.82,0.88,0.86,0.997489,0.981049,0.9887,1.0,0.983299,True,0.651112,1,0.0,0.991597,False
fixed_gv_escape,448,0.82,0.88,0.86,1.0,0.973657,0.978207,0.998626,0.974267,True,0.651112,1,0.0,0.988055,False
fixed_gv_escape,449,0.82,0.88,0.86,1.0,0.96529,0.972652,1.0,0.966621,True,0.651112,1,0.0,0.984824,False
fixed_gv_escape,450,0.82,0.88,0.86,0.991133,0.978599,0.967485,0.998822,0.970609,True,0.651112,1,0.0,0.983234,False
fixed_gv_escape,451,0.82,0.88,0.86,1.0,0.982032,0.963525,0.996904,0.969215,True,0.651112,1,0.0,0.986073,False
fixed_gv_escape,452,0.82,0.88,0.86,1.0,0.975575,0.976757,0.992444,0.975057,True,0.651112,1,0.0,0.987369,False
fixed_gv_escape,453,0.82,0.88,0.86,0.994,0.968539,0.972227,0.986854,0.96915,True,0.651112,1,0.0,0.981515,False
fixed_gv_escape,454,0.82,0.88,0.86,0.989448,0.973681,0.968384,0.981896,0.969929,True,0.651112,1,0.0,0.979419,False
fixed_gv_escape,455,0.82,0.88,0.86,1.0,0.975781,0.96876,0.973855,0.970281,True,0.651112,1,0.0,0.982791,False
fixed_gv_escape,456,0.82,0.88,0.86,0.993053,0.984368,0.972905,0.969491,0.970179,True,0.651112,1,0.0,0.981819,False
fixed_gv_escape,457,0.82,0.88,0.86,0.98973,0.979534,0.976502,0.968705,0.971036,True,0.651112,1,0.0,0.980327,False
fixed_gv_escape,458,0.82,0.88,0.86,1.0,0.988022,0.981254,0.967133,0.971406,True,0.651112,1,0.0,0.986437,False
fixed_gv_escape,459,0.82,0.88,0.86,1.0,0.998172,0.984257,0.969719,0.974175,True,0.651112,1,0.0,0.989499,False
fixed_gv_escape,460,0.82,0.88,0.86,1.0,0.989626,0.995771,0.969535,0.975454,True,0.651112,1,0.0,0.990161,False
fixed_gv_escape,461,0.82,0.88,0.86,0.997262,0.980041,0.999823,0.964244,0.968997,True,0.651112,1,0.0,0.986609,False
fixed_gv_escape,462,0.82,0.88,0.86,1.0,0.976623,0.99822,0.957525,0.963325,True,0.651112,1,0.0,0.985124,False
fixed_gv_escape,463,0.82,0.88,0.86,1.0,0.982011,0.996687,0.955163,0.963339,True,0.651112,1,0.0,0.985489,False
fixed_gv_escape,464,0.82,0.88,0.86,1.0,0.980051,0.999969,0.950823,0.959792,True,0.651112,1,0.0,0.984694,False
fixed_gv_escape,465,0.82,0.88,0.86,1.0,0.973653,1.0,0.952252,0.958703,True,0.651112,1,0.0,0.983617,False
fixed_gv_escape,466,0.82,0.88,0.86,1.0,0.964354,1.0,0.95223,0.954961,True,0.651112,1,0.0,0.981491,False
fixed_gv_escape,467,0.82,0.88,0.86,1.0,0.959087,0.987876,0.949171,0.951425,True,0.651112,1,0.0,0.977508,False
fixed_gv_escape,468,0.82,0.88,0.86,1.0,0.960286,0.99385,0.949027,0.951537,True,0.651112,1,0.0,0.978793,False
fixed_gv_escape,469,0.82,0.88,0.86,1.0,0.968148,0.995909,0.944252,0.951494,True,0.651112,1,0.0,0.979905,False
fixed_gv_escape,470,0.82,0.88,0.86,1.0,0.966396,0.979058,0.949776,0.954885,True,0.651112,1,0.0,0.977736,False
fixed_gv_escape,471,0.82,0.88,0.86,1.0,0.965014,0.976251,0.949105,0.953991,True,0.651112,1,0.0,0.976781,False
fixed_gv_escape,472,0.82,0.88,0.86,1.0,0.964705,0.982676,0.950199,0.954569,True,0.651112,1,0.0,0.978105,False
fixed_gv_escape,473,0.82,0.88,0.86,1.0,0.957636,0.984606,0.94248,0.946765,True,0.651112,1,0.0,0.975163,False
fixed_gv_escape,474,0.82,0.88,0.86,0.98713,0.95789,0.994738,0.943549,0.947066,True,0.651112,1,0.0,0.972327,False
fixed_gv_escape,475,0.82,0.88,0.86,1.0,0.961612,0.990309,0.941522,0.947464,True,0.651112,1,0.0,0.976855,False
fixed_gv_escape,476,0.82,0.88,0.86,0.998217,0.959445,0.996519,0.94948,0.951279,True,0.651112,1,0.0,0.978477,False
fixed_gv_escape,477,0.82,0.88,0.86,0.994951,0.957911,1.0,0.957895,0.955067,True,0.651112,1,0.0,0.979219,False
fixed_gv_escape,478,0.82,0.88,0.86,0.994506,0.956713,1.0,0.955098,0.952926,True,0.651112,1,0.0,0.978185,False
fixed_gv_escape,479,0.82,0.88,0.86,0.994466,0.942316,1.0,0.955387,0.94491,True,0.651112,1,0.0,0.974657,False
fixed_gv_escape,480,0.82,0.88,0.86,0.99779,0.936564,0.998451,0.944215,0.936327,True,0.651112,1,0.0,0.972012,False
fixed_gv_escape,481,0.82,0.88,0.86,1.0,0.937034,1.0,0.934132,0.931224,True,0.651112,1,0.0,0.971191,False
fixed_gv_escape,482,0.82,0.88,0.86,0.999476,0.944708,1.0,0.940014,0.938421,True,0.651112,1,0.0,0.974061,False
fixed_gv_escape,483,0.82,0.88,0.86,0.999811,0.954422,0.993735,0.935376,0.940523,True,0.651112,1,0.0,0.974412,False
fixed_gv_escape,484,0.82,0.88,0.86,0.991053,0.959262,0.994536,0.943798,0.947817,True,0.651112,1,0.0,0.974154,False
fixed_gv_escape,485,0.82,0.88,0.86,0.994782,0.963572,0.990728,0.941291,0.948014,True,0.651112,1,0.0,0.975334,False
fixed_gv_escape,486,0.82,0.88,0.86,0.997827,0.962251,0.990517,0.952667,0.954821,True,0.651112,1,0.0,0.978624,False
fixed_gv_escape,487,0.82,0.88,0.86,0.997331,0.953169,0.990555,0.958066,0.953161,True,0.651112,1,0.0,0.977365,False
fixed_gv_escape,488,0.82,0.88,0.86,1.0,0.960346,0.995233,0.966035,0.960881,True,0.651112,1,0.0,0.982555,False
fixed_gv_escape,489,0.82,0.88,0.86,1.0,0.960549,0.987418,0.971064,0.963613,True,0.651112,1,0.0,0.982217,False
fixed_gv_escape,490,0.82,0.88,0.86,1.0,0.969452,0.999478,0.975674,0.970536,True,0.651112,1,0.0,0.987466,False
fixed_gv_escape,491,0.82,0.88,0.86,0.9922,0.972241,0.996179,0.977693,0.97333,True,0.651112,1,0.0,0.985028,False
fixed_gv_escape,492,0.82,0.88,0.86,0.999254,0.972512,1.0,0.962041,0.964578,True,0.651112,1,0.0,0.985204,False
fixed_gv_escape,493,0.82,0.88,0.86,1.0,0.984579,1.0,0.973319,0.97667,True,0.651112,1,0.0,0.990689,False
fixed_gv_escape,494,0.82,0.88,0.86,1.0,0.988231,0.999981,0.969447,0.975197,True,0.651112,1,0.0,0.990624,False
fixed_gv_escape,495,0.82,0.88,0.86,0.994383,0.991764,1.0,0.968226,0.975219,True,0.651112,1,0.0,0.988961,False
fixed_gv_escape,496,0.82,0.88,0.86,0.993187,0.988617,1.0,0.973887,0.978415,True,0.651112,1,0.0,0.989116,False
fixed_gv_escape,497,0.82,0.88,0.86,0.984443,0.981242,1.0,0.966441,0.970888,True,0.651112,1,0.0,0.98252,False
fixed_gv_escape,498,0.82,0.88,0.86,1.0,0.991535,1.0,0.971727,0.977683,True,0.651112,1,0.0,0.99184,False
fixed_gv_escape,499,0.82,0.88,0.86,0.984605,0.989009,1.0,0.970574,0.976209,True,0.651112,1,0.0,0.985197,False
fixed_gv_escape,500,0.82,0.88,0.86,0.98757,0.990138,0.998352,0.968346,0.97485,True,0.651112,1,0.0,0.985755,False
fixed_gv_escape,501,0.82,0.88,0.86,0.993019,0.985795,1.0,0.97324,0.977053,True,0.651112,1,0.0,0.98829,False
fixed_gv_escape,502,0.82,0.88,0.86,0.987268,0.976035,0.999975,0.991457,0.980734,True,0.651112,1,0.0,0.987336,False
fixed_gv_escape,503,0.82,0.88,0.86,0.986112,0.979321,1.0,0.98351,0.980023,True,0.651112,1,0.0,0.986295,False
fixed_gv_escape,504,0.82,0.88,0.86,0.988053,0.979413,1.0,0.990885,0.98294,True,0.651112,1,0.0,0.988431,False
fixed_gv_escape,505,0.82,0.88,0.86,0.977677,0.981985,0.987738,0.989359,0.983671,True,0.651112,1,0.0,0.982618,False
fixed_gv_escape,506,0.82,0.88,0.86,0.98559,0.988794,0.991838,1.0,0.989523,True,0.651112,1,0.0,0.989781,False
fixed_gv_escape,507,0.82,0.88,0.86,0.992055,0.986511,0.99783,0.999631,0.989721,True,0.651112,1,0.0,0.992877,False
fixed_gv_escape,508,0.82,0.88,0.86,0.991088,0.995369,1.0,0.999447,0.996517,True,0.651112,1,0.0,0.995285,False
fixed_gv_escape,509,0.82,0.88,0.86,0.996459,0.997647,0.998759,0.995255,0.995977,True,0.651112,1,0.0,0.99686,False
fixed_gv_escape,510,0.82,0.88,0.86,0.986273,1.0,0.991386,0.994095,0.992103,True,0.651112,1,0.0,0.991459,False
fixed_gv_escape,511,0.82,0.88,0.86,0.996269,0.989352,0.9911,0.997035,0.989701,True,0.651112,1,0.0,0.993413,False
fixed_gv_escape,512,0.82,0.88,0.86,1.0,0.984749,0.97908,1.0,0.980434,True,0.651112,1,0.0,0.991141,False
fixed_gv_escape,513,0.82,0.88,0.86,0.989212,0.984268,0.987108,0.99242,0.98506,True,0.651112,1,0.0,0.987894,False
fixed_gv_escape,514,0.82,0.88,0.86,0.985789,0.985274,0.98019,0.992904,0.981682,True,0.651112,1,0.0,0.985192,False
fixed_gv_escape,515,0.82,0.88,0.86,0.977153,1.0,0.977828,0.990155,0.981618,True,0.651112,1,0.0,0.983743,False
fixed_gv_escape,516,0.82,0.88,0.86,0.994947,1.0,0.971304,0.991742,0.97743,True,0.651112,1,0.0,0.98905,False
fixed_gv_escape,517,0.82,0.88,0.86,1.0,0.990189,0.967369,0.991977,0.973656,True,0.651112,1,0.0,0.988076,False
fixed_gv_escape,518,0.82,0.88,0.86,1.0,0.999606,0.972713,0.996093,0.979325,True,0.651112,1,0.0,0.991989,False
fixed_gv_escape,519,0.82,0.88,0.86,1.0,0.994799,0.983979,1.0,0.987254,True,0.651112,1,0.0,0.99465,False
fixed_gv_escape,520,0.82,0.88,0.86,1.0,0.976462,0.983302,1.0,0.978185,True,0.651112,1,0.0,0.99014,False
fixed_gv_escape,521,0.82,0.88,0.86,0.993522,0.975425,0.968598,1.0,0.969879,True,0.651112,1,0.0,0.983848,False
fixed_gv_escape,522,0.82,0.88,0.86,1.0,0.983278,0.966719,1.0,0.971784,True,0.651112,1,0.0,0.987614,False
fixed_gv_escape,523,0.82,0.88,0.86,1.0,0.976909,0.971479,0.990153,0.972848,True,0.651112,1,0.0,0.986073,False
fixed_gv_escape,524,0.82,0.88,0.86,1.0,0.976353,0.973992,0.986559,0.974332,True,0.651112,1,0.0,0.9861,False
fixed_gv_escape,525,0.82,0.88,0.86,1.0,0.978479,0.975976,0.992991,0.976106,True,0.651112,1,0.0,0.987953,False
fixed_gv_escape,526,0.82,0.88,0.86,1.0,0.983557,0.965768,0.982485,0.970347,True,0.651112,1,0.0,0.984868,False
fixed_gv_escape,527,0.82,0.88,0.86,1.0,0.987543,0.966943,0.986516,0.972277,True,0.651112,1,0.0,0.986593,False
fixed_gv_escape,528,0.82,0.88,0.86,1.0,0.97988,0.970282,0.975662,0.971936,True,0.651112,1,0.0,0.984254,False
fixed_gv_escape,529,0.82,0.88,0.86,0.991528,0.978199,0.976567,0.977776,0.976926,True,0.651112,1,0.0,0.982758,False
fixed_gv_escape,530,0.82,0.88,0.86,0.982797,0.968702,0.977995,0.981822,0.97149,True,0.651112,1,0.0,0.977902,False
fixed_gv_escape,531,0.82,0.88,0.86,0.990898,0.969594,0.977032,0.975943,0.971402,True,0.651112,1,0.0,0.980134,False
fixed_gv_escape,532,0.82,0.88,0.86,0.983607,0.96546,0.978273,0.975977,0.968495,True,0.651112,1,0.0,0.976499,False
fixed_gv_escape,533,0.82,0.88,0.86,0.976121,0.965773,0.9704,0.974391,0.967195,True,0.651112,1,0.0,0.971915,False
fixed_gv_escape,534,0.82,0.88,0.86,0.98616,0.964129,0.970164,0.972597,0.965937,True,0.651112,1,0.0,0.97499,False
fixed_gv_escape,535,0.82,0.88,0.86,0.984223,0.962942,0.971526,0.976795,0.965568,True,0.651112,1,0.0,0.974828,False
fixed_gv_escape,536,0.82,0.88,0.86,0.985486,0.953759,0.975641,0.973334,0.959234,True,0.651112,1,0.0,0.973151,False
fixed_gv_escape,537,0.82,0.88,0.86,0.999297,0.954055,0.970251,0.974056,0.95875,True,0.651112,1,0.0,0.977526,False
fixed_gv_escape,538,0.82,0.88,0.86,1.0,0.952086,0.974549,0.97784,0.958431,True,0.651112,1,0.0,0.978704,False
fixed_gv_escape,539,0.82,0.88,0.86,0.990047,0.9563,0.970729,0.979809,0.960718,True,0.651112,1,0.0,0.975543,False
fixed_gv_escape,540,0.82,0.88,0.86,0.978216,0.958133,0.974717,0.984253,0.963194,True,0.651112,1,0.0,0.973014,False
fixed_gv_escape,541,0.82,0.88,0.86,0.965678,0.967085,0.977962,0.977519,0.969916,True,0.651112,1,0.0,0.970309,False
fixed_gv_escape,542,0.82,0.88,0.86,0.970808,0.972177,0.975713,0.983164,0.973126,True,0.651112,1,0.0,0.973945,False
fixed_gv_escape,543,0.82,0.88,0.86,0.965749,0.960648,0.971077,0.992731,0.963461,True,0.651112,1,0.0,0.969293,False
fixed_gv_escape,544,0.82,0.88,0.86,0.970905,0.95803,0.970638,0.995795,0.961477,True,0.651112,1,0.0,0.970893,False
fixed_gv_escape,545,0.82,0.88,0.86,0.969605,0.967932,0.965268,0.99143,0.964884,True,0.651112,1,0.0,0.971012,False
fixed_gv_escape,546,0.82,0.88,0.86,0.97515,0.965169,0.966799,0.995342,0.963993,True,0.651112,1,0.0,0.973339,False
fixed_gv_escape,547,0.82,0.88,0.86,0.97742,0.965994,0.976987,0.99219,0.969261,True,0.651112,1,0.0,0.976374,False
fixed_gv_escape,548,0.82,0.88,0.86,0.982702,0.973499,0.979862,0.991849,0.97527,True,0.651112,1,0.0,0.980923,False
fixed_gv_escape,549,0.82,0.88,0.86,0.985515,0.981714,0.973077,0.990631,0.975716,True,0.651112,1,0.0,0.982133,False
fixed_gv_escape,550,0.82,0.88,0.86,0.983214,0.983765,0.976566,0.993517,0.978712,True,0.651112,1,0.0,0.983019,False
fixed_gv_escape,551,0.82,0.88,0.86,0.973326,0.985839,0.974253,1.0,0.977748,True,0.651112,1,0.0,0.98001,False
fixed_gv_escape,552,0.82,0.88,0.86,0.992531,0.980634,0.978462,1.0,0.978136,True,0.651112,1,0.0,0.987176,False
fixed_gv_escape,553,0.82,0.88,0.86,0.992976,0.988906,0.979128,1.0,0.982097,True,0.651112,1,0.0,0.989429,False
fixed_gv_escape,554,0.82,0.88,0.86,1.0,0.987685,0.98256,1.0,0.983861,True,0.651112,1,0.0,0.992707,False
fixed_gv_escape,555,0.82,0.88,0.86,1.0,0.992784,0.981903,0.991269,0.984562,True,0.651112,1,0.0,0.992369,False
fixed_gv_escape,556,0.82,0.88,0.86,0.996808,0.985061,0.976327,0.993238,0.979006,True,0.651112,1,0.0,0.988371,False
fixed_gv_escape,557,0.82,0.88,0.86,0.983026,0.983219,0.984072,0.990738,0.983152,True,0.651112,1,0.0,0.984344,False
fixed_gv_escape,558,0.82,0.88,0.86,0.99465,0.988509,0.990693,0.974388,0.978387,True,0.651112,1,0.0,0.988044,False
fixed_gv_escape,559,0.82,0.88,0.86,1.0,1.0,0.986286,0.964596,0.971238,True,0.651112,1,0.0,0.989124,False
fixed_gv_escape,560,0.82,0.88,0.86,1.0,1.0,0.993158,0.965163,0.973297,True,0.651112,1,0.0,0.990687,False
fixed_gv_escape,561,0.82,0.88,0.86,1.0,0.998462,0.991329,0.972459,0.978092,True,0.651112,1,0.0,0.991678,False
fixed_gv_escape,562,0.82,0.88,0.86,1.0,0.9975,0.978757,0.972418,0.97384,True,0.651112,1,0.0,0.988726,False
fixed_gv_escape,563,0.82,0.88,0.86,1.0,0.99355,0.979287,0.967032,0.970745,True,0.651112,1,0.0,0.986985,False
fixed_gv_escape,564,0.82,0.88,0.86,1.0,0.987931,0.979927,0.973774,0.975617,True,0.651112,1,0.0,0.987617,False
fixed_gv_escape,565,0.82,0.88,0.86,1.0,0.99012,0.984889,0.98282,0.983332,True,0.651112,1,0.0,0.991096,False
fixed_gv_escape,566,0.82,0.88,0.86,0.988582,0.987253,0.989533,0.979587,0.981842,True,0.651112,1,0.0,0.986446,False
fixed_gv_escape,567,0.82,0.88,0.86,0.991357,0.988157,0.996603,0.979119,0.981891,True,0.651112,1,0.0,0.988876,False
fixed_gv_escape,568,0.82,0.88,0.86,1.0,0.979688,0.994996,0.984737,0.98106,True,0.651112,1,0.0,0.991034,False
fixed_gv_escape,569,0.82,0.88,0.86,1.0,0.970858,0.98501,0.989825,0.975056,True,0.651112,1,0.0,0.987639,False
fixed_gv_escape,570,0.82,0.88,0.86,1.0,0.974158,0.989943,0.985255,0.977493,True,0.651112,1,0.0,0.988773,False
fixed_gv_escape,571,0.82,0.88,0.86,1.0,0.980379,0.983257,0.984522,0.981246,True,0.651112,1,0.0,0.989037,False
fixed_gv_escape,572,0.82,0.88,0.86,1.0,0.980931,0.980498,0.99249,0.979919,True,0.651112,1,0.0,0.989596,False
fixed_gv_escape,573,0.82,0.88,0.86,1.0,0.971969,0.976817,0.995818,0.972787,True,0.651112,1,0.0,0.98693,False
fixed_gv_escape,574,0.82,0.88,0.86,1.0,0.976139,0.990057,0.991459,0.980007,True,0.651112,1,0.0,0.99032,False
fixed_gv_escape,575,0.82,0.88,0.86,0.994876,0.972652,0.984517,0.992284,0.976289,True,0.651112,1,0.0,0.986418,False
fixed_gv_escape,576,0.82,0.88,0.86,1.0,0.97652,0.997842,0.990384,0.980739,True,0.651112,1,0.0,0.991727,False
fixed_gv_escape,577,0.82,0.88,0.86,1.0,0.966211,0.993378,0.9938,0.973492,True,0.651112,1,0.0,0.988677,False
fixed_gv_escape,578,0.82,0.88,0.86,1.0,0.960167,0.993517,1.0,0.969728,True,0.651112,1,0.0,0.988031,False
fixed_gv_escape,579,0.82,0.88,0.86,0.996638,0.953909,0.988859,1.0,0.964232,True,0.651112,1,0.0,0.984129,False
fixed_gv_escape,580,0.82,0.88,0.86,1.0,0.950526,0.975938,1.0,0.958318,True,0.651112,1,0.0,0.981762,False
fixed_gv_escape,581,0.82,0.88,0.86,1.0,0.947513,0.970752,1.0,0.954501,True,0.651112,1,0.0,0.979828,False
fixed_gv_escape,582,0.82,0.88,0.86,1.0,0.949947,0.973806,0.989493,0.957261,True,0.651112,1,0.0,0.979676,False
fixed_gv_escape,583,0.82,0.88,0.86,0.983193,0.961867,0.983777,0.992174,0.968413,True,0.651112,1,0.0,0.978943,False
fixed_gv_escape,584,0.82,0.88,0.86,0.97406,0.961726,0.995031,0.993203,0.970326,True,0.651112,1,0.0,0.977847,False
fixed_gv_escape,585,0.82,0.88,0.86,0.963275,0.971187,0.994763,0.982872,0.974759,True,0.651112,1,0.0,0.974489,False
fixed_gv_escape,586,0.82,0.88,0.86,0.956335,0.971284,0.996169,0.980381,0.973872,True,0.651112,1,0.0,0.971667,False
fixed_gv_escape,587,0.82,0.88,0.86,0.960245,0.978542,0.994143,0.999257,0.983158,True,0.651112,1,0.0,0.977852,False
fixed_gv_escape,588,0.82,0.88,0.86,0.956299,0.973045,0.993058,0.988962,0.977685,True,0.651112,1,0.0,0.973069,False
fixed_gv_escape,589,0.82,0.88,0.86,0.944336,0.974845,0.985165,0.987015,0.977791,True,0.651112,1,0.0,0.967167,False
fixed_gv_escape,590,0.82,0.88,0.86,0.966049,0.969152,0.98472,0.983072,0.973046,True,0.651112,1,0.0,0.973191,False
fixed_gv_escape,591,0.82,0.88,0.86,0.963609,0.975047,0.982262,0.997089,0.977,True,0.651112,1,0.0,0.975319,False
fixed_gv_escape,592,0.82,0.88,0.86,0.958809,0.973615,0.977997,1.0,0.974058,True,0.651112,1,0.0,0.972524,False
fixed_gv_escape,593,0.82,0.88,0.86,0.951361,0.970878,0.982772,1.0,0.974388,True,0.651112,1,0.0,0.970101,False
fixed_gv_escape,594,0.82,0.88,0.86,0.95888,0.971278,0.988071,0.993133,0.976221,True,0.651112,1,0.0,0.973242,False
fixed_gv_escape,595,0.82,0.88,0.86,0.965653,0.966129,0.988046,0.994062,0.972542,True,0.651112,1,0.0,0.974573,False
fixed_gv_escape,596,0.82,0.88,0.86,0.976435,0.972164,0.989585,0.991593,0.977032,True,0.651112,1,0.0,0.980227,False
fixed_gv_escape,597,0.82,0.88,0.86,0.974945,0.971843,1.0,0.992945,0.978095,True,0.651112,1,0.0,0.981795,False
fixed_gv_escape,598,0.82,0.88,0.86,0.972581,0.978831,1.0,0.997767,0.984127,True,0.651112,1,0.0,0.983553,False
fixed_gv_escape,599,0.82,0.88,0.86,0.984135,0.987113,1.0,0.997148,0.990056,True,0.651112,1,0.0,0.990059,False
fixed_gv_escape,600,0.82,0.88,0.86,0.980182,0.983202,0.99968,0.986787,0.983875,True,0.651112,1,0.0,0.985603,False
fixed_gv_escape,601,0.82,0.88,0.86,0.975759,0.98089,0.99841,0.98743,0.982766,True,0.651112,1,0.0,0.983235,False
fixed_gv_escape,602,0.82,0.88,0.86,0.9785,0.981121,0.995777,0.983178,0.981185,True,0.651112,1,0.0,0.983059,False
fixed_gv_escape,603,0.82,0.88,0.86,0.964944,0.980468,0.993094,0.986209,0.982203,True,0.651112,1,0.0,0.977854,False
fixed_gv_escape,604,0.82,0.88,0.86,0.964226,0.980456,0.999727,0.988627,0.98289,True,0.651112,1,0.0,0.979193,False
fixed_gv_escape,605,0.82,0.88,0.86,0.963606,0.986374,0.992531,0.988505,0.986967,True,0.651112,1,0.0,0.9792,False
fixed_gv_escape,606,0.82,0.88,0.86,0.9638,1.0,0.990284,0.991558,0.990283,True,0.651112,1,0.0,0.982147,False
fixed_gv_escape,607,0.82,0.88,0.86,0.971302,1.0,0.987056,0.99149,0.988283,True,0.651112,1,0.0,0.984167,False
fixed_gv_escape,608,0.82,0.88,0.86,0.965427,1.0,0.984131,0.97727,0.979042,True,0.651112,1,0.0,0.978309,False
fixed_gv_escape,609,0.82,0.88,0.86,0.96229,0.998522,0.994465,0.97712,0.982146,True,0.651112,1,0.0,0.979062,False
fixed_gv_escape,610,0.82,0.88,0.86,0.955745,0.988758,0.993637,0.980001,0.98267,True,0.651112,1,0.0,0.975135,False
fixed_gv_escape,611,0.82,0.88,0.86,0.955175,0.989226,0.98281,0.983378,0.982673,True,0.651112,1,0.0,0.973526,False
fixed_gv_escape,612,0.82,0.88,0.86,0.974244,0.989603,0.977683,0.983586,0.979488,True,0.651112,1,0.0,0.979565,False
fixed_gv_escape,613,0.82,0.88,0.86,0.981002,0.990084,0.970811,0.974277,0.97126,True,0.651112,1,0.0,0.978692,False
fixed_gv_escape,614,0.82,0.88,0.86,0.995346,0.990866,0.97659,0.981146,0.977806,True,0.651112,1,0.0,0.987071,False
fixed_gv_escape,615,0.82,0.88,0.86,0.992111,0.992319,0.984553,0.984906,0.984216,True,0.651112,1,0.0,0.988832,False
fixed_gv_escape,616,0.82,0.88,0.86,0.99169,0.991342,0.984316,0.985063,0.984229,True,0.651112,1,0.0,0.988477,False
fixed_gv_escape,617,0.82,0.88,0.86,0.976193,0.991791,0.984323,0.977294,0.979438,True,0.651112,1,0.0,0.981007,False
fixed_gv_escape,618,0.82,0.88,0.86,0.973677,0.989902,0.995898,0.984053,0.985841,True,0.651112,1,0.0,0.98351,False
fixed_gv_escape,619,0.82,0.88,0.86,0.980003,0.989225,1.0,0.989357,0.98857,True,0.651112,1,0.0,0.9876,False
fixed_gv_escape,620,0.82,0.88,0.86,0.972082,0.992958,0.999665,0.981112,0.984725,True,0.651112,1,0.0,0.983586,False
fixed_gv_escape,621,0.82,0.88,0.86,0.97321,0.996359,1.0,0.978044,0.983301,True,0.651112,1,0.0,0.984087,False
fixed_gv_escape,622,0.82,0.88,0.86,0.972507,0.993874,0.996806,0.985506,0.987992,True,0.651112,1,0.0,0.984405,False
fixed_gv_escape,623,0.82,0.88,0.86,0.986766,1.0,0.992472,0.968426,0.975521,True,0.651112,1,0.0,0.986258,False
fixed_gv_escape,624,0.82,0.88,0.86,0.98731,0.994803,0.989172,0.96691,0.973392,True,0.651112,1,0.0,0.984468,False
fixed_gv_escape,625,0.82,0.88,0.86,0.99187,1.0,0.992471,0.966074,0.973817,True,0.651112,1,0.0,0.987664,False
fixed_gv_escape,626,0.82,0.88,0.86,0.999643,1.0,0.998683,0.965549,0.97453,True,0.651112,1,0.0,0.991748,False
fixed_gv_escape,627,0.82,0.88,0.86,1.0,0.997696,0.991914,0.961773,0.970407,True,0.651112,1,0.0,0.989227,False
fixed_gv_escape,628,0.82,0.88,0.86,1.0,1.0,0.984027,0.959366,0.966924,True,0.651112,1,0.0,0.987467,False
fixed_gv_escape,629,0.82,0.88,0.86,1.0,0.996831,0.981941,0.952146,0.961181,True,0.651112,1,0.0,0.984821,False
fixed_gv_escape,630,0.82,0.88,0.86,1.0,0.993005,0.98094,0.960382,0.966661,True,0.651112,1,0.0,0.985763,False
fixed_gv_escape,631,0.82,0.88,0.86,0.996547,1.0,0.981982,0.96562,0.970599,True,0.651112,1,0.0,0.987103,False
fixed_gv_escape,632,0.82,0.88,0.86,0.999544,0.99791,0.987526,0.973653,0.977917,True,0.651112,1,0.0,0.990867,False
fixed_gv_escape,633,0.82,0.88,0.86,0.99334,1.0,0.985762,0.969935,0.974794,True,0.651112,1,0.0,0.987673,False
fixed_gv_escape,634,0.82,0.88,0.86,1.0,1.0,0.984669,0.975887,0.978382,True,0.651112,1,0.0,0.99127,False
fixed_gv_escape,635,0.82,0.88,0.86,0.998696,0.995752,0.987602,0.976134,0.979656,True,0.651112,1,0.0,0.990726,False
fixed_gv_escape,636,0.82,0.88,0.86,1.0,0.993001,0.997537,0.968451,0.975469,True,0.651112,1,0.0,0.990936,False
fixed_gv_escape,637,0.82,0.88,0.86,0.99768,0.987364,0.994692,0.980046,0.982285,True,0.651112,1,0.0,0.990969,False
fixed_gv_escape,638,0.82,0.88,0.86,0.994627,0.976781,0.984527,0.977442,0.976603,True,0.651112,1,0.0,0.985028,False
fixed_gv_escape,639,0.82,0.88,0.86,0.996114,0.963863,0.984454,0.984303,0.96932,True,0.651112,1,0.0,0.983341,False
fixed_gv_escape,640,0.82,0.88,0.86,0.984239,0.960168,0.979807,0.985661,0.965945,True,0.651112,1,0.0,0.977112,False
fixed_gv_escape,641,0.82,0.88,0.86,1.0,0.961656,0.97969,0.995659,0.967195,True,0.651112,1,0.0,0.984898,False
fixed_gv_escape,642,0.82,0.88,0.86,1.0,0.958332,0.972093,0.992131,0.96239,True,0.651112,1,0.0,0.981862,False
fixed_gv_escape,643,0.82,0.88,0.86,1.0,0.961263,0.967094,0.99784,0.96176,True,0.651112,1,0.0,0.982213,False
fixed_gv_escape,644,0.82,0.88,0.86,0.990744,0.959103,0.979834,1.0,0.965453,True,0.651112,1,0.0,0.981346,False
fixed_gv_escape,645,0.82,0.88,0.86,0.98863,0.95052,0.980924,1.0,0.959829,True,0.651112,1,0.0,0.978519,False
fixed_gv_escape,646,0.82,0.88,0.86,0.999196,0.95086,0.984847,0.995796,0.960905,True,0.651112,1,0.0,0.982842,False
fixed_gv_escape,647,0.82,0.88,0.86,0.998418,0.95513,0.987585,0.996338,0.964617,True,0.651112,1,0.0,0.984329,False
fixed_gv_escape,648,0.82,0.88,0.86,0.989135,0.950122,0.986347,0.987792,0.959941,True,0.651112,1,0.0,0.977919,False
fixed_gv_escape,649,0.82,0.88,0.86,0.989418,0.959517,0.987623,0.994344,0.967672,True,0.651112,1,0.0,0.981793,False
fixed_gv_escape,650,0.82,0.88,0.86,0.988412,0.961566,0.992381,1.0,0.970525,True,0.651112,1,0.0,0.98377,False
fixed_gv_escape,651,0.82,0.88,0.86,0.978512,0.952443,0.990657,0.985973,0.961892,True,0.651112,1,0.0,0.975056,False
fixed_gv_escape,652,0.82,0.88,0.86,0.986568,0.950094,0.984287,0.992573,0.960023,True,0.651112,1,0.0,0.977247,False
fixed_gv_escape,653,0.82,0.88,0.86,0.981702,0.947035,0.985455,0.996527,0.958312,True,0.651112,1,0.0,0.975406,False
fixed_gv_escape,654,0.82,0.88,0.86,0.993342,0.948671,0.992026,0.992608,0.960278,True,0.651112,1,0.0,0.980994,False
fixed_gv_escape,655,0.82,0.88,0.86,0.991252,0.945414,0.98848,0.987079,0.956675,True,0.651112,1,0.0,0.977769,False
fixed_gv_escape,656,0.82,0.88,0.86,0.999493,0.957387,0.978483,0.979751,0.963156,True,0.651112,1,0.0,0.981008,False
fixed_gv_escape,657,0.82,0.88,0.86,1.0,0.953951,0.98374,0.979145,0.961148,True,0.651112,1,0.0,0.981202,False
fixed_gv_escape,658,0.82,0.88,0.86,1.0,0.961108,0.984128,0.97489,0.965335,True,0.651112,1,0.0,0.982467,False
fixed_gv_escape,659,0.82,0.88,0.86,1.0,0.960859,0.981543,0.981213,0.966316,True,0.651112,1,0.0,0.98296,False
fixed_gv_escape,660,0.82,0.88,0.86,1.0,0.970083,0.984865,0.978753,0.972745,True,0.651112,1,0.0,0.985645,False
fixed_gv_escape,661,0.82,0.88,0.86,1.0,0.986625,0.987192,0.983593,0.984461,True,0.651112,1,0.0,0.991125,False
fixed_gv_escape,662,0.82,0.88,0.86,1.0,0.985484,0.989352,0.987226,0.986009,True,0.651112,1,0.0,0.992003,False
fixed_gv_escape,663,0.82,0.88,0.86,1.0,0.983154,0.987719,0.979682,0.98072,True,0.651112,1,0.0,0.989599,False
fixed_gv_escape,664,0.82,0.88,0.86,0.998951,0.989477,0.989756,0.98213,0.98412,True,0.651112,1,0.0,0.991456,False
fixed_gv_escape,665,0.82,0.88,0.86,0.995928,0.98399,1.0,0.983364,0.982574,True,0.651112,1,0.0,0.991151,False
fixed_gv_escape,666,0.82,0.88,0.86,1.0,0.982018,1.0,0.984146,0.981902,True,0.651112,1,0.0,0.992372,False
fixed_gv_escape,667,0.82,0.88,0.86,1.0,0.986097,0.997006,0.982686,0.983405,True,0.651112,1,0.0,0.992543,False
fixed_gv_escape,668,0.82,0.88,0.86,1.0,0.975521,1.0,0.981699,0.976905,True,0.651112,1,0.0,0.99026,False
fixed_gv_escape,669,0.82,0.88,0.86,1.0,0.980279,1.0,0.983379,0.980526,True,0.651112,1,0.0,0.991786,False
fixed_gv_escape,670,0.82,0.88,0.86,1.0,0.985785,0.996723,0.986857,0.985604,True,0.651112,1,0.0,0.993284,False
fixed_gv_escape,671,0.82,0.88,0.86,0.996755,0.976806,0.984687,0.987681,0.979159,True,0.651112,1,0.0,0.98761,False
fixed_gv_escape,672,0.82,0.88,0.86,0.990581,0.983796,0.986072,0.996157,0.984109,True,0.651112,1,0.0,0.988552,False
fixed_gv_escape,673,0.82,0.88,0.86,0.98533,0.987045,0.990522,0.99299,0.988113,True,0.651112,1,0.0,0.98798,False
fixed_gv_escape,674,0.82,0.88,0.86,0.989412,0.981439,0.997539,0.990763,0.984304,True,0.651112,1,0.0,0.989016,False
fixed_gv_escape,675,0.82,0.88,0.86,0.975699,0.98282,1.0,0.985706,0.983123,True,0.651112,1,0.0,0.983647,False
fixed_gv_escape,676,0.82,0.88,0.86,0.975755,0.979246,1.0,0.978373,0.977377,True,0.651112,1,0.0,0.981309,False
fixed_gv_escape,677,0.82,0.88,0.86,0.983163,0.978595,0.993999,0.98522,0.980575,True,0.651112,1,0.0,0.984269,False
fixed_gv_escape,678,0.82,0.88,0.86,0.978113,0.971489,0.988472,0.988947,0.976068,True,0.651112,1,0.0,0.980057,False
fixed_gv_escape,679,0.82,0.88,0.86,0.987714,0.970411,0.983279,0.994801,0.974362,True,0.651112,1,0.0,0.983191,False
fixed_gv_escape,680,0.82,0.88,0.86,0.992486,0.962022,0.980375,1.0,0.967618,True,0.651112,1,0.0,0.98289,False
fixed_gv_escape,681,0.82,0.88,0.86,1.0,0.949206,0.977623,0.998972,0.95794,True,0.651112,1,0.0,0.981638,False
fixed_gv_escape,682,0.82,0.88,0.86,0.993927,0.954796,0.984654,0.994675,0.963644,True,0.651112,1,0.0,0.981685,False
fixed_gv_escape,683,0.82,0.88,0.86,0.998341,0.9473,0.982396,1.0,0.957945,True,0.651112,1,0.0,0.981668,False
fixed_gv_escape,684,0.82,0.88,0.86,1.0,0.949601,0.986423,1.0,0.960577,True,0.651112,1,0.0,0.983754,False
fixed_gv_escape,685,0.82,0.88,0.86,1.0,0.959052,0.990905,0.994942,0.967989,True,0.651112,1,0.0,0.986443,False
fixed_gv_escape,686,0.82,0.88,0.86,1.0,0.960678,0.980574,0.998066,0.966789,True,0.651112,1,0.0,0.985169,False
fixed_gv_escape,687,0.82,0.88,0.86,1.0,0.957832,0.976406,0.999925,0.963414,True,0.651112,1,0.0,0.983762,False
fixed_gv_escape,688,0.82,0.88,0.86,1.0,0.962741,0.983684,0.993134,0.969058,True,0.651112,1,0.0,0.985682,False
fixed_gv_escape,689,0.82,0.88,0.86,1.0,0.963297,0.989373,0.999185,0.971079,True,0.651112,1,0.0,0.987896,False
fixed_gv_escape,690,0.82,0.88,0.86,1.0,0.963768,0.988183,0.988801,0.970341,True,0.651112,1,0.0,0.986224,False
fixed_gv_escape,691,0.82,0.88,0.86,1.0,0.967919,0.992621,0.981674,0.972148,True,0.651112,1,0.0,0.986989,False
fixed_gv_escape,692,0.82,0.88,0.86,1.0,0.97065,0.989365,0.981481,0.973977,True,0.651112,1,0.0,0.987087,False
fixed_gv_escape,693,0.82,0.88,0.86,1.0,0.962757,0.999498,0.987848,0.970337,True,0.651112,1,0.0,0.987945,False
fixed_gv_escape,694,0.82,0.88,0.86,0.993746,0.970228,1.0,0.979475,0.972659,True,0.651112,1,0.0,0.98611,False
fixed_gv_escape,695,0.82,0.88,0.86,1.0,0.971244,0.995548,0.974057,0.971056,True,0.651112,1,0.0,0.986917,False
fixed_gv_escape,696,0.82,0.88,0.86,1.0,0.980575,0.997174,0.98238,0.980389,True,0.651112,1,0.0,0.991175,False
fixed_gv_escape,697,0.82,0.88,0.86,1.0,0.982895,1.0,0.984836,0.982744,True,0.651112,1,0.0,0.992727,False
fixed_gv_escape,698,0.82,0.88,0.86,1.0,0.973364,0.986074,0.990291,0.977127,True,0.651112,1,0.0,0.988595,False
fixed_gv_escape,699,0.82,0.88,0.86,1.0,0.97917,0.994885,0.993797,0.983193,True,0.651112,1,0.0,0.992445,False
fixed_gv_escape,700,0.82,0.88,0.86,1.0,0.981624,0.996485,0.986275,0.982852,True,0.651112,1,0.0,0.99208,False
fixed_gv_escape,701,0.82,0.88,0.86,0.983716,0.978673,0.996731,0.981959,0.979112,True,0.651112,1,0.0,0.984353,False
fixed_gv_escape,702,0.82,0.88,0.86,1.0,0.985954,0.992717,0.979697,0.981604,True,0.651112,1,0.0,0.991111,False
fixed_gv_escape,703,0.82,0.88,0.86,1.0,0.984888,0.981142,0.980927,0.980773,True,0.651112,1,0.0,0.988908,False
fixed_gv_escape,704,0.82,0.88,0.86,1.0,0.984913,0.979487,0.993432,0.981066,True,0.651112,1,0.0,0.9904,False
fixed_gv_escape,705,0.82,0.88,0.86,1.0,0.982141,0.984258,0.984901,0.982764,True,0.651112,1,0.0,0.98977,False
fixed_gv_escape,706,0.82,0.88,0.86,0.993614,0.979061,0.992246,0.981692,0.97949,True,0.651112,1,0.0,0.987384,False
fixed_gv_escape,707,0.82,0.88,0.86,1.0,0.979541,0.998447,0.985442,0.981097,True,0.651112,1,0.0,0.991731,False
fixed_gv_escape,708,0.82,0.88,0.86,1.0,0.99121,0.994671,0.980135,0.983403,True,0.651112,1,0.0,0.992686,False
fixed_gv_escape,709,0.82,0.88,0.86,1.0,0.998257,0.991613,0.967931,0.974871,True,0.651112,1,0.0,0.990672,False
fixed_gv_escape,710,0.82,0.88,0.86,1.0,0.997911,0.992954,0.965779,0.973542,True,0.651112,1,0.0,0.99039,False
fixed_gv_escape,711,0.82,0.88,0.86,1.0,1.0,0.994125,0.969979,0.976993,True,0.651112,1,0.0,0.991979,False
fixed_gv_escape,712,0.82,0.88,0.86,0.995855,1.0,0.999055,0.977835,0.983598,True,0.651112,1,0.0,0.993184,False
fixed_gv_escape,713,0.82,0.88,0.86,0.991413,0.995132,0.996473,0.979654,0.983932,True,0.651112,1,0.0,0.99045,False
fixed_gv_escape,714,0.82,0.88,0.86,0.985704,0.988504,0.983991,0.961564,0.968006,True,0.651112,1,0.0,0.980396,False
fixed_gv_escape,715,0.82,0.88,0.86,1.0,0.999638,0.978615,0.963647,0.968085,True,0.651112,1,0.0,0.987166,False
fixed_gv_escape,716,0.82,0.88,0.86,0.992783,0.992465,0.97792,0.963672,0.968027,True,0.651112,1,0.0,0.983004,False
fixed_gv_escape,717,0.82,0.88,0.86,1.0,0.990676,0.978818,0.958228,0.964512,True,0.651112,1,0.0,0.984402,False
fixed_gv_escape,718,0.82,0.88,0.86,0.991288,0.994858,0.977443,0.948288,0.957199,True,0.651112,1,0.0,0.979328,False
fixed_gv_escape,719,0.82,0.88,0.86,0.984578,1.0,0.974664,0.95397,0.960211,True,0.651112,1,0.0,0.97836,False
opportunity_aware_gv,0,0.62,0.9,0.88,0.344841,1.0,1.0,1.0,1.0,True,0.0,0,0.0,0.751039,False
opportunity_aware_gv,1,0.62,0.9,0.88,0.336684,1.0,0.997083,1.0,0.997859,True,0.0,0,0.0,0.747158,False
opportunity_aware_gv,2,0.62,0.9,0.88,0.344514,1.0,1.0,1.0,1.0,True,0.0,0,0.0,0.750915,False
opportunity_aware_gv,3,0.62,0.9,0.88,0.346722,1.0,1.0,0.997058,0.99784,True,0.0,0,0.0,0.751083,False
opportunity_aware_gv,4,0.62,0.9,0.88,0.353147,0.998764,0.992755,1.0,0.994483,True,0.0,0,0.0,0.752007,False
opportunity_aware_gv,5,0.62,0.9,0.88,0.34259,1.0,0.977761,0.997598,0.983315,True,0.0,0,0.0,0.743843,False
opportunity_aware_gv,6,0.62,0.9,0.88,0.342443,1.0,0.983038,0.987375,0.984022,True,0.0,0,0.0,0.74339,False
opportunity_aware_gv,7,0.62,0.9,0.88,0.345437,1.0,0.976158,0.985484,0.978875,True,0.0,0,0.0,0.742407,False
opportunity_aware_gv,8,0.62,0.9,0.88,0.339641,1.0,0.977069,0.982607,0.978255,True,0.0,0,0.0,0.739892,False
opportunity_aware_gv,9,0.62,0.9,0.88,0.337616,0.997157,0.970205,0.981603,0.973599,True,0.0,0,0.0,0.736675,False
opportunity_aware_gv,10,0.62,0.9,0.88,0.334033,0.998177,0.972583,0.978843,0.973941,True,0.0,0,0.0,0.73558,False
opportunity_aware_gv,11,0.62,0.9,0.88,0.353782,1.0,0.967122,0.974022,0.968349,True,0.0,0,0.0,0.741084,False
opportunity_aware_gv,12,0.62,0.9,0.88,0.364719,0.997609,0.969596,0.986822,0.974869,True,0.0,0,0.0,0.747829,False
opportunity_aware_gv,13,0.62,0.9,0.88,0.372849,1.0,0.967024,0.993592,0.974737,True,0.0,0,0.0,0.751818,False
opportunity_aware_gv,14,0.62,0.9,0.88,0.386048,0.996475,0.965195,0.987263,0.971822,True,0.0,0,0.0,0.754634,False
opportunity_aware_gv,15,0.62,0.9,0.88,0.385113,0.981998,0.964891,0.984617,0.969734,True,0.0,0,0.0,0.750998,False
opportunity_aware_gv,16,0.62,0.9,0.88,0.390977,0.978319,0.963246,0.983694,0.967729,True,0.0,0,0.0,0.751898,False
opportunity_aware_gv,17,0.62,0.9,0.88,0.386879,0.974684,0.957632,0.975315,0.962248,True,0.0,0,0.0,0.746845,False
opportunity_aware_gv,18,0.62,0.9,0.88,0.390982,0.983178,0.965215,0.990475,0.970601,True,0.0,0,0.0,0.754423,False
opportunity_aware_gv,19,0.62,0.9,0.88,0.391378,0.975906,0.97049,0.991487,0.971729,True,0.0,0,0.0,0.754491,False
opportunity_aware_gv,20,0.62,0.9,0.88,0.395815,0.969831,0.97353,0.992986,0.970149,True,0.0,0,0.0,0.755651,False
opportunity_aware_gv,21,0.62,0.9,0.88,0.392829,0.977917,0.986665,0.986545,0.980227,True,0.0,0,0.0,0.758643,False
opportunity_aware_gv,22,0.62,0.9,0.88,0.372286,0.982624,0.975864,0.983819,0.977792,True,0.0,0,0.0,0.749066,False
opportunity_aware_gv,23,0.62,0.9,0.88,0.373041,0.988204,0.965481,0.982172,0.97045,True,0.0,0,0.0,0.747377,False
opportunity_aware_gv,24,0.62,0.9,0.88,0.38817,0.991166,0.959505,0.979905,0.96572,True,0.0,0,0.0,0.751699,False
opportunity_aware_gv,25,0.62,0.9,0.88,0.396365,0.985935,0.959178,0.979128,0.965096,True,0.0,0,0.0,0.753628,False
opportunity_aware_gv,26,0.62,0.9,0.88,0.385163,0.982313,0.968799,0.977498,0.97145,True,0.0,0,0.0,0.750986,False
opportunity_aware_gv,27,0.62,0.9,0.88,0.388767,0.996179,0.969835,0.984771,0.974426,True,0.0,0,0.0,0.756413,False
opportunity_aware_gv,28,0.62,0.9,0.88,0.389172,0.996374,0.966141,0.984028,0.971631,True,0.0,0,0.0,0.755498,False
opportunity_aware_gv,29,0.62,0.9,0.88,0.385249,0.996489,0.971459,0.979585,0.973649,True,0.0,0,0.0,0.754605,False
opportunity_aware_gv,30,0.62,0.9,0.88,0.388312,0.995609,0.96031,0.977986,0.965719,True,0.0,0,0.0,0.752428,False
opportunity_aware_gv,31,0.62,0.9,0.88,0.404755,0.999155,0.968317,0.971425,0.967849,True,0.0,0,0.0,0.760093,False
opportunity_aware_gv,32,0.62,0.9,0.88,0.417001,0.993855,0.975107,0.976725,0.974685,True,0.0,0,0.0,0.766577,False
opportunity_aware_gv,33,0.62,0.9,0.88,0.416851,0.988131,0.986543,0.981249,0.982807,True,0.0,0,0.0,0.769156,False
opportunity_aware_gv,34,0.62,0.9,0.88,0.416028,0.988732,0.987955,0.984239,0.985309,True,0.0,0,0.0,0.769925,False
opportunity_aware_gv,35,0.62,0.9,0.88,0.412249,0.980287,0.98884,0.974252,0.976039,True,0.0,0,0.0,0.764617,False
opportunity_aware_gv,36,0.62,0.9,0.88,0.410655,0.983858,1.0,0.963396,0.969687,True,0.0,0,0.0,0.764381,False
opportunity_aware_gv,37,0.62,0.9,0.88,0.411271,0.986454,0.991511,0.97053,0.975232,True,0.0,0,0.0,0.765219,False
opportunity_aware_gv,38,0.62,0.9,0.88,0.413259,0.975256,0.992221,0.976533,0.97478,True,0.0,0,0.0,0.764873,False
opportunity_aware_gv,39,0.62,0.9,0.88,0.425132,0.982833,0.98862,0.986843,0.984041,True,0.0,0,0.0,0.772655,False
opportunity_aware_gv,40,0.62,0.9,0.88,0.42801,0.983968,0.989394,0.971477,0.975236,True,0.0,0,0.0,0.770884,False
opportunity_aware_gv,41,0.62,0.9,0.88,0.419579,0.994231,0.999245,0.977487,0.982413,True,0.0,0,0.0,0.773003,False
opportunity_aware_gv,42,0.62,0.9,0.88,0.413995,0.990467,1.0,0.974043,0.979057,True,0.0,0,0.0,0.769455,False
opportunity_aware_gv,43,0.62,0.9,0.88,0.424716,0.99977,1.0,0.981091,0.986089,True,0.0,0,0.0,0.777034,False
opportunity_aware_gv,44,0.62,0.9,0.88,0.42762,0.98732,1.0,0.985416,0.98541,True,0.0,0,0.0,0.77642,False
opportunity_aware_gv,45,0.62,0.9,0.88,0.429994,0.986634,0.994215,0.979865,0.981922,True,0.0,0,0.0,0.774962,False
opportunity_aware_gv,46,0.62,0.9,0.88,0.447468,0.987039,0.996087,0.974614,0.978431,True,0.0,0,0.0,0.780858,False
opportunity_aware_gv,47,0.62,0.9,0.88,0.464026,0.978272,0.998993,0.978648,0.977076,True,0.0,0,0.0,0.786497,False
opportunity_aware_gv,48,0.62,0.9,0.88,0.479648,0.991173,0.997624,0.983359,0.985761,True,0.0,0,0.0,0.796211,False
opportunity_aware_gv,49,0.62,0.9,0.88,0.477071,0.993076,1.0,0.985185,0.987609,True,0.0,0,0.0,0.79648,False
opportunity_aware_gv,50,0.62,0.9,0.88,0.475843,0.990558,0.994945,0.987533,0.988426,True,0.0,0,0.0,0.795077,False
opportunity_aware_gv,51,0.62,0.9,0.88,0.486159,0.98571,0.99164,0.997253,0.987528,True,0.0,0,0.0,0.798782,False
opportunity_aware_gv,52,0.62,0.9,0.88,0.48888,0.985109,0.998701,1.0,0.988879,True,0.0,0,0.0,0.801526,False
opportunity_aware_gv,53,0.62,0.9,0.88,0.491573,0.980344,1.0,1.0,0.985572,True,0.0,0,0.0,0.801528,False
opportunity_aware_gv,54,0.62,0.9,0.88,0.505443,0.977749,1.0,1.0,0.983667,True,0.0,0,0.0,0.806103,False
opportunity_aware_gv,55,0.62,0.9,0.88,0.512577,0.983143,1.0,0.995546,0.986834,True,0.0,0,0.0,0.809542,False
opportunity_aware_gv,56,0.62,0.9,0.88,0.515196,0.976226,0.99928,0.995701,0.981792,True,0.0,0,0.0,0.808579,False
opportunity_aware_gv,57,0.62,0.9,0.88,0.520173,0.982722,1.0,0.992586,0.985754,True,0.0,0,0.0,0.811808,False
opportunity_aware_gv,58,0.62,0.9,0.88,0.522617,0.98457,1.0,0.994451,0.987583,True,0.0,0,0.0,0.81355,False
opportunity_aware_gv,59,0.62,0.9,0.88,0.520598,0.986052,1.0,1.0,0.989762,True,0.0,0,0.0,0.814088,False
opportunity_aware_gv,60,0.62,0.9,0.88,0.524123,0.991072,0.991273,1.0,0.990577,True,0.0,0,0.0,0.814858,False
opportunity_aware_gv,61,0.62,0.9,0.88,0.526103,1.0,0.993369,0.994817,0.993643,True,0.0,0,0.0,0.817237,False
opportunity_aware_gv,62,0.62,0.9,0.88,0.524446,0.994236,1.0,1.0,0.995769,True,0.0,0,0.0,0.817744,False
opportunity_aware_gv,63,0.62,0.9,0.88,0.523792,0.992552,1.0,1.0,0.994533,True,0.0,0,0.0,0.817044,False
opportunity_aware_gv,64,0.62,0.9,0.88,0.545639,0.993885,1.0,1.0,0.995512,True,0.0,0,0.0,0.825704,False
opportunity_aware_gv,65,0.62,0.9,0.88,0.554095,0.991536,0.992621,1.0,0.991523,True,0.0,0,0.0,0.826687,False
opportunity_aware_gv,66,0.62,0.9,0.88,0.551392,0.987434,1.0,0.997257,0.990312,True,0.0,0,0.0,0.82572,False
opportunity_aware_gv,67,0.62,0.9,0.88,0.550887,0.98744,0.990558,0.994107,0.988387,True,0.0,0,0.0,0.823158,False
opportunity_aware_gv,68,0.62,0.9,0.88,0.555153,0.994784,1.0,1.0,0.996171,True,0.0,0,0.0,0.82956,False
opportunity_aware_gv,69,0.62,0.9,0.88,0.556443,0.99121,1.0,1.0,0.993548,True,0.0,0,0.0,0.829092,False
opportunity_aware_gv,70,0.62,0.9,0.88,0.563908,0.990759,1.0,1.0,0.993217,True,0.0,0,0.0,0.831808,False
opportunity_aware_gv,71,0.62,0.9,0.88,0.566132,0.986047,0.994855,0.995913,0.988513,True,0.0,0,0.0,0.829742,False
opportunity_aware_gv,72,0.62,0.9,0.88,0.57277,0.978,0.991993,0.997501,0.982187,True,0.0,0,0.0,0.829764,False
opportunity_aware_gv,73,0.62,0.9,0.88,0.578721,0.976848,0.987904,0.997899,0.980243,True,0.0,0,0.0,0.830905,False
opportunity_aware_gv,74,0.62,0.9,0.88,0.574413,0.976122,0.991091,0.993393,0.98036,True,0.0,0,0.0,0.829094,False
opportunity_aware_gv,75,0.62,0.9,0.88,0.5646,0.974366,0.983462,0.991515,0.977159,True,0.0,0,0.0,0.823028,False
opportunity_aware_gv,76,0.62,0.9,0.88,0.556052,0.973477,0.996776,0.994231,0.979292,True,0.0,0,0.0,0.822653,False
opportunity_aware_gv,77,0.62,0.9,0.88,0.557277,0.976889,1.0,0.991227,0.981275,True,0.0,0,0.0,0.82413,False
opportunity_aware_gv,78,0.62,0.9,0.88,0.548726,0.978236,0.991566,0.988721,0.981302,True,0.0,0,0.0,0.819257,False
opportunity_aware_gv,79,0.62,0.9,0.88,0.559799,0.975871,0.994213,0.979452,0.976431,True,0.0,0,0.0,0.821634,False
opportunity_aware_gv,80,0.62,0.9,0.88,0.552654,0.974077,1.0,0.985692,0.977578,True,0.0,0,0.0,0.820649,False
opportunity_aware_gv,81,0.62,0.9,0.88,0.580725,0.969403,1.0,0.976947,0.971053,True,0.0,0,0.0,0.828467,False
opportunity_aware_gv,82,0.62,0.9,0.88,0.572423,0.97191,1.0,0.975827,0.97202,True,0.0,0,0.0,0.825723,False
opportunity_aware_gv,83,0.62,0.9,0.88,0.570366,0.974756,1.0,0.967689,0.969026,True,0.0,0,0.0,0.823955,False
opportunity_aware_gv,84,0.62,0.9,0.88,0.573277,0.979332,1.0,0.967411,0.970804,True,0.0,0,0.0,0.826059,False
opportunity_aware_gv,85,0.62,0.9,0.88,0.568776,0.981963,0.998217,0.966794,0.971418,True,0.0,0,0.0,0.824489,False
opportunity_aware_gv,86,0.62,0.9,0.88,0.575669,0.979149,0.993641,0.97043,0.972936,True,0.0,0,0.0,0.826469,False
opportunity_aware_gv,87,0.62,0.9,0.88,0.57332,0.972898,1.0,0.968716,0.968751,True,0.0,0,0.0,0.824854,False
opportunity_aware_gv,88,0.62,0.9,0.88,0.575411,0.970179,0.997584,0.970284,0.968389,True,0.0,0,0.0,0.8249,False
opportunity_aware_gv,89,0.62,0.9,0.88,0.574457,0.965058,0.990738,0.971584,0.96653,True,0.0,0,0.0,0.822342,False
opportunity_aware_gv,90,0.62,0.9,0.88,0.565512,0.970718,0.995614,0.978327,0.972699,True,0.0,0,0.0,0.822524,False
opportunity_aware_gv,91,0.62,0.9,0.88,0.573089,0.984751,0.993943,0.972736,0.976429,True,0.0,0,0.0,0.827293,False
opportunity_aware_gv,92,0.62,0.9,0.88,0.589614,0.995844,0.988586,0.969231,0.975006,True,0.0,0,0.0,0.833944,False
opportunity_aware_gv,93,0.62,0.9,0.88,0.601888,0.988251,0.977146,0.983205,0.979008,True,0.0,0,0.0,0.837618,False
opportunity_aware_gv,94,0.62,0.9,0.88,0.608003,0.98739,0.98066,0.974649,0.976476,True,0.0,0,0.0,0.838918,False
opportunity_aware_gv,95,0.62,0.9,0.88,0.611325,0.974162,0.979454,0.973262,0.973304,True,0.0,0,0.0,0.837008,False
opportunity_aware_gv,96,0.62,0.9,0.88,0.609396,0.969001,0.969169,0.974973,0.968688,True,0.0,0,0.0,0.83318,False
opportunity_aware_gv,97,0.62,0.9,0.88,0.600874,0.970352,0.968371,0.972995,0.968963,True,0.0,0,0.0,0.829797,False
opportunity_aware_gv,98,0.62,0.9,0.88,0.608816,0.963888,0.969747,0.968996,0.965331,True,0.0,0,0.0,0.830903,False
opportunity_aware_gv,99,0.62,0.9,0.88,0.620514,0.968215,0.97748,0.971955,0.969315,True,0.0,0,0.0,0.838412,False
opportunity_aware_gv,100,0.62,0.9,0.88,0.608745,0.967311,0.97684,0.980181,0.970143,True,0.0,0,0.0,0.834913,False
opportunity_aware_gv,101,0.62,0.9,0.88,0.613344,0.969695,0.984516,0.980002,0.972799,True,0.0,0,0.0,0.838765,False
opportunity_aware_gv,102,0.62,0.9,0.88,0.602185,0.960966,0.971303,0.985348,0.964046,True,0.0,0,0.0,0.830273,False
opportunity_aware_gv,103,0.62,0.9,0.88,0.61184,0.958131,0.968826,0.985084,0.961261,True,0.0,0,0.0,0.832614,False
opportunity_aware_gv,104,0.62,0.9,0.88,0.62787,0.964213,0.971794,0.993566,0.965949,True,0.0,0,0.0,0.842085,False
opportunity_aware_gv,105,0.62,0.9,0.88,0.627223,0.964566,0.96681,0.992718,0.963839,True,0.0,0,0.0,0.840634,False
opportunity_aware_gv,106,0.62,0.9,0.88,0.637903,0.968944,0.976433,0.983172,0.971244,True,0.0,0,0.0,0.846764,False
opportunity_aware_gv,107,0.62,0.9,0.88,0.627803,0.962733,0.97345,0.991548,0.965803,True,0.0,0,0.0,0.841791,False
opportunity_aware_gv,108,0.62,0.9,0.88,0.628332,0.959151,0.966031,0.99861,0.959969,True,0.0,0,0.0,0.840301,False
opportunity_aware_gv,109,0.62,0.9,0.88,0.641632,0.962819,0.951249,0.991187,0.954156,True,0.0,0,0.0,0.841617,False
opportunity_aware_gv,110,0.62,0.9,0.88,0.641154,0.960637,0.946165,0.99715,0.949749,True,0.0,0,0.0,0.840434,False
opportunity_aware_gv,111,0.62,0.9,0.88,0.647644,0.958075,0.948918,0.989213,0.950742,True,0.0,0,0.0,0.841942,False
opportunity_aware_gv,112,0.62,0.9,0.88,0.6299,0.949987,0.948594,1.0,0.945869,True,0.0,0,0.0,0.834611,False
opportunity_aware_gv,113,0.62,0.9,0.88,0.622432,0.952863,0.960829,1.0,0.95372,True,0.0,0,0.0,0.835435,False
opportunity_aware_gv,114,0.62,0.9,0.88,0.622211,0.951284,0.962556,0.99605,0.953804,True,0.0,0,0.0,0.834835,False
opportunity_aware_gv,115,0.62,0.9,0.88,0.611841,0.958159,0.963972,0.994886,0.958638,True,0.0,0,0.0,0.832804,False
opportunity_aware_gv,116,0.62,0.9,0.88,0.606482,0.966669,0.963855,0.996718,0.963105,True,0.0,0,0.0,0.833071,False
opportunity_aware_gv,117,0.62,0.9,0.88,0.60873,0.959486,0.965593,0.999045,0.959928,True,0.0,0,0.0,0.832889,False
opportunity_aware_gv,118,0.62,0.9,0.88,0.603981,0.95871,0.9699,0.997807,0.961498,True,0.0,0,0.0,0.831735,False
opportunity_aware_gv,119,0.62,0.9,0.88,0.621689,0.954304,0.977331,0.990948,0.96134,True,0.0,0,0.0,0.83803,False
opportunity_aware_gv,120,0.62,0.9,0.88,0.629834,0.952681,0.97074,0.97941,0.958147,True,0.0,0,0.0,0.837648,False
opportunity_aware_gv,121,0.62,0.9,0.88,0.636524,0.947706,0.972243,0.9712,0.954087,True,0.0,0,0.0,0.837928,False
opportunity_aware_gv,122,0.62,0.9,0.88,0.629828,0.948886,0.970111,0.964965,0.953636,True,0.0,0,0.0,0.834285,False
opportunity_aware_gv,123,0.62,0.9,0.88,0.624834,0.942612,0.977549,0.963908,0.949136,True,0.0,0,0.0,0.83191,False
opportunity_aware_gv,124,0.62,0.9,0.88,0.622328,0.949908,0.973688,0.974031,0.956278,True,0.0,0,0.0,0.83385,False
opportunity_aware_gv,125,0.62,0.9,0.88,0.628835,0.957706,0.977218,0.966602,0.960396,True,0.0,0,0.0,0.837816,False
opportunity_aware_gv,126,0.62,0.9,0.88,0.640676,0.95421,0.98379,0.965072,0.957307,True,0.0,0,0.0,0.842284,False
opportunity_aware_gv,127,0.62,0.9,0.88,0.632067,0.952003,0.979049,0.967526,0.956773,True,0.0,0,0.0,0.838041,False
opportunity_aware_gv,128,0.62,0.9,0.88,0.638248,0.950572,0.974127,0.969646,0.956101,True,0.0,0,0.0,0.839463,False
opportunity_aware_gv,129,0.62,0.9,0.88,0.649356,0.951442,0.972985,0.973375,0.957223,True,0.0,0,0.0,0.844291,False
opportunity_aware_gv,130,0.62,0.9,0.88,0.638571,0.946603,0.980183,0.974717,0.954663,True,0.0,0,0.0,0.840498,False
opportunity_aware_gv,131,0.62,0.9,0.88,0.643868,0.944929,0.97556,0.968644,0.951895,True,0.0,0,0.0,0.840196,False
opportunity_aware_gv,132,0.62,0.9,0.88,0.630624,0.941639,0.97705,0.979102,0.951313,True,0.0,0,0.0,0.836233,False
opportunity_aware_gv,133,0.62,0.9,0.88,0.626336,0.952653,0.969643,0.981352,0.957868,True,0.0,0,0.0,0.836354,False
opportunity_aware_gv,134,0.62,0.9,0.88,0.621767,0.95833,0.967516,0.98611,0.960829,True,0.0,0,0.0,0.836279,False
opportunity_aware_gv,135,0.62,0.9,0.88,0.626927,0.95717,0.975437,0.986284,0.962752,True,0.0,0,0.0,0.839712,False
opportunity_aware_gv,136,0.62,0.9,0.88,0.633468,0.957754,0.980937,0.99148,0.96475,True,0.0,0,0.0,0.844259,False
opportunity_aware_gv,137,0.62,0.9,0.88,0.617609,0.95319,0.989842,0.984213,0.96205,True,0.0,0,0.0,0.837673,False
opportunity_aware_gv,138,0.62,0.9,0.88,0.625741,0.95031,0.97819,0.981297,0.958089,True,0.0,0,0.0,0.837264,False
opportunity_aware_gv,139,0.62,0.9,0.88,0.621315,0.947109,0.972892,0.989175,0.955005,True,0.0,0,0.0,0.834785,False
opportunity_aware_gv,140,0.62,0.9,0.88,0.618788,0.957256,0.977223,0.984,0.963177,True,0.0,0,0.0,0.836687,False
opportunity_aware_gv,141,0.62,0.9,0.88,0.630533,0.958703,0.968646,0.973805,0.961724,True,0.0,0,0.0,0.838265,False
opportunity_aware_gv,142,0.62,0.9,0.88,0.635582,0.953308,0.962197,0.962354,0.955693,True,0.0,0,0.0,0.835725,False
opportunity_aware_gv,143,0.62,0.9,0.88,0.63071,0.952003,0.973545,0.961939,0.955013,True,0.0,0,0.0,0.835541,False
opportunity_aware_gv,144,0.62,0.9,0.88,0.637264,0.952091,0.976779,0.964821,0.955995,True,0.0,0,0.0,0.839151,False
opportunity_aware_gv,145,0.62,0.9,0.88,0.661875,0.959067,0.97102,0.968151,0.961748,True,0.0,0,0.0,0.849879,False
opportunity_aware_gv,146,0.62,0.9,0.88,0.667925,0.952105,0.965286,0.971218,0.95608,True,0.0,0,0.0,0.849642,False
opportunity_aware_gv,147,0.62,0.9,0.88,0.674426,0.958738,0.968623,0.973159,0.961723,True,0.0,0,0.0,0.854856,False
opportunity_aware_gv,148,0.62,0.9,0.88,0.68341,0.966187,0.969233,0.973303,0.967097,True,0.0,0,0.0,0.860386,False
opportunity_aware_gv,149,0.62,0.9,0.88,0.685727,0.967707,0.973107,0.973557,0.969197,True,0.0,0,0.0,0.862524,False
opportunity_aware_gv,150,0.62,0.9,0.88,0.691231,0.968491,0.985008,0.979121,0.97173,True,0.0,0,0.0,0.867982,False
opportunity_aware_gv,151,0.62,0.9,0.88,0.699543,0.971331,0.993337,0.976632,0.972463,True,0.0,0,0.0,0.872891,False
opportunity_aware_gv,152,0.62,0.9,0.88,0.701231,0.972585,0.988235,0.980823,0.975115,True,0.0,0,0.0,0.873744,False
opportunity_aware_gv,153,0.62,0.9,0.88,0.713992,0.973388,0.986135,0.986163,0.976782,True,0.0,0,0.0,0.879308,False
opportunity_aware_gv,154,0.62,0.9,0.88,0.725152,0.980724,0.994115,0.988859,0.983217,True,0.0,0,0.0,0.887455,False
opportunity_aware_gv,155,0.62,0.9,0.88,0.728506,0.983611,0.99094,0.997208,0.985863,True,0.0,0,0.0,0.890164,False
opportunity_aware_gv,156,0.62,0.9,0.88,0.723848,0.995425,0.991809,0.990732,0.990949,True,0.0,0,0.0,0.890381,False
opportunity_aware_gv,157,0.62,0.9,0.88,0.73823,1.0,0.998124,0.99894,0.998369,True,0.0,0,0.0,0.899846,False
opportunity_aware_gv,158,0.62,0.9,0.88,0.745166,1.0,1.0,1.0,1.0,True,0.0,0,0.0,0.903163,False
opportunity_aware_gv,159,0.62,0.9,0.88,0.753501,1.0,0.998762,0.998121,0.998298,True,0.0,0,0.0,0.90564,False
opportunity_aware_gv,160,0.62,0.9,0.88,0.750784,0.992099,1.0,0.995474,0.993106,True,0.0,0,0.0,0.902415,False
opportunity_aware_gv,161,0.62,0.9,0.88,0.748383,1.0,1.0,0.994172,0.995722,True,0.0,0,0.0,0.903056,False
opportunity_aware_gv,162,0.62,0.9,0.88,0.748087,1.0,1.0,0.99501,0.996337,True,0.0,0,0.0,0.903135,False
opportunity_aware_gv,163,0.62,0.9,0.88,0.756638,0.999749,1.0,0.989246,0.992072,True,0.0,0,0.0,0.90502,False
opportunity_aware_gv,164,0.62,0.9,0.88,0.756847,1.0,1.0,0.98712,0.990546,True,0.0,0,0.0,0.904664,False
opportunity_aware_gv,165,0.62,0.9,0.88,0.759292,0.994516,1.0,0.97763,0.982624,True,0.0,0,0.0,0.902327,False
opportunity_aware_gv,166,0.62,0.9,0.88,0.768116,0.998523,0.98958,0.97358,0.978457,True,0.0,0,0.0,0.903459,False
opportunity_aware_gv,167,0.62,0.9,0.88,0.803806,1.0,0.99613,0.977562,0.982906,True,0.0,0,0.0,0.919557,False
opportunity_aware_gv,168,0.62,0.9,0.88,0.814247,0.993393,0.988988,0.970628,0.975956,True,0.0,0,0.0,0.919245,False
opportunity_aware_gv,169,0.62,0.9,0.88,0.816268,0.994206,0.989243,0.964798,0.971823,True,0.0,0,0.0,0.918893,False
opportunity_aware_gv,170,0.62,0.9,0.88,0.813785,0.985957,0.986556,0.959419,0.966555,True,0.0,0,0.0,0.914596,False
opportunity_aware_gv,171,0.62,0.9,0.88,0.821553,0.978637,0.9852,0.971834,0.973919,True,0.0,0,0.0,0.918608,False
opportunity_aware_gv,172,0.62,0.9,0.88,0.827446,0.979943,0.992224,0.974494,0.975918,True,0.0,0,0.0,0.922959,False
opportunity_aware_gv,173,0.62,0.9,0.88,0.833188,0.977987,0.992869,0.975786,0.975765,True,0.0,0,0.0,0.925068,False
opportunity_aware_gv,174,0.62,0.9,0.88,0.825115,0.986139,0.999492,0.970283,0.975157,True,0.0,0,0.0,0.923816,False
opportunity_aware_gv,175,0.62,0.9,0.88,0.825795,0.979637,0.988308,0.967196,0.971015,True,0.0,0,0.0,0.919961,False
opportunity_aware_gv,176,0.62,0.9,0.88,0.816745,0.98134,0.995653,0.973282,0.975562,True,0.0,0,0.0,0.919549,False
opportunity_aware_gv,177,0.62,0.9,0.88,0.804501,0.986222,0.996668,0.97667,0.979578,True,0.0,0,0.0,0.916914,False
opportunity_aware_gv,178,0.62,0.9,0.88,0.800383,0.969407,0.990453,0.980321,0.972756,True,0.0,0,0.0,0.910896,False
opportunity_aware_gv,179,0.62,0.9,0.88,0.793138,0.961853,0.988626,0.973464,0.96533,True,0.0,0,0.0,0.904603,False
opportunity_aware_gv,180,0.62,0.9,0.88,0.792327,0.959292,0.984434,0.975879,0.96433,True,0.0,0,0.0,0.903297,False
opportunity_aware_gv,181,0.62,0.9,0.88,0.796422,0.961655,0.984491,0.97044,0.964201,True,0.0,0,0.0,0.904512,False
opportunity_aware_gv,182,0.62,0.9,0.88,0.795745,0.975254,0.976887,0.968857,0.970721,True,0.0,0,0.0,0.905895,False
opportunity_aware_gv,183,0.62,0.9,0.88,0.795798,0.982477,0.975764,0.968431,0.970682,True,0.0,0,0.0,0.906949,False
opportunity_aware_gv,184,0.62,0.9,0.88,0.812764,0.991474,0.975708,0.969128,0.9708,True,0.0,0,0.0,0.915117,False
opportunity_aware_gv,185,0.62,0.9,0.88,0.81642,0.986659,0.982092,0.97134,0.974572,True,0.0,0,0.0,0.917551,False
opportunity_aware_gv,186,0.62,0.9,0.88,0.808731,0.987452,0.971297,0.968753,0.968796,True,0.0,0,0.0,0.911774,False
opportunity_aware_gv,187,0.62,0.9,0.88,0.813507,0.999127,0.975633,0.978428,0.975489,True,0.0,0,0.0,0.918628,False
opportunity_aware_gv,188,0.62,0.9,0.88,0.824987,1.0,0.972009,0.974325,0.97133,True,0.0,0,0.0,0.921422,False
opportunity_aware_gv,189,0.62,0.9,0.88,0.827438,1.0,0.971399,0.971556,0.969556,True,0.0,0,0.0,0.921643,False
opportunity_aware_gv,190,0.62,0.9,0.88,0.821119,1.0,0.975445,0.962978,0.966401,True,0.0,0,0.0,0.91839,False
opportunity_aware_gv,191,0.62,0.9,0.88,0.818297,1.0,0.974017,0.963631,0.966214,True,0.0,0,0.0,0.91713,False
opportunity_aware_gv,192,0.62,0.9,0.88,0.839384,1.0,0.977829,0.961532,0.966387,True,0.0,0,0.0,0.925556,False
opportunity_aware_gv,193,0.62,0.9,0.88,0.857166,0.9885,0.980199,0.955475,0.962802,True,0.0,0,0.0,0.929392,False
opportunity_aware_gv,194,0.62,0.9,0.88,0.854541,0.982946,0.981036,0.94147,0.952234,True,0.0,0,0.0,0.924316,False
opportunity_aware_gv,195,0.62,0.9,0.88,0.856299,0.975328,0.990712,0.939746,0.950453,True,0.0,0,0.0,0.9249,False
opportunity_aware_gv,196,0.62,0.9,0.88,0.854041,0.975615,0.998854,0.956483,0.962258,True,0.0,0,0.0,0.929319,False
opportunity_aware_gv,197,0.62,0.9,0.88,0.865225,0.986682,1.0,0.967275,0.973231,True,0.0,0,0.0,0.938594,False
opportunity_aware_gv,198,0.62,0.9,0.88,0.868857,0.989204,0.989071,0.970058,0.975133,True,0.0,0,0.0,0.939079,False
opportunity_aware_gv,199,0.62,0.9,0.88,0.858335,0.990701,0.982731,0.970959,0.974571,True,0.0,0,0.0,0.934268,False
opportunity_aware_gv,200,0.62,0.9,0.88,0.862279,0.985569,0.988667,0.971338,0.975445,True,0.0,0,0.0,0.936069,False
opportunity_aware_gv,201,0.62,0.9,0.88,0.855188,0.984954,0.995608,0.978062,0.980073,True,0.0,0,0.0,0.93601,False
opportunity_aware_gv,202,0.62,0.9,0.88,0.853303,0.979496,0.991808,0.970359,0.973084,True,0.0,0,0.0,0.93171,False
opportunity_aware_gv,203,0.62,0.9,0.88,0.860848,0.975431,0.991522,0.96997,0.971198,True,0.0,0,0.0,0.933514,False
opportunity_aware_gv,204,0.62,0.9,0.88,0.858436,0.972754,0.986713,0.96409,0.966597,True,0.0,0,0.0,0.929874,False
opportunity_aware_gv,205,0.62,0.9,0.88,0.859835,0.973941,0.99478,0.973214,0.972146,True,0.0,0,0.0,0.934014,False
opportunity_aware_gv,206,0.62,0.9,0.88,0.867497,0.976116,0.992175,0.976024,0.974985,True,0.0,0,0.0,0.937583,False
opportunity_aware_gv,207,0.62,0.9,0.88,0.881679,0.979958,0.98723,0.973267,0.975305,True,0.0,0,0.0,0.942425,False
opportunity_aware_gv,208,0.62,0.9,0.88,0.881647,0.977693,0.979681,0.978769,0.978023,True,0.0,0,0.0,0.941744,False
opportunity_aware_gv,209,0.62,0.9,0.88,0.883908,0.976561,0.982931,0.97932,0.977387,True,0.0,0,0.0,0.942985,False
opportunity_aware_gv,210,0.62,0.9,0.88,0.881167,0.975521,0.984958,0.980027,0.976893,True,0.0,0,0.0,0.942161,False
opportunity_aware_gv,211,0.62,0.9,0.88,0.871448,0.980284,0.985452,0.995973,0.981687,True,0.0,0,0.0,0.942221,False
opportunity_aware_gv,212,0.62,0.9,0.88,0.876516,0.99788,0.987075,0.995694,0.989585,True,0.0,0,0.0,0.948515,False
opportunity_aware_gv,213,0.62,0.9,0.88,0.891222,0.990992,0.990045,0.992988,0.990299,True,0.0,0,0.0,0.953105,False
opportunity_aware_gv,214,0.62,0.9,0.88,0.88231,0.999335,0.988692,0.985919,0.9864,True,0.0,0,0.0,0.949519,False
opportunity_aware_gv,215,0.62,0.9,0.88,0.880757,1.0,0.994097,0.989206,0.990683,True,0.0,0,0.0,0.950996,False
opportunity_aware_gv,216,0.62,0.9,0.88,0.8888,0.999396,0.992308,0.988892,0.989814,True,0.0,0,0.0,0.953473,False
opportunity_aware_gv,217,0.62,0.9,0.88,0.892817,0.991229,0.990836,0.990179,0.99038,True,0.0,0,0.0,0.953513,False
opportunity_aware_gv,218,0.62,0.9,0.88,0.88874,1.0,0.996805,0.987912,0.990559,True,0.0,0,0.0,0.954321,False
opportunity_aware_gv,219,0.62,0.9,0.88,0.87967,1.0,0.992482,0.995489,0.993364,True,0.0,0,0.0,0.951494,False
opportunity_aware_gv,220,0.62,0.9,0.88,0.874945,1.0,0.988603,0.995683,0.990768,True,0.0,0,0.0,0.948715,False
opportunity_aware_gv,221,0.62,0.9,0.88,0.878362,1.0,0.990193,0.98566,0.986864,True,0.0,0,0.0,0.948428,False
opportunity_aware_gv,222,0.62,0.9,0.88,0.882122,1.0,0.994137,0.9849,0.987729,True,0.0,0,0.0,0.950564,False
opportunity_aware_gv,223,0.62,0.9,0.88,0.882261,1.0,0.992454,0.988146,0.989369,True,0.0,0,0.0,0.950966,False
opportunity_aware_gv,224,0.62,0.9,0.88,0.897921,1.0,0.997936,0.997767,0.997705,True,0.0,0,0.0,0.960251,False
opportunity_aware_gv,225,0.62,0.9,0.88,0.88903,0.998071,0.998248,0.996648,0.997047,True,0.0,0,0.0,0.956345,False
opportunity_aware_gv,226,0.62,0.9,0.88,0.900723,1.0,1.0,1.0,1.0,True,0.0,0,0.0,0.962275,False
opportunity_aware_gv,227,0.62,0.9,0.88,0.896459,1.0,1.0,0.997888,0.99845,True,0.0,0,0.0,0.960173,False
opportunity_aware_gv,228,0.62,0.9,0.88,0.907797,1.0,0.994913,0.996386,0.995283,True,0.0,0,0.0,0.962975,False
opportunity_aware_gv,229,0.62,0.9,0.88,0.910835,1.0,0.990249,1.0,0.992842,True,0.0,0,0.0,0.963503,False
opportunity_aware_gv,230,0.62,0.9,0.88,0.931924,1.0,0.989974,1.0,0.992641,True,0.0,0,0.0,0.971444,False
opportunity_aware_gv,231,0.62,0.9,0.88,0.920042,0.998557,0.988752,0.990446,0.988948,True,0.0,0,0.0,0.964668,False
opportunity_aware_gv,232,0.62,0.9,0.88,0.905985,0.996516,0.990568,0.991329,0.990558,True,0.0,0,0.0,0.959603,False
opportunity_aware_gv,233,0.62,0.9,0.88,0.907781,0.991922,0.99093,0.991951,0.991198,True,0.0,0,0.0,0.959687,False
opportunity_aware_gv,234,0.62,0.9,0.88,0.912403,0.993745,0.990219,1.0,0.991216,True,0.0,0,0.0,0.962772,False
opportunity_aware_gv,235,0.62,0.9,0.88,0.912682,0.992266,0.987992,0.994174,0.989281,True,0.0,0,0.0,0.961164,False
opportunity_aware_gv,236,0.62,0.9,0.88,0.909672,0.989102,0.985141,0.988448,0.98609,True,0.0,0,0.0,0.957753,False
opportunity_aware_gv,237,0.62,0.9,0.88,0.908449,0.994686,0.986791,0.998176,0.98917,True,0.0,0,0.0,0.960321,False
opportunity_aware_gv,238,0.62,0.9,0.88,0.91512,1.0,0.986624,0.998611,0.989974,True,0.0,0,0.0,0.963941,False
opportunity_aware_gv,239,0.62,0.9,0.88,0.929951,1.0,0.983156,1.0,0.987636,True,0.0,0,0.0,0.968866,False
opportunity_aware_gv,240,0.62,0.9,0.88,0.936698,1.0,0.98255,1.0,0.987191,True,0.0,0,0.0,0.971267,False
opportunity_aware_gv,241,0.62,0.9,0.88,0.940482,0.997223,1.0,1.0,0.997962,True,0.0,0,0.0,0.976639,False
opportunity_aware_gv,242,0.62,0.9,0.88,0.931936,1.0,0.9979,0.995252,0.996066,True,0.0,0,0.0,0.972621,False
opportunity_aware_gv,243,0.62,0.9,0.88,0.939613,1.0,0.998084,0.996357,0.996882,True,0.0,0,0.0,0.975824,False
opportunity_aware_gv,244,0.62,0.9,0.88,0.944785,1.0,1.0,0.99681,0.997658,True,0.0,0,0.0,0.978291,False
opportunity_aware_gv,245,0.62,0.9,0.88,0.94611,1.0,0.989281,0.986226,0.986815,True,0.0,0,0.0,0.974082,False
opportunity_aware_gv,246,0.62,0.9,0.88,0.960751,0.992409,0.990221,0.984262,0.986038,True,0.0,0,0.0,0.97808,False
opportunity_aware_gv,247,0.62,0.9,0.88,0.965675,0.984891,0.983886,0.982951,0.983236,True,0.0,0,0.0,0.976938,False
opportunity_aware_gv,248,0.62,0.9,0.88,0.959148,0.990105,0.981888,0.980957,0.980823,True,0.0,0,0.0,0.974468,False
opportunity_aware_gv,249,0.62,0.9,0.88,0.960597,0.995441,0.976858,0.973172,0.97354,True,0.0,0,0.0,0.973109,False
opportunity_aware_gv,250,0.62,0.9,0.88,0.963558,0.98814,0.969261,0.975111,0.970797,True,0.0,0,0.0,0.971496,False
opportunity_aware_gv,251,0.62,0.9,0.88,0.954418,0.994306,0.966438,0.982794,0.97146,True,0.0,0,0.0,0.969779,False
opportunity_aware_gv,252,0.62,0.9,0.88,0.959256,0.993216,0.951564,0.976515,0.959217,True,0.0,0,0.0,0.966396,False
opportunity_aware_gv,253,0.62,0.9,0.88,0.964654,0.982692,0.952768,0.970522,0.958217,True,0.0,0,0.0,0.965811,False
opportunity_aware_gv,254,0.62,0.9,0.88,0.966979,0.987698,0.960657,0.974204,0.964803,True,0.0,0,0.0,0.970321,False
opportunity_aware_gv,255,0.62,0.9,0.88,0.966656,1.0,0.954584,0.97185,0.959568,True,0.0,0,0.0,0.970362,False
opportunity_aware_gv,256,0.62,0.9,0.88,0.975158,1.0,0.960066,0.960235,0.957466,True,0.0,0,0.0,0.972701,False
opportunity_aware_gv,257,0.62,0.9,0.88,0.976007,1.0,0.949123,0.963027,0.952467,True,0.0,0,0.0,0.970845,False
opportunity_aware_gv,258,0.62,0.9,0.88,0.983064,1.0,0.952922,0.957838,0.952293,True,0.0,0,0.0,0.973463,False
opportunity_aware_gv,259,0.62,0.9,0.88,0.984103,1.0,0.960341,0.960069,0.957524,True,0.0,0,0.0,0.976133,False
opportunity_aware_gv,260,0.62,0.9,0.88,0.987443,1.0,0.971466,0.943481,0.952036,True,0.0,0,0.0,0.976424,False
opportunity_aware_gv,261,0.62,0.9,0.88,0.99738,0.998906,0.969604,0.943659,0.95154,True,0.0,0,0.0,0.979633,False
opportunity_aware_gv,262,0.62,0.9,0.88,0.990672,1.0,0.970226,0.939824,0.949134,True,0.0,0,0.0,0.976568,False
opportunity_aware_gv,263,0.62,0.9,0.88,0.980791,0.996669,0.967733,0.954583,0.958052,True,0.0,0,0.0,0.974901,False
opportunity_aware_gv,264,0.62,0.9,0.88,0.966032,0.993283,0.971483,0.960718,0.963647,True,0.0,0,0.0,0.970888,False
opportunity_aware_gv,265,0.62,0.9,0.88,0.979767,0.994622,0.967033,0.9717,0.967536,True,0.0,0,0.0,0.977552,False
opportunity_aware_gv,266,0.62,0.9,0.88,0.976982,0.992289,0.960558,0.969801,0.96289,True,0.0,0,0.0,0.974084,False
opportunity_aware_gv,267,0.62,0.9,0.88,0.985307,0.990203,0.954195,0.96113,0.95525,True,0.0,0,0.0,0.973597,False
opportunity_aware_gv,268,0.62,0.9,0.88,0.988368,0.987186,0.952833,0.964685,0.956125,True,0.0,0,0.0,0.974574,False
opportunity_aware_gv,269,0.62,0.9,0.88,0.984607,0.988123,0.960069,0.961141,0.958745,True,0.0,0,0.0,0.974434,False
opportunity_aware_gv,270,0.62,0.9,0.88,0.986783,0.980629,0.962338,0.962554,0.961221,True,0.0,0,0.0,0.974816,False
opportunity_aware_gv,271,0.62,0.9,0.88,0.979768,0.981299,0.971814,0.976199,0.973143,True,0.0,0,0.0,0.977317,False
opportunity_aware_gv,272,0.62,0.9,0.88,0.972831,0.984595,0.969803,0.978652,0.972518,True,0.0,0,0.0,0.975181,False
opportunity_aware_gv,273,0.62,0.9,0.88,0.961603,0.983013,0.97509,0.981052,0.976855,True,0.0,0,0.0,0.972438,False
opportunity_aware_gv,274,0.62,0.9,0.88,0.965814,0.985975,0.979052,0.980001,0.979071,True,0.0,0,0.0,0.975403,False
opportunity_aware_gv,275,0.62,0.9,0.88,0.98224,0.987269,0.979967,0.981248,0.980122,True,0.0,0,0.0,0.982343,False
opportunity_aware_gv,276,0.62,0.9,0.88,0.981237,0.988922,0.977564,0.980966,0.978438,True,0.0,0,0.0,0.981586,False
opportunity_aware_gv,277,0.62,0.9,0.88,0.984581,0.992776,0.976999,0.969515,0.971523,True,0.0,0,0.0,0.981015,False
opportunity_aware_gv,278,0.62,0.9,0.88,0.988023,0.987045,0.982363,0.962085,0.967957,True,0.0,0,0.0,0.980789,False
opportunity_aware_gv,279,0.62,0.9,0.88,0.990044,0.973839,0.983989,0.960842,0.964838,True,0.0,0,0.0,0.978924,False
opportunity_aware_gv,280,0.62,0.9,0.88,0.986622,0.9739,0.981582,0.950935,0.957739,True,0.0,0,0.0,0.974963,False
opportunity_aware_gv,281,0.62,0.9,0.88,0.987147,0.970331,0.975392,0.957105,0.961056,True,0.0,0,0.0,0.974667,False
opportunity_aware_gv,282,0.62,0.9,0.88,0.990699,0.967763,0.973014,0.951835,0.95655,True,0.0,0,0.0,0.973849,False
opportunity_aware_gv,283,0.62,0.9,0.88,0.99325,0.970191,0.969151,0.952807,0.957283,True,0.0,0,0.0,0.974783,False
opportunity_aware_gv,284,0.62,0.9,0.88,0.982429,0.971092,0.964418,0.947977,0.952906,True,0.0,0,0.0,0.96878,False
opportunity_aware_gv,285,0.62,0.9,0.88,0.980547,0.964702,0.973484,0.955137,0.958072,True,0.0,0,0.0,0.970169,False
opportunity_aware_gv,286,0.62,0.9,0.88,0.971231,0.969375,0.97261,0.965553,0.966728,True,0.0,0,0.0,0.96981,False
opportunity_aware_gv,287,0.62,0.9,0.88,0.976107,0.964208,0.976422,0.958984,0.960327,True,0.0,0,0.0,0.969731,False
opportunity_aware_gv,288,0.62,0.9,0.88,0.981964,0.960387,0.981993,0.973725,0.964469,True,0.0,0,0.0,0.974832,False
opportunity_aware_gv,289,0.62,0.9,0.88,0.988847,0.959043,0.983072,0.965509,0.960579,True,0.0,0,0.0,0.975783,False
opportunity_aware_gv,290,0.62,0.9,0.88,0.991676,0.971127,0.972835,0.96491,0.96673,True,0.0,0,0.0,0.977845,False
opportunity_aware_gv,291,0.62,0.9,0.88,0.992222,0.971009,0.968691,0.96042,0.962843,True,0.0,0,0.0,0.97619,False
opportunity_aware_gv,292,0.62,0.9,0.88,0.989668,0.965986,0.970386,0.956941,0.95968,True,0.0,0,0.0,0.973754,False
opportunity_aware_gv,293,0.62,0.9,0.88,0.98853,0.966768,0.968147,0.951926,0.956039,True,0.0,0,0.0,0.971921,False
opportunity_aware_gv,294,0.62,0.9,0.88,0.99955,0.968586,0.965492,0.952702,0.956416,True,0.0,0,0.0,0.976111,False
opportunity_aware_gv,295,0.62,0.9,0.88,1.0,0.967173,0.960978,0.949679,0.953121,True,0.0,0,0.0,0.974397,False
opportunity_aware_gv,296,0.62,0.9,0.88,1.0,0.97476,0.956639,0.948156,0.95042,True,0.0,0,0.0,0.974444,False
opportunity_aware_gv,297,0.62,0.9,0.88,1.0,0.976428,0.958561,0.953006,0.954172,True,0.0,0,0.0,0.97622,False
opportunity_aware_gv,298,0.62,0.9,0.88,1.0,0.97716,0.954731,0.953109,0.952338,True,0.0,0,0.0,0.975456,False
opportunity_aware_gv,299,0.62,0.9,0.88,0.999079,0.983577,0.952405,0.949992,0.94899,True,0.0,0,0.0,0.975004,False
opportunity_aware_gv,300,0.62,0.9,0.88,0.994567,0.989029,0.956014,0.946326,0.948252,True,0.0,0,0.0,0.974319,False
opportunity_aware_gv,301,0.62,0.9,0.88,0.992657,0.991469,0.968726,0.945792,0.952812,True,0.0,0,0.0,0.976793,False
opportunity_aware_gv,302,0.62,0.9,0.88,0.995332,0.991882,0.96872,0.942355,0.950454,True,0.0,0,0.0,0.977119,False
opportunity_aware_gv,303,0.62,0.9,0.88,0.995502,0.986709,0.975791,0.944765,0.953986,True,0.0,0,0.0,0.978286,False
opportunity_aware_gv,304,0.62,0.9,0.88,1.0,0.976111,0.98419,0.941224,0.951327,True,0.0,0,0.0,0.978785,False
opportunity_aware_gv,305,0.62,0.9,0.88,0.997775,0.971326,0.992571,0.954213,0.959367,True,0.0,0,0.0,0.98137,False
opportunity_aware_gv,306,0.62,0.9,0.88,1.0,0.972571,1.0,0.942976,0.952056,True,0.0,0,0.0,0.981326,False
opportunity_aware_gv,307,0.62,0.9,0.88,0.996663,0.959299,0.997837,0.955861,0.954824,True,0.0,0,0.0,0.979416,False
opportunity_aware_gv,308,0.62,0.9,0.88,1.0,0.967773,0.997829,0.957974,0.960112,True,0.0,0,0.0,0.983138,False
opportunity_aware_gv,309,0.62,0.9,0.88,0.996751,0.97423,0.998261,0.961502,0.965042,True,0.0,0,0.0,0.984229,False
opportunity_aware_gv,310,0.62,0.9,0.88,1.0,0.972459,1.0,0.963515,0.965461,True,0.0,0,0.0,0.98579,False
opportunity_aware_gv,311,0.62,0.9,0.88,0.99268,0.974434,0.997638,0.965501,0.967679,True,0.0,0,0.0,0.983483,False
opportunity_aware_gv,312,0.62,0.9,0.88,0.998191,0.982562,0.993691,0.961651,0.968012,True,0.0,0,0.0,0.985831,False
opportunity_aware_gv,313,0.62,0.9,0.88,1.0,0.981996,0.988138,0.970051,0.973679,True,0.0,0,0.0,0.987273,False
opportunity_aware_gv,314,0.62,0.9,0.88,1.0,0.98264,0.992402,0.974341,0.976853,True,0.0,0,0.0,0.989138,False
opportunity_aware_gv,315,0.62,0.9,0.88,1.0,0.994757,0.994151,0.980557,0.984249,True,0.0,0,0.0,0.993391,False
opportunity_aware_gv,316,0.62,0.9,0.88,1.0,0.996041,0.997619,0.985749,0.988662,True,0.0,0,0.0,0.995503,False
opportunity_aware_gv,317,0.62,0.9,0.88,1.0,0.995061,0.995345,0.993973,0.994291,True,0.0,0,0.0,0.996744,False
opportunity_aware_gv,318,0.62,0.9,0.88,0.991322,0.999991,0.986969,0.982596,0.983572,True,0.0,0,0.0,0.989947,False
opportunity_aware_gv,319,0.62,0.9,0.88,0.995072,1.0,0.984725,0.974837,0.977723,True,0.0,0,0.0,0.989182,False
opportunity_aware_gv,320,0.62,0.9,0.88,0.995374,0.992366,0.987049,0.972855,0.97709,True,0.0,0,0.0,0.987987,False
opportunity_aware_gv,321,0.62,0.9,0.88,0.999095,0.994927,0.990454,0.971647,0.977102,True,0.0,0,0.0,0.990308,False
opportunity_aware_gv,322,0.62,0.9,0.88,1.0,0.980513,0.994633,0.97344,0.975373,True,0.0,0,0.0,0.988853,False
opportunity_aware_gv,323,0.62,0.9,0.88,0.992185,0.979233,0.988253,0.978744,0.97836,True,0.0,0,0.0,0.985605,False
opportunity_aware_gv,324,0.62,0.9,0.88,0.987236,0.983093,0.984847,0.973843,0.976491,True,0.0,0,0.0,0.982896,False
opportunity_aware_gv,325,0.62,0.9,0.88,0.997298,0.987958,0.990417,0.973278,0.977452,True,0.0,0,0.0,0.988634,False
opportunity_aware_gv,326,0.62,0.9,0.88,0.994593,0.989343,0.987551,0.971521,0.975994,True,0.0,0,0.0,0.986919,False
opportunity_aware_gv,327,0.62,0.9,0.88,1.0,0.992069,0.998709,0.968185,0.97518,True,0.0,0,0.0,0.990907,False
opportunity_aware_gv,328,0.62,0.9,0.88,1.0,0.987687,0.997108,0.958568,0.967177,True,0.0,0,0.0,0.987524,False
opportunity_aware_gv,329,0.62,0.9,0.88,0.990462,0.985469,0.994832,0.960413,0.967888,True,0.0,0,0.0,0.983434,False
opportunity_aware_gv,330,0.62,0.9,0.88,0.998357,0.976194,0.998642,0.962331,0.966338,True,0.0,0,0.0,0.985533,False
opportunity_aware_gv,331,0.62,0.9,0.88,1.0,0.976808,0.999912,0.959366,0.96458,True,0.0,0,0.0,0.98587,False
opportunity_aware_gv,332,0.62,0.9,0.88,1.0,0.973315,0.993736,0.960276,0.964071,True,0.0,0,0.0,0.984196,False
opportunity_aware_gv,333,0.62,0.9,0.88,0.988698,0.972089,1.0,0.961295,0.963933,True,0.0,0,0.0,0.980934,False
opportunity_aware_gv,334,0.62,0.9,0.88,0.974137,0.975597,1.0,0.958525,0.963574,True,0.0,0,0.0,0.975602,False
opportunity_aware_gv,335,0.62,0.9,0.88,0.977978,0.970008,1.0,0.967014,0.966348,True,0.0,0,0.0,0.977577,False
opportunity_aware_gv,336,0.62,0.9,0.88,0.973517,0.969888,1.0,0.960696,0.962593,True,0.0,0,0.0,0.974525,False
opportunity_aware_gv,337,0.62,0.9,0.88,0.990474,0.974308,0.995932,0.963386,0.96638,True,0.0,0,0.0,0.981863,False
opportunity_aware_gv,338,0.62,0.9,0.88,0.988418,0.984255,0.987606,0.967452,0.972276,True,0.0,0,0.0,0.98265,False
opportunity_aware_gv,339,0.62,0.9,0.88,0.996382,0.976765,0.980306,0.963967,0.967714,True,0.0,0,0.0,0.981979,False
opportunity_aware_gv,340,0.62,0.9,0.88,1.0,0.969867,0.97569,0.960233,0.963179,True,0.0,0,0.0,0.980214,False
opportunity_aware_gv,341,0.62,0.9,0.88,1.0,0.965217,0.970594,0.954687,0.957884,True,0.0,0,0.0,0.977048,False
opportunity_aware_gv,342,0.62,0.9,0.88,1.0,0.960935,0.969344,0.951365,0.954305,True,0.0,0,0.0,0.975158,False
opportunity_aware_gv,343,0.62,0.9,0.88,1.0,0.965471,0.969752,0.948907,0.953736,True,0.0,0,0.0,0.975635,False
opportunity_aware_gv,344,0.62,0.9,0.88,1.0,0.970634,0.967908,0.957797,0.960752,True,0.0,0,0.0,0.978319,False
opportunity_aware_gv,345,0.62,0.9,0.88,1.0,0.973337,0.967856,0.953397,0.957714,True,0.0,0,0.0,0.977816,False
opportunity_aware_gv,346,0.62,0.9,0.88,1.0,0.971128,0.971507,0.948369,0.954471,True,0.0,0,0.0,0.976982,False
opportunity_aware_gv,347,0.62,0.9,0.88,1.0,0.964825,0.97106,0.955584,0.958419,True,0.0,0,0.0,0.977251,False
opportunity_aware_gv,348,0.62,0.9,0.88,0.993912,0.965516,0.984772,0.952947,0.95662,True,0.0,0,0.0,0.976946,False
opportunity_aware_gv,349,0.62,0.9,0.88,0.998473,0.963065,0.986218,0.951742,0.954812,True,0.0,0,0.0,0.978112,False
opportunity_aware_gv,350,0.62,0.9,0.88,0.987663,0.964082,0.992047,0.953607,0.95612,True,0.0,0,0.0,0.975655,False
opportunity_aware_gv,351,0.62,0.9,0.88,0.997394,0.968695,0.99194,0.951301,0.956494,True,0.0,0,0.0,0.979886,False
opportunity_aware_gv,352,0.62,0.9,0.88,0.98811,0.968079,0.99307,0.963127,0.96362,True,0.0,0,0.0,0.978961,False
opportunity_aware_gv,353,0.62,0.9,0.88,0.983672,0.960448,0.992049,0.96916,0.962558,True,0.0,0,0.0,0.976434,False
opportunity_aware_gv,354,0.62,0.9,0.88,0.990487,0.960607,0.996602,0.960547,0.958151,True,0.0,0,0.0,0.978137,False
opportunity_aware_gv,355,0.62,0.9,0.88,0.984068,0.96661,0.995076,0.961095,0.961604,True,0.0,0,0.0,0.976995,False
opportunity_aware_gv,356,0.62,0.9,0.88,0.988592,0.970407,1.0,0.970768,0.968606,True,0.0,0,0.0,0.982479,False
opportunity_aware_gv,357,0.62,0.9,0.88,1.0,0.971897,1.0,0.974262,0.971235,True,0.0,0,0.0,0.987886,False
opportunity_aware_gv,358,0.62,0.9,0.88,1.0,0.975802,0.999807,0.977549,0.975098,True,0.0,0,0.0,0.989478,False
opportunity_aware_gv,359,0.62,0.9,0.88,1.0,0.9589,1.0,0.976471,0.964145,True,0.0,0,0.0,0.985005,False
opportunity_aware_gv,360,0.62,0.9,0.88,0.993487,0.958176,0.996624,0.97279,0.962395,True,0.0,0,0.0,0.981067,False
opportunity_aware_gv,361,0.62,0.9,0.88,1.0,0.971676,1.0,0.980383,0.973951,True,0.0,0,0.0,0.989029,False
opportunity_aware_gv,362,0.62,0.9,0.88,1.0,0.975127,0.996043,0.978446,0.975404,True,0.0,0,0.0,0.988842,False
opportunity_aware_gv,363,0.62,0.9,0.88,1.0,0.976315,0.988996,0.977352,0.976001,True,0.0,0,0.0,0.987705,False
opportunity_aware_gv,364,0.62,0.9,0.88,1.0,0.978594,0.987719,0.979516,0.978456,True,0.0,0,0.0,0.988483,False
opportunity_aware_gv,365,0.62,0.9,0.88,1.0,0.972059,0.986586,0.98262,0.97521,True,0.0,0,0.0,0.987148,False
opportunity_aware_gv,366,0.62,0.9,0.88,1.0,0.976244,0.992277,0.981988,0.977865,True,0.0,0,0.0,0.989156,False
opportunity_aware_gv,367,0.62,0.9,0.88,1.0,0.985275,0.995271,0.996716,0.988096,True,0.0,0,0.0,0.99461,False
opportunity_aware_gv,368,0.62,0.9,0.88,1.0,0.990348,1.0,0.994899,0.991731,True,0.0,0,0.0,0.996556,False
opportunity_aware_gv,369,0.62,0.9,0.88,1.0,0.984128,0.99902,0.982212,0.982068,True,0.0,0,0.0,0.992324,False
opportunity_aware_gv,370,0.62,0.9,0.88,1.0,0.983558,0.994155,0.981466,0.981672,True,0.0,0,0.0,0.991194,False
opportunity_aware_gv,371,0.62,0.9,0.88,1.0,0.975439,0.997673,0.986843,0.978936,True,0.0,0,0.0,0.990791,False
opportunity_aware_gv,372,0.62,0.9,0.88,1.0,0.977869,0.989667,0.98107,0.978634,True,0.0,0,0.0,0.988942,False
opportunity_aware_gv,373,0.62,0.9,0.88,1.0,0.974315,0.985226,0.981127,0.976397,True,0.0,0,0.0,0.987243,False
opportunity_aware_gv,374,0.62,0.9,0.88,1.0,0.98486,0.981517,0.982881,0.981919,True,0.0,0,0.0,0.989381,False
opportunity_aware_gv,375,0.62,0.9,0.88,1.0,0.980647,0.993663,0.973276,0.975365,True,0.0,0,0.0,0.988678,False
opportunity_aware_gv,376,0.62,0.9,0.88,1.0,0.984572,1.0,0.979264,0.980469,True,0.0,0,0.0,0.991976,False
opportunity_aware_gv,377,0.62,0.9,0.88,1.0,0.996262,0.994676,0.992628,0.993257,True,0.0,0,0.0,0.996528,False
opportunity_aware_gv,378,0.62,0.9,0.88,0.999014,0.99102,0.993504,0.981128,0.984007,True,0.0,0,0.0,0.992279,False
opportunity_aware_gv,379,0.62,0.9,0.88,0.999391,0.984857,0.998196,0.98041,0.981397,True,0.0,0,0.0,0.991743,False
opportunity_aware_gv,380,0.62,0.9,0.88,0.999268,0.987464,0.998692,0.976821,0.980069,True,0.0,0,0.0,0.991593,False
opportunity_aware_gv,381,0.62,0.9,0.88,1.0,0.981023,0.997002,0.981027,0.979949,True,0.0,0,0.0,0.990982,False
opportunity_aware_gv,382,0.62,0.9,0.88,1.0,0.985681,0.991217,0.975931,0.978905,True,0.0,0,0.0,0.989941,False
opportunity_aware_gv,383,0.62,0.9,0.88,1.0,0.987112,0.989841,0.985954,0.98625,True,0.0,0,0.0,0.992235,False
opportunity_aware_gv,384,0.62,0.9,0.88,1.0,1.0,0.987094,0.980326,0.982203,True,0.0,0,0.0,0.992787,False
opportunity_aware_gv,385,0.62,0.9,0.88,1.0,0.995154,1.0,0.982858,0.986538,True,0.0,0,0.0,0.995112,False
opportunity_aware_gv,386,0.62,0.9,0.88,0.998785,0.99184,1.0,0.973343,0.978915,True,0.0,0,0.0,0.991807,False
opportunity_aware_gv,387,0.62,0.9,0.88,0.991014,0.990614,1.0,0.971935,0.977601,True,0.0,0,0.0,0.988279,False
opportunity_aware_gv,388,0.62,0.9,0.88,0.993715,0.998687,0.990492,0.977235,0.981292,True,0.0,0,0.0,0.990232,False
opportunity_aware_gv,389,0.62,0.9,0.88,1.0,0.993812,0.990938,0.977337,0.981255,True,0.0,0,0.0,0.991833,False
opportunity_aware_gv,390,0.62,0.9,0.88,0.992237,0.990525,0.992003,0.97351,0.978213,True,0.0,0,0.0,0.987582,False
opportunity_aware_gv,391,0.62,0.9,0.88,0.97963,0.988599,0.998396,0.978575,0.981645,True,0.0,0,0.0,0.984717,False
opportunity_aware_gv,392,0.62,0.9,0.88,0.982574,0.99042,0.993477,0.988997,0.989376,True,0.0,0,0.0,0.987664,False
opportunity_aware_gv,393,0.62,0.9,0.88,0.986372,1.0,0.989601,0.981837,0.984154,True,0.0,0,0.0,0.988505,False
opportunity_aware_gv,394,0.62,0.9,0.88,0.987096,1.0,0.988242,0.977251,0.980602,True,0.0,0,0.0,0.987468,False
opportunity_aware_gv,395,0.62,0.9,0.88,0.998697,1.0,0.985699,0.966713,0.972548,True,0.0,0,0.0,0.988976,False
opportunity_aware_gv,396,0.62,0.9,0.88,1.0,1.0,0.986543,0.978974,0.981115,True,0.0,0,0.0,0.992368,False
opportunity_aware_gv,397,0.62,0.9,0.88,1.0,0.999895,0.983474,0.977929,0.979172,True,0.0,0,0.0,0.991417,False
opportunity_aware_gv,398,0.62,0.9,0.88,0.990557,0.989562,0.990501,0.969256,0.974775,True,0.0,0,0.0,0.985492,False
opportunity_aware_gv,399,0.62,0.9,0.88,0.987194,1.0,0.98861,0.960827,0.969161,True,0.0,0,0.0,0.983899,False
opportunity_aware_gv,400,0.62,0.9,0.88,1.0,0.994564,0.986979,0.956626,0.965457,True,0.0,0,0.0,0.98646,False
opportunity_aware_gv,401,0.62,0.9,0.88,1.0,0.992627,0.976476,0.954507,0.961257,True,0.0,0,0.0,0.98342,False
opportunity_aware_gv,402,0.62,0.9,0.88,1.0,0.990894,0.971632,0.95228,0.958202,True,0.0,0,0.0,0.981558,False
opportunity_aware_gv,403,0.62,0.9,0.88,0.993362,0.995506,0.972808,0.955252,0.960515,True,0.0,0,0.0,0.980771,False
opportunity_aware_gv,404,0.62,0.9,0.88,0.993028,0.995613,0.97054,0.95865,0.961839,True,0.0,0,0.0,0.98089,False
opportunity_aware_gv,405,0.62,0.9,0.88,1.0,0.997421,0.959995,0.966931,0.960964,True,0.0,0,0.0,0.983021,False
opportunity_aware_gv,406,0.62,0.9,0.88,1.0,1.0,0.958223,0.972304,0.962091,True,0.0,0,0.0,0.984054,False
opportunity_aware_gv,407,0.62,0.9,0.88,1.0,1.0,0.966217,0.978548,0.969724,True,0.0,0,0.0,0.987283,False
opportunity_aware_gv,408,0.62,0.9,0.88,1.0,0.99781,0.957638,0.970735,0.961176,True,0.0,0,0.0,0.983225,False
opportunity_aware_gv,409,0.62,0.9,0.88,1.0,0.998833,0.955718,0.968941,0.959167,True,0.0,0,0.0,0.982571,False
opportunity_aware_gv,410,0.62,0.9,0.88,1.0,0.998286,0.959723,0.971956,0.962978,True,0.0,0,0.0,0.984073,False
opportunity_aware_gv,411,0.62,0.9,0.88,0.99081,0.989065,0.979151,0.981708,0.979736,True,0.0,0,0.0,0.985794,False
opportunity_aware_gv,412,0.62,0.9,0.88,0.987893,0.989466,0.974916,0.974412,0.973664,True,0.0,0,0.0,0.982246,False
opportunity_aware_gv,413,0.62,0.9,0.88,1.0,0.994843,0.969886,0.973329,0.969966,True,0.0,0,0.0,0.986313,False
opportunity_aware_gv,414,0.62,0.9,0.88,0.997912,0.995483,0.973245,0.976515,0.973415,True,0.0,0,0.0,0.9871,False
opportunity_aware_gv,415,0.62,0.9,0.88,0.995163,0.992319,0.967286,0.967887,0.965918,True,0.0,0,0.0,0.982305,False
opportunity_aware_gv,416,0.62,0.9,0.88,1.0,0.984279,0.969954,0.973606,0.97078,True,0.0,0,0.0,0.984561,False
opportunity_aware_gv,417,0.62,0.9,0.88,1.0,0.994652,0.974213,0.963215,0.966288,True,0.0,0,0.0,0.9852,False
opportunity_aware_gv,418,0.62,0.9,0.88,0.996498,0.998968,0.970884,0.964055,0.965127,True,0.0,0,0.0,0.984026,False
opportunity_aware_gv,419,0.62,0.9,0.88,0.999003,0.995597,0.97046,0.958134,0.961479,True,0.0,0,0.0,0.983028,False
opportunity_aware_gv,420,0.62,0.9,0.88,1.0,0.986036,0.977348,0.958395,0.964117,True,0.0,0,0.0,0.983279,False
opportunity_aware_gv,421,0.62,0.9,0.88,1.0,0.988446,0.985053,0.957946,0.965547,True,0.0,0,0.0,0.985208,False
opportunity_aware_gv,422,0.62,0.9,0.88,1.0,0.991856,0.987946,0.966715,0.972783,True,0.0,0,0.0,0.988438,False
opportunity_aware_gv,423,0.62,0.9,0.88,0.998936,0.988264,0.988027,0.963203,0.969836,True,0.0,0,0.0,0.986557,False
opportunity_aware_gv,424,0.62,0.9,0.88,0.984392,0.979339,1.0,0.960423,0.966182,True,0.0,0,0.0,0.980751,False
opportunity_aware_gv,425,0.62,0.9,0.88,0.990097,0.979691,0.990996,0.961697,0.967207,True,0.0,0,0.0,0.981663,False
opportunity_aware_gv,426,0.62,0.9,0.88,1.0,0.981976,0.984388,0.957161,0.964048,True,0.0,0,0.0,0.983634,False
opportunity_aware_gv,427,0.62,0.9,0.88,1.0,0.992334,0.986055,0.956692,0.965156,True,0.0,0,0.0,0.985866,False
opportunity_aware_gv,428,0.62,0.9,0.88,0.994651,0.992887,0.989272,0.952879,0.962988,True,0.0,0,0.0,0.983718,False
opportunity_aware_gv,429,0.62,0.9,0.88,0.991422,1.0,1.0,0.955052,0.967007,True,0.0,0,0.0,0.986488,False
opportunity_aware_gv,430,0.62,0.9,0.88,0.989103,1.0,0.996699,0.955886,0.967142,True,0.0,0,0.0,0.985146,False
opportunity_aware_gv,431,0.62,0.9,0.88,0.98834,0.998862,0.99569,0.95537,0.96648,True,0.0,0,0.0,0.984318,False
opportunity_aware_gv,432,0.62,0.9,0.88,0.996918,0.988274,1.0,0.957589,0.966755,True,0.0,0,0.0,0.986791,False
opportunity_aware_gv,433,0.62,0.9,0.88,1.0,0.984395,0.994514,0.952732,0.962086,True,0.0,0,0.0,0.985036,False
opportunity_aware_gv,434,0.62,0.9,0.88,1.0,0.981384,0.998334,0.940013,0.952423,True,0.0,0,0.0,0.982242,False
opportunity_aware_gv,435,0.62,0.9,0.88,1.0,0.980944,0.993412,0.937962,0.950583,True,0.0,0,0.0,0.980769,False
opportunity_aware_gv,436,0.62,0.9,0.88,0.994386,0.987888,0.990124,0.937128,0.950912,True,0.0,0,0.0,0.979216,False
opportunity_aware_gv,437,0.62,0.9,0.88,0.983819,0.99541,0.994139,0.931324,0.948196,True,0.0,0,0.0,0.976139,False
opportunity_aware_gv,438,0.62,0.9,0.88,0.986066,0.988378,0.982298,0.932532,0.946472,True,0.0,0,0.0,0.973558,False
opportunity_aware_gv,439,0.62,0.9,0.88,0.99328,0.993995,0.973535,0.935005,0.946724,True,0.0,0,0.0,0.976109,False
opportunity_aware_gv,440,0.62,0.9,0.88,0.995063,0.992914,0.970406,0.918946,0.93444,True,0.0,0,0.0,0.972306,False
opportunity_aware_gv,441,0.62,0.9,0.88,1.0,0.984231,0.974177,0.918815,0.934627,True,0.0,0,0.0,0.973303,False
opportunity_aware_gv,442,0.62,0.9,0.88,0.996333,0.98795,0.970191,0.914791,0.931161,True,0.0,0,0.0,0.970882,False
opportunity_aware_gv,443,0.62,0.9,0.88,0.997382,0.987444,0.975285,0.91347,0.931203,True,0.0,0,0.0,0.971926,False
opportunity_aware_gv,444,0.62,0.9,0.88,1.0,0.978591,0.97739,0.911661,0.9293,True,0.0,0,0.0,0.971225,False
opportunity_aware_gv,445,0.62,0.9,0.88,1.0,0.981753,0.96846,0.913824,0.929694,True,0.0,0,0.0,0.970537,False
opportunity_aware_gv,446,0.62,0.9,0.88,1.0,0.968436,0.960209,0.923672,0.934236,True,0.0,0,0.0,0.968579,False
opportunity_aware_gv,447,0.62,0.9,0.88,0.999649,0.963978,0.954957,0.927278,0.935465,True,0.0,0,0.0,0.96735,False
opportunity_aware_gv,448,0.62,0.9,0.88,1.0,0.964004,0.956728,0.921237,0.931442,True,0.0,0,0.0,0.966478,False
opportunity_aware_gv,449,0.62,0.9,0.88,1.0,0.962901,0.955177,0.92568,0.934286,True,0.0,0,0.0,0.966964,False
opportunity_aware_gv,450,0.62,0.9,0.88,1.0,0.970935,0.960319,0.934527,0.942266,True,0.0,0,0.0,0.971531,False
opportunity_aware_gv,451,0.62,0.9,0.88,1.0,0.970634,0.964847,0.941344,0.948176,True,0.0,0,0.0,0.973956,False
opportunity_aware_gv,452,0.62,0.9,0.88,1.0,0.968179,0.971266,0.949286,0.954652,True,0.0,0,0.0,0.976558,False
opportunity_aware_gv,453,0.62,0.9,0.88,1.0,0.973461,0.966807,0.952074,0.956518,True,0.0,0,0.0,0.977321,False
opportunity_aware_gv,454,0.62,0.9,0.88,0.991844,0.977145,0.96036,0.951016,0.953652,True,0.0,0,0.0,0.973232,False
opportunity_aware_gv,455,0.62,0.9,0.88,0.988478,0.97836,0.962008,0.947638,0.952,True,0.0,0,0.0,0.971797,False
opportunity_aware_gv,456,0.62,0.9,0.88,0.984845,0.99277,0.962548,0.94226,0.948219,True,0.0,0,0.0,0.971901,False
opportunity_aware_gv,457,0.62,0.9,0.88,0.996505,0.990542,0.955545,0.949201,0.949644,True,0.0,0,0.0,0.975813,False
opportunity_aware_gv,458,0.62,0.9,0.88,1.0,0.996454,0.958592,0.965176,0.959368,True,0.0,0,0.0,0.982157,False
opportunity_aware_gv,459,0.62,0.9,0.88,0.995936,0.99503,0.973463,0.977061,0.973833,True,0.0,0,0.0,0.986433,False
opportunity_aware_gv,460,0.62,0.9,0.88,0.992063,0.991121,0.969328,0.973083,0.969758,True,0.0,0,0.0,0.982468,False
opportunity_aware_gv,461,0.62,0.9,0.88,0.992593,0.990732,0.97494,0.96395,0.967198,True,0.0,0,0.0,0.982023,False
opportunity_aware_gv,462,0.62,0.9,0.88,0.986298,0.989257,0.972211,0.961258,0.96445,True,0.0,0,0.0,0.978168,False
opportunity_aware_gv,463,0.62,0.9,0.88,0.990548,0.988277,0.975311,0.957266,0.962809,True,0.0,0,0.0,0.979408,False
opportunity_aware_gv,464,0.62,0.9,0.88,0.991378,0.985744,0.97132,0.957164,0.961492,True,0.0,0,0.0,0.978377,False
opportunity_aware_gv,465,0.62,0.9,0.88,0.993352,0.979327,0.977736,0.955682,0.961743,True,0.0,0,0.0,0.97895,False
opportunity_aware_gv,466,0.62,0.9,0.88,0.990987,0.987663,0.974893,0.965465,0.968275,True,0.0,0,0.0,0.981193,False
opportunity_aware_gv,467,0.62,0.9,0.88,0.991123,0.996451,0.976693,0.980182,0.977123,True,0.0,0,0.0,0.986273,False
opportunity_aware_gv,468,0.62,0.9,0.88,0.996376,0.994948,0.978969,0.992237,0.982784,True,0.0,0,0.0,0.990775,False
opportunity_aware_gv,469,0.62,0.9,0.88,0.985754,0.990334,0.984512,0.982822,0.983155,True,0.0,0,0.0,0.985633,False
opportunity_aware_gv,470,0.62,0.9,0.88,0.992448,1.0,0.991273,0.985548,0.987223,True,0.0,0,0.0,0.992003,False
opportunity_aware_gv,471,0.62,0.9,0.88,0.999239,0.99724,0.98468,0.982587,0.982669,True,0.0,0,0.0,0.991939,False
opportunity_aware_gv,472,0.62,0.9,0.88,1.0,0.984515,0.983845,0.983307,0.983469,True,0.0,0,0.0,0.989984,False
opportunity_aware_gv,473,0.62,0.9,0.88,1.0,0.986117,0.978897,0.972924,0.974728,True,0.0,0,0.0,0.986879,False
opportunity_aware_gv,474,0.62,0.9,0.88,0.995527,0.991755,0.987946,0.964513,0.971166,True,0.0,0,0.0,0.986218,False
opportunity_aware_gv,475,0.62,0.9,0.88,1.0,0.998129,0.975747,0.960509,0.964995,True,0.0,0,0.0,0.985568,False
opportunity_aware_gv,476,0.62,0.9,0.88,1.0,1.0,0.960324,0.959948,0.95745,True,0.0,0,0.0,0.982145,False
opportunity_aware_gv,477,0.62,0.9,0.88,1.0,1.0,0.959384,0.954856,0.95416,True,0.0,0,0.0,0.980868,False
opportunity_aware_gv,478,0.62,0.9,0.88,1.0,1.0,0.964842,0.956793,0.957932,True,0.0,0,0.0,0.982574,False
opportunity_aware_gv,479,0.62,0.9,0.88,0.999481,0.991336,0.968812,0.958912,0.961488,True,0.0,0,0.0,0.982256,False
opportunity_aware_gv,480,0.82,0.9,0.88,0.993164,0.981387,0.951185,0.941324,0.943478,True,0.652799,1,0.0,0.970268,False
opportunity_aware_gv,481,0.630163,0.9,0.88,1.0,0.975363,0.966291,0.939493,0.947439,True,0.652799,1,0.0,0.97472,False
opportunity_aware_gv,482,0.630163,0.9,0.88,1.0,0.985624,0.962944,0.941512,0.948051,True,0.652799,1,0.0,0.97632,False
opportunity_aware_gv,483,0.630163,0.9,0.88,1.0,0.992681,0.961186,0.943864,0.948734,True,0.652799,1,0.0,0.977685,False
opportunity_aware_gv,484,0.630163,0.9,0.88,0.996879,0.996347,0.961094,0.946867,0.950423,True,0.652799,1,0.0,0.977765,False
opportunity_aware_gv,485,0.630163,0.9,0.88,0.993093,0.994898,0.963189,0.947924,0.952041,True,0.652799,1,0.0,0.976785,False
opportunity_aware_gv,486,0.630163,0.9,0.88,1.0,0.996798,0.95977,0.944621,0.948434,True,0.652799,1,0.0,0.978241,False
opportunity_aware_gv,487,0.630163,0.9,0.88,0.994442,0.997582,0.963203,0.944497,0.949741,True,0.652799,1,0.0,0.977028,False
opportunity_aware_gv,488,0.630163,0.9,0.88,0.990683,0.99438,0.960105,0.954212,0.954512,True,0.652799,1,0.0,0.976398,False
opportunity_aware_gv,489,0.630163,0.9,0.88,0.989013,0.995198,0.965369,0.953586,0.956499,True,0.652799,1,0.0,0.977009,False
opportunity_aware_gv,490,0.630163,0.9,0.88,0.981365,1.0,0.966406,0.95476,0.957419,True,0.652799,1,0.0,0.975429,False
opportunity_aware_gv,491,0.630163,0.9,0.88,0.974063,0.99,0.962888,0.959711,0.959314,True,0.652799,1,0.0,0.971141,False
opportunity_aware_gv,492,0.630163,0.9,0.88,0.964196,0.984861,0.961748,0.958908,0.958626,True,0.652799,1,0.0,0.966066,False
opportunity_aware_gv,493,0.630163,0.9,0.88,0.974977,0.992833,0.974986,0.950453,0.95799,True,0.652799,1,0.0,0.972721,False
opportunity_aware_gv,494,0.630163,0.9,0.88,0.983086,0.990335,0.980938,0.953256,0.961465,True,0.652799,1,0.0,0.977233,False
opportunity_aware_gv,495,0.630163,0.9,0.88,0.993948,0.997005,0.979068,0.954144,0.9618,True,0.652799,1,0.0,0.982389,False
opportunity_aware_gv,496,0.630163,0.9,0.88,0.984422,1.0,0.984199,0.953518,0.962836,True,0.652799,1,0.0,0.980269,False
opportunity_aware_gv,497,0.630163,0.9,0.88,0.981899,0.988971,0.990741,0.947311,0.958616,True,0.652799,1,0.0,0.977127,False
opportunity_aware_gv,498,0.630163,0.9,0.88,0.986069,0.991631,0.996123,0.952456,0.9634,True,0.652799,1,0.0,0.981454,False
opportunity_aware_gv,499,0.630163,0.9,0.88,0.982264,0.99366,0.987212,0.963326,0.970309,True,0.652799,1,0.0,0.98112,False
opportunity_aware_gv,500,0.630163,0.9,0.88,0.982013,0.985947,0.983234,0.964562,0.969834,True,0.652799,1,0.0,0.979036,False
opportunity_aware_gv,501,0.630163,0.9,0.88,0.993687,0.987751,0.980985,0.964877,0.969715,True,0.652799,1,0.0,0.983422,False
opportunity_aware_gv,502,0.630163,0.9,0.88,1.0,0.981304,0.9775,0.968832,0.971442,True,0.652799,1,0.0,0.984794,False
opportunity_aware_gv,503,0.630163,0.9,0.88,0.994118,0.986388,0.972863,0.977637,0.974202,True,0.652799,1,0.0,0.984203,False
opportunity_aware_gv,504,0.630163,0.9,0.88,0.987583,0.983642,0.970439,0.9793,0.973124,True,0.652799,1,0.0,0.980893,False
opportunity_aware_gv,505,0.630163,0.9,0.88,0.98094,0.975792,0.974665,0.98167,0.974765,True,0.652799,1,0.0,0.978245,False
opportunity_aware_gv,506,0.630163,0.9,0.88,0.985626,0.972841,0.976567,0.997478,0.973079,True,0.652799,1,0.0,0.981848,False
opportunity_aware_gv,507,0.630163,0.9,0.88,0.985839,0.970556,0.960142,1.0,0.962552,True,0.652799,1,0.0,0.977651,False
opportunity_aware_gv,508,0.630163,0.9,0.88,0.98401,0.962893,0.954466,1.0,0.95564,True,0.652799,1,0.0,0.973725,False
opportunity_aware_gv,509,0.630163,0.9,0.88,0.992063,0.964581,0.961701,1.0,0.960624,True,0.652799,1,0.0,0.97899,False
opportunity_aware_gv,510,0.630163,0.9,0.88,0.977866,0.958291,0.960721,1.0,0.956756,True,0.652799,1,0.0,0.971822,False
opportunity_aware_gv,511,0.630163,0.9,0.88,0.979073,0.955935,0.950229,1.0,0.949817,True,0.652799,1,0.0,0.969135,False
opportunity_aware_gv,512,0.630163,0.9,0.88,1.0,0.952887,0.964428,1.0,0.955395,True,0.652799,1,0.0,0.979764,False
opportunity_aware_gv,513,0.630163,0.9,0.88,1.0,0.958999,0.964197,1.0,0.958906,True,0.652799,1,0.0,0.981244,False
opportunity_aware_gv,514,0.630163,0.9,0.88,1.0,0.960192,0.958275,0.999539,0.956505,True,0.652799,1,0.0,0.98004,False
opportunity_aware_gv,515,0.630163,0.9,0.88,0.987512,0.962461,0.959009,0.991774,0.958587,True,0.652799,1,0.0,0.974998,False
opportunity_aware_gv,516,0.630163,0.9,0.88,0.987538,0.975224,0.961621,0.998249,0.965515,True,0.652799,1,0.0,0.979513,False
opportunity_aware_gv,517,0.630163,0.9,0.88,0.975067,0.980039,0.958881,0.996291,0.965384,True,0.652799,1,0.0,0.974858,False
opportunity_aware_gv,518,0.630163,0.9,0.88,0.97817,0.987058,0.965772,1.0,0.972282,True,0.652799,1,0.0,0.979888,False
opportunity_aware_gv,519,0.630163,0.9,0.88,0.964324,0.980304,0.956001,1.0,0.963473,True,0.652799,1,0.0,0.970595,False
opportunity_aware_gv,520,0.630163,0.9,0.88,0.962931,0.979625,0.959683,0.991088,0.965769,True,0.652799,1,0.0,0.969634,False
opportunity_aware_gv,521,0.630163,0.9,0.88,0.965462,0.987459,0.9608,0.986619,0.967775,True,0.652799,1,0.0,0.971822,False
opportunity_aware_gv,522,0.630163,0.9,0.88,0.975604,0.983439,0.95515,0.976748,0.961519,True,0.652799,1,0.0,0.971803,False
opportunity_aware_gv,523,0.630163,0.9,0.88,0.970435,0.982527,0.949311,0.978595,0.957548,True,0.652799,1,0.0,0.968405,False
opportunity_aware_gv,524,0.630163,0.9,0.88,0.990732,0.972851,0.951876,0.980313,0.958114,True,0.652799,1,0.0,0.975147,False
opportunity_aware_gv,525,0.630163,0.9,0.88,0.994014,0.978324,0.953971,0.98924,0.961314,True,0.652799,1,0.0,0.97939,False
opportunity_aware_gv,526,0.630163,0.9,0.88,0.989797,0.987857,0.960893,0.992822,0.9686,True,0.652799,1,0.0,0.982125,False
opportunity_aware_gv,527,0.630163,0.9,0.88,0.976985,0.993013,0.968511,0.989096,0.974406,True,0.652799,1,0.0,0.979731,False
opportunity_aware_gv,528,0.630163,0.9,0.88,0.981077,0.980077,0.971791,0.98512,0.974325,True,0.652799,1,0.0,0.978981,False
opportunity_aware_gv,529,0.630163,0.9,0.88,0.987981,0.977117,0.981694,0.991226,0.97835,True,0.652799,1,0.0,0.984192,False
opportunity_aware_gv,530,0.630163,0.9,0.88,0.989285,0.980939,0.980085,0.989496,0.979895,True,0.652799,1,0.0,0.98503,False
opportunity_aware_gv,531,0.630163,0.9,0.88,0.98328,0.968143,0.982147,0.977893,0.971078,True,0.652799,1,0.0,0.978133,False
opportunity_aware_gv,532,0.630163,0.9,0.88,0.971628,0.959256,0.985268,0.977256,0.964681,True,0.652799,1,0.0,0.97181,False
opportunity_aware_gv,533,0.630163,0.9,0.88,0.963621,0.956604,0.987991,0.97766,0.962983,True,0.652799,1,0.0,0.968633,False
opportunity_aware_gv,534,0.630163,0.9,0.88,0.973862,0.956458,0.977255,0.973824,0.961441,True,0.652799,1,0.0,0.969844,False
opportunity_aware_gv,535,0.630163,0.9,0.88,0.970171,0.951502,0.97839,0.98923,0.959559,True,0.652799,1,0.0,0.969685,False
opportunity_aware_gv,536,0.630163,0.9,0.88,0.972669,0.945157,0.986532,0.994818,0.957038,True,0.652799,1,0.0,0.971437,False
opportunity_aware_gv,537,0.630163,0.9,0.88,0.986068,0.944321,0.985141,1.0,0.956478,True,0.652799,1,0.0,0.976786,False
opportunity_aware_gv,538,0.630163,0.9,0.88,0.970835,0.948803,0.982119,1.0,0.958941,True,0.652799,1,0.0,0.971556,False
opportunity_aware_gv,539,0.630163,0.9,0.88,0.959432,0.952029,0.983946,1.0,0.961711,True,0.652799,1,0.0,0.968465,False
opportunity_aware_gv,540,0.630163,0.9,0.88,0.97392,0.956024,0.984589,1.0,0.964718,True,0.652799,1,0.0,0.975166,False
opportunity_aware_gv,541,0.630163,0.9,0.88,0.983761,0.958646,0.98767,1.0,0.96737,True,0.652799,1,0.0,0.980251,False
opportunity_aware_gv,542,0.630163,0.9,0.88,1.0,0.955454,0.994988,0.999245,0.96647,True,0.652799,1,0.0,0.98695,False
opportunity_aware_gv,543,0.630163,0.9,0.88,1.0,0.953577,0.998611,0.999816,0.96571,True,0.652799,1,0.0,0.987253,False
opportunity_aware_gv,544,0.630163,0.9,0.88,1.0,0.96158,1.0,1.0,0.971799,True,0.652799,1,0.0,0.9897,False
opportunity_aware_gv,545,0.630163,0.9,0.88,1.0,0.959325,1.0,0.998946,0.969999,True,0.652799,1,0.0,0.988931,False
opportunity_aware_gv,546,0.630163,0.9,0.88,1.0,0.957961,0.998545,1.0,0.968941,True,0.652799,1,0.0,0.988444,False
opportunity_aware_gv,547,0.630163,0.9,0.88,0.99573,0.957266,0.994,0.995019,0.967167,True,0.652799,1,0.0,0.984968,False
opportunity_aware_gv,548,0.630163,0.9,0.88,0.99668,0.962127,0.996112,0.988835,0.969939,True,0.652799,1,0.0,0.986051,False
opportunity_aware_gv,549,0.630163,0.9,0.88,1.0,0.957913,1.0,0.991148,0.96762,True,0.652799,1,0.0,0.987299,False
opportunity_aware_gv,550,0.630163,0.9,0.88,1.0,0.959084,1.0,0.992551,0.968753,True,0.652799,1,0.0,0.987843,False
opportunity_aware_gv,551,0.630163,0.9,0.88,0.986314,0.963536,0.997758,0.997453,0.972597,True,0.652799,1,0.0,0.984187,False
opportunity_aware_gv,552,0.630163,0.9,0.88,0.986053,0.970823,0.999058,0.998515,0.978259,True,0.652799,1,0.0,0.986462,False
opportunity_aware_gv,553,0.630163,0.9,0.88,1.0,0.967462,0.997151,0.991138,0.974357,True,0.652799,1,0.0,0.989313,False
opportunity_aware_gv,554,0.630163,0.9,0.88,0.997863,0.965667,0.994139,0.991793,0.972897,True,0.652799,1,0.0,0.987552,False
opportunity_aware_gv,555,0.630163,0.9,0.88,0.982438,0.969495,0.981643,0.997177,0.973141,True,0.652799,1,0.0,0.980913,False
opportunity_aware_gv,556,0.630163,0.9,0.88,0.983645,0.978252,0.982075,1.0,0.978718,True,0.652799,1,0.0,0.98409,False
opportunity_aware_gv,557,0.630163,0.9,0.88,0.967247,0.978458,0.992888,1.0,0.982831,True,0.652799,1,0.0,0.980336,False
opportunity_aware_gv,558,0.630163,0.9,0.88,0.972398,0.984963,0.992598,1.0,0.987302,True,0.652799,1,0.0,0.983949,False
opportunity_aware_gv,559,0.630163,0.9,0.88,0.982939,0.990009,0.988632,0.997453,0.988738,True,0.652799,1,0.0,0.987964,False
opportunity_aware_gv,560,0.630163,0.9,0.88,0.975988,0.996432,0.989859,0.999562,0.991847,True,0.652799,1,0.0,0.987368,False
opportunity_aware_gv,561,0.630163,0.9,0.88,0.983757,0.998268,0.989795,1.0,0.992231,True,0.652799,1,0.0,0.990747,False
opportunity_aware_gv,562,0.630163,0.9,0.88,0.981542,0.996871,0.987331,1.0,0.990154,True,0.652799,1,0.0,0.988961,False
opportunity_aware_gv,563,0.630163,0.9,0.88,0.976315,1.0,0.985133,1.0,0.989087,True,0.652799,1,0.0,0.987014,False
opportunity_aware_gv,564,0.630163,0.9,0.88,0.963076,0.998578,0.982162,1.0,0.986699,True,0.652799,1,0.0,0.980906,False
opportunity_aware_gv,565,0.630163,0.9,0.88,0.964978,0.997881,0.989114,1.0,0.99166,True,0.652799,1,0.0,0.98335,False
opportunity_aware_gv,566,0.630163,0.9,0.88,0.968682,1.0,0.990493,0.996913,0.992436,True,0.652799,1,0.0,0.985048,False
opportunity_aware_gv,567,0.630163,0.9,0.88,0.959731,0.997198,0.990142,0.993677,0.991224,True,0.652799,1,0.0,0.980481,False
opportunity_aware_gv,568,0.630163,0.9,0.88,0.957704,0.991799,0.994129,1.0,0.992376,True,0.652799,1,0.0,0.98048,False
opportunity_aware_gv,569,0.630163,0.9,0.88,0.962174,0.980627,0.985467,0.996467,0.981887,True,0.652799,1,0.0,0.976855,False
opportunity_aware_gv,570,0.630163,0.9,0.88,0.958465,0.976341,0.986141,0.996801,0.979326,True,0.652799,1,0.0,0.974535,False
opportunity_aware_gv,571,0.630163,0.9,0.88,0.976876,0.975494,0.987259,0.994491,0.979094,True,0.652799,1,0.0,0.981228,False
opportunity_aware_gv,572,0.630163,0.9,0.88,0.989276,0.986248,0.983087,1.0,0.983537,True,0.652799,1,0.0,0.98843,False
opportunity_aware_gv,573,0.630163,0.9,0.88,0.999593,0.98613,0.982497,1.0,0.983132,True,0.652799,1,0.0,0.992174,False
opportunity_aware_gv,574,0.630163,0.9,0.88,1.0,0.987758,0.982407,0.985241,0.983277,True,0.652799,1,0.0,0.990557,False
opportunity_aware_gv,575,0.630163,0.9,0.88,0.999367,0.981537,0.987846,0.977846,0.9789,True,0.652799,1,0.0,0.988615,False
opportunity_aware_gv,576,0.630163,0.9,0.88,0.998191,0.989347,0.984579,0.981258,0.98224,True,0.652799,1,0.0,0.989864,False
opportunity_aware_gv,577,0.630163,0.9,0.88,1.0,0.994784,0.984865,0.971671,0.975726,True,0.652799,1,0.0,0.989458,False
opportunity_aware_gv,578,0.630163,0.9,0.88,1.0,0.996665,0.980916,0.979408,0.97903,True,0.652799,1,0.0,0.990565,False
opportunity_aware_gv,579,0.630163,0.9,0.88,0.995157,0.99402,0.993088,0.984043,0.986559,True,0.652799,1,0.0,0.991992,False
opportunity_aware_gv,580,0.630163,0.9,0.88,0.989345,0.990076,0.989218,0.985652,0.986687,True,0.652799,1,0.0,0.988618,False
opportunity_aware_gv,581,0.630163,0.9,0.88,0.987949,0.988204,0.984793,0.985025,0.984685,True,0.652799,1,0.0,0.986626,False
opportunity_aware_gv,582,0.630163,0.9,0.88,0.978365,0.990654,0.993553,0.984398,0.986288,True,0.652799,1,0.0,0.985106,False
opportunity_aware_gv,583,0.630163,0.9,0.88,0.988279,0.985043,0.99362,0.97865,0.980558,True,0.652799,1,0.0,0.986384,False
opportunity_aware_gv,584,0.630163,0.9,0.88,0.989584,0.977934,0.99375,0.986013,0.98041,True,0.652799,1,0.0,0.986636,False
opportunity_aware_gv,585,0.630163,0.9,0.88,0.992853,0.984745,0.996341,0.984155,0.983644,True,0.652799,1,0.0,0.989699,False
opportunity_aware_gv,586,0.630163,0.9,0.88,1.0,0.978931,1.0,0.987875,0.981596,True,0.652799,1,0.0,0.992301,False
opportunity_aware_gv,587,0.630163,0.9,0.88,1.0,0.992392,1.0,0.98518,0.987381,True,0.652799,1,0.0,0.995041,False
opportunity_aware_gv,588,0.630163,0.9,0.88,1.0,0.991638,1.0,0.990085,0.990206,True,0.652799,1,0.0,0.995932,False
opportunity_aware_gv,589,0.630163,0.9,0.88,1.0,0.990827,1.0,0.991891,0.990757,True,0.652799,1,0.0,0.996104,False
opportunity_aware_gv,590,0.630163,0.9,0.88,1.0,0.986618,0.999648,0.989455,0.987151,True,0.652799,1,0.0,0.99451,False
opportunity_aware_gv,591,0.630163,0.9,0.88,1.0,0.998108,0.989387,0.989643,0.988935,True,0.652799,1,0.0,0.994971,False
opportunity_aware_gv,592,0.630163,0.9,0.88,1.0,0.992391,0.981171,0.981698,0.980692,True,0.652799,1,0.0,0.990362,False
opportunity_aware_gv,593,0.630163,0.9,0.88,0.994659,0.989633,0.994392,0.977869,0.981395,True,0.652799,1,0.0,0.989764,False
opportunity_aware_gv,594,0.630163,0.9,0.88,1.0,0.996054,0.986579,0.974286,0.978065,True,0.652799,1,0.0,0.990642,False
opportunity_aware_gv,595,0.630163,0.9,0.88,1.0,0.991609,0.98404,0.977613,0.979559,True,0.652799,1,0.0,0.99003,False
opportunity_aware_gv,596,0.630163,0.9,0.88,1.0,0.986796,0.98135,0.979611,0.979984,True,0.652799,1,0.0,0.98901,False
opportunity_aware_gv,597,0.630163,0.9,0.88,1.0,0.987078,0.975782,0.991433,0.979158,True,0.652799,1,0.0,0.989614,False
opportunity_aware_gv,598,0.630163,0.9,0.88,1.0,0.987664,0.977057,0.982701,0.978791,True,0.652799,1,0.0,0.988683,False
opportunity_aware_gv,599,0.630163,0.9,0.88,1.0,0.988521,0.979018,0.975751,0.976493,True,0.652799,1,0.0,0.987941,False
opportunity_aware_gv,600,0.630163,0.9,0.88,1.0,0.999323,0.975951,0.980544,0.976679,True,0.652799,1,0.0,0.990027,False
opportunity_aware_gv,601,0.630163,0.9,0.88,1.0,1.0,0.97399,0.988601,0.978482,True,0.652799,1,0.0,0.99114,False
opportunity_aware_gv,602,0.630163,0.9,0.88,0.995156,1.0,0.974708,0.997192,0.981012,True,0.652799,1,0.0,0.990935,False
opportunity_aware_gv,603,0.630163,0.9,0.88,0.996906,1.0,0.983,1.0,0.987522,True,0.652799,1,0.0,0.994267,False
opportunity_aware_gv,604,0.630163,0.9,0.88,1.0,0.997325,0.986177,1.0,0.989412,True,0.652799,1,0.0,0.99576,False
opportunity_aware_gv,605,0.630163,0.9,0.88,1.0,0.998973,0.990679,0.998392,0.992801,True,0.652799,1,0.0,0.997048,False
opportunity_aware_gv,606,0.630163,0.9,0.88,1.0,1.0,0.993935,1.0,0.995548,True,0.652799,1,0.0,0.998374,False
opportunity_aware_gv,607,0.630163,0.9,0.88,1.0,1.0,0.99517,1.0,0.996455,True,0.652799,1,0.0,0.998705,False
opportunity_aware_gv,608,0.630163,0.9,0.88,0.997516,1.0,0.98271,1.0,0.987309,True,0.652799,1,0.0,0.994421,False
opportunity_aware_gv,609,0.630163,0.9,0.88,1.0,1.0,0.978492,0.998401,0.983981,True,0.652799,1,0.0,0.993982,False
opportunity_aware_gv,610,0.630163,0.9,0.88,1.0,0.998028,0.974662,1.0,0.981115,True,0.652799,1,0.0,0.992818,False
opportunity_aware_gv,611,0.630163,0.9,0.88,0.99455,0.988141,0.977326,1.0,0.980618,True,0.652799,1,0.0,0.989387,False
opportunity_aware_gv,612,0.630163,0.9,0.88,1.0,0.99795,0.984023,1.0,0.987958,True,0.652799,1,0.0,0.99531,False
opportunity_aware_gv,613,0.630163,0.9,0.88,0.988456,0.984832,0.984482,1.0,0.983622,True,0.652799,1,0.0,0.988124,False
opportunity_aware_gv,614,0.630163,0.9,0.88,0.996605,0.983689,0.980807,0.996743,0.981186,True,0.652799,1,0.0,0.989605,False
opportunity_aware_gv,615,0.630163,0.9,0.88,1.0,0.981282,0.979678,1.0,0.979145,True,0.652799,1,0.0,0.99047,False
opportunity_aware_gv,616,0.630163,0.9,0.88,1.0,0.976354,0.9735,1.0,0.973189,True,0.652799,1,0.0,0.987756,False
opportunity_aware_gv,617,0.630163,0.9,0.88,0.995601,0.985161,0.985884,0.996233,0.984794,True,0.652799,1,0.0,0.990764,False
opportunity_aware_gv,618,0.630163,0.9,0.88,0.979065,0.992085,0.981182,1.0,0.984532,True,0.652799,1,0.0,0.985376,False
opportunity_aware_gv,619,0.630163,0.9,0.88,0.981037,0.987474,0.980492,1.0,0.982462,True,0.652799,1,0.0,0.984923,False
opportunity_aware_gv,620,0.630163,0.9,0.88,1.0,0.985553,0.990057,0.990246,0.986775,True,0.652799,1,0.0,0.992657,False
opportunity_aware_gv,621,0.630163,0.9,0.88,0.998232,0.995235,0.991481,0.978025,0.981966,True,0.652799,1,0.0,0.991696,False
opportunity_aware_gv,622,0.630163,0.9,0.88,0.992651,1.0,0.99658,0.976914,0.982518,True,0.652799,1,0.0,0.991262,False
opportunity_aware_gv,623,0.630163,0.9,0.88,1.0,0.993223,0.999434,0.979877,0.983909,True,0.652799,1,0.0,0.99393,False
opportunity_aware_gv,624,0.630163,0.9,0.88,1.0,0.994049,1.0,0.972506,0.978813,True,0.652799,1,0.0,0.992537,False
opportunity_aware_gv,625,0.630163,0.9,0.88,1.0,0.996162,1.0,0.972713,0.979373,True,0.652799,1,0.0,0.993014,False
opportunity_aware_gv,626,0.630163,0.9,0.88,1.0,0.989395,1.0,0.963767,0.971459,True,0.652799,1,0.0,0.989594,False
opportunity_aware_gv,627,0.630163,0.9,0.88,0.999447,0.987041,1.0,0.960653,0.968648,True,0.652799,1,0.0,0.988186,False
opportunity_aware_gv,628,0.630163,0.9,0.88,1.0,0.983745,1.0,0.963121,0.969461,True,0.652799,1,0.0,0.988246,False
opportunity_aware_gv,629,0.630163,0.9,0.88,1.0,0.992658,1.0,0.962467,0.971236,True,0.652799,1,0.0,0.989972,False
opportunity_aware_gv,630,0.630163,0.9,0.88,1.0,0.999457,1.0,0.942981,0.958074,True,0.652799,1,0.0,0.986889,False
opportunity_aware_gv,631,0.630163,0.9,0.88,1.0,0.997667,1.0,0.948545,0.961904,True,0.652799,1,0.0,0.987805,False
opportunity_aware_gv,632,0.630163,0.9,0.88,1.0,0.990135,0.999657,0.949224,0.961076,True,0.652799,1,0.0,0.986383,False
opportunity_aware_gv,633,0.630163,0.9,0.88,1.0,0.998308,1.0,0.955166,0.966856,True,0.652799,1,0.0,0.989441,False
opportunity_aware_gv,634,0.630163,0.9,0.88,0.991833,0.999359,0.999795,0.953589,0.96582,True,0.652799,1,0.0,0.986145,False
opportunity_aware_gv,635,0.630163,0.9,0.88,1.0,1.0,1.0,0.958306,0.969395,True,0.652799,1,0.0,0.99049,False
opportunity_aware_gv,636,0.630163,0.9,0.88,1.0,1.0,0.994358,0.955983,0.966824,True,0.652799,1,0.0,0.988841,False
opportunity_aware_gv,637,0.630163,0.9,0.88,1.0,1.0,0.991271,0.952186,0.963481,True,0.652799,1,0.0,0.987352,False
opportunity_aware_gv,638,0.630163,0.9,0.88,1.0,1.0,0.991185,0.956761,0.966792,True,0.652799,1,0.0,0.988375,False
opportunity_aware_gv,639,0.630163,0.9,0.88,0.997528,0.999135,0.984357,0.961088,0.968215,True,0.652799,1,0.0,0.986827,False
opportunity_aware_gv,640,0.830163,0.9,0.88,1.0,1.0,0.98408,0.971626,0.975365,True,0.652799,1,0.0,0.990206,False
opportunity_aware_gv,641,0.630163,0.9,0.88,1.0,1.0,0.983828,0.974847,0.977378,True,0.652799,1,0.0,0.990853,False
opportunity_aware_gv,642,0.630163,0.9,0.88,0.993328,0.993238,0.976541,0.97499,0.974568,True,0.652799,1,0.0,0.985472,False
opportunity_aware_gv,643,0.630163,0.9,0.88,0.984363,0.994347,0.976707,0.982872,0.978429,True,0.652799,1,0.0,0.983861,False
opportunity_aware_gv,644,0.630163,0.9,0.88,0.990535,0.990346,0.981321,0.983467,0.981772,True,0.652799,1,0.0,0.986801,False
opportunity_aware_gv,645,0.630163,0.9,0.88,0.986163,0.987864,0.980842,0.988812,0.982818,True,0.652799,1,0.0,0.985481,False
opportunity_aware_gv,646,0.630163,0.9,0.88,1.0,0.992293,0.983992,0.987327,0.984972,True,0.652799,1,0.0,0.992154,False
opportunity_aware_gv,647,0.630163,0.9,0.88,0.997962,0.988336,0.96913,0.981675,0.972946,True,0.652799,1,0.0,0.985757,False
opportunity_aware_gv,648,0.630163,0.9,0.88,1.0,0.986445,0.972494,0.970532,0.970468,True,0.652799,1,0.0,0.98494,False
opportunity_aware_gv,649,0.630163,0.9,0.88,1.0,0.986145,0.962728,0.968976,0.964201,True,0.652799,1,0.0,0.982158,False
opportunity_aware_gv,650,0.630163,0.9,0.88,1.0,0.978072,0.978108,0.962431,0.966596,True,0.652799,1,0.0,0.982844,False
opportunity_aware_gv,651,0.630163,0.9,0.88,0.994222,0.972546,0.976085,0.967431,0.969001,True,0.652799,1,0.0,0.980278,False
opportunity_aware_gv,652,0.630163,0.9,0.88,0.993653,0.96735,0.97971,0.971505,0.96849,True,0.652799,1,0.0,0.980288,False
opportunity_aware_gv,653,0.630163,0.9,0.88,0.998379,0.967703,0.980938,0.971312,0.96857,True,0.652799,1,0.0,0.982352,False
opportunity_aware_gv,654,0.630163,0.9,0.88,1.0,0.969799,0.981499,0.973751,0.970885,True,0.652799,1,0.0,0.984065,False
opportunity_aware_gv,655,0.630163,0.9,0.88,1.0,0.973397,0.979559,0.97999,0.975089,True,0.652799,1,0.0,0.985741,False
opportunity_aware_gv,656,0.630163,0.9,0.88,0.99476,0.976345,0.981625,0.986383,0.977966,True,0.652799,1,0.0,0.985893,False
opportunity_aware_gv,657,0.630163,0.9,0.88,0.996407,0.974257,0.982214,0.988992,0.976703,True,0.652799,1,0.0,0.986463,False
opportunity_aware_gv,658,0.630163,0.9,0.88,1.0,0.974524,0.988755,0.985293,0.977706,True,0.652799,1,0.0,0.988656,False
opportunity_aware_gv,659,0.630163,0.9,0.88,1.0,0.968561,0.990221,0.990392,0.974345,True,0.652799,1,0.0,0.988157,False
opportunity_aware_gv,660,0.630163,0.9,0.88,0.99056,0.963317,0.993781,0.980167,0.968497,True,0.652799,1,0.0,0.982133,False
opportunity_aware_gv,661,0.630163,0.9,0.88,0.997375,0.963137,0.989803,0.977824,0.967652,True,0.652799,1,0.0,0.983545,False
opportunity_aware_gv,662,0.630163,0.9,0.88,1.0,0.959459,0.986909,0.980603,0.965679,True,0.652799,1,0.0,0.983512,False
opportunity_aware_gv,663,0.630163,0.9,0.88,0.996883,0.9488,0.989526,0.981688,0.958341,True,0.652799,1,0.0,0.980152,False
opportunity_aware_gv,664,0.630163,0.9,0.88,0.991105,0.950489,0.992739,0.982851,0.960023,True,0.652799,1,0.0,0.979203,False
opportunity_aware_gv,665,0.630163,0.9,0.88,0.999264,0.951405,0.997397,0.983683,0.961108,True,0.652799,1,0.0,0.983553,False
opportunity_aware_gv,666,0.630163,0.9,0.88,1.0,0.947547,0.997619,0.991336,0.959903,True,0.652799,1,0.0,0.984105,False
opportunity_aware_gv,667,0.630163,0.9,0.88,0.999568,0.938963,0.984072,1.0,0.952372,True,0.652799,1,0.0,0.980267,False
opportunity_aware_gv,668,0.630163,0.9,0.88,0.997416,0.942982,0.978888,0.998013,0.953904,True,0.652799,1,0.0,0.979145,False
opportunity_aware_gv,669,0.630163,0.9,0.88,0.988631,0.932148,0.969967,1.0,0.943775,True,0.652799,1,0.0,0.971313,False
opportunity_aware_gv,670,0.630163,0.9,0.88,0.995431,0.940025,0.971012,0.998209,0.949544,True,0.652799,1,0.0,0.975945,False
opportunity_aware_gv,671,0.630163,0.9,0.88,0.994618,0.949138,0.983185,1.0,0.959457,True,0.652799,1,0.0,0.980908,False
opportunity_aware_gv,672,0.630163,0.9,0.88,0.993643,0.950765,0.986493,0.989636,0.960646,True,0.652799,1,0.0,0.980117,False
opportunity_aware_gv,673,0.630163,0.9,0.88,1.0,0.948961,0.977994,0.983341,0.957259,True,0.652799,1,0.0,0.979391,False
opportunity_aware_gv,674,0.630163,0.9,0.88,0.99594,0.952019,0.972815,0.9734,0.957625,True,0.652799,1,0.0,0.976118,False
opportunity_aware_gv,675,0.630163,0.9,0.88,1.0,0.951528,0.970543,0.983028,0.957357,True,0.652799,1,0.0,0.978479,False
opportunity_aware_gv,676,0.630163,0.9,0.88,1.0,0.949552,0.971775,0.985975,0.95636,True,0.652799,1,0.0,0.978639,False
opportunity_aware_gv,677,0.630163,0.9,0.88,1.0,0.94764,0.975058,0.978489,0.955328,True,0.652799,1,0.0,0.977713,False
opportunity_aware_gv,678,0.630163,0.9,0.88,1.0,0.948069,0.978541,0.976977,0.955954,True,0.652799,1,0.0,0.978281,False
opportunity_aware_gv,679,0.630163,0.9,0.88,1.0,0.953227,0.976173,0.974144,0.959032,True,0.652799,1,0.0,0.978756,False
opportunity_aware_gv,680,0.630163,0.9,0.88,0.998105,0.963851,0.978823,0.975046,0.96717,True,0.652799,1,0.0,0.981528,False
opportunity_aware_gv,681,0.630163,0.9,0.88,1.0,0.96132,0.975573,0.980468,0.96555,True,0.652799,1,0.0,0.981772,False
opportunity_aware_gv,682,0.630163,0.9,0.88,0.982493,0.961592,0.977096,0.979045,0.96594,True,0.652799,1,0.0,0.97529,False
opportunity_aware_gv,683,0.630163,0.9,0.88,0.970536,0.945816,0.971965,0.981399,0.953599,True,0.652799,1,0.0,0.965832,False
opportunity_aware_gv,684,0.630163,0.9,0.88,0.966309,0.935986,0.971392,0.993732,0.946828,True,0.652799,1,0.0,0.963267,False
opportunity_aware_gv,685,0.630163,0.9,0.88,0.967969,0.943038,0.972421,0.99264,0.952056,True,0.652799,1,0.0,0.965827,False
opportunity_aware_gv,686,0.630163,0.9,0.88,0.974265,0.946564,0.972457,0.990795,0.954516,True,0.652799,1,0.0,0.968898,False
opportunity_aware_gv,687,0.630163,0.9,0.88,0.974094,0.955635,0.967042,0.999688,0.958253,True,0.652799,1,0.0,0.971184,False
opportunity_aware_gv,688,0.630163,0.9,0.88,0.968866,0.960086,0.964178,0.999898,0.959522,True,0.652799,1,0.0,0.969665,False
opportunity_aware_gv,689,0.630163,0.9,0.88,0.970324,0.966992,0.968418,0.993149,0.965979,True,0.652799,1,0.0,0.972055,False
opportunity_aware_gv,690,0.630163,0.9,0.88,0.97501,0.970091,0.965366,1.0,0.965451,True,0.652799,1,0.0,0.97474,False
opportunity_aware_gv,691,0.630163,0.9,0.88,0.972526,0.966699,0.96509,0.998009,0.963719,True,0.652799,1,0.0,0.97265,False
opportunity_aware_gv,692,0.630163,0.9,0.88,0.982923,0.967959,0.970257,1.0,0.967001,True,0.652799,1,0.0,0.97843,False
opportunity_aware_gv,693,0.630163,0.9,0.88,0.988665,0.972533,0.974119,0.995327,0.971827,True,0.652799,1,0.0,0.982055,False
opportunity_aware_gv,694,0.630163,0.9,0.88,0.988877,0.969158,0.966096,0.99953,0.965434,True,0.652799,1,0.0,0.979905,False
opportunity_aware_gv,695,0.630163,0.9,0.88,0.980683,0.968685,0.966058,1.0,0.965142,True,0.652799,1,0.0,0.97673,False
opportunity_aware_gv,696,0.630163,0.9,0.88,0.972371,0.972789,0.957924,0.998604,0.962153,True,0.652799,1,0.0,0.972292,False
opportunity_aware_gv,697,0.630163,0.9,0.88,0.973906,0.975163,0.968841,0.989051,0.97051,True,0.652799,1,0.0,0.974933,False
opportunity_aware_gv,698,0.630163,0.9,0.88,0.956329,0.984307,0.957565,1.0,0.965733,True,0.652799,1,0.0,0.96883,False
opportunity_aware_gv,699,0.630163,0.9,0.88,0.969173,0.991307,0.956283,0.997842,0.9663,True,0.652799,1,0.0,0.974506,False
opportunity_aware_gv,700,0.630163,0.9,0.88,0.977992,0.98904,0.952746,1.0,0.96343,True,0.652799,1,0.0,0.97677,False
opportunity_aware_gv,701,0.630163,0.9,0.88,0.977881,0.990028,0.95038,0.997051,0.961688,True,0.652799,1,0.0,0.975858,False
opportunity_aware_gv,702,0.630163,0.9,0.88,0.978768,0.988184,0.950892,0.99987,0.961895,True,0.652799,1,0.0,0.976375,False
opportunity_aware_gv,703,0.630163,0.9,0.88,0.984706,0.990091,0.941707,1.0,0.955619,True,0.652799,1,0.0,0.976586,False
opportunity_aware_gv,704,0.630163,0.9,0.88,0.980822,0.983669,0.944912,0.991445,0.956042,True,0.652799,1,0.0,0.973384,False
opportunity_aware_gv,705,0.630163,0.9,0.88,0.979595,0.993914,0.9417,0.991041,0.955181,True,0.652799,1,0.0,0.974024,False
opportunity_aware_gv,706,0.630163,0.9,0.88,0.97953,0.995738,0.950093,0.987987,0.960988,True,0.652799,1,0.0,0.976108,False
opportunity_aware_gv,707,0.630163,0.9,0.88,0.970381,0.999373,0.953998,0.994735,0.965375,True,0.652799,1,0.0,0.975459,False
opportunity_aware_gv,708,0.630163,0.9,0.88,0.961456,0.985276,0.972654,0.998063,0.976514,True,0.652799,1,0.0,0.974691,False
opportunity_aware_gv,709,0.630163,0.9,0.88,0.966206,0.977152,0.968747,1.0,0.970742,True,0.652799,1,0.0,0.973909,False
opportunity_aware_gv,710,0.630163,0.9,0.88,0.962618,0.970511,0.966637,0.998107,0.966508,True,0.652799,1,0.0,0.970197,False
opportunity_aware_gv,711,0.630163,0.9,0.88,0.963632,0.964302,0.967336,0.999753,0.963493,True,0.652799,1,0.0,0.96946,False
opportunity_aware_gv,712,0.630163,0.9,0.88,0.96937,0.97268,0.969197,0.994978,0.969244,True,0.652799,1,0.0,0.973505,False
opportunity_aware_gv,713,0.630163,0.9,0.88,0.95862,0.972738,0.972032,0.989757,0.971211,True,0.652799,1,0.0,0.969445,False
opportunity_aware_gv,714,0.630163,0.9,0.88,0.967479,0.96284,0.96228,0.984175,0.961102,True,0.652799,1,0.0,0.96728,False
opportunity_aware_gv,715,0.630163,0.9,0.88,0.977127,0.973753,0.963529,0.983417,0.966664,True,0.652799,1,0.0,0.973697,False
opportunity_aware_gv,716,0.630163,0.9,0.88,0.982445,0.973403,0.96327,0.993648,0.966039,True,0.652799,1,0.0,0.976965,False
opportunity_aware_gv,717,0.630163,0.9,0.88,0.995614,0.964712,0.980555,0.991608,0.969576,True,0.652799,1,0.0,0.983656,False
opportunity_aware_gv,718,0.630163,0.9,0.88,1.0,0.962839,0.986082,0.997098,0.969869,True,0.652799,1,0.0,0.986784,False
opportunity_aware_gv,719,0.630163,0.9,0.88,0.99691,0.964282,0.985828,1.0,0.970887,True,0.652799,1,0.0,0.986352,False
predictive_gv_navigator,0,0.62,0.9,0.88,0.351917,1.0,0.98772,0.996308,0.990303,True,0.0,0,0.0,0.749837,False
predictive_gv_navigator,1,0.62,0.9,0.88,0.36332,1.0,0.996856,1.0,0.997692,True,0.0,0,0.0,0.757219,False
predictive_gv_navigator,2,0.62,0.9,0.88,0.364679,1.0,0.994264,1.0,0.995789,True,0.0,0,0.0,0.75704,False
predictive_gv_navigator,3,0.62,0.9,0.88,0.369688,1.0,0.992564,0.996767,0.993856,True,0.0,0,0.0,0.757953,False
predictive_gv_navigator,4,0.62,0.9,0.88,0.378664,0.997001,0.986384,1.0,0.989497,True,0.0,0,0.0,0.759641,False
predictive_gv_navigator,5,0.62,0.9,0.88,0.389207,1.0,0.999893,1.0,0.999921,True,0.0,0,0.0,0.76787,False
predictive_gv_navigator,6,0.62,0.9,0.88,0.395449,0.996655,0.997171,0.991525,0.992951,True,0.0,0,0.0,0.767127,False
predictive_gv_navigator,7,0.62,0.9,0.88,0.402289,0.996364,0.990664,0.982654,0.985114,True,0.0,0,0.0,0.76632,False
predictive_gv_navigator,8,0.62,0.9,0.88,0.407371,0.991534,0.993729,0.996335,0.992198,True,0.0,0,0.0,0.770699,False
predictive_gv_navigator,9,0.62,0.9,0.88,0.387554,1.0,0.982831,0.995215,0.986533,True,0.0,0,0.0,0.761894,False
predictive_gv_navigator,10,0.62,0.9,0.88,0.384114,1.0,0.970946,0.994824,0.977834,True,0.0,0,0.0,0.757349,False
predictive_gv_navigator,11,0.62,0.9,0.88,0.379848,0.991658,0.971025,0.992957,0.976674,True,0.0,0,0.0,0.75384,False
predictive_gv_navigator,12,0.62,0.9,0.88,0.372821,0.995036,0.975509,0.986785,0.978974,True,0.0,0,0.0,0.751997,False
predictive_gv_navigator,13,0.62,0.9,0.88,0.376393,0.989403,0.977353,0.99601,0.981023,True,0.0,0,0.0,0.75421,False
predictive_gv_navigator,14,0.62,0.9,0.88,0.369164,0.992089,0.977,0.995234,0.981343,True,0.0,0,0.0,0.751813,False
predictive_gv_navigator,15,0.62,0.9,0.88,0.377173,0.992551,0.977361,1.0,0.981963,True,0.0,0,0.0,0.755745,False
predictive_gv_navigator,16,0.62,0.9,0.88,0.386321,0.993573,0.972039,1.0,0.978374,True,0.0,0,0.0,0.758017,False
predictive_gv_navigator,17,0.62,0.9,0.88,0.384184,0.992317,0.967123,1.0,0.974544,True,0.0,0,0.0,0.755634,False
predictive_gv_navigator,18,0.62,0.9,0.88,0.388117,0.992302,0.964075,0.98722,0.970756,True,0.0,0,0.0,0.754334,False
predictive_gv_navigator,19,0.62,0.9,0.88,0.384656,0.987187,0.966942,0.992491,0.972849,True,0.0,0,0.0,0.753603,False
predictive_gv_navigator,20,0.62,0.9,0.88,0.398407,0.982893,0.96717,0.992422,0.971978,True,0.0,0,0.0,0.757983,False
predictive_gv_navigator,21,0.62,0.9,0.88,0.401734,0.984233,0.958276,0.987261,0.965532,True,0.0,0,0.0,0.756391,False
predictive_gv_navigator,22,0.62,0.9,0.88,0.387611,0.992788,0.962588,0.983177,0.96881,True,0.0,0,0.0,0.753162,False
predictive_gv_navigator,23,0.62,0.9,0.88,0.405259,1.0,0.96305,0.984515,0.969643,True,0.0,0,0.0,0.761537,False
predictive_gv_navigator,24,0.62,0.9,0.88,0.408817,0.995957,0.963742,0.995864,0.972298,True,0.0,0,0.0,0.764193,False
predictive_gv_navigator,25,0.62,0.9,0.88,0.402913,0.987886,0.965647,0.991429,0.971955,True,0.0,0,0.0,0.760178,False
predictive_gv_navigator,26,0.62,0.9,0.88,0.392437,0.992409,0.960368,0.991977,0.968832,True,0.0,0,0.0,0.755763,False
predictive_gv_navigator,27,0.62,0.9,0.88,0.408664,0.993677,0.97329,0.995594,0.978941,True,0.0,0,0.0,0.766202,False
predictive_gv_navigator,28,0.62,0.9,0.88,0.409474,0.995949,0.981443,1.0,0.985692,True,0.0,0,0.0,0.769814,False
predictive_gv_navigator,29,0.62,0.9,0.88,0.40933,0.995124,0.988853,1.0,0.990781,True,0.0,0,0.0,0.771555,False
predictive_gv_navigator,30,0.62,0.9,0.88,0.40586,0.989853,0.994183,0.994423,0.991034,True,0.0,0,0.0,0.769497,False
predictive_gv_navigator,31,0.62,0.9,0.88,0.412706,0.986902,1.0,0.985825,0.985432,True,0.0,0,0.0,0.770738,False
predictive_gv_navigator,32,0.62,0.9,0.88,0.417737,0.974874,1.0,0.992105,0.980075,True,0.0,0,0.0,0.770721,False
predictive_gv_navigator,33,0.62,0.9,0.88,0.412499,0.966251,1.0,0.986813,0.972551,True,0.0,0,0.0,0.765535,False
predictive_gv_navigator,34,0.62,0.9,0.88,0.417122,0.957487,0.994111,0.993199,0.967103,True,0.0,0,0.0,0.764894,False
predictive_gv_navigator,35,0.62,0.9,0.88,0.416511,0.958936,0.991641,0.993041,0.967812,True,0.0,0,0.0,0.764541,False
predictive_gv_navigator,36,0.62,0.9,0.88,0.41435,0.956565,0.98755,0.999524,0.965827,True,0.0,0,0.0,0.763226,False
predictive_gv_navigator,37,0.62,0.9,0.88,0.409371,0.950767,0.986998,1.0,0.961548,True,0.0,0,0.0,0.759744,False
predictive_gv_navigator,38,0.62,0.9,0.88,0.410561,0.95285,0.986756,0.997251,0.962847,True,0.0,0,0.0,0.760299,False
predictive_gv_navigator,39,0.62,0.9,0.88,0.416677,0.95941,0.990709,1.0,0.968614,True,0.0,0,0.0,0.765592,False
predictive_gv_navigator,40,0.62,0.9,0.88,0.429805,0.974637,0.998306,0.995983,0.980588,True,0.0,0,0.0,0.775564,False
predictive_gv_navigator,41,0.62,0.9,0.88,0.437968,0.986958,0.992556,0.999458,0.988645,True,0.0,0,0.0,0.781302,False
predictive_gv_navigator,42,0.62,0.9,0.88,0.444549,0.98608,0.995668,0.991013,0.987593,True,0.0,0,0.0,0.782896,False
predictive_gv_navigator,43,0.62,0.9,0.88,0.448677,0.987432,1.0,0.989001,0.987391,True,0.0,0,0.0,0.785182,False
predictive_gv_navigator,44,0.62,0.9,0.88,0.451959,0.989016,1.0,0.98973,0.98865,True,0.0,0,0.0,0.786968,False
predictive_gv_navigator,45,0.62,0.9,0.88,0.469407,0.987516,0.990369,0.985609,0.986168,True,0.0,0,0.0,0.790719,False
predictive_gv_navigator,46,0.62,0.9,0.88,0.457487,0.985731,0.990251,0.993145,0.987116,True,0.0,0,0.0,0.787016,False
predictive_gv_navigator,47,0.62,0.9,0.88,0.464638,0.980821,0.995868,1.0,0.985225,True,0.0,0,0.0,0.790593,False
predictive_gv_navigator,48,0.62,0.9,0.88,0.470498,0.973837,1.0,1.0,0.980796,True,0.0,0,0.0,0.791775,False
predictive_gv_navigator,49,0.62,0.9,0.88,0.468223,0.97369,0.997477,0.997837,0.980064,True,0.0,0,0.0,0.79004,False
predictive_gv_navigator,50,0.62,0.9,0.88,0.472939,0.980542,0.999782,0.992721,0.98426,True,0.0,0,0.0,0.793267,False
predictive_gv_navigator,51,0.62,0.9,0.88,0.470916,0.980036,1.0,1.0,0.985346,True,0.0,0,0.0,0.793596,False
predictive_gv_navigator,52,0.62,0.9,0.88,0.474346,0.972495,1.0,0.99526,0.979047,True,0.0,0,0.0,0.792123,False
predictive_gv_navigator,53,0.62,0.9,0.88,0.463977,0.975668,0.994755,0.995352,0.980821,True,0.0,0,0.0,0.788035,False
predictive_gv_navigator,54,0.62,0.9,0.88,0.474633,0.976071,0.999487,0.991524,0.980764,True,0.0,0,0.0,0.792466,False
predictive_gv_navigator,55,0.62,0.9,0.88,0.48513,0.978817,0.996327,0.990117,0.982259,True,0.0,0,0.0,0.796363,False
predictive_gv_navigator,56,0.62,0.9,0.88,0.478876,0.973818,1.0,0.987793,0.978112,True,0.0,0,0.0,0.792924,False
predictive_gv_navigator,57,0.62,0.9,0.88,0.492162,0.968046,0.998803,0.98446,0.973088,True,0.0,0,0.0,0.79565,False
predictive_gv_navigator,58,0.62,0.9,0.88,0.487565,0.973338,0.999506,0.990852,0.978646,True,0.0,0,0.0,0.796543,False
predictive_gv_navigator,59,0.62,0.9,0.88,0.507109,0.96275,0.990011,1.0,0.970872,True,0.0,0,0.0,0.800703,False
predictive_gv_navigator,60,0.62,0.9,0.88,0.512321,0.966511,0.993753,1.0,0.974396,True,0.0,0,0.0,0.804457,False
predictive_gv_navigator,61,0.62,0.9,0.88,0.519609,0.96177,0.998859,1.0,0.971781,True,0.0,0,0.0,0.806979,False
predictive_gv_navigator,62,0.62,0.9,0.88,0.536203,0.964957,0.991529,1.0,0.972806,True,0.0,0,0.0,0.812662,False
predictive_gv_navigator,63,0.62,0.9,0.88,0.541387,0.964521,0.989212,1.0,0.971955,True,0.0,0,0.0,0.814034,False
predictive_gv_navigator,64,0.62,0.9,0.88,0.547973,0.960744,0.988508,0.995383,0.968817,True,0.0,0,0.0,0.814707,False
predictive_gv_navigator,65,0.62,0.9,0.88,0.549503,0.973047,0.987313,0.982775,0.975986,True,0.0,0,0.0,0.816383,False
predictive_gv_navigator,66,0.62,0.9,0.88,0.555577,0.97311,0.98509,0.977636,0.974413,True,0.0,0,0.0,0.817394,False
predictive_gv_navigator,67,0.62,0.9,0.88,0.558472,0.96353,0.987526,0.985577,0.969628,True,0.0,0,0.0,0.817746,False
predictive_gv_navigator,68,0.62,0.9,0.88,0.553739,0.958732,0.982415,0.995161,0.96594,True,0.0,0,0.0,0.815063,False
predictive_gv_navigator,69,0.62,0.9,0.88,0.542789,0.962337,0.983815,0.992621,0.96878,True,0.0,0,0.0,0.811788,False
predictive_gv_navigator,70,0.62,0.9,0.88,0.536758,0.970043,0.98581,0.995725,0.974871,True,0.0,0,0.0,0.812408,False
predictive_gv_navigator,71,0.62,0.9,0.88,0.54186,0.968177,0.985022,1.0,0.97335,True,0.0,0,0.0,0.814284,False
predictive_gv_navigator,72,0.62,0.9,0.88,0.534563,0.96793,0.990529,1.0,0.974718,True,0.0,0,0.0,0.812623,False
predictive_gv_navigator,73,0.62,0.9,0.88,0.530677,0.97659,0.99118,1.0,0.981051,True,0.0,0,0.0,0.813582,False
predictive_gv_navigator,74,0.62,0.9,0.88,0.523045,0.980627,0.997492,0.999879,0.985383,True,0.0,0,0.0,0.813048,False
predictive_gv_navigator,75,0.62,0.9,0.88,0.512952,0.985339,0.998823,0.99435,0.988071,True,0.0,0,0.0,0.809848,False
predictive_gv_navigator,76,0.62,0.9,0.88,0.516668,0.982449,0.998876,0.984028,0.982161,True,0.0,0,0.0,0.808596,False
predictive_gv_navigator,77,0.62,0.9,0.88,0.519275,0.976406,0.984153,0.990706,0.978787,True,0.0,0,0.0,0.806379,False
predictive_gv_navigator,78,0.62,0.9,0.88,0.523441,0.982331,0.989818,0.992165,0.98454,True,0.0,0,0.0,0.810942,False
predictive_gv_navigator,79,0.62,0.9,0.88,0.522583,0.985413,0.998521,0.991795,0.987361,True,0.0,0,0.0,0.813024,False
predictive_gv_navigator,80,0.62,0.9,0.88,0.528049,0.988157,1.0,1.0,0.991307,True,0.0,0,0.0,0.817484,False
predictive_gv_navigator,81,0.62,0.9,0.88,0.524148,1.0,0.999507,0.998635,0.998901,True,0.0,0,0.0,0.818764,False
predictive_gv_navigator,82,0.62,0.9,0.88,0.529238,0.9935,1.0,0.991709,0.992042,True,0.0,0,0.0,0.817825,False
predictive_gv_navigator,83,0.62,0.9,0.88,0.536131,1.0,0.993862,1.0,0.995494,True,0.0,0,0.0,0.822084,False
predictive_gv_navigator,84,0.62,0.9,0.88,0.540275,0.99621,0.991367,0.996901,0.992734,True,0.0,0,0.0,0.821763,False
predictive_gv_navigator,85,0.62,0.9,0.88,0.532678,0.993675,0.992336,1.0,0.992496,True,0.0,0,0.0,0.818999,False
predictive_gv_navigator,86,0.62,0.9,0.88,0.54449,0.985005,0.989979,1.0,0.986361,True,0.0,0,0.0,0.820767,False
predictive_gv_navigator,87,0.62,0.9,0.88,0.540081,0.991082,0.987107,0.995336,0.988319,True,0.0,0,0.0,0.81925,False
predictive_gv_navigator,88,0.62,0.9,0.88,0.54261,0.988225,0.984172,0.989064,0.985338,True,0.0,0,0.0,0.817933,False
predictive_gv_navigator,89,0.62,0.9,0.88,0.545545,0.986222,0.991271,0.990876,0.987507,True,0.0,0,0.0,0.820479,False
predictive_gv_navigator,90,0.62,0.9,0.88,0.552153,0.982982,0.981651,0.985602,0.982017,True,0.0,0,0.0,0.819278,False
predictive_gv_navigator,91,0.62,0.9,0.88,0.548645,0.989405,0.988052,0.999327,0.987989,True,0.0,0,0.0,0.822892,False
predictive_gv_navigator,92,0.62,0.9,0.88,0.563904,0.999286,0.987035,1.0,0.990382,True,0.0,0,0.0,0.830667,False
predictive_gv_navigator,93,0.62,0.9,0.88,0.565913,0.99849,0.98368,0.98584,0.983784,True,0.0,0,0.0,0.827909,False
predictive_gv_navigator,94,0.62,0.9,0.88,0.562714,0.992086,0.986727,0.977578,0.980372,True,0.0,0,0.0,0.824523,False
predictive_gv_navigator,95,0.62,0.9,0.88,0.569063,0.989934,0.986765,0.971143,0.975632,True,0.0,0,0.0,0.825085,False
predictive_gv_navigator,96,0.62,0.9,0.88,0.573041,0.991822,0.990193,0.968197,0.974247,True,0.0,0,0.0,0.826976,False
predictive_gv_navigator,97,0.62,0.9,0.88,0.58318,0.996212,0.98729,0.971654,0.976424,True,0.0,0,0.0,0.831841,False
predictive_gv_navigator,98,0.62,0.9,0.88,0.59477,0.992944,0.978758,0.964643,0.968961,True,0.0,0,0.0,0.832244,False
predictive_gv_navigator,99,0.62,0.9,0.88,0.608948,0.988795,0.975849,0.962056,0.966286,True,0.0,0,0.0,0.835678,False
predictive_gv_navigator,100,0.62,0.9,0.88,0.611338,0.981468,0.983116,0.962382,0.967657,True,0.0,0,0.0,0.836786,False
predictive_gv_navigator,101,0.62,0.9,0.88,0.60443,0.991591,0.991996,0.961097,0.969261,True,0.0,0,0.0,0.837594,False
predictive_gv_navigator,102,0.62,0.9,0.88,0.599539,0.986397,0.992244,0.962447,0.969405,True,0.0,0,0.0,0.835051,False
predictive_gv_navigator,103,0.62,0.9,0.88,0.620367,0.985268,0.992882,0.959872,0.967345,True,0.0,0,0.0,0.84227,False
predictive_gv_navigator,104,0.62,0.9,0.88,0.619984,0.985715,0.993019,0.965965,0.971853,True,0.0,0,0.0,0.843624,False
predictive_gv_navigator,105,0.62,0.9,0.88,0.628099,0.986106,0.994626,0.96559,0.971749,True,0.0,0,0.0,0.847002,False
predictive_gv_navigator,106,0.62,0.9,0.88,0.63316,0.985595,0.993668,0.966018,0.971893,True,0.0,0,0.0,0.848738,False
predictive_gv_navigator,107,0.62,0.9,0.88,0.635189,0.982696,0.998457,0.972057,0.975185,True,0.0,0,0.0,0.851089,False
predictive_gv_navigator,108,0.62,0.9,0.88,0.63284,0.98724,0.987051,0.977911,0.980367,True,0.0,0,0.0,0.850403,False
predictive_gv_navigator,109,0.62,0.9,0.88,0.627445,0.989635,0.98373,0.974057,0.977016,True,0.0,0,0.0,0.847245,False
predictive_gv_navigator,110,0.62,0.9,0.88,0.635762,0.984364,0.983917,0.972602,0.975669,True,0.0,0,0.0,0.849125,False
predictive_gv_navigator,111,0.62,0.9,0.88,0.65514,0.989776,0.989511,0.962454,0.969685,True,0.0,0,0.0,0.856331,False
predictive_gv_navigator,112,0.62,0.9,0.88,0.652734,0.991516,0.984208,0.965863,0.971357,True,0.0,0,0.0,0.855453,False
predictive_gv_navigator,113,0.62,0.9,0.88,0.656231,0.989024,0.983313,0.958124,0.96541,True,0.0,0,0.0,0.854375,False
predictive_gv_navigator,114,0.62,0.9,0.88,0.661214,0.983076,0.977741,0.959535,0.964884,True,0.0,0,0.0,0.854329,False
predictive_gv_navigator,115,0.62,0.9,0.88,0.654486,0.99029,0.977892,0.955228,0.962131,True,0.0,0,0.0,0.852165,False
predictive_gv_navigator,116,0.62,0.9,0.88,0.670955,0.982266,0.974197,0.962354,0.965988,True,0.0,0,0.0,0.857774,False
predictive_gv_navigator,117,0.62,0.9,0.88,0.667105,0.988614,0.981084,0.965528,0.970238,True,0.0,0,0.0,0.859648,False
predictive_gv_navigator,118,0.62,0.9,0.88,0.665918,0.99068,0.973808,0.974581,0.973078,True,0.0,0,0.0,0.859868,False
predictive_gv_navigator,119,0.62,0.9,0.88,0.666511,0.993111,0.981748,0.987115,0.983379,True,0.0,0,0.0,0.86495,False
predictive_gv_navigator,120,0.62,0.9,0.88,0.655106,0.991434,0.985327,0.984555,0.98449,True,0.0,0,0.0,0.860734,False
predictive_gv_navigator,121,0.62,0.9,0.88,0.670621,0.986809,0.984815,0.980545,0.981835,True,0.0,0,0.0,0.864825,False
predictive_gv_navigator,122,0.62,0.9,0.88,0.671298,0.99295,0.979962,0.965457,0.969911,True,0.0,0,0.0,0.861771,False
predictive_gv_navigator,123,0.62,0.9,0.88,0.665551,0.989238,0.981716,0.960066,0.966496,True,0.0,0,0.0,0.85807,False
predictive_gv_navigator,124,0.62,0.9,0.88,0.660596,0.982883,0.978965,0.957741,0.963808,True,0.0,0,0.0,0.8539,False
predictive_gv_navigator,125,0.62,0.9,0.88,0.65516,0.981276,0.976358,0.963925,0.967647,True,0.0,0,0.0,0.852402,False
predictive_gv_navigator,126,0.62,0.9,0.88,0.666045,0.974952,0.976806,0.961606,0.965366,True,0.0,0,0.0,0.854882,False
predictive_gv_navigator,127,0.62,0.9,0.88,0.667985,0.986138,0.97242,0.962051,0.965151,True,0.0,0,0.0,0.85688,False
predictive_gv_navigator,128,0.62,0.9,0.88,0.658791,0.981852,0.970588,0.960813,0.963777,True,0.0,0,0.0,0.851947,False
predictive_gv_navigator,129,0.62,0.9,0.88,0.648085,0.978668,0.974525,0.953898,0.959822,True,0.0,0,0.0,0.846571,False
predictive_gv_navigator,130,0.62,0.9,0.88,0.652907,0.974646,0.977377,0.946223,0.954108,True,0.0,0,0.0,0.846433,False
predictive_gv_navigator,131,0.62,0.9,0.88,0.658314,0.975779,0.984839,0.945941,0.954727,True,0.0,0,0.0,0.850069,False
predictive_gv_navigator,132,0.62,0.9,0.88,0.671774,0.987586,0.981155,0.946961,0.956746,True,0.0,0,0.0,0.857032,False
predictive_gv_navigator,133,0.62,0.9,0.88,0.673629,0.991545,0.986432,0.945258,0.9568,True,0.0,0,0.0,0.859167,False
predictive_gv_navigator,134,0.62,0.9,0.88,0.676059,0.98451,0.980921,0.943068,0.953564,True,0.0,0,0.0,0.857137,False
predictive_gv_navigator,135,0.62,0.9,0.88,0.68623,0.989497,0.984163,0.947338,0.957734,True,0.0,0,0.0,0.863582,False
predictive_gv_navigator,136,0.62,0.9,0.88,0.691971,0.99268,0.976235,0.944256,0.953967,True,0.0,0,0.0,0.864026,False
predictive_gv_navigator,137,0.62,0.9,0.88,0.703308,1.0,0.963969,0.955401,0.956698,True,0.0,0,0.0,0.869331,False
predictive_gv_navigator,138,0.62,0.9,0.88,0.71389,1.0,0.973747,0.958064,0.962565,True,0.0,0,0.0,0.876189,False
predictive_gv_navigator,139,0.62,0.9,0.88,0.715524,1.0,0.973278,0.963331,0.965709,True,0.0,0,0.0,0.877841,False
predictive_gv_navigator,140,0.62,0.9,0.88,0.71324,0.993484,0.971769,0.965714,0.966854,True,0.0,0,0.0,0.875999,False
predictive_gv_navigator,141,0.62,0.9,0.88,0.70948,0.981709,0.968956,0.973978,0.970422,True,0.0,0,0.0,0.87353,False
predictive_gv_navigator,142,0.62,0.9,0.88,0.717585,0.999378,0.978655,0.975598,0.975565,True,0.0,0,0.0,0.88238,False
predictive_gv_navigator,143,0.62,0.9,0.88,0.709108,0.989957,0.979499,0.978759,0.978392,True,0.0,0,0.0,0.878396,False
predictive_gv_navigator,144,0.62,0.9,0.88,0.707038,0.991434,0.9811,0.97864,0.979013,True,0.0,0,0.0,0.878221,False
predictive_gv_navigator,145,0.62,0.9,0.88,0.70268,0.993382,0.982865,0.976672,0.978444,True,0.0,0,0.0,0.87689,False
predictive_gv_navigator,146,0.62,0.9,0.88,0.713383,0.997655,0.97715,0.978005,0.97622,True,0.0,0,0.0,0.880617,False
predictive_gv_navigator,147,0.62,0.9,0.88,0.716635,0.992284,0.985533,0.983398,0.983852,True,0.0,0,0.0,0.884066,False
predictive_gv_navigator,148,0.62,0.9,0.88,0.727529,0.990903,0.983435,0.994371,0.985691,True,0.0,0,0.0,0.889337,False
predictive_gv_navigator,149,0.62,0.9,0.88,0.719172,0.997234,0.98482,1.0,0.988407,True,0.0,0,0.0,0.888664,False
predictive_gv_navigator,150,0.62,0.9,0.88,0.721492,1.0,0.976067,0.996488,0.981882,True,0.0,0,0.0,0.887193,False
predictive_gv_navigator,151,0.62,0.9,0.88,0.706411,1.0,0.973476,1.0,0.980531,True,0.0,0,0.0,0.881326,False
predictive_gv_navigator,152,0.62,0.9,0.88,0.713749,0.997268,0.969726,1.0,0.977376,True,0.0,0,0.0,0.882569,False
predictive_gv_navigator,153,0.62,0.9,0.88,0.715826,0.993142,0.963486,1.0,0.972074,True,0.0,0,0.0,0.880856,False
predictive_gv_navigator,154,0.62,0.9,0.88,0.717732,0.991925,0.96197,1.0,0.970726,True,0.0,0,0.0,0.880926,False
predictive_gv_navigator,155,0.62,0.9,0.88,0.735934,0.996728,0.97273,0.995088,0.978877,True,0.0,0,0.0,0.890935,False
predictive_gv_navigator,156,0.62,0.9,0.88,0.738298,1.0,0.977796,1.0,0.983701,True,0.0,0,0.0,0.894601,False
predictive_gv_navigator,157,0.62,0.9,0.88,0.750802,1.0,0.969231,1.0,0.977415,True,0.0,0,0.0,0.897056,False
predictive_gv_navigator,158,0.62,0.9,0.88,0.756332,1.0,0.972782,0.991163,0.978345,True,0.0,0,0.0,0.898671,False
predictive_gv_navigator,159,0.62,0.9,0.88,0.745871,1.0,0.982027,0.983993,0.981831,True,0.0,0,0.0,0.895775,False
predictive_gv_navigator,160,0.62,0.9,0.88,0.741292,0.997277,0.985068,0.981839,0.98241,True,0.0,0,0.0,0.893859,False
predictive_gv_navigator,161,0.62,0.9,0.88,0.752295,1.0,0.978829,0.990726,0.982486,True,0.0,0,0.0,0.898661,False
predictive_gv_navigator,162,0.62,0.9,0.88,0.767196,0.999053,0.974985,0.985113,0.977997,True,0.0,0,0.0,0.902137,False
predictive_gv_navigator,163,0.62,0.9,0.88,0.76977,1.0,0.983612,0.982668,0.981997,True,0.0,0,0.0,0.904976,False
predictive_gv_navigator,164,0.62,0.9,0.88,0.771416,0.996188,0.988543,0.985391,0.986188,True,0.0,0,0.0,0.906687,False
predictive_gv_navigator,165,0.62,0.9,0.88,0.776763,1.0,0.992536,0.980821,0.984409,True,0.0,0,0.0,0.90927,False
predictive_gv_navigator,166,0.62,0.9,0.88,0.781286,0.997392,0.994177,0.983492,0.986636,True,0.0,0,0.0,0.911456,False
predictive_gv_navigator,167,0.62,0.9,0.88,0.775397,1.0,0.994499,0.980975,0.98503,True,0.0,0,0.0,0.909201,False
predictive_gv_navigator,168,0.62,0.9,0.88,0.769866,0.989555,0.998737,0.993459,0.990719,True,0.0,0,0.0,0.908412,False
predictive_gv_navigator,169,0.62,0.9,0.88,0.764742,0.994393,0.998503,0.998672,0.995508,True,0.0,0,0.0,0.908598,False
predictive_gv_navigator,170,0.62,0.9,0.88,0.762577,0.993215,0.984258,0.991853,0.986425,True,0.0,0,0.0,0.902955,False
predictive_gv_navigator,171,0.62,0.9,0.88,0.774592,1.0,0.987399,0.978573,0.981184,True,0.0,0,0.0,0.906819,False
predictive_gv_navigator,172,0.62,0.9,0.88,0.78767,1.0,0.995971,0.977831,0.983071,True,0.0,0,0.0,0.913454,False
predictive_gv_navigator,173,0.62,0.9,0.88,0.789825,1.0,1.0,0.979896,0.985243,True,0.0,0,0.0,0.915548,False
predictive_gv_navigator,174,0.62,0.9,0.88,0.792893,1.0,1.0,0.976182,0.982517,True,0.0,0,0.0,0.915867,False
predictive_gv_navigator,175,0.62,0.9,0.88,0.806337,0.990154,1.0,0.965468,0.972861,True,0.0,0,0.0,0.916545,False
predictive_gv_navigator,176,0.62,0.9,0.88,0.816592,0.990466,0.992101,0.969114,0.974993,True,0.0,0,0.0,0.919842,False
predictive_gv_navigator,177,0.62,0.9,0.88,0.817343,0.987023,0.992142,0.966596,0.97254,True,0.0,0,0.0,0.918868,False
predictive_gv_navigator,178,0.62,0.9,0.88,0.817903,0.985189,0.98914,0.97831,0.980409,True,0.0,0,0.0,0.920795,False
predictive_gv_navigator,179,0.62,0.9,0.88,0.823259,0.98422,0.980942,0.974078,0.976155,True,0.0,0,0.0,0.920077,False
predictive_gv_navigator,180,0.62,0.9,0.88,0.818824,0.986274,0.991917,0.975918,0.979072,True,0.0,0,0.0,0.921345,False
predictive_gv_navigator,181,0.62,0.9,0.88,0.814529,0.984994,0.990058,0.977589,0.979862,True,0.0,0,0.0,0.919476,False
predictive_gv_navigator,182,0.62,0.9,0.88,0.830853,0.985445,0.983458,0.985218,0.983952,True,0.0,0,0.0,0.926132,False
predictive_gv_navigator,183,0.62,0.9,0.88,0.835193,0.984425,0.987715,0.984417,0.984199,True,0.0,0,0.0,0.928281,False
predictive_gv_navigator,184,0.62,0.9,0.88,0.842181,0.990269,0.996748,0.980523,0.983512,True,0.0,0,0.0,0.932986,False
predictive_gv_navigator,185,0.62,0.9,0.88,0.846643,0.991088,0.99754,0.98136,0.984343,True,0.0,0,0.0,0.935189,False
predictive_gv_navigator,186,0.62,0.9,0.88,0.855049,0.99869,0.993079,0.980913,0.984587,True,0.0,0,0.0,0.938915,False
predictive_gv_navigator,187,0.62,0.9,0.88,0.853003,0.989035,0.993442,0.98439,0.985814,True,0.0,0,0.0,0.9371,False
predictive_gv_navigator,188,0.62,0.9,0.88,0.855412,0.991891,1.0,0.982363,0.985291,True,0.0,0,0.0,0.939363,False
predictive_gv_navigator,189,0.62,0.9,0.88,0.857168,1.0,0.993035,0.98682,0.988709,True,0.0,0,0.0,0.94127,False
predictive_gv_navigator,190,0.62,0.9,0.88,0.840724,1.0,0.996874,0.985631,0.988924,True,0.0,0,0.0,0.935572,False
predictive_gv_navigator,191,0.62,0.9,0.88,0.838479,0.998029,0.99516,0.983139,0.986627,True,0.0,0,0.0,0.93343,False
predictive_gv_navigator,192,0.62,0.9,0.88,0.850485,0.990804,0.984818,0.990911,0.986424,True,0.0,0,0.0,0.935895,False
predictive_gv_navigator,193,0.62,0.9,0.88,0.849859,0.990426,0.986552,0.988053,0.986988,True,0.0,0,0.0,0.935569,False
predictive_gv_navigator,194,0.62,0.9,0.88,0.844641,0.988917,0.973688,0.995462,0.978269,True,0.0,0,0.0,0.930989,False
predictive_gv_navigator,195,0.62,0.9,0.88,0.852482,0.992126,0.977815,0.995559,0.981969,True,0.0,0,0.0,0.935747,False
predictive_gv_navigator,196,0.62,0.9,0.88,0.847271,0.985347,0.977908,0.99162,0.980194,True,0.0,0,0.0,0.931799,False
predictive_gv_navigator,197,0.62,0.9,0.88,0.852753,0.981509,0.976974,0.992682,0.978111,True,0.0,0,0.0,0.932922,False
predictive_gv_navigator,198,0.62,0.9,0.88,0.857407,0.982504,0.969356,0.980007,0.972443,True,0.0,0,0.0,0.931043,False
predictive_gv_navigator,199,0.62,0.9,0.88,0.864371,0.980881,0.97774,0.980356,0.978491,True,0.0,0,0.0,0.935681,False
predictive_gv_navigator,200,0.62,0.9,0.88,0.876066,0.987791,0.97122,0.981077,0.974245,True,0.0,0,0.0,0.939787,False
predictive_gv_navigator,201,0.62,0.9,0.88,0.880725,0.991501,0.9638,0.993186,0.971377,True,0.0,0,0.0,0.942241,False
predictive_gv_navigator,202,0.62,0.9,0.88,0.867249,0.989662,0.950255,0.98689,0.960337,True,0.0,0,0.0,0.932145,False
predictive_gv_navigator,203,0.62,0.9,0.88,0.866689,0.981421,0.951974,0.981916,0.959871,True,0.0,0,0.0,0.930006,False
predictive_gv_navigator,204,0.62,0.9,0.88,0.862052,0.983631,0.946604,0.99808,0.957679,True,0.0,0,0.0,0.929675,False
predictive_gv_navigator,205,0.62,0.9,0.88,0.863368,0.982389,0.944965,0.993575,0.955974,True,0.0,0,0.0,0.928821,False
predictive_gv_navigator,206,0.62,0.9,0.88,0.879275,0.979628,0.933922,0.986781,0.946874,True,0.0,0,0.0,0.930338,False
predictive_gv_navigator,207,0.62,0.9,0.88,0.879736,0.979465,0.943022,0.982535,0.953086,True,0.0,0,0.0,0.932273,False
predictive_gv_navigator,208,0.62,0.9,0.88,0.876873,0.983567,0.94247,0.981636,0.95313,True,0.0,0,0.0,0.931703,False
predictive_gv_navigator,209,0.62,0.9,0.88,0.885338,0.983092,0.941453,0.991809,0.95344,True,0.0,0,0.0,0.936112,False
predictive_gv_navigator,210,0.62,0.9,0.88,0.884688,0.979706,0.949446,0.992759,0.95855,True,0.0,0,0.0,0.937441,False
predictive_gv_navigator,211,0.62,0.9,0.88,0.888088,0.982372,0.950699,1.0,0.960352,True,0.0,0,0.0,0.940669,False
predictive_gv_navigator,212,0.62,0.9,0.88,0.894823,0.991176,0.952302,1.0,0.963547,True,0.0,0,0.0,0.945485,False
predictive_gv_navigator,213,0.62,0.9,0.88,0.905456,0.99695,0.957592,1.0,0.968432,True,0.0,0,0.0,0.952102,False
predictive_gv_navigator,214,0.62,0.9,0.88,0.906694,0.995759,0.95672,0.988067,0.96583,True,0.0,0,0.0,0.950219,False
predictive_gv_navigator,215,0.62,0.9,0.88,0.900966,0.996911,0.949552,0.992168,0.961442,True,0.0,0,0.0,0.947007,False
predictive_gv_navigator,216,0.62,0.9,0.88,0.894358,0.998175,0.946936,0.988969,0.959069,True,0.0,0,0.0,0.94352,False
predictive_gv_navigator,217,0.62,0.9,0.88,0.903238,0.993322,0.942661,0.989458,0.955575,True,0.0,0,0.0,0.9449,False
predictive_gv_navigator,218,0.62,0.9,0.88,0.91742,0.987104,0.942559,0.996844,0.955416,True,0.0,0,0.0,0.950167,False
predictive_gv_navigator,219,0.62,0.9,0.88,0.911955,0.983078,0.946655,0.993477,0.95734,True,0.0,0,0.0,0.947862,False
predictive_gv_navigator,220,0.62,0.9,0.88,0.916391,0.992907,0.940479,1.0,0.955232,True,0.0,0,0.0,0.950866,False
predictive_gv_navigator,221,0.62,0.9,0.88,0.921637,1.0,0.944305,0.998215,0.958873,True,0.0,0,0.0,0.955012,False
predictive_gv_navigator,222,0.62,0.9,0.88,0.922732,1.0,0.944832,1.0,0.959505,True,0.0,0,0.0,0.955848,False
predictive_gv_navigator,223,0.62,0.9,0.88,0.917104,0.991546,0.946231,0.990823,0.958186,True,0.0,0,0.0,0.950997,False
predictive_gv_navigator,224,0.62,0.9,0.88,0.910724,1.0,0.941981,0.983393,0.954387,True,0.0,0,0.0,0.947833,False
predictive_gv_navigator,225,0.62,0.9,0.88,0.926698,0.999304,0.943576,0.99166,0.957213,True,0.0,0,0.0,0.955562,False
predictive_gv_navigator,226,0.62,0.9,0.88,0.932581,0.995831,0.948089,0.983758,0.958664,True,0.0,0,0.0,0.957053,False
predictive_gv_navigator,227,0.62,0.9,0.88,0.946513,1.0,0.952349,0.972694,0.95842,True,0.0,0,0.0,0.962285,False
predictive_gv_navigator,228,0.62,0.9,0.88,0.943557,0.99897,0.946348,0.972076,0.954203,True,0.0,0,0.0,0.959304,False
predictive_gv_navigator,229,0.62,0.9,0.88,0.949244,1.0,0.941932,0.963122,0.947958,True,0.0,0,0.0,0.958853,False
predictive_gv_navigator,230,0.62,0.9,0.88,0.938289,1.0,0.946065,0.958492,0.948583,True,0.0,0,0.0,0.95486,False
predictive_gv_navigator,231,0.62,0.9,0.88,0.952521,1.0,0.952386,0.95875,0.952439,True,0.0,0,0.0,0.961905,False
predictive_gv_navigator,232,0.62,0.9,0.88,0.965815,0.987957,0.962779,0.956782,0.957692,True,0.0,0,0.0,0.967015,False
predictive_gv_navigator,233,0.62,0.9,0.88,0.965456,0.990257,0.957283,0.956434,0.954606,True,0.0,0,0.0,0.965884,False
predictive_gv_navigator,234,0.62,0.9,0.88,0.969685,0.992848,0.956685,0.961969,0.956945,True,0.0,0,0.0,0.968905,False
predictive_gv_navigator,235,0.62,0.9,0.88,0.980136,0.995639,0.963683,0.968393,0.963932,True,0.0,0,0.0,0.976377,False
predictive_gv_navigator,236,0.62,0.9,0.88,0.992361,0.995244,0.959357,0.967822,0.961122,True,0.0,0,0.0,0.979755,False
predictive_gv_navigator,237,0.62,0.9,0.88,0.998932,0.991192,0.96779,0.960498,0.962031,True,0.0,0,0.0,0.982125,False
predictive_gv_navigator,238,0.62,0.9,0.88,1.0,0.986415,0.961255,0.95792,0.957719,True,0.0,0,0.0,0.979616,False
predictive_gv_navigator,239,0.62,0.9,0.88,1.0,0.98312,0.959241,0.959217,0.95762,True,0.0,0,0.0,0.97883,False
predictive_gv_navigator,240,0.62,0.9,0.88,1.0,0.984538,0.961878,0.959402,0.958992,True,0.0,0,0.0,0.97975,False
predictive_gv_navigator,241,0.62,0.9,0.88,1.0,0.99298,0.951747,0.959274,0.952761,True,0.0,0,0.0,0.978681,False
predictive_gv_navigator,242,0.62,0.9,0.88,1.0,0.987566,0.945471,0.965395,0.951529,True,0.0,0,0.0,0.977285,False
predictive_gv_navigator,243,0.62,0.9,0.88,0.988441,0.993097,0.949942,0.96579,0.954459,True,0.0,0,0.0,0.9751,False
predictive_gv_navigator,244,0.62,0.9,0.88,0.990013,1.0,0.941831,0.957483,0.945547,True,0.0,0,0.0,0.973248,False
predictive_gv_navigator,245,0.62,0.9,0.88,0.99228,0.997022,0.94752,0.965356,0.952566,True,0.0,0,0.0,0.976542,False
predictive_gv_navigator,246,0.62,0.9,0.88,0.999244,0.998749,0.94923,0.958686,0.950643,True,0.0,0,0.0,0.978642,False
predictive_gv_navigator,247,0.62,0.9,0.88,0.990916,0.997897,0.952223,0.951291,0.948646,True,0.0,0,0.0,0.974588,False
predictive_gv_navigator,248,0.62,0.9,0.88,0.986394,0.991548,0.949976,0.946103,0.945057,True,0.0,0,0.0,0.970165,False
predictive_gv_navigator,249,0.62,0.9,0.88,0.98753,0.996706,0.948891,0.945367,0.943752,True,0.0,0,0.0,0.97107,False
predictive_gv_navigator,250,0.62,0.9,0.88,0.989826,1.0,0.940762,0.954794,0.943702,True,0.0,0,0.0,0.972386,False
predictive_gv_navigator,251,0.62,0.9,0.88,0.998432,0.998017,0.95119,0.954288,0.949657,True,0.0,0,0.0,0.977821,False
predictive_gv_navigator,252,0.62,0.9,0.88,0.997806,0.994658,0.947048,0.962388,0.951165,True,0.0,0,0.0,0.977548,False
predictive_gv_navigator,253,0.62,0.9,0.88,1.0,0.986164,0.9489,0.956637,0.950253,True,0.0,0,0.0,0.976271,False
predictive_gv_navigator,254,0.62,0.9,0.88,1.0,0.992942,0.953153,0.961058,0.954431,True,0.0,0,0.0,0.979377,False
predictive_gv_navigator,255,0.62,0.9,0.88,0.999795,0.997911,0.951249,0.967291,0.955697,True,0.0,0,0.0,0.980875,False
predictive_gv_navigator,256,0.62,0.9,0.88,0.995544,0.99381,0.949511,0.959519,0.95149,True,0.0,0,0.0,0.976616,False
predictive_gv_navigator,257,0.62,0.9,0.88,1.0,0.987732,0.959052,0.958194,0.956659,True,0.0,0,0.0,0.979367,False
predictive_gv_navigator,258,0.62,0.9,0.88,0.997025,0.987254,0.954881,0.955385,0.952968,True,0.0,0,0.0,0.976564,False
predictive_gv_navigator,259,0.62,0.9,0.88,1.0,0.993829,0.948409,0.960719,0.951349,True,0.0,0,0.0,0.978265,False
predictive_gv_navigator,260,0.62,0.9,0.88,0.991781,0.995456,0.951405,0.962276,0.953786,True,0.0,0,0.0,0.976485,False
predictive_gv_navigator,261,0.62,0.9,0.88,1.0,1.0,0.945794,0.972477,0.953946,True,0.0,0,0.0,0.980863,False
predictive_gv_navigator,262,0.62,0.9,0.88,0.99955,0.989989,0.9392,0.970573,0.948801,True,0.0,0,0.0,0.976819,False
predictive_gv_navigator,263,0.62,0.9,0.88,1.0,0.986601,0.937003,0.963563,0.945164,True,0.0,0,0.0,0.974567,False
predictive_gv_navigator,264,0.62,0.9,0.88,1.0,0.999622,0.942757,0.969691,0.950948,True,0.0,0,0.0,0.979499,False
predictive_gv_navigator,265,0.62,0.9,0.88,0.993752,0.994393,0.936344,0.976108,0.94835,True,0.0,0,0.0,0.975615,False
predictive_gv_navigator,266,0.62,0.9,0.88,1.0,0.995385,0.936593,0.969843,0.946813,True,0.0,0,0.0,0.977152,False
predictive_gv_navigator,267,0.62,0.9,0.88,1.0,1.0,0.934297,0.974489,0.946607,True,0.0,0,0.0,0.978195,False
predictive_gv_navigator,268,0.62,0.9,0.88,1.0,1.0,0.939798,0.986682,0.953547,True,0.0,0,0.0,0.981725,False
predictive_gv_navigator,269,0.62,0.9,0.88,1.0,0.999782,0.937048,0.979852,0.949981,True,0.0,0,0.0,0.979807,False
predictive_gv_navigator,270,0.62,0.9,0.88,0.994413,1.0,0.941528,0.985993,0.954652,True,0.0,0,0.0,0.979949,False
predictive_gv_navigator,271,0.62,0.9,0.88,0.990567,1.0,0.941615,0.979048,0.953027,True,0.0,0,0.0,0.977336,False
predictive_gv_navigator,272,0.62,0.9,0.88,0.986716,0.994038,0.942002,0.987226,0.954793,True,0.0,0,0.0,0.976226,False
predictive_gv_navigator,273,0.62,0.9,0.88,0.998555,0.988757,0.945416,0.983572,0.956155,True,0.0,0,0.0,0.980041,False
predictive_gv_navigator,274,0.62,0.9,0.88,1.0,0.984863,0.945329,0.984627,0.955812,True,0.0,0,0.0,0.97998,False
predictive_gv_navigator,275,0.62,0.9,0.88,1.0,0.985331,0.938788,0.98307,0.950849,True,0.0,0,0.0,0.978073,False
predictive_gv_navigator,276,0.62,0.9,0.88,0.997121,0.98983,0.940906,0.982297,0.952729,True,0.0,0,0.0,0.978287,False
predictive_gv_navigator,277,0.62,0.9,0.88,0.985696,0.986098,0.950162,0.993835,0.960525,True,0.0,0,0.0,0.977491,False
predictive_gv_navigator,278,0.62,0.9,0.88,0.988579,0.989284,0.956637,1.0,0.966298,True,0.0,0,0.0,0.981881,False
predictive_gv_navigator,279,0.62,0.9,0.88,0.998468,0.99238,0.961136,0.99449,0.969706,True,0.0,0,0.0,0.986644,False
predictive_gv_navigator,280,0.62,0.9,0.88,0.996766,0.985487,0.952451,0.992122,0.961939,True,0.0,0,0.0,0.981929,False
predictive_gv_navigator,281,0.62,0.9,0.88,1.0,0.989278,0.955077,0.990828,0.96437,True,0.0,0,0.0,0.984424,False
predictive_gv_navigator,282,0.62,0.9,0.88,1.0,0.989005,0.95389,0.989998,0.963357,True,0.0,0,0.0,0.983924,False
predictive_gv_navigator,283,0.62,0.9,0.88,0.998235,0.985977,0.953618,0.994248,0.963045,True,0.0,0,0.0,0.983216,False
predictive_gv_navigator,284,0.62,0.9,0.88,1.0,0.993689,0.966818,0.997784,0.974422,True,0.0,0,0.0,0.989512,False
predictive_gv_navigator,285,0.62,0.9,0.88,0.998581,0.998844,0.963926,0.989031,0.971436,True,0.0,0,0.0,0.987796,False
predictive_gv_navigator,286,0.62,0.9,0.88,0.991067,1.0,0.95978,0.996137,0.969906,True,0.0,0,0.0,0.985214,False
predictive_gv_navigator,287,0.62,0.9,0.88,0.997781,1.0,0.961091,1.0,0.97144,True,0.0,0,0.0,0.988726,False
predictive_gv_navigator,288,0.62,0.9,0.88,0.993056,1.0,0.961402,0.998497,0.971459,True,0.0,0,0.0,0.986778,False
predictive_gv_navigator,289,0.62,0.9,0.88,0.998631,0.991685,0.947465,0.996481,0.95979,True,0.0,0,0.0,0.983209,False
predictive_gv_navigator,290,0.62,0.9,0.88,0.994219,0.973329,0.944015,0.99555,0.953025,True,0.0,0,0.0,0.976665,False
predictive_gv_navigator,291,0.62,0.9,0.88,0.999798,0.982525,0.948877,1.0,0.9591,True,0.0,0,0.0,0.982667,False
predictive_gv_navigator,292,0.62,0.9,0.88,0.994127,0.98571,0.956458,0.997384,0.965219,True,0.0,0,0.0,0.982819,False
predictive_gv_navigator,293,0.62,0.9,0.88,1.0,0.97727,0.951302,0.993466,0.959251,True,0.0,0,0.0,0.981338,False
predictive_gv_navigator,294,0.62,0.9,0.88,1.0,0.984181,0.947305,0.987819,0.957545,True,0.0,0,0.0,0.980867,False
predictive_gv_navigator,295,0.62,0.9,0.88,0.996091,0.981058,0.937824,0.989948,0.950258,True,0.0,0,0.0,0.976537,False
predictive_gv_navigator,296,0.62,0.9,0.88,0.990336,0.987785,0.939426,0.979672,0.950987,True,0.0,0,0.0,0.974498,False
predictive_gv_navigator,297,0.62,0.9,0.88,0.985165,0.98627,0.943851,0.991406,0.955729,True,0.0,0,0.0,0.975269,False
predictive_gv_navigator,298,0.62,0.9,0.88,0.983766,0.981327,0.938012,0.992249,0.950621,True,0.0,0,0.0,0.972302,False
predictive_gv_navigator,299,0.62,0.9,0.88,0.971736,0.982024,0.932732,0.992564,0.94694,True,0.0,0,0.0,0.966508,False
predictive_gv_navigator,300,0.62,0.9,0.88,0.977921,0.983655,0.931679,0.9932,0.946532,True,0.0,0,0.0,0.969002,False
predictive_gv_navigator,301,0.62,0.9,0.88,0.984114,0.983575,0.935135,0.985515,0.948265,True,0.0,0,0.0,0.971095,False
predictive_gv_navigator,302,0.62,0.9,0.88,0.992254,0.989145,0.93774,0.994845,0.95208,True,0.0,0,0.0,0.977424,False
predictive_gv_navigator,303,0.62,0.9,0.88,0.992869,0.982168,0.948333,0.999629,0.95861,True,0.0,0,0.0,0.979762,False
predictive_gv_navigator,304,0.62,0.9,0.88,1.0,0.975008,0.942255,0.982462,0.95173,True,0.0,0,0.0,0.97686,False
predictive_gv_navigator,305,0.62,0.9,0.88,1.0,0.976382,0.936717,0.98248,0.947947,True,0.0,0,0.0,0.975659,False
predictive_gv_navigator,306,0.62,0.9,0.88,1.0,0.978764,0.942693,0.982287,0.952706,True,0.0,0,0.0,0.977707,False
predictive_gv_navigator,307,0.62,0.9,0.88,1.0,0.972311,0.952834,0.990198,0.958811,True,0.0,0,0.0,0.980211,False
predictive_gv_navigator,308,0.62,0.9,0.88,1.0,0.983135,0.94452,0.997954,0.956057,True,0.0,0,0.0,0.981418,False
predictive_gv_navigator,309,0.62,0.9,0.88,1.0,0.984389,0.93881,0.99504,0.952017,True,0.0,0,0.0,0.979723,False
predictive_gv_navigator,310,0.62,0.9,0.88,1.0,0.981151,0.936968,0.999049,0.950212,True,0.0,0,0.0,0.979154,False
predictive_gv_navigator,311,0.62,0.9,0.88,0.985353,0.998549,0.940176,1.0,0.955889,True,0.0,0,0.0,0.978111,False
predictive_gv_navigator,312,0.62,0.9,0.88,0.987805,0.99975,0.935766,0.995166,0.952123,True,0.0,0,0.0,0.977337,False
predictive_gv_navigator,313,0.62,0.9,0.88,0.977866,1.0,0.935566,0.989554,0.951039,True,0.0,0,0.0,0.972653,False
predictive_gv_navigator,314,0.62,0.9,0.88,0.97271,0.993219,0.936474,0.985272,0.950331,True,0.0,0,0.0,0.968952,False
predictive_gv_navigator,315,0.62,0.9,0.88,0.976433,0.994841,0.937732,0.981523,0.950629,True,0.0,0,0.0,0.970396,False
predictive_gv_navigator,316,0.62,0.9,0.88,0.97802,0.99203,0.948573,0.981377,0.958274,True,0.0,0,0.0,0.973342,False
predictive_gv_navigator,317,0.62,0.9,0.88,0.990314,1.0,0.95434,0.98196,0.962806,True,0.0,0,0.0,0.981112,False
predictive_gv_navigator,318,0.62,0.9,0.88,0.990841,0.986999,0.960091,0.983995,0.966795,True,0.0,0,0.0,0.980771,False
predictive_gv_navigator,319,0.62,0.9,0.88,0.992385,0.991397,0.953083,0.977483,0.960528,True,0.0,0,0.0,0.979224,False
predictive_gv_navigator,320,0.95,0.9,0.88,1.0,0.962743,0.922643,0.960327,0.932964,True,0.947472,1,0.0,0.965771,False
predictive_gv_navigator,321,0.64,0.9,0.88,0.991095,0.979185,0.924857,0.955078,0.934148,True,0.947472,1,0.0,0.965152,False
predictive_gv_navigator,322,0.64,0.9,0.88,0.99227,0.978789,0.935037,0.956016,0.941428,True,0.947472,1,0.0,0.968365,False
predictive_gv_navigator,323,0.64,0.9,0.88,0.991371,0.982016,0.943216,0.964572,0.949781,True,0.947472,1,0.0,0.972276,False
predictive_gv_navigator,324,0.64,0.9,0.88,0.991755,0.98255,0.930128,0.964512,0.94058,True,0.947472,1,0.0,0.96905,False
predictive_gv_navigator,325,0.64,0.9,0.88,1.0,0.98258,0.942524,0.963326,0.948906,True,0.947472,1,0.0,0.975253,False
predictive_gv_navigator,326,0.64,0.9,0.88,0.998815,0.976394,0.948068,0.966212,0.9536,True,0.947472,1,0.0,0.975655,False
predictive_gv_navigator,327,0.64,0.9,0.88,0.99806,0.97679,0.936634,0.969534,0.946134,True,0.947472,1,0.0,0.97295,False
predictive_gv_navigator,328,0.64,0.9,0.88,0.991816,0.976893,0.937083,0.98108,0.948165,True,0.947472,1,0.0,0.972536,False
predictive_gv_navigator,329,0.64,0.9,0.88,0.997027,0.971076,0.935717,0.983336,0.946217,True,0.947472,1,0.0,0.973306,False
predictive_gv_navigator,330,0.64,0.9,0.88,0.999539,0.973983,0.93478,0.989166,0.9465,True,0.947472,1,0.0,0.975466,False
predictive_gv_navigator,331,0.64,0.9,0.88,1.0,0.976971,0.938197,0.993373,0.949849,True,0.947472,1,0.0,0.977784,False
predictive_gv_navigator,332,0.64,0.9,0.88,1.0,0.975744,0.933731,0.985016,0.945863,True,0.947472,1,0.0,0.975111,False
predictive_gv_navigator,333,0.64,0.9,0.88,1.0,0.963231,0.942981,0.980563,0.949204,True,0.947472,1,0.0,0.974301,False
predictive_gv_navigator,334,0.64,0.9,0.88,0.98494,0.962979,0.953501,0.985454,0.955922,True,0.947472,1,0.0,0.971918,False
predictive_gv_navigator,335,0.64,0.9,0.88,0.971956,0.95621,0.9633,0.983823,0.957825,True,0.947472,1,0.0,0.967529,False
predictive_gv_navigator,336,0.64,0.9,0.88,0.959575,0.959291,0.956639,0.986776,0.955988,True,0.947472,1,0.0,0.962373,False
predictive_gv_navigator,337,0.64,0.9,0.88,0.964484,0.957105,0.948567,0.984628,0.950354,True,0.947472,1,0.0,0.961415,False
predictive_gv_navigator,338,0.64,0.9,0.88,0.970197,0.958642,0.955576,0.983891,0.955252,True,0.947472,1,0.0,0.965609,False
predictive_gv_navigator,339,0.64,0.9,0.88,0.968919,0.965684,0.958724,0.981057,0.960558,True,0.947472,1,0.0,0.967197,False
predictive_gv_navigator,340,0.64,0.9,0.88,0.980318,0.962301,0.960457,0.995769,0.959047,True,0.947472,1,0.0,0.973111,False
predictive_gv_navigator,341,0.64,0.9,0.88,0.995768,0.96026,0.968128,0.996062,0.961758,True,0.947472,1,0.0,0.980361,False
predictive_gv_navigator,342,0.64,0.9,0.88,1.0,0.959839,0.969248,0.990767,0.962282,True,0.947472,1,0.0,0.981417,False
predictive_gv_navigator,343,0.64,0.9,0.88,0.998075,0.967241,0.960317,0.99435,0.961486,True,0.947472,1,0.0,0.980816,False
predictive_gv_navigator,344,0.64,0.9,0.88,1.0,0.968191,0.958355,0.992208,0.960832,True,0.947472,1,0.0,0.980987,False
predictive_gv_navigator,345,0.64,0.9,0.88,1.0,0.962901,0.958064,0.994525,0.958087,True,0.947472,1,0.0,0.979978,False
predictive_gv_navigator,346,0.64,0.9,0.88,1.0,0.962615,0.961027,0.982257,0.960426,True,0.947472,1,0.0,0.979023,False
predictive_gv_navigator,347,0.64,0.9,0.88,0.999557,0.959515,0.95265,0.987963,0.953715,True,0.947472,1,0.0,0.976782,False
predictive_gv_navigator,348,0.64,0.9,0.88,1.0,0.956626,0.954618,0.991428,0.953193,True,0.947472,1,0.0,0.977207,False
predictive_gv_navigator,349,0.64,0.9,0.88,1.0,0.953216,0.956632,0.998553,0.951945,True,0.947472,1,0.0,0.977804,False
predictive_gv_navigator,350,0.64,0.9,0.88,1.0,0.956403,0.958188,0.995906,0.954682,True,0.947472,1,0.0,0.978615,False
predictive_gv_navigator,351,0.64,0.9,0.88,0.991801,0.956768,0.958855,1.0,0.954954,True,0.947472,1,0.0,0.976291,False
predictive_gv_navigator,352,0.64,0.9,0.88,0.988869,0.96304,0.957289,1.0,0.957357,True,0.947472,1,0.0,0.976312,False
predictive_gv_navigator,353,0.64,0.9,0.88,1.0,0.961248,0.96472,0.988763,0.961178,True,0.947472,1,0.0,0.980442,False
predictive_gv_navigator,354,0.64,0.9,0.88,1.0,0.962447,0.953607,0.986785,0.955688,True,0.947472,1,0.0,0.977722,False
predictive_gv_navigator,355,0.64,0.9,0.88,0.999146,0.96791,0.955275,0.993577,0.958709,True,0.947472,1,0.0,0.979995,False
predictive_gv_navigator,356,0.64,0.9,0.88,0.994252,0.96926,0.966292,0.996766,0.965777,True,0.947472,1,0.0,0.981655,False
predictive_gv_navigator,357,0.64,0.9,0.88,1.0,0.977183,0.972254,0.998771,0.972948,True,0.947472,1,0.0,0.98748,False
predictive_gv_navigator,358,0.64,0.9,0.88,1.0,0.964805,0.975497,0.997845,0.967682,True,0.947472,1,0.0,0.985075,False
predictive_gv_navigator,359,0.64,0.9,0.88,1.0,0.956579,0.965442,1.0,0.958084,True,0.947472,1,0.0,0.980934,False
predictive_gv_navigator,360,0.64,0.9,0.88,0.983256,0.954488,0.971813,0.99832,0.959553,True,0.947472,1,0.0,0.975283,False
predictive_gv_navigator,361,0.64,0.9,0.88,0.994214,0.947782,0.971841,0.995684,0.955146,True,0.947472,1,0.0,0.977347,False
predictive_gv_navigator,362,0.64,0.9,0.88,0.98514,0.94459,0.968883,0.99752,0.951943,True,0.947472,1,0.0,0.972664,False
predictive_gv_navigator,363,0.64,0.9,0.88,0.991809,0.950838,0.968263,1.0,0.955735,True,0.947472,1,0.0,0.977014,False
predictive_gv_navigator,364,0.64,0.9,0.88,0.990837,0.963769,0.95528,0.98876,0.957191,True,0.947472,1,0.0,0.975236,False
predictive_gv_navigator,365,0.64,0.9,0.88,0.991277,0.956289,0.950361,0.983568,0.951114,True,0.947472,1,0.0,0.971716,False
predictive_gv_navigator,366,0.64,0.9,0.88,1.0,0.967503,0.942391,0.975883,0.94983,True,0.947472,1,0.0,0.974384,False
predictive_gv_navigator,367,0.64,0.9,0.88,1.0,0.97103,0.944687,0.97802,0.952379,True,0.947472,1,0.0,0.976037,False
predictive_gv_navigator,368,0.64,0.9,0.88,0.993591,0.975021,0.945312,0.971511,0.952681,True,0.947472,1,0.0,0.973558,False
predictive_gv_navigator,369,0.64,0.9,0.88,0.992745,0.977173,0.946285,0.977756,0.954576,True,0.947472,1,0.0,0.9749,False
predictive_gv_navigator,370,0.64,0.9,0.88,0.988235,0.979824,0.950105,0.981525,0.958222,True,0.947472,1,0.0,0.975317,False
predictive_gv_navigator,371,0.64,0.9,0.88,0.985867,0.984467,0.941328,0.981387,0.952358,True,0.947472,1,0.0,0.97295,False
predictive_gv_navigator,372,0.64,0.9,0.88,1.0,0.984019,0.946824,0.971403,0.954288,True,0.947472,1,0.0,0.978063,False
predictive_gv_navigator,373,0.64,0.9,0.88,0.995789,0.999375,0.944498,0.972743,0.95316,True,0.947472,1,0.0,0.97886,False
predictive_gv_navigator,374,0.64,0.9,0.88,0.985633,0.996239,0.948675,0.974116,0.956492,True,0.947472,1,0.0,0.97578,False
predictive_gv_navigator,375,0.64,0.9,0.88,0.983657,1.0,0.953821,0.98224,0.962521,True,0.947472,1,0.0,0.978494,False
predictive_gv_navigator,376,0.64,0.9,0.88,0.996465,0.999734,0.964829,0.982819,0.970346,True,0.947472,1,0.0,0.986314,False
predictive_gv_navigator,377,0.64,0.9,0.88,1.0,0.997081,0.96368,0.974641,0.966651,True,0.947472,1,0.0,0.985385,False
predictive_gv_navigator,378,0.64,0.9,0.88,0.998391,1.0,0.962236,0.969874,0.963513,True,0.947472,1,0.0,0.983995,False
predictive_gv_navigator,379,0.64,0.9,0.88,1.0,0.999619,0.955736,0.968077,0.958771,True,0.947472,1,0.0,0.982547,False
predictive_gv_navigator,380,0.64,0.9,0.88,0.992167,0.996396,0.954608,0.969481,0.958795,True,0.947472,1,0.0,0.978987,False
predictive_gv_navigator,381,0.64,0.9,0.88,0.992327,0.992367,0.972516,0.967844,0.968539,True,0.947472,1,0.0,0.982486,False
predictive_gv_navigator,382,0.64,0.9,0.88,0.992024,0.990946,0.973848,0.974381,0.972978,True,0.947472,1,0.0,0.983803,False
predictive_gv_navigator,383,0.64,0.9,0.88,1.0,0.997496,0.975923,0.977446,0.975266,True,0.947472,1,0.0,0.98909,False
predictive_gv_navigator,384,0.64,0.9,0.88,0.99367,1.0,0.973606,0.976051,0.973097,True,0.947472,1,0.0,0.986263,False
predictive_gv_navigator,385,0.64,0.9,0.88,0.986773,1.0,0.988059,0.973402,0.977908,True,0.947472,1,0.0,0.986449,False
predictive_gv_navigator,386,0.64,0.9,0.88,0.991094,1.0,1.0,0.983365,0.98779,True,0.947472,1,0.0,0.992822,False
predictive_gv_navigator,387,0.64,0.9,0.88,0.997885,1.0,0.999879,0.977314,0.983332,True,0.947472,1,0.0,0.993998,False
predictive_gv_navigator,388,0.64,0.9,0.88,1.0,1.0,0.998638,0.979595,0.984827,True,0.947472,1,0.0,0.995077,False
predictive_gv_navigator,389,0.64,0.9,0.88,0.988926,0.997322,1.0,0.982033,0.986391,True,0.947472,1,0.0,0.991161,False
predictive_gv_navigator,390,0.64,0.9,0.88,0.992424,1.0,0.984721,0.983657,0.983113,True,0.947472,1,0.0,0.990056,False
predictive_gv_navigator,391,0.64,0.9,0.88,0.981848,1.0,0.984383,0.984027,0.98314,True,0.947472,1,0.0,0.986032,False
predictive_gv_navigator,392,0.64,0.9,0.88,0.976237,0.991271,0.980731,0.989686,0.983285,True,0.947472,1,0.0,0.982481,False
predictive_gv_navigator,393,0.64,0.9,0.88,0.978244,0.985308,0.979094,0.994434,0.980924,True,0.947472,1,0.0,0.982257,False
predictive_gv_navigator,394,0.64,0.9,0.88,0.976986,0.970102,0.975704,0.991713,0.971389,True,0.947472,1,0.0,0.976906,False
predictive_gv_navigator,395,0.64,0.9,0.88,0.976241,0.975943,0.976245,0.997912,0.974624,True,0.947472,1,0.0,0.979028,False
predictive_gv_navigator,396,0.64,0.9,0.88,0.976361,0.965067,0.974434,0.991704,0.96769,True,0.947472,1,0.0,0.975089,False
predictive_gv_navigator,397,0.64,0.9,0.88,0.982198,0.972256,0.972664,0.985847,0.971556,True,0.947472,1,0.0,0.977926,False
predictive_gv_navigator,398,0.64,0.9,0.88,0.986882,0.983991,0.975999,0.984044,0.978132,True,0.947472,1,0.0,0.982955,False
predictive_gv_navigator,399,0.64,0.9,0.88,0.989191,0.996655,0.984157,0.986107,0.984306,True,0.947472,1,0.0,0.98861,False
predictive_gv_navigator,400,0.64,0.9,0.88,0.994146,0.999726,0.982176,0.98148,0.980618,True,0.947472,1,0.0,0.989599,False
predictive_gv_navigator,401,0.64,0.9,0.88,0.996882,1.0,0.992615,0.985187,0.98746,True,0.947472,1,0.0,0.993907,False
predictive_gv_navigator,402,0.64,0.9,0.88,1.0,1.0,0.986304,0.983966,0.984079,True,0.947472,1,0.0,0.993379,False
predictive_gv_navigator,403,0.64,0.9,0.88,0.992207,0.995485,0.993374,0.982841,0.985866,True,0.947472,1,0.0,0.990935,False
predictive_gv_navigator,404,0.64,0.9,0.88,1.0,0.991327,0.984771,0.975049,0.978031,True,0.947472,1,0.0,0.989568,False
predictive_gv_navigator,405,0.64,0.9,0.88,1.0,0.987444,0.978298,0.974211,0.975282,True,0.947472,1,0.0,0.987257,False
predictive_gv_navigator,406,0.64,0.9,0.88,0.995873,0.983864,0.971839,0.972819,0.971539,True,0.947472,1,0.0,0.983238,False
predictive_gv_navigator,407,0.64,0.9,0.88,1.0,0.985679,0.972404,0.978853,0.974371,True,0.947472,1,0.0,0.986419,False
predictive_gv_navigator,408,0.64,0.9,0.88,0.997939,0.999942,0.973127,0.980937,0.975097,True,0.947472,1,0.0,0.988712,False
predictive_gv_navigator,409,0.64,0.9,0.88,1.0,1.0,0.970434,0.986238,0.975289,True,0.947472,1,0.0,0.989786,False
predictive_gv_navigator,410,0.64,0.9,0.88,1.0,0.99871,0.969263,0.991064,0.975741,True,0.947472,1,0.0,0.990073,False
predictive_gv_navigator,411,0.64,0.9,0.88,0.995998,1.0,0.974626,0.9909,0.979587,True,0.947472,1,0.0,0.990188,False
predictive_gv_navigator,412,0.64,0.9,0.88,1.0,1.0,0.965861,0.993441,0.973861,True,0.947472,1,0.0,0.9898,False
predictive_gv_navigator,413,0.64,0.9,0.88,0.98374,1.0,0.971104,0.997133,0.978363,True,0.947472,1,0.0,0.985622,False
predictive_gv_navigator,414,0.64,0.9,0.88,0.98368,0.993761,0.961216,1.0,0.970538,True,0.947472,1,0.0,0.982159,False
predictive_gv_navigator,415,0.64,0.9,0.88,0.995588,0.989606,0.96726,0.990984,0.973375,True,0.947472,1,0.0,0.986102,False
predictive_gv_navigator,416,0.64,0.9,0.88,0.999156,0.993913,0.978366,0.989828,0.981775,True,0.947472,1,0.0,0.991078,False
predictive_gv_navigator,417,0.64,0.9,0.88,0.994378,0.989978,0.992373,0.994689,0.990712,True,0.947472,1,0.0,0.992829,False
predictive_gv_navigator,418,0.64,0.9,0.88,0.995027,0.990283,0.996809,0.991822,0.990604,True,0.947472,1,0.0,0.993514,False
predictive_gv_navigator,419,0.64,0.9,0.88,0.992189,0.987905,0.997204,0.987149,0.986866,True,0.947472,1,0.0,0.990976,False
predictive_gv_navigator,420,0.64,0.9,0.88,0.997026,0.98721,0.992327,0.988184,0.987354,True,0.947472,1,0.0,0.992015,False
predictive_gv_navigator,421,0.64,0.9,0.88,0.999958,0.994202,0.985051,1.0,0.987853,True,0.947472,1,0.0,0.994792,False
predictive_gv_navigator,422,0.64,0.9,0.88,1.0,0.989868,0.992375,0.999246,0.99046,True,0.947472,1,0.0,0.995553,False
predictive_gv_navigator,423,0.64,0.9,0.88,0.997956,0.988576,0.995125,1.0,0.990589,True,0.947472,1,0.0,0.99516,False
predictive_gv_navigator,424,0.64,0.9,0.88,0.994825,0.984321,0.992514,1.0,0.986835,True,0.947472,1,0.0,0.992284,False
predictive_gv_navigator,425,0.64,0.9,0.88,1.0,0.984806,0.995051,0.998989,0.987867,True,0.947472,1,0.0,0.994777,False
predictive_gv_navigator,426,0.64,0.9,0.88,1.0,0.983033,0.988972,0.995617,0.984838,True,0.947472,1,0.0,0.992528,False
predictive_gv_navigator,427,0.64,0.9,0.88,0.993494,0.979302,0.998607,0.986139,0.981223,True,0.947472,1,0.0,0.989358,False
predictive_gv_navigator,428,0.64,0.9,0.88,0.986724,0.975445,0.997465,0.98065,0.976532,True,0.947472,1,0.0,0.984553,False
predictive_gv_navigator,429,0.64,0.9,0.88,1.0,0.981268,1.0,0.972981,0.975143,True,0.947472,1,0.0,0.989863,False
predictive_gv_navigator,430,0.64,0.9,0.88,1.0,0.987085,1.0,0.980246,0.982148,True,0.947472,1,0.0,0.992768,False
predictive_gv_navigator,431,0.64,0.9,0.88,1.0,0.98807,0.998266,0.981933,0.983697,True,0.947472,1,0.0,0.993055,False
predictive_gv_navigator,432,0.64,0.9,0.88,1.0,0.978085,0.995143,0.98181,0.978788,True,0.947472,1,0.0,0.990089,False
predictive_gv_navigator,433,0.64,0.9,0.88,1.0,0.972993,1.0,0.983273,0.975962,True,0.947472,1,0.0,0.989912,False
predictive_gv_navigator,434,0.64,0.9,0.88,0.989618,0.970124,1.0,0.984819,0.974613,True,0.947472,1,0.0,0.985505,False
predictive_gv_navigator,435,0.64,0.9,0.88,0.993996,0.962406,0.99942,0.993747,0.971355,True,0.947472,1,0.0,0.986534,False
predictive_gv_navigator,436,0.64,0.9,0.88,0.995554,0.972972,0.991884,0.988114,0.977376,True,0.947472,1,0.0,0.987606,False
predictive_gv_navigator,437,0.64,0.9,0.88,1.0,0.97209,0.991808,0.983648,0.975639,True,0.947472,1,0.0,0.988289,False
predictive_gv_navigator,438,0.64,0.9,0.88,1.0,0.973088,0.985107,0.985752,0.976366,True,0.947472,1,0.0,0.987644,False
predictive_gv_navigator,439,0.64,0.9,0.88,0.994672,0.981536,0.998595,0.997856,0.98597,True,0.947472,1,0.0,0.992415,False
predictive_gv_navigator,440,0.64,0.9,0.88,0.995108,0.981696,1.0,0.995402,0.985757,True,0.947472,1,0.0,0.992493,False
predictive_gv_navigator,441,0.64,0.9,0.88,0.981382,0.980498,1.0,0.990476,0.983557,True,0.947472,1,0.0,0.986108,False
predictive_gv_navigator,442,0.64,0.9,0.88,0.988691,0.990222,0.992236,0.982568,0.984802,True,0.947472,1,0.0,0.988281,False
predictive_gv_navigator,443,0.64,0.9,0.88,0.978951,0.981732,0.986645,0.990518,0.983242,True,0.947472,1,0.0,0.982971,False
predictive_gv_navigator,444,0.64,0.9,0.88,0.981762,0.976574,0.990867,1.0,0.980953,True,0.947472,1,0.0,0.984923,False
predictive_gv_navigator,445,0.64,0.9,0.88,0.99812,0.979499,0.991256,1.0,0.983112,True,0.947472,1,0.0,0.991995,False
predictive_gv_navigator,446,0.64,0.9,0.88,1.0,0.983266,0.994778,0.997471,0.986602,True,0.947472,1,0.0,0.994086,False
predictive_gv_navigator,447,0.64,0.9,0.88,0.994905,0.984447,1.0,0.982526,0.98234,True,0.947472,1,0.0,0.990699,False
predictive_gv_navigator,448,0.64,0.9,0.88,0.999638,0.983569,0.998773,0.983624,0.982574,True,0.947472,1,0.0,0.9923,False
predictive_gv_navigator,449,0.64,0.9,0.88,1.0,0.98116,1.0,0.982628,0.980657,True,0.947472,1,0.0,0.991856,False
predictive_gv_navigator,450,0.64,0.9,0.88,0.997208,0.987353,1.0,0.985691,0.985583,True,0.947472,1,0.0,0.992929,False
predictive_gv_navigator,451,0.64,0.9,0.88,0.993748,0.997868,0.995419,0.989987,0.991625,True,0.947472,1,0.0,0.994009,False
predictive_gv_navigator,452,0.64,0.9,0.88,1.0,0.993817,0.989784,0.986028,0.987173,True,0.947472,1,0.0,0.993553,False
predictive_gv_navigator,453,0.64,0.9,0.88,1.0,0.994428,0.983535,0.986301,0.984158,True,0.947472,1,0.0,0.992215,False
predictive_gv_navigator,454,0.64,0.9,0.88,1.0,0.999565,0.98391,0.988362,0.985014,True,0.947472,1,0.0,0.993598,False
predictive_gv_navigator,455,0.64,0.9,0.88,1.0,0.993913,0.987892,0.981933,0.983755,True,0.947472,1,0.0,0.992246,False
predictive_gv_navigator,456,0.64,0.9,0.88,0.997768,0.989894,0.986773,0.987901,0.987093,True,0.947472,1,0.0,0.991709,False
predictive_gv_navigator,457,0.64,0.9,0.88,1.0,0.99223,0.985643,0.974136,0.977647,True,0.947472,1,0.0,0.989714,False
predictive_gv_navigator,458,0.64,0.9,0.88,0.984325,0.980935,0.985126,0.976538,0.977886,True,0.947472,1,0.0,0.981996,False
predictive_gv_navigator,459,0.64,0.9,0.88,0.99917,0.984308,0.984098,0.985595,0.984104,True,0.947472,1,0.0,0.990073,False
predictive_gv_navigator,460,0.64,0.9,0.88,1.0,0.980151,0.981297,0.977368,0.978203,True,0.947472,1,0.0,0.987277,False
predictive_gv_navigator,461,0.64,0.9,0.88,0.99416,0.978802,0.98345,0.966179,0.969941,True,0.947472,1,0.0,0.982644,False
predictive_gv_navigator,462,0.64,0.9,0.88,0.992665,0.979154,0.981008,0.965621,0.969431,True,0.947472,1,0.0,0.981561,False
predictive_gv_navigator,463,0.64,0.9,0.88,0.98363,0.976602,0.980327,0.964842,0.968314,True,0.947472,1,0.0,0.977302,False
predictive_gv_navigator,464,0.64,0.9,0.88,0.989541,0.98143,0.977145,0.956494,0.962436,True,0.947472,1,0.0,0.977971,False
predictive_gv_navigator,465,0.64,0.9,0.88,0.995184,0.976287,0.979532,0.964273,0.967785,True,0.947472,1,0.0,0.98135,False
predictive_gv_navigator,466,0.64,0.9,0.88,0.999749,0.983392,0.972919,0.965183,0.967489,True,0.947472,1,0.0,0.983265,False
predictive_gv_navigator,467,0.64,0.9,0.88,1.0,0.993582,0.975271,0.960653,0.965052,True,0.947472,1,0.0,0.984691,False
predictive_gv_navigator,468,0.64,0.9,0.88,1.0,0.996867,0.978739,0.95983,0.965626,True,0.947472,1,0.0,0.98586,False
predictive_gv_navigator,469,0.64,0.9,0.88,0.994664,0.999289,0.972359,0.95894,0.962602,True,0.947472,1,0.0,0.982633,False
predictive_gv_navigator,470,0.64,0.9,0.88,0.971165,0.997231,0.967837,0.958971,0.96078,True,0.947472,1,0.0,0.972305,False
predictive_gv_navigator,471,0.64,0.9,0.88,0.987869,0.999146,0.970854,0.963237,0.964615,True,0.947472,1,0.0,0.980597,False
predictive_gv_navigator,472,0.64,0.9,0.88,0.994063,1.0,0.97604,0.949835,0.957878,True,0.947472,1,0.0,0.981353,False
predictive_gv_navigator,473,0.64,0.9,0.88,1.0,1.0,0.968317,0.958678,0.960661,True,0.947472,1,0.0,0.983791,False
predictive_gv_navigator,474,0.64,0.9,0.88,1.0,0.992303,0.982673,0.951326,0.960564,True,0.947472,1,0.0,0.983949,False
predictive_gv_navigator,475,0.64,0.9,0.88,0.985583,0.992298,0.980667,0.959682,0.966077,True,0.947472,1,0.0,0.97994,False
predictive_gv_navigator,476,0.64,0.9,0.88,0.997251,0.986396,0.979584,0.959381,0.965369,True,0.947472,1,0.0,0.98299,False
predictive_gv_navigator,477,0.64,0.9,0.88,1.0,0.991157,0.981828,0.964628,0.969865,True,0.947472,1,0.0,0.986569,False
predictive_gv_navigator,478,0.64,0.9,0.88,1.0,1.0,0.972321,0.968676,0.968444,True,0.947472,1,0.0,0.986846,False
predictive_gv_navigator,479,0.64,0.9,0.88,1.0,1.0,0.973795,0.972244,0.971188,True,0.947472,1,0.0,0.98794,False
predictive_gv_navigator,480,0.9596,0.9,0.88,1.0,0.96745,0.956776,0.955744,0.955492,True,1.845839,2,0.0,0.974824,False
predictive_gv_navigator,481,0.66,0.9,0.88,1.0,0.975432,0.964095,0.951573,0.955417,True,1.845839,2,0.0,0.976985,False
predictive_gv_navigator,482,0.66,0.9,0.88,1.0,0.978578,0.959905,0.956832,0.956937,True,1.845839,2,0.0,0.977716,False
predictive_gv_navigator,483,0.66,0.9,0.88,1.0,0.989721,0.968586,0.968689,0.967217,True,1.845839,2,0.0,0.984178,False
predictive_gv_navigator,484,0.66,0.9,0.88,1.0,0.9898,0.961839,0.984569,0.968419,True,1.845839,2,0.0,0.985345,False
predictive_gv_navigator,485,0.66,0.9,0.88,1.0,0.986819,0.968825,0.970385,0.968424,True,1.845839,2,0.0,0.984081,False
predictive_gv_navigator,486,0.66,0.9,0.88,1.0,0.99001,0.976239,0.964753,0.968224,True,1.845839,2,0.0,0.985177,False
predictive_gv_navigator,487,0.66,0.9,0.88,1.0,1.0,0.981227,0.963107,0.968642,True,1.845839,2,0.0,0.987693,False
predictive_gv_navigator,488,0.66,0.9,0.88,1.0,1.0,0.981687,0.95455,0.962875,True,1.845839,2,0.0,0.985886,False
predictive_gv_navigator,489,0.66,0.9,0.88,1.0,1.0,0.970586,0.959777,0.962341,True,1.845839,2,0.0,0.984555,False
predictive_gv_navigator,490,0.66,0.9,0.88,1.0,1.0,0.968732,0.966985,0.965679,True,1.845839,2,0.0,0.985631,False
predictive_gv_navigator,491,0.66,0.9,0.88,1.0,1.0,0.97055,0.966314,0.96622,True,1.845839,2,0.0,0.985929,False
predictive_gv_navigator,492,0.66,0.9,0.88,1.0,0.996983,0.975365,0.962092,0.965924,True,1.845839,2,0.0,0.985626,False
predictive_gv_navigator,493,0.66,0.9,0.88,1.0,0.999301,0.975481,0.95431,0.960743,True,1.845839,2,0.0,0.984353,False
predictive_gv_navigator,494,0.66,0.9,0.88,1.0,0.99399,0.968132,0.954235,0.958117,True,1.845839,2,0.0,0.981749,False
predictive_gv_navigator,495,0.66,0.9,0.88,1.0,0.988894,0.969957,0.960999,0.9634,True,1.845839,2,0.0,0.982741,False
predictive_gv_navigator,496,0.66,0.9,0.88,1.0,0.997282,0.963254,0.969161,0.963947,True,1.845839,2,0.0,0.984253,False
predictive_gv_navigator,497,0.66,0.9,0.88,1.0,0.99531,0.97061,0.969016,0.968081,True,1.845839,2,0.0,0.985697,False
predictive_gv_navigator,498,0.66,0.9,0.88,1.0,0.99828,0.975977,0.964708,0.967797,True,1.845839,2,0.0,0.986561,False
predictive_gv_navigator,499,0.66,0.9,0.88,1.0,0.997974,0.967561,0.973246,0.968371,True,1.845839,2,0.0,0.986255,False
predictive_gv_navigator,500,0.66,0.9,0.88,1.0,0.989665,0.967857,0.977147,0.970628,True,1.845839,2,0.0,0.98563,False
predictive_gv_navigator,501,0.66,0.9,0.88,0.993176,0.97567,0.978009,0.979355,0.976384,True,1.845839,2,0.0,0.983345,False
predictive_gv_navigator,502,0.66,0.9,0.88,1.0,0.980017,0.976774,0.982944,0.977769,True,1.845839,2,0.0,0.987167,False
predictive_gv_navigator,503,0.66,0.9,0.88,1.0,0.992057,0.968509,0.97384,0.969565,True,1.845839,2,0.0,0.985587,False
predictive_gv_navigator,504,0.66,0.9,0.88,0.99609,1.0,0.977525,0.984189,0.979226,True,1.845839,2,0.0,0.989762,False
predictive_gv_navigator,505,0.66,0.9,0.88,0.991357,0.990044,0.987204,0.97569,0.979037,True,1.845839,2,0.0,0.986702,False
predictive_gv_navigator,506,0.66,0.9,0.88,0.999354,0.9899,0.99026,0.979247,0.982127,True,1.845839,2,0.0,0.991133,False
predictive_gv_navigator,507,0.66,0.9,0.88,1.0,0.998772,0.998915,0.980835,0.985625,True,1.845839,2,0.0,0.995176,False
predictive_gv_navigator,508,0.66,0.9,0.88,0.996731,0.995211,1.0,0.969303,0.97671,True,1.845839,2,0.0,0.990803,False
predictive_gv_navigator,509,0.66,0.9,0.88,1.0,0.990392,1.0,0.970112,0.976245,True,1.845839,2,0.0,0.991236,False
predictive_gv_navigator,510,0.66,0.9,0.88,1.0,0.98418,1.0,0.959159,0.966822,True,1.845839,2,0.0,0.987453,False
predictive_gv_navigator,511,0.66,0.9,0.88,1.0,0.98144,1.0,0.959968,0.966566,True,1.845839,2,0.0,0.987043,False
predictive_gv_navigator,512,0.66,0.9,0.88,1.0,0.984741,1.0,0.958396,0.966439,True,1.845839,2,0.0,0.987402,False
predictive_gv_navigator,513,0.66,0.9,0.88,1.0,0.984182,1.0,0.960268,0.9676,True,1.845839,2,0.0,0.987702,False
predictive_gv_navigator,514,0.66,0.9,0.88,0.991419,0.990339,0.996513,0.955263,0.965264,True,1.845839,2,0.0,0.983941,False
predictive_gv_navigator,515,0.66,0.9,0.88,0.99964,0.996506,0.99935,0.956113,0.967206,True,1.845839,2,0.0,0.989038,False
predictive_gv_navigator,516,0.66,0.9,0.88,1.0,1.0,0.998961,0.969931,0.977785,True,1.845839,2,0.0,0.992938,False
predictive_gv_navigator,517,0.66,0.9,0.88,0.991488,0.989671,0.988867,0.968395,0.973943,True,1.845839,2,0.0,0.985351,False
predictive_gv_navigator,518,0.66,0.9,0.88,0.999589,0.989825,0.994278,0.96966,0.975484,True,1.845839,2,0.0,0.989793,False
predictive_gv_navigator,519,0.66,0.9,0.88,0.997609,0.998681,0.985269,0.972424,0.976346,True,1.845839,2,0.0,0.989503,False
predictive_gv_navigator,520,0.66,0.9,0.88,1.0,0.998597,0.985785,0.971693,0.976019,True,1.845839,2,0.0,0.990348,False
predictive_gv_navigator,521,0.66,0.9,0.88,1.0,1.0,0.987867,0.972715,0.977373,True,1.845839,2,0.0,0.991281,False
predictive_gv_navigator,522,0.66,0.9,0.88,1.0,0.99647,0.989123,0.973623,0.978311,True,1.845839,2,0.0,0.991111,False
predictive_gv_navigator,523,0.66,0.9,0.88,1.0,0.998993,0.990035,0.983868,0.985687,True,1.845839,2,0.0,0.994049,False
predictive_gv_navigator,524,0.66,0.9,0.88,1.0,0.999324,0.996103,0.98002,0.984638,True,1.845839,2,0.0,0.994536,False
predictive_gv_navigator,525,0.66,0.9,0.88,0.997006,1.0,0.994639,0.983361,0.986772,True,1.845839,2,0.0,0.99398,False
predictive_gv_navigator,526,0.66,0.9,0.88,0.993332,0.99837,1.0,0.986689,0.989981,True,1.845839,2,0.0,0.994107,False
predictive_gv_navigator,527,0.66,0.9,0.88,1.0,0.993073,1.0,0.990427,0.991069,True,1.845839,2,0.0,0.996341,False
predictive_gv_navigator,528,0.66,0.9,0.88,1.0,0.988319,1.0,0.998286,0.991157,True,1.845839,2,0.0,0.996596,False
predictive_gv_navigator,529,0.66,0.9,0.88,0.996674,0.986964,1.0,0.989877,0.987532,True,1.845839,2,0.0,0.993476,False
predictive_gv_navigator,530,0.66,0.9,0.88,0.988047,0.995135,1.0,1.0,0.996429,True,1.845839,2,0.0,0.994153,False
predictive_gv_navigator,531,0.66,0.9,0.88,0.988249,0.990496,1.0,0.999818,0.992999,True,1.845839,2,0.0,0.992958,False
predictive_gv_navigator,532,0.66,0.9,0.88,0.98346,1.0,1.0,0.998603,0.998975,True,1.845839,2,0.0,0.993396,False
predictive_gv_navigator,533,0.66,0.9,0.88,0.979835,1.0,0.992341,1.0,0.994378,True,1.845839,2,0.0,0.990284,False
predictive_gv_navigator,534,0.66,0.9,0.88,0.970951,0.996192,1.0,1.0,0.997205,True,1.845839,2,0.0,0.987941,False
predictive_gv_navigator,535,0.66,0.9,0.88,0.981743,0.995619,1.0,1.0,0.996784,True,1.845839,2,0.0,0.991888,False
predictive_gv_navigator,536,0.66,0.9,0.88,0.978252,0.998579,1.0,1.0,0.998957,True,1.845839,2,0.0,0.991355,False
predictive_gv_navigator,537,0.66,0.9,0.88,0.979282,0.999389,1.0,1.0,0.999552,True,1.845839,2,0.0,0.991963,False
predictive_gv_navigator,538,0.66,0.9,0.88,0.984878,0.997585,1.0,1.0,0.998228,True,1.845839,2,0.0,0.993606,False
predictive_gv_navigator,539,0.66,0.9,0.88,0.993269,0.988673,0.985045,1.0,0.985825,True,1.845839,2,0.0,0.99101,False
predictive_gv_navigator,540,0.66,0.9,0.88,0.995736,0.993196,0.99708,1.0,0.994389,True,1.845839,2,0.0,0.995956,False
predictive_gv_navigator,541,0.66,0.9,0.88,0.991282,0.988869,0.982853,1.0,0.984537,True,1.845839,2,0.0,0.989742,False
predictive_gv_navigator,542,0.66,0.9,0.88,1.0,0.993272,0.982469,0.996614,0.985654,True,1.845839,2,0.0,0.993438,False
predictive_gv_navigator,543,0.66,0.9,0.88,1.0,0.987617,0.993557,0.988907,0.987859,True,1.845839,2,0.0,0.993601,False
predictive_gv_navigator,544,0.66,0.9,0.88,0.98715,0.989787,0.993746,0.987115,0.987901,True,1.845839,2,0.0,0.988897,False
predictive_gv_navigator,545,0.66,0.9,0.88,0.98981,0.986842,0.993122,0.999266,0.988765,True,1.845839,2,0.0,0.99107,False
predictive_gv_navigator,546,0.66,0.9,0.88,0.996713,0.984469,0.988632,0.999151,0.985499,True,1.845839,2,0.0,0.99205,False
predictive_gv_navigator,547,0.66,0.9,0.88,0.997053,0.987127,0.984019,0.982646,0.983004,True,1.845839,2,0.0,0.989218,False
predictive_gv_navigator,548,0.66,0.9,0.88,1.0,0.991105,0.994368,0.981107,0.984064,True,1.845839,2,0.0,0.992828,False
predictive_gv_navigator,549,0.66,0.9,0.88,0.99377,0.993767,0.995971,0.981639,0.985103,True,1.845839,2,0.0,0.991428,False
predictive_gv_navigator,550,0.66,0.9,0.88,1.0,0.990956,0.997945,0.98339,0.985711,True,1.845839,2,0.0,0.993962,False
predictive_gv_navigator,551,0.66,0.9,0.88,0.99559,0.988677,1.0,0.990588,0.988881,True,1.845839,2,0.0,0.993634,False
predictive_gv_navigator,552,0.66,0.9,0.88,0.991938,0.980407,1.0,0.996313,0.985014,True,1.845839,2,0.0,0.991095,False
predictive_gv_navigator,553,0.66,0.9,0.88,0.991614,0.972241,1.0,1.0,0.979624,True,1.845839,2,0.0,0.989371,False
predictive_gv_navigator,554,0.66,0.9,0.88,0.988153,0.980561,0.996149,1.0,0.985093,True,1.845839,2,0.0,0.989517,False
predictive_gv_navigator,555,0.66,0.9,0.88,0.9877,0.981444,0.99395,1.0,0.985231,True,1.845839,2,0.0,0.989125,False
predictive_gv_navigator,556,0.66,0.9,0.88,0.999045,0.983136,0.991403,0.999946,0.985661,True,1.845839,2,0.0,0.993326,False
predictive_gv_navigator,557,0.66,0.9,0.88,1.0,0.989681,0.991124,0.994388,0.990057,True,1.845839,2,0.0,0.994566,False
predictive_gv_navigator,558,0.66,0.9,0.88,1.0,0.989225,1.0,0.991506,0.989636,True,1.845839,2,0.0,0.995628,False
predictive_gv_navigator,559,0.66,0.9,0.88,1.0,0.981665,1.0,0.987199,0.983094,True,1.845839,2,0.0,0.992879,False
predictive_gv_navigator,560,0.66,0.9,0.88,0.997005,0.97872,0.994967,0.989086,0.981882,True,1.845839,2,0.0,0.990423,False
predictive_gv_navigator,561,0.66,0.9,0.88,1.0,0.993513,0.994192,0.993059,0.993192,True,1.845839,2,0.0,0.995998,False
predictive_gv_navigator,562,0.66,0.9,0.88,1.0,0.99536,0.994499,0.994493,0.994438,True,1.845839,2,0.0,0.996736,False
predictive_gv_navigator,563,0.66,0.9,0.88,0.998686,0.995608,0.982841,1.0,0.98663,True,1.845839,2,0.0,0.994017,False
predictive_gv_navigator,564,0.66,0.9,0.88,1.0,0.999739,0.989868,0.992052,0.990288,True,1.845839,2,0.0,0.995851,False
predictive_gv_navigator,565,0.66,0.9,0.88,0.999228,1.0,0.989057,0.997751,0.991592,True,1.845839,2,0.0,0.996413,False
predictive_gv_navigator,566,0.66,0.9,0.88,1.0,0.996926,0.996392,1.0,0.996421,True,1.845839,2,0.0,0.998368,False
predictive_gv_navigator,567,0.66,0.9,0.88,1.0,0.993021,0.98099,1.0,0.984663,True,1.845839,2,0.0,0.993481,False
predictive_gv_navigator,568,0.66,0.9,0.88,1.0,0.995351,0.98879,1.0,0.990805,True,1.845839,2,0.0,0.996042,False
predictive_gv_navigator,569,0.66,0.9,0.88,1.0,0.993435,0.996133,1.0,0.994233,True,1.845839,2,0.0,0.99743,False
predictive_gv_navigator,570,0.66,0.9,0.88,1.0,0.988166,0.993658,0.989201,0.988316,True,1.845839,2,0.0,0.993814,False
predictive_gv_navigator,571,0.66,0.9,0.88,0.990927,0.979913,0.994556,0.992745,0.983531,True,1.845839,2,0.0,0.988965,False
predictive_gv_navigator,572,0.66,0.9,0.88,0.989576,0.974861,0.992825,0.98804,0.978785,True,1.845839,2,0.0,0.986002,False
predictive_gv_navigator,573,0.66,0.9,0.88,0.980044,0.979861,0.989649,0.990675,0.982585,True,1.845839,2,0.0,0.983533,False
predictive_gv_navigator,574,0.66,0.9,0.88,0.985307,0.98529,0.977575,0.988011,0.979868,True,1.845839,2,0.0,0.983638,False
predictive_gv_navigator,575,0.66,0.9,0.88,0.992021,0.996844,0.988507,0.990186,0.988786,True,1.845839,2,0.0,0.991612,False
predictive_gv_navigator,576,0.66,0.9,0.88,0.986993,0.994089,0.98642,0.986936,0.986173,True,1.845839,2,0.0,0.988061,False
predictive_gv_navigator,577,0.66,0.9,0.88,0.992846,1.0,0.992447,0.985413,0.987557,True,1.845839,2,0.0,0.992387,False
predictive_gv_navigator,578,0.66,0.9,0.88,0.998259,0.999756,0.992066,0.984673,0.986931,True,1.845839,2,0.0,0.994152,False
predictive_gv_navigator,579,0.66,0.9,0.88,1.0,0.995393,0.987655,0.986991,0.986771,True,1.845839,2,0.0,0.99354,False
predictive_gv_navigator,580,0.66,0.9,0.88,1.0,0.988746,0.99555,0.993633,0.990208,True,1.845839,2,0.0,0.995107,False
predictive_gv_navigator,581,0.66,0.9,0.88,1.0,0.987847,0.99683,1.0,0.990517,True,1.845839,2,0.0,0.996104,False
predictive_gv_navigator,582,0.66,0.9,0.88,1.0,0.989676,0.988676,0.987843,0.988094,True,1.845839,2,0.0,0.992973,False
predictive_gv_navigator,583,0.66,0.9,0.88,1.0,0.985113,0.987414,0.984882,0.984831,True,1.845839,2,0.0,0.991118,False
predictive_gv_navigator,584,0.66,0.9,0.88,1.0,0.986892,0.986435,1.0,0.985763,True,1.845839,2,0.0,0.993491,False
predictive_gv_navigator,585,0.66,0.9,0.88,1.0,0.981011,0.985918,1.0,0.982136,True,1.845839,2,0.0,0.991904,False
predictive_gv_navigator,586,0.66,0.9,0.88,1.0,0.979408,0.984687,0.99352,0.980923,True,1.845839,2,0.0,0.990341,False
predictive_gv_navigator,587,0.66,0.9,0.88,1.0,0.982667,0.984752,0.992567,0.98304,True,1.845839,2,0.0,0.99106,False
predictive_gv_navigator,588,0.66,0.9,0.88,1.0,0.991702,0.987468,1.0,0.988633,True,1.845839,2,0.0,0.994887,False
predictive_gv_navigator,589,0.66,0.9,0.88,1.0,0.999134,0.992923,0.998257,0.994439,True,1.845839,2,0.0,0.997659,False
predictive_gv_navigator,590,0.66,0.9,0.88,1.0,0.995052,1.0,1.0,0.996368,True,1.845839,2,0.0,0.998674,False
predictive_gv_navigator,591,0.66,0.9,0.88,0.99428,0.990538,0.996647,0.999,0.992364,True,1.845839,2,0.0,0.994463,False
predictive_gv_navigator,592,0.66,0.9,0.88,0.989188,1.0,0.991093,0.990577,0.990213,True,1.845839,2,0.0,0.991795,False
predictive_gv_navigator,593,0.66,0.9,0.88,1.0,0.998906,0.993661,0.993313,0.993119,True,1.845839,2,0.0,0.9969,False
predictive_gv_navigator,594,0.66,0.9,0.88,0.992268,0.984049,0.988793,1.0,0.985262,True,1.845839,2,0.0,0.990405,False
predictive_gv_navigator,595,0.66,0.9,0.88,0.992813,0.978803,0.990814,1.0,0.982495,True,1.845839,2,0.0,0.9897,False
predictive_gv_navigator,596,0.66,0.9,0.88,0.975237,0.998417,0.997899,0.998813,0.998058,True,1.845839,2,0.0,0.989528,False
predictive_gv_navigator,597,0.66,0.9,0.88,0.985776,1.0,0.998518,1.0,0.998912,True,1.845839,2,0.0,0.994197,False
predictive_gv_navigator,598,0.66,0.9,0.88,0.991631,1.0,1.0,1.0,1.0,True,1.845839,2,0.0,0.99682,False
predictive_gv_navigator,599,0.66,0.9,0.88,0.981494,0.995213,1.0,0.995621,0.995103,True,1.845839,2,0.0,0.990905,False
predictive_gv_navigator,600,0.66,0.9,0.88,0.994436,0.99447,0.989025,0.993219,0.990258,True,1.845839,2,0.0,0.992796,False
predictive_gv_navigator,601,0.66,0.9,0.88,0.997393,0.99798,0.992217,0.992599,0.992029,True,1.845839,2,0.0,0.995252,False
predictive_gv_navigator,602,0.66,0.9,0.88,0.996504,0.994307,0.990751,0.996979,0.991844,True,1.845839,2,0.0,0.99458,False
predictive_gv_navigator,603,0.66,0.9,0.88,1.0,0.992182,1.0,1.0,0.994261,True,1.845839,2,0.0,0.997904,False
predictive_gv_navigator,604,0.66,0.9,0.88,1.0,0.988374,0.987347,0.99636,0.987269,True,1.845839,2,0.0,0.993593,False
predictive_gv_navigator,605,0.66,0.9,0.88,1.0,0.987919,0.982659,0.98474,0.983267,True,1.845839,2,0.0,0.99056,False
predictive_gv_navigator,606,0.66,0.9,0.88,1.0,0.985722,0.979175,0.992747,0.981171,True,1.845839,2,0.0,0.990407,False
predictive_gv_navigator,607,0.66,0.9,0.88,0.994902,0.993159,0.978961,0.989313,0.982048,True,1.845839,2,0.0,0.989394,False
predictive_gv_navigator,608,0.66,0.9,0.88,0.991276,0.985449,0.98428,0.988325,0.984574,True,1.845839,2,0.0,0.98775,False
predictive_gv_navigator,609,0.66,0.9,0.88,0.996213,0.989199,0.9725,0.983492,0.975839,True,1.845839,2,0.0,0.986457,False
predictive_gv_navigator,610,0.66,0.9,0.88,0.994889,0.992955,0.965717,0.986251,0.971791,True,1.845839,2,0.0,0.985309,False
predictive_gv_navigator,611,0.66,0.9,0.88,0.997661,1.0,0.971444,0.975579,0.971631,True,1.845839,2,0.0,0.987148,False
predictive_gv_navigator,612,0.66,0.9,0.88,1.0,1.0,0.975194,0.968162,0.969511,True,1.845839,2,0.0,0.987419,False
predictive_gv_navigator,613,0.66,0.9,0.88,1.0,0.998877,0.982234,0.964127,0.969684,True,1.845839,2,0.0,0.98794,False
predictive_gv_navigator,614,0.66,0.9,0.88,0.982723,0.993211,0.982757,0.963077,0.969063,True,1.845839,2,0.0,0.980227,False
predictive_gv_navigator,615,0.66,0.9,0.88,0.981366,0.995403,0.982783,0.964606,0.970186,True,1.845839,2,0.0,0.98046,False
predictive_gv_navigator,616,0.66,0.9,0.88,0.981261,1.0,0.97739,0.977289,0.975813,True,1.845839,2,0.0,0.982727,False
predictive_gv_navigator,617,0.66,0.9,0.88,0.981053,0.998264,0.979342,0.981596,0.979228,True,1.845839,2,0.0,0.9837,False
predictive_gv_navigator,618,0.66,0.9,0.88,0.972968,1.0,0.967294,0.981112,0.971407,True,1.845839,2,0.0,0.977765,False
predictive_gv_navigator,619,0.66,0.9,0.88,0.964267,0.990405,0.969649,0.990032,0.975119,True,1.845839,2,0.0,0.97485,False
predictive_gv_navigator,620,0.66,0.9,0.88,0.95167,0.980608,0.971192,0.98327,0.973952,True,1.845839,2,0.0,0.967491,False
predictive_gv_navigator,621,0.66,0.9,0.88,0.955878,0.97828,0.982988,0.98734,0.979725,True,1.845839,2,0.0,0.972057,False
predictive_gv_navigator,622,0.66,0.9,0.88,0.965883,0.978064,0.982357,0.985953,0.979384,True,1.845839,2,0.0,0.975471,False
predictive_gv_navigator,623,0.66,0.9,0.88,0.96332,0.989105,0.978437,0.987682,0.981055,True,1.845839,2,0.0,0.976221,False
predictive_gv_navigator,624,0.66,0.9,0.88,0.962354,1.0,0.976482,0.986242,0.979375,True,1.845839,2,0.0,0.97706,False
predictive_gv_navigator,625,0.66,0.9,0.88,0.965322,0.999392,0.970508,0.984129,0.974648,True,1.845839,2,0.0,0.97614,False
predictive_gv_navigator,626,0.66,0.9,0.88,0.976178,0.999555,0.971791,0.982463,0.974883,True,1.845839,2,0.0,0.980321,False
predictive_gv_navigator,627,0.66,0.9,0.88,0.971461,0.990229,0.968464,0.98844,0.973992,True,1.845839,2,0.0,0.976981,False
predictive_gv_navigator,628,0.66,0.9,0.88,0.971333,0.988344,0.976926,0.983234,0.978865,True,1.845839,2,0.0,0.977972,False
predictive_gv_navigator,629,0.66,0.9,0.88,0.973425,0.989119,0.979119,0.984105,0.980644,True,1.845839,2,0.0,0.979636,False
predictive_gv_navigator,630,0.66,0.9,0.88,0.975831,0.999928,0.980044,0.974385,0.975475,True,1.845839,2,0.0,0.980682,False
predictive_gv_navigator,631,0.66,0.9,0.88,0.981608,1.0,0.979115,0.962504,0.9675,True,1.845839,2,0.0,0.980102,False
predictive_gv_navigator,632,0.66,0.9,0.88,0.997428,0.996487,0.985566,0.954067,0.96342,True,1.845839,2,0.0,0.984972,False
predictive_gv_navigator,633,0.66,0.9,0.88,1.0,0.995983,0.989247,0.955432,0.965139,True,1.845839,2,0.0,0.986919,False
predictive_gv_navigator,634,0.66,0.9,0.88,0.9972,0.988945,0.998002,0.96624,0.97304,True,1.845839,2,0.0,0.988625,False
predictive_gv_navigator,635,0.66,0.9,0.88,0.991007,0.987207,1.0,0.966212,0.972634,True,1.845839,2,0.0,0.986266,False
predictive_gv_navigator,636,0.66,0.9,0.88,0.993253,0.986922,1.0,0.964125,0.971082,True,1.845839,2,0.0,0.98659,False
predictive_gv_navigator,637,0.66,0.9,0.88,1.0,0.990358,0.988443,0.965442,0.971791,True,1.845839,2,0.0,0.987961,False
predictive_gv_navigator,638,0.66,0.9,0.88,1.0,0.984284,0.993345,0.97244,0.976081,True,1.845839,2,0.0,0.989245,False
predictive_gv_navigator,639,0.66,0.9,0.88,0.999583,0.978423,0.995665,0.983845,0.979859,True,1.845839,2,0.0,0.990498,False
predictive_gv_navigator,640,0.66,0.9,0.88,1.0,0.977693,0.99278,0.988303,0.980881,True,1.845839,2,0.0,0.990753,False
predictive_gv_navigator,641,0.66,0.9,0.88,1.0,0.981441,0.995093,0.992019,0.984547,True,1.845839,2,0.0,0.992804,False
predictive_gv_navigator,642,0.66,0.9,0.88,0.995328,0.98177,0.995136,0.989136,0.984034,True,1.845839,2,0.0,0.990631,False
predictive_gv_navigator,643,0.66,0.9,0.88,1.0,0.989469,1.0,0.98159,0.983942,True,1.845839,2,0.0,0.9936,False
predictive_gv_navigator,644,0.66,0.9,0.88,1.0,0.990282,0.998569,0.978854,0.982365,True,1.845839,2,0.0,0.992917,False
predictive_gv_navigator,645,0.66,0.9,0.88,1.0,0.982611,1.0,0.979646,0.979787,True,1.845839,2,0.0,0.991595,False
predictive_gv_navigator,646,0.66,0.9,0.88,0.998,0.986605,1.0,0.985428,0.985059,True,1.845839,2,0.0,0.992996,False
predictive_gv_navigator,647,0.66,0.9,0.88,1.0,0.978074,1.0,0.986599,0.980554,True,1.845839,2,0.0,0.991844,False
predictive_gv_navigator,648,0.66,0.9,0.88,1.0,0.989857,0.987557,0.988082,0.987662,True,1.845839,2,0.0,0.992785,False
predictive_gv_navigator,649,0.66,0.9,0.88,1.0,0.99927,0.995795,0.990049,0.991806,True,1.845839,2,0.0,0.996735,False
predictive_gv_navigator,650,0.66,0.9,0.88,1.0,0.997184,0.992613,0.997822,0.993901,True,1.845839,2,0.0,0.997127,False
predictive_gv_navigator,651,0.66,0.9,0.88,0.999362,0.995836,0.99498,0.99673,0.995241,True,1.845839,2,0.0,0.997075,False
predictive_gv_navigator,652,0.66,0.9,0.88,1.0,0.99354,1.0,0.998657,0.995033,True,1.845839,2,0.0,0.998053,False
predictive_gv_navigator,653,0.66,0.9,0.88,1.0,1.0,1.0,1.0,1.0,True,1.845839,2,0.0,1.0,False
predictive_gv_navigator,654,0.66,0.9,0.88,1.0,0.998381,1.0,0.999969,0.998807,True,1.845839,2,0.0,0.999561,False
predictive_gv_navigator,655,0.66,0.9,0.88,1.0,0.985486,0.998799,1.0,0.989171,True,1.845839,2,0.0,0.995872,False
predictive_gv_navigator,656,0.66,0.9,0.88,1.0,0.987045,0.997688,1.0,0.990115,True,1.845839,2,0.0,0.996066,False
predictive_gv_navigator,657,0.66,0.9,0.88,1.0,0.993548,0.998979,0.990132,0.991123,True,1.845839,2,0.0,0.996208,False
predictive_gv_navigator,658,0.66,0.9,0.88,0.988205,0.997696,1.0,0.996093,0.996567,True,1.845839,2,0.0,0.994144,False
predictive_gv_navigator,659,0.66,0.9,0.88,0.998588,0.988308,0.999355,0.987727,0.987249,True,1.845839,2,0.0,0.993995,False
predictive_gv_navigator,660,0.66,0.9,0.88,1.0,0.995236,1.0,0.987024,0.989531,True,1.845839,2,0.0,0.99607,False
predictive_gv_navigator,661,0.66,0.9,0.88,1.0,1.0,1.0,0.977918,0.983791,True,1.845839,2,0.0,0.994963,False
predictive_gv_navigator,662,0.66,0.9,0.88,0.987333,1.0,0.995842,0.971275,0.978265,True,1.845839,2,0.0,0.987809,False
predictive_gv_navigator,663,0.66,0.9,0.88,0.994448,1.0,1.0,0.97599,0.982376,True,1.845839,2,0.0,0.992414,False
predictive_gv_navigator,664,0.66,0.9,0.88,1.0,0.998284,1.0,0.978432,0.983919,True,1.845839,2,0.0,0.994742,False
predictive_gv_navigator,665,0.66,0.9,0.88,0.991101,0.998706,0.999662,0.972966,0.979934,True,1.845839,2,0.0,0.990132,False
predictive_gv_navigator,666,0.66,0.9,0.88,0.997227,0.99872,0.9912,0.972178,0.977872,True,1.845839,2,0.0,0.990582,False
predictive_gv_navigator,667,0.66,0.9,0.88,1.0,0.999274,0.989008,0.970351,0.976034,True,1.845839,2,0.0,0.990864,False
predictive_gv_navigator,668,0.66,0.9,0.88,1.0,1.0,0.997893,0.978084,0.983601,True,1.845839,2,0.0,0.994585,False
predictive_gv_navigator,669,0.66,0.9,0.88,1.0,1.0,0.99104,0.982659,0.985214,True,1.845839,2,0.0,0.994185,False
predictive_gv_navigator,670,0.66,0.9,0.88,1.0,0.995376,0.995267,0.983656,0.986759,True,1.845839,2,0.0,0.994439,False
predictive_gv_navigator,671,0.66,0.9,0.88,0.991542,0.990906,0.984552,0.985039,0.984378,True,1.845839,2,0.0,0.988399,False
predictive_gv_navigator,672,0.66,0.9,0.88,0.993827,0.991798,0.98834,0.984812,0.985893,True,1.845839,2,0.0,0.99026,False
predictive_gv_navigator,673,0.66,0.9,0.88,0.999605,0.986983,0.988143,0.989742,0.987328,True,1.845839,2,0.0,0.992416,False
predictive_gv_navigator,674,0.66,0.9,0.88,1.0,0.989406,0.990651,0.994567,0.989672,True,1.845839,2,0.0,0.99441,False
predictive_gv_navigator,675,0.66,0.9,0.88,0.997554,0.988991,0.983296,0.997179,0.984978,True,1.845839,2,0.0,0.991884,False
predictive_gv_navigator,676,0.66,0.9,0.88,0.994513,0.991949,0.980047,0.991169,0.983101,True,1.845839,2,0.0,0.98961,False
predictive_gv_navigator,677,0.66,0.9,0.88,0.989136,0.984526,0.981964,0.993058,0.982485,True,1.845839,2,0.0,0.986766,False
predictive_gv_navigator,678,0.66,0.9,0.88,1.0,0.980351,0.979061,1.0,0.978327,True,1.845839,2,0.0,0.990093,False
predictive_gv_navigator,679,0.66,0.9,0.88,1.0,0.977431,0.986476,1.0,0.980086,True,1.845839,2,0.0,0.991114,False
predictive_gv_navigator,680,0.66,0.9,0.88,0.997961,0.978782,0.996793,0.993436,0.983023,True,1.845839,2,0.0,0.991872,False
predictive_gv_navigator,681,0.66,0.9,0.88,0.995578,0.976985,0.9968,0.999394,0.982553,True,1.845839,2,0.0,0.991423,False
predictive_gv_navigator,682,0.66,0.9,0.88,0.998705,0.979372,1.0,0.989323,0.982406,True,1.845839,2,0.0,0.992189,False
predictive_gv_navigator,683,0.66,0.9,0.88,0.994734,0.977361,1.0,0.989207,0.980997,True,1.845839,2,0.0,0.990132,False
predictive_gv_navigator,684,0.66,0.9,0.88,0.998508,0.976338,1.0,0.993795,0.98153,True,1.845839,2,0.0,0.992089,False
predictive_gv_navigator,685,0.66,0.9,0.88,1.0,0.972851,1.0,0.987465,0.977342,True,1.845839,2,0.0,0.990639,False
predictive_gv_navigator,686,0.66,0.9,0.88,1.0,0.97176,0.997274,0.98323,0.975219,True,1.845839,2,0.0,0.989105,False
predictive_gv_navigator,687,0.66,0.9,0.88,0.993002,0.978551,1.0,0.981473,0.978601,True,1.845839,2,0.0,0.988318,False
predictive_gv_navigator,688,0.66,0.9,0.88,0.994379,0.972621,0.993457,0.985989,0.976696,True,1.845839,2,0.0,0.987,False
predictive_gv_navigator,689,0.66,0.9,0.88,0.998955,0.971134,0.992521,0.984477,0.975214,True,1.845839,2,0.0,0.987913,False
predictive_gv_navigator,690,0.66,0.9,0.88,1.0,0.975178,0.993162,0.995581,0.980237,True,1.845839,2,0.0,0.991311,False
predictive_gv_navigator,691,0.66,0.9,0.88,0.997351,0.976758,0.99484,0.984313,0.979001,True,1.845839,2,0.0,0.989165,False
predictive_gv_navigator,692,0.66,0.9,0.88,1.0,0.964774,0.994302,0.979956,0.969429,True,1.845839,2,0.0,0.986159,False
predictive_gv_navigator,693,0.66,0.9,0.88,0.991935,0.96838,1.0,0.982177,0.972517,True,1.845839,2,0.0,0.985451,False
predictive_gv_navigator,694,0.66,0.9,0.88,0.99686,0.968209,0.993394,0.98486,0.973265,True,1.845839,2,0.0,0.986567,False
predictive_gv_navigator,695,0.66,0.9,0.88,0.994152,0.959348,0.981532,0.981343,0.965223,True,1.845839,2,0.0,0.980351,False
predictive_gv_navigator,696,0.66,0.9,0.88,0.992664,0.956529,0.985521,0.984708,0.964128,True,1.845839,2,0.0,0.980336,False
predictive_gv_navigator,697,0.66,0.9,0.88,1.0,0.95396,0.97941,0.982055,0.961042,True,1.845839,2,0.0,0.980819,False
predictive_gv_navigator,698,0.66,0.9,0.88,0.98623,0.952137,0.986688,0.987426,0.961422,True,1.845839,2,0.0,0.977366,False
predictive_gv_navigator,699,0.66,0.9,0.88,0.989923,0.962338,0.980746,0.982033,0.967392,True,1.845839,2,0.0,0.979497,False
predictive_gv_navigator,700,0.66,0.9,0.88,0.992783,0.959497,0.984664,0.979968,0.965422,True,1.845839,2,0.0,0.980253,False
predictive_gv_navigator,701,0.66,0.9,0.88,0.988501,0.962702,0.986382,0.9897,0.969377,True,1.845839,2,0.0,0.981349,False
predictive_gv_navigator,702,0.66,0.9,0.88,0.988683,0.972515,0.992725,0.990893,0.977621,True,1.845839,2,0.0,0.985482,False
predictive_gv_navigator,703,0.66,0.9,0.88,0.984829,0.967056,0.993173,0.98813,0.973171,True,1.845839,2,0.0,0.982195,False
predictive_gv_navigator,704,0.66,0.9,0.88,0.974897,0.961126,0.994855,0.991633,0.96962,True,1.845839,2,0.0,0.977721,False
predictive_gv_navigator,705,0.66,0.9,0.88,0.963654,0.960769,1.0,1.0,0.971203,True,1.845839,2,0.0,0.975671,False
predictive_gv_navigator,706,0.66,0.9,0.88,0.964929,0.956983,1.0,1.0,0.968425,True,1.845839,2,0.0,0.975141,False
predictive_gv_navigator,707,0.66,0.9,0.88,0.967337,0.953307,1.0,1.0,0.965726,True,1.845839,2,0.0,0.97507,False
predictive_gv_navigator,708,0.66,0.9,0.88,0.955453,0.952618,0.998326,0.989072,0.963234,True,1.845839,2,0.0,0.9683,False
predictive_gv_navigator,709,0.66,0.9,0.88,0.962141,0.96527,0.990384,0.9938,0.972339,True,1.845839,2,0.0,0.973444,False
predictive_gv_navigator,710,0.66,0.9,0.88,0.968938,0.960323,0.984298,0.994578,0.967534,True,1.845839,2,0.0,0.973573,False
predictive_gv_navigator,711,0.66,0.9,0.88,0.967103,0.969323,0.982388,0.983387,0.97292,True,1.845839,2,0.0,0.973231,False
predictive_gv_navigator,712,0.66,0.9,0.88,0.973585,0.972341,0.984948,0.992874,0.976201,True,1.845839,2,0.0,0.978421,False
predictive_gv_navigator,713,0.66,0.9,0.88,0.972835,0.982482,0.973618,0.992776,0.976305,True,1.845839,2,0.0,0.977921,False
predictive_gv_navigator,714,0.66,0.9,0.88,0.985187,0.986995,0.978562,0.986758,0.980772,True,1.845839,2,0.0,0.98401,False
predictive_gv_navigator,715,0.66,0.9,0.88,0.978227,0.980562,0.981564,0.984217,0.980804,True,1.845839,2,0.0,0.980396,False
predictive_gv_navigator,716,0.66,0.9,0.88,0.984313,0.991843,0.984747,0.981003,0.982043,True,1.845839,2,0.0,0.985011,False
predictive_gv_navigator,717,0.66,0.9,0.88,0.980299,0.997579,0.985615,0.984004,0.983919,True,1.845839,2,0.0,0.98532,False
predictive_gv_navigator,718,0.66,0.9,0.88,0.964933,0.988647,0.996543,0.977619,0.981006,True,1.845839,2,0.0,0.978596,False
predictive_gv_navigator,719,0.66,0.9,0.88,0.962438,0.987564,0.996384,0.988187,0.987296,True,1.845839,2,0.0,0.979659,False
