scarcity,visibility,coupling,fragmentation,winner,competitive_score,antifragile_score,recursive_score,unification_score
0.0,0.0,0.0,0.0,unification,0.015236,-0.051999,0.037523,0.047028
0.0,0.0,0.0,0.1,antifragile,0.012448,0.029891,-0.033608,-0.100812
0.0,0.0,0.0,0.2,competitive,0.21916,0.147348,-0.03603,-0.13111
0.0,0.0,0.0,0.3,antifragile,0.333302,0.341362,-0.096625,-0.297965
0.0,0.0,0.0,0.4,competitive,0.458438,0.332056,-0.116077,-0.342496
0.0,0.0,0.0,0.5,competitive,0.540757,0.440954,-0.138873,-0.432726
0.0,0.0,0.0,0.6,competitive,0.638584,0.552393,-0.213385,-0.491728
0.0,0.0,0.0,0.7,competitive,0.790637,0.686541,-0.172918,-0.615321
0.0,0.0,0.0,0.8,competitive,0.854388,0.719311,-0.289201,-0.623551
0.0,0.0,0.0,0.9,competitive,0.984303,0.812992,-0.401224,-0.73247
0.0,0.0,0.0,1.0,competitive,1.137163,0.977158,-0.433275,-0.838392
0.0,0.0,0.1,0.0,unification,-0.084166,-0.024066,0.128571,0.13618
0.0,0.0,0.1,0.1,unification,0.053946,0.063379,0.059456,0.071564
0.0,0.0,0.1,0.2,antifragile,0.057142,0.139016,-0.018519,-0.076944
0.0,0.0,0.1,0.3,antifragile,0.226243,0.324747,-0.078292,-0.081586
0.0,0.0,0.1,0.4,antifragile,0.265857,0.328256,-0.066862,-0.185689
0.0,0.0,0.1,0.5,competitive,0.495561,0.479667,-0.132436,-0.323118
0.0,0.0,0.1,0.6,competitive,0.612899,0.525435,-0.218784,-0.441664
0.0,0.0,0.1,0.7,antifragile,0.634027,0.654858,-0.187879,-0.435476
0.0,0.0,0.1,0.8,competitive,0.768637,0.732927,-0.20372,-0.570467
0.0,0.0,0.1,0.9,competitive,0.922839,0.786904,-0.293153,-0.659087
0.0,0.0,0.1,1.0,competitive,0.950208,0.939349,-0.33847,-0.724375
0.0,0.0,0.2,0.0,unification,-0.155963,-0.047673,0.203269,0.245076
0.0,0.0,0.2,0.1,unification,-0.091165,0.021014,0.045633,0.092644
0.0,0.0,0.2,0.2,recursive,-0.026135,0.070138,0.109989,0.034726
0.0,0.0,0.2,0.3,antifragile,0.131092,0.279961,0.032187,0.031876
0.0,0.0,0.2,0.4,antifragile,0.213319,0.299728,-0.037501,-0.106952
0.0,0.0,0.2,0.5,competitive,0.412015,0.318634,-0.008279,-0.163113
0.0,0.0,0.2,0.6,competitive,0.450293,0.427697,-0.066394,-0.286475
0.0,0.0,0.2,0.7,competitive,0.601634,0.596093,-0.029911,-0.356968
0.0,0.0,0.2,0.8,antifragile,0.648825,0.698964,-0.139,-0.362041
0.0,0.0,0.2,0.9,competitive,0.851756,0.802844,-0.116835,-0.574438
0.0,0.0,0.2,1.0,competitive,0.888012,0.833671,-0.24949,-0.668834
0.0,0.0,0.3,0.0,unification,-0.238242,-0.116111,0.18146,0.324221
0.0,0.0,0.3,0.1,unification,-0.144324,0.031906,0.314837,0.435693
0.0,0.0,0.3,0.2,unification,-0.02928,0.035523,0.068398,0.218386
0.0,0.0,0.3,0.3,antifragile,0.019353,0.159232,0.104395,0.11296
0.0,0.0,0.3,0.4,antifragile,0.223299,0.282852,0.087068,-0.016783
0.0,0.0,0.3,0.5,antifragile,0.196266,0.345685,0.052311,0.038396
0.0,0.0,0.3,0.6,antifragile,0.396514,0.514137,-0.009965,-0.194247
0.0,0.0,0.3,0.7,antifragile,0.451744,0.523739,0.081423,-0.261069
0.0,0.0,0.3,0.8,competitive,0.651924,0.609854,-0.018421,-0.285752
0.0,0.0,0.3,0.9,antifragile,0.712168,0.747962,-0.137739,-0.367696
0.0,0.0,0.3,1.0,competitive,0.807251,0.78372,-0.208897,-0.466371
0.0,0.0,0.4,0.0,unification,-0.281045,-0.132,0.334068,0.514291
0.0,0.0,0.4,0.1,unification,-0.1847,-0.034031,0.279454,0.470314
0.0,0.0,0.4,0.2,recursive,-0.118562,0.126788,0.269162,0.268777
0.0,0.0,0.4,0.3,recursive,-0.098408,0.227546,0.306183,0.236024
0.0,0.0,0.4,0.4,antifragile,0.060841,0.313072,0.124648,0.115264
0.0,0.0,0.4,0.5,antifragile,0.222166,0.31527,0.139744,0.066828
0.0,0.0,0.4,0.6,antifragile,0.316879,0.500374,0.104529,0.022197
0.0,0.0,0.4,0.7,antifragile,0.307491,0.522564,0.017838,-0.155941
0.0,0.0,0.4,0.8,antifragile,0.476092,0.603294,0.065795,-0.24632
0.0,0.0,0.4,0.9,antifragile,0.631532,0.690792,-0.036384,-0.214862
0.0,0.0,0.4,1.0,antifragile,0.766906,0.87687,-0.067725,-0.384797
0.0,0.0,0.5,0.0,unification,-0.461193,-0.162875,0.433829,0.570781
0.0,0.0,0.5,0.1,unification,-0.335476,-0.068589,0.510874,0.633842
0.0,0.0,0.5,0.2,unification,-0.272662,0.000631,0.271828,0.425465
0.0,0.0,0.5,0.3,unification,-0.10422,0.170293,0.268546,0.337293
0.0,0.0,0.5,0.4,unification,-0.117364,0.196867,0.211879,0.258528
0.0,0.0,0.5,0.5,antifragile,0.056157,0.295287,0.137114,0.126648
0.0,0.0,0.5,0.6,antifragile,0.316462,0.330629,0.130161,0.206846
0.0,0.0,0.5,0.7,competitive,0.465253,0.431422,0.126588,0.047078
0.0,0.0,0.5,0.8,antifragile,0.516435,0.535657,0.092736,-0.016133
0.0,0.0,0.5,0.9,antifragile,0.561738,0.661192,0.058309,-0.208745
0.0,0.0,0.5,1.0,antifragile,0.638091,0.761681,0.036608,-0.252766
0.0,0.0,0.6,0.0,unification,-0.516423,-0.159364,0.517771,0.767588
0.0,0.0,0.6,0.1,unification,-0.427342,-0.114996,0.433922,0.680825
0.0,0.0,0.6,0.2,unification,-0.324864,0.084658,0.508668,0.599292
0.0,0.0,0.6,0.3,unification,-0.248153,0.019379,0.449557,0.508137
0.0,0.0,0.6,0.4,unification,-0.075993,0.082771,0.396372,0.432721
0.0,0.0,0.6,0.5,unification,-0.045522,0.241424,0.323186,0.327623
0.0,0.0,0.6,0.6,antifragile,0.105391,0.354826,0.257401,0.247628
0.0,0.0,0.6,0.7,antifragile,0.303575,0.326667,0.218157,0.163826
0.0,0.0,0.6,0.8,antifragile,0.3548,0.531404,0.102164,0.0864
0.0,0.0,0.6,0.9,antifragile,0.536368,0.568307,0.193191,-0.031426
0.0,0.0,0.6,1.0,antifragile,0.556934,0.687355,0.093277,-0.034998
0.0,0.0,0.7,0.0,unification,-0.600867,-0.158384,0.653871,0.896954
0.0,0.0,0.7,0.1,unification,-0.432803,-0.12805,0.596399,0.775171
0.0,0.0,0.7,0.2,unification,-0.406673,-0.089871,0.564479,0.646085
0.0,0.0,0.7,0.3,unification,-0.260882,0.030467,0.533562,0.657543
0.0,0.0,0.7,0.4,unification,-0.098968,0.171539,0.356398,0.531652
0.0,0.0,0.7,0.5,unification,-0.1386,0.204086,0.470561,0.481877
0.0,0.0,0.7,0.6,recursive,-0.004947,0.274314,0.356639,0.304172
0.0,0.0,0.7,0.7,antifragile,0.106443,0.4356,0.372766,0.310438
0.0,0.0,0.7,0.8,antifragile,0.135436,0.530218,0.278602,0.215695
0.0,0.0,0.7,0.9,antifragile,0.44081,0.506838,0.205445,0.139545
0.0,0.0,0.7,1.0,antifragile,0.39092,0.778797,0.213418,0.067329
0.0,0.0,0.8,0.0,unification,-0.748547,-0.239312,0.733424,1.011644
0.0,0.0,0.8,0.1,unification,-0.59828,-0.171483,0.596833,0.907624
0.0,0.0,0.8,0.2,unification,-0.507626,-0.07083,0.649991,0.777073
0.0,0.0,0.8,0.3,unification,-0.39625,0.079073,0.522821,0.703887
0.0,0.0,0.8,0.4,unification,-0.269885,0.142219,0.520571,0.726448
0.0,0.0,0.8,0.5,unification,-0.12716,0.237091,0.507706,0.691383
0.0,0.0,0.8,0.6,recursive,-0.070258,0.189824,0.520213,0.467115
0.0,0.0,0.8,0.7,antifragile,0.055394,0.450478,0.319887,0.342418
0.0,0.0,0.8,0.8,antifragile,0.079936,0.440293,0.381982,0.346209
0.0,0.0,0.8,0.9,antifragile,0.283814,0.504362,0.204495,0.237718
0.0,0.0,0.8,1.0,antifragile,0.356411,0.692969,0.315098,0.156912
0.0,0.0,0.9,0.0,unification,-0.771993,-0.303539,0.791503,1.089766
0.0,0.0,0.9,0.1,unification,-0.708981,-0.210161,0.766026,1.020313
0.0,0.0,0.9,0.2,unification,-0.563942,-0.138292,0.679123,0.996476
0.0,0.0,0.9,0.3,unification,-0.579653,-0.094824,0.570891,0.753319
0.0,0.0,0.9,0.4,unification,-0.403913,0.102472,0.590756,0.79489
0.0,0.0,0.9,0.5,unification,-0.205539,0.226384,0.561543,0.767679
0.0,0.0,0.9,0.6,unification,-0.145394,0.21313,0.49528,0.540973
0.0,0.0,0.9,0.7,unification,-0.084407,0.332099,0.525179,0.616038
0.0,0.0,0.9,0.8,unification,0.000891,0.464641,0.392973,0.468735
0.0,0.0,0.9,0.9,recursive,0.173446,0.448455,0.451415,0.32975
0.0,0.0,0.9,1.0,antifragile,0.263305,0.581512,0.332286,0.296395
0.0,0.0,1.0,0.0,unification,-0.909462,-0.333567,0.868096,1.316033
0.0,0.0,1.0,0.1,unification,-0.807139,-0.328843,0.863361,1.148426
0.0,0.0,1.0,0.2,unification,-0.62427,-0.140831,0.763443,1.097439
0.0,0.0,1.0,0.3,unification,-0.472449,0.038849,0.733469,1.00301
0.0,0.0,1.0,0.4,unification,-0.406188,-0.012283,0.706654,0.908707
0.0,0.0,1.0,0.5,unification,-0.334305,0.083332,0.570522,0.721351
0.0,0.0,1.0,0.6,unification,-0.295869,0.197066,0.59534,0.836862
0.0,0.0,1.0,0.7,unification,-0.0747,0.266895,0.587385,0.634646
0.0,0.0,1.0,0.8,recursive,-0.034218,0.419266,0.560959,0.553037
0.0,0.0,1.0,0.9,unification,0.143193,0.447903,0.490317,0.614884
0.0,0.0,1.0,1.0,antifragile,0.211154,0.671661,0.454576,0.429039
0.0,0.1,0.0,0.0,unification,-0.077839,0.03648,0.076026,0.141515
0.0,0.1,0.0,0.1,antifragile,-0.007577,0.173279,0.129264,0.053327
0.0,0.1,0.0,0.2,antifragile,0.130688,0.257698,0.019566,-0.003223
0.0,0.1,0.0,0.3,antifragile,0.16343,0.31322,-0.104541,-0.209753
0.0,0.1,0.0,0.4,antifragile,0.433193,0.469759,-0.080974,-0.295125
0.0,0.1,0.0,0.5,antifragile,0.326774,0.492825,0.036021,-0.283256
0.0,0.1,0.0,0.6,antifragile,0.557021,0.638254,-0.203048,-0.404866
0.0,0.1,0.0,0.7,antifragile,0.699974,0.705695,-0.12546,-0.457768
0.0,0.1,0.0,0.8,competitive,0.838416,0.770581,-0.160109,-0.478553
0.0,0.1,0.0,0.9,competitive,0.866493,0.855615,-0.178211,-0.654567
0.0,0.1,0.0,1.0,competitive,1.095191,0.972873,-0.212248,-0.723426
0.0,0.1,0.1,0.0,unification,-0.152089,0.088236,0.181911,0.197944
0.0,0.1,0.1,0.1,unification,-0.077428,0.127617,0.081712,0.191874
0.0,0.1,0.1,0.2,antifragile,0.028061,0.257391,0.000287,0.035672
0.0,0.1,0.1,0.3,antifragile,0.080677,0.253689,0.092383,-0.018961
0.0,0.1,0.1,0.4,antifragile,0.262331,0.382041,0.050169,-0.145427
0.0,0.1,0.1,0.5,antifragile,0.420342,0.518133,0.019252,-0.152173
0.0,0.1,0.1,0.6,antifragile,0.509821,0.681754,-0.044355,-0.280354
0.0,0.1,0.1,0.7,antifragile,0.567324,0.623387,-0.142224,-0.39444
0.0,0.1,0.1,0.8,antifragile,0.711466,0.786715,-0.117443,-0.473277
0.0,0.1,0.1,0.9,antifragile,0.870009,0.901971,-0.167982,-0.552646
0.0,0.1,0.1,1.0,antifragile,0.962421,0.969399,-0.272406,-0.608399
0.0,0.1,0.2,0.0,unification,-0.241898,-0.069985,0.294492,0.297259
0.0,0.1,0.2,0.1,unification,-0.078191,0.132397,0.232374,0.303173
0.0,0.1,0.2,0.2,recursive,-0.155496,0.107183,0.190311,0.146393
0.0,0.1,0.2,0.3,antifragile,0.11072,0.359865,0.106169,0.073127
0.0,0.1,0.2,0.4,antifragile,0.196772,0.435556,0.063881,0.042452
0.0,0.1,0.2,0.5,competitive,0.386065,0.367412,0.020947,-0.07618
0.0,0.1,0.2,0.6,antifragile,0.378971,0.58563,0.057083,-0.228748
0.0,0.1,0.2,0.7,antifragile,0.540771,0.611123,0.068722,-0.256379
0.0,0.1,0.2,0.8,antifragile,0.593169,0.762057,0.003146,-0.287595
0.0,0.1,0.2,0.9,antifragile,0.65072,0.856902,-0.126715,-0.383236
0.0,0.1,0.2,1.0,antifragile,0.773813,0.947316,-0.15533,-0.544132
0.0,0.1,0.3,0.0,unification,-0.309309,-0.047918,0.339301,0.567559
0.0,0.1,0.3,0.1,unification,-0.257033,0.036605,0.343446,0.379017
0.0,0.1,0.3,0.2,unification,-0.101443,0.103327,0.269418,0.393132
0.0,0.1,0.3,0.3,unification,-0.067029,0.104361,0.330547,0.367466
0.0,0.1,0.3,0.4,antifragile,0.074737,0.223158,0.194476,0.140689
0.0,0.1,0.3,0.5,antifragile,0.195504,0.359331,0.198978,0.096225
0.0,0.1,0.3,0.6,antifragile,0.24028,0.54496,0.232634,-0.006402
0.0,0.1,0.3,0.7,antifragile,0.408134,0.5979,0.120763,-0.186534
0.0,0.1,0.3,0.8,antifragile,0.54322,0.680477,0.142391,-0.193709
0.0,0.1,0.3,0.9,antifragile,0.728394,0.739813,0.039363,-0.25403
0.0,0.1,0.3,1.0,antifragile,0.711548,0.89887,0.030626,-0.37119
0.0,0.1,0.4,0.0,unification,-0.519598,-0.095878,0.409879,0.602883
0.0,0.1,0.4,0.1,unification,-0.329079,-0.085283,0.334217,0.559103
0.0,0.1,0.4,0.2,unification,-0.241136,-0.033237,0.414242,0.463618
0.0,0.1,0.4,0.3,unification,-0.140694,0.124158,0.37679,0.382468
0.0,0.1,0.4,0.4,recursive,0.12413,0.306009,0.314385,0.271654
0.0,0.1,0.4,0.5,antifragile,0.155839,0.411254,0.317586,0.168934
0.0,0.1,0.4,0.6,antifragile,0.20323,0.451045,0.25454,0.184919
0.0,0.1,0.4,0.7,antifragile,0.312058,0.548761,0.190704,0.012712
0.0,0.1,0.4,0.8,antifragile,0.492603,0.552411,0.093665,-0.099121
0.0,0.1,0.4,0.9,antifragile,0.438982,0.711818,0.049242,-0.155055
0.0,0.1,0.4,1.0,antifragile,0.720648,0.842747,0.003459,-0.232848
0.0,0.1,0.5,0.0,unification,-0.472541,-0.178798,0.494471,0.772927
0.0,0.1,0.5,0.1,unification,-0.426077,-0.002626,0.499318,0.695083
0.0,0.1,0.5,0.2,unification,-0.356754,0.059396,0.449465,0.514205
0.0,0.1,0.5,0.3,unification,-0.273174,0.189287,0.402452,0.438886
0.0,0.1,0.5,0.4,unification,-0.089809,0.306401,0.265963,0.330168
0.0,0.1,0.5,0.5,antifragile,-0.021144,0.418059,0.354129,0.358366
0.0,0.1,0.5,0.6,antifragile,0.077992,0.384023,0.322391,0.237914
0.0,0.1,0.5,0.7,antifragile,0.272437,0.525616,0.273907,0.157906
0.0,0.1,0.5,0.8,antifragile,0.393888,0.67035,0.139006,-0.047363
0.0,0.1,0.5,0.9,antifragile,0.515087,0.784386,0.128969,-0.112992
0.0,0.1,0.5,1.0,antifragile,0.579952,0.866542,0.22988,-0.079185
0.0,0.1,0.6,0.0,unification,-0.633586,-0.209657,0.625573,0.855037
0.0,0.1,0.6,0.1,unification,-0.555753,0.032438,0.674258,0.841802
0.0,0.1,0.6,0.2,unification,-0.441043,0.067751,0.576981,0.722127
0.0,0.1,0.6,0.3,unification,-0.222517,0.151769,0.542001,0.646845
0.0,0.1,0.6,0.4,unification,-0.15796,0.125819,0.469181,0.50219
0.0,0.1,0.6,0.5,unification,-0.128992,0.394091,0.51145,0.512961
0.0,0.1,0.6,0.6,antifragile,0.057761,0.472531,0.385603,0.37014
0.0,0.1,0.6,0.7,antifragile,0.100326,0.51985,0.348019,0.209867
0.0,0.1,0.6,0.8,antifragile,0.26244,0.591014,0.394878,0.234711
0.0,0.1,0.6,0.9,antifragile,0.375572,0.702439,0.267211,0.094854
0.0,0.1,0.6,1.0,antifragile,0.430879,0.777447,0.187695,-0.042516
0.0,0.1,0.7,0.0,unification,-0.679439,-0.180437,0.620665,0.988866
0.0,0.1,0.7,0.1,unification,-0.545215,-0.052039,0.721292,0.911946
0.0,0.1,0.7,0.2,unification,-0.527252,-0.064185,0.64723,0.843964
0.0,0.1,0.7,0.3,unification,-0.310633,0.139999,0.583389,0.67779
0.0,0.1,0.7,0.4,unification,-0.280955,0.190862,0.539896,0.626105
0.0,0.1,0.7,0.5,unification,-0.142356,0.249802,0.478597,0.585573
0.0,0.1,0.7,0.6,recursive,-0.0651,0.382205,0.48366,0.428029
0.0,0.1,0.7,0.7,antifragile,0.040938,0.536889,0.371896,0.294167
0.0,0.1,0.7,0.8,antifragile,0.081908,0.561455,0.391546,0.309119
0.0,0.1,0.7,0.9,antifragile,0.345709,0.521358,0.369797,0.308072
0.0,0.1,0.7,1.0,antifragile,0.338611,0.73101,0.272355,0.100283
0.0,0.1,0.8,0.0,unification,-0.811313,-0.163626,0.886869,1.103203
0.0,0.1,0.8,0.1,unification,-0.589747,-0.138221,0.842685,1.030335
0.0,0.1,0.8,0.2,unification,-0.568447,-0.026726,0.873943,0.992564
0.0,0.1,0.8,0.3,unification,-0.500363,0.09845,0.656908,0.840512
0.0,0.1,0.8,0.4,unification,-0.30957,0.146554,0.648929,0.780699
0.0,0.1,0.8,0.5,unification,-0.228171,0.261248,0.498152,0.728329
0.0,0.1,0.8,0.6,unification,-0.184101,0.262885,0.552079,0.614199
0.0,0.1,0.8,0.7,unification,-0.059675,0.471552,0.447891,0.504653
0.0,0.1,0.8,0.8,antifragile,0.055756,0.522671,0.488943,0.389605
0.0,0.1,0.8,0.9,antifragile,0.231214,0.62315,0.340403,0.25707
0.0,0.1,0.8,1.0,antifragile,0.304384,0.703952,0.389829,0.268601
0.0,0.1,0.9,0.0,unification,-0.873722,-0.222618,0.824445,1.186401
0.0,0.1,0.9,0.1,unification,-0.829666,-0.160554,0.902247,1.138433
0.0,0.1,0.9,0.2,unification,-0.790085,-0.1652,0.758348,1.047114
0.0,0.1,0.9,0.3,unification,-0.575419,0.016929,0.744413,1.042467
0.0,0.1,0.9,0.4,unification,-0.478801,0.066884,0.743944,0.828218
0.0,0.1,0.9,0.5,unification,-0.315515,0.210128,0.672628,0.899414
0.0,0.1,0.9,0.6,unification,-0.25611,0.403015,0.628728,0.671149
0.0,0.1,0.9,0.7,unification,-0.111504,0.341188,0.562412,0.669852
0.0,0.1,0.9,0.8,unification,0.022779,0.458892,0.60937,0.622875
0.0,0.1,0.9,0.9,antifragile,0.176815,0.611471,0.588171,0.38596
0.0,0.1,0.9,1.0,antifragile,0.199105,0.63665,0.485961,0.366428
0.0,0.1,1.0,0.0,unification,-0.983308,-0.210891,0.956514,1.39069
0.0,0.1,1.0,0.1,unification,-0.876613,-0.206214,0.925301,1.307416
0.0,0.1,1.0,0.2,unification,-0.696735,-0.03263,0.900481,1.229477
0.0,0.1,1.0,0.3,unification,-0.702543,-0.024394,0.892014,1.158298
0.0,0.1,1.0,0.4,unification,-0.52442,0.11932,0.829538,1.090015
0.0,0.1,1.0,0.5,unification,-0.410532,0.152215,0.781792,0.79847
0.0,0.1,1.0,0.6,unification,-0.295856,0.082579,0.638827,0.882588
0.0,0.1,1.0,0.7,unification,-0.181124,0.301879,0.649395,0.843527
0.0,0.1,1.0,0.8,unification,-0.119202,0.567146,0.644904,0.710402
0.0,0.1,1.0,0.9,unification,0.095844,0.556551,0.554883,0.599514
0.0,0.1,1.0,1.0,antifragile,0.123219,0.576763,0.552208,0.48289
0.0,0.2,0.0,0.0,unification,-0.103782,0.091731,0.21586,0.234691
0.0,0.2,0.0,0.1,antifragile,-0.028844,0.215841,0.140014,0.102921
0.0,0.2,0.0,0.2,antifragile,0.125234,0.259383,0.079158,0.092191
0.0,0.2,0.0,0.3,antifragile,0.203168,0.298464,0.121474,0.021779
0.0,0.2,0.0,0.4,antifragile,0.308719,0.501599,-0.000213,-0.083448
0.0,0.2,0.0,0.5,antifragile,0.384869,0.54086,0.073528,-0.111036
0.0,0.2,0.0,0.6,antifragile,0.599719,0.72574,-0.015487,-0.252364
0.0,0.2,0.0,0.7,antifragile,0.658341,0.761059,-0.043462,-0.313812
0.0,0.2,0.0,0.8,antifragile,0.727036,0.813536,-0.110724,-0.408304
0.0,0.2,0.0,0.9,antifragile,0.84015,0.96201,-0.096496,-0.543742
0.0,0.2,0.0,1.0,antifragile,0.987812,1.058942,-0.231741,-0.537885
0.0,0.2,0.1,0.0,unification,-0.265037,-0.027755,0.262748,0.313948
0.0,0.2,0.1,0.1,unification,-0.127391,0.136307,0.258158,0.310985
0.0,0.2,0.1,0.2,antifragile,-0.003006,0.260802,0.255491,0.225807
0.0,0.2,0.1,0.3,antifragile,-0.015398,0.321778,0.085989,0.111803
0.0,0.2,0.1,0.4,antifragile,0.199768,0.487277,0.214382,0.035139
0.0,0.2,0.1,0.5,antifragile,0.284982,0.554258,0.088604,-0.06007
0.0,0.2,0.1,0.6,antifragile,0.469307,0.597111,0.115284,-0.11113
0.0,0.2,0.1,0.7,antifragile,0.48226,0.768695,0.069928,-0.224904
0.0,0.2,0.1,0.8,antifragile,0.601884,0.77204,-0.031883,-0.28787
0.0,0.2,0.1,0.9,antifragile,0.702219,0.931876,-0.107088,-0.410203
0.0,0.2,0.1,1.0,antifragile,0.865482,1.127257,-0.153866,-0.411399
0.0,0.2,0.2,0.0,unification,-0.322508,0.040559,0.405917,0.512236
0.0,0.2,0.2,0.1,unification,-0.227684,0.187703,0.337176,0.461612
0.0,0.2,0.2,0.2,unification,-0.142218,0.206987,0.266402,0.342751
0.0,0.2,0.2,0.3,antifragile,0.072256,0.301132,0.270156,0.179269
0.0,0.2,0.2,0.4,antifragile,0.098535,0.32036,0.194356,0.161339
0.0,0.2,0.2,0.5,antifragile,0.285951,0.635461,0.170671,0.136765
0.0,0.2,0.2,0.6,antifragile,0.342188,0.582438,0.18163,-0.016904
0.0,0.2,0.2,0.7,antifragile,0.44552,0.664583,0.050095,-0.182181
0.0,0.2,0.2,0.8,antifragile,0.582662,0.766165,0.050196,-0.189575
0.0,0.2,0.2,0.9,antifragile,0.699747,0.884018,0.007197,-0.213685
0.0,0.2,0.2,1.0,antifragile,0.848959,0.994728,0.048683,-0.297902
0.0,0.2,0.3,0.0,unification,-0.363495,0.015705,0.514917,0.640983
0.0,0.2,0.3,0.1,unification,-0.364867,0.115036,0.377209,0.49027
0.0,0.2,0.3,0.2,recursive,-0.134822,0.217011,0.47937,0.431416
0.0,0.2,0.3,0.3,recursive,-0.147612,0.257978,0.370102,0.363949
0.0,0.2,0.3,0.4,antifragile,0.076684,0.346936,0.342602,0.225569
0.0,0.2,0.3,0.5,antifragile,0.152516,0.460155,0.247509,0.178209
0.0,0.2,0.3,0.6,antifragile,0.230791,0.541492,0.333567,0.100078
0.0,0.2,0.3,0.7,antifragile,0.337805,0.545127,0.16029,0.006846
0.0,0.2,0.3,0.8,antifragile,0.425707,0.814085,0.156753,-0.000578
0.0,0.2,0.3,0.9,antifragile,0.573085,0.841861,0.12056,-0.14981
0.0,0.2,0.3,1.0,antifragile,0.76594,0.819019,-0.015077,-0.262159
0.0,0.2,0.4,0.0,unification,-0.509274,-0.015495,0.593654,0.720788
0.0,0.2,0.4,0.1,unification,-0.349048,0.09651,0.539203,0.703133
0.0,0.2,0.4,0.2,unification,-0.276368,0.111926,0.524891,0.575531
0.0,0.2,0.4,0.3,unification,-0.179933,0.308648,0.327456,0.414116
0.0,0.2,0.4,0.4,recursive,-0.129354,0.311837,0.39727,0.324634
0.0,0.2,0.4,0.5,recursive,-0.009258,0.381958,0.492871,0.405087
0.0,0.2,0.4,0.6,antifragile,0.129413,0.501821,0.27254,0.134593
0.0,0.2,0.4,0.7,antifragile,0.254156,0.565107,0.285757,0.06499
0.0,0.2,0.4,0.8,antifragile,0.331901,0.717431,0.26831,0.080874
0.0,0.2,0.4,0.9,antifragile,0.413976,0.847734,0.169989,0.006643
0.0,0.2,0.4,1.0,antifragile,0.589468,0.831181,0.15419,-0.091732
0.0,0.2,0.5,0.0,unification,-0.569352,-0.092049,0.731589,0.915376
0.0,0.2,0.5,0.1,unification,-0.502833,0.047506,0.71169,0.878024
0.0,0.2,0.5,0.2,recursive,-0.4414,0.058673,0.649246,0.642086
0.0,0.2,0.5,0.3,unification,-0.336127,0.17569,0.556011,0.60488
0.0,0.2,0.5,0.4,unification,-0.192528,0.261289,0.459383,0.481025
0.0,0.2,0.5,0.5,recursive,0.064082,0.404876,0.499338,0.415546
0.0,0.2,0.5,0.6,antifragile,0.050702,0.449322,0.282415,0.2861
0.0,0.2,0.5,0.7,antifragile,0.079469,0.467511,0.315232,0.336248
0.0,0.2,0.5,0.8,antifragile,0.277778,0.739528,0.355549,0.224128
0.0,0.2,0.5,0.9,antifragile,0.344955,0.796198,0.331436,0.071168
0.0,0.2,0.5,1.0,antifragile,0.527977,0.893309,0.227522,-0.041138
0.0,0.2,0.6,0.0,unification,-0.749206,-0.115675,0.75635,0.950374
0.0,0.2,0.6,0.1,unification,-0.578671,0.003527,0.73091,0.982594
0.0,0.2,0.6,0.2,unification,-0.406151,0.019935,0.744179,0.793451
0.0,0.2,0.6,0.3,unification,-0.307756,0.168399,0.599393,0.644615
0.0,0.2,0.6,0.4,unification,-0.258578,0.182031,0.628365,0.72584
0.0,0.2,0.6,0.5,unification,-0.179846,0.370099,0.50373,0.533576
0.0,0.2,0.6,0.6,recursive,0.008725,0.448073,0.586982,0.455888
0.0,0.2,0.6,0.7,antifragile,0.129967,0.549871,0.499789,0.372642
0.0,0.2,0.6,0.8,antifragile,0.187522,0.634225,0.378197,0.343104
0.0,0.2,0.6,0.9,antifragile,0.332512,0.764678,0.456848,0.297467
0.0,0.2,0.6,1.0,antifragile,0.391253,0.848653,0.30882,0.141168
0.0,0.2,0.7,0.0,unification,-0.809987,-0.073996,0.843185,1.104099
0.0,0.2,0.7,0.1,unification,-0.610319,-0.168531,0.684295,1.069792
0.0,0.2,0.7,0.2,unification,-0.556977,0.047522,0.67868,0.943838
0.0,0.2,0.7,0.3,unification,-0.349825,0.17121,0.713485,0.838047
0.0,0.2,0.7,0.4,unification,-0.359729,0.11854,0.677882,0.817274
0.0,0.2,0.7,0.5,unification,-0.308781,0.286929,0.567127,0.641732
0.0,0.2,0.7,0.6,unification,-0.117326,0.31078,0.615714,0.642693
0.0,0.2,0.7,0.7,unification,-0.022555,0.385965,0.495179,0.581645
0.0,0.2,0.7,0.8,antifragile,-0.0389,0.587624,0.446,0.475229
0.0,0.2,0.7,0.9,antifragile,0.176244,0.720198,0.493273,0.441811
0.0,0.2,0.7,1.0,antifragile,0.309853,0.813802,0.350747,0.324521
0.0,0.2,0.8,0.0,unification,-0.908025,-0.218038,0.908888,1.161856
0.0,0.2,0.8,0.1,unification,-0.748561,-0.046627,0.884647,1.075555
0.0,0.2,0.8,0.2,unification,-0.65619,0.037101,0.736101,1.016262
0.0,0.2,0.8,0.3,unification,-0.496173,0.108505,0.810599,1.077975
0.0,0.2,0.8,0.4,unification,-0.406572,0.222894,0.885537,0.88931
0.0,0.2,0.8,0.5,unification,-0.359894,0.30639,0.73195,0.788664
0.0,0.2,0.8,0.6,unification,-0.26162,0.495492,0.686342,0.693386
0.0,0.2,0.8,0.7,unification,-0.054203,0.469543,0.617356,0.673114
0.0,0.2,0.8,0.8,recursive,-0.054594,0.587631,0.685648,0.583309
0.0,0.2,0.8,0.9,antifragile,0.101189,0.639645,0.529483,0.462302
0.0,0.2,0.8,1.0,antifragile,0.21111,0.805816,0.42334,0.4331
0.0,0.2,0.9,0.0,unification,-0.978984,-0.206153,0.938651,1.431432
0.0,0.2,0.9,0.1,unification,-0.787718,-0.08202,0.879262,1.321456
0.0,0.2,0.9,0.2,unification,-0.719757,-0.115264,0.913785,1.213227
0.0,0.2,0.9,0.3,unification,-0.602196,0.068863,0.889562,1.183681
0.0,0.2,0.9,0.4,unification,-0.458698,0.011647,0.819128,1.016767
0.0,0.2,0.9,0.5,unification,-0.497605,0.254709,0.857438,0.885672
0.0,0.2,0.9,0.6,unification,-0.28318,0.299209,0.721404,0.92887
0.0,0.2,0.9,0.7,unification,-0.217128,0.463111,0.621439,0.863116
0.0,0.2,0.9,0.8,recursive,-0.049867,0.525875,0.703777,0.614509
0.0,0.2,0.9,0.9,recursive,0.089127,0.613801,0.624797,0.575417
0.0,0.2,0.9,1.0,antifragile,0.110967,0.759734,0.607795,0.547587
0.0,0.2,1.0,0.0,unification,-1.05044,-0.23434,1.059058,1.601487
0.0,0.2,1.0,0.1,unification,-1.018397,-0.101953,1.108395,1.362392
0.0,0.2,1.0,0.2,unification,-0.718536,-0.020225,1.048557,1.321401
0.0,0.2,1.0,0.3,unification,-0.730861,0.01453,0.979527,1.305059
0.0,0.2,1.0,0.4,unification,-0.600934,0.074428,0.961221,1.196058
0.0,0.2,1.0,0.5,unification,-0.467267,0.252275,0.866454,1.018551
0.0,0.2,1.0,0.6,unification,-0.43341,0.228227,0.851847,0.975828
0.0,0.2,1.0,0.7,unification,-0.301999,0.257219,0.737634,0.951042
0.0,0.2,1.0,0.8,unification,-0.203231,0.51803,0.690466,0.881935
0.0,0.2,1.0,0.9,recursive,-0.067201,0.609502,0.836289,0.800822
0.0,0.2,1.0,1.0,unification,0.034672,0.660339,0.663723,0.665495
0.0,0.3,0.0,0.0,recursive,-0.230261,0.115238,0.418359,0.35429
0.0,0.3,0.0,0.1,recursive,-2.1e-05,0.234537,0.394266,0.292866
0.0,0.3,0.0,0.2,antifragile,0.043148,0.288769,0.222312,0.212985
0.0,0.3,0.0,0.3,antifragile,0.154428,0.422013,0.16068,0.036987
0.0,0.3,0.0,0.4,antifragile,0.143643,0.426619,0.190474,0.076252
0.0,0.3,0.0,0.5,antifragile,0.324329,0.496979,0.135462,-0.07314
0.0,0.3,0.0,0.6,antifragile,0.5398,0.632143,0.085466,-0.064707
0.0,0.3,0.0,0.7,antifragile,0.567499,0.828166,0.070729,-0.218503
0.0,0.3,0.0,0.8,antifragile,0.69388,0.854526,0.068903,-0.38865
0.0,0.3,0.0,0.9,antifragile,0.781418,0.998937,-0.045815,-0.406134
0.0,0.3,0.0,1.0,antifragile,0.843873,1.031415,-0.072681,-0.545199
0.0,0.3,0.1,0.0,recursive,-0.29886,0.042496,0.465599,0.425926
0.0,0.3,0.1,0.1,recursive,-0.233315,0.16377,0.456257,0.416514
0.0,0.3,0.1,0.2,antifragile,-0.105587,0.314936,0.24464,0.312843
0.0,0.3,0.1,0.3,antifragile,0.114876,0.391617,0.313396,0.257406
0.0,0.3,0.1,0.4,antifragile,0.16978,0.380127,0.185884,0.155515
0.0,0.3,0.1,0.5,antifragile,0.199256,0.640601,0.214241,-0.036727
0.0,0.3,0.1,0.6,antifragile,0.281599,0.532516,0.178294,-0.034419
0.0,0.3,0.1,0.7,antifragile,0.433777,0.818944,0.209926,-0.118519
0.0,0.3,0.1,0.8,antifragile,0.458265,0.890864,0.137768,-0.17953
0.0,0.3,0.1,0.9,antifragile,0.724074,0.896759,0.170438,-0.327971
0.0,0.3,0.1,1.0,antifragile,0.822461,0.965633,-0.016513,-0.289182
0.0,0.3,0.2,0.0,unification,-0.418045,0.106996,0.526848,0.604752
0.0,0.3,0.2,0.1,unification,-0.226807,0.148167,0.385963,0.484838
0.0,0.3,0.2,0.2,unification,-0.15744,0.274775,0.356647,0.403783
0.0,0.3,0.2,0.3,antifragile,-0.104086,0.331727,0.326204,0.323581
0.0,0.3,0.2,0.4,antifragile,-0.001431,0.483577,0.395456,0.262709
0.0,0.3,0.2,0.5,antifragile,0.125398,0.546996,0.274171,0.127658
0.0,0.3,0.2,0.6,antifragile,0.207989,0.603259,0.216826,0.108103
0.0,0.3,0.2,0.7,antifragile,0.401486,0.650645,0.236256,0.004003
0.0,0.3,0.2,0.8,antifragile,0.492075,0.824353,0.12232,-0.133119
0.0,0.3,0.2,0.9,antifragile,0.586471,0.971439,0.044291,-0.137714
0.0,0.3,0.2,1.0,antifragile,0.754481,1.007349,0.14251,-0.275153
0.0,0.3,0.3,0.0,unification,-0.500968,-0.051046,0.482783,0.782138
0.0,0.3,0.3,0.1,unification,-0.43425,0.102224,0.490678,0.579502
0.0,0.3,0.3,0.2,unification,-0.283692,0.183521,0.538899,0.587627
0.0,0.3,0.3,0.3,recursive,-0.148958,0.32693,0.558888,0.42662
0.0,0.3,0.3,0.4,recursive,-0.057747,0.466634,0.503227,0.323912
0.0,0.3,0.3,0.5,antifragile,0.039382,0.572906,0.425404,0.319763
0.0,0.3,0.3,0.6,antifragile,0.154116,0.58081,0.374411,0.212381
0.0,0.3,0.3,0.7,antifragile,0.272871,0.69893,0.286096,0.166606
0.0,0.3,0.3,0.8,antifragile,0.530712,0.701151,0.296201,0.01699
0.0,0.3,0.3,0.9,antifragile,0.52387,0.887328,0.278093,0.028775
0.0,0.3,0.3,1.0,antifragile,0.614621,1.036603,0.082785,-0.035477
0.0,0.3,0.4,0.0,unification,-0.566247,0.048892,0.624006,0.818462
0.0,0.3,0.4,0.1,unification,-0.467703,0.089148,0.659153,0.829226
0.0,0.3,0.4,0.2,unification,-0.453261,0.233691,0.605414,0.679811
0.0,0.3,0.4,0.3,unification,-0.328556,0.305152,0.444295,0.63742
0.0,0.3,0.4,0.4,unification,-0.219605,0.377673,0.519042,0.578477
0.0,0.3,0.4,0.5,unification,-0.043933,0.435293,0.45967,0.498644
0.0,0.3,0.4,0.6,antifragile,0.101815,0.545719,0.433178,0.271641
0.0,0.3,0.4,0.7,antifragile,0.204424,0.572009,0.44259,0.271431
0.0,0.3,0.4,0.8,antifragile,0.414348,0.699993,0.359867,0.269914
0.0,0.3,0.4,0.9,antifragile,0.464569,0.815189,0.336198,0.0951
0.0,0.3,0.4,1.0,antifragile,0.529098,0.910066,0.280534,-0.069903
0.0,0.3,0.5,0.0,unification,-0.668244,-0.017499,0.758629,0.904247
0.0,0.3,0.5,0.1,unification,-0.515573,0.073226,0.693699,0.88597
0.0,0.3,0.5,0.2,unification,-0.530033,0.098729,0.663109,0.876421
0.0,0.3,0.5,0.3,unification,-0.376975,0.277011,0.623084,0.742397
0.0,0.3,0.5,0.4,recursive,-0.24207,0.383653,0.583259,0.566374
0.0,0.3,0.5,0.5,unification,-0.194097,0.408406,0.507547,0.580511
0.0,0.3,0.5,0.6,antifragile,-0.038288,0.64873,0.443114,0.485182
0.0,0.3,0.5,0.7,antifragile,0.038602,0.60033,0.497071,0.273731
0.0,0.3,0.5,0.8,antifragile,0.216841,0.815145,0.427328,0.31799
0.0,0.3,0.5,0.9,antifragile,0.366246,0.806802,0.380952,0.106213
0.0,0.3,0.5,1.0,antifragile,0.45705,0.904342,0.319366,0.14133
0.0,0.3,0.6,0.0,unification,-0.794184,-0.101421,0.885315,1.043081
0.0,0.3,0.6,0.1,unification,-0.602634,-0.049884,0.781865,1.121147
0.0,0.3,0.6,0.2,unification,-0.488632,0.11988,0.727973,0.913536
0.0,0.3,0.6,0.3,unification,-0.431336,0.211876,0.730456,0.853458
0.0,0.3,0.6,0.4,unification,-0.335719,0.232901,0.669174,0.815731
0.0,0.3,0.6,0.5,unification,-0.283417,0.390522,0.614012,0.690568
0.0,0.3,0.6,0.6,recursive,-0.124432,0.56887,0.640329,0.53441
0.0,0.3,0.6,0.7,antifragile,0.038561,0.551267,0.54615,0.530691
0.0,0.3,0.6,0.8,antifragile,0.090413,0.729643,0.496274,0.399053
0.0,0.3,0.6,0.9,antifragile,0.192181,0.751718,0.54996,0.37644
0.0,0.3,0.6,1.0,antifragile,0.420497,0.988382,0.403464,0.263521
0.0,0.3,0.7,0.0,unification,-0.91381,-0.14888,0.908496,1.182142
0.0,0.3,0.7,0.1,unification,-0.797594,-0.022214,0.839164,1.192106
0.0,0.3,0.7,0.2,unification,-0.680888,0.220478,0.837431,1.068601
0.0,0.3,0.7,0.3,unification,-0.589767,0.260305,0.875975,0.994846
0.0,0.3,0.7,0.4,unification,-0.48234,0.280533,0.723928,0.968118
0.0,0.3,0.7,0.5,unification,-0.26454,0.369772,0.618181,0.760829
0.0,0.3,0.7,0.6,recursive,-0.160612,0.520644,0.755458,0.645399
0.0,0.3,0.7,0.7,unification,-0.069922,0.605776,0.577083,0.639605
0.0,0.3,0.7,0.8,antifragile,0.038692,0.634962,0.527392,0.538715
0.0,0.3,0.7,0.9,antifragile,0.118635,0.737596,0.551826,0.447849
0.0,0.3,0.7,1.0,antifragile,0.243015,0.862123,0.524779,0.364518
0.0,0.3,0.8,0.0,unification,-0.940382,-0.241046,1.048852,1.359972
0.0,0.3,0.8,0.1,unification,-0.833015,-0.001963,0.887359,1.176308
0.0,0.3,0.8,0.2,unification,-0.71131,0.044644,0.953509,1.166894
0.0,0.3,0.8,0.3,unification,-0.581782,0.186632,0.929199,1.091959
0.0,0.3,0.8,0.4,unification,-0.610384,0.273462,0.926086,1.052228
0.0,0.3,0.8,0.5,unification,-0.438982,0.36369,0.868026,1.012941
0.0,0.3,0.8,0.6,unification,-0.328805,0.413677,0.822364,0.852871
0.0,0.3,0.8,0.7,recursive,-0.230866,0.540731,0.773933,0.769398
0.0,0.3,0.8,0.8,recursive,-0.054021,0.602065,0.778914,0.634965
0.0,0.3,0.8,0.9,antifragile,0.015634,0.710549,0.708948,0.520131
0.0,0.3,0.8,1.0,antifragile,0.089485,0.703114,0.626635,0.454085
0.0,0.3,0.9,0.0,unification,-1.054228,-0.146931,1.077923,1.496564
0.0,0.3,0.9,0.1,unification,-0.939967,-0.051394,1.093756,1.365403
0.0,0.3,0.9,0.2,unification,-0.823433,0.062187,1.049669,1.245152
0.0,0.3,0.9,0.3,unification,-0.672219,0.050769,1.060626,1.281205
0.0,0.3,0.9,0.4,unification,-0.580506,0.207862,0.939548,1.178926
0.0,0.3,0.9,0.5,unification,-0.503539,0.306778,0.953597,1.03191
0.0,0.3,0.9,0.6,unification,-0.40581,0.330282,0.816776,0.88358
0.0,0.3,0.9,0.7,recursive,-0.228509,0.575446,0.901266,0.808696
0.0,0.3,0.9,0.8,unification,-0.118757,0.651105,0.76716,0.810072
0.0,0.3,0.9,0.9,unification,-0.145395,0.688337,0.696822,0.729982
0.0,0.3,0.9,1.0,antifragile,-0.01306,0.797143,0.761226,0.595841
0.0,0.3,1.0,0.0,unification,-1.181846,-0.322801,1.181679,1.58092
0.0,0.3,1.0,0.1,unification,-1.092551,-0.097349,1.132501,1.471213
0.0,0.3,1.0,0.2,unification,-0.932729,0.028565,1.145147,1.433499
0.0,0.3,1.0,0.3,unification,-0.764045,0.011954,1.076619,1.362366
0.0,0.3,1.0,0.4,unification,-0.708492,0.186773,0.995978,1.295491
0.0,0.3,1.0,0.5,recursive,-0.547407,0.114142,1.054515,1.032618
0.0,0.3,1.0,0.6,unification,-0.495802,0.406267,0.939136,1.026691
0.0,0.3,1.0,0.7,unification,-0.409687,0.501345,0.818925,1.07145
0.0,0.3,1.0,0.8,unification,-0.247755,0.48538,0.845844,0.879139
0.0,0.3,1.0,0.9,unification,-0.091689,0.676621,0.749042,0.82482
0.0,0.3,1.0,1.0,unification,-0.068159,0.799675,0.727495,0.840211
0.0,0.4,0.0,0.0,unification,-0.301665,0.121903,0.426136,0.439919
0.0,0.4,0.0,0.1,recursive,-0.253731,0.279741,0.358604,0.285982
0.0,0.4,0.0,0.2,recursive,-0.098984,0.279857,0.342392,0.264545
0.0,0.4,0.0,0.3,antifragile,-0.013561,0.565048,0.342821,0.237269
0.0,0.4,0.0,0.4,antifragile,0.05118,0.527302,0.310765,0.088774
0.0,0.4,0.0,0.5,antifragile,0.295403,0.594865,0.245682,0.025697
0.0,0.4,0.0,0.6,antifragile,0.368216,0.717975,0.206455,-0.041807
0.0,0.4,0.0,0.7,antifragile,0.433281,0.869255,0.191919,-0.119431
0.0,0.4,0.0,0.8,antifragile,0.558477,0.979827,0.128208,-0.215335
0.0,0.4,0.0,0.9,antifragile,0.695235,1.119829,0.032982,-0.246507
0.0,0.4,0.0,1.0,antifragile,0.705341,1.140864,0.138754,-0.345567
0.0,0.4,0.1,0.0,unification,-0.381469,0.116978,0.546552,0.592397
0.0,0.4,0.1,0.1,recursive,-0.319299,0.225506,0.514919,0.481639
0.0,0.4,0.1,0.2,recursive,-0.210314,0.266988,0.484536,0.462266
0.0,0.4,0.1,0.3,antifragile,-0.048417,0.478259,0.429393,0.369601
0.0,0.4,0.1,0.4,antifragile,0.065192,0.520423,0.358459,0.375708
0.0,0.4,0.1,0.5,antifragile,0.137402,0.586706,0.3667,0.192593
0.0,0.4,0.1,0.6,antifragile,0.19976,0.771134,0.30029,0.039453
0.0,0.4,0.1,0.7,antifragile,0.439439,0.841284,0.201773,0.098859
0.0,0.4,0.1,0.8,antifragile,0.52294,0.90449,0.304511,-0.067035
0.0,0.4,0.1,0.9,antifragile,0.598596,0.966985,0.214093,-0.13617
0.0,0.4,0.1,1.0,antifragile,0.710734,1.055501,0.151496,-0.24849
0.0,0.4,0.2,0.0,recursive,-0.546674,0.036409,0.658258,0.599906
0.0,0.4,0.2,0.1,recursive,-0.359729,0.181096,0.655412,0.620327
0.0,0.4,0.2,0.2,unification,-0.227026,0.280154,0.555687,0.596842
0.0,0.4,0.2,0.3,unification,-0.173128,0.444828,0.460315,0.48973
0.0,0.4,0.2,0.4,recursive,0.006132,0.523002,0.565822,0.351828
0.0,0.4,0.2,0.5,antifragile,0.001043,0.535283,0.463022,0.329896
0.0,0.4,0.2,0.6,antifragile,0.185113,0.623852,0.428343,0.158765
0.0,0.4,0.2,0.7,antifragile,0.347947,0.917872,0.368323,0.164155
0.0,0.4,0.2,0.8,antifragile,0.375357,0.779489,0.279864,-0.004645
0.0,0.4,0.2,0.9,antifragile,0.43765,1.051118,0.283643,-0.016016
0.0,0.4,0.2,1.0,antifragile,0.604549,1.051356,0.278228,-0.121617
0.0,0.4,0.3,0.0,unification,-0.543465,0.0652,0.697892,0.784654
0.0,0.4,0.3,0.1,unification,-0.558887,0.156922,0.677825,0.705693
0.0,0.4,0.3,0.2,unification,-0.351724,0.267688,0.5272,0.639244
0.0,0.4,0.3,0.3,unification,-0.219637,0.379353,0.537316,0.607922
0.0,0.4,0.3,0.4,recursive,-0.07888,0.493854,0.550236,0.491601
0.0,0.4,0.3,0.5,antifragile,-0.051467,0.573391,0.524755,0.46147
0.0,0.4,0.3,0.6,antifragile,0.096594,0.685938,0.47973,0.384234
0.0,0.4,0.3,0.7,antifragile,0.243541,0.699774,0.344593,0.337175
0.0,0.4,0.3,0.8,antifragile,0.322833,0.749276,0.359309,0.213594
0.0,0.4,0.3,0.9,antifragile,0.406016,0.904397,0.425044,0.037636
0.0,0.4,0.3,1.0,antifragile,0.490092,1.035569,0.334523,0.029817
0.0,0.4,0.4,0.0,unification,-0.614438,0.049929,0.824469,0.96704
0.0,0.4,0.4,0.1,unification,-0.546865,0.140377,0.770755,0.933627
0.0,0.4,0.4,0.2,unification,-0.412243,0.232211,0.679544,0.813384
0.0,0.4,0.4,0.3,recursive,-0.331401,0.334659,0.790326,0.698811
0.0,0.4,0.4,0.4,unification,-0.198886,0.473423,0.6449,0.756892
0.0,0.4,0.4,0.5,recursive,-0.128902,0.531204,0.56006,0.537424
0.0,0.4,0.4,0.6,antifragile,0.012447,0.652315,0.575955,0.532956
0.0,0.4,0.4,0.7,antifragile,0.105252,0.688392,0.655199,0.404712
0.0,0.4,0.4,0.8,antifragile,0.184026,0.765287,0.432866,0.346828
0.0,0.4,0.4,0.9,antifragile,0.311781,0.901368,0.436825,0.251575
0.0,0.4,0.4,1.0,antifragile,0.397663,0.936221,0.411215,0.160048
0.0,0.4,0.5,0.0,unification,-0.733373,-0.035473,0.918874,1.067807
0.0,0.4,0.5,0.1,unification,-0.666077,0.052802,0.910058,1.051671
0.0,0.4,0.5,0.2,recursive,-0.49975,0.257361,0.945632,0.849539
0.0,0.4,0.5,0.3,unification,-0.456919,0.259191,0.722459,0.796121
0.0,0.4,0.5,0.4,unification,-0.324983,0.32417,0.741752,0.767585
0.0,0.4,0.5,0.5,recursive,-0.175949,0.505386,0.71515,0.66133
0.0,0.4,0.5,0.6,antifragile,0.016057,0.586722,0.551876,0.544881
0.0,0.4,0.5,0.7,antifragile,-0.067025,0.670867,0.59891,0.486579
0.0,0.4,0.5,0.8,antifragile,0.230546,0.792449,0.601305,0.378446
0.0,0.4,0.5,0.9,antifragile,0.190043,0.86184,0.53365,0.247184
0.0,0.4,0.5,1.0,antifragile,0.340985,0.955704,0.474243,0.21433
0.0,0.4,0.6,0.0,unification,-0.866977,-0.038843,0.97454,1.26024
0.0,0.4,0.6,0.1,unification,-0.675957,0.050283,0.907192,1.166883
0.0,0.4,0.6,0.2,unification,-0.589458,0.13829,0.92952,1.108979
0.0,0.4,0.6,0.3,unification,-0.445416,0.343916,0.806679,0.975695
0.0,0.4,0.6,0.4,unification,-0.399436,0.345096,0.777537,0.815722
0.0,0.4,0.6,0.5,recursive,-0.285366,0.406582,0.7743,0.765298
0.0,0.4,0.6,0.6,unification,-0.234983,0.551715,0.737546,0.748964
0.0,0.4,0.6,0.7,recursive,0.039293,0.648864,0.714254,0.581122
0.0,0.4,0.6,0.8,antifragile,-0.024345,0.809141,0.603826,0.497803
0.0,0.4,0.6,0.9,antifragile,0.148045,0.82049,0.564875,0.449751
0.0,0.4,0.6,1.0,antifragile,0.321469,0.8797,0.500316,0.42713
0.0,0.4,0.7,0.0,unification,-0.905385,-0.096026,0.975892,1.317769
0.0,0.4,0.7,0.1,unification,-0.822735,0.088284,0.963171,1.265774
0.0,0.4,0.7,0.2,unification,-0.676243,0.005937,1.026689,1.125877
0.0,0.4,0.7,0.3,unification,-0.5834,0.232334,0.989229,1.127546
0.0,0.4,0.7,0.4,unification,-0.608865,0.275761,0.90191,1.005251
0.0,0.4,0.7,0.5,unification,-0.356119,0.449468,0.885423,0.919286
0.0,0.4,0.7,0.6,recursive,-0.362317,0.482226,0.835818,0.790478
0.0,0.4,0.7,0.7,recursive,-0.128436,0.64542,0.781343,0.606811
0.0,0.4,0.7,0.8,antifragile,-0.113904,0.789309,0.707673,0.575793
0.0,0.4,0.7,0.9,antifragile,0.121762,0.790668,0.750247,0.603848
0.0,0.4,0.7,1.0,antifragile,0.192928,0.90315,0.689874,0.618872
0.0,0.4,0.8,0.0,unification,-0.97145,-0.179017,1.162333,1.537074
0.0,0.4,0.8,0.1,unification,-0.849865,-0.02633,1.158247,1.441387
0.0,0.4,0.8,0.2,unification,-0.671374,0.0525,1.03463,1.294694
0.0,0.4,0.8,0.3,unification,-0.714511,0.140499,0.881866,1.203265
0.0,0.4,0.8,0.4,unification,-0.561532,0.255339,1.076769,1.140669
0.0,0.4,0.8,0.5,unification,-0.405449,0.388071,0.98132,1.068962
0.0,0.4,0.8,0.6,unification,-0.291561,0.472797,0.924806,0.988317
0.0,0.4,0.8,0.7,recursive,-0.264414,0.585249,0.971719,0.87148
0.0,0.4,0.8,0.8,recursive,-0.119027,0.722889,0.877013,0.800586
0.0,0.4,0.8,0.9,unification,-0.149169,0.780835,0.669026,0.788497
0.0,0.4,0.8,1.0,antifragile,0.088474,0.899984,0.694894,0.552375
0.0,0.4,0.9,0.0,unification,-1.096962,-0.13668,1.200423,1.609233
0.0,0.4,0.9,0.1,unification,-0.861628,0.001726,1.237475,1.562197
0.0,0.4,0.9,0.2,unification,-0.816027,0.045496,1.042262,1.425571
0.0,0.4,0.9,0.3,unification,-0.739413,0.10151,1.096182,1.315412
0.0,0.4,0.9,0.4,unification,-0.594899,0.282473,1.097577,1.29608
0.0,0.4,0.9,0.5,unification,-0.561862,0.349878,0.965741,1.070678
0.0,0.4,0.9,0.6,unification,-0.442496,0.4512,1.045463,1.173567
0.0,0.4,0.9,0.7,unification,-0.2615,0.480099,0.927387,1.034017
0.0,0.4,0.9,0.8,recursive,-0.103405,0.699005,0.96097,0.905611
0.0,0.4,0.9,0.9,unification,-0.16416,0.759445,0.809967,0.828078
0.0,0.4,0.9,1.0,antifragile,-0.015739,0.894646,0.807265,0.633038
0.0,0.4,1.0,0.0,unification,-1.174778,-0.204951,1.312132,1.725665
0.0,0.4,1.0,0.1,unification,-1.103685,-0.035483,1.193357,1.619149
0.0,0.4,1.0,0.2,unification,-0.945798,-0.010704,1.14956,1.593428
0.0,0.4,1.0,0.3,unification,-0.813845,0.11275,1.091958,1.510298
0.0,0.4,1.0,0.4,unification,-0.842994,0.22544,1.105627,1.332008
0.0,0.4,1.0,0.5,unification,-0.672096,0.295835,1.07779,1.334435
0.0,0.4,1.0,0.6,unification,-0.562303,0.44901,1.084059,1.185122
0.0,0.4,1.0,0.7,unification,-0.473297,0.412625,1.044537,1.117271
0.0,0.4,1.0,0.8,unification,-0.43861,0.563214,0.944948,1.128784
0.0,0.4,1.0,0.9,unification,-0.295139,0.612932,1.005498,1.032838
0.0,0.4,1.0,1.0,recursive,-0.137249,0.748396,0.940812,0.763645
0.0,0.5,0.0,0.0,recursive,-0.46806,0.210963,0.652495,0.578213
0.0,0.5,0.0,0.1,recursive,-0.259953,0.376689,0.640344,0.486158
0.0,0.5,0.0,0.2,antifragile,-0.155842,0.506103,0.41889,0.481379
0.0,0.5,0.0,0.3,antifragile,-0.095916,0.515124,0.442869,0.297099
0.0,0.5,0.0,0.4,antifragile,0.015845,0.618821,0.464777,0.253513
0.0,0.5,0.0,0.5,antifragile,0.178506,0.728559,0.326419,0.211985
0.0,0.5,0.0,0.6,antifragile,0.325967,0.925181,0.316195,0.067096
0.0,0.5,0.0,0.7,antifragile,0.433448,0.930955,0.268246,-0.015158
0.0,0.5,0.0,0.8,antifragile,0.532057,0.943621,0.234473,-0.07552
0.0,0.5,0.0,0.9,antifragile,0.664797,1.04977,0.122881,-0.26083
0.0,0.5,0.0,1.0,antifragile,0.662029,1.109342,0.167269,-0.309444
0.0,0.5,0.1,0.0,unification,-0.500138,0.151296,0.637975,0.791125
0.0,0.5,0.1,0.1,unification,-0.321903,0.285806,0.596949,0.618338
0.0,0.5,0.1,0.2,unification,-0.228613,0.409208,0.534619,0.556824
0.0,0.5,0.1,0.3,recursive,-0.236581,0.485586,0.578107,0.455997
0.0,0.5,0.1,0.4,antifragile,0.065826,0.525938,0.510872,0.383209
0.0,0.5,0.1,0.5,antifragile,0.079985,0.659284,0.465355,0.342398
0.0,0.5,0.1,0.6,antifragile,0.263887,0.759887,0.460766,0.179912
0.0,0.5,0.1,0.7,antifragile,0.343298,0.8169,0.434533,0.240532
0.0,0.5,0.1,0.8,antifragile,0.408896,0.840373,0.312596,0.106594
0.0,0.5,0.1,0.9,antifragile,0.552654,1.057446,0.350433,-0.015777
0.0,0.5,0.1,1.0,antifragile,0.695886,1.185971,0.336085,-0.10706
0.0,0.5,0.2,0.0,unification,-0.509737,0.139644,0.714927,0.935338
0.0,0.5,0.2,0.1,unification,-0.43419,0.290244,0.711187,0.735674
0.0,0.5,0.2,0.2,recursive,-0.334451,0.4168,0.692762,0.594426
0.0,0.5,0.2,0.3,recursive,-0.235762,0.529115,0.61431,0.504976
0.0,0.5,0.2,0.4,recursive,-0.020348,0.56912,0.581499,0.491429
0.0,0.5,0.2,0.5,antifragile,0.049118,0.602901,0.602413,0.45211
0.0,0.5,0.2,0.6,antifragile,0.117234,0.732276,0.496252,0.392282
0.0,0.5,0.2,0.7,antifragile,0.171733,0.738904,0.495722,0.286562
0.0,0.5,0.2,0.8,antifragile,0.349012,0.935386,0.408973,0.209374
0.0,0.5,0.2,0.9,antifragile,0.432722,0.985644,0.369405,0.186032
0.0,0.5,0.2,1.0,antifragile,0.458251,1.129989,0.261044,-0.005412
0.0,0.5,0.3,0.0,unification,-0.666681,0.015749,0.849452,0.955998
0.0,0.5,0.3,0.1,unification,-0.63996,0.256978,0.86175,0.964506
0.0,0.5,0.3,0.2,unification,-0.407052,0.312303,0.816408,0.889119
0.0,0.5,0.3,0.3,unification,-0.258322,0.357923,0.720067,0.741976
0.0,0.5,0.3,0.4,recursive,-0.295481,0.523468,0.78365,0.666997
0.0,0.5,0.3,0.5,recursive,-0.021329,0.604146,0.626339,0.569064
0.0,0.5,0.3,0.6,recursive,-0.025791,0.641811,0.653315,0.533617
0.0,0.5,0.3,0.7,antifragile,0.075445,0.8334,0.545652,0.39699
0.0,0.5,0.3,0.8,antifragile,0.258011,0.929718,0.514136,0.365508
0.0,0.5,0.3,0.9,antifragile,0.360471,1.006209,0.428337,0.317933
0.0,0.5,0.3,1.0,antifragile,0.478491,1.10565,0.349591,0.083865
0.0,0.5,0.4,0.0,unification,-0.673106,0.099345,0.819311,1.151914
0.0,0.5,0.4,0.1,unification,-0.652189,0.250566,0.870608,1.025235
0.0,0.5,0.4,0.2,unification,-0.456052,0.230125,0.785358,0.920175
0.0,0.5,0.4,0.3,unification,-0.363641,0.303456,0.711598,0.886186
0.0,0.5,0.4,0.4,unification,-0.325149,0.445389,0.662159,0.726051
0.0,0.5,0.4,0.5,unification,-0.185378,0.606519,0.676438,0.757869
0.0,0.5,0.4,0.6,recursive,-0.109228,0.620845,0.751868,0.600573
0.0,0.5,0.4,0.7,antifragile,0.007399,0.742243,0.702654,0.57831
0.0,0.5,0.4,0.8,antifragile,0.10416,0.842878,0.599508,0.370688
0.0,0.5,0.4,0.9,antifragile,0.252216,0.940266,0.61201,0.395371
0.0,0.5,0.4,1.0,antifragile,0.34854,1.024302,0.548215,0.220741
0.0,0.5,0.5,0.0,unification,-0.795568,0.045605,0.95153,1.177158
0.0,0.5,0.5,0.1,unification,-0.642647,0.137179,1.042018,1.114318
0.0,0.5,0.5,0.2,unification,-0.59044,0.359634,0.867131,0.960109
0.0,0.5,0.5,0.3,unification,-0.43067,0.29366,0.878965,0.940704
0.0,0.5,0.5,0.4,unification,-0.371592,0.382473,0.831003,0.907491
0.0,0.5,0.5,0.5,recursive,-0.325415,0.489996,0.782631,0.728559
0.0,0.5,0.5,0.6,recursive,-0.186128,0.62594,0.740023,0.701431
0.0,0.5,0.5,0.7,recursive,-0.055995,0.682213,0.754553,0.701799
0.0,0.5,0.5,0.8,antifragile,0.031781,0.83426,0.668019,0.563274
0.0,0.5,0.5,0.9,antifragile,0.243289,0.930433,0.551329,0.4827
0.0,0.5,0.5,1.0,antifragile,0.336643,0.98892,0.649782,0.340494
0.0,0.5,0.6,0.0,unification,-0.989277,0.022058,0.997176,1.338011
0.0,0.5,0.6,0.1,unification,-0.740658,0.014512,0.981025,1.213398
0.0,0.5,0.6,0.2,unification,-0.698166,0.186714,1.074957,1.227717
0.0,0.5,0.6,0.3,unification,-0.560236,0.307282,0.984661,1.051901
0.0,0.5,0.6,0.4,unification,-0.432139,0.339398,0.966769,1.069307
0.0,0.5,0.6,0.5,recursive,-0.354457,0.481189,0.905015,0.781924
0.0,0.5,0.6,0.6,unification,-0.239887,0.579332,0.842469,0.875327
0.0,0.5,0.6,0.7,recursive,-0.148738,0.62299,0.79793,0.758378
0.0,0.5,0.6,0.8,recursive,-0.029253,0.783096,0.816968,0.615698
0.0,0.5,0.6,0.9,antifragile,0.083785,0.934496,0.638269,0.593982
0.0,0.5,0.6,1.0,antifragile,0.155731,0.946464,0.63976,0.491522
0.0,0.5,0.7,0.0,unification,-0.912937,-0.083222,1.111519,1.409903
0.0,0.5,0.7,0.1,unification,-0.808629,0.051883,1.128718,1.369861
0.0,0.5,0.7,0.2,unification,-0.832221,0.158242,1.212912,1.374604
0.0,0.5,0.7,0.3,unification,-0.717647,0.297379,1.008424,1.131182
0.0,0.5,0.7,0.4,unification,-0.514024,0.418005,1.062303,1.111507
0.0,0.5,0.7,0.5,unification,-0.463339,0.492488,0.989575,1.030318
0.0,0.5,0.7,0.6,recursive,-0.425954,0.555694,0.98395,0.905121
0.0,0.5,0.7,0.7,recursive,-0.203062,0.661577,0.927507,0.923599
0.0,0.5,0.7,0.8,unification,-0.159723,0.659152,0.823324,0.839456
0.0,0.5,0.7,0.9,antifragile,-0.0421,0.800298,0.718932,0.797632
0.0,0.5,0.7,1.0,antifragile,0.136286,0.968495,0.818386,0.653835
0.0,0.5,0.8,0.0,unification,-1.107216,-0.063188,1.233622,1.731737
0.0,0.5,0.8,0.1,unification,-0.957204,0.01681,1.238275,1.464457
0.0,0.5,0.8,0.2,unification,-0.799775,0.101947,1.200054,1.483299
0.0,0.5,0.8,0.3,unification,-0.745762,0.234723,1.13554,1.342178
0.0,0.5,0.8,0.4,unification,-0.683835,0.302526,1.16898,1.254573
0.0,0.5,0.8,0.5,unification,-0.58429,0.394185,1.110019,1.20878
0.0,0.5,0.8,0.6,unification,-0.406984,0.502124,1.043668,1.057822
0.0,0.5,0.8,0.7,recursive,-0.337981,0.65849,1.018714,0.955905
0.0,0.5,0.8,0.8,recursive,-0.257776,0.710435,1.021307,0.824222
0.0,0.5,0.8,0.9,recursive,-0.091083,0.731198,0.863283,0.816779
0.0,0.5,0.8,1.0,antifragile,-0.016025,0.86831,0.85536,0.723237
0.0,0.5,0.9,0.0,unification,-1.258123,-0.051007,1.377644,1.767159
0.0,0.5,0.9,0.1,unification,-1.152037,0.019946,1.333799,1.58844
0.0,0.5,0.9,0.2,unification,-0.964541,0.094187,1.352108,1.651225
0.0,0.5,0.9,0.3,unification,-0.938218,0.319696,1.174239,1.519034
0.0,0.5,0.9,0.4,unification,-0.696475,0.240215,1.204663,1.379623
0.0,0.5,0.9,0.5,unification,-0.607283,0.396534,1.199817,1.30377
0.0,0.5,0.9,0.6,unification,-0.533394,0.534803,1.12902,1.251591
0.0,0.5,0.9,0.7,unification,-0.448229,0.522737,1.031614,1.098959
0.0,0.5,0.9,0.8,unification,-0.26569,0.718799,1.012243,1.116546
0.0,0.5,0.9,0.9,unification,-0.126577,0.77717,0.938905,1.038769
0.0,0.5,0.9,1.0,recursive,-0.088051,0.866308,0.92302,0.83051
0.0,0.5,1.0,0.0,unification,-1.348432,-0.093357,1.38583,2.002977
0.0,0.5,1.0,0.1,unification,-1.219304,-0.092869,1.410507,1.841466
0.0,0.5,1.0,0.2,unification,-1.051771,0.093612,1.252823,1.646124
0.0,0.5,1.0,0.3,unification,-0.998681,0.065248,1.310849,1.482859
0.0,0.5,1.0,0.4,unification,-0.90111,0.22814,1.223436,1.52982
0.0,0.5,1.0,0.5,unification,-0.709721,0.39469,1.262619,1.482041
0.0,0.5,1.0,0.6,unification,-0.615096,0.460173,1.210576,1.347083
0.0,0.5,1.0,0.7,unification,-0.52486,0.523378,1.104122,1.276081
0.0,0.5,1.0,0.8,unification,-0.399701,0.601841,1.071888,1.10948
0.0,0.5,1.0,0.9,unification,-0.236058,0.733931,1.02186,1.125427
0.0,0.5,1.0,1.0,recursive,-0.203022,0.754675,1.076061,0.973145
0.0,0.6,0.0,0.0,recursive,-0.470445,0.272059,0.747129,0.721002
0.0,0.6,0.0,0.1,unification,-0.399956,0.392194,0.625751,0.729396
0.0,0.6,0.0,0.2,unification,-0.230056,0.348248,0.627868,0.64723
0.0,0.6,0.0,0.3,antifragile,-0.041204,0.646548,0.519012,0.510608
0.0,0.6,0.0,0.4,antifragile,-0.0461,0.661214,0.466352,0.347777
0.0,0.6,0.0,0.5,antifragile,0.066188,0.789928,0.530036,0.308841
0.0,0.6,0.0,0.6,antifragile,0.142479,0.824418,0.412694,0.253484
0.0,0.6,0.0,0.7,antifragile,0.378909,0.987819,0.372239,-0.011977
0.0,0.6,0.0,0.8,antifragile,0.341652,1.101081,0.349937,0.002464
0.0,0.6,0.0,0.9,antifragile,0.622133,1.188258,0.331222,-0.05967
0.0,0.6,0.0,1.0,antifragile,0.643395,1.231358,0.370002,-0.108877
0.0,0.6,0.1,0.0,unification,-0.503699,0.293464,0.716516,0.882743
0.0,0.6,0.1,0.1,unification,-0.444728,0.204195,0.628592,0.709094
0.0,0.6,0.1,0.2,unification,-0.293439,0.43069,0.704218,0.772547
0.0,0.6,0.1,0.3,recursive,-0.273454,0.518628,0.670222,0.553186
0.0,0.6,0.1,0.4,recursive,-0.098584,0.535003,0.685495,0.470919
0.0,0.6,0.1,0.5,antifragile,0.11157,0.708376,0.626403,0.417335
0.0,0.6,0.1,0.6,antifragile,0.118463,0.775799,0.540956,0.3509
0.0,0.6,0.1,0.7,antifragile,0.190787,0.893748,0.464495,0.364983
0.0,0.6,0.1,0.8,antifragile,0.335513,1.072262,0.445219,0.177964
0.0,0.6,0.1,0.9,antifragile,0.383932,1.067646,0.425527,0.1593
0.0,0.6,0.1,1.0,antifragile,0.571099,1.254186,0.407036,0.07637
0.0,0.6,0.2,0.0,unification,-0.632952,0.319511,0.83573,0.931677
0.0,0.6,0.2,0.1,unification,-0.580503,0.411551,0.860972,0.868294
0.0,0.6,0.2,0.2,recursive,-0.347549,0.424385,0.878306,0.722608
0.0,0.6,0.2,0.3,unification,-0.313268,0.461874,0.641316,0.768016
0.0,0.6,0.2,0.4,recursive,-0.20352,0.616982,0.817989,0.612338
0.0,0.6,0.2,0.5,recursive,-0.101058,0.680933,0.709362,0.516664
0.0,0.6,0.2,0.6,antifragile,-0.001548,0.822859,0.638932,0.357764
0.0,0.6,0.2,0.7,antifragile,0.07873,0.940062,0.600096,0.33689
0.0,0.6,0.2,0.8,antifragile,0.24148,0.960662,0.576787,0.222087
0.0,0.6,0.2,0.9,antifragile,0.317953,1.068648,0.495008,0.233593
0.0,0.6,0.2,1.0,antifragile,0.408525,1.167856,0.514579,0.144341
0.0,0.6,0.3,0.0,unification,-0.713044,0.160206,0.903257,1.0914
0.0,0.6,0.3,0.1,unification,-0.547015,0.254049,0.86051,0.985388
0.0,0.6,0.3,0.2,unification,-0.489957,0.336324,0.889265,0.951142
0.0,0.6,0.3,0.3,recursive,-0.345551,0.521178,0.874793,0.793288
0.0,0.6,0.3,0.4,recursive,-0.325177,0.541211,0.762441,0.698084
0.0,0.6,0.3,0.5,recursive,-0.192085,0.616274,0.711408,0.654211
0.0,0.6,0.3,0.6,recursive,-0.001077,0.744962,0.82859,0.593525
0.0,0.6,0.3,0.7,antifragile,0.035497,0.830207,0.677825,0.521763
0.0,0.6,0.3,0.8,antifragile,0.263836,0.882734,0.667952,0.425388
0.0,0.6,0.3,0.9,antifragile,0.191445,1.058535,0.648381,0.287141
0.0,0.6,0.3,1.0,antifragile,0.379553,1.028732,0.48206,0.297401
0.0,0.6,0.4,0.0,unification,-0.833321,0.07456,1.041473,1.193879
0.0,0.6,0.4,0.1,unification,-0.723541,0.261966,0.931913,1.089732
0.0,0.6,0.4,0.2,unification,-0.582296,0.36847,1.011908,1.016747
0.0,0.6,0.4,0.3,recursive,-0.433131,0.375793,1.00131,0.908311
0.0,0.6,0.4,0.4,recursive,-0.303576,0.477176,0.970662,0.909566
0.0,0.6,0.4,0.5,recursive,-0.310801,0.578888,0.869059,0.847632
0.0,0.6,0.4,0.6,recursive,-0.153536,0.702233,0.827918,0.71659
0.0,0.6,0.4,0.7,recursive,-0.104675,0.754351,0.761756,0.685774
0.0,0.6,0.4,0.8,antifragile,0.150799,0.928976,0.724365,0.577441
0.0,0.6,0.4,0.9,antifragile,0.146662,0.977338,0.628793,0.392563
0.0,0.6,0.4,1.0,antifragile,0.306677,1.089276,0.664383,0.397306
0.0,0.6,0.5,0.0,unification,-0.887868,0.122831,1.112866,1.365645
0.0,0.6,0.5,0.1,unification,-0.826307,0.208485,1.108421,1.226516
0.0,0.6,0.5,0.2,unification,-0.677408,0.25382,1.008675,1.118754
0.0,0.6,0.5,0.3,unification,-0.506711,0.433284,1.021872,1.18861
0.0,0.6,0.5,0.4,unification,-0.469462,0.626588,0.943624,1.01776
0.0,0.6,0.5,0.5,recursive,-0.369889,0.588616,0.956781,0.914304
0.0,0.6,0.5,0.6,recursive,-0.151164,0.676957,0.888524,0.78955
0.0,0.6,0.5,0.7,recursive,-0.109075,0.753299,0.804588,0.711176
0.0,0.6,0.5,0.8,antifragile,0.113588,0.841826,0.722151,0.630089
0.0,0.6,0.5,0.9,antifragile,0.087422,0.977333,0.78274,0.613831
0.0,0.6,0.5,1.0,antifragile,0.167757,1.062022,0.671197,0.464018
0.0,0.6,0.6,0.0,unification,-1.035885,0.000581,1.25321,1.504431
0.0,0.6,0.6,0.1,unification,-0.831167,0.156966,1.19884,1.296936
0.0,0.6,0.6,0.2,unification,-0.726846,0.258856,1.151355,1.319001
0.0,0.6,0.6,0.3,unification,-0.709353,0.270098,1.044397,1.243246
0.0,0.6,0.6,0.4,unification,-0.515495,0.371603,0.990945,1.093838
0.0,0.6,0.6,0.5,unification,-0.457865,0.466897,0.928897,1.003908
0.0,0.6,0.6,0.6,unification,-0.325687,0.57097,0.95421,1.012928
0.0,0.6,0.6,0.7,recursive,-0.285089,0.714678,0.971238,0.854087
0.0,0.6,0.6,0.8,antifragile,-0.138683,0.878175,0.86469,0.845225
0.0,0.6,0.6,0.9,antifragile,0.021448,0.897858,0.863985,0.721022
0.0,0.6,0.6,1.0,antifragile,0.161044,0.982583,0.80206,0.616924
0.0,0.6,0.7,0.0,unification,-1.044793,-0.026259,1.335849,1.618316
0.0,0.6,0.7,0.1,unification,-1.035846,0.180413,1.356705,1.560092
0.0,0.6,0.7,0.2,unification,-0.788651,0.219269,1.121925,1.332794
0.0,0.6,0.7,0.3,unification,-0.737246,0.280401,1.119271,1.336863
0.0,0.6,0.7,0.4,unification,-0.609221,0.332362,1.102556,1.330494
0.0,0.6,0.7,0.5,unification,-0.583764,0.543488,1.060763,1.19729
0.0,0.6,0.7,0.6,recursive,-0.365134,0.632064,1.090458,1.02742
0.0,0.6,0.7,0.7,recursive,-0.254317,0.647365,1.017977,1.012912
0.0,0.6,0.7,0.8,recursive,-0.175744,0.801848,0.92281,0.847507
0.0,0.6,0.7,0.9,recursive,-0.046383,0.889292,0.982469,0.827763
0.0,0.6,0.7,1.0,antifragile,-0.050258,1.023306,0.866481,0.7621
0.0,0.6,0.8,0.0,unification,-1.202373,0.072215,1.326172,1.703129
0.0,0.6,0.8,0.1,unification,-1.054628,0.030391,1.346526,1.715596
0.0,0.6,0.8,0.2,unification,-0.974523,0.199757,1.152528,1.548054
0.0,0.6,0.8,0.3,unification,-0.855652,0.234075,1.304073,1.448688
0.0,0.6,0.8,0.4,unification,-0.738874,0.35114,1.114159,1.323401
0.0,0.6,0.8,0.5,unification,-0.571945,0.359502,1.131684,1.275014
0.0,0.6,0.8,0.6,unification,-0.422819,0.59843,1.102141,1.275226
0.0,0.6,0.8,0.7,unification,-0.437026,0.705455,1.022056,1.178663
0.0,0.6,0.8,0.8,unification,-0.310307,0.698575,1.039143,1.053867
0.0,0.6,0.8,0.9,unification,-0.204737,0.872698,0.98085,0.986019
0.0,0.6,0.8,1.0,recursive,-0.047889,0.936954,0.947931,0.877577
0.0,0.6,0.9,0.0,unification,-1.232487,0.05809,1.501971,1.893799
0.0,0.6,0.9,0.1,unification,-0.995574,0.075798,1.439232,1.795201
0.0,0.6,0.9,0.2,unification,-1.090448,0.122805,1.349692,1.707381
0.0,0.6,0.9,0.3,unification,-0.938709,0.246911,1.389373,1.633158
0.0,0.6,0.9,0.4,unification,-0.828086,0.3015,1.351764,1.543695
0.0,0.6,0.9,0.5,unification,-0.790313,0.414342,1.263276,1.458941
0.0,0.6,0.9,0.6,unification,-0.554495,0.539195,1.244262,1.338207
0.0,0.6,0.9,0.7,unification,-0.523693,0.606937,1.17595,1.248266
0.0,0.6,0.9,0.8,unification,-0.474279,0.695126,1.13781,1.150932
0.0,0.6,0.9,0.9,recursive,-0.282341,0.8344,1.041052,0.998598
0.0,0.6,0.9,1.0,recursive,-0.177408,0.943206,1.139378,1.034106
0.0,0.6,1.0,0.0,unification,-1.423413,-0.091618,1.552832,1.97888
0.0,0.6,1.0,0.1,unification,-1.213035,-0.030852,1.503247,1.906016
0.0,0.6,1.0,0.2,unification,-1.088716,0.069714,1.442742,1.664809
0.0,0.6,1.0,0.3,unification,-1.051073,0.178779,1.369021,1.723281
0.0,0.6,1.0,0.4,unification,-0.912797,0.187039,1.390775,1.583584
0.0,0.6,1.0,0.5,unification,-0.775716,0.330907,1.3415,1.530842
0.0,0.6,1.0,0.6,unification,-0.674845,0.496235,1.287242,1.383186
0.0,0.6,1.0,0.7,unification,-0.65386,0.555806,1.259586,1.344588
0.0,0.6,1.0,0.8,unification,-0.438739,0.666039,1.171749,1.276095
0.0,0.6,1.0,0.9,recursive,-0.348707,0.791244,1.273919,1.171555
0.0,0.6,1.0,1.0,recursive,-0.253674,0.891306,1.138829,1.094969
0.0,0.7,0.0,0.0,unification,-0.602463,0.289458,0.751315,0.75367
0.0,0.7,0.0,0.1,recursive,-0.454784,0.357645,0.794189,0.785055
0.0,0.7,0.0,0.2,unification,-0.350194,0.491989,0.632088,0.645283
0.0,0.7,0.0,0.3,recursive,-0.175051,0.641247,0.649348,0.637593
0.0,0.7,0.0,0.4,recursive,-0.160785,0.632619,0.680483,0.583556
0.0,0.7,0.0,0.5,antifragile,0.049672,0.787983,0.495241,0.313878
0.0,0.7,0.0,0.6,antifragile,0.14147,0.867097,0.509708,0.333277
0.0,0.7,0.0,0.7,antifragile,0.250757,1.027221,0.53183,0.30642
0.0,0.7,0.0,0.8,antifragile,0.3554,1.069233,0.538216,0.111078
0.0,0.7,0.0,0.9,antifragile,0.605722,1.188763,0.464041,0.101255
0.0,0.7,0.0,1.0,antifragile,0.668857,1.304625,0.324747,0.060174
0.0,0.7,0.1,0.0,unification,-0.632045,0.285358,0.826037,0.99131
0.0,0.7,0.1,0.1,unification,-0.537569,0.380008,0.835795,0.976251
0.0,0.7,0.1,0.2,recursive,-0.295887,0.472326,0.813199,0.776328
0.0,0.7,0.1,0.3,unification,-0.2297,0.548554,0.748933,0.75893
0.0,0.7,0.1,0.4,unification,-0.201915,0.658112,0.650934,0.66021
0.0,0.7,0.1,0.5,antifragile,0.032043,0.791061,0.76309,0.497695
0.0,0.7,0.1,0.6,antifragile,0.056816,0.802842,0.638612,0.493611
0.0,0.7,0.1,0.7,antifragile,0.160091,0.874368,0.544249,0.300942
0.0,0.7,0.1,0.8,antifragile,0.289573,1.143195,0.638123,0.190201
0.0,0.7,0.1,0.9,antifragile,0.446054,1.18182,0.452735,0.18484
0.0,0.7,0.1,1.0,antifragile,0.539776,1.257522,0.424545,0.145537
0.0,0.7,0.2,0.0,unification,-0.811875,0.233859,1.031898,1.09092
0.0,0.7,0.2,0.1,unification,-0.619947,0.384467,0.983738,1.070502
0.0,0.7,0.2,0.2,unification,-0.441283,0.489069,0.931645,0.933276
0.0,0.7,0.2,0.3,recursive,-0.370525,0.518137,0.794382,0.787234
0.0,0.7,0.2,0.4,recursive,-0.279101,0.637073,0.887041,0.74791
0.0,0.7,0.2,0.5,antifragile,-0.104826,0.773966,0.763428,0.694735
0.0,0.7,0.2,0.6,antifragile,-0.057176,0.881107,0.766792,0.520476
0.0,0.7,0.2,0.7,antifragile,0.073076,0.992406,0.685938,0.517386
0.0,0.7,0.2,0.8,antifragile,0.202294,0.953169,0.680535,0.340308
0.0,0.7,0.2,0.9,antifragile,0.253719,1.153786,0.632838,0.309776
0.0,0.7,0.2,1.0,antifragile,0.417323,1.191995,0.575629,0.272841
0.0,0.7,0.3,0.0,unification,-0.831368,0.212017,1.044387,1.13572
0.0,0.7,0.3,0.1,unification,-0.731023,0.38341,1.039236,1.063821
0.0,0.7,0.3,0.2,recursive,-0.652018,0.394392,1.058059,1.035662
0.0,0.7,0.3,0.3,recursive,-0.39965,0.512597,0.963563,0.893214
0.0,0.7,0.3,0.4,recursive,-0.308124,0.573253,0.943155,0.834292
0.0,0.7,0.3,0.5,recursive,-0.236148,0.7026,0.852298,0.810227
0.0,0.7,0.3,0.6,recursive,-0.14832,0.747547,0.900274,0.757448
0.0,0.7,0.3,0.7,antifragile,-0.063043,0.903422,0.742866,0.560766
0.0,0.7,0.3,0.8,antifragile,0.13669,0.884795,0.786343,0.522364
0.0,0.7,0.3,0.9,antifragile,0.184423,1.085488,0.72906,0.408683
0.0,0.7,0.3,1.0,antifragile,0.340886,1.165669,0.597197,0.356506
0.0,0.7,0.4,0.0,unification,-0.815936,0.25883,1.180867,1.280483
0.0,0.7,0.4,0.1,unification,-0.75047,0.312543,1.141285,1.294248
0.0,0.7,0.4,0.2,unification,-0.646837,0.361379,1.034582,1.075103
0.0,0.7,0.4,0.3,recursive,-0.538018,0.469303,1.052879,1.018123
0.0,0.7,0.4,0.4,unification,-0.412749,0.657727,0.988923,0.996917
0.0,0.7,0.4,0.5,unification,-0.31955,0.751617,0.893818,0.92516
0.0,0.7,0.4,0.6,recursive,-0.264983,0.71765,0.90252,0.897366
0.0,0.7,0.4,0.7,unification,-0.02495,0.862407,0.84617,0.869637
0.0,0.7,0.4,0.8,antifragile,-0.026378,0.906443,0.736253,0.729805
0.0,0.7,0.4,0.9,antifragile,0.153412,1.15089,0.715524,0.647909
0.0,0.7,0.4,1.0,antifragile,0.218507,1.165305,0.662611,0.563404
0.0,0.7,0.5,0.0,unification,-0.935674,0.138054,1.262256,1.426725
0.0,0.7,0.5,0.1,unification,-0.893972,0.211828,1.097364,1.423088
0.0,0.7,0.5,0.2,unification,-0.69542,0.294933,1.16741,1.281723
0.0,0.7,0.5,0.3,unification,-0.628586,0.393621,1.065829,1.262604
0.0,0.7,0.5,0.4,unification,-0.538194,0.621105,1.072315,1.078696
0.0,0.7,0.5,0.5,unification,-0.363653,0.64654,1.066344,1.09953
0.0,0.7,0.5,0.6,recursive,-0.34764,0.703637,0.981428,0.890463
0.0,0.7,0.5,0.7,recursive,-0.21818,0.871819,0.961867,0.802697
0.0,0.7,0.5,0.8,antifragile,-0.172792,0.983239,0.905484,0.752629
0.0,0.7,0.5,0.9,recursive,0.0013,0.921135,0.941155,0.680347
0.0,0.7,0.5,1.0,antifragile,0.19337,1.092583,0.901477,0.627835
0.0,0.7,0.6,0.0,unification,-1.022338,0.140955,1.346165,1.607397
0.0,0.7,0.6,0.1,unification,-0.966643,0.295772,1.229653,1.505215
0.0,0.7,0.6,0.2,unification,-0.844256,0.315122,1.213526,1.435737
0.0,0.7,0.6,0.3,unification,-0.743442,0.310902,1.195478,1.279972
0.0,0.7,0.6,0.4,unification,-0.711719,0.491844,1.179394,1.276335
0.0,0.7,0.6,0.5,unification,-0.486641,0.483371,1.046949,1.263676
0.0,0.7,0.6,0.6,unification,-0.45736,0.705542,1.040653,1.083984
0.0,0.7,0.6,0.7,recursive,-0.326663,0.798077,1.041839,0.972586
0.0,0.7,0.6,0.8,recursive,-0.237509,0.878389,0.934364,0.931374
0.0,0.7,0.6,0.9,antifragile,0.056324,1.027509,0.990917,0.82072
0.0,0.7,0.6,1.0,antifragile,-0.061938,0.988886,0.97914,0.700512
0.0,0.7,0.7,0.0,unification,-1.189963,0.061717,1.346898,1.653662
0.0,0.7,0.7,0.1,unification,-1.047524,0.120424,1.322949,1.59094
0.0,0.7,0.7,0.2,unification,-0.908882,0.248394,1.311071,1.574847
0.0,0.7,0.7,0.3,unification,-0.832102,0.341087,1.303523,1.49341
0.0,0.7,0.7,0.4,unification,-0.722354,0.45403,1.20091,1.331966
0.0,0.7,0.7,0.5,unification,-0.566543,0.567247,1.222765,1.304043
0.0,0.7,0.7,0.6,unification,-0.49269,0.674821,1.206755,1.250561
0.0,0.7,0.7,0.7,unification,-0.390039,0.80435,1.131423,1.151619
0.0,0.7,0.7,0.8,unification,-0.260896,0.84235,1.043212,1.070068
0.0,0.7,0.7,0.9,recursive,-0.022735,0.90626,1.04355,0.92769
0.0,0.7,0.7,1.0,antifragile,-0.079401,1.097222,0.966351,0.841296
0.0,0.7,0.8,0.0,unification,-1.324375,-0.002881,1.39958,1.87159
0.0,0.7,0.8,0.1,unification,-0.995015,0.111666,1.361662,1.8
0.0,0.7,0.8,0.2,unification,-1.061346,0.289967,1.390899,1.638409
0.0,0.7,0.8,0.3,unification,-0.923898,0.357889,1.353629,1.560164
0.0,0.7,0.8,0.4,unification,-0.814942,0.351407,1.344852,1.410664
0.0,0.7,0.8,0.5,unification,-0.717206,0.547969,1.300152,1.444516
0.0,0.7,0.8,0.6,unification,-0.588252,0.663487,1.291235,1.352307
0.0,0.7,0.8,0.7,recursive,-0.428623,0.737521,1.183027,1.177805
0.0,0.7,0.8,0.8,recursive,-0.343982,0.822304,1.219524,1.113184
0.0,0.7,0.8,0.9,recursive,-0.300322,0.912995,1.121442,0.980712
0.0,0.7,0.8,1.0,unification,-0.126245,0.892379,1.037737,1.057584
0.0,0.7,0.9,0.0,unification,-1.243756,-0.060783,1.55353,1.967131
0.0,0.7,0.9,0.1,unification,-1.135939,0.070357,1.506156,1.957436
0.0,0.7,0.9,0.2,unification,-1.133739,0.22611,1.416143,1.786438
0.0,0.7,0.9,0.3,unification,-1.08798,0.232228,1.49196,1.707505
0.0,0.7,0.9,0.4,unification,-0.910955,0.342563,1.398967,1.640056
0.0,0.7,0.9,0.5,unification,-0.735854,0.343743,1.328412,1.547955
0.0,0.7,0.9,0.6,unification,-0.679943,0.590169,1.343377,1.439757
0.0,0.7,0.9,0.7,recursive,-0.591343,0.652725,1.347437,1.3334
0.0,0.7,0.9,0.8,recursive,-0.45814,0.769167,1.328018,1.269985
0.0,0.7,0.9,0.9,recursive,-0.29706,0.916599,1.206812,1.189464
0.0,0.7,0.9,1.0,recursive,-0.251453,0.937209,1.212712,1.12655
0.0,0.7,1.0,0.0,unification,-1.413236,-0.091261,1.606625,2.197172
0.0,0.7,1.0,0.1,unification,-1.323891,0.021261,1.686555,2.01909
0.0,0.7,1.0,0.2,unification,-1.176092,0.148098,1.559066,1.911521
0.0,0.7,1.0,0.3,unification,-1.164137,0.245604,1.549802,1.927523
0.0,0.7,1.0,0.4,unification,-0.9807,0.228291,1.490301,1.886975
0.0,0.7,1.0,0.5,unification,-0.831682,0.399456,1.484555,1.627899
0.0,0.7,1.0,0.6,unification,-0.83269,0.517582,1.419576,1.486392
0.0,0.7,1.0,0.7,unification,-0.712458,0.630517,1.354591,1.514741
0.0,0.7,1.0,0.8,unification,-0.605733,0.760706,1.275812,1.492137
0.0,0.7,1.0,0.9,unification,-0.520788,0.765372,1.315869,1.408212
0.0,0.7,1.0,1.0,recursive,-0.309248,0.943143,1.255877,1.18868
0.0,0.8,0.0,0.0,unification,-0.624507,0.299405,0.856065,0.980087
0.0,0.8,0.0,0.1,unification,-0.546159,0.470978,0.814909,0.889819
0.0,0.8,0.0,0.2,recursive,-0.404434,0.620331,0.856186,0.851789
0.0,0.8,0.0,0.3,recursive,-0.307782,0.647807,0.750946,0.68432
0.0,0.8,0.0,0.4,antifragile,-0.173105,0.703707,0.699225,0.549324
0.0,0.8,0.0,0.5,antifragile,-0.166987,0.782183,0.751375,0.455075
0.0,0.8,0.0,0.6,antifragile,-0.008406,1.019545,0.648175,0.466052
0.0,0.8,0.0,0.7,antifragile,0.202116,1.058126,0.563884,0.353447
0.0,0.8,0.0,0.8,antifragile,0.199089,1.242316,0.520256,0.227608
0.0,0.8,0.0,0.9,antifragile,0.33797,1.140167,0.62763,0.316122
0.0,0.8,0.0,1.0,antifragile,0.476213,1.243979,0.408154,0.097795
0.0,0.8,0.1,0.0,unification,-0.705818,0.292435,1.016069,1.104759
0.0,0.8,0.1,0.1,unification,-0.563846,0.404194,0.909919,1.033292
0.0,0.8,0.1,0.2,recursive,-0.469374,0.559418,0.964504,0.843912
0.0,0.8,0.1,0.3,unification,-0.431711,0.572223,0.832187,0.867763
0.0,0.8,0.1,0.4,recursive,-0.232435,0.759959,0.864824,0.755432
0.0,0.8,0.1,0.5,antifragile,-0.080014,0.823486,0.808405,0.734023
0.0,0.8,0.1,0.6,antifragile,-0.024241,0.879783,0.723109,0.610151
0.0,0.8,0.1,0.7,antifragile,0.141853,0.987471,0.790396,0.391499
0.0,0.8,0.1,0.8,antifragile,0.187227,1.082995,0.64865,0.524193
0.0,0.8,0.1,0.9,antifragile,0.29669,1.159613,0.646298,0.219859
0.0,0.8,0.1,1.0,antifragile,0.372007,1.324162,0.573553,0.193556
0.0,0.8,0.2,0.0,unification,-0.714524,0.357013,1.11585,1.187244
0.0,0.8,0.2,0.1,unification,-0.681974,0.344793,1.000261,1.072779
0.0,0.8,0.2,0.2,unification,-0.590903,0.428264,0.931815,1.05097
0.0,0.8,0.2,0.3,unification,-0.43827,0.66004,0.936583,0.969805
0.0,0.8,0.2,0.4,recursive,-0.324364,0.657308,0.967217,0.908761
0.0,0.8,0.2,0.5,recursive,-0.213629,0.752218,0.872123,0.716612
0.0,0.8,0.2,0.6,antifragile,-0.160296,0.8289,0.793801,0.721996
0.0,0.8,0.2,0.7,antifragile,0.049831,0.909597,0.824172,0.563294
0.0,0.8,0.2,0.8,antifragile,0.084754,1.015484,0.800095,0.496061
0.0,0.8,0.2,0.9,antifragile,0.260583,1.132714,0.69752,0.382335
0.0,0.8,0.2,1.0,antifragile,0.33266,1.284761,0.703666,0.471942
0.0,0.8,0.3,0.0,unification,-0.798511,0.239624,1.159099,1.358485
0.0,0.8,0.3,0.1,unification,-0.801901,0.408314,1.15308,1.262823
0.0,0.8,0.3,0.2,unification,-0.615652,0.531141,1.103548,1.159348
0.0,0.8,0.3,0.3,unification,-0.464564,0.588378,1.038951,1.080259
0.0,0.8,0.3,0.4,recursive,-0.420231,0.653091,0.94717,0.917876
0.0,0.8,0.3,0.5,recursive,-0.36437,0.681763,0.942809,0.941736
0.0,0.8,0.3,0.6,recursive,-0.218446,0.83482,0.873785,0.801918
0.0,0.8,0.3,0.7,antifragile,-0.070637,0.949748,0.858771,0.748083
0.0,0.8,0.3,0.8,antifragile,0.119942,1.01412,0.820341,0.646312
0.0,0.8,0.3,0.9,antifragile,0.124609,1.102442,0.813432,0.497828
0.0,0.8,0.3,1.0,antifragile,0.181868,1.197533,0.766737,0.456691
0.0,0.8,0.4,0.0,unification,-0.968851,0.223051,1.304471,1.455039
0.0,0.8,0.4,0.1,unification,-0.830045,0.28792,1.248605,1.393787
0.0,0.8,0.4,0.2,unification,-0.696709,0.445673,1.209437,1.285079
0.0,0.8,0.4,0.3,unification,-0.617753,0.558175,1.107396,1.17358
0.0,0.8,0.4,0.4,unification,-0.510928,0.620764,1.058795,1.116262
0.0,0.8,0.4,0.5,recursive,-0.4147,0.584236,1.04902,1.027134
0.0,0.8,0.4,0.6,recursive,-0.308015,0.860796,0.95921,0.908769
0.0,0.8,0.4,0.7,recursive,-0.32061,0.860954,0.960218,0.839501
0.0,0.8,0.4,0.8,antifragile,-0.024616,1.023031,0.943893,0.761469
0.0,0.8,0.4,0.9,antifragile,0.081309,1.074012,0.859086,0.609188
0.0,0.8,0.4,1.0,antifragile,0.117934,1.207732,0.973827,0.613081
0.0,0.8,0.5,0.0,unification,-1.088268,0.125752,1.372598,1.496769
0.0,0.8,0.5,0.1,unification,-0.912483,0.320886,1.326814,1.489017
0.0,0.8,0.5,0.2,unification,-0.801753,0.383547,1.226094,1.507521
0.0,0.8,0.5,0.3,unification,-0.737584,0.508788,1.104069,1.393824
0.0,0.8,0.5,0.4,unification,-0.536562,0.566492,1.212939,1.272926
0.0,0.8,0.5,0.5,unification,-0.532139,0.687356,1.104568,1.129562
0.0,0.8,0.5,0.6,recursive,-0.333653,0.803733,1.069681,1.038321
0.0,0.8,0.5,0.7,recursive,-0.31228,0.886632,1.015001,1.007836
0.0,0.8,0.5,0.8,recursive,-0.132658,0.940588,1.075503,0.889784
0.0,0.8,0.5,0.9,recursive,-0.070693,0.991138,1.035859,0.781674
0.0,0.8,0.5,1.0,antifragile,0.067489,1.131434,0.892361,0.704545
0.0,0.8,0.6,0.0,unification,-1.070856,0.160083,1.379542,1.725266
0.0,0.8,0.6,0.1,unification,-1.037306,0.417702,1.404256,1.605969
0.0,0.8,0.6,0.2,unification,-0.848999,0.247948,1.354716,1.639721
0.0,0.8,0.6,0.3,unification,-0.81581,0.348335,1.290204,1.527726
0.0,0.8,0.6,0.4,unification,-0.681197,0.488057,1.235738,1.342015
0.0,0.8,0.6,0.5,unification,-0.57194,0.69191,1.282621,1.307801
0.0,0.8,0.6,0.6,recursive,-0.546582,0.653603,1.216663,1.132726
0.0,0.8,0.6,0.7,recursive,-0.381278,0.830208,1.09312,1.063787
0.0,0.8,0.6,0.8,recursive,-0.264706,0.935183,1.163076,1.060353
0.0,0.8,0.6,0.9,recursive,-0.146317,0.96769,1.016455,0.919456
0.0,0.8,0.6,1.0,antifragile,-0.019503,1.116831,0.925005,0.820716
0.0,0.8,0.7,0.0,unification,-1.169775,0.118961,1.44415,1.952791
0.0,0.8,0.7,0.1,unification,-1.121447,0.229217,1.494976,1.73162
0.0,0.8,0.7,0.2,unification,-1.046379,0.411084,1.48516,1.706097
0.0,0.8,0.7,0.3,unification,-0.871186,0.349834,1.458877,1.537843
0.0,0.8,0.7,0.4,unification,-0.775836,0.413031,1.252957,1.510915
0.0,0.8,0.7,0.5,unification,-0.720455,0.490542,1.34203,1.516004
0.0,0.8,0.7,0.6,unification,-0.500522,0.672134,1.275442,1.369385
0.0,0.8,0.7,0.7,unification,-0.403894,0.762823,1.236709,1.255031
0.0,0.8,0.7,0.8,unification,-0.322306,0.868346,1.188996,1.223992
0.0,0.8,0.7,0.9,recursive,-0.179524,0.993871,1.240955,1.050678
0.0,0.8,0.7,1.0,recursive,-0.048851,1.092126,1.278551,0.925376
0.0,0.8,0.8,0.0,unification,-1.354467,0.10094,1.619862,2.057507
0.0,0.8,0.8,0.1,unification,-1.243419,0.220246,1.618123,1.910232
0.0,0.8,0.8,0.2,unification,-1.14805,0.340388,1.581466,1.819979
0.0,0.8,0.8,0.3,unification,-0.979783,0.376305,1.476063,1.737039
0.0,0.8,0.8,0.4,unification,-0.878443,0.417574,1.38757,1.582398
0.0,0.8,0.8,0.5,unification,-0.758893,0.553652,1.410767,1.560041
0.0,0.8,0.8,0.6,unification,-0.691366,0.723283,1.346614,1.428329
0.0,0.8,0.8,0.7,unification,-0.525881,0.653174,1.280473,1.414054
0.0,0.8,0.8,0.8,recursive,-0.526871,0.895879,1.355557,1.261527
0.0,0.8,0.8,0.9,unification,-0.315409,0.990954,1.216661,1.238389
0.0,0.8,0.8,1.0,recursive,-0.253557,1.00612,1.160033,1.127132
0.0,0.8,0.9,0.0,unification,-1.352102,0.035794,1.621438,2.030865
0.0,0.8,0.9,0.1,unification,-1.28027,0.232206,1.664686,1.980655
0.0,0.8,0.9,0.2,unification,-1.151691,0.223025,1.586086,1.867077
0.0,0.8,0.9,0.3,unification,-1.009578,0.20304,1.604893,1.806813
0.0,0.8,0.9,0.4,unification,-0.990517,0.509616,1.489293,1.710997
0.0,0.8,0.9,0.5,unification,-0.86652,0.540692,1.462907,1.581307
0.0,0.8,0.9,0.6,unification,-0.793285,0.679067,1.448739,1.597554
0.0,0.8,0.9,0.7,recursive,-0.653071,0.677025,1.488878,1.48059
0.0,0.8,0.9,0.8,unification,-0.552168,0.859807,1.328882,1.375264
0.0,0.8,0.9,0.9,unification,-0.419488,0.900014,1.337981,1.424583
0.0,0.8,0.9,1.0,recursive,-0.293188,0.876097,1.301315,1.236894
0.0,0.8,1.0,0.0,unification,-1.497827,0.022297,1.768566,2.207369
0.0,0.8,1.0,0.1,unification,-1.359348,0.077896,1.682616,2.276189
0.0,0.8,1.0,0.2,unification,-1.315793,0.205007,1.615217,2.045823
0.0,0.8,1.0,0.3,unification,-1.216661,0.272876,1.702253,1.9786
0.0,0.8,1.0,0.4,unification,-1.03158,0.30144,1.701845,1.810406
0.0,0.8,1.0,0.5,unification,-0.873572,0.536077,1.598867,1.742251
0.0,0.8,1.0,0.6,unification,-0.832421,0.556454,1.531452,1.687506
0.0,0.8,1.0,0.7,unification,-0.831931,0.731089,1.485945,1.59076
0.0,0.8,1.0,0.8,unification,-0.648016,0.787923,1.405312,1.417241
0.0,0.8,1.0,0.9,recursive,-0.489644,0.890955,1.400018,1.387605
0.0,0.8,1.0,1.0,unification,-0.395553,0.886773,1.318638,1.322465
0.0,0.9,0.0,0.0,unification,-0.632803,0.386869,1.012607,1.177735
0.0,0.9,0.0,0.1,recursive,-0.547377,0.51695,0.976515,0.965181
0.0,0.9,0.0,0.2,recursive,-0.56432,0.643437,0.977415,0.901042
0.0,0.9,0.0,0.3,recursive,-0.351861,0.726807,0.837264,0.795506
0.0,0.9,0.0,0.4,recursive,-0.291815,0.873575,0.918783,0.629865
0.0,0.9,0.0,0.5,antifragile,-0.200688,0.873383,0.811378,0.588781
0.0,0.9,0.0,0.6,antifragile,0.082238,0.990627,0.818741,0.535399
0.0,0.9,0.0,0.7,antifragile,0.131114,1.050978,0.740833,0.51555
0.0,0.9,0.0,0.8,antifragile,0.12355,1.244851,0.724119,0.464047
0.0,0.9,0.0,0.9,antifragile,0.261229,1.213842,0.616905,0.327515
0.0,0.9,0.0,1.0,antifragile,0.428299,1.331779,0.584297,0.16667
0.0,0.9,0.1,0.0,unification,-0.767424,0.346721,1.08572,1.282354
0.0,0.9,0.1,0.1,unification,-0.659116,0.528502,1.053337,1.132239
0.0,0.9,0.1,0.2,recursive,-0.547774,0.475119,1.111417,1.028242
0.0,0.9,0.1,0.3,recursive,-0.397679,0.617399,0.991758,0.906657
0.0,0.9,0.1,0.4,recursive,-0.2632,0.76557,0.978353,0.932909
0.0,0.9,0.1,0.5,antifragile,-0.157183,0.883267,0.848914,0.745216
0.0,0.9,0.1,0.6,antifragile,-0.155194,0.976377,0.888533,0.625474
0.0,0.9,0.1,0.7,antifragile,-0.004437,0.960294,0.837342,0.527231
0.0,0.9,0.1,0.8,antifragile,0.141441,1.148898,0.895397,0.567394
0.0,0.9,0.1,0.9,antifragile,0.203854,1.265904,0.690117,0.391876
0.0,0.9,0.1,1.0,antifragile,0.351657,1.212088,0.718142,0.303987
0.0,0.9,0.2,0.0,unification,-0.849935,0.281113,1.226212,1.330966
0.0,0.9,0.2,0.1,unification,-0.674982,0.430337,1.126568,1.232656
0.0,0.9,0.2,0.2,unification,-0.702212,0.545307,1.154493,1.28346
0.0,0.9,0.2,0.3,unification,-0.556092,0.60661,1.056212,1.085606
0.0,0.9,0.2,0.4,recursive,-0.395915,0.712331,1.099316,0.959151
0.0,0.9,0.2,0.5,recursive,-0.255691,0.836925,1.004399,0.889253
0.0,0.9,0.2,0.6,recursive,-0.073667,0.86415,0.979897,0.782489
0.0,0.9,0.2,0.7,antifragile,0.004281,1.044341,0.891083,0.76063
0.0,0.9,0.2,0.8,antifragile,0.037885,1.069169,0.922908,0.669465
0.0,0.9,0.2,0.9,antifragile,0.145785,1.187904,0.866553,0.576469
0.0,0.9,0.2,1.0,antifragile,0.247955,1.252949,0.889688,0.427479
0.0,0.9,0.3,0.0,unification,-0.923618,0.283988,1.377977,1.409826
0.0,0.9,0.3,0.1,unification,-0.871763,0.346509,1.266173,1.301347
0.0,0.9,0.3,0.2,unification,-0.748926,0.382382,1.222021,1.259989
0.0,0.9,0.3,0.3,unification,-0.689403,0.63928,1.104617,1.239847
0.0,0.9,0.3,0.4,recursive,-0.540052,0.760079,1.167478,1.064598
0.0,0.9,0.3,0.5,recursive,-0.440854,0.805276,1.076881,1.021533
0.0,0.9,0.3,0.6,recursive,-0.221388,0.832566,1.054565,0.992731
0.0,0.9,0.3,0.7,recursive,-0.134544,0.957019,0.995555,0.773059
0.0,0.9,0.3,0.8,antifragile,-0.117812,1.075918,0.963106,0.778746
0.0,0.9,0.3,0.9,antifragile,0.096963,1.095634,0.918191,0.699436
0.0,0.9,0.3,1.0,antifragile,0.119792,1.321574,0.935429,0.619507
0.0,0.9,0.4,0.0,unification,-0.945288,0.190055,1.374614,1.598317
0.0,0.9,0.4,0.1,unification,-0.970728,0.375036,1.279671,1.529528
0.0,0.9,0.4,0.2,unification,-0.762108,0.468617,1.20236,1.36166
0.0,0.9,0.4,0.3,unification,-0.676764,0.55106,1.1203,1.387142
0.0,0.9,0.4,0.4,recursive,-0.588167,0.604046,1.264748,1.206123
0.0,0.9,0.4,0.5,recursive,-0.519423,0.757918,1.264052,1.236179
0.0,0.9,0.4,0.6,recursive,-0.357014,0.858119,1.174575,1.007151
0.0,0.9,0.4,0.7,recursive,-0.232793,0.893296,1.110924,0.973627
0.0,0.9,0.4,0.8,antifragile,-0.12994,1.030905,0.901348,0.908945
0.0,0.9,0.4,0.9,antifragile,-0.012892,1.142296,1.009871,0.897108
0.0,0.9,0.4,1.0,antifragile,0.080569,1.236884,1.027225,0.74813
0.0,0.9,0.5,0.0,unification,-1.169901,0.108083,1.436144,1.743047
0.0,0.9,0.5,0.1,unification,-1.032655,0.365059,1.427436,1.684403
0.0,0.9,0.5,0.2,unification,-0.919761,0.443381,1.405294,1.61008
0.0,0.9,0.5,0.3,unification,-0.880332,0.49208,1.382426,1.527295
0.0,0.9,0.5,0.4,unification,-0.672996,0.595365,1.337856,1.408435
0.0,0.9,0.5,0.5,unification,-0.592983,0.721515,1.319026,1.374523
0.0,0.9,0.5,0.6,unification,-0.42787,0.802207,1.217296,1.22287
0.0,0.9,0.5,0.7,unification,-0.360784,0.904482,1.127106,1.174853
0.0,0.9,0.5,0.8,recursive,-0.302009,0.968394,1.14488,1.124549
0.0,0.9,0.5,0.9,recursive,-0.156134,1.051699,1.072459,1.022945
0.0,0.9,0.5,1.0,recursive,-0.165617,1.129863,1.196564,0.884544
0.0,0.9,0.6,0.0,unification,-1.270299,0.192904,1.548373,1.872306
0.0,0.9,0.6,0.1,unification,-1.013025,0.309428,1.478011,1.784354
0.0,0.9,0.6,0.2,unification,-1.029913,0.333333,1.377005,1.581744
0.0,0.9,0.6,0.3,unification,-0.929822,0.421111,1.440662,1.51503
0.0,0.9,0.6,0.4,unification,-0.932183,0.522804,1.361407,1.459728
0.0,0.9,0.6,0.5,unification,-0.589024,0.639323,1.389046,1.404051
0.0,0.9,0.6,0.6,recursive,-0.557115,0.723231,1.302061,1.281745
0.0,0.9,0.6,0.7,unification,-0.436499,0.848188,1.217769,1.284595
0.0,0.9,0.6,0.8,recursive,-0.313658,0.932597,1.232275,1.145809
0.0,0.9,0.6,0.9,recursive,-0.26838,1.053525,1.153949,1.017753
0.0,0.9,0.6,1.0,recursive,-0.196138,1.12707,1.173349,0.945267
0.0,0.9,0.7,0.0,unification,-1.178965,0.204284,1.695217,1.994762
0.0,0.9,0.7,0.1,unification,-1.102357,0.21565,1.461963,1.847694
0.0,0.9,0.7,0.2,unification,-1.057089,0.357576,1.563774,1.851046
0.0,0.9,0.7,0.3,unification,-0.955897,0.484946,1.463022,1.64523
0.0,0.9,0.7,0.4,unification,-0.784294,0.545045,1.438839,1.58393
0.0,0.9,0.7,0.5,unification,-0.787456,0.599552,1.365843,1.454979
0.0,0.9,0.7,0.6,unification,-0.65475,0.700354,1.445358,1.459654
0.0,0.9,0.7,0.7,unification,-0.521734,0.787844,1.343949,1.37805
0.0,0.9,0.7,0.8,recursive,-0.38919,0.915305,1.363956,1.275399
0.0,0.9,0.7,0.9,unification,-0.275358,0.990507,1.179371,1.203418
0.0,0.9,0.7,1.0,recursive,-0.168734,1.138767,1.251109,1.087571
0.0,0.9,0.8,0.0,unification,-1.435337,0.152586,1.736322,2.051955
0.0,0.9,0.8,0.1,unification,-1.229529,0.175857,1.645824,2.076821
0.0,0.9,0.8,0.2,unification,-1.131571,0.2971,1.649369,1.91774
0.0,0.9,0.8,0.3,unification,-1.202281,0.364676,1.592458,1.807169
0.0,0.9,0.8,0.4,unification,-0.942645,0.561474,1.538923,1.687117
0.0,0.9,0.8,0.5,unification,-0.828757,0.583669,1.507197,1.640411
0.0,0.9,0.8,0.6,unification,-0.622908,0.582965,1.455583,1.569816
0.0,0.9,0.8,0.7,unification,-0.664057,0.834991,1.475663,1.482612
0.0,0.9,0.8,0.8,unification,-0.528534,0.879402,1.389761,1.396081
0.0,0.9,0.8,0.9,recursive,-0.4144,0.992622,1.392661,1.253487
0.0,0.9,0.8,1.0,recursive,-0.347533,0.987574,1.35832,1.242516
0.0,0.9,0.9,0.0,unification,-1.459737,0.018525,1.889247,2.174557
0.0,0.9,0.9,0.1,unification,-1.36659,0.227719,1.710651,2.092684
0.0,0.9,0.9,0.2,unification,-1.256041,0.422874,1.735056,2.115318
0.0,0.9,0.9,0.3,unification,-1.094716,0.393401,1.63054,2.002988
0.0,0.9,0.9,0.4,unification,-1.119906,0.550044,1.65,1.732489
0.0,0.9,0.9,0.5,unification,-0.952025,0.597697,1.588149,1.81575
0.0,0.9,0.9,0.6,unification,-0.867501,0.594701,1.556428,1.696578
0.0,0.9,0.9,0.7,unification,-0.732419,0.816365,1.47749,1.625658
0.0,0.9,0.9,0.8,unification,-0.601602,0.772164,1.414048,1.525596
0.0,0.9,0.9,0.9,recursive,-0.39594,0.973963,1.353718,1.284476
0.0,0.9,0.9,1.0,recursive,-0.348347,1.035189,1.457063,1.310964
0.0,0.9,1.0,0.0,unification,-1.557489,0.097309,1.862627,2.308696
0.0,0.9,1.0,0.1,unification,-1.463737,0.177134,1.844283,2.2937
0.0,0.9,1.0,0.2,unification,-1.378097,0.17858,1.903849,2.129768
0.0,0.9,1.0,0.3,unification,-1.273422,0.33671,1.768359,2.055666
0.0,0.9,1.0,0.4,unification,-1.135872,0.433012,1.733741,1.872126
0.0,0.9,1.0,0.5,unification,-0.930956,0.522636,1.714031,1.836095
0.0,0.9,1.0,0.6,unification,-0.93855,0.591384,1.718486,1.790709
0.0,0.9,1.0,0.7,unification,-0.767096,0.687479,1.582369,1.722722
0.0,0.9,1.0,0.8,unification,-0.630808,0.720507,1.499217,1.552635
0.0,0.9,1.0,0.9,unification,-0.639375,0.86942,1.444276,1.528293
0.0,0.9,1.0,1.0,recursive,-0.575736,0.954101,1.545021,1.500179
0.0,1.0,0.0,0.0,unification,-0.740627,0.399861,1.073196,1.143042
0.0,1.0,0.0,0.1,recursive,-0.64216,0.588409,1.155118,1.146531
0.0,1.0,0.0,0.2,recursive,-0.566878,0.641227,1.053933,1.019941
0.0,1.0,0.0,0.3,recursive,-0.318144,0.6469,1.018266,1.005587
0.0,1.0,0.0,0.4,recursive,-0.383295,0.797813,0.963548,0.848836
0.0,1.0,0.0,0.5,recursive,-0.279798,0.954764,0.983314,0.800419
0.0,1.0,0.0,0.6,antifragile,-0.133519,1.024326,0.865028,0.67337
0.0,1.0,0.0,0.7,antifragile,0.127673,1.119785,0.810624,0.614017
0.0,1.0,0.0,0.8,antifragile,0.06241,1.150049,0.777944,0.497785
0.0,1.0,0.0,0.9,antifragile,0.286848,1.33392,0.81615,0.380054
0.0,1.0,0.0,1.0,antifragile,0.322934,1.4136,0.718584,0.336082
0.0,1.0,0.1,0.0,unification,-0.817932,0.397561,1.246303,1.404636
0.0,1.0,0.1,0.1,recursive,-0.738593,0.568967,1.222969,1.166638
0.0,1.0,0.1,0.2,unification,-0.675107,0.56332,1.112258,1.150486
0.0,1.0,0.1,0.3,recursive,-0.479268,0.762758,1.130409,1.047716
0.0,1.0,0.1,0.4,recursive,-0.504112,0.798529,1.076289,0.994146
0.0,1.0,0.1,0.5,recursive,-0.184688,0.95203,1.074253,0.851896
0.0,1.0,0.1,0.6,antifragile,-0.20565,0.980258,0.95623,0.840023
0.0,1.0,0.1,0.7,antifragile,-0.052155,1.025585,1.014841,0.735116
0.0,1.0,0.1,0.8,antifragile,-0.046454,1.172433,0.92906,0.69364
0.0,1.0,0.1,0.9,antifragile,0.133126,1.311397,0.884357,0.494247
0.0,1.0,0.1,1.0,antifragile,0.189242,1.421128,0.894799,0.491145
0.0,1.0,0.2,0.0,unification,-0.855215,0.43283,1.354181,1.404434
0.0,1.0,0.2,0.1,unification,-0.733429,0.501815,1.260708,1.331586
0.0,1.0,0.2,0.2,recursive,-0.697161,0.486447,1.274984,1.232321
0.0,1.0,0.2,0.3,recursive,-0.58147,0.638919,1.186779,1.157155
0.0,1.0,0.2,0.4,recursive,-0.498061,0.854469,1.229253,1.127724
0.0,1.0,0.2,0.5,recursive,-0.381265,0.89721,1.176499,0.983509
0.0,1.0,0.2,0.6,recursive,-0.273872,0.858902,1.136155,1.043251
0.0,1.0,0.2,0.7,recursive,-0.155996,0.938749,1.070445,0.809796
0.0,1.0,0.2,0.8,antifragile,-0.083167,1.171329,1.012728,0.745595
0.0,1.0,0.2,0.9,antifragile,0.02752,1.241292,0.939527,0.629538
0.0,1.0,0.2,1.0,antifragile,0.153372,1.34698,0.911095,0.529325
0.0,1.0,0.3,0.0,unification,-0.970547,0.208059,1.382682,1.54399
0.0,1.0,0.3,0.1,unification,-0.902591,0.468083,1.421338,1.45438
0.0,1.0,0.3,0.2,unification,-0.770671,0.544791,1.239423,1.500027
0.0,1.0,0.3,0.3,unification,-0.761939,0.650975,1.304498,1.333782
0.0,1.0,0.3,0.4,unification,-0.604729,0.766363,1.166982,1.231709
0.0,1.0,0.3,0.5,recursive,-0.498194,0.786135,1.226437,1.203874
0.0,1.0,0.3,0.6,recursive,-0.377163,0.954034,1.167487,1.020363
0.0,1.0,0.3,0.7,recursive,-0.262898,0.995026,1.090167,1.001424
0.0,1.0,0.3,0.8,antifragile,-0.128268,1.025468,1.002424,0.916234
0.0,1.0,0.3,0.9,antifragile,-0.070764,1.215102,1.084047,0.746452
0.0,1.0,0.3,1.0,antifragile,0.009423,1.378722,1.022579,0.704038
0.0,1.0,0.4,0.0,unification,-1.156697,0.284478,1.430471,1.744171
0.0,1.0,0.4,0.1,unification,-1.038838,0.459677,1.429969,1.562832
0.0,1.0,0.4,0.2,unification,-0.911315,0.368792,1.403962,1.521494
0.0,1.0,0.4,0.3,unification,-0.738763,0.500685,1.428093,1.48603
0.0,1.0,0.4,0.4,recursive,-0.607398,0.687364,1.380695,1.286438
0.0,1.0,0.4,0.5,unification,-0.524348,0.746442,1.20743,1.218793
0.0,1.0,0.4,0.6,recursive,-0.449723,0.838785,1.268804,1.099588
0.0,1.0,0.4,0.7,recursive,-0.446355,1.043619,1.25519,1.052535
0.0,1.0,0.4,0.8,recursive,-0.23015,1.120975,1.19096,1.027411
0.0,1.0,0.4,0.9,recursive,-0.065242,1.128464,1.131559,0.934108
0.0,1.0,0.4,1.0,antifragile,-0.023638,1.24051,1.093643,0.85172
0.0,1.0,0.5,0.0,unification,-1.252421,0.31509,1.526181,1.814088
0.0,1.0,0.5,0.1,unification,-1.104764,0.387905,1.429045,1.784545
0.0,1.0,0.5,0.2,unification,-1.01385,0.525998,1.471092,1.652558
0.0,1.0,0.5,0.3,unification,-0.774311,0.546133,1.516942,1.571952
0.0,1.0,0.5,0.4,recursive,-0.739229,0.658498,1.457393,1.450723
0.0,1.0,0.5,0.5,unification,-0.699202,0.718071,1.379986,1.388959
0.0,1.0,0.5,0.6,recursive,-0.504486,0.910237,1.286208,1.278303
0.0,1.0,0.5,0.7,recursive,-0.501812,1.041519,1.310233,1.25399
0.0,1.0,0.5,0.8,recursive,-0.38701,1.034942,1.280462,1.132362
0.0,1.0,0.5,0.9,antifragile,-0.156215,1.245592,1.167647,1.008896
0.0,1.0,0.5,1.0,antifragile,-0.143888,1.30531,1.227118,0.968224
0.0,1.0,0.6,0.0,unification,-1.288172,0.199173,1.704501,1.931005
0.0,1.0,0.6,0.1,unification,-1.193004,0.365439,1.6106,1.853252
0.0,1.0,0.6,0.2,unification,-1.069471,0.469768,1.662325,1.809274
0.0,1.0,0.6,0.3,unification,-0.919834,0.515007,1.50461,1.727699
0.0,1.0,0.6,0.4,unification,-0.841438,0.548869,1.483597,1.605855
0.0,1.0,0.6,0.5,unification,-0.765523,0.789087,1.483992,1.593659
0.0,1.0,0.6,0.6,unification,-0.616829,0.814069,1.37317,1.440596
0.0,1.0,0.6,0.7,recursive,-0.519347,0.836644,1.353024,1.338836
0.0,1.0,0.6,0.8,recursive,-0.389326,1.023068,1.310934,1.293443
0.0,1.0,0.6,0.9,recursive,-0.309104,0.951519,1.275765,1.238949
0.0,1.0,0.6,1.0,recursive,-0.27409,1.195635,1.339263,1.061969
0.0,1.0,0.7,0.0,unification,-1.379893,0.139799,1.826362,2.070833
0.0,1.0,0.7,0.1,unification,-1.267669,0.367715,1.738074,1.946219
0.0,1.0,0.7,0.2,unification,-1.192364,0.419747,1.633794,1.799138
0.0,1.0,0.7,0.3,unification,-1.052662,0.415989,1.705814,1.828839
0.0,1.0,0.7,0.4,unification,-0.985259,0.550068,1.49053,1.680027
0.0,1.0,0.7,0.5,unification,-0.779184,0.791589,1.58132,1.645398
0.0,1.0,0.7,0.6,recursive,-0.741598,0.727175,1.607988,1.555563
0.0,1.0,0.7,0.7,unification,-0.504219,0.939676,1.37796,1.446702
0.0,1.0,0.7,0.8,unification,-0.533452,0.961008,1.421984,1.544812
0.0,1.0,0.7,0.9,recursive,-0.443861,1.071448,1.415825,1.309921
0.0,1.0,0.7,1.0,recursive,-0.274491,1.10276,1.350324,1.25057
0.0,1.0,0.8,0.0,unification,-1.45362,0.19851,1.90063,2.246848
0.0,1.0,0.8,0.1,unification,-1.356435,0.206412,1.76,2.104018
0.0,1.0,0.8,0.2,unification,-1.237383,0.336083,1.703213,1.97059
0.0,1.0,0.8,0.3,unification,-1.222559,0.443252,1.636517,1.894974
0.0,1.0,0.8,0.4,unification,-1.049695,0.483204,1.688988,1.897011
0.0,1.0,0.8,0.5,unification,-0.947471,0.623149,1.656871,1.7393
0.0,1.0,0.8,0.6,unification,-0.849137,0.799825,1.634209,1.720078
0.0,1.0,0.8,0.7,unification,-0.653718,0.736136,1.617692,1.624603
0.0,1.0,0.8,0.8,recursive,-0.539461,0.949358,1.512446,1.506235
0.0,1.0,0.8,0.9,recursive,-0.461643,1.009413,1.513394,1.355677
0.0,1.0,0.8,1.0,recursive,-0.397079,1.222241,1.398696,1.338066
0.0,1.0,0.9,0.0,unification,-1.604129,0.151792,1.878187,2.315719
0.0,1.0,0.9,0.1,unification,-1.407557,0.195062,1.914431,2.281111
0.0,1.0,0.9,0.2,unification,-1.287252,0.332027,1.997063,2.207727
0.0,1.0,0.9,0.3,unification,-1.213756,0.376204,1.790147,2.141316
0.0,1.0,0.9,0.4,unification,-1.034523,0.588916,1.79426,1.922217
0.0,1.0,0.9,0.5,unification,-0.985642,0.54793,1.640626,1.911958
0.0,1.0,0.9,0.6,unification,-0.87384,0.750169,1.699857,1.841579
0.0,1.0,0.9,0.7,unification,-0.839233,0.794751,1.559644,1.629832
0.0,1.0,0.9,0.8,unification,-0.642968,0.857344,1.638625,1.700417
0.0,1.0,0.9,0.9,recursive,-0.600966,1.019516,1.521942,1.467706
0.0,1.0,0.9,1.0,unification,-0.453835,1.061456,1.492996,1.573767
0.0,1.0,1.0,0.0,unification,-1.726293,0.119144,1.95026,2.495413
0.0,1.0,1.0,0.1,unification,-1.525078,0.213967,1.912756,2.326721
0.0,1.0,1.0,0.2,unification,-1.383637,0.37854,1.944015,2.235129
0.0,1.0,1.0,0.3,unification,-1.303053,0.506374,1.885121,2.268092
0.0,1.0,1.0,0.4,unification,-1.247016,0.477896,1.870978,2.129866
0.0,1.0,1.0,0.5,unification,-1.138319,0.534524,1.849414,2.084578
0.0,1.0,1.0,0.6,unification,-0.914393,0.760197,1.766731,1.92444
0.0,1.0,1.0,0.7,unification,-0.81245,0.800653,1.670877,1.803318
0.0,1.0,1.0,0.8,unification,-0.745403,0.851136,1.678679,1.823627
0.0,1.0,1.0,0.9,unification,-0.622048,1.021494,1.543423,1.69767
0.0,1.0,1.0,1.0,recursive,-0.515266,0.973671,1.567255,1.557976
0.1,0.0,0.0,0.0,antifragile,0.126085,0.171393,0.031129,-0.100714
0.1,0.0,0.0,0.1,competitive,0.261328,0.21294,-0.090619,-0.125051
0.1,0.0,0.0,0.2,antifragile,0.360187,0.364379,-0.094877,-0.283008
0.1,0.0,0.0,0.3,competitive,0.494786,0.419619,-0.174252,-0.258429
0.1,0.0,0.0,0.4,competitive,0.574404,0.480023,-0.223938,-0.500912
0.1,0.0,0.0,0.5,competitive,0.67098,0.531587,-0.329322,-0.413299
0.1,0.0,0.0,0.6,competitive,0.81021,0.658508,-0.33824,-0.555192
0.1,0.0,0.0,0.7,competitive,0.944572,0.713652,-0.350241,-0.611597
0.1,0.0,0.0,0.8,competitive,0.9082,0.847122,-0.411465,-0.746691
0.1,0.0,0.0,0.9,competitive,1.089919,0.951881,-0.333819,-0.841196
0.1,0.0,0.0,1.0,competitive,1.239586,1.139737,-0.497501,-0.819266
0.1,0.0,0.1,0.0,antifragile,0.035266,0.144095,0.05251,0.080355
0.1,0.0,0.1,0.1,competitive,0.141718,0.118798,-0.02121,0.024868
0.1,0.0,0.1,0.2,competitive,0.254344,0.229169,-0.077539,-0.055376
0.1,0.0,0.1,0.3,competitive,0.426258,0.306642,-0.138429,-0.171032
0.1,0.0,0.1,0.4,competitive,0.551377,0.4923,-0.207593,-0.288204
0.1,0.0,0.1,0.5,competitive,0.53847,0.516624,-0.10478,-0.43113
0.1,0.0,0.1,0.6,competitive,0.614057,0.583572,-0.210634,-0.413962
0.1,0.0,0.1,0.7,competitive,0.826872,0.778784,-0.353154,-0.470583
0.1,0.0,0.1,0.8,competitive,0.899395,0.851575,-0.371171,-0.614752
0.1,0.0,0.1,0.9,competitive,1.036814,0.967788,-0.424263,-0.698462
0.1,0.0,0.1,1.0,competitive,1.080738,1.030275,-0.346139,-0.720641
0.1,0.0,0.2,0.0,recursive,-0.081751,0.066361,0.168045,0.107838
0.1,0.0,0.2,0.1,antifragile,0.085617,0.162926,0.047064,0.044461
0.1,0.0,0.2,0.2,competitive,0.212148,0.150025,0.011082,0.017994
0.1,0.0,0.2,0.3,competitive,0.310777,0.273668,-0.054229,-0.060054
0.1,0.0,0.2,0.4,antifragile,0.43532,0.514373,-0.135374,-0.134233
0.1,0.0,0.2,0.5,antifragile,0.440673,0.545941,-0.146927,-0.268732
0.1,0.0,0.2,0.6,antifragile,0.575536,0.58619,-0.12384,-0.295815
0.1,0.0,0.2,0.7,competitive,0.714712,0.618505,-0.143611,-0.407648
0.1,0.0,0.2,0.8,competitive,0.883087,0.744613,-0.300114,-0.491701
0.1,0.0,0.2,0.9,competitive,0.999798,0.883047,-0.269983,-0.618517
0.1,0.0,0.2,1.0,competitive,1.132888,0.91852,-0.33627,-0.631498
0.1,0.0,0.3,0.0,unification,-0.237801,0.04873,0.21621,0.359962
0.1,0.0,0.3,0.1,unification,-0.007094,0.071944,0.091843,0.222996
0.1,0.0,0.3,0.2,unification,0.026238,0.199308,0.145339,0.21884
0.1,0.0,0.3,0.3,antifragile,0.203588,0.316229,0.050143,0.036086
0.1,0.0,0.3,0.4,antifragile,0.318684,0.345676,0.038459,-0.07806
0.1,0.0,0.3,0.5,antifragile,0.360919,0.49177,0.029335,-0.159283
0.1,0.0,0.3,0.6,competitive,0.548531,0.528363,-0.054175,-0.124153
0.1,0.0,0.3,0.7,antifragile,0.665374,0.689794,0.00044,-0.315194
0.1,0.0,0.3,0.8,antifragile,0.685706,0.708894,-0.147725,-0.482728
0.1,0.0,0.3,0.9,competitive,0.834629,0.812771,-0.135812,-0.432379
0.1,0.0,0.3,1.0,antifragile,0.924965,0.964498,-0.178837,-0.573427
0.1,0.0,0.4,0.0,unification,-0.259651,-0.161268,0.215467,0.402877
0.1,0.0,0.4,0.1,unification,-0.121292,-0.002269,0.204327,0.293733
0.1,0.0,0.4,0.2,unification,-0.006444,0.161286,0.210118,0.270618
0.1,0.0,0.4,0.3,antifragile,0.017946,0.204002,0.129635,0.164835
0.1,0.0,0.4,0.4,antifragile,0.208749,0.401277,0.150605,0.050624
0.1,0.0,0.4,0.5,antifragile,0.34892,0.457015,0.029697,0.057443
0.1,0.0,0.4,0.6,antifragile,0.416981,0.449502,0.05276,-0.059152
0.1,0.0,0.4,0.7,antifragile,0.523616,0.613127,-0.045954,-0.124493
0.1,0.0,0.4,0.8,antifragile,0.642827,0.718322,-0.032143,-0.297729
0.1,0.0,0.4,0.9,competitive,0.710286,0.694503,-0.061763,-0.385611
0.1,0.0,0.4,1.0,antifragile,0.871628,0.918549,-0.099882,-0.470201
0.1,0.0,0.5,0.0,unification,-0.328258,-0.001486,0.440716,0.614366
0.1,0.0,0.5,0.1,unification,-0.198125,-0.040255,0.350931,0.472099
0.1,0.0,0.5,0.2,unification,-0.076974,0.073358,0.266353,0.403207
0.1,0.0,0.5,0.3,unification,0.017314,0.224686,0.20604,0.242836
0.1,0.0,0.5,0.4,antifragile,0.196239,0.419463,0.217371,0.1588
0.1,0.0,0.5,0.5,antifragile,0.18634,0.415456,0.222056,0.079355
0.1,0.0,0.5,0.6,antifragile,0.328783,0.494797,0.158229,0.03782
0.1,0.0,0.5,0.7,antifragile,0.366809,0.61106,0.13124,-0.03413
0.1,0.0,0.5,0.8,antifragile,0.575262,0.651275,-0.007289,-0.063679
0.1,0.0,0.5,0.9,antifragile,0.684375,0.794518,0.070106,-0.252742
0.1,0.0,0.5,1.0,antifragile,0.747399,0.872897,-0.073216,-0.245843
0.1,0.0,0.6,0.0,unification,-0.42437,-0.169627,0.443289,0.698517
0.1,0.0,0.6,0.1,unification,-0.258266,-0.005343,0.423057,0.621015
0.1,0.0,0.6,0.2,unification,-0.204411,0.034189,0.374442,0.503344
0.1,0.0,0.6,0.3,unification,-0.000509,0.232109,0.351642,0.453923
0.1,0.0,0.6,0.4,unification,0.020602,0.196944,0.269191,0.35507
0.1,0.0,0.6,0.5,antifragile,0.146473,0.378477,0.286067,0.230392
0.1,0.0,0.6,0.6,antifragile,0.210846,0.522543,0.238549,0.160461
0.1,0.0,0.6,0.7,antifragile,0.349639,0.539864,0.161579,0.118634
0.1,0.0,0.6,0.8,antifragile,0.59175,0.649488,0.15313,-0.074324
0.1,0.0,0.6,0.9,antifragile,0.550755,0.796441,0.100116,-0.294456
0.1,0.0,0.6,1.0,antifragile,0.718701,0.925908,-0.059795,-0.084031
0.1,0.0,0.7,0.0,unification,-0.643598,-0.1081,0.524568,0.697501
0.1,0.0,0.7,0.1,unification,-0.372693,-0.002458,0.503194,0.759241
0.1,0.0,0.7,0.2,unification,-0.305584,-0.058069,0.479593,0.732488
0.1,0.0,0.7,0.3,unification,-0.118521,0.030606,0.329255,0.517702
0.1,0.0,0.7,0.4,unification,-0.144649,0.227209,0.384671,0.403487
0.1,0.0,0.7,0.5,unification,0.083856,0.350055,0.297592,0.381374
0.1,0.0,0.7,0.6,antifragile,0.05751,0.398387,0.285369,0.313437
0.1,0.0,0.7,0.7,antifragile,0.283944,0.522212,0.231783,0.23431
0.1,0.0,0.7,0.8,antifragile,0.425102,0.600225,0.22088,0.125691
0.1,0.0,0.7,0.9,antifragile,0.452662,0.726144,0.137239,0.069307
0.1,0.0,0.7,1.0,antifragile,0.596413,0.779803,0.108593,-0.060406
0.1,0.0,0.8,0.0,unification,-0.67729,-0.170855,0.621577,0.982484
0.1,0.0,0.8,0.1,unification,-0.511573,-0.000231,0.551013,0.811245
0.1,0.0,0.8,0.2,unification,-0.424684,-0.086696,0.606631,0.838553
0.1,0.0,0.8,0.3,unification,-0.234963,0.050196,0.580563,0.667414
0.1,0.0,0.8,0.4,unification,-0.168451,0.261863,0.482946,0.710055
0.1,0.0,0.8,0.5,unification,-0.032564,0.265148,0.37941,0.42265
0.1,0.0,0.8,0.6,antifragile,0.05107,0.43723,0.399942,0.431015
0.1,0.0,0.8,0.7,antifragile,0.125253,0.486344,0.380641,0.366536
0.1,0.0,0.8,0.8,antifragile,0.293337,0.530152,0.333359,0.103405
0.1,0.0,0.8,0.9,antifragile,0.414142,0.793516,0.174581,0.162932
0.1,0.0,0.8,1.0,antifragile,0.504604,0.736871,0.261819,0.113623
0.1,0.0,0.9,0.0,unification,-0.677385,-0.185136,0.695838,1.223993
0.1,0.0,0.9,0.1,unification,-0.567433,-0.120236,0.569477,0.952827
0.1,0.0,0.9,0.2,unification,-0.407631,-0.101773,0.507122,0.896616
0.1,0.0,0.9,0.3,unification,-0.286463,0.062119,0.558194,0.717076
0.1,0.0,0.9,0.4,unification,-0.222387,0.188064,0.445913,0.781727
0.1,0.0,0.9,0.5,unification,-0.096715,0.306616,0.524176,0.672684
0.1,0.0,0.9,0.6,unification,0.001036,0.388424,0.364062,0.479947
0.1,0.0,0.9,0.7,unification,0.0482,0.433509,0.434407,0.486234
0.1,0.0,0.9,0.8,antifragile,0.250855,0.592425,0.331381,0.396929
0.1,0.0,0.9,0.9,antifragile,0.262608,0.620588,0.35109,0.129564
0.1,0.0,0.9,1.0,antifragile,0.535562,0.75332,0.265215,0.311368
0.1,0.0,1.0,0.0,unification,-0.792372,-0.253374,0.755644,1.2726
0.1,0.0,1.0,0.1,unification,-0.670249,-0.157526,0.800189,1.134257
0.1,0.0,1.0,0.2,unification,-0.557717,-0.01448,0.826924,1.035871
0.1,0.0,1.0,0.3,unification,-0.439162,0.033531,0.725521,0.90504
0.1,0.0,1.0,0.4,unification,-0.348916,0.043128,0.560807,0.82411
0.1,0.0,1.0,0.5,unification,-0.227797,0.303454,0.6068,0.719396
0.1,0.0,1.0,0.6,unification,-0.151399,0.378737,0.596331,0.681407
0.1,0.0,1.0,0.7,unification,-0.027126,0.461247,0.450334,0.614602
0.1,0.0,1.0,0.8,unification,0.218633,0.510268,0.42122,0.530518
0.1,0.0,1.0,0.9,antifragile,0.1915,0.525294,0.455052,0.480892
0.1,0.0,1.0,1.0,antifragile,0.309455,0.671138,0.331922,0.332503
0.1,0.1,0.0,0.0,recursive,0.021882,0.084448,0.139608,0.083325
0.1,0.1,0.0,0.1,antifragile,0.18862,0.27417,0.043552,-0.045655
0.1,0.1,0.0,0.2,antifragile,0.283628,0.311548,-0.013077,-0.092915
0.1,0.1,0.0,0.3,competitive,0.360867,0.353535,-0.067688,-0.205213
0.1,0.1,0.0,0.4,antifragile,0.395481,0.540383,-0.066733,-0.153582
0.1,0.1,0.0,0.5,antifragile,0.58044,0.583064,-0.210471,-0.354568
0.1,0.1,0.0,0.6,competitive,0.720116,0.664435,-0.203746,-0.548933
0.1,0.1,0.0,0.7,competitive,0.866319,0.761466,-0.236733,-0.606335
0.1,0.1,0.0,0.8,competitive,0.900882,0.88102,-0.275565,-0.596013
0.1,0.1,0.0,0.9,competitive,1.111954,1.026636,-0.266892,-0.632695
0.1,0.1,0.0,1.0,competitive,1.178485,1.083165,-0.304544,-0.73635
0.1,0.1,0.1,0.0,unification,-0.007572,0.027269,0.087927,0.171257
0.1,0.1,0.1,0.1,antifragile,0.108981,0.193933,0.146843,0.165762
0.1,0.1,0.1,0.2,antifragile,0.239959,0.350277,-0.00185,0.039132
0.1,0.1,0.1,0.3,antifragile,0.259624,0.302547,-0.004374,-0.003763
0.1,0.1,0.1,0.4,antifragile,0.423037,0.58089,-0.021138,-0.03261
0.1,0.1,0.1,0.5,antifragile,0.518876,0.576124,-0.13397,-0.184472
0.1,0.1,0.1,0.6,antifragile,0.594894,0.637648,-0.045938,-0.267089
0.1,0.1,0.1,0.7,competitive,0.786603,0.74689,-0.152549,-0.412993
0.1,0.1,0.1,0.8,antifragile,0.879126,0.937678,-0.171593,-0.396255
0.1,0.1,0.1,0.9,competitive,0.99486,0.94326,-0.188564,-0.494703
0.1,0.1,0.1,1.0,competitive,1.159914,1.109345,-0.268716,-0.675835
0.1,0.1,0.2,0.0,unification,-0.101197,0.148699,0.236688,0.332727
0.1,0.1,0.2,0.1,unification,-0.01743,0.143605,0.166893,0.231771
0.1,0.1,0.2,0.2,antifragile,0.175905,0.243014,0.137631,0.096731
0.1,0.1,0.2,0.3,antifragile,0.235832,0.418334,0.176225,0.065168
0.1,0.1,0.2,0.4,antifragile,0.338718,0.437322,0.081401,-0.014302
0.1,0.1,0.2,0.5,antifragile,0.422913,0.546888,0.037596,-0.129708
0.1,0.1,0.2,0.6,antifragile,0.517875,0.720368,0.110527,-0.260218
0.1,0.1,0.2,0.7,antifragile,0.577026,0.682142,-0.070164,-0.240211
0.1,0.1,0.2,0.8,antifragile,0.779563,0.833602,-0.078553,-0.404604
0.1,0.1,0.2,0.9,antifragile,0.847794,0.918995,-0.224211,-0.513066
0.1,0.1,0.2,1.0,antifragile,0.913922,1.053205,-0.172732,-0.509447
0.1,0.1,0.3,0.0,recursive,-0.311983,-0.044178,0.333161,0.296067
0.1,0.1,0.3,0.1,unification,-0.048769,0.033834,0.302167,0.305571
0.1,0.1,0.3,0.2,antifragile,0.052445,0.380408,0.106341,0.299769
0.1,0.1,0.3,0.3,antifragile,0.019592,0.336338,0.169661,0.186489
0.1,0.1,0.3,0.4,antifragile,0.174416,0.449027,0.067582,0.157082
0.1,0.1,0.3,0.5,antifragile,0.309537,0.434865,0.179747,0.006633
0.1,0.1,0.3,0.6,antifragile,0.535382,0.661068,0.020093,-0.079249
0.1,0.1,0.3,0.7,antifragile,0.556052,0.771315,0.041876,-0.151185
0.1,0.1,0.3,0.8,antifragile,0.650006,0.787472,0.04523,-0.244815
0.1,0.1,0.3,0.9,antifragile,0.75025,0.856775,-0.087688,-0.400105
0.1,0.1,0.3,1.0,antifragile,0.842481,1.054921,-0.11033,-0.379779
0.1,0.1,0.4,0.0,unification,-0.433938,0.023416,0.376932,0.535928
0.1,0.1,0.4,0.1,unification,-0.190952,0.065209,0.238806,0.521112
0.1,0.1,0.4,0.2,unification,-0.077849,0.169303,0.256691,0.316507
0.1,0.1,0.4,0.3,antifragile,0.031195,0.360672,0.275158,0.235862
0.1,0.1,0.4,0.4,antifragile,0.141256,0.372333,0.268202,0.250337
0.1,0.1,0.4,0.5,antifragile,0.090709,0.497262,0.134826,0.063914
0.1,0.1,0.4,0.6,antifragile,0.340576,0.585549,0.062963,0.085229
0.1,0.1,0.4,0.7,antifragile,0.498167,0.662349,0.061619,-0.083969
0.1,0.1,0.4,0.8,antifragile,0.621297,0.679439,0.118224,-0.12826
0.1,0.1,0.4,0.9,antifragile,0.675208,0.764596,0.017664,-0.174321
0.1,0.1,0.4,1.0,antifragile,0.723179,0.969932,-0.010549,-0.322188
0.1,0.1,0.5,0.0,unification,-0.357266,-0.150113,0.487334,0.765972
0.1,0.1,0.5,0.1,unification,-0.218003,0.07449,0.414916,0.56821
0.1,0.1,0.5,0.2,unification,-0.195146,0.17719,0.349638,0.552871
0.1,0.1,0.5,0.3,unification,0.036658,0.241906,0.28278,0.362763
0.1,0.1,0.5,0.4,recursive,0.078828,0.337013,0.353842,0.318318
0.1,0.1,0.5,0.5,antifragile,0.191531,0.427085,0.233375,0.23995
0.1,0.1,0.5,0.6,antifragile,0.200147,0.629468,0.225181,0.207226
0.1,0.1,0.5,0.7,antifragile,0.343157,0.572404,0.178306,0.14506
0.1,0.1,0.5,0.8,antifragile,0.453963,0.676473,0.157773,0.029951
0.1,0.1,0.5,0.9,antifragile,0.672142,0.832688,0.1422,-0.044036
0.1,0.1,0.5,1.0,antifragile,0.642349,0.861833,0.015805,-0.231607
0.1,0.1,0.6,0.0,unification,-0.450227,-0.060497,0.558975,0.680364
0.1,0.1,0.6,0.1,unification,-0.277226,-0.024714,0.617591,0.652538
0.1,0.1,0.6,0.2,unification,-0.31062,0.004858,0.493106,0.584937
0.1,0.1,0.6,0.3,unification,-0.21365,0.141374,0.473868,0.590573
0.1,0.1,0.6,0.4,recursive,0.040602,0.270715,0.405941,0.405533
0.1,0.1,0.6,0.5,unification,0.043248,0.374058,0.378222,0.435851
0.1,0.1,0.6,0.6,antifragile,0.219553,0.452859,0.364923,0.297796
0.1,0.1,0.6,0.7,antifragile,0.26377,0.554574,0.247003,0.302116
0.1,0.1,0.6,0.8,antifragile,0.405371,0.693731,0.221888,0.252299
0.1,0.1,0.6,0.9,antifragile,0.565251,0.743947,0.181319,0.034288
0.1,0.1,0.6,1.0,antifragile,0.617294,0.839939,0.176941,0.032604
0.1,0.1,0.7,0.0,unification,-0.645681,-0.166407,0.615842,0.91316
0.1,0.1,0.7,0.1,unification,-0.370077,0.035085,0.647216,0.836782
0.1,0.1,0.7,0.2,unification,-0.374316,0.007415,0.599087,0.789553
0.1,0.1,0.7,0.3,unification,-0.1857,0.164459,0.512911,0.688502
0.1,0.1,0.7,0.4,unification,-0.095405,0.196489,0.516803,0.593975
0.1,0.1,0.7,0.5,unification,-0.082932,0.26077,0.433176,0.582386
0.1,0.1,0.7,0.6,recursive,0.163734,0.477769,0.4981,0.422853
0.1,0.1,0.7,0.7,antifragile,0.237665,0.532438,0.33427,0.306125
0.1,0.1,0.7,0.8,antifragile,0.196974,0.714355,0.287918,0.214928
0.1,0.1,0.7,0.9,antifragile,0.351001,0.734782,0.368175,0.274689
0.1,0.1,0.7,1.0,antifragile,0.436957,0.822278,0.188282,0.134417
0.1,0.1,0.8,0.0,unification,-0.65567,-0.176828,0.728629,1.036129
0.1,0.1,0.8,0.1,unification,-0.479288,-0.022652,0.718491,0.841654
0.1,0.1,0.8,0.2,unification,-0.453339,0.149161,0.711306,0.797646
0.1,0.1,0.8,0.3,unification,-0.355671,0.079924,0.690555,0.817214
0.1,0.1,0.8,0.4,unification,-0.26839,0.236708,0.434632,0.665752
0.1,0.1,0.8,0.5,unification,-0.118178,0.372284,0.427934,0.615942
0.1,0.1,0.8,0.6,unification,0.040484,0.352427,0.496459,0.553299
0.1,0.1,0.8,0.7,antifragile,0.185719,0.508493,0.43642,0.507748
0.1,0.1,0.8,0.8,antifragile,0.143683,0.603956,0.382214,0.373054
0.1,0.1,0.8,0.9,antifragile,0.36242,0.737708,0.327566,0.301835
0.1,0.1,0.8,1.0,antifragile,0.504522,0.763432,0.332258,0.200342
0.1,0.1,0.9,0.0,unification,-0.76315,-0.261533,0.880538,1.146282
0.1,0.1,0.9,0.1,unification,-0.598696,-0.116069,0.738725,1.160656
0.1,0.1,0.9,0.2,unification,-0.490306,0.020433,0.768058,1.000572
0.1,0.1,0.9,0.3,unification,-0.430418,0.071919,0.735203,0.895329
0.1,0.1,0.9,0.4,unification,-0.245742,0.184208,0.651025,0.882936
0.1,0.1,0.9,0.5,unification,-0.208807,0.280105,0.608499,0.804691
0.1,0.1,0.9,0.6,unification,-0.133143,0.383688,0.570514,0.718229
0.1,0.1,0.9,0.7,unification,0.005008,0.575415,0.522173,0.578116
0.1,0.1,0.9,0.8,antifragile,0.111448,0.514168,0.438164,0.478467
0.1,0.1,0.9,0.9,antifragile,0.286791,0.673344,0.425768,0.481327
0.1,0.1,0.9,1.0,antifragile,0.417559,0.832769,0.367346,0.310238
0.1,0.1,1.0,0.0,unification,-0.759313,-0.202943,0.881619,1.345917
0.1,0.1,1.0,0.1,unification,-0.689635,-0.148572,0.865972,1.271328
0.1,0.1,1.0,0.2,unification,-0.688014,-0.024383,0.759281,1.090821
0.1,0.1,1.0,0.3,unification,-0.548155,0.093856,0.758899,1.022579
0.1,0.1,1.0,0.4,unification,-0.407422,0.107652,0.75644,1.026569
0.1,0.1,1.0,0.5,unification,-0.30396,0.249868,0.713672,0.783577
0.1,0.1,1.0,0.6,unification,-0.163159,0.510094,0.648866,0.794044
0.1,0.1,1.0,0.7,recursive,-0.04282,0.532267,0.663748,0.60722
0.1,0.1,1.0,0.8,antifragile,0.05817,0.673597,0.606122,0.57227
0.1,0.1,1.0,0.9,recursive,0.154091,0.575966,0.59664,0.497206
0.1,0.1,1.0,1.0,antifragile,0.253712,0.692111,0.467678,0.534308
0.1,0.2,0.0,0.0,antifragile,-0.019827,0.15204,0.102739,0.086415
0.1,0.2,0.0,0.1,antifragile,0.022436,0.280598,0.169012,0.066982
0.1,0.2,0.0,0.2,antifragile,0.273527,0.334125,0.068099,-0.043979
0.1,0.2,0.0,0.3,antifragile,0.354538,0.569876,-0.048091,-0.092308
0.1,0.2,0.0,0.4,antifragile,0.478239,0.487653,0.028334,-0.098926
0.1,0.2,0.0,0.5,antifragile,0.528911,0.682513,0.048045,-0.147579
0.1,0.2,0.0,0.6,antifragile,0.631902,0.723381,-0.125999,-0.281152
0.1,0.2,0.0,0.7,antifragile,0.676411,0.832371,-0.114866,-0.44015
0.1,0.2,0.0,0.8,antifragile,0.868991,1.068226,-0.16608,-0.52177
0.1,0.2,0.0,0.9,antifragile,1.015767,1.046979,-0.128033,-0.576766
0.1,0.2,0.0,1.0,competitive,1.062579,1.040814,-0.320987,-0.761785
0.1,0.2,0.1,0.0,recursive,-0.096033,0.076888,0.307779,0.306512
0.1,0.2,0.1,0.1,recursive,-0.017209,0.197807,0.236113,0.179775
0.1,0.2,0.1,0.2,antifragile,0.055731,0.394417,0.182731,0.123254
0.1,0.2,0.1,0.3,antifragile,0.247072,0.430447,0.144151,0.009158
0.1,0.2,0.1,0.4,antifragile,0.42852,0.496019,0.162801,-0.044443
0.1,0.2,0.1,0.5,antifragile,0.475355,0.656711,0.102343,-0.162031
0.1,0.2,0.1,0.6,antifragile,0.598782,0.807322,-0.007935,-0.203265
0.1,0.2,0.1,0.7,antifragile,0.628828,0.792678,0.050571,-0.340212
0.1,0.2,0.1,0.8,antifragile,0.717894,0.985545,-0.043773,-0.268981
0.1,0.2,0.1,0.9,antifragile,0.852478,1.006314,-0.148034,-0.452835
0.1,0.2,0.1,1.0,antifragile,0.896295,1.129248,-0.138826,-0.547878
0.1,0.2,0.2,0.0,unification,-0.224518,0.065262,0.366386,0.371446
0.1,0.2,0.2,0.1,recursive,-0.069405,0.308723,0.364276,0.269744
0.1,0.2,0.2,0.2,antifragile,-0.011837,0.321073,0.246486,0.19003
0.1,0.2,0.2,0.3,antifragile,0.144266,0.394499,0.305716,0.162339
0.1,0.2,0.2,0.4,antifragile,0.2934,0.426646,0.1186,0.126083
0.1,0.2,0.2,0.5,antifragile,0.399187,0.53713,0.131204,-0.064079
0.1,0.2,0.2,0.6,antifragile,0.445939,0.721846,0.068252,-0.092452
0.1,0.2,0.2,0.7,antifragile,0.50851,0.742582,0.137906,-0.161354
0.1,0.2,0.2,0.8,antifragile,0.624885,0.854261,-0.069871,-0.300708
0.1,0.2,0.2,0.9,antifragile,0.853017,0.957876,0.064537,-0.339767
0.1,0.2,0.2,1.0,antifragile,0.893201,1.092045,-0.203629,-0.409753
0.1,0.2,0.3,0.0,unification,-0.297449,0.149302,0.463234,0.498315
0.1,0.2,0.3,0.1,unification,-0.122893,0.156884,0.329777,0.479855
0.1,0.2,0.3,0.2,unification,-0.085138,0.341923,0.352031,0.395283
0.1,0.2,0.3,0.3,antifragile,0.080032,0.414644,0.33418,0.370973
0.1,0.2,0.3,0.4,antifragile,0.175434,0.463383,0.316959,0.210455
0.1,0.2,0.3,0.5,antifragile,0.256662,0.636079,0.296096,0.129591
0.1,0.2,0.3,0.6,antifragile,0.342322,0.718159,0.215021,0.060779
0.1,0.2,0.3,0.7,antifragile,0.458906,0.756585,0.133915,-0.073217
0.1,0.2,0.3,0.8,antifragile,0.591452,0.848271,0.07623,-0.079809
0.1,0.2,0.3,0.9,antifragile,0.759442,0.978495,0.041188,-0.172209
0.1,0.2,0.3,1.0,antifragile,0.808898,0.963213,0.048636,-0.287693
0.1,0.2,0.4,0.0,unification,-0.255323,0.112864,0.535558,0.692459
0.1,0.2,0.4,0.1,unification,-0.266814,0.084816,0.373051,0.551372
0.1,0.2,0.4,0.2,unification,-0.167386,0.124723,0.392784,0.497619
0.1,0.2,0.4,0.3,unification,-0.065771,0.291914,0.362924,0.511195
0.1,0.2,0.4,0.4,antifragile,0.088107,0.391985,0.336583,0.338584
0.1,0.2,0.4,0.5,antifragile,0.126602,0.476543,0.350526,0.234011
0.1,0.2,0.4,0.6,antifragile,0.220265,0.607843,0.2659,0.071365
0.1,0.2,0.4,0.7,antifragile,0.382963,0.748399,0.242561,0.19649
0.1,0.2,0.4,0.8,antifragile,0.557555,0.872447,0.320004,0.037908
0.1,0.2,0.4,0.9,antifragile,0.613154,0.943687,0.112038,-0.079616
0.1,0.2,0.4,1.0,antifragile,0.682614,1.009899,0.067405,-0.204346
0.1,0.2,0.5,0.0,unification,-0.454326,-0.001886,0.488624,0.732222
0.1,0.2,0.5,0.1,unification,-0.422363,0.055851,0.565721,0.730947
0.1,0.2,0.5,0.2,unification,-0.201736,0.23264,0.558595,0.66542
0.1,0.2,0.5,0.3,unification,-0.134516,0.344968,0.510971,0.568805
0.1,0.2,0.5,0.4,unification,0.028554,0.267711,0.410477,0.44971
0.1,0.2,0.5,0.5,antifragile,0.132634,0.55857,0.312491,0.450558
0.1,0.2,0.5,0.6,antifragile,0.126428,0.517939,0.333286,0.27909
0.1,0.2,0.5,0.7,antifragile,0.217079,0.702494,0.33897,0.262702
0.1,0.2,0.5,0.8,antifragile,0.383327,0.763021,0.263479,0.2094
0.1,0.2,0.5,0.9,antifragile,0.373288,0.812153,0.225277,-0.014279
0.1,0.2,0.5,1.0,antifragile,0.612084,0.948696,0.152116,-0.041777
0.1,0.2,0.6,0.0,unification,-0.533593,-0.041813,0.64734,0.921712
0.1,0.2,0.6,0.1,unification,-0.455372,-0.022016,0.653078,0.82245
0.1,0.2,0.6,0.2,unification,-0.281923,0.189553,0.648503,0.70945
0.1,0.2,0.6,0.3,unification,-0.253569,0.192877,0.51474,0.737605
0.1,0.2,0.6,0.4,unification,-0.050625,0.292593,0.487086,0.58619
0.1,0.2,0.6,0.5,unification,0.01428,0.357009,0.38985,0.529481
0.1,0.2,0.6,0.6,antifragile,-0.002452,0.51766,0.438105,0.440783
0.1,0.2,0.6,0.7,antifragile,0.197914,0.616712,0.432229,0.34926
0.1,0.2,0.6,0.8,antifragile,0.282649,0.731886,0.369158,0.335912
0.1,0.2,0.6,0.9,antifragile,0.464316,0.885728,0.27947,0.138791
0.1,0.2,0.6,1.0,antifragile,0.523231,0.912821,0.219599,0.143297
0.1,0.2,0.7,0.0,unification,-0.610832,-0.080284,0.787086,1.066145
0.1,0.2,0.7,0.1,unification,-0.509009,-0.037215,0.707717,0.967098
0.1,0.2,0.7,0.2,unification,-0.403818,0.093578,0.550003,0.830915
0.1,0.2,0.7,0.3,unification,-0.328052,0.223194,0.719187,0.829137
0.1,0.2,0.7,0.4,unification,-0.210923,0.31338,0.650209,0.685494
0.1,0.2,0.7,0.5,unification,-0.112014,0.355537,0.625945,0.649625
0.1,0.2,0.7,0.6,recursive,-0.030376,0.499277,0.540483,0.532464
0.1,0.2,0.7,0.7,antifragile,0.088276,0.567286,0.491948,0.442097
0.1,0.2,0.7,0.8,antifragile,0.202312,0.628197,0.438882,0.365939
0.1,0.2,0.7,0.9,antifragile,0.318918,0.799939,0.4324,0.325078
0.1,0.2,0.7,1.0,antifragile,0.472636,0.872966,0.32665,0.152804
0.1,0.2,0.8,0.0,unification,-0.774658,-0.099017,0.800686,1.184803
0.1,0.2,0.8,0.1,unification,-0.683273,-0.08805,0.84097,1.071279
0.1,0.2,0.8,0.2,unification,-0.566852,0.035308,0.781152,1.078745
0.1,0.2,0.8,0.3,unification,-0.435154,0.174222,0.773582,0.834478
0.1,0.2,0.8,0.4,unification,-0.206657,0.402205,0.544683,0.835125
0.1,0.2,0.8,0.5,unification,-0.230947,0.361761,0.619081,0.795588
0.1,0.2,0.8,0.6,unification,-0.090628,0.424455,0.591391,0.695739
0.1,0.2,0.8,0.7,recursive,-0.034186,0.482688,0.659637,0.552879
0.1,0.2,0.8,0.8,antifragile,0.128132,0.64011,0.547404,0.588639
0.1,0.2,0.8,0.9,antifragile,0.273997,0.679082,0.410794,0.395052
0.1,0.2,0.8,1.0,antifragile,0.341588,0.763902,0.480967,0.275684
0.1,0.2,0.9,0.0,unification,-0.760335,-0.043968,0.912587,1.326949
0.1,0.2,0.9,0.1,unification,-0.786597,-0.008816,0.86009,1.165638
0.1,0.2,0.9,0.2,unification,-0.629467,0.031713,0.828742,1.182484
0.1,0.2,0.9,0.3,unification,-0.544265,0.236751,0.738747,1.130772
0.1,0.2,0.9,0.4,unification,-0.445826,0.244949,0.74049,0.947814
0.1,0.2,0.9,0.5,unification,-0.244932,0.414991,0.784526,0.859757
0.1,0.2,0.9,0.6,unification,-0.165787,0.395896,0.635422,0.737685
0.1,0.2,0.9,0.7,unification,-0.086879,0.54248,0.549409,0.707682
0.1,0.2,0.9,0.8,antifragile,0.120801,0.681096,0.575741,0.555156
0.1,0.2,0.9,0.9,recursive,0.177992,0.604129,0.620508,0.529321
0.1,0.2,0.9,1.0,antifragile,0.356565,0.728652,0.570907,0.449975
0.1,0.2,1.0,0.0,unification,-0.941553,-0.238492,1.039787,1.463807
0.1,0.2,1.0,0.1,unification,-0.725744,-0.024597,0.940305,1.294807
0.1,0.2,1.0,0.2,unification,-0.773425,0.093661,0.891091,1.334011
0.1,0.2,1.0,0.3,unification,-0.568746,0.131495,0.874657,1.208034
0.1,0.2,1.0,0.4,unification,-0.485774,0.191539,0.8848,1.082801
0.1,0.2,1.0,0.5,unification,-0.414917,0.334991,0.806801,1.029446
0.1,0.2,1.0,0.6,unification,-0.287693,0.339544,0.856754,0.997331
0.1,0.2,1.0,0.7,unification,-0.110811,0.475609,0.714984,0.904116
0.1,0.2,1.0,0.8,recursive,-0.062692,0.558372,0.783612,0.747616
0.1,0.2,1.0,0.9,unification,0.153421,0.61508,0.675909,0.768554
0.1,0.2,1.0,1.0,antifragile,0.176488,0.7668,0.551612,0.634117
0.1,0.3,0.0,0.0,unification,-0.138506,0.22026,0.213275,0.377845
0.1,0.3,0.0,0.1,antifragile,0.067744,0.318421,0.177293,0.291795
0.1,0.3,0.0,0.2,antifragile,0.101703,0.35974,0.106894,0.097702
0.1,0.3,0.0,0.3,antifragile,0.157268,0.478859,0.19222,0.02623
0.1,0.3,0.0,0.4,antifragile,0.357785,0.568833,0.118258,0.056045
0.1,0.3,0.0,0.5,antifragile,0.432576,0.719221,-0.003276,-0.048995
0.1,0.3,0.0,0.6,antifragile,0.53614,0.847527,0.028841,-0.179421
0.1,0.3,0.0,0.7,antifragile,0.703551,0.867378,0.049595,-0.332949
0.1,0.3,0.0,0.8,antifragile,0.818897,0.96549,-0.027522,-0.4031
0.1,0.3,0.0,0.9,antifragile,0.892499,1.026265,-0.072622,-0.462791
0.1,0.3,0.0,1.0,antifragile,0.972992,1.172249,-0.1183,-0.580818
0.1,0.3,0.1,0.0,unification,-0.196438,0.139722,0.477287,0.477956
0.1,0.3,0.1,0.1,antifragile,-0.066345,0.343606,0.221037,0.212116
0.1,0.3,0.1,0.2,antifragile,0.010035,0.311072,0.26817,0.265283
0.1,0.3,0.1,0.3,antifragile,0.186021,0.418087,0.259982,0.170719
0.1,0.3,0.1,0.4,antifragile,0.267375,0.544011,0.269157,0.079825
0.1,0.3,0.1,0.5,antifragile,0.448709,0.625481,0.197141,-0.002983
0.1,0.3,0.1,0.6,antifragile,0.453613,0.791616,0.105041,-0.218098
0.1,0.3,0.1,0.7,antifragile,0.426857,0.918621,0.141513,-0.075633
0.1,0.3,0.1,0.8,antifragile,0.689124,0.885368,0.019021,-0.254429
0.1,0.3,0.1,0.9,antifragile,0.749648,1.127429,0.111975,-0.316086
0.1,0.3,0.1,1.0,antifragile,0.909457,1.075252,0.037322,-0.421185
0.1,0.3,0.2,0.0,unification,-0.294458,0.179059,0.415714,0.557344
0.1,0.3,0.2,0.1,unification,-0.242123,0.304354,0.399779,0.52294
0.1,0.3,0.2,0.2,unification,-0.070057,0.33819,0.304384,0.417988
0.1,0.3,0.2,0.3,antifragile,0.006208,0.415679,0.325052,0.301061
0.1,0.3,0.2,0.4,antifragile,0.074695,0.52346,0.324762,0.191083
0.1,0.3,0.2,0.5,antifragile,0.258763,0.63812,0.238702,0.073474
0.1,0.3,0.2,0.6,antifragile,0.378183,0.774704,0.152441,0.021276
0.1,0.3,0.2,0.7,antifragile,0.420918,0.867069,0.160382,-0.08751
0.1,0.3,0.2,0.8,antifragile,0.604613,0.85482,0.073325,-0.203007
0.1,0.3,0.2,0.9,antifragile,0.656661,1.077867,0.048344,-0.191689
0.1,0.3,0.2,1.0,antifragile,0.778185,1.142977,-0.006304,-0.298039
0.1,0.3,0.3,0.0,unification,-0.367357,0.23639,0.561521,0.645355
0.1,0.3,0.3,0.1,unification,-0.225748,0.321909,0.408518,0.547876
0.1,0.3,0.3,0.2,unification,-0.161845,0.289146,0.433362,0.439788
0.1,0.3,0.3,0.3,unification,0.030198,0.33387,0.399989,0.472292
0.1,0.3,0.3,0.4,antifragile,0.068491,0.45103,0.302566,0.3235
0.1,0.3,0.3,0.5,antifragile,0.142149,0.605262,0.259927,0.290652
0.1,0.3,0.3,0.6,antifragile,0.295777,0.699492,0.362054,0.14311
0.1,0.3,0.3,0.7,antifragile,0.363709,0.757612,0.240374,0.075452
0.1,0.3,0.3,0.8,antifragile,0.468465,0.778846,0.181954,0.012991
0.1,0.3,0.3,0.9,antifragile,0.626813,1.034978,0.267774,-0.052033
0.1,0.3,0.3,1.0,antifragile,0.799126,1.108339,0.215495,-0.082457
0.1,0.3,0.4,0.0,unification,-0.412442,0.120319,0.604738,0.797933
0.1,0.3,0.4,0.1,unification,-0.366892,0.211063,0.538983,0.705445
0.1,0.3,0.4,0.2,unification,-0.357758,0.361154,0.523976,0.652779
0.1,0.3,0.4,0.3,recursive,-0.057111,0.385015,0.567217,0.482913
0.1,0.3,0.4,0.4,unification,0.099869,0.519356,0.46546,0.531254
0.1,0.3,0.4,0.5,antifragile,0.031568,0.545569,0.487213,0.281647
0.1,0.3,0.4,0.6,antifragile,0.228023,0.681609,0.473461,0.210852
0.1,0.3,0.4,0.7,antifragile,0.390482,0.722026,0.31265,0.1439
0.1,0.3,0.4,0.8,antifragile,0.365607,0.865176,0.239383,0.157014
0.1,0.3,0.4,0.9,antifragile,0.496852,0.879348,0.22861,0.051835
0.1,0.3,0.4,1.0,antifragile,0.626132,1.036711,0.24981,0.004121
0.1,0.3,0.5,0.0,unification,-0.565505,-0.002211,0.703805,0.948532
0.1,0.3,0.5,0.1,unification,-0.513036,0.10047,0.624041,0.829609
0.1,0.3,0.5,0.2,unification,-0.368052,0.275352,0.539743,0.676014
0.1,0.3,0.5,0.3,unification,-0.236694,0.326217,0.507268,0.639663
0.1,0.3,0.5,0.4,unification,-0.130052,0.410335,0.547594,0.551921
0.1,0.3,0.5,0.5,antifragile,0.073892,0.54941,0.459644,0.504726
0.1,0.3,0.5,0.6,antifragile,0.116201,0.680736,0.429981,0.453367
0.1,0.3,0.5,0.7,antifragile,0.222093,0.789578,0.484545,0.339849
0.1,0.3,0.5,0.8,antifragile,0.316886,0.83533,0.370977,0.329015
0.1,0.3,0.5,0.9,antifragile,0.443924,0.884718,0.317019,0.099348
0.1,0.3,0.5,1.0,antifragile,0.577828,0.958999,0.354907,0.010353
0.1,0.3,0.6,0.0,unification,-0.633638,0.072511,0.677388,1.150913
0.1,0.3,0.6,0.1,unification,-0.551264,0.117055,0.773572,1.001306
0.1,0.3,0.6,0.2,unification,-0.406306,0.254869,0.730954,0.968044
0.1,0.3,0.6,0.3,recursive,-0.283884,0.398232,0.710054,0.704712
0.1,0.3,0.6,0.4,unification,-0.069445,0.366283,0.699777,0.71134
0.1,0.3,0.6,0.5,recursive,-0.036945,0.455576,0.616287,0.61234
0.1,0.3,0.6,0.6,antifragile,0.09895,0.606933,0.591797,0.431796
0.1,0.3,0.6,0.7,antifragile,0.125721,0.700528,0.516181,0.503058
0.1,0.3,0.6,0.8,antifragile,0.221705,0.777439,0.524061,0.256066
0.1,0.3,0.6,0.9,antifragile,0.379468,0.853306,0.379384,0.301827
0.1,0.3,0.6,1.0,antifragile,0.521373,1.016957,0.378244,0.243787
0.1,0.3,0.7,0.0,unification,-0.686597,-0.024369,0.835346,1.143238
0.1,0.3,0.7,0.1,unification,-0.578107,0.072893,0.777691,1.005757
0.1,0.3,0.7,0.2,unification,-0.468408,0.142661,0.806519,1.066985
0.1,0.3,0.7,0.3,unification,-0.465446,0.262743,0.741465,0.938987
0.1,0.3,0.7,0.4,unification,-0.228042,0.293527,0.73849,0.886576
0.1,0.3,0.7,0.5,unification,-0.189319,0.448128,0.690922,0.767241
0.1,0.3,0.7,0.6,unification,-0.040882,0.578064,0.580901,0.714513
0.1,0.3,0.7,0.7,antifragile,0.098339,0.654304,0.515292,0.574263
0.1,0.3,0.7,0.8,antifragile,0.15972,0.68277,0.531993,0.424532
0.1,0.3,0.7,0.9,antifragile,0.290365,0.843298,0.427711,0.427573
0.1,0.3,0.7,1.0,antifragile,0.367175,0.955821,0.450423,0.284926
0.1,0.3,0.8,0.0,unification,-0.858542,-0.081909,0.955941,1.307398
0.1,0.3,0.8,0.1,unification,-0.719536,0.018834,0.89743,1.340386
0.1,0.3,0.8,0.2,unification,-0.638536,0.107101,1.039693,1.151051
0.1,0.3,0.8,0.3,unification,-0.558999,0.272134,0.789498,1.090453
0.1,0.3,0.8,0.4,unification,-0.390548,0.30301,0.875458,0.98832
0.1,0.3,0.8,0.5,unification,-0.221351,0.441746,0.732778,0.905568
0.1,0.3,0.8,0.6,unification,-0.099539,0.521737,0.805082,0.832524
0.1,0.3,0.8,0.7,recursive,-0.039401,0.622574,0.681862,0.642438
0.1,0.3,0.8,0.8,antifragile,0.055496,0.716059,0.614196,0.636884
0.1,0.3,0.8,0.9,antifragile,0.171065,0.838685,0.628156,0.543358
0.1,0.3,0.8,1.0,antifragile,0.211639,0.984536,0.547905,0.445956
0.1,0.3,0.9,0.0,unification,-0.927126,-0.114421,1.117203,1.494302
0.1,0.3,0.9,0.1,unification,-0.77778,-0.000375,1.030956,1.34369
0.1,0.3,0.9,0.2,unification,-0.699511,0.116905,0.937942,1.267613
0.1,0.3,0.9,0.3,unification,-0.569789,0.225147,0.889043,1.205507
0.1,0.3,0.9,0.4,unification,-0.515316,0.261372,0.853554,1.031397
0.1,0.3,0.9,0.5,unification,-0.309217,0.336547,0.805054,1.06277
0.1,0.3,0.9,0.6,unification,-0.278529,0.470593,0.749399,0.956648
0.1,0.3,0.9,0.7,unification,-0.097663,0.611947,0.786876,0.833679
0.1,0.3,0.9,0.8,recursive,-0.056219,0.629252,0.784495,0.78324
0.1,0.3,0.9,0.9,antifragile,0.045335,0.766992,0.664994,0.603589
0.1,0.3,0.9,1.0,antifragile,0.198883,0.839225,0.592373,0.501043
0.1,0.3,1.0,0.0,unification,-1.07819,-0.143571,1.120745,1.506235
0.1,0.3,1.0,0.1,unification,-0.857463,-0.033277,1.113844,1.455854
0.1,0.3,1.0,0.2,unification,-0.819356,0.070706,0.981866,1.406972
0.1,0.3,1.0,0.3,unification,-0.716857,0.205912,0.988077,1.348127
0.1,0.3,1.0,0.4,unification,-0.616131,0.221112,0.984047,1.268525
0.1,0.3,1.0,0.5,unification,-0.36667,0.352068,1.016887,1.110517
0.1,0.3,1.0,0.6,unification,-0.285062,0.397891,0.90601,0.922915
0.1,0.3,1.0,0.7,unification,-0.28608,0.563334,0.779378,0.976347
0.1,0.3,1.0,0.8,unification,-0.074677,0.609934,0.756552,0.846291
0.1,0.3,1.0,0.9,recursive,-0.058291,0.724939,0.770105,0.769699
0.1,0.3,1.0,1.0,recursive,0.183718,0.78903,0.794572,0.647938
0.1,0.4,0.0,0.0,recursive,-0.171361,0.329155,0.446568,0.398987
0.1,0.4,0.0,0.1,antifragile,-0.037247,0.386059,0.323003,0.365797
0.1,0.4,0.0,0.2,antifragile,0.138125,0.483585,0.338318,0.283608
0.1,0.4,0.0,0.3,antifragile,0.081951,0.578011,0.219162,0.135506
0.1,0.4,0.0,0.4,antifragile,0.373097,0.637337,0.192991,0.137629
0.1,0.4,0.0,0.5,antifragile,0.327616,0.722629,0.252453,-0.002862
0.1,0.4,0.0,0.6,antifragile,0.40692,0.867199,0.130177,-0.013007
0.1,0.4,0.0,0.7,antifragile,0.564691,0.987561,0.198785,-0.217547
0.1,0.4,0.0,0.8,antifragile,0.695339,1.049431,0.027133,-0.246485
0.1,0.4,0.0,0.9,antifragile,0.803754,1.112747,0.032447,-0.341437
0.1,0.4,0.0,1.0,antifragile,0.933194,1.190059,-0.037759,-0.435929
0.1,0.4,0.1,0.0,recursive,-0.267238,0.213058,0.491197,0.454262
0.1,0.4,0.1,0.1,unification,-0.191523,0.316004,0.392194,0.54146
0.1,0.4,0.1,0.2,antifragile,-0.044057,0.433838,0.370838,0.374211
0.1,0.4,0.1,0.3,antifragile,0.004237,0.511509,0.30815,0.27613
0.1,0.4,0.1,0.4,antifragile,0.047004,0.5586,0.388196,0.24652
0.1,0.4,0.1,0.5,antifragile,0.350952,0.779386,0.308649,0.097357
0.1,0.4,0.1,0.6,antifragile,0.343137,0.862337,0.238228,0.159701
0.1,0.4,0.1,0.7,antifragile,0.486745,0.998645,0.18716,0.016802
0.1,0.4,0.1,0.8,antifragile,0.699835,0.943853,0.13075,-0.186649
0.1,0.4,0.1,0.9,antifragile,0.663503,1.123353,0.105169,-0.217382
0.1,0.4,0.1,1.0,antifragile,0.862812,1.092131,0.139338,-0.322455
0.1,0.4,0.2,0.0,unification,-0.32838,0.231036,0.62854,0.664757
0.1,0.4,0.2,0.1,unification,-0.351182,0.297856,0.530035,0.533287
0.1,0.4,0.2,0.2,unification,-0.127625,0.371949,0.412862,0.533574
0.1,0.4,0.2,0.3,unification,-0.053186,0.464681,0.416871,0.476774
0.1,0.4,0.2,0.4,antifragile,0.082954,0.583955,0.377968,0.353143
0.1,0.4,0.2,0.5,antifragile,0.262466,0.707393,0.394343,0.275312
0.1,0.4,0.2,0.6,antifragile,0.235988,0.726194,0.309751,0.123707
0.1,0.4,0.2,0.7,antifragile,0.361773,0.771391,0.212674,0.062174
0.1,0.4,0.2,0.8,antifragile,0.521529,0.920347,0.243946,-0.031692
0.1,0.4,0.2,0.9,antifragile,0.689529,1.046919,0.234817,-0.084839
0.1,0.4,0.2,1.0,antifragile,0.674896,1.145467,0.098219,-0.185406
0.1,0.4,0.3,0.0,unification,-0.482257,0.184098,0.577882,0.795735
0.1,0.4,0.3,0.1,unification,-0.306379,0.30538,0.566792,0.710888
0.1,0.4,0.3,0.2,unification,-0.215793,0.432356,0.490933,0.579445
0.1,0.4,0.3,0.3,unification,0.025223,0.436345,0.43045,0.510872
0.1,0.4,0.3,0.4,antifragile,-0.143444,0.557046,0.525489,0.409417
0.1,0.4,0.3,0.5,antifragile,0.081464,0.686183,0.357489,0.303921
0.1,0.4,0.3,0.6,antifragile,0.203594,0.697383,0.390307,0.221812
0.1,0.4,0.3,0.7,antifragile,0.335716,0.822538,0.39246,0.21002
0.1,0.4,0.3,0.8,antifragile,0.445335,0.852685,0.34963,0.098457
0.1,0.4,0.3,0.9,antifragile,0.53667,1.072413,0.249028,0.097559
0.1,0.4,0.3,1.0,antifragile,0.727224,1.152639,0.195969,-0.164315
0.1,0.4,0.4,0.0,unification,-0.481058,0.135569,0.69274,0.978678
0.1,0.4,0.4,0.1,unification,-0.468078,0.203792,0.716245,0.77932
0.1,0.4,0.4,0.2,unification,-0.320474,0.374457,0.660556,0.812371
0.1,0.4,0.4,0.3,unification,-0.14832,0.415387,0.493163,0.609711
0.1,0.4,0.4,0.4,unification,-0.056833,0.432487,0.553665,0.596924
0.1,0.4,0.4,0.5,antifragile,0.088479,0.576249,0.497826,0.492378
0.1,0.4,0.4,0.6,antifragile,0.142546,0.692288,0.542463,0.370043
0.1,0.4,0.4,0.7,antifragile,0.241008,0.817261,0.429988,0.366985
0.1,0.4,0.4,0.8,antifragile,0.352448,0.929442,0.419705,0.25882
0.1,0.4,0.4,0.9,antifragile,0.42338,0.953461,0.43122,0.186776
0.1,0.4,0.4,1.0,antifragile,0.513852,1.089043,0.211311,0.041303
0.1,0.4,0.5,0.0,unification,-0.576949,0.088743,0.820896,0.894181
0.1,0.4,0.5,0.1,unification,-0.534613,0.206914,0.798264,1.008118
0.1,0.4,0.5,0.2,unification,-0.415513,0.276717,0.668394,0.864774
0.1,0.4,0.5,0.3,unification,-0.358079,0.287606,0.640741,0.865434
0.1,0.4,0.5,0.4,recursive,-0.198528,0.485994,0.629325,0.615472
0.1,0.4,0.5,0.5,unification,-0.028194,0.46139,0.58726,0.617269
0.1,0.4,0.5,0.6,antifragile,0.046524,0.628677,0.483102,0.494945
0.1,0.4,0.5,0.7,antifragile,0.107562,0.721345,0.583503,0.38932
0.1,0.4,0.5,0.8,antifragile,0.270049,0.862915,0.543023,0.358343
0.1,0.4,0.5,0.9,antifragile,0.404557,0.941389,0.47672,0.204853
0.1,0.4,0.5,1.0,antifragile,0.343086,1.063877,0.436559,0.218775
0.1,0.4,0.6,0.0,unification,-0.741247,0.134486,0.877006,1.191044
0.1,0.4,0.6,0.1,unification,-0.575268,0.240937,0.844149,1.05234
0.1,0.4,0.6,0.2,unification,-0.569907,0.327618,0.841071,1.022653
0.1,0.4,0.6,0.3,unification,-0.229165,0.361252,0.714884,0.905205
0.1,0.4,0.6,0.4,unification,-0.323739,0.420207,0.719871,0.800649
0.1,0.4,0.6,0.5,unification,-0.234664,0.614625,0.714942,0.733726
0.1,0.4,0.6,0.6,unification,-0.017118,0.653553,0.673785,0.69425
0.1,0.4,0.6,0.7,antifragile,0.061697,0.758511,0.657656,0.583136
0.1,0.4,0.6,0.8,antifragile,0.15398,0.89652,0.556105,0.509566
0.1,0.4,0.6,0.9,antifragile,0.295695,0.884522,0.499609,0.387307
0.1,0.4,0.6,1.0,antifragile,0.360389,0.937093,0.467425,0.333311
0.1,0.4,0.7,0.0,unification,-0.741703,0.05272,0.855023,1.327065
0.1,0.4,0.7,0.1,unification,-0.722908,0.142654,0.944293,1.200366
0.1,0.4,0.7,0.2,unification,-0.590112,0.213879,0.97222,1.124017
0.1,0.4,0.7,0.3,unification,-0.420723,0.356995,0.898352,0.950669
0.1,0.4,0.7,0.4,unification,-0.309168,0.382105,0.860786,0.906373
0.1,0.4,0.7,0.5,unification,-0.314254,0.598819,0.737151,0.927305
0.1,0.4,0.7,0.6,recursive,-0.139079,0.573994,0.742759,0.719945
0.1,0.4,0.7,0.7,unification,-0.035688,0.635863,0.685228,0.746265
0.1,0.4,0.7,0.8,antifragile,0.08771,0.710891,0.707574,0.614645
0.1,0.4,0.7,0.9,antifragile,0.157891,0.917334,0.61664,0.471717
0.1,0.4,0.7,1.0,antifragile,0.38739,0.974136,0.580931,0.424745
0.1,0.4,0.8,0.0,unification,-0.836002,-0.036244,0.992751,1.386066
0.1,0.4,0.8,0.1,unification,-0.718661,0.126607,1.017249,1.403663
0.1,0.4,0.8,0.2,unification,-0.637603,0.166671,0.981705,1.266466
0.1,0.4,0.8,0.3,unification,-0.606594,0.275225,0.965426,1.080652
0.1,0.4,0.8,0.4,unification,-0.464466,0.354847,0.961403,0.987775
0.1,0.4,0.8,0.5,unification,-0.364075,0.440912,0.918004,0.992823
0.1,0.4,0.8,0.6,unification,-0.145195,0.593111,0.809489,0.921983
0.1,0.4,0.8,0.7,unification,-0.142703,0.69797,0.72339,0.783815
0.1,0.4,0.8,0.8,antifragile,0.007784,0.811288,0.639902,0.808724
0.1,0.4,0.8,0.9,antifragile,0.087993,0.750806,0.559914,0.578531
0.1,0.4,0.8,1.0,antifragile,0.204015,0.936705,0.70166,0.542526
0.1,0.4,0.9,0.0,unification,-1.040402,-0.065654,1.156681,1.556539
0.1,0.4,0.9,0.1,unification,-0.914458,0.095072,1.08393,1.416514
0.1,0.4,0.9,0.2,unification,-0.79212,0.198742,1.06836,1.340274
0.1,0.4,0.9,0.3,unification,-0.608695,0.347137,1.045484,1.351692
0.1,0.4,0.9,0.4,unification,-0.493196,0.304718,0.996332,1.140873
0.1,0.4,0.9,0.5,unification,-0.445247,0.39869,0.934856,1.082505
0.1,0.4,0.9,0.6,unification,-0.339355,0.551612,0.909025,0.941781
0.1,0.4,0.9,0.7,unification,-0.252306,0.54403,0.887203,0.975166
0.1,0.4,0.9,0.8,recursive,-0.092173,0.67563,0.847343,0.841494
0.1,0.4,0.9,0.9,antifragile,-0.051911,0.847096,0.835901,0.827445
0.1,0.4,0.9,1.0,antifragile,0.084583,0.963968,0.730321,0.727675
0.1,0.4,1.0,0.0,unification,-1.100546,-0.091199,1.118941,1.654904
0.1,0.4,1.0,0.1,unification,-0.960446,-0.005502,1.287809,1.526877
0.1,0.4,1.0,0.2,unification,-0.883179,0.064756,1.131811,1.551571
0.1,0.4,1.0,0.3,unification,-0.671098,0.16996,1.08385,1.357144
0.1,0.4,1.0,0.4,unification,-0.569686,0.35605,1.074701,1.260195
0.1,0.4,1.0,0.5,unification,-0.590333,0.403531,1.067467,1.141693
0.1,0.4,1.0,0.6,unification,-0.431065,0.570915,0.989125,1.234482
0.1,0.4,1.0,0.7,unification,-0.272548,0.530786,0.945366,1.068565
0.1,0.4,1.0,0.8,recursive,-0.242626,0.631507,0.995338,0.941132
0.1,0.4,1.0,0.9,unification,-0.031078,0.753176,0.878718,0.933092
0.1,0.4,1.0,1.0,antifragile,-0.004928,0.898395,0.737679,0.841985
0.1,0.5,0.0,0.0,unification,-0.373427,0.303658,0.547712,0.571115
0.1,0.5,0.0,0.1,unification,-0.204921,0.351517,0.430566,0.464311
0.1,0.5,0.0,0.2,antifragile,-0.131597,0.504339,0.440571,0.355848
0.1,0.5,0.0,0.3,antifragile,0.106266,0.611186,0.357917,0.188191
0.1,0.5,0.0,0.4,antifragile,0.196671,0.647346,0.316083,0.223956
0.1,0.5,0.0,0.5,antifragile,0.370867,0.788097,0.332703,0.042776
0.1,0.5,0.0,0.6,antifragile,0.422276,0.882005,0.326461,0.002977
0.1,0.5,0.0,0.7,antifragile,0.507918,1.032941,0.220398,-0.110442
0.1,0.5,0.0,0.8,antifragile,0.757582,1.02107,0.181765,-0.122666
0.1,0.5,0.0,0.9,antifragile,0.753381,1.160513,0.135762,-0.236747
0.1,0.5,0.0,1.0,antifragile,0.794203,1.372511,0.094,-0.280153
0.1,0.5,0.1,0.0,unification,-0.356733,0.262262,0.567228,0.587508
0.1,0.5,0.1,0.1,recursive,-0.238031,0.35465,0.608576,0.520165
0.1,0.5,0.1,0.2,recursive,-0.148857,0.425078,0.582127,0.45153
0.1,0.5,0.1,0.3,antifragile,0.018115,0.613508,0.462694,0.341159
0.1,0.5,0.1,0.4,antifragile,0.031792,0.702988,0.36697,0.344601
0.1,0.5,0.1,0.5,antifragile,0.215717,0.773857,0.413579,0.193316
0.1,0.5,0.1,0.6,antifragile,0.271224,0.885746,0.318533,0.017493
0.1,0.5,0.1,0.7,antifragile,0.462438,0.893187,0.333357,0.139641
0.1,0.5,0.1,0.8,antifragile,0.540838,1.089788,0.27769,0.064371
0.1,0.5,0.1,0.9,antifragile,0.596895,1.134589,0.263658,-0.109521
0.1,0.5,0.1,1.0,antifragile,0.817611,1.208398,0.293469,-0.07889
0.1,0.5,0.2,0.0,recursive,-0.415896,0.27263,0.734584,0.73064
0.1,0.5,0.2,0.1,unification,-0.3856,0.402821,0.648699,0.693675
0.1,0.5,0.2,0.2,recursive,-0.209444,0.315698,0.585472,0.582348
0.1,0.5,0.2,0.3,recursive,-0.054096,0.579752,0.583834,0.554773
0.1,0.5,0.2,0.4,antifragile,-0.064867,0.654532,0.54647,0.51226
0.1,0.5,0.2,0.5,antifragile,0.22591,0.635372,0.455576,0.327887
0.1,0.5,0.2,0.6,antifragile,0.238625,0.81567,0.423296,0.33138
0.1,0.5,0.2,0.7,antifragile,0.284929,0.857944,0.343789,0.176984
0.1,0.5,0.2,0.8,antifragile,0.38857,1.002571,0.346725,0.070674
0.1,0.5,0.2,0.9,antifragile,0.603688,1.097025,0.368132,0.015248
0.1,0.5,0.2,1.0,antifragile,0.66879,1.166861,0.274648,-0.024388
0.1,0.5,0.3,0.0,unification,-0.540567,0.235921,0.719363,0.952953
0.1,0.5,0.3,0.1,unification,-0.438995,0.347584,0.723049,0.906048
0.1,0.5,0.3,0.2,unification,-0.357703,0.326191,0.649189,0.675769
0.1,0.5,0.3,0.3,recursive,-0.259137,0.526078,0.639791,0.636016
0.1,0.5,0.3,0.4,recursive,-0.099348,0.560138,0.682518,0.538225
0.1,0.5,0.3,0.5,antifragile,-0.036107,0.724803,0.549212,0.591939
0.1,0.5,0.3,0.6,antifragile,0.11369,0.822299,0.57411,0.378933
0.1,0.5,0.3,0.7,antifragile,0.212854,0.912068,0.508745,0.249469
0.1,0.5,0.3,0.8,antifragile,0.303578,0.843178,0.469769,0.221909
0.1,0.5,0.3,0.9,antifragile,0.461892,0.980428,0.345095,0.126102
0.1,0.5,0.3,1.0,antifragile,0.546384,1.165892,0.389173,0.178481
0.1,0.5,0.4,0.0,unification,-0.611001,0.23077,0.803501,0.956253
0.1,0.5,0.4,0.1,unification,-0.517615,0.190114,0.805734,0.915977
0.1,0.5,0.4,0.2,unification,-0.487714,0.451801,0.738122,0.788119
0.1,0.5,0.4,0.3,recursive,-0.235091,0.423569,0.779508,0.74833
0.1,0.5,0.4,0.4,unification,-0.197045,0.572242,0.714661,0.738424
0.1,0.5,0.4,0.5,recursive,-0.064487,0.676431,0.682281,0.625028
0.1,0.5,0.4,0.6,antifragile,0.042867,0.672735,0.634959,0.532109
0.1,0.5,0.4,0.7,antifragile,0.139319,0.903888,0.493608,0.527202
0.1,0.5,0.4,0.8,antifragile,0.268886,0.950876,0.505248,0.276646
0.1,0.5,0.4,0.9,antifragile,0.37302,1.046737,0.518811,0.265098
0.1,0.5,0.4,1.0,antifragile,0.380373,1.047917,0.547601,0.135373
0.1,0.5,0.5,0.0,unification,-0.628648,0.093296,0.920877,1.19626
0.1,0.5,0.5,0.1,unification,-0.63101,0.314611,0.893786,1.103043
0.1,0.5,0.5,0.2,unification,-0.49338,0.362936,0.92894,0.988436
0.1,0.5,0.5,0.3,unification,-0.283514,0.39442,0.848205,0.934456
0.1,0.5,0.5,0.4,unification,-0.313429,0.53069,0.770368,0.78234
0.1,0.5,0.5,0.5,unification,-0.1321,0.622314,0.726371,0.736571
0.1,0.5,0.5,0.6,recursive,-0.044501,0.691615,0.696992,0.622804
0.1,0.5,0.5,0.7,antifragile,0.20284,0.734533,0.620763,0.544713
0.1,0.5,0.5,0.8,antifragile,0.282025,0.833993,0.631296,0.49742
0.1,0.5,0.5,0.9,antifragile,0.30668,1.056817,0.630791,0.377452
0.1,0.5,0.5,1.0,antifragile,0.409701,0.996795,0.534955,0.275301
0.1,0.5,0.6,0.0,unification,-0.799319,0.020731,1.035244,1.205172
0.1,0.5,0.6,0.1,unification,-0.672586,0.138675,0.932518,1.262737
0.1,0.5,0.6,0.2,unification,-0.540604,0.35246,1.012986,1.081358
0.1,0.5,0.6,0.3,unification,-0.385051,0.316725,0.932305,1.010333
0.1,0.5,0.6,0.4,unification,-0.396515,0.515723,0.902248,0.995763
0.1,0.5,0.6,0.5,unification,-0.229257,0.586598,0.841343,0.880188
0.1,0.5,0.6,0.6,recursive,-0.102932,0.6852,0.817139,0.69864
0.1,0.5,0.6,0.7,unification,-0.026564,0.700808,0.748835,0.777097
0.1,0.5,0.6,0.8,antifragile,0.066296,0.871363,0.732824,0.506614
0.1,0.5,0.6,0.9,antifragile,0.173894,0.978226,0.51015,0.47616
0.1,0.5,0.6,1.0,antifragile,0.365043,1.10515,0.633716,0.48411
0.1,0.5,0.7,0.0,unification,-0.869245,0.09777,1.084217,1.420791
0.1,0.5,0.7,0.1,unification,-0.801619,0.228174,1.136078,1.398996
0.1,0.5,0.7,0.2,unification,-0.680405,0.212311,1.083849,1.272195
0.1,0.5,0.7,0.3,unification,-0.533571,0.323318,1.001283,1.105736
0.1,0.5,0.7,0.4,unification,-0.408297,0.518944,1.021552,1.110426
0.1,0.5,0.7,0.5,recursive,-0.399101,0.554867,1.006984,0.946569
0.1,0.5,0.7,0.6,unification,-0.222959,0.710676,0.890857,1.029008
0.1,0.5,0.7,0.7,recursive,-0.146643,0.685512,0.881206,0.760206
0.1,0.5,0.7,0.8,recursive,-0.009838,0.826718,0.831799,0.765713
0.1,0.5,0.7,0.9,antifragile,0.132853,0.904878,0.80075,0.851291
0.1,0.5,0.7,1.0,antifragile,0.254564,1.024984,0.635107,0.533126
0.1,0.5,0.8,0.0,unification,-0.980686,0.00827,1.184196,1.628901
0.1,0.5,0.8,0.1,unification,-0.797642,0.122058,1.084586,1.521868
0.1,0.5,0.8,0.2,unification,-0.752453,0.138675,1.140622,1.421284
0.1,0.5,0.8,0.3,unification,-0.761295,0.278772,1.059477,1.321726
0.1,0.5,0.8,0.4,unification,-0.555787,0.373393,1.061358,1.176584
0.1,0.5,0.8,0.5,unification,-0.392897,0.454424,0.917383,1.152763
0.1,0.5,0.8,0.6,unification,-0.297374,0.651123,0.91837,0.990245
0.1,0.5,0.8,0.7,unification,-0.131964,0.623852,0.967573,1.011025
0.1,0.5,0.8,0.8,unification,-0.046996,0.76061,0.824174,0.849497
0.1,0.5,0.8,0.9,recursive,-0.044752,0.841915,0.857237,0.807467
0.1,0.5,0.8,1.0,antifragile,0.077521,1.018806,0.807715,0.765494
0.1,0.5,0.9,0.0,unification,-1.031543,0.052929,1.293854,1.713996
0.1,0.5,0.9,0.1,unification,-1.014356,0.088913,1.228051,1.567813
0.1,0.5,0.9,0.2,unification,-0.817806,0.221719,1.209613,1.486153
0.1,0.5,0.9,0.3,unification,-0.766787,0.339859,1.167487,1.359069
0.1,0.5,0.9,0.4,unification,-0.629684,0.292835,1.111769,1.315081
0.1,0.5,0.9,0.5,unification,-0.538723,0.55423,1.012192,1.27532
0.1,0.5,0.9,0.6,unification,-0.290665,0.623863,1.028423,1.098297
0.1,0.5,0.9,0.7,unification,-0.358103,0.644422,0.95565,1.034023
0.1,0.5,0.9,0.8,recursive,-0.196316,0.754888,0.974261,0.92311
0.1,0.5,0.9,0.9,unification,-0.104112,0.847016,0.900226,0.991821
0.1,0.5,0.9,1.0,recursive,0.051612,0.869321,0.890909,0.842283
0.1,0.5,1.0,0.0,unification,-1.156256,-0.09567,1.442903,1.736506
0.1,0.5,1.0,0.1,unification,-1.006961,0.070003,1.345041,1.790343
0.1,0.5,1.0,0.2,unification,-0.901918,0.127067,1.3303,1.588445
0.1,0.5,1.0,0.3,unification,-0.811822,0.185346,1.183336,1.537569
0.1,0.5,1.0,0.4,unification,-0.691596,0.25988,1.219864,1.409029
0.1,0.5,1.0,0.5,unification,-0.536016,0.422402,1.098819,1.36879
0.1,0.5,1.0,0.6,unification,-0.535812,0.598447,1.115027,1.272416
0.1,0.5,1.0,0.7,unification,-0.35041,0.579753,1.010542,1.215418
0.1,0.5,1.0,0.8,unification,-0.324984,0.669999,1.076838,1.136253
0.1,0.5,1.0,0.9,unification,-0.222691,0.789043,0.949813,1.113816
0.1,0.5,1.0,1.0,recursive,-0.004699,0.893958,0.98381,0.872191
0.1,0.6,0.0,0.0,unification,-0.358632,0.365243,0.642612,0.655127
0.1,0.6,0.0,0.1,recursive,-0.202599,0.458917,0.571821,0.560193
0.1,0.6,0.0,0.2,antifragile,-0.126313,0.561597,0.560541,0.499918
0.1,0.6,0.0,0.3,antifragile,-0.05393,0.595054,0.519944,0.478584
0.1,0.6,0.0,0.4,antifragile,0.122621,0.719417,0.471217,0.263159
0.1,0.6,0.0,0.5,antifragile,0.290447,0.84433,0.386527,0.22666
0.1,0.6,0.0,0.6,antifragile,0.308648,0.995583,0.369888,0.157768
0.1,0.6,0.0,0.7,antifragile,0.473686,0.987962,0.349685,0.078722
0.1,0.6,0.0,0.8,antifragile,0.477296,1.132635,0.297712,-0.013502
0.1,0.6,0.0,0.9,antifragile,0.666781,1.227958,0.326867,-0.163975
0.1,0.6,0.0,1.0,antifragile,0.757892,1.343331,0.244046,-0.16703
0.1,0.6,0.1,0.0,unification,-0.277321,0.355707,0.761547,0.769646
0.1,0.6,0.1,0.1,unification,-0.354646,0.404284,0.700598,0.720341
0.1,0.6,0.1,0.2,recursive,-0.174837,0.504283,0.60631,0.606007
0.1,0.6,0.1,0.3,antifragile,-0.048776,0.652036,0.534688,0.568117
0.1,0.6,0.1,0.4,antifragile,-0.007536,0.728446,0.535402,0.523289
0.1,0.6,0.1,0.5,antifragile,0.114096,0.808931,0.53533,0.316302
0.1,0.6,0.1,0.6,antifragile,0.241357,0.881671,0.439309,0.253014
0.1,0.6,0.1,0.7,antifragile,0.410601,0.960072,0.45332,0.20573
0.1,0.6,0.1,0.8,antifragile,0.395151,1.110958,0.314324,0.136405
0.1,0.6,0.1,0.9,antifragile,0.54964,1.180418,0.280286,0.026119
0.1,0.6,0.1,1.0,antifragile,0.731348,1.234652,0.274642,-0.042269
0.1,0.6,0.2,0.0,unification,-0.481019,0.168291,0.89077,0.936428
0.1,0.6,0.2,0.1,unification,-0.360154,0.377823,0.657232,0.858736
0.1,0.6,0.2,0.2,unification,-0.313259,0.507197,0.69906,0.751902
0.1,0.6,0.2,0.3,unification,-0.21375,0.618219,0.610581,0.767278
0.1,0.6,0.2,0.4,antifragile,0.046897,0.751635,0.693774,0.565773
0.1,0.6,0.2,0.5,antifragile,0.103327,0.760191,0.512324,0.56016
0.1,0.6,0.2,0.6,antifragile,0.211441,0.858433,0.488741,0.37069
0.1,0.6,0.2,0.7,antifragile,0.173943,1.002254,0.429835,0.329342
0.1,0.6,0.2,0.8,antifragile,0.332815,0.978665,0.481918,0.21331
0.1,0.6,0.2,0.9,antifragile,0.526909,1.08162,0.392134,0.025618
0.1,0.6,0.2,1.0,antifragile,0.485783,1.32991,0.49418,0.064636
0.1,0.6,0.3,0.0,unification,-0.636191,0.240078,0.918679,1.009281
0.1,0.6,0.3,0.1,unification,-0.473118,0.349362,0.806559,0.92369
0.1,0.6,0.3,0.2,unification,-0.360334,0.396156,0.817586,0.841421
0.1,0.6,0.3,0.3,unification,-0.258632,0.609198,0.74659,0.82599
0.1,0.6,0.3,0.4,unification,-0.244602,0.611482,0.716384,0.791167
0.1,0.6,0.3,0.5,recursive,-0.142998,0.72519,0.747834,0.570749
0.1,0.6,0.3,0.6,antifragile,0.054358,0.841587,0.644225,0.603289
0.1,0.6,0.3,0.7,antifragile,0.197424,0.986389,0.577,0.402974
0.1,0.6,0.3,0.8,antifragile,0.273714,0.957045,0.579176,0.335706
0.1,0.6,0.3,0.9,antifragile,0.361411,1.134933,0.457814,0.308525
0.1,0.6,0.3,1.0,antifragile,0.481083,1.262955,0.455363,0.216595
0.1,0.6,0.4,0.0,unification,-0.676022,0.257195,0.965497,1.07683
0.1,0.6,0.4,0.1,unification,-0.52456,0.310616,0.959476,1.109512
0.1,0.6,0.4,0.2,unification,-0.503665,0.36426,0.912768,0.974838
0.1,0.6,0.4,0.3,unification,-0.308179,0.49609,0.89117,0.926165
0.1,0.6,0.4,0.4,unification,-0.230601,0.581299,0.811621,0.879643
0.1,0.6,0.4,0.5,recursive,-0.137711,0.721559,0.762318,0.74123
0.1,0.6,0.4,0.6,antifragile,0.061171,0.850087,0.72397,0.660723
0.1,0.6,0.4,0.7,antifragile,0.049906,0.876351,0.69547,0.607531
0.1,0.6,0.4,0.8,antifragile,0.232461,0.924537,0.688849,0.475561
0.1,0.6,0.4,0.9,antifragile,0.25565,1.141819,0.673164,0.408187
0.1,0.6,0.4,1.0,antifragile,0.45044,1.208372,0.629789,0.346403
0.1,0.6,0.5,0.0,unification,-0.841384,0.28549,1.098283,1.259524
0.1,0.6,0.5,0.1,unification,-0.716481,0.305241,0.991087,1.2165
0.1,0.6,0.5,0.2,unification,-0.51783,0.346678,0.909195,1.134291
0.1,0.6,0.5,0.3,unification,-0.471669,0.477305,0.857834,1.017391
0.1,0.6,0.5,0.4,unification,-0.299252,0.595297,0.845582,0.886587
0.1,0.6,0.5,0.5,recursive,-0.224212,0.688052,0.865259,0.834392
0.1,0.6,0.5,0.6,antifragile,-0.100109,0.830118,0.815257,0.693343
0.1,0.6,0.5,0.7,antifragile,0.00516,0.952198,0.70063,0.691486
0.1,0.6,0.5,0.8,antifragile,0.093683,0.949794,0.734713,0.661999
0.1,0.6,0.5,0.9,antifragile,0.219239,1.103863,0.679117,0.502493
0.1,0.6,0.5,1.0,antifragile,0.291541,1.044146,0.658789,0.5377
0.1,0.6,0.6,0.0,unification,-0.842088,0.184337,1.109348,1.397783
0.1,0.6,0.6,0.1,unification,-0.705768,0.345435,1.164397,1.365262
0.1,0.6,0.6,0.2,unification,-0.643242,0.350486,1.012325,1.167592
0.1,0.6,0.6,0.3,unification,-0.59134,0.43749,0.9954,1.081528
0.1,0.6,0.6,0.4,unification,-0.426866,0.514078,0.911358,1.051491
0.1,0.6,0.6,0.5,recursive,-0.331048,0.594168,0.976334,0.889855
0.1,0.6,0.6,0.6,unification,-0.30429,0.720164,0.894806,0.920211
0.1,0.6,0.6,0.7,recursive,-0.121949,0.769104,0.849634,0.792921
0.1,0.6,0.6,0.8,antifragile,0.092554,0.893789,0.807341,0.853771
0.1,0.6,0.6,0.9,antifragile,0.115262,1.032808,0.802315,0.68157
0.1,0.6,0.6,1.0,antifragile,0.249474,1.109692,0.735017,0.5312
0.1,0.6,0.7,0.0,unification,-0.938724,0.216432,1.275534,1.550196
0.1,0.6,0.7,0.1,unification,-0.802209,0.166541,1.161974,1.497392
0.1,0.6,0.7,0.2,unification,-0.660642,0.266457,1.110821,1.474069
0.1,0.6,0.7,0.3,unification,-0.620187,0.491168,1.105343,1.292309
0.1,0.6,0.7,0.4,unification,-0.530275,0.542128,1.122889,1.14325
0.1,0.6,0.7,0.5,unification,-0.422623,0.635754,1.008523,1.085331
0.1,0.6,0.7,0.6,unification,-0.244523,0.740173,0.952518,1.035618
0.1,0.6,0.7,0.7,unification,-0.245424,0.735226,0.941208,0.94157
0.1,0.6,0.7,0.8,unification,-0.123344,0.839201,0.841748,0.877753
0.1,0.6,0.7,0.9,antifragile,-0.063382,0.919421,0.761853,0.790951
0.1,0.6,0.7,1.0,antifragile,0.054863,1.066586,0.896976,0.768672
0.1,0.6,0.8,0.0,unification,-1.135295,0.09492,1.250551,1.600343
0.1,0.6,0.8,0.1,unification,-0.940673,0.236415,1.289983,1.539243
0.1,0.6,0.8,0.2,unification,-0.789748,0.157815,1.182353,1.448805
0.1,0.6,0.8,0.3,unification,-0.711084,0.354859,1.172926,1.396264
0.1,0.6,0.8,0.4,unification,-0.60388,0.487007,1.147467,1.305782
0.1,0.6,0.8,0.5,unification,-0.474913,0.596306,1.072199,1.23203
0.1,0.6,0.8,0.6,recursive,-0.326905,0.594862,1.150235,1.083042
0.1,0.6,0.8,0.7,recursive,-0.292268,0.697491,1.129396,1.039832
0.1,0.6,0.8,0.8,recursive,-0.190042,0.821463,0.98478,0.963578
0.1,0.6,0.8,0.9,recursive,-0.061644,0.75854,0.942858,0.89589
0.1,0.6,0.8,1.0,antifragile,0.106928,1.095453,0.890615,0.850811
0.1,0.6,0.9,0.0,unification,-1.190078,0.083367,1.356376,1.725765
0.1,0.6,0.9,0.1,unification,-1.034279,0.210024,1.35405,1.774824
0.1,0.6,0.9,0.2,unification,-0.952437,0.287393,1.272392,1.626266
0.1,0.6,0.9,0.3,unification,-0.794166,0.363075,1.277537,1.493041
0.1,0.6,0.9,0.4,unification,-0.650985,0.511583,1.19581,1.353238
0.1,0.6,0.9,0.5,unification,-0.560034,0.503441,1.178445,1.387809
0.1,0.6,0.9,0.6,unification,-0.49782,0.601557,1.139994,1.348488
0.1,0.6,0.9,0.7,unification,-0.363497,0.648216,1.045206,1.196961
0.1,0.6,0.9,0.8,unification,-0.311471,0.726885,1.096777,1.139225
0.1,0.6,0.9,0.9,unification,-0.163407,0.914683,1.034406,1.050121
0.1,0.6,0.9,1.0,recursive,-0.004763,0.864711,0.972975,0.960895
0.1,0.6,1.0,0.0,unification,-1.245523,0.01181,1.507535,1.914046
0.1,0.6,1.0,0.1,unification,-1.039604,0.161349,1.424072,1.815098
0.1,0.6,1.0,0.2,unification,-1.147516,0.183675,1.322337,1.751061
0.1,0.6,1.0,0.3,unification,-0.887356,0.329793,1.419834,1.653687
0.1,0.6,1.0,0.4,unification,-0.670979,0.401623,1.244489,1.541896
0.1,0.6,1.0,0.5,unification,-0.693637,0.514606,1.222638,1.470101
0.1,0.6,1.0,0.6,unification,-0.573052,0.557594,1.270571,1.432066
0.1,0.6,1.0,0.7,recursive,-0.396672,0.658449,1.250126,1.2468
0.1,0.6,1.0,0.8,unification,-0.414419,0.70931,1.150461,1.290119
0.1,0.6,1.0,0.9,unification,-0.265107,0.841165,1.099199,1.173641
0.1,0.6,1.0,1.0,unification,-0.148881,0.933329,1.00273,1.031414
0.1,0.7,0.0,0.0,unification,-0.341127,0.409546,0.698007,0.841807
0.1,0.7,0.0,0.1,recursive,-0.319261,0.570998,0.76518,0.697801
0.1,0.7,0.0,0.2,antifragile,-0.254927,0.709475,0.674364,0.593806
0.1,0.7,0.0,0.3,antifragile,-0.022194,0.725115,0.680547,0.491883
0.1,0.7,0.0,0.4,antifragile,0.055924,0.725706,0.608317,0.438853
0.1,0.7,0.0,0.5,antifragile,0.16405,0.872683,0.522451,0.311588
0.1,0.7,0.0,0.6,antifragile,0.299522,1.049485,0.467167,0.297677
0.1,0.7,0.0,0.7,antifragile,0.391609,1.070405,0.37867,0.11992
0.1,0.7,0.0,0.8,antifragile,0.440951,1.05805,0.485402,0.118385
0.1,0.7,0.0,0.9,antifragile,0.588502,1.150488,0.283806,0.014883
0.1,0.7,0.0,1.0,antifragile,0.798524,1.320068,0.37819,-0.093995
0.1,0.7,0.1,0.0,unification,-0.487238,0.430734,0.802702,0.870495
0.1,0.7,0.1,0.1,recursive,-0.309096,0.467278,0.83456,0.785738
0.1,0.7,0.1,0.2,recursive,-0.199666,0.573681,0.761739,0.741581
0.1,0.7,0.1,0.3,unification,-0.185274,0.654916,0.67787,0.697977
0.1,0.7,0.1,0.4,antifragile,-0.060153,0.675175,0.576029,0.478664
0.1,0.7,0.1,0.5,antifragile,0.090899,0.787425,0.635004,0.486829
0.1,0.7,0.1,0.6,antifragile,0.166765,0.96192,0.587915,0.259514
0.1,0.7,0.1,0.7,antifragile,0.263819,1.056255,0.622014,0.394323
0.1,0.7,0.1,0.8,antifragile,0.321842,1.112514,0.421694,0.300994
0.1,0.7,0.1,0.9,antifragile,0.550643,1.242529,0.468305,0.209032
0.1,0.7,0.1,1.0,antifragile,0.670566,1.377902,0.442834,0.037539
0.1,0.7,0.2,0.0,unification,-0.541644,0.375802,0.895468,1.012438
0.1,0.7,0.2,0.1,unification,-0.413334,0.513206,0.82753,0.931831
0.1,0.7,0.2,0.2,unification,-0.342453,0.54933,0.798882,0.954176
0.1,0.7,0.2,0.3,recursive,-0.228895,0.646569,0.872944,0.752547
0.1,0.7,0.2,0.4,recursive,-0.144422,0.652334,0.736382,0.615554
0.1,0.7,0.2,0.5,antifragile,0.007392,0.831,0.691147,0.599979
0.1,0.7,0.2,0.6,antifragile,0.118073,0.84821,0.675208,0.554975
0.1,0.7,0.2,0.7,antifragile,0.100886,1.034247,0.541297,0.42912
0.1,0.7,0.2,0.8,antifragile,0.24183,1.166562,0.527144,0.267491
0.1,0.7,0.2,0.9,antifragile,0.416668,1.169315,0.46977,0.291291
0.1,0.7,0.2,1.0,antifragile,0.420425,1.233188,0.476239,0.220111
0.1,0.7,0.3,0.0,unification,-0.605227,0.355139,0.982336,1.033635
0.1,0.7,0.3,0.1,unification,-0.540457,0.468529,1.01169,1.093147
0.1,0.7,0.3,0.2,recursive,-0.509475,0.463735,1.006691,0.914164
0.1,0.7,0.3,0.3,recursive,-0.397392,0.632128,0.848442,0.840912
0.1,0.7,0.3,0.4,recursive,-0.153601,0.703053,0.81091,0.757711
0.1,0.7,0.3,0.5,recursive,-0.01763,0.773777,0.859866,0.774682
0.1,0.7,0.3,0.6,antifragile,-0.036045,0.844353,0.822316,0.718126
0.1,0.7,0.3,0.7,antifragile,0.006154,0.992489,0.703939,0.508334
0.1,0.7,0.3,0.8,antifragile,0.223087,0.99252,0.646677,0.435076
0.1,0.7,0.3,0.9,antifragile,0.29501,1.151426,0.579222,0.468659
0.1,0.7,0.3,1.0,antifragile,0.454664,1.339728,0.581996,0.277561
0.1,0.7,0.4,0.0,unification,-0.672079,0.236097,1.066085,1.316002
0.1,0.7,0.4,0.1,unification,-0.711886,0.395565,1.064167,1.258466
0.1,0.7,0.4,0.2,unification,-0.495498,0.519999,0.989479,1.066866
0.1,0.7,0.4,0.3,unification,-0.324501,0.473665,0.883674,1.053256
0.1,0.7,0.4,0.4,recursive,-0.238751,0.654478,0.964965,0.84021
0.1,0.7,0.4,0.5,recursive,-0.234977,0.646303,0.914021,0.777638
0.1,0.7,0.4,0.6,recursive,-0.163891,0.860701,0.888091,0.762052
0.1,0.7,0.4,0.7,antifragile,0.038509,0.956889,0.784229,0.630265
0.1,0.7,0.4,0.8,antifragile,0.148245,1.055655,0.799701,0.615603
0.1,0.7,0.4,0.9,antifragile,0.171575,1.154517,0.714931,0.490863
0.1,0.7,0.4,1.0,antifragile,0.325268,1.180487,0.719442,0.359094
0.1,0.7,0.5,0.0,unification,-0.899674,0.213561,1.240688,1.457714
0.1,0.7,0.5,0.1,unification,-0.822042,0.392567,1.187471,1.2613
0.1,0.7,0.5,0.2,unification,-0.756073,0.416389,1.136121,1.314563
0.1,0.7,0.5,0.3,unification,-0.563541,0.602599,0.928603,1.131597
0.1,0.7,0.5,0.4,unification,-0.430861,0.667617,1.064915,1.112711
0.1,0.7,0.5,0.5,recursive,-0.367528,0.748131,0.985452,0.896438
0.1,0.7,0.5,0.6,recursive,-0.293351,0.851899,0.910995,0.830741
0.1,0.7,0.5,0.7,antifragile,-0.090409,0.913202,0.875857,0.732401
0.1,0.7,0.5,0.8,antifragile,0.124278,1.040211,0.823231,0.710245
0.1,0.7,0.5,0.9,antifragile,0.157974,1.028519,0.816134,0.573463
0.1,0.7,0.5,1.0,antifragile,0.246473,1.121571,0.704096,0.637286
0.1,0.7,0.6,0.0,unification,-0.937039,0.20537,1.144431,1.50015
0.1,0.7,0.6,0.1,unification,-0.806939,0.299707,1.097299,1.455357
0.1,0.7,0.6,0.2,unification,-0.701672,0.449188,1.132238,1.247897
0.1,0.7,0.6,0.3,recursive,-0.659839,0.425147,1.161835,1.139163
0.1,0.7,0.6,0.4,unification,-0.522418,0.64629,1.085361,1.234816
0.1,0.7,0.6,0.5,recursive,-0.47209,0.589901,1.116862,1.110061
0.1,0.7,0.6,0.6,recursive,-0.274836,0.709092,1.010039,0.962703
0.1,0.7,0.6,0.7,antifragile,-0.110656,0.996392,0.989197,0.903253
0.1,0.7,0.6,0.8,recursive,-0.186683,0.870777,1.002743,0.79854
0.1,0.7,0.6,0.9,antifragile,0.031458,1.082766,0.959114,0.755021
0.1,0.7,0.6,1.0,antifragile,0.139767,1.148581,0.813618,0.651309
0.1,0.7,0.7,0.0,unification,-1.009406,0.169265,1.43658,1.676942
0.1,0.7,0.7,0.1,unification,-0.862443,0.201436,1.316258,1.533851
0.1,0.7,0.7,0.2,unification,-0.790227,0.384426,1.252493,1.605366
0.1,0.7,0.7,0.3,unification,-0.628601,0.503862,1.248214,1.488168
0.1,0.7,0.7,0.4,unification,-0.661848,0.608514,1.120438,1.286783
0.1,0.7,0.7,0.5,unification,-0.45193,0.696661,1.072321,1.204373
0.1,0.7,0.7,0.6,unification,-0.365123,0.720682,1.132702,1.316796
0.1,0.7,0.7,0.7,unification,-0.239034,0.78824,0.985175,1.043737
0.1,0.7,0.7,0.8,recursive,-0.197012,0.943377,1.032601,0.951842
0.1,0.7,0.7,0.9,antifragile,0.059248,0.978228,0.964028,0.921958
0.1,0.7,0.7,1.0,antifragile,0.114603,1.173879,0.951425,0.857546
0.1,0.7,0.8,0.0,unification,-1.153255,0.170904,1.460236,1.855644
0.1,0.7,0.8,0.1,unification,-1.093422,0.174641,1.416157,1.562432
0.1,0.7,0.8,0.2,unification,-0.8754,0.36799,1.306181,1.58849
0.1,0.7,0.8,0.3,unification,-0.843707,0.383923,1.270372,1.490858
0.1,0.7,0.8,0.4,unification,-0.716884,0.49145,1.240845,1.533707
0.1,0.7,0.8,0.5,unification,-0.589709,0.617208,1.186156,1.32552
0.1,0.7,0.8,0.6,unification,-0.545219,0.616432,1.11465,1.279185
0.1,0.7,0.8,0.7,unification,-0.296191,0.700667,1.107546,1.116655
0.1,0.7,0.8,0.8,unification,-0.253214,0.938788,1.072656,1.097624
0.1,0.7,0.8,0.9,unification,-0.057239,1.002895,1.016995,1.022946
0.1,0.7,0.8,1.0,antifragile,-0.061377,1.096024,1.040767,0.861642
0.1,0.7,0.9,0.0,unification,-1.201243,0.084121,1.527234,1.946567
0.1,0.7,0.9,0.1,unification,-1.076128,0.16984,1.506667,1.776347
0.1,0.7,0.9,0.2,unification,-1.056026,0.120236,1.416493,1.693923
0.1,0.7,0.9,0.3,unification,-0.860112,0.276439,1.347641,1.673513
0.1,0.7,0.9,0.4,unification,-0.821492,0.490463,1.312149,1.56336
0.1,0.7,0.9,0.5,unification,-0.630242,0.61264,1.304625,1.439299
0.1,0.7,0.9,0.6,unification,-0.572902,0.691848,1.208937,1.386097
0.1,0.7,0.9,0.7,unification,-0.459294,0.749832,1.169536,1.217403
0.1,0.7,0.9,0.8,unification,-0.303963,0.898207,1.090391,1.243446
0.1,0.7,0.9,0.9,recursive,-0.165841,0.974796,1.119166,1.092825
0.1,0.7,0.9,1.0,recursive,-0.105951,1.052389,1.10479,1.045993
0.1,0.7,1.0,0.0,unification,-1.354133,0.076134,1.608543,2.040041
0.1,0.7,1.0,0.1,unification,-1.18445,0.233962,1.513781,2.009072
0.1,0.7,1.0,0.2,unification,-1.116701,0.300448,1.566668,1.845347
0.1,0.7,1.0,0.3,unification,-0.886952,0.363452,1.421136,1.756292
0.1,0.7,1.0,0.4,unification,-0.803362,0.481153,1.372098,1.683037
0.1,0.7,1.0,0.5,unification,-0.739824,0.50462,1.50289,1.616683
0.1,0.7,1.0,0.6,unification,-0.643091,0.684543,1.326739,1.570371
0.1,0.7,1.0,0.7,unification,-0.613387,0.697317,1.357454,1.51351
0.1,0.7,1.0,0.8,unification,-0.458665,0.770509,1.293372,1.318848
0.1,0.7,1.0,0.9,recursive,-0.323429,0.95382,1.197795,1.166729
0.1,0.7,1.0,1.0,unification,-0.265054,1.005498,1.091829,1.165142
0.1,0.8,0.0,0.0,recursive,-0.544605,0.531997,0.958257,0.84709
0.1,0.8,0.0,0.1,unification,-0.352162,0.49698,0.794534,0.905173
0.1,0.8,0.0,0.2,unification,-0.278334,0.625698,0.722874,0.787309
0.1,0.8,0.0,0.3,recursive,-0.308163,0.71286,0.727706,0.611946
0.1,0.8,0.0,0.4,antifragile,0.008177,0.890101,0.619398,0.664674
0.1,0.8,0.0,0.5,antifragile,0.003837,0.989432,0.657491,0.449815
0.1,0.8,0.0,0.6,antifragile,0.164532,1.018324,0.620421,0.343992
0.1,0.8,0.0,0.7,antifragile,0.283303,1.076466,0.509248,0.264134
0.1,0.8,0.0,0.8,antifragile,0.347501,1.188992,0.551624,0.226036
0.1,0.8,0.0,0.9,antifragile,0.613717,1.194477,0.513467,0.135321
0.1,0.8,0.0,1.0,antifragile,0.665784,1.435823,0.44175,0.058633
0.1,0.8,0.1,0.0,unification,-0.602203,0.445684,0.841056,1.063841
0.1,0.8,0.1,0.1,unification,-0.456159,0.485647,0.883373,0.93204
0.1,0.8,0.1,0.2,recursive,-0.280135,0.766675,0.915994,0.826734
0.1,0.8,0.1,0.3,recursive,-0.203511,0.733666,0.768742,0.70696
0.1,0.8,0.1,0.4,antifragile,-0.128164,0.835385,0.69441,0.648955
0.1,0.8,0.1,0.5,antifragile,0.013633,0.892086,0.805814,0.529432
0.1,0.8,0.1,0.6,antifragile,0.212608,0.9081,0.593542,0.512054
0.1,0.8,0.1,0.7,antifragile,0.148277,1.078062,0.651314,0.420211
0.1,0.8,0.1,0.8,antifragile,0.272879,1.196633,0.599133,0.400183
0.1,0.8,0.1,0.9,antifragile,0.415981,1.221768,0.490614,0.251395
0.1,0.8,0.1,1.0,antifragile,0.47154,1.297502,0.561373,0.086116
0.1,0.8,0.2,0.0,unification,-0.58439,0.387986,1.017808,1.098262
0.1,0.8,0.2,0.1,unification,-0.506781,0.474855,0.945695,1.074991
0.1,0.8,0.2,0.2,unification,-0.519139,0.488234,0.883991,0.997476
0.1,0.8,0.2,0.3,unification,-0.325163,0.717449,0.854001,0.923733
0.1,0.8,0.2,0.4,recursive,-0.220694,0.712848,0.879265,0.806699
0.1,0.8,0.2,0.5,antifragile,-0.136456,0.8571,0.813523,0.717316
0.1,0.8,0.2,0.6,antifragile,-0.01563,0.884753,0.783738,0.599864
0.1,0.8,0.2,0.7,antifragile,0.063984,1.032965,0.776701,0.564281
0.1,0.8,0.2,0.8,antifragile,0.198443,1.111433,0.731791,0.350163
0.1,0.8,0.2,0.9,antifragile,0.374868,1.141299,0.58923,0.359287
0.1,0.8,0.2,1.0,antifragile,0.553506,1.413871,0.655324,0.317827
0.1,0.8,0.3,0.0,unification,-0.838114,0.352838,1.077539,1.234167
0.1,0.8,0.3,0.1,recursive,-0.62726,0.416444,1.108465,1.093202
0.1,0.8,0.3,0.2,unification,-0.521249,0.491045,1.004518,1.120231
0.1,0.8,0.3,0.3,unification,-0.470865,0.638212,0.974383,0.986971
0.1,0.8,0.3,0.4,unification,-0.328529,0.717272,0.906608,0.935355
0.1,0.8,0.3,0.5,recursive,-0.208909,0.789436,0.984492,0.870762
0.1,0.8,0.3,0.6,antifragile,-0.104136,0.922293,0.813659,0.743161
0.1,0.8,0.3,0.7,antifragile,0.008996,0.94766,0.844368,0.654719
0.1,0.8,0.3,0.8,antifragile,0.117227,1.076564,0.932955,0.561869
0.1,0.8,0.3,0.9,antifragile,0.141566,1.120003,0.782965,0.576823
0.1,0.8,0.3,1.0,antifragile,0.32091,1.358947,0.742079,0.415526
0.1,0.8,0.4,0.0,unification,-0.848022,0.319044,1.233873,1.419865
0.1,0.8,0.4,0.1,unification,-0.75884,0.39629,1.249063,1.327561
0.1,0.8,0.4,0.2,unification,-0.571534,0.526994,1.123668,1.235435
0.1,0.8,0.4,0.3,unification,-0.46013,0.630932,1.083195,1.110312
0.1,0.8,0.4,0.4,unification,-0.375722,0.68665,1.014587,1.193939
0.1,0.8,0.4,0.5,unification,-0.361953,0.832926,0.946866,0.98156
0.1,0.8,0.4,0.6,recursive,-0.046571,0.831882,0.913806,0.889124
0.1,0.8,0.4,0.7,antifragile,-0.107361,1.019203,0.883274,0.8377
0.1,0.8,0.4,0.8,antifragile,-0.021459,0.979658,0.858551,0.641575
0.1,0.8,0.4,0.9,antifragile,0.230913,1.08851,0.778116,0.655681
0.1,0.8,0.4,1.0,antifragile,0.235682,1.184081,0.891998,0.499918
0.1,0.8,0.5,0.0,unification,-0.934813,0.26454,1.310515,1.548118
0.1,0.8,0.5,0.1,unification,-0.85634,0.353709,1.223654,1.477448
0.1,0.8,0.5,0.2,unification,-0.763416,0.565906,1.157041,1.354563
0.1,0.8,0.5,0.3,unification,-0.652999,0.495092,1.111279,1.221474
0.1,0.8,0.5,0.4,recursive,-0.505713,0.606052,1.149778,1.145851
0.1,0.8,0.5,0.5,recursive,-0.419691,0.730352,1.124642,1.110744
0.1,0.8,0.5,0.6,recursive,-0.269984,0.773348,0.977865,0.95108
0.1,0.8,0.5,0.7,antifragile,-0.089657,0.966528,0.951919,0.901781
0.1,0.8,0.5,0.8,antifragile,-0.086265,0.990707,0.978015,0.830623
0.1,0.8,0.5,0.9,antifragile,0.169058,1.192518,0.980474,0.793568
0.1,0.8,0.5,1.0,antifragile,0.153867,1.25489,0.857558,0.756514
0.1,0.8,0.6,0.0,unification,-0.994786,0.253118,1.366354,1.737013
0.1,0.8,0.6,0.1,unification,-0.976688,0.426914,1.310692,1.494693
0.1,0.8,0.6,0.2,unification,-0.83261,0.34746,1.312683,1.428085
0.1,0.8,0.6,0.3,unification,-0.676567,0.581711,1.206399,1.381595
0.1,0.8,0.6,0.4,unification,-0.640168,0.600582,1.328701,1.348897
0.1,0.8,0.6,0.5,unification,-0.478237,0.684416,1.157868,1.231503
0.1,0.8,0.6,0.6,unification,-0.375953,0.836503,1.072328,1.092081
0.1,0.8,0.6,0.7,recursive,-0.22649,0.846568,1.116451,1.054286
0.1,0.8,0.6,0.8,antifragile,-0.226395,1.005475,0.955743,1.004668
0.1,0.8,0.6,0.9,antifragile,-0.037436,1.187554,1.053566,0.831965
0.1,0.8,0.6,1.0,antifragile,-0.016037,1.152245,0.898937,0.891287
0.1,0.8,0.7,0.0,unification,-1.105516,0.251671,1.430748,1.766017
0.1,0.8,0.7,0.1,unification,-0.996631,0.355327,1.420581,1.637133
0.1,0.8,0.7,0.2,unification,-0.803874,0.380359,1.342224,1.463525
0.1,0.8,0.7,0.3,unification,-0.74328,0.495051,1.329996,1.499859
0.1,0.8,0.7,0.4,unification,-0.693761,0.566521,1.308158,1.466956
0.1,0.8,0.7,0.5,unification,-0.566552,0.727447,1.241051,1.324789
0.1,0.8,0.7,0.6,recursive,-0.435079,0.707031,1.216636,1.187891
0.1,0.8,0.7,0.7,unification,-0.386386,0.769065,1.156244,1.260482
0.1,0.8,0.7,0.8,recursive,-0.230854,0.997179,1.242616,1.115203
0.1,0.8,0.7,0.9,recursive,-0.153261,1.028622,1.085033,0.978355
0.1,0.8,0.7,1.0,antifragile,-0.032904,1.204263,1.096308,0.842655
0.1,0.8,0.8,0.0,unification,-1.235908,0.1468,1.559954,1.957154
0.1,0.8,0.8,0.1,unification,-0.949902,0.241716,1.469214,1.844429
0.1,0.8,0.8,0.2,unification,-1.009111,0.352952,1.429248,1.598917
0.1,0.8,0.8,0.3,unification,-0.858838,0.445882,1.473562,1.645275
0.1,0.8,0.8,0.4,unification,-0.817737,0.537095,1.265446,1.499454
0.1,0.8,0.8,0.5,unification,-0.613225,0.632633,1.376125,1.376655
0.1,0.8,0.8,0.6,unification,-0.547123,0.716224,1.337792,1.423638
0.1,0.8,0.8,0.7,unification,-0.392887,0.912071,1.231596,1.371754
0.1,0.8,0.8,0.8,recursive,-0.36721,0.875956,1.247637,1.144763
0.1,0.8,0.8,0.9,recursive,-0.176362,1.030066,1.223593,1.132028
0.1,0.8,0.8,1.0,antifragile,-0.092198,1.145463,1.096868,1.01469
0.1,0.8,0.9,0.0,unification,-1.261279,0.133536,1.594634,2.020861
0.1,0.8,0.9,0.1,unification,-1.095272,0.207849,1.551399,1.854628
0.1,0.8,0.9,0.2,unification,-1.067118,0.357844,1.57681,1.860411
0.1,0.8,0.9,0.3,unification,-0.907208,0.456562,1.550648,1.819215
0.1,0.8,0.9,0.4,unification,-0.766501,0.506515,1.388647,1.718186
0.1,0.8,0.9,0.5,unification,-0.695972,0.6885,1.479065,1.697274
0.1,0.8,0.9,0.6,unification,-0.594007,0.716441,1.305751,1.530405
0.1,0.8,0.9,0.7,unification,-0.542625,0.810576,1.337726,1.453587
0.1,0.8,0.9,0.8,unification,-0.409867,0.941751,1.158842,1.3545
0.1,0.8,0.9,0.9,unification,-0.234876,1.083502,1.291598,1.344244
0.1,0.8,0.9,1.0,recursive,-0.176553,1.085143,1.241471,1.17484
0.1,0.8,1.0,0.0,unification,-1.414118,0.074238,1.644392,2.176419
0.1,0.8,1.0,0.1,unification,-1.26443,0.176986,1.631666,2.090253
0.1,0.8,1.0,0.2,unification,-1.115978,0.233474,1.555616,2.027725
0.1,0.8,1.0,0.3,unification,-1.113757,0.412374,1.660845,1.975962
0.1,0.8,1.0,0.4,unification,-0.898106,0.51544,1.652595,1.69328
0.1,0.8,1.0,0.5,unification,-0.848217,0.617425,1.483136,1.786989
0.1,0.8,1.0,0.6,unification,-0.716968,0.676587,1.446266,1.613874
0.1,0.8,1.0,0.7,unification,-0.632355,0.778558,1.381272,1.60266
0.1,0.8,1.0,0.8,unification,-0.462339,0.914971,1.323554,1.385026
0.1,0.8,1.0,0.9,recursive,-0.385209,1.09994,1.40331,1.357278
0.1,0.8,1.0,1.0,unification,-0.253774,1.086379,1.231581,1.368481
0.1,0.9,0.0,0.0,unification,-0.558371,0.490466,0.966189,1.077227
0.1,0.9,0.0,0.1,recursive,-0.477759,0.504651,0.941148,0.832817
0.1,0.9,0.0,0.2,recursive,-0.345055,0.744344,0.913955,0.902118
0.1,0.9,0.0,0.3,antifragile,-0.188982,0.900517,0.815588,0.784907
0.1,0.9,0.0,0.4,antifragile,-0.131906,0.92284,0.801921,0.765942
0.1,0.9,0.0,0.5,antifragile,-0.026541,1.040356,0.794657,0.593377
0.1,0.9,0.0,0.6,antifragile,0.137122,1.078063,0.742798,0.499656
0.1,0.9,0.0,0.7,antifragile,0.184921,1.143246,0.600843,0.467097
0.1,0.9,0.0,0.8,antifragile,0.268242,1.244118,0.677402,0.38197
0.1,0.9,0.0,0.9,antifragile,0.351267,1.345408,0.627987,0.257601
0.1,0.9,0.0,1.0,antifragile,0.617204,1.40391,0.462548,0.210516
0.1,0.9,0.1,0.0,unification,-0.666854,0.372073,1.042074,1.206528
0.1,0.9,0.1,0.1,unification,-0.593163,0.6718,0.968106,1.064351
0.1,0.9,0.1,0.2,recursive,-0.480957,0.652081,0.963313,0.900525
0.1,0.9,0.1,0.3,unification,-0.168709,0.720233,0.905277,0.938452
0.1,0.9,0.1,0.4,antifragile,-0.109287,0.896322,0.829941,0.815695
0.1,0.9,0.1,0.5,antifragile,-0.184069,0.980085,0.768241,0.67984
0.1,0.9,0.1,0.6,antifragile,0.01984,1.05225,0.796953,0.710954
0.1,0.9,0.1,0.7,antifragile,0.166162,1.157236,0.70853,0.634968
0.1,0.9,0.1,0.8,antifragile,0.199847,1.306877,0.83111,0.490633
0.1,0.9,0.1,0.9,antifragile,0.401601,1.160854,0.68025,0.435108
0.1,0.9,0.1,1.0,antifragile,0.506226,1.349014,0.635314,0.168182
0.1,0.9,0.2,0.0,unification,-0.70935,0.330834,1.191524,1.329136
0.1,0.9,0.2,0.1,unification,-0.643718,0.546064,1.084145,1.197095
0.1,0.9,0.2,0.2,unification,-0.567363,0.646125,0.972941,1.008503
0.1,0.9,0.2,0.3,recursive,-0.406096,0.699438,1.028615,0.982525
0.1,0.9,0.2,0.4,recursive,-0.195715,0.81303,0.986644,0.939862
0.1,0.9,0.2,0.5,recursive,-0.129855,0.928801,0.957101,0.881799
0.1,0.9,0.2,0.6,antifragile,-0.161231,0.905658,0.891197,0.750116
0.1,0.9,0.2,0.7,antifragile,0.06899,1.091001,0.884093,0.61272
0.1,0.9,0.2,0.8,antifragile,0.149463,1.117947,0.834343,0.496086
0.1,0.9,0.2,0.9,antifragile,0.277416,1.20655,0.755824,0.549746
0.1,0.9,0.2,1.0,antifragile,0.381369,1.292717,0.70138,0.344931
0.1,0.9,0.3,0.0,unification,-0.904738,0.395883,1.248015,1.41703
0.1,0.9,0.3,0.1,unification,-0.679869,0.484404,1.16633,1.256347
0.1,0.9,0.3,0.2,unification,-0.622004,0.513933,1.097742,1.229446
0.1,0.9,0.3,0.3,unification,-0.49589,0.828236,1.03271,1.133745
0.1,0.9,0.3,0.4,unification,-0.451187,0.750611,1.042645,1.097244
0.1,0.9,0.3,0.5,recursive,-0.292483,0.855434,0.998484,0.899947
0.1,0.9,0.3,0.6,recursive,-0.192605,0.940903,0.983691,0.912947
0.1,0.9,0.3,0.7,antifragile,-0.06173,1.042391,0.853959,0.826987
0.1,0.9,0.3,0.8,antifragile,0.025205,1.187356,0.965822,0.705604
0.1,0.9,0.3,0.9,antifragile,0.118834,1.244165,0.877435,0.614224
0.1,0.9,0.3,1.0,antifragile,0.251798,1.368177,0.844879,0.527686
0.1,0.9,0.4,0.0,unification,-0.992703,0.377819,1.266634,1.530717
0.1,0.9,0.4,0.1,unification,-0.792442,0.355553,1.269054,1.460727
0.1,0.9,0.4,0.2,unification,-0.658142,0.550868,1.126141,1.413854
0.1,0.9,0.4,0.3,unification,-0.559449,0.579834,1.145612,1.276561
0.1,0.9,0.4,0.4,recursive,-0.436011,0.710602,1.186276,1.090362
0.1,0.9,0.4,0.5,unification,-0.412123,0.726782,1.06013,1.170404
0.1,0.9,0.4,0.6,recursive,-0.14711,0.93673,1.033079,0.998918
0.1,0.9,0.4,0.7,unification,-0.116333,0.941851,0.996375,0.996745
0.1,0.9,0.4,0.8,antifragile,-0.082286,1.077549,0.98566,0.854157
0.1,0.9,0.4,0.9,antifragile,0.04875,1.213848,0.975397,0.853073
0.1,0.9,0.4,1.0,antifragile,0.183688,1.302935,0.981373,0.642542
0.1,0.9,0.5,0.0,unification,-1.066218,0.332512,1.443809,1.663052
0.1,0.9,0.5,0.1,unification,-0.894851,0.34258,1.347082,1.621658
0.1,0.9,0.5,0.2,unification,-0.841706,0.497763,1.290626,1.440115
0.1,0.9,0.5,0.3,unification,-0.657604,0.627165,1.291641,1.34116
0.1,0.9,0.5,0.4,unification,-0.642299,0.713119,1.204704,1.396916
0.1,0.9,0.5,0.5,unification,-0.355775,0.894534,1.142994,1.248468
0.1,0.9,0.5,0.6,unification,-0.296452,0.927918,1.13228,1.198958
0.1,0.9,0.5,0.7,unification,-0.229976,0.991405,1.033108,1.082238
0.1,0.9,0.5,0.8,antifragile,-0.133021,1.103239,1.081756,0.974047
0.1,0.9,0.5,0.9,antifragile,-0.012286,1.21433,1.020055,0.80724
0.1,0.9,0.5,1.0,antifragile,0.128448,1.22955,0.923787,0.743888
0.1,0.9,0.6,0.0,unification,-1.075833,0.280174,1.368366,1.750817
0.1,0.9,0.6,0.1,unification,-0.921538,0.357435,1.426726,1.73715
0.1,0.9,0.6,0.2,unification,-0.830226,0.526088,1.256372,1.686676
0.1,0.9,0.6,0.3,unification,-0.72818,0.693074,1.315884,1.426827
0.1,0.9,0.6,0.4,unification,-0.649639,0.651231,1.347683,1.483746
0.1,0.9,0.6,0.5,unification,-0.544365,0.747965,1.301136,1.332184
0.1,0.9,0.6,0.6,unification,-0.446999,0.906857,1.297989,1.314198
0.1,0.9,0.6,0.7,recursive,-0.328411,0.843011,1.18759,1.137101
0.1,0.9,0.6,0.8,recursive,-0.216486,1.011445,1.153963,1.038036
0.1,0.9,0.6,0.9,antifragile,-0.164036,1.201135,1.066517,1.005017
0.1,0.9,0.6,1.0,antifragile,0.057726,1.280715,1.114742,0.935143
0.1,0.9,0.7,0.0,unification,-1.1438,0.318654,1.581251,1.80314
0.1,0.9,0.7,0.1,unification,-1.096427,0.379819,1.488645,1.891005
0.1,0.9,0.7,0.2,unification,-0.963159,0.444262,1.536237,1.715858
0.1,0.9,0.7,0.3,unification,-0.841186,0.579956,1.366386,1.625735
0.1,0.9,0.7,0.4,unification,-0.698542,0.63328,1.473367,1.476204
0.1,0.9,0.7,0.5,unification,-0.7145,0.763484,1.40329,1.460337
0.1,0.9,0.7,0.6,unification,-0.49998,0.85726,1.279307,1.349658
0.1,0.9,0.7,0.7,unification,-0.400514,0.960204,1.221702,1.290103
0.1,0.9,0.7,0.8,recursive,-0.312212,1.030898,1.239565,1.187706
0.1,0.9,0.7,0.9,recursive,-0.127572,1.078037,1.185395,1.050425
0.1,0.9,0.7,1.0,antifragile,-0.115681,1.225804,1.17603,1.074976
0.1,0.9,0.8,0.0,unification,-1.242451,0.319386,1.607607,1.939029
0.1,0.9,0.8,0.1,unification,-1.212528,0.274817,1.556284,1.939683
0.1,0.9,0.8,0.2,unification,-0.987367,0.481983,1.590215,1.957064
0.1,0.9,0.8,0.3,unification,-0.957819,0.418374,1.577659,1.67307
0.1,0.9,0.8,0.4,unification,-0.86775,0.621006,1.479881,1.670452
0.1,0.9,0.8,0.5,unification,-0.77904,0.68946,1.495183,1.595998
0.1,0.9,0.8,0.6,unification,-0.651511,0.722623,1.36452,1.529617
0.1,0.9,0.8,0.7,unification,-0.48282,0.839975,1.254462,1.446001
0.1,0.9,0.8,0.8,unification,-0.434885,1.009453,1.287195,1.290605
0.1,0.9,0.8,0.9,recursive,-0.272341,1.187885,1.322451,1.261811
0.1,0.9,0.8,1.0,recursive,-0.152057,1.077444,1.188883,1.044454
0.1,0.9,0.9,0.0,unification,-1.273506,0.256369,1.749641,2.151756
0.1,0.9,0.9,0.1,unification,-1.32758,0.264035,1.77962,2.066571
0.1,0.9,0.9,0.2,unification,-1.168232,0.282096,1.719015,1.971496
0.1,0.9,0.9,0.3,unification,-1.117837,0.418787,1.546123,1.883413
0.1,0.9,0.9,0.4,unification,-0.909633,0.534839,1.608852,1.80894
0.1,0.9,0.9,0.5,unification,-0.756884,0.63714,1.682266,1.691776
0.1,0.9,0.9,0.6,unification,-0.745166,0.698685,1.479453,1.549023
0.1,0.9,0.9,0.7,unification,-0.575272,0.749735,1.458084,1.482437
0.1,0.9,0.9,0.8,recursive,-0.499065,0.970227,1.525202,1.4111
0.1,0.9,0.9,0.9,unification,-0.377516,0.998812,1.326506,1.344251
0.1,0.9,0.9,1.0,recursive,-0.218797,1.105597,1.442466,1.315799
0.1,0.9,1.0,0.0,unification,-1.500501,0.126665,1.774908,2.310003
0.1,0.9,1.0,0.1,unification,-1.421939,0.172952,1.745423,2.219147
0.1,0.9,1.0,0.2,unification,-1.168347,0.404027,1.76149,2.095856
0.1,0.9,1.0,0.3,unification,-1.080269,0.372775,1.602767,2.036832
0.1,0.9,1.0,0.4,unification,-1.060284,0.521735,1.660981,1.942406
0.1,0.9,1.0,0.5,unification,-0.85311,0.661604,1.62475,1.822899
0.1,0.9,1.0,0.6,unification,-0.784612,0.685189,1.565179,1.890909
0.1,0.9,1.0,0.7,unification,-0.670891,0.832512,1.499726,1.726004
0.1,0.9,1.0,0.8,unification,-0.531986,0.943368,1.505745,1.64171
0.1,0.9,1.0,0.9,unification,-0.396416,1.014155,1.449269,1.549729
0.1,0.9,1.0,1.0,recursive,-0.395206,1.059102,1.412335,1.332932
0.1,1.0,0.0,0.0,unification,-0.58362,0.491854,1.056425,1.129336
0.1,1.0,0.0,0.1,unification,-0.513036,0.617817,1.036631,1.052019
0.1,1.0,0.0,0.2,recursive,-0.427352,0.69134,1.054074,0.86478
0.1,1.0,0.0,0.3,recursive,-0.305286,0.801555,0.98094,0.812285
0.1,1.0,0.0,0.4,recursive,-0.209989,0.914882,0.973504,0.816609
0.1,1.0,0.0,0.5,antifragile,-0.134174,0.990626,0.924303,0.654961
0.1,1.0,0.0,0.6,antifragile,0.031068,1.109544,0.820711,0.764788
0.1,1.0,0.0,0.7,antifragile,0.124363,1.227488,0.761685,0.571387
0.1,1.0,0.0,0.8,antifragile,0.298539,1.270602,0.757265,0.415236
0.1,1.0,0.0,0.9,antifragile,0.30778,1.44684,0.6923,0.254319
0.1,1.0,0.0,1.0,antifragile,0.563268,1.449895,0.667681,0.372045
0.1,1.0,0.1,0.0,unification,-0.722087,0.496833,1.103591,1.183258
0.1,1.0,0.1,0.1,unification,-0.613319,0.61814,1.140276,1.155937
0.1,1.0,0.1,0.2,recursive,-0.493987,0.60314,1.108008,1.10307
0.1,1.0,0.1,0.3,unification,-0.286317,0.790374,0.997867,1.007464
0.1,1.0,0.1,0.4,recursive,-0.29139,0.906735,1.006345,0.862003
0.1,1.0,0.1,0.5,recursive,-0.246787,0.993145,1.034156,0.843967
0.1,1.0,0.1,0.6,antifragile,-0.014335,1.12564,0.93834,0.714275
0.1,1.0,0.1,0.7,antifragile,0.064765,1.230354,0.911495,0.707412
0.1,1.0,0.1,0.8,antifragile,0.141873,1.254882,0.839064,0.582433
0.1,1.0,0.1,0.9,antifragile,0.333398,1.242641,0.806527,0.496025
0.1,1.0,0.1,1.0,antifragile,0.316425,1.488588,0.728775,0.397148
0.1,1.0,0.2,0.0,unification,-0.712561,0.520499,1.278724,1.409039
0.1,1.0,0.2,0.1,unification,-0.703234,0.664969,1.250108,1.267523
0.1,1.0,0.2,0.2,recursive,-0.655005,0.688342,1.167207,1.148553
0.1,1.0,0.2,0.3,unification,-0.453571,0.741549,1.156533,1.157087
0.1,1.0,0.2,0.4,recursive,-0.395413,0.881642,1.065105,1.028356
0.1,1.0,0.2,0.5,recursive,-0.281614,1.001549,1.035971,1.033622
0.1,1.0,0.2,0.6,antifragile,-0.055826,1.003064,0.86395,0.932225
0.1,1.0,0.2,0.7,antifragile,-0.052099,1.091691,0.940564,0.774259
0.1,1.0,0.2,0.8,antifragile,0.13986,1.237996,0.99418,0.734711
0.1,1.0,0.2,0.9,antifragile,0.169538,1.305482,0.91808,0.666021
0.1,1.0,0.2,1.0,antifragile,0.34484,1.406923,0.85876,0.569202
0.1,1.0,0.3,0.0,unification,-0.914198,0.378253,1.294686,1.502948
0.1,1.0,0.3,0.1,unification,-0.75189,0.592949,1.227198,1.400133
0.1,1.0,0.3,0.2,unification,-0.692893,0.664736,1.228594,1.323513
0.1,1.0,0.3,0.3,unification,-0.6356,0.74417,1.20693,1.227298
0.1,1.0,0.3,0.4,unification,-0.467976,0.87135,1.124756,1.132917
0.1,1.0,0.3,0.5,recursive,-0.282387,0.913789,1.168488,1.110088
0.1,1.0,0.3,0.6,recursive,-0.236767,0.987585,1.136578,1.063117
0.1,1.0,0.3,0.7,recursive,-0.070791,1.040726,1.120246,0.902103
0.1,1.0,0.3,0.8,antifragile,-0.052751,1.186534,1.056556,0.862023
0.1,1.0,0.3,0.9,antifragile,0.082231,1.331883,0.981993,0.721351
0.1,1.0,0.3,1.0,antifragile,0.169598,1.405512,0.930874,0.596225
0.1,1.0,0.4,0.0,unification,-0.942642,0.375986,1.499606,1.569851
0.1,1.0,0.4,0.1,unification,-0.884035,0.460001,1.331229,1.53066
0.1,1.0,0.4,0.2,unification,-0.676472,0.597169,1.300415,1.378569
0.1,1.0,0.4,0.3,unification,-0.741068,0.658177,1.268316,1.373797
0.1,1.0,0.4,0.4,unification,-0.658609,0.775416,1.311386,1.381142
0.1,1.0,0.4,0.5,unification,-0.529722,0.83493,1.177288,1.222286
0.1,1.0,0.4,0.6,recursive,-0.385989,1.054113,1.182176,1.123843
0.1,1.0,0.4,0.7,recursive,-0.135364,1.064198,1.160015,1.00746
0.1,1.0,0.4,0.8,recursive,-0.173525,1.129482,1.209349,0.991651
0.1,1.0,0.4,0.9,antifragile,0.018727,1.206181,1.105563,0.807115
0.1,1.0,0.4,1.0,antifragile,0.036647,1.322056,1.117725,0.884895
0.1,1.0,0.5,0.0,unification,-1.097562,0.33129,1.422982,1.768902
0.1,1.0,0.5,0.1,unification,-0.956899,0.499478,1.510535,1.670129
0.1,1.0,0.5,0.2,unification,-0.827199,0.519968,1.451852,1.569638
0.1,1.0,0.5,0.3,unification,-0.722027,0.668925,1.38844,1.549727
0.1,1.0,0.5,0.4,unification,-0.71352,0.691754,1.331497,1.352837
0.1,1.0,0.5,0.5,recursive,-0.545343,0.821268,1.370484,1.347127
0.1,1.0,0.5,0.6,unification,-0.363529,0.950084,1.238217,1.261686
0.1,1.0,0.5,0.7,recursive,-0.268529,1.08967,1.218384,1.087624
0.1,1.0,0.5,0.8,unification,-0.28089,1.108679,1.068105,1.174755
0.1,1.0,0.5,0.9,antifragile,-0.055153,1.188217,1.089518,1.051406
0.1,1.0,0.5,1.0,antifragile,-0.030682,1.264089,1.066703,0.920704
0.1,1.0,0.6,0.0,unification,-1.13396,0.389634,1.642249,1.890039
0.1,1.0,0.6,0.1,unification,-1.003974,0.39145,1.458957,1.771443
0.1,1.0,0.6,0.2,unification,-0.985313,0.488401,1.462031,1.696945
0.1,1.0,0.6,0.3,unification,-0.803999,0.700763,1.383733,1.570613
0.1,1.0,0.6,0.4,unification,-0.764572,0.748287,1.419753,1.513795
0.1,1.0,0.6,0.5,unification,-0.579163,0.85282,1.389062,1.424189
0.1,1.0,0.6,0.6,unification,-0.491486,0.888337,1.337949,1.35438
0.1,1.0,0.6,0.7,unification,-0.348751,1.007494,1.361785,1.361816
0.1,1.0,0.6,0.8,recursive,-0.262051,1.064676,1.322016,1.233283
0.1,1.0,0.6,0.9,recursive,-0.044832,1.200505,1.264884,1.139521
0.1,1.0,0.6,1.0,antifragile,-0.069955,1.26706,1.204712,1.066059
0.1,1.0,0.7,0.0,unification,-1.197281,0.310443,1.651856,1.998657
0.1,1.0,0.7,0.1,unification,-1.211147,0.473061,1.607941,1.978372
0.1,1.0,0.7,0.2,unification,-1.021172,0.500187,1.589128,1.80561
0.1,1.0,0.7,0.3,unification,-0.973427,0.666423,1.560698,1.816263
0.1,1.0,0.7,0.4,unification,-0.745755,0.654458,1.536175,1.677251
0.1,1.0,0.7,0.5,unification,-0.762861,0.760726,1.504375,1.565049
0.1,1.0,0.7,0.6,recursive,-0.611242,0.856332,1.540576,1.413298
0.1,1.0,0.7,0.7,unification,-0.459918,0.947333,1.362967,1.406106
0.1,1.0,0.7,0.8,unification,-0.341631,1.091226,1.364301,1.389637
0.1,1.0,0.7,0.9,recursive,-0.201558,1.190819,1.28769,1.274722
0.1,1.0,0.7,1.0,antifragile,-0.13004,1.204218,1.196528,1.063861
0.1,1.0,0.8,0.0,unification,-1.341507,0.274902,1.700911,2.192302
0.1,1.0,0.8,0.1,unification,-1.227389,0.422473,1.738527,2.001683
0.1,1.0,0.8,0.2,unification,-1.102086,0.483506,1.652619,1.897895
0.1,1.0,0.8,0.3,unification,-1.009985,0.494958,1.696044,1.864641
0.1,1.0,0.8,0.4,unification,-0.81877,0.533792,1.60674,1.87147
0.1,1.0,0.8,0.5,unification,-0.839515,0.72704,1.539848,1.680812
0.1,1.0,0.8,0.6,unification,-0.672769,0.765229,1.514452,1.6558
0.1,1.0,0.8,0.7,unification,-0.585755,0.87499,1.531509,1.581513
0.1,1.0,0.8,0.8,unification,-0.517059,0.955295,1.392404,1.487264
0.1,1.0,0.8,0.9,recursive,-0.341221,1.154504,1.383692,1.328763
0.1,1.0,0.8,1.0,recursive,-0.199058,1.182328,1.369327,1.212504
0.1,1.0,0.9,0.0,unification,-1.463491,0.27547,1.809186,2.305725
0.1,1.0,0.9,0.1,unification,-1.441551,0.29203,1.796432,2.267127
0.1,1.0,0.9,0.2,unification,-1.273453,0.44855,1.817847,2.058926
0.1,1.0,0.9,0.3,unification,-1.123676,0.517081,1.650926,1.987245
0.1,1.0,0.9,0.4,unification,-0.931194,0.631133,1.677162,1.930654
0.1,1.0,0.9,0.5,unification,-0.855955,0.738621,1.617179,1.916736
0.1,1.0,0.9,0.6,unification,-0.709183,0.828863,1.562852,1.703989
0.1,1.0,0.9,0.7,unification,-0.68133,0.893038,1.476575,1.694735
0.1,1.0,0.9,0.8,unification,-0.490627,1.013824,1.491197,1.54528
0.1,1.0,0.9,0.9,unification,-0.430007,1.072335,1.507152,1.530086
0.1,1.0,0.9,1.0,recursive,-0.280405,1.118394,1.456081,1.396826
0.1,1.0,1.0,0.0,unification,-1.529932,0.23322,1.978656,2.459922
0.1,1.0,1.0,0.1,unification,-1.39372,0.279499,1.877356,2.218262
0.1,1.0,1.0,0.2,unification,-1.238013,0.363905,1.875295,2.25395
0.1,1.0,1.0,0.3,unification,-1.257266,0.428833,1.887351,2.149522
0.1,1.0,1.0,0.4,unification,-1.114029,0.563683,1.824312,2.096716
0.1,1.0,1.0,0.5,unification,-1.048304,0.746714,1.778307,1.957376
0.1,1.0,1.0,0.6,unification,-0.924586,0.8127,1.713821,1.80711
0.1,1.0,1.0,0.7,unification,-0.766604,1.011309,1.650825,1.757901
0.1,1.0,1.0,0.8,unification,-0.695425,1.038605,1.652388,1.780372
0.1,1.0,1.0,0.9,unification,-0.522591,1.107701,1.527584,1.63313
0.1,1.0,1.0,1.0,recursive,-0.410647,1.209122,1.545942,1.508724
0.2,0.0,0.0,0.0,competitive,0.253204,0.096179,-0.256048,-0.078433
0.2,0.0,0.0,0.1,competitive,0.341263,0.261929,-0.138453,-0.135149
0.2,0.0,0.0,0.2,competitive,0.496724,0.466404,-0.194866,-0.274889
0.2,0.0,0.0,0.3,competitive,0.592019,0.400725,-0.2122,-0.497273
0.2,0.0,0.0,0.4,competitive,0.660687,0.561147,-0.339488,-0.482588
0.2,0.0,0.0,0.5,competitive,0.891969,0.710201,-0.374291,-0.568478
0.2,0.0,0.0,0.6,competitive,0.84615,0.78525,-0.392487,-0.728323
0.2,0.0,0.0,0.7,competitive,1.025039,0.866949,-0.371843,-0.718668
0.2,0.0,0.0,0.8,competitive,1.111366,1.039313,-0.459671,-0.764022
0.2,0.0,0.0,0.9,competitive,1.213023,1.069495,-0.572781,-0.908103
0.2,0.0,0.0,1.0,competitive,1.289586,1.099751,-0.477476,-1.000616
0.2,0.0,0.1,0.0,antifragile,0.195913,0.220863,-0.056379,0.054688
0.2,0.0,0.1,0.1,competitive,0.296554,0.245822,-0.057484,0.011997
0.2,0.0,0.1,0.2,competitive,0.348137,0.28704,-0.185896,-0.115279
0.2,0.0,0.1,0.3,competitive,0.546468,0.403148,-0.281801,-0.283738
0.2,0.0,0.1,0.4,competitive,0.627393,0.521664,-0.205983,-0.361167
0.2,0.0,0.1,0.5,competitive,0.760704,0.63716,-0.225677,-0.412047
0.2,0.0,0.1,0.6,competitive,0.846218,0.737929,-0.341404,-0.486347
0.2,0.0,0.1,0.7,competitive,0.969575,0.867757,-0.314195,-0.638263
0.2,0.0,0.1,0.8,competitive,0.999434,0.883243,-0.365527,-0.681112
0.2,0.0,0.1,0.9,competitive,1.093813,0.943514,-0.519926,-0.915974
0.2,0.0,0.1,1.0,competitive,1.253411,1.211012,-0.365161,-0.893912
0.2,0.0,0.2,0.0,competitive,0.077495,0.036771,-0.035605,0.070126
0.2,0.0,0.2,0.1,antifragile,0.168725,0.195877,0.002635,0.078161
0.2,0.0,0.2,0.2,antifragile,0.273156,0.30181,-0.104691,-0.107225
0.2,0.0,0.2,0.3,antifragile,0.325051,0.427462,-0.106895,-0.218556
0.2,0.0,0.2,0.4,competitive,0.506846,0.427559,-0.046981,-0.238941
0.2,0.0,0.2,0.5,competitive,0.654075,0.639448,-0.217746,-0.291198
0.2,0.0,0.2,0.6,competitive,0.757673,0.685777,-0.191945,-0.446481
0.2,0.0,0.2,0.7,competitive,0.867702,0.750692,-0.232527,-0.419001
0.2,0.0,0.2,0.8,competitive,0.98344,0.887436,-0.257894,-0.515579
0.2,0.0,0.2,0.9,competitive,1.134775,0.963297,-0.321802,-0.588397
0.2,0.0,0.2,1.0,competitive,1.145481,0.993237,-0.345338,-0.730301
0.2,0.0,0.3,0.0,recursive,-0.080376,0.100027,0.186557,0.173513
0.2,0.0,0.3,0.1,unification,0.141116,0.043147,0.054986,0.262026
0.2,0.0,0.3,0.2,antifragile,0.183584,0.269497,0.073143,-0.000824
0.2,0.0,0.3,0.3,antifragile,0.313605,0.363211,0.088116,-0.061787
0.2,0.0,0.3,0.4,antifragile,0.400923,0.408582,-0.096721,-0.02863
0.2,0.0,0.3,0.5,competitive,0.531333,0.522222,-0.110892,-0.198161
0.2,0.0,0.3,0.6,competitive,0.61631,0.581778,-0.137936,-0.27296
0.2,0.0,0.3,0.7,antifragile,0.71211,0.747752,-0.153006,-0.367832
0.2,0.0,0.3,0.8,antifragile,0.852793,0.942931,-0.098978,-0.477705
0.2,0.0,0.3,0.9,competitive,0.924278,0.87703,-0.192147,-0.529926
0.2,0.0,0.3,1.0,antifragile,1.091984,1.124848,-0.285523,-0.559688
0.2,0.0,0.4,0.0,unification,-0.083979,0.010589,0.252958,0.337515
0.2,0.0,0.4,0.1,unification,0.066994,0.105627,0.136102,0.240576
0.2,0.0,0.4,0.2,antifragile,0.063787,0.208662,-0.001567,0.198333
0.2,0.0,0.4,0.3,antifragile,0.194601,0.364501,0.101149,0.089618
0.2,0.0,0.4,0.4,antifragile,0.307072,0.408269,0.114298,-0.001115
0.2,0.0,0.4,0.5,antifragile,0.404012,0.458571,-0.074102,-0.02965
0.2,0.0,0.4,0.6,antifragile,0.560145,0.674138,0.01207,-0.010144
0.2,0.0,0.4,0.7,antifragile,0.656306,0.691974,-0.145011,-0.180171
0.2,0.0,0.4,0.8,antifragile,0.775927,0.832563,-0.176956,-0.28242
0.2,0.0,0.4,0.9,antifragile,0.89026,0.901952,-0.194163,-0.325534
0.2,0.0,0.4,1.0,competitive,1.092515,0.934483,-0.163978,-0.613893
0.2,0.0,0.5,0.0,unification,-0.16657,-0.088508,0.258752,0.439349
0.2,0.0,0.5,0.1,unification,-0.100781,0.14194,0.152134,0.402026
0.2,0.0,0.5,0.2,unification,-0.005668,0.274052,0.226588,0.276139
0.2,0.0,0.5,0.3,antifragile,0.106435,0.367805,0.200718,0.204088
0.2,0.0,0.5,0.4,antifragile,0.226646,0.373245,0.098101,0.079489
0.2,0.0,0.5,0.5,antifragile,0.316119,0.54946,0.065943,0.074837
0.2,0.0,0.5,0.6,antifragile,0.467026,0.685907,0.045444,0.049697
0.2,0.0,0.5,0.7,antifragile,0.540091,0.65703,0.005628,-0.128707
0.2,0.0,0.5,0.8,antifragile,0.669814,0.809403,-0.075018,-0.174996
0.2,0.0,0.5,0.9,competitive,0.825437,0.818777,-0.020229,-0.256356
0.2,0.0,0.5,1.0,competitive,0.891744,0.854593,-0.133681,-0.32642
0.2,0.0,0.6,0.0,unification,-0.202733,-0.001606,0.426311,0.569545
0.2,0.0,0.6,0.1,unification,-0.186341,0.126037,0.285613,0.593261
0.2,0.0,0.6,0.2,unification,-0.033334,0.173736,0.273565,0.410685
0.2,0.0,0.6,0.3,unification,0.128769,0.286593,0.267031,0.354358
0.2,0.0,0.6,0.4,antifragile,0.151894,0.358236,0.229994,0.326717
0.2,0.0,0.6,0.5,antifragile,0.220876,0.37167,0.174214,0.117639
0.2,0.0,0.6,0.6,antifragile,0.353817,0.514541,0.154587,0.21913
0.2,0.0,0.6,0.7,antifragile,0.38277,0.748709,0.078346,0.05239
0.2,0.0,0.6,0.8,antifragile,0.519258,0.779844,0.052074,-0.053073
0.2,0.0,0.6,0.9,antifragile,0.603131,0.82869,0.052291,-0.146814
0.2,0.0,0.6,1.0,antifragile,0.86871,0.976645,-0.062055,-0.140244
0.2,0.0,0.7,0.0,unification,-0.377735,-0.062513,0.459949,0.758466
0.2,0.0,0.7,0.1,unification,-0.401507,0.020725,0.346803,0.751317
0.2,0.0,0.7,0.2,unification,-0.080696,0.167597,0.363077,0.534599
0.2,0.0,0.7,0.3,unification,-0.082879,0.317132,0.30039,0.38222
0.2,0.0,0.7,0.4,unification,0.111508,0.390025,0.377961,0.466917
0.2,0.0,0.7,0.5,antifragile,0.230076,0.412647,0.151185,0.331394
0.2,0.0,0.7,0.6,antifragile,0.311079,0.498236,0.205958,0.196794
0.2,0.0,0.7,0.7,antifragile,0.339913,0.691907,0.268717,0.159868
0.2,0.0,0.7,0.8,antifragile,0.514076,0.645957,0.167129,0.162982
0.2,0.0,0.7,0.9,antifragile,0.533538,0.813194,0.121951,0.01638
0.2,0.0,0.7,1.0,antifragile,0.802141,0.986801,0.043326,-0.061341
0.2,0.0,0.8,0.0,unification,-0.465788,-0.131606,0.553541,0.913575
0.2,0.0,0.8,0.1,unification,-0.349154,-0.049059,0.476822,0.772205
0.2,0.0,0.8,0.2,unification,-0.292122,0.105677,0.480906,0.758976
0.2,0.0,0.8,0.3,unification,-0.182881,0.156126,0.497728,0.616775
0.2,0.0,0.8,0.4,unification,-0.028493,0.271245,0.436652,0.59859
0.2,0.0,0.8,0.5,unification,0.13566,0.376328,0.296378,0.551261
0.2,0.0,0.8,0.6,antifragile,0.232815,0.447167,0.371191,0.34322
0.2,0.0,0.8,0.7,antifragile,0.370535,0.638914,0.213926,0.314088
0.2,0.0,0.8,0.8,antifragile,0.44911,0.790745,0.182885,0.271627
0.2,0.0,0.8,0.9,antifragile,0.520867,0.692932,0.174001,0.115123
0.2,0.0,0.8,1.0,antifragile,0.577055,0.865609,0.18789,0.04191
0.2,0.0,0.9,0.0,unification,-0.587092,-0.142424,0.624773,1.015866
0.2,0.0,0.9,0.1,unification,-0.394508,-0.026403,0.514865,0.891884
0.2,0.0,0.9,0.2,unification,-0.331699,0.111206,0.609892,0.923734
0.2,0.0,0.9,0.3,unification,-0.223469,0.188165,0.432277,0.771494
0.2,0.0,0.9,0.4,unification,-0.173763,0.241873,0.616492,0.680178
0.2,0.0,0.9,0.5,unification,-0.053191,0.360389,0.399146,0.531963
0.2,0.0,0.9,0.6,antifragile,0.205157,0.488341,0.402277,0.475409
0.2,0.0,0.9,0.7,antifragile,0.194461,0.607124,0.360329,0.25586
0.2,0.0,0.9,0.8,antifragile,0.441047,0.634153,0.322168,0.379335
0.2,0.0,0.9,0.9,antifragile,0.45327,0.757345,0.243814,0.17851
0.2,0.0,0.9,1.0,antifragile,0.554012,0.886581,0.19261,0.118599
0.2,0.0,1.0,0.0,unification,-0.588949,-0.192862,0.689472,1.111343
0.2,0.0,1.0,0.1,unification,-0.543249,-0.153682,0.643033,1.056518
0.2,0.0,1.0,0.2,unification,-0.418838,0.0779,0.72197,1.035624
0.2,0.0,1.0,0.3,unification,-0.274267,0.107563,0.558847,0.875894
0.2,0.0,1.0,0.4,unification,-0.180721,0.251097,0.581154,0.783941
0.2,0.0,1.0,0.5,unification,-0.060657,0.368044,0.554008,0.703399
0.2,0.0,1.0,0.6,unification,-0.031692,0.357122,0.435939,0.632854
0.2,0.0,1.0,0.7,unification,0.14599,0.424273,0.4048,0.547164
0.2,0.0,1.0,0.8,antifragile,0.185016,0.611695,0.374629,0.413829
0.2,0.0,1.0,0.9,antifragile,0.34266,0.704614,0.307574,0.352869
0.2,0.0,1.0,1.0,antifragile,0.473384,0.741895,0.227112,0.203171
0.2,0.1,0.0,0.0,antifragile,0.154097,0.159079,-0.042386,0.083247
0.2,0.1,0.0,0.1,antifragile,0.21607,0.30587,0.041615,-0.064593
0.2,0.1,0.0,0.2,antifragile,0.376614,0.407156,-0.083532,-0.085211
0.2,0.1,0.0,0.3,competitive,0.478457,0.472119,-0.21394,-0.249845
0.2,0.1,0.0,0.4,antifragile,0.544716,0.581811,-0.230434,-0.286294
0.2,0.1,0.0,0.5,antifragile,0.69958,0.719847,-0.305205,-0.418425
0.2,0.1,0.0,0.6,competitive,0.774842,0.773718,-0.15444,-0.463391
0.2,0.1,0.0,0.7,antifragile,0.938579,1.049947,-0.350759,-0.536739
0.2,0.1,0.0,0.8,competitive,0.978366,0.972804,-0.412389,-0.667136
0.2,0.1,0.0,0.9,competitive,1.167799,1.064617,-0.330397,-0.793355
0.2,0.1,0.0,1.0,competitive,1.291343,1.216028,-0.499161,-0.887421
0.2,0.1,0.1,0.0,antifragile,0.087693,0.221508,0.131062,0.114206
0.2,0.1,0.1,0.1,antifragile,0.179176,0.24137,0.036499,0.025144
0.2,0.1,0.1,0.2,antifragile,0.291298,0.375306,0.007581,-0.073187
0.2,0.1,0.1,0.3,antifragile,0.376392,0.496586,-0.211286,-0.160184
0.2,0.1,0.1,0.4,antifragile,0.467435,0.630163,-0.122047,-0.243036
0.2,0.1,0.1,0.5,antifragile,0.632569,0.635231,-0.160132,-0.295144
0.2,0.1,0.1,0.6,antifragile,0.723898,0.738539,-0.230508,-0.442689
0.2,0.1,0.1,0.7,antifragile,0.858032,0.87033,-0.291408,-0.432003
0.2,0.1,0.1,0.8,competitive,1.003202,0.998734,-0.245006,-0.523146
0.2,0.1,0.1,0.9,competitive,1.184251,1.029924,-0.352285,-0.716703
0.2,0.1,0.1,1.0,competitive,1.272784,1.228439,-0.38623,-0.761366
0.2,0.1,0.2,0.0,antifragile,-0.0212,0.216213,0.080635,0.151669
0.2,0.1,0.2,0.1,antifragile,0.213376,0.265619,0.127721,0.154745
0.2,0.1,0.2,0.2,antifragile,0.238289,0.26929,0.022954,0.085258
0.2,0.1,0.2,0.3,antifragile,0.211455,0.424874,0.006792,-0.020135
0.2,0.1,0.2,0.4,antifragile,0.407446,0.485205,-0.106102,-0.082763
0.2,0.1,0.2,0.5,antifragile,0.529994,0.561236,-0.051873,-0.189748
0.2,0.1,0.2,0.6,competitive,0.631949,0.617155,-0.060862,-0.321653
0.2,0.1,0.2,0.7,antifragile,0.768164,0.779587,-0.154436,-0.287385
0.2,0.1,0.2,0.8,antifragile,0.901581,0.971502,-0.158481,-0.410193
0.2,0.1,0.2,0.9,antifragile,0.895943,0.994124,-0.226245,-0.453817
0.2,0.1,0.2,1.0,antifragile,1.069689,1.118243,-0.243712,-0.542116
0.2,0.1,0.3,0.0,unification,-0.101687,0.161389,0.144757,0.294299
0.2,0.1,0.3,0.1,unification,-0.099167,0.254299,0.223683,0.334841
0.2,0.1,0.3,0.2,antifragile,0.091132,0.281823,0.143948,0.277185
0.2,0.1,0.3,0.3,antifragile,0.319691,0.44469,0.126551,0.186769
0.2,0.1,0.3,0.4,antifragile,0.332208,0.480453,0.063549,-0.013936
0.2,0.1,0.3,0.5,antifragile,0.44625,0.53913,0.08125,-0.022816
0.2,0.1,0.3,0.6,competitive,0.636478,0.608536,0.085085,-0.213624
0.2,0.1,0.3,0.7,antifragile,0.615085,0.753959,0.015386,-0.208721
0.2,0.1,0.3,0.8,antifragile,0.772809,0.840369,-0.158797,-0.248369
0.2,0.1,0.3,0.9,antifragile,0.934932,1.042623,-0.110159,-0.522105
0.2,0.1,0.3,1.0,antifragile,0.942771,1.093244,-0.188486,-0.502942
0.2,0.1,0.4,0.0,unification,-0.240161,0.132379,0.33781,0.52506
0.2,0.1,0.4,0.1,unification,-0.10668,0.188814,0.208112,0.408509
0.2,0.1,0.4,0.2,unification,-0.091396,0.196594,0.218884,0.448756
0.2,0.1,0.4,0.3,unification,0.054963,0.307821,0.205839,0.333471
0.2,0.1,0.4,0.4,antifragile,0.265109,0.500107,0.13812,0.134469
0.2,0.1,0.4,0.5,antifragile,0.369109,0.527086,0.151213,-0.005314
0.2,0.1,0.4,0.6,antifragile,0.519499,0.656966,0.064264,-0.092149
0.2,0.1,0.4,0.7,antifragile,0.536011,0.809933,0.02457,-0.08108
0.2,0.1,0.4,0.8,antifragile,0.651023,0.843547,-0.073608,-0.175006
0.2,0.1,0.4,0.9,antifragile,0.823532,0.956031,-0.090179,-0.282103
0.2,0.1,0.4,1.0,antifragile,0.94186,1.024428,-0.099365,-0.254827
0.2,0.1,0.5,0.0,unification,-0.322549,0.104021,0.342266,0.657739
0.2,0.1,0.5,0.1,unification,-0.129592,0.119482,0.299126,0.441478
0.2,0.1,0.5,0.2,unification,-0.085756,0.266311,0.266119,0.459847
0.2,0.1,0.5,0.3,unification,-0.018821,0.323306,0.222648,0.366101
0.2,0.1,0.5,0.4,antifragile,0.139946,0.370482,0.207056,0.238292
0.2,0.1,0.5,0.5,antifragile,0.209304,0.579137,0.181991,0.089889
0.2,0.1,0.5,0.6,antifragile,0.353836,0.665736,0.121932,0.189887
0.2,0.1,0.5,0.7,antifragile,0.452167,0.74017,0.171832,0.05251
0.2,0.1,0.5,0.8,antifragile,0.536275,0.762877,0.138504,-0.095231
0.2,0.1,0.5,0.9,antifragile,0.763784,0.883486,0.047072,-0.209305
0.2,0.1,0.5,1.0,antifragile,0.794587,0.956235,0.01128,-0.22034
0.2,0.1,0.6,0.0,unification,-0.341868,-0.009526,0.438488,0.759136
0.2,0.1,0.6,0.1,unification,-0.306479,0.163921,0.439274,0.648693
0.2,0.1,0.6,0.2,unification,-0.121891,0.201182,0.322097,0.526929
0.2,0.1,0.6,0.3,unification,0.017885,0.304194,0.280922,0.512606
0.2,0.1,0.6,0.4,unification,0.047037,0.351275,0.267756,0.459996
0.2,0.1,0.6,0.5,antifragile,0.086725,0.448123,0.291006,0.403918
0.2,0.1,0.6,0.6,antifragile,0.322693,0.542699,0.321468,0.172244
0.2,0.1,0.6,0.7,antifragile,0.418267,0.704389,0.160944,0.18988
0.2,0.1,0.6,0.8,antifragile,0.489305,0.809757,0.07302,0.086749
0.2,0.1,0.6,0.9,antifragile,0.604395,0.927485,0.122801,0.047461
0.2,0.1,0.6,1.0,antifragile,0.760381,0.958625,0.124383,-0.060297
0.2,0.1,0.7,0.0,unification,-0.431404,-0.134615,0.520872,0.944205
0.2,0.1,0.7,0.1,unification,-0.407797,0.119123,0.565323,0.753712
0.2,0.1,0.7,0.2,unification,-0.334762,0.141554,0.593901,0.661836
0.2,0.1,0.7,0.3,unification,-0.164713,0.215121,0.510739,0.607854
0.2,0.1,0.7,0.4,unification,-0.046295,0.430674,0.438975,0.489035
0.2,0.1,0.7,0.5,antifragile,0.033821,0.512908,0.370839,0.372547
0.2,0.1,0.7,0.6,antifragile,0.115844,0.494198,0.268026,0.262696
0.2,0.1,0.7,0.7,antifragile,0.260025,0.599046,0.266866,0.364646
0.2,0.1,0.7,0.8,antifragile,0.411658,0.731621,0.275463,0.183134
0.2,0.1,0.7,0.9,antifragile,0.555008,0.849031,0.216129,0.248323
0.2,0.1,0.7,1.0,antifragile,0.690556,0.875914,0.188511,-0.014587
0.2,0.1,0.8,0.0,unification,-0.522687,-0.123759,0.599611,1.017195
0.2,0.1,0.8,0.1,unification,-0.385117,0.065132,0.657706,0.933691
0.2,0.1,0.8,0.2,unification,-0.316375,0.109815,0.61565,0.881244
0.2,0.1,0.8,0.3,unification,-0.218156,0.224154,0.61457,0.743979
0.2,0.1,0.8,0.4,unification,-0.101216,0.349211,0.49011,0.618983
0.2,0.1,0.8,0.5,unification,0.023898,0.418062,0.547112,0.614422
0.2,0.1,0.8,0.6,unification,0.085226,0.551453,0.430393,0.555471
0.2,0.1,0.8,0.7,antifragile,0.198777,0.619434,0.370045,0.407924
0.2,0.1,0.8,0.8,antifragile,0.29074,0.733796,0.355898,0.384261
0.2,0.1,0.8,0.9,antifragile,0.444499,0.779408,0.334465,0.19529
0.2,0.1,0.8,1.0,antifragile,0.609249,0.949142,0.317864,0.168831
0.2,0.1,0.9,0.0,unification,-0.659325,-0.084541,0.759003,1.096993
0.2,0.1,0.9,0.1,unification,-0.458344,0.034004,0.655389,1.134144
0.2,0.1,0.9,0.2,unification,-0.410131,0.045295,0.618487,1.029389
0.2,0.1,0.9,0.3,unification,-0.213751,0.245474,0.685965,0.930831
0.2,0.1,0.9,0.4,unification,-0.167154,0.306452,0.606993,0.821801
0.2,0.1,0.9,0.5,unification,-0.12208,0.421598,0.612931,0.689681
0.2,0.1,0.9,0.6,unification,0.009338,0.503827,0.467517,0.549159
0.2,0.1,0.9,0.7,antifragile,0.192386,0.552452,0.460922,0.499494
0.2,0.1,0.9,0.8,antifragile,0.308838,0.712659,0.407963,0.386005
0.2,0.1,0.9,0.9,antifragile,0.337654,0.793508,0.389432,0.365455
0.2,0.1,0.9,1.0,antifragile,0.475585,0.89794,0.337907,0.297501
0.2,0.1,1.0,0.0,unification,-0.774346,0.002693,0.810807,1.26018
0.2,0.1,1.0,0.1,unification,-0.586677,-0.05054,0.785391,1.164784
0.2,0.1,1.0,0.2,unification,-0.550702,0.086929,0.662539,1.167635
0.2,0.1,1.0,0.3,unification,-0.355351,0.191956,0.618168,0.955374
0.2,0.1,1.0,0.4,unification,-0.215533,0.462562,0.724735,0.961847
0.2,0.1,1.0,0.5,unification,-0.148751,0.307625,0.674759,0.76994
0.2,0.1,1.0,0.6,unification,-0.125529,0.381324,0.633786,0.737129
0.2,0.1,1.0,0.7,unification,0.050043,0.53923,0.488714,0.621463
0.2,0.1,1.0,0.8,antifragile,0.123979,0.564736,0.479789,0.515935
0.2,0.1,1.0,0.9,antifragile,0.293884,0.763049,0.400318,0.470168
0.2,0.1,1.0,1.0,antifragile,0.467803,0.775962,0.446332,0.405276
0.2,0.2,0.0,0.0,antifragile,0.154644,0.284773,0.068435,0.123338
0.2,0.2,0.0,0.1,antifragile,0.214068,0.360415,-0.015956,0.097154
0.2,0.2,0.0,0.2,antifragile,0.373322,0.407791,-0.005036,-0.061254
0.2,0.2,0.0,0.3,antifragile,0.372174,0.46166,-0.06353,-0.15282
0.2,0.2,0.0,0.4,antifragile,0.467938,0.658849,-0.011857,-0.177894
0.2,0.2,0.0,0.5,antifragile,0.643666,0.652979,-0.074215,-0.29768
0.2,0.2,0.0,0.6,antifragile,0.781218,0.936805,-0.191241,-0.533741
0.2,0.2,0.0,0.7,antifragile,0.817327,0.959302,-0.188654,-0.535782
0.2,0.2,0.0,0.8,antifragile,0.909014,1.01227,-0.292305,-0.533968
0.2,0.2,0.0,0.9,antifragile,1.069429,1.093644,-0.307914,-0.631844
0.2,0.2,0.0,1.0,antifragile,1.20213,1.230098,-0.300994,-0.73361
0.2,0.2,0.1,0.0,unification,-0.041657,0.198481,0.155266,0.34826
0.2,0.2,0.1,0.1,antifragile,0.052558,0.309051,0.139913,0.144833
0.2,0.2,0.1,0.2,antifragile,0.283698,0.409575,0.083273,0.115731
0.2,0.2,0.1,0.3,antifragile,0.430536,0.590375,0.048167,-0.012476
0.2,0.2,0.1,0.4,antifragile,0.452336,0.62235,-0.027367,-0.04817
0.2,0.2,0.1,0.5,antifragile,0.57033,0.707757,-0.088557,-0.176886
0.2,0.2,0.1,0.6,antifragile,0.575339,0.775918,-0.093155,-0.25065
0.2,0.2,0.1,0.7,antifragile,0.873993,0.928595,-0.03258,-0.317739
0.2,0.2,0.1,0.8,antifragile,0.946253,1.087856,-0.181592,-0.474855
0.2,0.2,0.1,0.9,antifragile,1.033441,1.089816,-0.173982,-0.532433
0.2,0.2,0.1,1.0,antifragile,1.080187,1.266038,-0.279993,-0.57068
0.2,0.2,0.2,0.0,unification,-0.053789,0.121049,0.218461,0.336865
0.2,0.2,0.2,0.1,antifragile,0.058229,0.276648,0.215721,0.212118
0.2,0.2,0.2,0.2,antifragile,0.256296,0.39356,0.20495,0.172969
0.2,0.2,0.2,0.3,antifragile,0.217369,0.580634,0.044164,0.128932
0.2,0.2,0.2,0.4,antifragile,0.299425,0.55975,0.068095,-0.019299
0.2,0.2,0.2,0.5,antifragile,0.471772,0.546599,0.044226,-0.059514
0.2,0.2,0.2,0.6,antifragile,0.512036,0.845661,-0.009723,-0.151874
0.2,0.2,0.2,0.7,antifragile,0.660389,0.860922,0.045407,-0.101349
0.2,0.2,0.2,0.8,antifragile,0.837282,1.0144,0.025821,-0.297556
0.2,0.2,0.2,0.9,antifragile,0.988513,1.09462,-0.092801,-0.377483
0.2,0.2,0.2,1.0,antifragile,0.928929,1.164606,-0.217187,-0.561263
0.2,0.2,0.3,0.0,unification,-0.160356,0.109296,0.344644,0.501922
0.2,0.2,0.3,0.1,unification,-0.050848,0.214794,0.349934,0.405538
0.2,0.2,0.3,0.2,unification,0.072054,0.295178,0.256084,0.379865
0.2,0.2,0.3,0.3,antifragile,0.208509,0.410135,0.197722,0.190566
0.2,0.2,0.3,0.4,antifragile,0.237179,0.475047,0.178091,0.186657
0.2,0.2,0.3,0.5,antifragile,0.340747,0.63547,0.133975,0.122756
0.2,0.2,0.3,0.6,antifragile,0.45942,0.706239,0.062699,-0.071875
0.2,0.2,0.3,0.7,antifragile,0.626459,0.823244,0.06774,-0.036268
0.2,0.2,0.3,0.8,antifragile,0.776604,0.842688,0.057392,-0.173718
0.2,0.2,0.3,0.9,antifragile,0.79692,1.036384,-0.101319,-0.196868
0.2,0.2,0.3,1.0,antifragile,0.955747,1.07174,-0.084271,-0.440157
0.2,0.2,0.4,0.0,unification,-0.275698,0.105863,0.363744,0.658835
0.2,0.2,0.4,0.1,unification,-0.08616,0.223632,0.374718,0.556749
0.2,0.2,0.4,0.2,unification,-0.040982,0.265891,0.317366,0.435178
0.2,0.2,0.4,0.3,antifragile,0.082409,0.415467,0.320518,0.288759
0.2,0.2,0.4,0.4,antifragile,0.213261,0.510171,0.397635,0.260618
0.2,0.2,0.4,0.5,antifragile,0.306173,0.746461,0.239705,0.191618
0.2,0.2,0.4,0.6,antifragile,0.350654,0.776413,0.132045,0.131356
0.2,0.2,0.4,0.7,antifragile,0.486322,0.785533,0.078803,0.092156
0.2,0.2,0.4,0.8,antifragile,0.60611,0.829246,0.172635,-0.085207
0.2,0.2,0.4,0.9,antifragile,0.74673,1.027071,0.093702,-0.254832
0.2,0.2,0.4,1.0,antifragile,0.874768,1.074969,0.013549,-0.235454
0.2,0.2,0.5,0.0,unification,-0.430502,0.104609,0.44678,0.730708
0.2,0.2,0.5,0.1,unification,-0.232187,0.243702,0.434019,0.732579
0.2,0.2,0.5,0.2,unification,-0.082657,0.26353,0.379563,0.502809
0.2,0.2,0.5,0.3,unification,-0.006412,0.343136,0.454968,0.456024
0.2,0.2,0.5,0.4,antifragile,0.044966,0.486681,0.320698,0.405427
0.2,0.2,0.5,0.5,antifragile,0.249299,0.575861,0.321048,0.330257
0.2,0.2,0.5,0.6,antifragile,0.225345,0.684592,0.282997,0.279645
0.2,0.2,0.5,0.7,antifragile,0.450291,0.749903,0.28662,0.135368
0.2,0.2,0.5,0.8,antifragile,0.542358,0.839443,0.218088,0.046176
0.2,0.2,0.5,0.9,antifragile,0.722378,1.050868,0.198697,0.057065
0.2,0.2,0.5,1.0,antifragile,0.673039,0.973931,0.098922,-0.102938
0.2,0.2,0.6,0.0,unification,-0.44991,-0.022107,0.65758,0.97771
0.2,0.2,0.6,0.1,unification,-0.265951,0.209276,0.571306,0.74285
0.2,0.2,0.6,0.2,unification,-0.216374,0.355279,0.502401,0.677252
0.2,0.2,0.6,0.3,unification,-0.054635,0.403684,0.437605,0.601926
0.2,0.2,0.6,0.4,recursive,-0.025095,0.443484,0.495184,0.489799
0.2,0.2,0.6,0.5,antifragile,0.164483,0.540083,0.51631,0.460942
0.2,0.2,0.6,0.6,antifragile,0.215154,0.658736,0.343143,0.270236
0.2,0.2,0.6,0.7,antifragile,0.317974,0.712185,0.240384,0.271348
0.2,0.2,0.6,0.8,antifragile,0.336644,0.802616,0.29218,0.19485
0.2,0.2,0.6,0.9,antifragile,0.529447,0.910723,0.200797,0.105541
0.2,0.2,0.6,1.0,antifragile,0.662904,0.964988,0.213385,0.033073
0.2,0.2,0.7,0.0,unification,-0.53831,0.146052,0.677965,0.981038
0.2,0.2,0.7,0.1,unification,-0.44112,0.071453,0.679295,0.875688
0.2,0.2,0.7,0.2,unification,-0.338397,0.188088,0.555753,0.737446
0.2,0.2,0.7,0.3,unification,-0.223147,0.353667,0.574849,0.818029
0.2,0.2,0.7,0.4,unification,-0.052452,0.431198,0.619132,0.650143
0.2,0.2,0.7,0.5,unification,0.023154,0.499427,0.562189,0.570126
0.2,0.2,0.7,0.6,antifragile,0.097586,0.624384,0.404187,0.511674
0.2,0.2,0.7,0.7,antifragile,0.260692,0.68053,0.433291,0.325611
0.2,0.2,0.7,0.8,antifragile,0.358148,0.761862,0.508113,0.322791
0.2,0.2,0.7,0.9,antifragile,0.43018,0.811085,0.39027,0.212498
0.2,0.2,0.7,1.0,antifragile,0.530432,0.991815,0.317486,0.176698
0.2,0.2,0.8,0.0,unification,-0.619012,-0.00204,0.781602,1.13682
0.2,0.2,0.8,0.1,unification,-0.488756,0.139723,0.732821,0.99416
0.2,0.2,0.8,0.2,unification,-0.407215,0.217689,0.600674,0.860962
0.2,0.2,0.8,0.3,unification,-0.244086,0.351006,0.58674,0.870023
0.2,0.2,0.8,0.4,unification,-0.199977,0.356958,0.625277,0.715356
0.2,0.2,0.8,0.5,unification,-0.125361,0.449937,0.562731,0.638702
0.2,0.2,0.8,0.6,unification,0.079482,0.539122,0.508909,0.624133
0.2,0.2,0.8,0.7,antifragile,0.143555,0.696874,0.443329,0.455131
0.2,0.2,0.8,0.8,antifragile,0.244511,0.753012,0.387962,0.370612
0.2,0.2,0.8,0.9,antifragile,0.379115,0.807111,0.337374,0.403267
0.2,0.2,0.8,1.0,antifragile,0.44841,0.997491,0.371424,0.284738
0.2,0.2,0.9,0.0,unification,-0.720575,-0.177758,0.798161,1.238715
0.2,0.2,0.9,0.1,unification,-0.581764,-0.039484,0.81232,1.103887
0.2,0.2,0.9,0.2,unification,-0.478269,0.14403,0.812175,1.128341
0.2,0.2,0.9,0.3,unification,-0.357051,0.28302,0.717483,1.131156
0.2,0.2,0.9,0.4,unification,-0.330941,0.308612,0.740068,0.942636
0.2,0.2,0.9,0.5,unification,-0.135631,0.463766,0.550822,0.899465
0.2,0.2,0.9,0.6,unification,-0.060195,0.587295,0.513324,0.747828
0.2,0.2,0.9,0.7,unification,0.031825,0.648606,0.590854,0.668302
0.2,0.2,0.9,0.8,antifragile,0.117053,0.712152,0.525992,0.589766
0.2,0.2,0.9,0.9,antifragile,0.329465,0.817524,0.431191,0.485379
0.2,0.2,0.9,1.0,antifragile,0.520554,0.9873,0.30628,0.398167
0.2,0.2,1.0,0.0,unification,-0.753394,-0.089116,0.916995,1.356652
0.2,0.2,1.0,0.1,unification,-0.662391,-0.042423,0.959434,1.2822
0.2,0.2,1.0,0.2,unification,-0.626751,0.166218,0.782743,1.172239
0.2,0.2,1.0,0.3,unification,-0.498584,0.312197,0.785749,1.007252
0.2,0.2,1.0,0.4,unification,-0.389091,0.322778,0.819204,1.143827
0.2,0.2,1.0,0.5,unification,-0.179655,0.404396,0.695429,1.026201
0.2,0.2,1.0,0.6,unification,-0.158428,0.457092,0.679146,0.797386
0.2,0.2,1.0,0.7,unification,-0.053251,0.573345,0.696533,0.755596
0.2,0.2,1.0,0.8,unification,0.016627,0.599811,0.630478,0.693631
0.2,0.2,1.0,0.9,antifragile,0.162284,0.751627,0.599424,0.674527
0.2,0.2,1.0,1.0,antifragile,0.260993,0.874445,0.587914,0.481194
0.2,0.3,0.0,0.0,antifragile,0.024218,0.3131,0.139435,0.248425
0.2,0.3,0.0,0.1,antifragile,0.136577,0.437754,0.105656,0.155499
0.2,0.3,0.0,0.2,antifragile,0.314087,0.608875,0.189006,0.011146
0.2,0.3,0.0,0.3,antifragile,0.377553,0.575843,0.099195,-0.053611
0.2,0.3,0.0,0.4,antifragile,0.379326,0.677774,0.08113,-0.0856
0.2,0.3,0.0,0.5,antifragile,0.595147,0.800818,0.025226,-0.158524
0.2,0.3,0.0,0.6,antifragile,0.671266,0.889145,0.052163,-0.262898
0.2,0.3,0.0,0.7,antifragile,0.797128,0.985144,-0.085895,-0.376768
0.2,0.3,0.0,0.8,antifragile,0.915434,1.049714,-0.122276,-0.479526
0.2,0.3,0.0,0.9,antifragile,1.020401,1.19921,-0.165596,-0.625419
0.2,0.3,0.0,1.0,antifragile,1.154519,1.271009,-0.244662,-0.571336
0.2,0.3,0.1,0.0,antifragile,-0.134921,0.33227,0.287132,0.251557
0.2,0.3,0.1,0.1,antifragile,0.053916,0.35469,0.222158,0.243114
0.2,0.3,0.1,0.2,antifragile,0.148639,0.445741,0.117165,0.258603
0.2,0.3,0.1,0.3,antifragile,0.252782,0.528403,0.113579,0.148537
0.2,0.3,0.1,0.4,antifragile,0.310078,0.666699,0.100818,-0.001271
0.2,0.3,0.1,0.5,antifragile,0.429822,0.723984,0.090441,-0.048234
0.2,0.3,0.1,0.6,antifragile,0.55572,0.845453,0.094423,-0.228131
0.2,0.3,0.1,0.7,antifragile,0.704687,0.897461,-0.042634,-0.216949
0.2,0.3,0.1,0.8,antifragile,0.787737,0.97916,0.036214,-0.268996
0.2,0.3,0.1,0.9,antifragile,0.828385,1.061279,-0.040327,-0.414244
0.2,0.3,0.1,1.0,antifragile,1.110029,1.260817,-0.095027,-0.536093
0.2,0.3,0.2,0.0,unification,-0.130428,0.181212,0.440262,0.511107
0.2,0.3,0.2,0.1,recursive,-0.086242,0.380234,0.447076,0.394119
0.2,0.3,0.2,0.2,antifragile,0.092521,0.413409,0.299268,0.244638
0.2,0.3,0.2,0.3,antifragile,0.174974,0.532179,0.34495,0.14525
0.2,0.3,0.2,0.4,antifragile,0.270956,0.689406,0.202911,0.141433
0.2,0.3,0.2,0.5,antifragile,0.353337,0.67337,0.083707,0.033539
0.2,0.3,0.2,0.6,antifragile,0.455532,0.820902,0.095617,-0.04398
0.2,0.3,0.2,0.7,antifragile,0.59239,0.907592,0.068574,-0.158089
0.2,0.3,0.2,0.8,antifragile,0.729288,1.058374,0.061423,-0.220491
0.2,0.3,0.2,0.9,antifragile,0.828843,0.997468,0.00803,-0.295018
0.2,0.3,0.2,1.0,antifragile,0.898327,1.157395,-0.045512,-0.310377
0.2,0.3,0.3,0.0,unification,-0.190397,0.163594,0.434096,0.590371
0.2,0.3,0.3,0.1,unification,-0.094523,0.312275,0.424639,0.556813
0.2,0.3,0.3,0.2,antifragile,-0.054821,0.468194,0.379913,0.402204
0.2,0.3,0.3,0.3,antifragile,0.073518,0.556596,0.318743,0.407478
0.2,0.3,0.3,0.4,antifragile,0.163733,0.551717,0.33298,0.231301
0.2,0.3,0.3,0.5,antifragile,0.346127,0.702581,0.21632,0.186428
0.2,0.3,0.3,0.6,antifragile,0.387561,0.797449,0.31439,0.086465
0.2,0.3,0.3,0.7,antifragile,0.551689,0.876222,0.181203,0.01174
0.2,0.3,0.3,0.8,antifragile,0.592129,0.986757,0.125563,-0.11024
0.2,0.3,0.3,0.9,antifragile,0.795709,1.06995,0.088595,-0.082997
0.2,0.3,0.3,1.0,antifragile,0.763196,1.223641,0.015991,-0.224423
0.2,0.3,0.4,0.0,unification,-0.364403,0.12885,0.610694,0.832811
0.2,0.3,0.4,0.1,unification,-0.236061,0.286774,0.50785,0.741525
0.2,0.3,0.4,0.2,unification,-0.220658,0.383856,0.428644,0.452202
0.2,0.3,0.4,0.3,antifragile,-0.023027,0.552402,0.392198,0.524538
0.2,0.3,0.4,0.4,antifragile,0.164934,0.554365,0.391023,0.314185
0.2,0.3,0.4,0.5,antifragile,0.179192,0.69535,0.348034,0.333367
0.2,0.3,0.4,0.6,antifragile,0.331658,0.8546,0.283474,0.310271
0.2,0.3,0.4,0.7,antifragile,0.441675,0.92471,0.203751,0.154233
0.2,0.3,0.4,0.8,antifragile,0.525316,0.941974,0.286119,0.07894
0.2,0.3,0.4,0.9,antifragile,0.716019,0.996489,0.143858,-0.024195
0.2,0.3,0.4,1.0,antifragile,0.763067,1.115707,0.097068,-0.050067
0.2,0.3,0.5,0.0,unification,-0.443142,0.211304,0.630637,0.897421
0.2,0.3,0.5,0.1,unification,-0.287115,0.193786,0.60836,0.876417
0.2,0.3,0.5,0.2,unification,-0.192419,0.375064,0.584664,0.710352
0.2,0.3,0.5,0.3,recursive,-0.085676,0.452366,0.548164,0.542392
0.2,0.3,0.5,0.4,unification,0.027365,0.510796,0.450424,0.589798
0.2,0.3,0.5,0.5,antifragile,0.088343,0.545262,0.469786,0.36898
0.2,0.3,0.5,0.6,antifragile,0.138603,0.755413,0.397936,0.378636
0.2,0.3,0.5,0.7,antifragile,0.322879,0.73578,0.290711,0.256391
0.2,0.3,0.5,0.8,antifragile,0.39138,0.915353,0.286877,0.194252
0.2,0.3,0.5,0.9,antifragile,0.572757,1.01434,0.294974,0.082805
0.2,0.3,0.5,1.0,antifragile,0.684198,1.1018,0.108555,0.047326
0.2,0.3,0.6,0.0,unification,-0.507503,0.133202,0.650658,0.974211
0.2,0.3,0.6,0.1,unification,-0.459576,0.23723,0.604744,0.858567
0.2,0.3,0.6,0.2,unification,-0.268284,0.263531,0.58858,0.865336
0.2,0.3,0.6,0.3,unification,-0.137614,0.426104,0.637435,0.723421
0.2,0.3,0.6,0.4,unification,-0.08523,0.452596,0.563386,0.623605
0.2,0.3,0.6,0.5,antifragile,0.013347,0.609995,0.574227,0.584913
0.2,0.3,0.6,0.6,antifragile,0.234716,0.639724,0.383101,0.515731
0.2,0.3,0.6,0.7,antifragile,0.216408,0.756315,0.34651,0.350039
0.2,0.3,0.6,0.8,antifragile,0.289889,0.843285,0.375272,0.314498
0.2,0.3,0.6,0.9,antifragile,0.536986,0.993845,0.273892,0.255401
0.2,0.3,0.6,1.0,antifragile,0.590588,1.050109,0.313865,0.150228
0.2,0.3,0.7,0.0,unification,-0.639594,0.060882,0.859197,1.079805
0.2,0.3,0.7,0.1,unification,-0.546494,0.161915,0.703472,0.943861
0.2,0.3,0.7,0.2,unification,-0.402223,0.332431,0.71807,0.953929
0.2,0.3,0.7,0.3,unification,-0.381507,0.376906,0.684668,0.826754
0.2,0.3,0.7,0.4,unification,-0.155997,0.458506,0.587026,0.791593
0.2,0.3,0.7,0.5,unification,0.004857,0.533603,0.55662,0.681121
0.2,0.3,0.7,0.6,recursive,0.097731,0.578684,0.588928,0.571099
0.2,0.3,0.7,0.7,antifragile,0.177103,0.706783,0.491649,0.596155
0.2,0.3,0.7,0.8,antifragile,0.204546,0.854268,0.566566,0.469276
0.2,0.3,0.7,0.9,antifragile,0.318445,0.860921,0.402419,0.357895
0.2,0.3,0.7,1.0,antifragile,0.506297,0.956415,0.356362,0.224426
0.2,0.3,0.8,0.0,unification,-0.704037,0.134235,0.838341,1.191152
0.2,0.3,0.8,0.1,unification,-0.641657,0.161777,0.842933,1.110189
0.2,0.3,0.8,0.2,unification,-0.49314,0.185424,0.819795,1.204219
0.2,0.3,0.8,0.3,unification,-0.337457,0.315351,0.731751,0.91783
0.2,0.3,0.8,0.4,unification,-0.218316,0.448968,0.701695,0.960667
0.2,0.3,0.8,0.5,unification,-0.143945,0.548738,0.69981,0.806143
0.2,0.3,0.8,0.6,unification,-0.082744,0.597723,0.687103,0.704593
0.2,0.3,0.8,0.7,unification,0.096987,0.645863,0.644003,0.660647
0.2,0.3,0.8,0.8,antifragile,0.124894,0.783799,0.611572,0.497048
0.2,0.3,0.8,0.9,antifragile,0.241452,0.886525,0.631667,0.441371
0.2,0.3,0.8,1.0,antifragile,0.429764,0.998007,0.455524,0.398057
0.2,0.3,0.9,0.0,unification,-0.807392,-0.01789,0.886936,1.363778
0.2,0.3,0.9,0.1,unification,-0.630045,0.097871,0.984525,1.309016
0.2,0.3,0.9,0.2,unification,-0.567977,0.158604,0.865687,1.121474
0.2,0.3,0.9,0.3,unification,-0.468354,0.2923,0.935771,1.136416
0.2,0.3,0.9,0.4,unification,-0.388243,0.308032,0.799672,1.065588
0.2,0.3,0.9,0.5,unification,-0.246031,0.502099,0.760944,0.97585
0.2,0.3,0.9,0.6,unification,-0.204863,0.650209,0.674376,0.894687
0.2,0.3,0.9,0.7,unification,-0.028609,0.659209,0.677945,0.78278
0.2,0.3,0.9,0.8,antifragile,0.117876,0.812918,0.720397,0.701591
0.2,0.3,0.9,0.9,antifragile,0.290684,0.859649,0.663872,0.621436
0.2,0.3,0.9,1.0,antifragile,0.28754,0.959062,0.595159,0.51339
0.2,0.3,1.0,0.0,unification,-0.854357,0.008268,1.053831,1.342806
0.2,0.3,1.0,0.1,unification,-0.681086,0.04512,0.973836,1.348794
0.2,0.3,1.0,0.2,unification,-0.671822,0.126863,0.93815,1.285894
0.2,0.3,1.0,0.3,unification,-0.518513,0.351518,0.976029,1.29113
0.2,0.3,1.0,0.4,unification,-0.453871,0.350233,0.916324,1.117022
0.2,0.3,1.0,0.5,unification,-0.346287,0.482728,0.909515,1.068371
0.2,0.3,1.0,0.6,unification,-0.274758,0.52022,0.742933,0.98376
0.2,0.3,1.0,0.7,unification,-0.09223,0.616464,0.787086,0.915845
0.2,0.3,1.0,0.8,unification,0.017843,0.664923,0.722337,0.830492
0.2,0.3,1.0,0.9,antifragile,0.193936,0.806404,0.722542,0.768908
0.2,0.3,1.0,1.0,antifragile,0.215169,0.97242,0.715109,0.709019
0.2,0.4,0.0,0.0,antifragile,-0.027078,0.478007,0.289236,0.466204
0.2,0.4,0.0,0.1,antifragile,0.098415,0.522019,0.263998,0.317224
0.2,0.4,0.0,0.2,antifragile,0.241349,0.495632,0.231834,0.082937
0.2,0.4,0.0,0.3,antifragile,0.271083,0.6042,0.189112,0.251182
0.2,0.4,0.0,0.4,antifragile,0.47589,0.668028,0.187787,0.059947
0.2,0.4,0.0,0.5,antifragile,0.483105,0.843915,0.133799,-0.132331
0.2,0.4,0.0,0.6,antifragile,0.558434,0.938615,0.08497,-0.185428
0.2,0.4,0.0,0.7,antifragile,0.680281,1.020511,0.084308,-0.238824
0.2,0.4,0.0,0.8,antifragile,0.911137,1.085209,0.009655,-0.337715
0.2,0.4,0.0,0.9,antifragile,0.969398,1.175921,0.05637,-0.489531
0.2,0.4,0.0,1.0,antifragile,1.135774,1.314499,-0.052379,-0.423274
0.2,0.4,0.1,0.0,unification,-0.097117,0.288499,0.435004,0.578374
0.2,0.4,0.1,0.1,antifragile,-0.074365,0.525921,0.384285,0.378339
0.2,0.4,0.1,0.2,antifragile,0.035336,0.503836,0.227236,0.294238
0.2,0.4,0.1,0.3,antifragile,0.176854,0.556279,0.322392,0.219062
0.2,0.4,0.1,0.4,antifragile,0.26821,0.688733,0.262755,0.148661
0.2,0.4,0.1,0.5,antifragile,0.374951,0.806283,0.202466,0.003027
0.2,0.4,0.1,0.6,antifragile,0.505575,0.923967,0.193607,-0.036498
0.2,0.4,0.1,0.7,antifragile,0.663839,0.941002,0.077551,-0.122563
0.2,0.4,0.1,0.8,antifragile,0.814878,1.093163,0.071232,-0.117793
0.2,0.4,0.1,0.9,antifragile,0.835653,1.291737,0.019436,-0.330586
0.2,0.4,0.1,1.0,antifragile,0.951682,1.262546,-0.035386,-0.234901
0.2,0.4,0.2,0.0,unification,-0.214069,0.313212,0.466906,0.581117
0.2,0.4,0.2,0.1,unification,-0.068722,0.301208,0.392857,0.512635
0.2,0.4,0.2,0.2,antifragile,0.057552,0.461274,0.430808,0.441386
0.2,0.4,0.2,0.3,antifragile,0.164813,0.495764,0.406798,0.345055
0.2,0.4,0.2,0.4,antifragile,0.256244,0.629036,0.33122,0.264875
0.2,0.4,0.2,0.5,antifragile,0.269878,0.700979,0.260979,0.191497
0.2,0.4,0.2,0.6,antifragile,0.392154,0.843496,0.15571,0.081468
0.2,0.4,0.2,0.7,antifragile,0.591179,0.990259,0.205654,0.027183
0.2,0.4,0.2,0.8,antifragile,0.608587,1.131222,0.273388,-0.061759
0.2,0.4,0.2,0.9,antifragile,0.889534,1.110991,0.067446,-0.190481
0.2,0.4,0.2,1.0,antifragile,0.859025,1.355603,0.075942,-0.282983
0.2,0.4,0.3,0.0,unification,-0.364923,0.312001,0.624865,0.710726
0.2,0.4,0.3,0.1,unification,-0.303789,0.29357,0.621062,0.68444
0.2,0.4,0.3,0.2,recursive,-0.096727,0.538442,0.592916,0.563203
0.2,0.4,0.3,0.3,antifragile,0.009121,0.510898,0.44077,0.405684
0.2,0.4,0.3,0.4,antifragile,0.045481,0.548867,0.469217,0.31693
0.2,0.4,0.3,0.5,antifragile,0.327498,0.693481,0.461867,0.291747
0.2,0.4,0.3,0.6,antifragile,0.261691,0.889189,0.405093,0.179697
0.2,0.4,0.3,0.7,antifragile,0.433417,0.87471,0.288974,0.145391
0.2,0.4,0.3,0.8,antifragile,0.542431,0.924055,0.225956,0.090176
0.2,0.4,0.3,0.9,antifragile,0.659555,1.093628,0.168461,-0.060503
0.2,0.4,0.3,1.0,antifragile,0.850447,1.148011,0.211041,-0.112647
0.2,0.4,0.4,0.0,unification,-0.397759,0.183382,0.642411,0.859714
0.2,0.4,0.4,0.1,unification,-0.326033,0.331572,0.642872,0.883635
0.2,0.4,0.4,0.2,unification,-0.17609,0.314388,0.638151,0.679806
0.2,0.4,0.4,0.3,unification,0.020596,0.578546,0.514737,0.641095
0.2,0.4,0.4,0.4,antifragile,0.000302,0.600135,0.533799,0.57565
0.2,0.4,0.4,0.5,antifragile,0.18476,0.698749,0.584171,0.416749
0.2,0.4,0.4,0.6,antifragile,0.16964,0.719265,0.4937,0.346167
0.2,0.4,0.4,0.7,antifragile,0.367953,0.857874,0.357365,0.225645
0.2,0.4,0.4,0.8,antifragile,0.493558,0.975131,0.36175,0.196972
0.2,0.4,0.4,0.9,antifragile,0.558706,1.002063,0.22271,0.246333
0.2,0.4,0.4,1.0,antifragile,0.763909,1.237009,0.22627,0.010475
0.2,0.4,0.5,0.0,unification,-0.540768,0.119396,0.715561,1.051309
0.2,0.4,0.5,0.1,unification,-0.347963,0.231498,0.689259,0.937456
0.2,0.4,0.5,0.2,unification,-0.308549,0.378979,0.685092,0.834547
0.2,0.4,0.5,0.3,unification,-0.157293,0.437315,0.597451,0.673318
0.2,0.4,0.5,0.4,recursive,-0.138067,0.559263,0.625813,0.575986
0.2,0.4,0.5,0.5,antifragile,0.063649,0.699232,0.453163,0.546471
0.2,0.4,0.5,0.6,antifragile,0.242311,0.782597,0.411477,0.507917
0.2,0.4,0.5,0.7,antifragile,0.232613,0.884565,0.430496,0.387348
0.2,0.4,0.5,0.8,antifragile,0.353123,0.945158,0.396636,0.293823
0.2,0.4,0.5,0.9,antifragile,0.43122,1.064533,0.393764,0.139173
0.2,0.4,0.5,1.0,antifragile,0.649646,1.126186,0.353088,0.173228
0.2,0.4,0.6,0.0,unification,-0.573588,0.20826,0.815335,1.161721
0.2,0.4,0.6,0.1,unification,-0.473854,0.270382,0.810181,1.087037
0.2,0.4,0.6,0.2,unification,-0.333929,0.317853,0.717937,0.937512
0.2,0.4,0.6,0.3,unification,-0.298005,0.38239,0.603597,0.777537
0.2,0.4,0.6,0.4,unification,-0.05073,0.497175,0.765173,0.790158
0.2,0.4,0.6,0.5,unification,-0.042488,0.54997,0.630233,0.779609
0.2,0.4,0.6,0.6,antifragile,0.147882,0.733712,0.532567,0.552142
0.2,0.4,0.6,0.7,antifragile,0.13737,0.878908,0.631586,0.524795
0.2,0.4,0.6,0.8,antifragile,0.274846,0.987436,0.461071,0.432591
0.2,0.4,0.6,0.9,antifragile,0.423148,0.96186,0.438204,0.309313
0.2,0.4,0.6,1.0,antifragile,0.580836,1.195718,0.43574,0.246589
0.2,0.4,0.7,0.0,unification,-0.709992,0.115087,0.887489,1.230148
0.2,0.4,0.7,0.1,unification,-0.549338,0.189734,0.865521,1.140727
0.2,0.4,0.7,0.2,unification,-0.475878,0.282928,0.87311,0.976463
0.2,0.4,0.7,0.3,unification,-0.271286,0.406776,0.825501,1.016254
0.2,0.4,0.7,0.4,unification,-0.275403,0.449282,0.703387,0.882647
0.2,0.4,0.7,0.5,recursive,-0.09504,0.560812,0.745397,0.691604
0.2,0.4,0.7,0.6,antifragile,-0.039278,0.743357,0.666451,0.683543
0.2,0.4,0.7,0.7,unification,0.057158,0.628599,0.58441,0.692862
0.2,0.4,0.7,0.8,antifragile,0.17087,0.851773,0.478409,0.473458
0.2,0.4,0.7,0.9,antifragile,0.369502,1.000865,0.490128,0.438471
0.2,0.4,0.7,1.0,antifragile,0.418541,1.005194,0.414793,0.377039
0.2,0.4,0.8,0.0,unification,-0.74137,0.109593,1.043762,1.282322
0.2,0.4,0.8,0.1,unification,-0.657105,0.161577,0.955639,1.264411
0.2,0.4,0.8,0.2,unification,-0.583022,0.11911,0.978091,1.2065
0.2,0.4,0.8,0.3,unification,-0.514214,0.388657,0.857635,1.084051
0.2,0.4,0.8,0.4,unification,-0.368421,0.486847,0.800009,0.965158
0.2,0.4,0.8,0.5,unification,-0.163413,0.546056,0.792626,0.969623
0.2,0.4,0.8,0.6,recursive,-0.143379,0.626592,0.775286,0.772931
0.2,0.4,0.8,0.7,unification,0.011055,0.707214,0.762774,0.792333
0.2,0.4,0.8,0.8,antifragile,0.130727,0.759652,0.67483,0.621137
0.2,0.4,0.8,0.9,antifragile,0.218157,0.819236,0.562958,0.654452
0.2,0.4,0.8,1.0,antifragile,0.348453,1.012309,0.554563,0.455787
0.2,0.4,0.9,0.0,unification,-0.849992,0.027818,1.162332,1.475762
0.2,0.4,0.9,0.1,unification,-0.747064,0.070575,1.026965,1.40885
0.2,0.4,0.9,0.2,unification,-0.658639,0.210719,1.021345,1.390741
0.2,0.4,0.9,0.3,unification,-0.522752,0.387209,0.99608,1.284218
0.2,0.4,0.9,0.4,unification,-0.450486,0.414654,0.914861,1.172314
0.2,0.4,0.9,0.5,unification,-0.270379,0.526253,0.928835,1.031833
0.2,0.4,0.9,0.6,unification,-0.155731,0.66579,0.878875,0.981708
0.2,0.4,0.9,0.7,unification,-0.054334,0.6653,0.814918,0.905026
0.2,0.4,0.9,0.8,antifragile,-0.046476,0.828729,0.702559,0.783604
0.2,0.4,0.9,0.9,antifragile,0.131988,0.863463,0.729128,0.723328
0.2,0.4,0.9,1.0,antifragile,0.198991,1.023399,0.646792,0.749399
0.2,0.4,1.0,0.0,unification,-0.955474,-0.048565,1.120783,1.667379
0.2,0.4,1.0,0.1,unification,-0.860458,0.036812,1.172686,1.504221
0.2,0.4,1.0,0.2,unification,-0.697329,0.246778,1.103723,1.559795
0.2,0.4,1.0,0.3,unification,-0.706237,0.254102,1.037202,1.468059
0.2,0.4,1.0,0.4,unification,-0.4201,0.454435,0.970294,1.236124
0.2,0.4,1.0,0.5,unification,-0.441428,0.445829,1.044635,1.172812
0.2,0.4,1.0,0.6,unification,-0.295575,0.618719,0.846824,1.102632
0.2,0.4,1.0,0.7,unification,-0.234844,0.660279,0.860679,0.983101
0.2,0.4,1.0,0.8,unification,-0.058721,0.781061,0.839009,0.948534
0.2,0.4,1.0,0.9,antifragile,-0.003431,0.899079,0.79969,0.820817
0.2,0.4,1.0,1.0,antifragile,0.110262,0.94793,0.863532,0.756834
0.2,0.5,0.0,0.0,unification,-0.18222,0.450941,0.411404,0.494188
0.2,0.5,0.0,0.1,antifragile,-0.045283,0.564039,0.365462,0.464893
0.2,0.5,0.0,0.2,antifragile,0.042537,0.580355,0.425,0.318409
0.2,0.5,0.0,0.3,antifragile,0.318573,0.676543,0.327852,0.320257
0.2,0.5,0.0,0.4,antifragile,0.239304,0.703112,0.235225,0.180669
0.2,0.5,0.0,0.5,antifragile,0.344507,0.909852,0.261335,0.15572
0.2,0.5,0.0,0.6,antifragile,0.587274,0.993203,0.262957,-0.003055
0.2,0.5,0.0,0.7,antifragile,0.621996,1.01277,0.126532,-0.117004
0.2,0.5,0.0,0.8,antifragile,0.763751,1.05824,0.104022,-0.198571
0.2,0.5,0.0,0.9,antifragile,0.892377,1.34134,0.084283,-0.330478
0.2,0.5,0.0,1.0,antifragile,0.884096,1.389351,-0.008454,-0.326658
0.2,0.5,0.1,0.0,unification,-0.145129,0.292796,0.547695,0.669631
0.2,0.5,0.1,0.1,unification,-0.054048,0.360181,0.437317,0.455991
0.2,0.5,0.1,0.2,antifragile,0.031174,0.580666,0.305105,0.419958
0.2,0.5,0.1,0.3,antifragile,0.155036,0.662399,0.407313,0.33175
0.2,0.5,0.1,0.4,antifragile,0.172053,0.749147,0.362605,0.295763
0.2,0.5,0.1,0.5,antifragile,0.369825,0.849293,0.374745,0.161254
0.2,0.5,0.1,0.6,antifragile,0.372799,0.963853,0.286319,0.119847
0.2,0.5,0.1,0.7,antifragile,0.491777,1.12454,0.275525,-0.0044
0.2,0.5,0.1,0.8,antifragile,0.618227,1.183858,0.144912,0.038068
0.2,0.5,0.1,0.9,antifragile,0.74434,1.311025,0.150776,-0.080963
0.2,0.5,0.1,1.0,antifragile,0.848257,1.320942,0.160237,-0.211896
0.2,0.5,0.2,0.0,unification,-0.249962,0.310626,0.60924,0.792419
0.2,0.5,0.2,0.1,unification,-0.230263,0.458627,0.554042,0.655294
0.2,0.5,0.2,0.2,unification,-0.080772,0.485586,0.511965,0.567247
0.2,0.5,0.2,0.3,antifragile,0.019864,0.698637,0.535498,0.489499
0.2,0.5,0.2,0.4,antifragile,0.096843,0.673799,0.543691,0.339506
0.2,0.5,0.2,0.5,antifragile,0.250693,0.828047,0.389434,0.25489
0.2,0.5,0.2,0.6,antifragile,0.315755,0.877675,0.329525,0.286386
0.2,0.5,0.2,0.7,antifragile,0.464544,0.97381,0.330348,0.168398
0.2,0.5,0.2,0.8,antifragile,0.557769,1.140099,0.221443,0.108565
0.2,0.5,0.2,0.9,antifragile,0.684552,1.187599,0.210349,-0.096393
0.2,0.5,0.2,1.0,antifragile,0.711666,1.246861,0.234384,-0.168064
0.2,0.5,0.3,0.0,unification,-0.472422,0.254547,0.670758,0.837725
0.2,0.5,0.3,0.1,unification,-0.291445,0.44663,0.712463,0.870273
0.2,0.5,0.3,0.2,unification,-0.256245,0.447206,0.644924,0.662298
0.2,0.5,0.3,0.3,unification,-0.021961,0.595356,0.64896,0.652136
0.2,0.5,0.3,0.4,antifragile,0.098051,0.659406,0.525127,0.499737
0.2,0.5,0.3,0.5,antifragile,0.079705,0.848588,0.527269,0.412749
0.2,0.5,0.3,0.6,antifragile,0.33023,0.838482,0.358093,0.395368
0.2,0.5,0.3,0.7,antifragile,0.311072,0.955211,0.420306,0.279273
0.2,0.5,0.3,0.8,antifragile,0.52742,1.089043,0.397495,0.135462
0.2,0.5,0.3,0.9,antifragile,0.609712,1.079723,0.408107,0.019872
0.2,0.5,0.3,1.0,antifragile,0.687678,1.184056,0.253492,0.005671
0.2,0.5,0.4,0.0,unification,-0.511438,0.322212,0.786345,0.956855
0.2,0.5,0.4,0.1,unification,-0.381679,0.420985,0.780444,0.838061
0.2,0.5,0.4,0.2,unification,-0.299033,0.478739,0.712668,0.757481
0.2,0.5,0.4,0.3,unification,-0.117544,0.505456,0.720191,0.751472
0.2,0.5,0.4,0.4,unification,-0.101596,0.618546,0.587677,0.647994
0.2,0.5,0.4,0.5,antifragile,0.054801,0.682726,0.505287,0.582451
0.2,0.5,0.4,0.6,antifragile,0.189312,0.840277,0.548537,0.439054
0.2,0.5,0.4,0.7,antifragile,0.2942,1.056925,0.553728,0.37058
0.2,0.5,0.4,0.8,antifragile,0.368831,0.881978,0.508435,0.33933
0.2,0.5,0.4,0.9,antifragile,0.477809,1.048415,0.357237,0.23722
0.2,0.5,0.4,1.0,antifragile,0.610533,1.24958,0.379322,0.178338
0.2,0.5,0.5,0.0,unification,-0.556521,0.27144,0.755516,1.043283
0.2,0.5,0.5,0.1,unification,-0.483218,0.378978,0.914026,1.011788
0.2,0.5,0.5,0.2,unification,-0.385579,0.322252,0.823178,0.90749
0.2,0.5,0.5,0.3,unification,-0.097083,0.47803,0.845264,0.887418
0.2,0.5,0.5,0.4,unification,-0.186413,0.621607,0.738569,0.753737
0.2,0.5,0.5,0.5,antifragile,0.016899,0.745798,0.689817,0.679176
0.2,0.5,0.5,0.6,antifragile,0.026253,0.796161,0.628803,0.501197
0.2,0.5,0.5,0.7,antifragile,0.203462,0.89016,0.515169,0.49335
0.2,0.5,0.5,0.8,antifragile,0.289408,1.086505,0.551006,0.476802
0.2,0.5,0.5,0.9,antifragile,0.409109,0.991304,0.533617,0.307091
0.2,0.5,0.5,1.0,antifragile,0.50822,1.127351,0.463638,0.308259
0.2,0.5,0.6,0.0,unification,-0.618363,0.274309,1.031398,1.127706
0.2,0.5,0.6,0.1,unification,-0.614681,0.19959,0.936597,1.110346
0.2,0.5,0.6,0.2,unification,-0.469459,0.37417,0.884129,0.985734
0.2,0.5,0.6,0.3,unification,-0.397943,0.480065,0.884937,0.97373
0.2,0.5,0.6,0.4,unification,-0.264583,0.46759,0.832634,0.853203
0.2,0.5,0.6,0.5,unification,-0.172372,0.584234,0.673045,0.756939
0.2,0.5,0.6,0.6,recursive,-0.016942,0.704563,0.714285,0.707678
0.2,0.5,0.6,0.7,antifragile,0.2161,0.774778,0.673074,0.6437
0.2,0.5,0.6,0.8,antifragile,0.163472,0.959763,0.66348,0.554825
0.2,0.5,0.6,0.9,antifragile,0.394223,0.941116,0.542888,0.538753
0.2,0.5,0.6,1.0,antifragile,0.480601,1.172026,0.606661,0.284172
0.2,0.5,0.7,0.0,unification,-0.715219,0.213219,0.997065,1.486462
0.2,0.5,0.7,0.1,unification,-0.635183,0.145362,1.009064,1.234007
0.2,0.5,0.7,0.2,unification,-0.47675,0.377397,0.920104,1.260123
0.2,0.5,0.7,0.3,unification,-0.378027,0.403604,0.902398,1.125846
0.2,0.5,0.7,0.4,unification,-0.333213,0.52328,0.871836,0.96171
0.2,0.5,0.7,0.5,unification,-0.316638,0.646957,0.730555,0.880348
0.2,0.5,0.7,0.6,unification,-0.183579,0.647578,0.811318,0.833885
0.2,0.5,0.7,0.7,unification,0.00208,0.759205,0.717208,0.778823
0.2,0.5,0.7,0.8,antifragile,0.122396,0.961134,0.758255,0.662389
0.2,0.5,0.7,0.9,antifragile,0.142388,0.977168,0.665116,0.551176
0.2,0.5,0.7,1.0,antifragile,0.292269,1.113488,0.751515,0.480591
0.2,0.5,0.8,0.0,unification,-0.84514,0.059398,1.17717,1.523737
0.2,0.5,0.8,0.1,unification,-0.694713,0.28799,1.053633,1.379879
0.2,0.5,0.8,0.2,unification,-0.539506,0.346636,0.924039,1.332741
0.2,0.5,0.8,0.3,unification,-0.544085,0.454909,1.01541,1.137973
0.2,0.5,0.8,0.4,unification,-0.391558,0.515531,0.973173,1.168776
0.2,0.5,0.8,0.5,unification,-0.220202,0.620694,0.916145,1.112398
0.2,0.5,0.8,0.6,unification,-0.072863,0.740754,0.88531,0.991627
0.2,0.5,0.8,0.7,recursive,-0.062198,0.790926,0.943259,0.847547
0.2,0.5,0.8,0.8,antifragile,0.092745,0.878707,0.720979,0.790584
0.2,0.5,0.8,0.9,antifragile,0.117661,1.008879,0.759565,0.663899
0.2,0.5,0.8,1.0,antifragile,0.32855,1.129507,0.794303,0.641848
0.2,0.5,0.9,0.0,unification,-0.936787,0.125178,1.171126,1.611503
0.2,0.5,0.9,0.1,unification,-0.833784,0.111948,1.166373,1.497952
0.2,0.5,0.9,0.2,unification,-0.727128,0.298189,1.183627,1.392561
0.2,0.5,0.9,0.3,unification,-0.621828,0.336746,1.038491,1.320272
0.2,0.5,0.9,0.4,unification,-0.504823,0.499294,1.056022,1.212157
0.2,0.5,0.9,0.5,unification,-0.320292,0.612221,0.954941,1.241206
0.2,0.5,0.9,0.6,unification,-0.258653,0.652177,0.977904,1.093711
0.2,0.5,0.9,0.7,unification,-0.137746,0.764366,0.903129,0.908709
0.2,0.5,0.9,0.8,unification,-0.028641,0.831317,0.918897,0.949084
0.2,0.5,0.9,0.9,antifragile,0.037617,0.996149,0.850242,0.848182
0.2,0.5,0.9,1.0,antifragile,0.158094,1.124178,0.764337,0.738866
0.2,0.5,1.0,0.0,unification,-1.086867,0.091337,1.255893,1.706498
0.2,0.5,1.0,0.1,unification,-0.940847,0.153136,1.182462,1.532838
0.2,0.5,1.0,0.2,unification,-0.782115,0.139322,1.247707,1.637926
0.2,0.5,1.0,0.3,unification,-0.703211,0.404975,1.163787,1.554962
0.2,0.5,1.0,0.4,unification,-0.607811,0.316756,1.121004,1.475398
0.2,0.5,1.0,0.5,unification,-0.448252,0.504234,1.101445,1.353556
0.2,0.5,1.0,0.6,unification,-0.369281,0.75632,1.019129,1.270126
0.2,0.5,1.0,0.7,unification,-0.216903,0.685009,0.983778,1.185905
0.2,0.5,1.0,0.8,unification,-0.137761,0.831904,0.883202,1.0828
0.2,0.5,1.0,0.9,unification,-0.020635,0.906804,0.943045,0.944539
0.2,0.5,1.0,1.0,antifragile,0.045405,0.992906,0.86179,0.989026
0.2,0.6,0.0,0.0,recursive,-0.154406,0.401577,0.651815,0.578357
0.2,0.6,0.0,0.1,antifragile,-0.088527,0.589871,0.411501,0.503149
0.2,0.6,0.0,0.2,antifragile,-0.008667,0.650254,0.488502,0.426137
0.2,0.6,0.0,0.3,antifragile,0.123818,0.788257,0.445074,0.347071
0.2,0.6,0.0,0.4,antifragile,0.247394,0.921794,0.398634,0.234278
0.2,0.6,0.0,0.5,antifragile,0.25455,0.853303,0.326649,0.169581
0.2,0.6,0.0,0.6,antifragile,0.432219,1.037557,0.281575,0.044276
0.2,0.6,0.0,0.7,antifragile,0.600632,1.18347,0.214642,0.017186
0.2,0.6,0.0,0.8,antifragile,0.58475,1.136273,0.200562,-0.023254
0.2,0.6,0.0,0.9,antifragile,0.751065,1.264195,0.191804,-0.163146
0.2,0.6,0.0,1.0,antifragile,0.860743,1.499311,0.136732,-0.244321
0.2,0.6,0.1,0.0,unification,-0.310089,0.436999,0.696748,0.808183
0.2,0.6,0.1,0.1,unification,-0.218113,0.56504,0.622484,0.688727
0.2,0.6,0.1,0.2,unification,-0.074594,0.595648,0.601786,0.602735
0.2,0.6,0.1,0.3,antifragile,0.118286,0.709927,0.509654,0.347007
0.2,0.6,0.1,0.4,antifragile,0.069437,0.775287,0.419947,0.425707
0.2,0.6,0.1,0.5,antifragile,0.194499,0.864935,0.411899,0.360237
0.2,0.6,0.1,0.6,antifragile,0.339588,1.007621,0.404785,0.260164
0.2,0.6,0.1,0.7,antifragile,0.522511,1.078328,0.270185,0.118413
0.2,0.6,0.1,0.8,antifragile,0.589002,1.1893,0.278122,0.102045
0.2,0.6,0.1,0.9,antifragile,0.700681,1.223975,0.252089,0.056427
0.2,0.6,0.1,1.0,antifragile,0.843219,1.417423,0.182921,-0.159441
0.2,0.6,0.2,0.0,unification,-0.414071,0.38922,0.7113,0.825525
0.2,0.6,0.2,0.1,unification,-0.288203,0.435298,0.671008,0.820661
0.2,0.6,0.2,0.2,recursive,-0.235657,0.587324,0.709005,0.670841
0.2,0.6,0.2,0.3,antifragile,-0.076444,0.711212,0.550789,0.593865
0.2,0.6,0.2,0.4,antifragile,0.008008,0.666495,0.552401,0.44683
0.2,0.6,0.2,0.5,antifragile,0.169416,0.910751,0.612713,0.429676
0.2,0.6,0.2,0.6,antifragile,0.330961,0.969948,0.460844,0.243761
0.2,0.6,0.2,0.7,antifragile,0.471325,0.992545,0.509139,0.28184
0.2,0.6,0.2,0.8,antifragile,0.451199,1.1556,0.506646,0.246783
0.2,0.6,0.2,0.9,antifragile,0.584364,1.199401,0.36501,0.076724
0.2,0.6,0.2,1.0,antifragile,0.779987,1.366979,0.235388,0.022934
0.2,0.6,0.3,0.0,unification,-0.478955,0.346855,0.817447,1.034936
0.2,0.6,0.3,0.1,unification,-0.31111,0.402513,0.762069,0.867574
0.2,0.6,0.3,0.2,recursive,-0.334092,0.529531,0.817238,0.719398
0.2,0.6,0.3,0.3,recursive,-0.141203,0.627193,0.699387,0.671864
0.2,0.6,0.3,0.4,recursive,-0.101256,0.65607,0.711547,0.585866
0.2,0.6,0.3,0.5,antifragile,0.055022,0.925232,0.568287,0.56712
0.2,0.6,0.3,0.6,antifragile,0.243191,0.965786,0.498421,0.429332
0.2,0.6,0.3,0.7,antifragile,0.315118,1.106451,0.486924,0.355319
0.2,0.6,0.3,0.8,antifragile,0.430979,1.135983,0.519013,0.252682
0.2,0.6,0.3,0.9,antifragile,0.493398,1.210775,0.508116,0.198076
0.2,0.6,0.3,1.0,antifragile,0.628885,1.243704,0.498161,0.132713
0.2,0.6,0.4,0.0,unification,-0.506112,0.311495,0.894263,1.024985
0.2,0.6,0.4,0.1,unification,-0.557538,0.467595,0.853903,1.025321
0.2,0.6,0.4,0.2,unification,-0.402453,0.454847,0.863115,1.017007
0.2,0.6,0.4,0.3,unification,-0.261064,0.628574,0.779501,0.838974
0.2,0.6,0.4,0.4,recursive,-0.027402,0.66734,0.792036,0.779071
0.2,0.6,0.4,0.5,antifragile,-0.010844,0.853601,0.704507,0.670179
0.2,0.6,0.4,0.6,antifragile,0.168972,0.942463,0.710098,0.39561
0.2,0.6,0.4,0.7,antifragile,0.232009,0.985606,0.608257,0.535489
0.2,0.6,0.4,0.8,antifragile,0.333028,1.10389,0.556602,0.494909
0.2,0.6,0.4,0.9,antifragile,0.468947,1.192126,0.554685,0.392864
0.2,0.6,0.4,1.0,antifragile,0.591084,1.254361,0.539516,0.258703
0.2,0.6,0.5,0.0,unification,-0.554154,0.329886,0.94372,1.341536
0.2,0.6,0.5,0.1,unification,-0.645102,0.401868,0.900188,1.234109
0.2,0.6,0.5,0.2,unification,-0.41736,0.42531,0.881675,1.019303
0.2,0.6,0.5,0.3,unification,-0.335289,0.543568,0.817442,0.983503
0.2,0.6,0.5,0.4,unification,-0.190439,0.605185,0.732087,0.900548
0.2,0.6,0.5,0.5,unification,-0.073404,0.786511,0.802559,0.878636
0.2,0.6,0.5,0.6,antifragile,0.059853,0.978991,0.890032,0.627095
0.2,0.6,0.5,0.7,antifragile,0.010143,0.93963,0.720212,0.626206
0.2,0.6,0.5,0.8,antifragile,0.265179,1.021488,0.620302,0.517855
0.2,0.6,0.5,0.9,antifragile,0.329992,1.172176,0.590663,0.445552
0.2,0.6,0.5,1.0,antifragile,0.478511,1.21506,0.630836,0.329025
0.2,0.6,0.6,0.0,unification,-0.796818,0.255231,1.080214,1.306752
0.2,0.6,0.6,0.1,unification,-0.56282,0.431247,0.988607,1.339365
0.2,0.6,0.6,0.2,unification,-0.639107,0.483806,0.937112,1.228804
0.2,0.6,0.6,0.3,unification,-0.458064,0.521576,0.899494,1.084306
0.2,0.6,0.6,0.4,recursive,-0.208504,0.614603,1.005515,0.990709
0.2,0.6,0.6,0.5,unification,-0.115412,0.633715,0.845675,0.898195
0.2,0.6,0.6,0.6,antifragile,-0.003115,0.819262,0.715596,0.774494
0.2,0.6,0.6,0.7,antifragile,-0.020633,0.951703,0.82025,0.73998
0.2,0.6,0.6,0.8,antifragile,0.112575,1.035819,0.683524,0.692883
0.2,0.6,0.6,0.9,antifragile,0.268626,1.081271,0.719884,0.590105
0.2,0.6,0.6,1.0,antifragile,0.384871,1.123295,0.690725,0.55133
0.2,0.6,0.7,0.0,unification,-0.813952,0.235061,1.139504,1.519567
0.2,0.6,0.7,0.1,unification,-0.716738,0.242603,1.146011,1.308293
0.2,0.6,0.7,0.2,unification,-0.595861,0.375789,1.042594,1.313599
0.2,0.6,0.7,0.3,unification,-0.535464,0.51561,1.02784,1.189135
0.2,0.6,0.7,0.4,unification,-0.323091,0.595239,1.01654,1.205829
0.2,0.6,0.7,0.5,unification,-0.209991,0.708989,0.929867,0.978515
0.2,0.6,0.7,0.6,recursive,-0.159665,0.829729,0.922716,0.792771
0.2,0.6,0.7,0.7,unification,-0.016497,0.916575,0.849939,0.929418
0.2,0.6,0.7,0.8,antifragile,0.081398,0.930725,0.888565,0.731626
0.2,0.6,0.7,0.9,antifragile,0.157138,1.05215,0.743728,0.72519
0.2,0.6,0.7,1.0,antifragile,0.335518,1.217387,0.781183,0.540204
0.2,0.6,0.8,0.0,unification,-0.986798,0.178308,1.228288,1.575096
0.2,0.6,0.8,0.1,unification,-0.714734,0.270293,1.217121,1.564395
0.2,0.6,0.8,0.2,unification,-0.697252,0.489553,1.102981,1.399696
0.2,0.6,0.8,0.3,unification,-0.637141,0.533133,1.150104,1.317792
0.2,0.6,0.8,0.4,unification,-0.523194,0.619245,1.088084,1.330521
0.2,0.6,0.8,0.5,unification,-0.373007,0.670577,1.045011,1.143794
0.2,0.6,0.8,0.6,unification,-0.267207,0.680785,1.014705,1.128062
0.2,0.6,0.8,0.7,unification,-0.100492,0.868327,0.943589,1.082599
0.2,0.6,0.8,0.8,antifragile,0.004615,0.999427,0.982564,0.91372
0.2,0.6,0.8,0.9,antifragile,0.089394,1.063728,0.812543,0.778651
0.2,0.6,0.8,1.0,antifragile,0.115034,1.114595,0.813334,0.678216
0.2,0.6,0.9,0.0,unification,-1.002532,0.130219,1.374112,1.825649
0.2,0.6,0.9,0.1,unification,-0.877177,0.195168,1.307336,1.640465
0.2,0.6,0.9,0.2,unification,-0.802006,0.28192,1.211789,1.54611
0.2,0.6,0.9,0.3,unification,-0.639795,0.445551,1.286279,1.503717
0.2,0.6,0.9,0.4,unification,-0.548785,0.499688,1.103127,1.356505
0.2,0.6,0.9,0.5,unification,-0.494992,0.481955,1.064568,1.38011
0.2,0.6,0.9,0.6,unification,-0.33157,0.686174,1.094924,1.11733
0.2,0.6,0.9,0.7,unification,-0.225895,0.863875,1.028944,1.041401
0.2,0.6,0.9,0.8,recursive,-0.150697,0.958963,1.007931,0.974084
0.2,0.6,0.9,0.9,recursive,0.098381,0.92731,0.942854,0.908131
0.2,0.6,0.9,1.0,antifragile,0.0382,1.062392,0.946808,0.939527
0.2,0.6,1.0,0.0,unification,-1.119308,0.049493,1.423932,1.875398
0.2,0.6,1.0,0.1,unification,-0.977981,0.208787,1.354372,1.769908
0.2,0.6,1.0,0.2,unification,-0.889083,0.343512,1.431423,1.688983
0.2,0.6,1.0,0.3,unification,-0.770329,0.397793,1.247104,1.633249
0.2,0.6,1.0,0.4,unification,-0.637941,0.458976,1.285103,1.510949
0.2,0.6,1.0,0.5,unification,-0.598503,0.59258,1.21185,1.473021
0.2,0.6,1.0,0.6,unification,-0.398423,0.664539,1.136396,1.340087
0.2,0.6,1.0,0.7,unification,-0.311835,0.789188,1.135071,1.250462
0.2,0.6,1.0,0.8,unification,-0.170159,0.826285,1.20397,1.208154
0.2,0.6,1.0,0.9,recursive,-0.166374,0.964261,1.078634,1.067532
0.2,0.6,1.0,1.0,recursive,-0.074757,0.998047,1.027105,0.912269
0.2,0.7,0.0,0.0,unification,-0.347467,0.521842,0.653873,0.685211
0.2,0.7,0.0,0.1,recursive,-0.189737,0.516459,0.649223,0.594673
0.2,0.7,0.0,0.2,antifragile,-0.081788,0.702339,0.572169,0.514767
0.2,0.7,0.0,0.3,antifragile,-0.044472,0.798371,0.54895,0.439131
0.2,0.7,0.0,0.4,antifragile,0.11313,0.875638,0.529024,0.384888
0.2,0.7,0.0,0.5,antifragile,0.356903,1.005239,0.459636,0.331914
0.2,0.7,0.0,0.6,antifragile,0.387433,1.06726,0.489818,0.165097
0.2,0.7,0.0,0.7,antifragile,0.496165,1.219486,0.40045,0.106547
0.2,0.7,0.0,0.8,antifragile,0.519692,1.141483,0.448809,0.055426
0.2,0.7,0.0,0.9,antifragile,0.685796,1.367473,0.257616,-0.06156
0.2,0.7,0.0,1.0,antifragile,0.777953,1.374336,0.159751,-0.209883
0.2,0.7,0.1,0.0,unification,-0.313936,0.410656,0.776745,0.892832
0.2,0.7,0.1,0.1,unification,-0.254171,0.540072,0.716651,0.739169
0.2,0.7,0.1,0.2,antifragile,-0.084805,0.743827,0.742491,0.567422
0.2,0.7,0.1,0.3,antifragile,-0.056851,0.745208,0.653153,0.503634
0.2,0.7,0.1,0.4,antifragile,-0.012172,0.905339,0.562044,0.43063
0.2,0.7,0.1,0.5,antifragile,0.129818,0.954524,0.508873,0.432081
0.2,0.7,0.1,0.6,antifragile,0.246064,0.94279,0.581219,0.354909
0.2,0.7,0.1,0.7,antifragile,0.388312,1.098932,0.543245,0.279577
0.2,0.7,0.1,0.8,antifragile,0.572341,1.190815,0.432533,0.18511
0.2,0.7,0.1,0.9,antifragile,0.597497,1.310223,0.360819,0.099953
0.2,0.7,0.1,1.0,antifragile,0.66893,1.438599,0.365536,-0.015165
0.2,0.7,0.2,0.0,unification,-0.432524,0.406753,0.801493,0.997186
0.2,0.7,0.2,0.1,unification,-0.315649,0.494636,0.765347,0.875851
0.2,0.7,0.2,0.2,unification,-0.2626,0.691256,0.770824,0.80073
0.2,0.7,0.2,0.3,antifragile,-0.171636,0.746949,0.68442,0.682363
0.2,0.7,0.2,0.4,antifragile,0.023631,0.824366,0.549828,0.622111
0.2,0.7,0.2,0.5,antifragile,0.101276,0.88302,0.643018,0.454516
0.2,0.7,0.2,0.6,antifragile,0.063449,0.946227,0.609112,0.298752
0.2,0.7,0.2,0.7,antifragile,0.272823,0.993862,0.542869,0.472895
0.2,0.7,0.2,0.8,antifragile,0.414141,1.179625,0.556962,0.291065
0.2,0.7,0.2,0.9,antifragile,0.52425,1.326332,0.498594,0.219431
0.2,0.7,0.2,1.0,antifragile,0.638061,1.357697,0.480859,0.103177
0.2,0.7,0.3,0.0,unification,-0.483437,0.337643,0.991689,1.118602
0.2,0.7,0.3,0.1,unification,-0.483427,0.510449,0.847485,1.011671
0.2,0.7,0.3,0.2,unification,-0.349331,0.573354,0.887072,0.950926
0.2,0.7,0.3,0.3,unification,-0.271268,0.621595,0.813539,0.857159
0.2,0.7,0.3,0.4,antifragile,-0.138722,0.849566,0.800675,0.723721
0.2,0.7,0.3,0.5,antifragile,-0.031113,0.853609,0.703407,0.732808
0.2,0.7,0.3,0.6,antifragile,0.164226,0.961753,0.713895,0.626149
0.2,0.7,0.3,0.7,antifragile,0.227913,1.075131,0.669709,0.52438
0.2,0.7,0.3,0.8,antifragile,0.29606,1.116115,0.58557,0.379667
0.2,0.7,0.3,0.9,antifragile,0.371345,1.278798,0.57732,0.263032
0.2,0.7,0.3,1.0,antifragile,0.542954,1.330786,0.529097,0.190904
0.2,0.7,0.4,0.0,unification,-0.7027,0.380986,0.928302,1.208367
0.2,0.7,0.4,0.1,unification,-0.541304,0.443836,0.977636,1.214929
0.2,0.7,0.4,0.2,unification,-0.494975,0.588829,0.799392,1.119686
0.2,0.7,0.4,0.3,unification,-0.407143,0.76182,0.865512,1.029519
0.2,0.7,0.4,0.4,unification,-0.140792,0.713176,0.827013,0.838142
0.2,0.7,0.4,0.5,unification,-0.045631,0.808827,0.764051,0.821864
0.2,0.7,0.4,0.6,antifragile,-0.019859,0.908551,0.770355,0.677879
0.2,0.7,0.4,0.7,antifragile,0.110423,1.096749,0.714788,0.607019
0.2,0.7,0.4,0.8,antifragile,0.236244,1.137723,0.633307,0.561361
0.2,0.7,0.4,0.9,antifragile,0.367791,1.120567,0.734713,0.528041
0.2,0.7,0.4,1.0,antifragile,0.424972,1.248879,0.616403,0.298707
0.2,0.7,0.5,0.0,unification,-0.656786,0.296577,1.17109,1.30378
0.2,0.7,0.5,0.1,unification,-0.62061,0.478361,1.033838,1.273605
0.2,0.7,0.5,0.2,unification,-0.450367,0.482198,0.946913,1.102064
0.2,0.7,0.5,0.3,unification,-0.365828,0.624439,1.023083,1.076298
0.2,0.7,0.5,0.4,recursive,-0.356537,0.582362,1.073398,1.031346
0.2,0.7,0.5,0.5,unification,-0.16816,0.808932,0.818433,0.880256
0.2,0.7,0.5,0.6,antifragile,0.022167,0.922917,0.81182,0.773659
0.2,0.7,0.5,0.7,antifragile,0.019215,0.969228,0.912457,0.740587
0.2,0.7,0.5,0.8,antifragile,0.095522,1.07707,0.783217,0.600973
0.2,0.7,0.5,0.9,antifragile,0.285108,1.235446,0.736934,0.540147
0.2,0.7,0.5,1.0,antifragile,0.348556,1.187058,0.683308,0.510539
0.2,0.7,0.6,0.0,unification,-0.859832,0.381985,1.214614,1.380361
0.2,0.7,0.6,0.1,unification,-0.793613,0.330799,1.213659,1.429546
0.2,0.7,0.6,0.2,unification,-0.513814,0.47551,1.084526,1.237625
0.2,0.7,0.6,0.3,unification,-0.467516,0.560192,1.043266,1.295903
0.2,0.7,0.6,0.4,unification,-0.381317,0.731549,0.935596,1.264406
0.2,0.7,0.6,0.5,unification,-0.283664,0.795359,1.018314,1.020132
0.2,0.7,0.6,0.6,unification,-0.114048,0.89855,0.899343,0.924935
0.2,0.7,0.6,0.7,recursive,-0.042735,0.944225,0.964657,0.910133
0.2,0.7,0.6,0.8,antifragile,0.061479,1.075304,0.752667,0.759234
0.2,0.7,0.6,0.9,antifragile,0.189391,1.195768,0.824988,0.777912
0.2,0.7,0.6,1.0,antifragile,0.328397,1.210584,0.767998,0.640421
0.2,0.7,0.7,0.0,unification,-0.927432,0.326565,1.204564,1.610805
0.2,0.7,0.7,0.1,unification,-0.758228,0.329328,1.19306,1.506196
0.2,0.7,0.7,0.2,unification,-0.6444,0.415008,1.126554,1.482529
0.2,0.7,0.7,0.3,unification,-0.555035,0.585393,1.177967,1.448994
0.2,0.7,0.7,0.4,unification,-0.409251,0.593796,1.123513,1.227126
0.2,0.7,0.7,0.5,unification,-0.377706,0.654375,1.045694,1.197252
0.2,0.7,0.7,0.6,unification,-0.248301,0.765032,0.943849,1.190592
0.2,0.7,0.7,0.7,unification,-0.118742,0.873797,1.003089,1.109459
0.2,0.7,0.7,0.8,recursive,0.006023,0.870647,1.072615,0.822538
0.2,0.7,0.7,0.9,antifragile,0.074699,1.04833,0.863,0.84422
0.2,0.7,0.7,1.0,antifragile,0.091449,1.195488,0.917367,0.702838
0.2,0.7,0.8,0.0,unification,-1.064514,0.208035,1.328083,1.690239
0.2,0.7,0.8,0.1,unification,-0.944417,0.335959,1.334763,1.581718
0.2,0.7,0.8,0.2,unification,-0.821363,0.411825,1.216751,1.558933
0.2,0.7,0.8,0.3,unification,-0.591598,0.497009,1.164319,1.484605
0.2,0.7,0.8,0.4,unification,-0.563883,0.587492,1.208766,1.414552
0.2,0.7,0.8,0.5,unification,-0.443225,0.686966,1.248177,1.355028
0.2,0.7,0.8,0.6,unification,-0.293323,0.79156,1.054713,1.266369
0.2,0.7,0.8,0.7,unification,-0.217785,0.851142,1.052843,1.076691
0.2,0.7,0.8,0.8,unification,-0.062134,1.009152,1.034082,1.037861
0.2,0.7,0.8,0.9,antifragile,-0.039033,0.963496,0.914354,0.917868
0.2,0.7,0.8,1.0,antifragile,0.060352,1.179468,0.985575,0.863578
0.2,0.7,0.9,0.0,unification,-1.014554,0.140855,1.423223,1.842451
0.2,0.7,0.9,0.1,unification,-0.920391,0.280294,1.396678,1.677258
0.2,0.7,0.9,0.2,unification,-0.909995,0.424798,1.246233,1.74215
0.2,0.7,0.9,0.3,unification,-0.730017,0.427624,1.268398,1.684798
0.2,0.7,0.9,0.4,unification,-0.57443,0.554028,1.27673,1.472691
0.2,0.7,0.9,0.5,unification,-0.528261,0.621305,1.226073,1.510516
0.2,0.7,0.9,0.6,unification,-0.429781,0.697599,1.121681,1.341356
0.2,0.7,0.9,0.7,unification,-0.353045,0.85733,1.069025,1.284513
0.2,0.7,0.9,0.8,unification,-0.258008,0.942315,1.093085,1.250919
0.2,0.7,0.9,0.9,unification,-0.086426,1.132274,1.098037,1.15127
0.2,0.7,0.9,1.0,antifragile,0.00456,1.147275,1.090932,1.040248
0.2,0.7,1.0,0.0,unification,-1.14845,0.128603,1.507061,2.026883
0.2,0.7,1.0,0.1,unification,-0.997704,0.210357,1.437812,1.839793
0.2,0.7,1.0,0.2,unification,-0.913515,0.288526,1.47588,1.827285
0.2,0.7,1.0,0.3,unification,-0.872255,0.508193,1.321887,1.797977
0.2,0.7,1.0,0.4,unification,-0.719056,0.421327,1.434594,1.678611
0.2,0.7,1.0,0.5,unification,-0.646411,0.571764,1.236547,1.665772
0.2,0.7,1.0,0.6,unification,-0.561169,0.651821,1.288396,1.378105
0.2,0.7,1.0,0.7,unification,-0.454077,0.859748,1.258211,1.355682
0.2,0.7,1.0,0.8,unification,-0.294085,0.882876,1.1919,1.251909
0.2,0.7,1.0,0.9,unification,-0.214012,0.969466,1.118707,1.257196
0.2,0.7,1.0,1.0,unification,-0.036494,1.048382,1.05528,1.112136
0.2,0.8,0.0,0.0,unification,-0.242236,0.488615,0.771939,0.844436
0.2,0.8,0.0,0.1,recursive,-0.245432,0.61209,0.797754,0.777723
0.2,0.8,0.0,0.2,antifragile,-0.08771,0.759469,0.744697,0.74922
0.2,0.8,0.0,0.3,antifragile,0.046552,0.94124,0.720867,0.551528
0.2,0.8,0.0,0.4,antifragile,0.132366,0.955522,0.716015,0.451642
0.2,0.8,0.0,0.5,antifragile,0.227898,0.980946,0.605627,0.404263
0.2,0.8,0.0,0.6,antifragile,0.333973,1.039483,0.579661,0.340303
0.2,0.8,0.0,0.7,antifragile,0.42761,1.302511,0.480876,0.262113
0.2,0.8,0.0,0.8,antifragile,0.535014,1.309902,0.57109,0.16319
0.2,0.8,0.0,0.9,antifragile,0.611636,1.488545,0.404616,-0.005259
0.2,0.8,0.0,1.0,antifragile,0.712958,1.427671,0.290002,-0.028151
0.2,0.8,0.1,0.0,unification,-0.443511,0.564026,0.89647,0.994192
0.2,0.8,0.1,0.1,unification,-0.374661,0.644247,0.894562,0.899729
0.2,0.8,0.1,0.2,unification,-0.198874,0.631765,0.837722,0.884042
0.2,0.8,0.1,0.3,antifragile,-0.093852,0.760282,0.7369,0.688979
0.2,0.8,0.1,0.4,antifragile,-0.018022,0.917399,0.718973,0.675197
0.2,0.8,0.1,0.5,antifragile,0.128545,0.936796,0.639965,0.511858
0.2,0.8,0.1,0.6,antifragile,0.210676,1.164736,0.722745,0.49683
0.2,0.8,0.1,0.7,antifragile,0.335938,1.101917,0.596,0.3305
0.2,0.8,0.1,0.8,antifragile,0.521526,1.184695,0.564224,0.241288
0.2,0.8,0.1,0.9,antifragile,0.549524,1.393303,0.556098,0.196965
0.2,0.8,0.1,1.0,antifragile,0.698061,1.421876,0.477277,0.16511
0.2,0.8,0.2,0.0,unification,-0.513395,0.443533,0.936048,1.140783
0.2,0.8,0.2,0.1,unification,-0.474592,0.517784,0.940079,0.983043
0.2,0.8,0.2,0.2,unification,-0.382653,0.727541,0.81502,0.910028
0.2,0.8,0.2,0.3,unification,-0.230976,0.740116,0.785769,0.870714
0.2,0.8,0.2,0.4,antifragile,-0.084459,0.899183,0.759542,0.856651
0.2,0.8,0.2,0.5,antifragile,-0.075232,0.865743,0.837654,0.688702
0.2,0.8,0.2,0.6,antifragile,0.147069,1.061564,0.73856,0.594988
0.2,0.8,0.2,0.7,antifragile,0.191705,1.17591,0.703034,0.566422
0.2,0.8,0.2,0.8,antifragile,0.438212,1.246524,0.568623,0.498626
0.2,0.8,0.2,0.9,antifragile,0.409093,1.341898,0.577163,0.303469
0.2,0.8,0.2,1.0,antifragile,0.608215,1.432223,0.575662,0.199216
0.2,0.8,0.3,0.0,unification,-0.628704,0.396523,1.025046,1.209062
0.2,0.8,0.3,0.1,unification,-0.417785,0.517031,0.88872,1.199755
0.2,0.8,0.3,0.2,unification,-0.377537,0.618449,0.933139,0.997654
0.2,0.8,0.3,0.3,unification,-0.193098,0.722592,0.828112,0.976387
0.2,0.8,0.3,0.4,recursive,-0.119691,0.822822,0.82992,0.825446
0.2,0.8,0.3,0.5,antifragile,-0.115866,0.986083,0.831417,0.706064
0.2,0.8,0.3,0.6,antifragile,0.059207,1.012052,0.772555,0.65398
0.2,0.8,0.3,0.7,antifragile,0.096805,1.154332,0.767376,0.643932
0.2,0.8,0.3,0.8,antifragile,0.272238,1.211384,0.69158,0.524709
0.2,0.8,0.3,0.9,antifragile,0.428246,1.36073,0.613895,0.439587
0.2,0.8,0.3,1.0,antifragile,0.521964,1.479104,0.724098,0.325212
0.2,0.8,0.4,0.0,unification,-0.646248,0.402932,1.172221,1.379414
0.2,0.8,0.4,0.1,unification,-0.663198,0.522499,1.130285,1.253992
0.2,0.8,0.4,0.2,unification,-0.502316,0.511417,1.074181,1.180437
0.2,0.8,0.4,0.3,unification,-0.426109,0.668708,1.007725,1.057068
0.2,0.8,0.4,0.4,recursive,-0.269866,0.692503,1.027471,1.000795
0.2,0.8,0.4,0.5,recursive,-0.214968,0.752015,0.971457,0.942905
0.2,0.8,0.4,0.6,antifragile,-0.039466,1.013182,0.923045,0.839722
0.2,0.8,0.4,0.7,antifragile,0.047289,1.044143,0.861047,0.814852
0.2,0.8,0.4,0.8,antifragile,0.164855,1.233824,0.818658,0.679035
0.2,0.8,0.4,0.9,antifragile,0.400255,1.337634,0.84393,0.535119
0.2,0.8,0.4,1.0,antifragile,0.499609,1.345889,0.708625,0.382038
0.2,0.8,0.5,0.0,unification,-0.783685,0.310832,1.225413,1.406922
0.2,0.8,0.5,0.1,unification,-0.600115,0.487579,1.278994,1.328849
0.2,0.8,0.5,0.2,unification,-0.502541,0.464864,1.135404,1.263419
0.2,0.8,0.5,0.3,unification,-0.492398,0.624175,1.039264,1.147016
0.2,0.8,0.5,0.4,unification,-0.382121,0.750801,1.103185,1.139768
0.2,0.8,0.5,0.5,unification,-0.191673,0.766091,0.983352,1.07555
0.2,0.8,0.5,0.6,recursive,-0.12284,0.891941,1.011703,0.928436
0.2,0.8,0.5,0.7,antifragile,-0.068868,1.054347,0.925308,0.843854
0.2,0.8,0.5,0.8,antifragile,0.052157,1.07151,0.865213,0.84
0.2,0.8,0.5,0.9,antifragile,0.202228,1.26793,0.870803,0.669388
0.2,0.8,0.5,1.0,antifragile,0.217543,1.268657,0.771438,0.577571
0.2,0.8,0.6,0.0,unification,-0.840949,0.378529,1.400594,1.551814
0.2,0.8,0.6,0.1,unification,-0.700128,0.504563,1.238387,1.528678
0.2,0.8,0.6,0.2,unification,-0.607963,0.517054,1.20318,1.388633
0.2,0.8,0.6,0.3,unification,-0.678002,0.618524,1.134507,1.281233
0.2,0.8,0.6,0.4,unification,-0.42889,0.637434,1.170304,1.27418
0.2,0.8,0.6,0.5,unification,-0.36001,0.801834,1.030489,1.202517
0.2,0.8,0.6,0.6,recursive,-0.220632,0.913092,1.075095,1.047879
0.2,0.8,0.6,0.7,recursive,-0.195953,1.042866,1.044436,0.968232
0.2,0.8,0.6,0.8,antifragile,0.010456,1.152899,1.026935,0.881772
0.2,0.8,0.6,0.9,antifragile,0.025562,1.119139,0.914414,0.898116
0.2,0.8,0.6,1.0,antifragile,0.173578,1.250184,0.859154,0.713413
0.2,0.8,0.7,0.0,unification,-0.980561,0.230997,1.429218,1.707759
0.2,0.8,0.7,0.1,unification,-0.746043,0.331321,1.414493,1.699567
0.2,0.8,0.7,0.2,unification,-0.780584,0.465247,1.248935,1.499509
0.2,0.8,0.7,0.3,unification,-0.65003,0.581035,1.174882,1.574675
0.2,0.8,0.7,0.4,unification,-0.552976,0.678281,1.183688,1.36165
0.2,0.8,0.7,0.5,unification,-0.447894,0.769853,1.174271,1.330243
0.2,0.8,0.7,0.6,unification,-0.308639,0.900214,1.134509,1.216563
0.2,0.8,0.7,0.7,unification,-0.222065,1.010156,1.111131,1.112096
0.2,0.8,0.7,0.8,recursive,-0.109396,1.049538,1.056522,1.032182
0.2,0.8,0.7,0.9,antifragile,-0.017942,1.188245,1.056404,1.039193
0.2,0.8,0.7,1.0,antifragile,0.089819,1.278322,0.879543,0.906452
0.2,0.8,0.8,0.0,unification,-1.142829,0.210783,1.476611,1.808925
0.2,0.8,0.8,0.1,unification,-0.997918,0.330759,1.456481,1.708355
0.2,0.8,0.8,0.2,unification,-0.852708,0.431067,1.420995,1.712396
0.2,0.8,0.8,0.3,unification,-0.831764,0.597255,1.309462,1.596815
0.2,0.8,0.8,0.4,unification,-0.676945,0.658557,1.427567,1.506358
0.2,0.8,0.8,0.5,unification,-0.542992,0.723392,1.186549,1.487448
0.2,0.8,0.8,0.6,unification,-0.394356,0.777555,1.169184,1.330764
0.2,0.8,0.8,0.7,unification,-0.2534,0.867451,1.23567,1.240418
0.2,0.8,0.8,0.8,recursive,-0.236512,0.996615,1.227428,1.090589
0.2,0.8,0.8,0.9,antifragile,-0.116595,1.162629,1.110823,1.035438
0.2,0.8,0.8,1.0,antifragile,0.07824,1.260615,1.07657,0.95938
0.2,0.8,0.9,0.0,unification,-1.182915,0.239234,1.479404,2.031389
0.2,0.8,0.9,0.1,unification,-0.96499,0.308202,1.522805,1.93929
0.2,0.8,0.9,0.2,unification,-0.842222,0.492849,1.378223,1.779222
0.2,0.8,0.9,0.3,unification,-0.804966,0.485289,1.514138,1.791469
0.2,0.8,0.9,0.4,unification,-0.760797,0.59688,1.347522,1.615244
0.2,0.8,0.9,0.5,unification,-0.621272,0.747713,1.300577,1.409163
0.2,0.8,0.9,0.6,unification,-0.580227,0.743585,1.272215,1.464359
0.2,0.8,0.9,0.7,unification,-0.44399,0.829445,1.218528,1.314217
0.2,0.8,0.9,0.8,recursive,-0.307725,0.955136,1.259453,1.235524
0.2,0.8,0.9,0.9,recursive,-0.18788,1.052749,1.225444,1.192286
0.2,0.8,0.9,1.0,recursive,-0.007465,1.117381,1.142532,1.086205
0.2,0.8,1.0,0.0,unification,-1.311302,0.186624,1.716646,2.047355
0.2,0.8,1.0,0.1,unification,-1.146373,0.219388,1.517039,1.965637
0.2,0.8,1.0,0.2,unification,-1.052499,0.359721,1.538699,1.837583
0.2,0.8,1.0,0.3,unification,-0.951297,0.500088,1.442088,1.817243
0.2,0.8,1.0,0.4,unification,-0.795358,0.530887,1.487076,1.673944
0.2,0.8,1.0,0.5,unification,-0.655578,0.68329,1.432783,1.721241
0.2,0.8,1.0,0.6,unification,-0.606467,0.729107,1.458627,1.672038
0.2,0.8,1.0,0.7,unification,-0.514672,0.849313,1.402252,1.491093
0.2,0.8,1.0,0.8,unification,-0.340271,0.98902,1.281885,1.430964
0.2,0.8,1.0,0.9,unification,-0.26031,0.984157,1.220517,1.292379
0.2,0.8,1.0,1.0,recursive,-0.103574,1.188068,1.267496,1.262006
0.2,0.9,0.0,0.0,unification,-0.404359,0.598878,0.91538,0.983768
0.2,0.9,0.0,0.1,unification,-0.385221,0.640488,0.803554,0.930357
0.2,0.9,0.0,0.2,recursive,-0.122295,0.666548,0.893241,0.794336
0.2,0.9,0.0,0.3,antifragile,-0.044364,0.895323,0.84702,0.715487
0.2,0.9,0.0,0.4,antifragile,-0.053173,0.959716,0.760783,0.609202
0.2,0.9,0.0,0.5,antifragile,0.157887,1.056715,0.665225,0.480701
0.2,0.9,0.0,0.6,antifragile,0.215409,1.165229,0.55703,0.410996
0.2,0.9,0.0,0.7,antifragile,0.245165,1.219146,0.674866,0.305694
0.2,0.9,0.0,0.8,antifragile,0.490158,1.487441,0.647677,0.286676
0.2,0.9,0.0,0.9,antifragile,0.607922,1.371516,0.456329,0.196435
0.2,0.9,0.0,1.0,antifragile,0.694931,1.58972,0.466562,0.11967
0.2,0.9,0.1,0.0,unification,-0.507044,0.54343,0.976376,1.042265
0.2,0.9,0.1,0.1,unification,-0.391015,0.654752,0.917999,1.033289
0.2,0.9,0.1,0.2,unification,-0.243608,0.773869,0.847878,0.919982
0.2,0.9,0.1,0.3,unification,-0.230572,0.839828,0.814623,0.893858
0.2,0.9,0.1,0.4,antifragile,-0.035833,0.987649,0.872586,0.73147
0.2,0.9,0.1,0.5,antifragile,0.01372,1.112086,0.771744,0.592271
0.2,0.9,0.1,0.6,antifragile,0.195373,1.127189,0.815297,0.587148
0.2,0.9,0.1,0.7,antifragile,0.254,1.291306,0.623077,0.460732
0.2,0.9,0.1,0.8,antifragile,0.320632,1.200246,0.703659,0.377129
0.2,0.9,0.1,0.9,antifragile,0.520268,1.424454,0.650357,0.29723
0.2,0.9,0.1,1.0,antifragile,0.546788,1.504488,0.625958,0.232481
0.2,0.9,0.2,0.0,unification,-0.640097,0.455049,1.075208,1.182297
0.2,0.9,0.2,0.1,unification,-0.498587,0.598061,1.002778,1.13969
0.2,0.9,0.2,0.2,unification,-0.357275,0.803264,1.022898,1.119684
0.2,0.9,0.2,0.3,unification,-0.31593,0.719953,0.944278,0.997901
0.2,0.9,0.2,0.4,antifragile,-0.129942,0.955569,0.778173,0.932649
0.2,0.9,0.2,0.5,antifragile,-0.038227,0.912799,0.901176,0.793474
0.2,0.9,0.2,0.6,antifragile,0.074061,1.134955,0.846514,0.626359
0.2,0.9,0.2,0.7,antifragile,0.157849,1.099118,0.817453,0.684899
0.2,0.9,0.2,0.8,antifragile,0.212927,1.241427,0.700882,0.507305
0.2,0.9,0.2,0.9,antifragile,0.405621,1.347847,0.737627,0.498269
0.2,0.9,0.2,1.0,antifragile,0.550088,1.409091,0.734296,0.433304
0.2,0.9,0.3,0.0,unification,-0.617366,0.472109,1.112408,1.285788
0.2,0.9,0.3,0.1,unification,-0.640089,0.575585,1.152393,1.315328
0.2,0.9,0.3,0.2,unification,-0.499278,0.668066,1.064791,1.133236
0.2,0.9,0.3,0.3,unification,-0.328213,0.783142,1.037091,1.097915
0.2,0.9,0.3,0.4,unification,-0.224227,0.890272,0.948076,1.039816
0.2,0.9,0.3,0.5,recursive,-0.132232,0.933269,0.961711,0.927224
0.2,0.9,0.3,0.6,antifragile,0.019089,0.997692,0.976249,0.826158
0.2,0.9,0.3,0.7,antifragile,0.049692,1.118162,0.819932,0.652954
0.2,0.9,0.3,0.8,antifragile,0.21887,1.339044,0.749119,0.607479
0.2,0.9,0.3,0.9,antifragile,0.332579,1.332718,0.831721,0.564914
0.2,0.9,0.3,1.0,antifragile,0.375969,1.418708,0.630896,0.427826
0.2,0.9,0.4,0.0,unification,-0.737586,0.504595,1.305308,1.482043
0.2,0.9,0.4,0.1,unification,-0.787803,0.50825,1.261233,1.456153
0.2,0.9,0.4,0.2,unification,-0.496868,0.623187,1.089671,1.287968
0.2,0.9,0.4,0.3,unification,-0.45426,0.808278,1.12639,1.205834
0.2,0.9,0.4,0.4,recursive,-0.341325,0.844993,1.106322,1.083773
0.2,0.9,0.4,0.5,unification,-0.287881,0.988528,0.952948,1.116887
0.2,0.9,0.4,0.6,recursive,-0.220534,0.985773,1.043593,0.950017
0.2,0.9,0.4,0.7,antifragile,-0.080824,1.131321,0.95835,0.854198
0.2,0.9,0.4,0.8,antifragile,0.063804,1.20327,0.885904,0.901727
0.2,0.9,0.4,0.9,antifragile,0.192999,1.281312,0.847918,0.783848
0.2,0.9,0.4,1.0,antifragile,0.233047,1.412972,0.823036,0.53883
0.2,0.9,0.5,0.0,unification,-0.915954,0.425848,1.27678,1.597978
0.2,0.9,0.5,0.1,unification,-0.678542,0.51353,1.207324,1.45766
0.2,0.9,0.5,0.2,unification,-0.66927,0.582388,1.247601,1.430622
0.2,0.9,0.5,0.3,unification,-0.458474,0.694814,1.14239,1.38769
0.2,0.9,0.5,0.4,unification,-0.371849,0.801622,1.14768,1.276127
0.2,0.9,0.5,0.5,unification,-0.335554,0.782215,1.148174,1.204613
0.2,0.9,0.5,0.6,recursive,-0.142946,0.943462,1.091308,1.08739
0.2,0.9,0.5,0.7,antifragile,-0.100731,1.080743,1.041857,1.000587
0.2,0.9,0.5,0.8,antifragile,0.042034,1.231014,0.962183,0.896385
0.2,0.9,0.5,0.9,antifragile,0.09387,1.236716,0.879198,0.821211
0.2,0.9,0.5,1.0,antifragile,0.248966,1.352245,0.919552,0.755922
0.2,0.9,0.6,0.0,unification,-0.894444,0.354012,1.346419,1.705478
0.2,0.9,0.6,0.1,unification,-0.760822,0.411955,1.397507,1.682896
0.2,0.9,0.6,0.2,unification,-0.863277,0.585511,1.355171,1.526633
0.2,0.9,0.6,0.3,unification,-0.667322,0.630467,1.268572,1.439895
0.2,0.9,0.6,0.4,unification,-0.549539,0.737776,1.30454,1.309279
0.2,0.9,0.6,0.5,unification,-0.502453,0.910339,1.195399,1.265588
0.2,0.9,0.6,0.6,unification,-0.310561,0.955464,1.138797,1.225297
0.2,0.9,0.6,0.7,unification,-0.243113,1.024909,1.014265,1.173612
0.2,0.9,0.6,0.8,antifragile,-0.093804,1.168505,1.108829,1.057491
0.2,0.9,0.6,0.9,antifragile,0.024611,1.249411,0.996936,0.886441
0.2,0.9,0.6,1.0,antifragile,0.129945,1.291011,1.076273,0.878757
0.2,0.9,0.7,0.0,unification,-1.090824,0.326423,1.49665,1.8316
0.2,0.9,0.7,0.1,unification,-0.931413,0.438433,1.380467,1.642455
0.2,0.9,0.7,0.2,unification,-0.85368,0.558025,1.391882,1.726828
0.2,0.9,0.7,0.3,unification,-0.727344,0.69286,1.427595,1.632564
0.2,0.9,0.7,0.4,unification,-0.675176,0.720857,1.391139,1.508617
0.2,0.9,0.7,0.5,recursive,-0.477282,0.745606,1.385939,1.370431
0.2,0.9,0.7,0.6,unification,-0.494721,0.892444,1.127626,1.270744
0.2,0.9,0.7,0.7,unification,-0.157074,0.985998,1.138611,1.241265
0.2,0.9,0.7,0.8,unification,-0.21989,1.143226,1.125523,1.168537
0.2,0.9,0.7,0.9,antifragile,-0.122353,1.324951,1.155181,1.062725
0.2,0.9,0.7,1.0,antifragile,0.030352,1.26232,1.051954,0.94558
0.2,0.9,0.8,0.0,unification,-1.061084,0.277369,1.468529,1.901702
0.2,0.9,0.8,0.1,unification,-0.988614,0.387384,1.528296,1.933491
0.2,0.9,0.8,0.2,unification,-0.963858,0.526621,1.461606,1.818794
0.2,0.9,0.8,0.3,unification,-0.834557,0.577923,1.496007,1.742401
0.2,0.9,0.8,0.4,unification,-0.713271,0.661419,1.494957,1.649467
0.2,0.9,0.8,0.5,unification,-0.614557,0.747346,1.426245,1.54077
0.2,0.9,0.8,0.6,unification,-0.493178,0.880749,1.35189,1.447166
0.2,0.9,0.8,0.7,unification,-0.314816,1.032967,1.321594,1.433736
0.2,0.9,0.8,0.8,unification,-0.264575,1.099517,1.305223,1.330952
0.2,0.9,0.8,0.9,recursive,-0.1092,1.191559,1.312856,1.168015
0.2,0.9,0.8,1.0,antifragile,-0.052761,1.244274,1.156597,1.010561
0.2,0.9,0.9,0.0,unification,-1.166257,0.218698,1.668491,2.013907
0.2,0.9,0.9,0.1,unification,-1.093964,0.32573,1.563202,2.009717
0.2,0.9,0.9,0.2,unification,-1.050037,0.431292,1.588589,1.954999
0.2,0.9,0.9,0.3,unification,-0.94592,0.50544,1.541174,1.856963
0.2,0.9,0.9,0.4,unification,-0.721862,0.596434,1.484102,1.803789
0.2,0.9,0.9,0.5,unification,-0.586345,0.695345,1.423059,1.679055
0.2,0.9,0.9,0.6,unification,-0.603887,0.802038,1.432224,1.652471
0.2,0.9,0.9,0.7,unification,-0.530474,1.009917,1.351262,1.50729
0.2,0.9,0.9,0.8,unification,-0.275457,1.046266,1.325125,1.440909
0.2,0.9,0.9,0.9,unification,-0.253658,1.151068,1.289766,1.363058
0.2,0.9,0.9,1.0,unification,-0.204712,1.169324,1.189554,1.232179
0.2,0.9,1.0,0.0,unification,-1.401477,0.200408,1.689625,2.283984
0.2,0.9,1.0,0.1,unification,-1.264534,0.265673,1.717417,2.209341
0.2,0.9,1.0,0.2,unification,-1.110803,0.423064,1.729538,2.083911
0.2,0.9,1.0,0.3,unification,-0.973729,0.490883,1.647798,1.886961
0.2,0.9,1.0,0.4,unification,-0.916184,0.686573,1.6501,1.891874
0.2,0.9,1.0,0.5,unification,-0.871468,0.649589,1.511026,1.776415
0.2,0.9,1.0,0.6,unification,-0.727521,0.792684,1.593365,1.720042
0.2,0.9,1.0,0.7,unification,-0.544059,0.849122,1.383051,1.55359
0.2,0.9,1.0,0.8,unification,-0.528969,0.998752,1.444194,1.481736
0.2,0.9,1.0,0.9,unification,-0.327604,1.16345,1.482885,1.483521
0.2,0.9,1.0,1.0,recursive,-0.233742,1.221905,1.41259,1.259639
0.2,1.0,0.0,0.0,unification,-0.425897,0.602771,0.983252,1.062254
0.2,1.0,0.0,0.1,unification,-0.373996,0.669437,0.955759,1.021264
0.2,1.0,0.0,0.2,unification,-0.269071,0.839041,0.913802,0.944685
0.2,1.0,0.0,0.3,antifragile,-0.117179,0.964822,0.911381,0.871945
0.2,1.0,0.0,0.4,antifragile,-0.016447,1.143825,0.910903,0.735563
0.2,1.0,0.0,0.5,antifragile,0.004416,1.091943,0.793411,0.680571
0.2,1.0,0.0,0.6,antifragile,0.124987,1.259609,0.700522,0.488374
0.2,1.0,0.0,0.7,antifragile,0.263244,1.252872,0.667088,0.453147
0.2,1.0,0.0,0.8,antifragile,0.341926,1.390507,0.658976,0.373043
0.2,1.0,0.0,0.9,antifragile,0.489757,1.535712,0.723537,0.322388
0.2,1.0,0.0,1.0,antifragile,0.611277,1.570841,0.634062,0.249511
0.2,1.0,0.1,0.0,unification,-0.523708,0.500565,1.083275,1.221959
0.2,1.0,0.1,0.1,unification,-0.481314,0.643041,0.990032,1.160316
0.2,1.0,0.1,0.2,unification,-0.407846,0.697255,1.057829,1.057949
0.2,1.0,0.1,0.3,unification,-0.265794,0.834272,0.969328,1.010779
0.2,1.0,0.1,0.4,recursive,-0.230735,0.896801,0.903612,0.863668
0.2,1.0,0.1,0.5,antifragile,-0.064815,1.102141,0.949442,0.793938
0.2,1.0,0.1,0.6,antifragile,0.098022,1.178605,0.855475,0.630322
0.2,1.0,0.1,0.7,antifragile,0.1286,1.192454,0.807575,0.621614
0.2,1.0,0.1,0.8,antifragile,0.217537,1.35863,0.731239,0.47154
0.2,1.0,0.1,0.9,antifragile,0.368733,1.393976,0.765333,0.4316
0.2,1.0,0.1,1.0,antifragile,0.550761,1.522825,0.674716,0.448669
0.2,1.0,0.2,0.0,unification,-0.761153,0.624224,1.262726,1.368291
0.2,1.0,0.2,0.1,unification,-0.586524,0.726345,1.123912,1.209711
0.2,1.0,0.2,0.2,unification,-0.479413,0.72149,1.052669,1.2155
0.2,1.0,0.2,0.3,unification,-0.388672,0.843518,0.987811,1.076541
0.2,1.0,0.2,0.4,unification,-0.297796,0.880976,1.014536,1.042849
0.2,1.0,0.2,0.5,antifragile,-0.107979,1.060456,0.973504,0.888218
0.2,1.0,0.2,0.6,antifragile,0.019557,1.101841,0.981722,0.881797
0.2,1.0,0.2,0.7,antifragile,0.047931,1.190278,0.872715,0.661652
0.2,1.0,0.2,0.8,antifragile,0.17653,1.385072,0.807721,0.71626
0.2,1.0,0.2,0.9,antifragile,0.288328,1.520702,0.785909,0.557801
0.2,1.0,0.2,1.0,antifragile,0.374491,1.475615,0.846909,0.503727
0.2,1.0,0.3,0.0,unification,-0.718559,0.459221,1.297741,1.406428
0.2,1.0,0.3,0.1,unification,-0.726866,0.631938,1.236427,1.372667
0.2,1.0,0.3,0.2,recursive,-0.514122,0.758678,1.258486,1.225483
0.2,1.0,0.3,0.3,recursive,-0.364899,0.904116,1.126688,1.116575
0.2,1.0,0.3,0.4,recursive,-0.399175,0.881907,1.205707,1.115854
0.2,1.0,0.3,0.5,unification,-0.250859,0.96573,0.998864,1.073729
0.2,1.0,0.3,0.6,antifragile,-0.114603,1.199991,1.05641,0.986497
0.2,1.0,0.3,0.7,antifragile,-0.012105,1.135448,0.941321,0.791538
0.2,1.0,0.3,0.8,antifragile,0.15552,1.265754,0.992625,0.781796
0.2,1.0,0.3,0.9,antifragile,0.205359,1.32152,0.920082,0.679068
0.2,1.0,0.3,1.0,antifragile,0.375109,1.439229,0.895805,0.687042
0.2,1.0,0.4,0.0,unification,-0.846372,0.529265,1.378595,1.674905
0.2,1.0,0.4,0.1,unification,-0.731422,0.619998,1.308186,1.456281
0.2,1.0,0.4,0.2,unification,-0.700409,0.743346,1.219582,1.447293
0.2,1.0,0.4,0.3,unification,-0.509199,0.820889,1.204264,1.285464
0.2,1.0,0.4,0.4,unification,-0.401081,0.855383,1.128449,1.336926
0.2,1.0,0.4,0.5,unification,-0.34957,0.915318,1.137893,1.217643
0.2,1.0,0.4,0.6,antifragile,-0.308337,1.118494,1.064426,1.083226
0.2,1.0,0.4,0.7,antifragile,-0.1238,1.254596,1.076231,0.949595
0.2,1.0,0.4,0.8,antifragile,0.004945,1.254482,1.038884,0.921938
0.2,1.0,0.4,0.9,antifragile,0.12993,1.276142,0.972987,0.845333
0.2,1.0,0.4,1.0,antifragile,0.206506,1.473639,0.951586,0.719113
0.2,1.0,0.5,0.0,unification,-0.890293,0.368093,1.401234,1.766621
0.2,1.0,0.5,0.1,unification,-0.748498,0.6643,1.397518,1.642895
0.2,1.0,0.5,0.2,unification,-0.689129,0.708754,1.370655,1.581307
0.2,1.0,0.5,0.3,unification,-0.597011,0.766111,1.269082,1.433539
0.2,1.0,0.5,0.4,unification,-0.536138,0.775555,1.19242,1.343819
0.2,1.0,0.5,0.5,unification,-0.413194,0.935252,1.262787,1.289406
0.2,1.0,0.5,0.6,recursive,-0.302846,0.979244,1.238853,1.189909
0.2,1.0,0.5,0.7,recursive,-0.201689,1.110677,1.118363,1.083466
0.2,1.0,0.5,0.8,antifragile,-0.098123,1.200633,1.147788,1.045356
0.2,1.0,0.5,0.9,antifragile,0.117337,1.370586,1.172821,0.967958
0.2,1.0,0.5,1.0,antifragile,0.177155,1.380629,1.076301,0.822194
0.2,1.0,0.6,0.0,unification,-1.113523,0.496316,1.457541,1.851943
0.2,1.0,0.6,0.1,unification,-0.974017,0.571333,1.543147,1.771459
0.2,1.0,0.6,0.2,unification,-0.757682,0.610367,1.551709,1.697308
0.2,1.0,0.6,0.3,unification,-0.755028,0.70848,1.392375,1.562479
0.2,1.0,0.6,0.4,unification,-0.682857,0.819343,1.290712,1.36373
0.2,1.0,0.6,0.5,recursive,-0.507201,0.857205,1.276923,1.249845
0.2,1.0,0.6,0.6,unification,-0.422542,0.981318,1.248292,1.339367
0.2,1.0,0.6,0.7,recursive,-0.200367,1.110818,1.29132,1.290456
0.2,1.0,0.6,0.8,recursive,-0.210943,1.201956,1.249758,1.128202
0.2,1.0,0.6,0.9,antifragile,-0.089531,1.30152,1.085919,1.0106
0.2,1.0,0.6,1.0,antifragile,0.026662,1.392526,1.130946,1.031619
0.2,1.0,0.7,0.0,unification,-1.176094,0.336226,1.631196,1.915067
0.2,1.0,0.7,0.1,unification,-1.050175,0.387162,1.579542,1.947065
0.2,1.0,0.7,0.2,unification,-0.961464,0.626085,1.52203,1.696729
0.2,1.0,0.7,0.3,unification,-0.844736,0.622177,1.469174,1.720976
0.2,1.0,0.7,0.4,unification,-0.597554,0.693443,1.420761,1.570201
0.2,1.0,0.7,0.5,unification,-0.643399,0.864772,1.405074,1.43931
0.2,1.0,0.7,0.6,unification,-0.469092,0.89473,1.365591,1.508475
0.2,1.0,0.7,0.7,unification,-0.336847,1.058876,1.298562,1.363343
0.2,1.0,0.7,0.8,unification,-0.221837,1.168208,1.280039,1.285869
0.2,1.0,0.7,0.9,recursive,-0.205828,1.203283,1.280378,1.232102
0.2,1.0,0.7,1.0,antifragile,-0.02532,1.408948,1.230401,1.093344
0.2,1.0,0.8,0.0,unification,-1.280988,0.421937,1.728516,2.169916
0.2,1.0,0.8,0.1,unification,-1.001658,0.380653,1.585783,1.85184
0.2,1.0,0.8,0.2,unification,-0.954082,0.572824,1.614889,1.848693
0.2,1.0,0.8,0.3,unification,-0.894452,0.644235,1.609136,1.838649
0.2,1.0,0.8,0.4,unification,-0.74681,0.723793,1.589074,1.771587
0.2,1.0,0.8,0.5,unification,-0.729347,0.894461,1.551279,1.678274
0.2,1.0,0.8,0.6,unification,-0.545964,1.002931,1.368334,1.632061
0.2,1.0,0.8,0.7,unification,-0.47381,1.069759,1.416019,1.422854
0.2,1.0,0.8,0.8,unification,-0.364826,1.161086,1.35949,1.368926
0.2,1.0,0.8,0.9,recursive,-0.261409,1.237112,1.417532,1.207956
0.2,1.0,0.8,1.0,recursive,0.020034,1.310187,1.319011,1.208187
0.2,1.0,0.9,0.0,unification,-1.310176,0.324626,1.722545,2.164716
0.2,1.0,0.9,0.1,unification,-1.140772,0.332383,1.757052,2.101474
0.2,1.0,0.9,0.2,unification,-1.138035,0.603597,1.647275,1.978495
0.2,1.0,0.9,0.3,unification,-0.989349,0.561572,1.655319,1.95777
0.2,1.0,0.9,0.4,unification,-0.858267,0.688805,1.579892,1.89717
0.2,1.0,0.9,0.5,unification,-0.765585,0.765219,1.649,1.773934
0.2,1.0,0.9,0.6,unification,-0.595401,0.946342,1.599384,1.729558
0.2,1.0,0.9,0.7,unification,-0.540032,0.976798,1.482794,1.501655
0.2,1.0,0.9,0.8,unification,-0.39406,1.087223,1.496276,1.51915
0.2,1.0,0.9,0.9,recursive,-0.286759,1.101125,1.356537,1.316189
0.2,1.0,0.9,1.0,unification,-0.216717,1.226374,1.329831,1.371733
0.2,1.0,1.0,0.0,unification,-1.421275,0.208345,1.987238,2.328149
0.2,1.0,1.0,0.1,unification,-1.344158,0.341508,1.811343,2.236238
0.2,1.0,1.0,0.2,unification,-1.114892,0.466029,1.87276,2.138379
0.2,1.0,1.0,0.3,unification,-1.048678,0.616099,1.799758,2.140594
0.2,1.0,1.0,0.4,unification,-0.973601,0.659726,1.576029,1.980199
0.2,1.0,1.0,0.5,unification,-0.795437,0.799842,1.655676,1.989957
0.2,1.0,1.0,0.6,unification,-0.7592,0.814193,1.596592,1.763877
0.2,1.0,1.0,0.7,unification,-0.59888,0.959424,1.610499,1.714281
0.2,1.0,1.0,0.8,unification,-0.522904,0.931079,1.558811,1.654942
0.2,1.0,1.0,0.9,unification,-0.465026,1.129767,1.487108,1.653216
0.2,1.0,1.0,1.0,unification,-0.353056,1.246571,1.405462,1.452106
0.3,0.0,0.0,0.0,competitive,0.388841,0.259432,-0.2103,-0.163364
0.3,0.0,0.0,0.1,competitive,0.460316,0.409207,-0.265274,-0.269878
0.3,0.0,0.0,0.2,competitive,0.613066,0.47135,-0.257789,-0.334152
0.3,0.0,0.0,0.3,competitive,0.728452,0.538731,-0.383439,-0.506382
0.3,0.0,0.0,0.4,antifragile,0.731464,0.738136,-0.480639,-0.460314
0.3,0.0,0.0,0.5,competitive,0.883957,0.804322,-0.520127,-0.616755
0.3,0.0,0.0,0.6,competitive,1.107701,0.87566,-0.466863,-0.787149
0.3,0.0,0.0,0.7,competitive,1.078876,1.004457,-0.507412,-0.778591
0.3,0.0,0.0,0.8,competitive,1.269177,0.964858,-0.509635,-0.880981
0.3,0.0,0.0,0.9,competitive,1.379685,1.096097,-0.648656,-0.966369
0.3,0.0,0.0,1.0,competitive,1.507039,1.239703,-0.608453,-0.985093
0.3,0.0,0.1,0.0,competitive,0.27482,0.237814,-0.148988,-0.007169
0.3,0.0,0.1,0.1,competitive,0.409576,0.302152,-0.239451,-0.084752
0.3,0.0,0.1,0.2,competitive,0.467797,0.428603,-0.08737,-0.184925
0.3,0.0,0.1,0.3,competitive,0.695557,0.493094,-0.191451,-0.308667
0.3,0.0,0.1,0.4,competitive,0.743301,0.716042,-0.298932,-0.394037
0.3,0.0,0.1,0.5,competitive,0.789839,0.754423,-0.353031,-0.428864
0.3,0.0,0.1,0.6,competitive,0.862504,0.832432,-0.397185,-0.528474
0.3,0.0,0.1,0.7,competitive,1.054322,0.873233,-0.424328,-0.692519
0.3,0.0,0.1,0.8,competitive,1.206889,0.942568,-0.458354,-0.717738
0.3,0.0,0.1,0.9,competitive,1.355675,1.089535,-0.497126,-0.806318
0.3,0.0,0.1,1.0,competitive,1.281327,1.125068,-0.543768,-0.940648
0.3,0.0,0.2,0.0,antifragile,0.114958,0.242889,-0.027012,0.077013
0.3,0.0,0.2,0.1,antifragile,0.2703,0.29897,-0.054278,-0.028245
0.3,0.0,0.2,0.2,competitive,0.437229,0.350197,-0.115126,-0.042875
0.3,0.0,0.2,0.3,competitive,0.586601,0.551379,-0.145722,-0.183419
0.3,0.0,0.2,0.4,competitive,0.612561,0.489626,-0.267245,-0.278403
0.3,0.0,0.2,0.5,antifragile,0.739586,0.745611,-0.17426,-0.389324
0.3,0.0,0.2,0.6,competitive,0.895916,0.746147,-0.245869,-0.399699
0.3,0.0,0.2,0.7,competitive,1.027105,0.840368,-0.269285,-0.618641
0.3,0.0,0.2,0.8,competitive,1.139811,0.958749,-0.360186,-0.711872
0.3,0.0,0.2,0.9,competitive,1.165567,1.122774,-0.421335,-0.659327
0.3,0.0,0.2,1.0,competitive,1.296728,1.203133,-0.430425,-0.826591
0.3,0.0,0.3,0.0,antifragile,0.107823,0.245061,0.069882,0.189178
0.3,0.0,0.3,0.1,competitive,0.327787,0.317961,0.045837,0.125867
0.3,0.0,0.3,0.2,antifragile,0.361514,0.393137,-0.144141,0.044747
0.3,0.0,0.3,0.3,competitive,0.42696,0.425011,-0.084772,-0.137792
0.3,0.0,0.3,0.4,antifragile,0.454769,0.607325,-0.091892,-0.265651
0.3,0.0,0.3,0.5,antifragile,0.626181,0.684028,-0.169001,-0.16775
0.3,0.0,0.3,0.6,competitive,0.817488,0.667164,-0.202166,-0.337404
0.3,0.0,0.3,0.7,competitive,0.805538,0.757286,-0.275301,-0.432046
0.3,0.0,0.3,0.8,competitive,0.999161,0.977211,-0.249318,-0.447481
0.3,0.0,0.3,0.9,competitive,1.081669,1.05015,-0.322419,-0.592074
0.3,0.0,0.3,1.0,competitive,1.299855,0.998476,-0.448665,-0.635865
0.3,0.0,0.4,0.0,unification,0.001751,0.058151,0.077269,0.27378
0.3,0.0,0.4,0.1,antifragile,0.169617,0.285621,0.171978,0.155549
0.3,0.0,0.4,0.2,antifragile,0.166644,0.248219,0.114443,0.170861
0.3,0.0,0.4,0.3,antifragile,0.34901,0.426481,0.007161,0.008943
0.3,0.0,0.4,0.4,antifragile,0.480659,0.500693,-0.090016,0.008714
0.3,0.0,0.4,0.5,antifragile,0.543711,0.616374,-0.076249,-0.060431
0.3,0.0,0.4,0.6,competitive,0.686008,0.655815,-0.0939,-0.172266
0.3,0.0,0.4,0.7,antifragile,0.810567,0.846794,-0.180799,-0.241603
0.3,0.0,0.4,0.8,antifragile,0.808759,0.884001,-0.203733,-0.287608
0.3,0.0,0.4,0.9,antifragile,0.997183,1.015399,-0.318089,-0.462588
0.3,0.0,0.4,1.0,antifragile,1.072682,1.203776,-0.30334,-0.526336
0.3,0.0,0.5,0.0,unification,-0.068671,0.015526,0.188698,0.465238
0.3,0.0,0.5,0.1,unification,0.039286,0.074979,0.14665,0.411041
0.3,0.0,0.5,0.2,antifragile,0.174411,0.345902,0.085718,0.339046
0.3,0.0,0.5,0.3,antifragile,0.25278,0.459611,0.095165,0.087626
0.3,0.0,0.5,0.4,antifragile,0.407463,0.452824,0.036189,0.032345
0.3,0.0,0.5,0.5,competitive,0.55611,0.543945,0.093752,-0.001562
0.3,0.0,0.5,0.6,antifragile,0.538613,0.730976,-0.028667,-0.068179
0.3,0.0,0.5,0.7,antifragile,0.630919,0.737119,-0.043565,-0.214959
0.3,0.0,0.5,0.8,antifragile,0.778046,0.833978,-0.101678,-0.161022
0.3,0.0,0.5,0.9,antifragile,0.900002,0.915475,-0.007681,-0.341659
0.3,0.0,0.5,1.0,antifragile,1.015467,1.027108,-0.198838,-0.401112
0.3,0.0,0.6,0.0,unification,-0.11896,0.080199,0.353855,0.622201
0.3,0.0,0.6,0.1,unification,-0.044572,0.173816,0.315437,0.42944
0.3,0.0,0.6,0.2,unification,0.179911,0.224371,0.202452,0.339405
0.3,0.0,0.6,0.3,antifragile,0.105892,0.393702,0.29351,0.286638
0.3,0.0,0.6,0.4,antifragile,0.292366,0.451008,0.190012,0.340936
0.3,0.0,0.6,0.5,antifragile,0.461049,0.523067,0.126438,0.176403
0.3,0.0,0.6,0.6,antifragile,0.493995,0.575203,0.020061,0.117408
0.3,0.0,0.6,0.7,antifragile,0.667565,0.714622,0.033053,0.034863
0.3,0.0,0.6,0.8,antifragile,0.629787,0.797682,0.080894,-0.095035
0.3,0.0,0.6,0.9,antifragile,0.768539,0.920864,-0.008928,-0.322327
0.3,0.0,0.6,1.0,antifragile,0.943814,0.991379,-0.1821,-0.275904
0.3,0.0,0.7,0.0,unification,-0.261824,0.023795,0.367587,0.643933
0.3,0.0,0.7,0.1,unification,-0.21774,0.085466,0.387963,0.621654
0.3,0.0,0.7,0.2,unification,-0.038459,0.163012,0.286304,0.561858
0.3,0.0,0.7,0.3,unification,0.100239,0.28614,0.13443,0.406258
0.3,0.0,0.7,0.4,unification,0.160865,0.359645,0.204341,0.395828
0.3,0.0,0.7,0.5,antifragile,0.293135,0.549485,0.109581,0.254747
0.3,0.0,0.7,0.6,antifragile,0.308049,0.573671,0.092717,0.249063
0.3,0.0,0.7,0.7,antifragile,0.535486,0.740741,0.083533,0.049014
0.3,0.0,0.7,0.8,antifragile,0.572422,0.798272,0.155508,0.035619
0.3,0.0,0.7,0.9,antifragile,0.716262,0.870561,0.023435,0.031332
0.3,0.0,0.7,1.0,antifragile,0.90668,0.987998,-0.009513,-0.140032
0.3,0.0,0.8,0.0,unification,-0.320286,-0.03066,0.427796,0.871611
0.3,0.0,0.8,0.1,unification,-0.233901,0.132436,0.512308,0.761031
0.3,0.0,0.8,0.2,unification,-0.107073,0.340012,0.400351,0.595473
0.3,0.0,0.8,0.3,unification,-0.029061,0.352584,0.285292,0.527377
0.3,0.0,0.8,0.4,unification,0.150321,0.356419,0.304488,0.533669
0.3,0.0,0.8,0.5,unification,0.169159,0.39157,0.200556,0.424089
0.3,0.0,0.8,0.6,antifragile,0.327957,0.525372,0.17206,0.296471
0.3,0.0,0.8,0.7,antifragile,0.480826,0.613209,0.156866,0.165474
0.3,0.0,0.8,0.8,antifragile,0.516629,0.766904,0.255758,0.150889
0.3,0.0,0.8,0.9,antifragile,0.642316,0.888147,0.144811,0.026117
0.3,0.0,0.8,1.0,antifragile,0.870103,0.938781,0.081819,-0.002433
0.3,0.0,0.9,0.0,unification,-0.417706,0.03127,0.525505,0.984169
0.3,0.0,0.9,0.1,unification,-0.316772,0.099136,0.504251,0.842479
0.3,0.0,0.9,0.2,unification,-0.178396,0.1629,0.433985,0.842281
0.3,0.0,0.9,0.3,unification,-0.068375,0.23629,0.411588,0.708207
0.3,0.0,0.9,0.4,unification,0.038024,0.255296,0.413784,0.637628
0.3,0.0,0.9,0.5,unification,-0.002622,0.439809,0.38973,0.549044
0.3,0.0,0.9,0.6,antifragile,0.265122,0.508622,0.263005,0.345013
0.3,0.0,0.9,0.7,antifragile,0.389611,0.655153,0.333424,0.313743
0.3,0.0,0.9,0.8,antifragile,0.485192,0.639866,0.191525,0.271299
0.3,0.0,0.9,0.9,antifragile,0.58816,0.893951,0.182997,0.136713
0.3,0.0,0.9,1.0,antifragile,0.619143,0.870608,0.266051,0.132844
0.3,0.0,1.0,0.0,unification,-0.469373,-0.091949,0.639918,1.104963
0.3,0.0,1.0,0.1,unification,-0.44029,0.000435,0.566265,0.962625
0.3,0.0,1.0,0.2,unification,-0.302551,0.068914,0.574299,0.914229
0.3,0.0,1.0,0.3,unification,-0.203962,0.163627,0.525248,0.789755
0.3,0.0,1.0,0.4,unification,-0.08267,0.354906,0.417353,0.838674
0.3,0.0,1.0,0.5,unification,0.021374,0.415592,0.402362,0.702111
0.3,0.0,1.0,0.6,unification,0.128719,0.470294,0.371224,0.546575
0.3,0.0,1.0,0.7,antifragile,0.265917,0.593641,0.358007,0.439429
0.3,0.0,1.0,0.8,antifragile,0.316541,0.656956,0.343014,0.423113
0.3,0.0,1.0,0.9,antifragile,0.504852,0.774927,0.299178,0.296577
0.3,0.0,1.0,1.0,antifragile,0.487885,0.859204,0.221234,0.168048
0.3,0.1,0.0,0.0,antifragile,0.27163,0.321755,-0.151662,-0.095539
0.3,0.1,0.0,0.1,competitive,0.487395,0.329865,-0.144159,-0.203315
0.3,0.1,0.0,0.2,antifragile,0.482418,0.495113,-0.224379,-0.201303
0.3,0.1,0.0,0.3,competitive,0.697558,0.642084,-0.163769,-0.383987
0.3,0.1,0.0,0.4,competitive,0.727846,0.718371,-0.21144,-0.312332
0.3,0.1,0.0,0.5,competitive,0.903452,0.834824,-0.16332,-0.480185
0.3,0.1,0.0,0.6,competitive,0.945547,0.893868,-0.380753,-0.566618
0.3,0.1,0.0,0.7,competitive,0.983657,0.953524,-0.380767,-0.607518
0.3,0.1,0.0,0.8,competitive,1.235555,1.026819,-0.311198,-0.732581
0.3,0.1,0.0,0.9,competitive,1.302002,1.089115,-0.486003,-0.772509
0.3,0.1,0.0,1.0,competitive,1.408489,1.270391,-0.483641,-0.98216
0.3,0.1,0.1,0.0,antifragile,0.20517,0.350417,0.044335,0.05874
0.3,0.1,0.1,0.1,competitive,0.398183,0.312045,-0.098585,0.073181
0.3,0.1,0.1,0.2,competitive,0.458899,0.455556,-0.092766,-0.145332
0.3,0.1,0.1,0.3,antifragile,0.55383,0.574869,-0.129006,-0.247988
0.3,0.1,0.1,0.4,competitive,0.663238,0.633524,-0.219299,-0.211663
0.3,0.1,0.1,0.5,competitive,0.868486,0.852131,-0.177494,-0.373279
0.3,0.1,0.1,0.6,antifragile,0.866482,0.87028,-0.271012,-0.379059
0.3,0.1,0.1,0.7,antifragile,0.878214,0.930214,-0.249946,-0.572258
0.3,0.1,0.1,0.8,competitive,1.077993,1.069682,-0.254087,-0.679697
0.3,0.1,0.1,0.9,competitive,1.131596,1.087698,-0.446877,-0.773319
0.3,0.1,0.1,1.0,antifragile,1.261367,1.291675,-0.425604,-0.783431
0.3,0.1,0.2,0.0,antifragile,0.072227,0.276677,0.168788,0.145619
0.3,0.1,0.2,0.1,antifragile,0.316237,0.358221,0.035843,0.125006
0.3,0.1,0.2,0.2,antifragile,0.359526,0.527855,0.021011,0.047055
0.3,0.1,0.2,0.3,antifragile,0.428925,0.571954,-0.092842,-0.05955
0.3,0.1,0.2,0.4,competitive,0.704164,0.499791,-0.073343,-0.136419
0.3,0.1,0.2,0.5,antifragile,0.658596,0.709774,-0.12043,-0.2476
0.3,0.1,0.2,0.6,competitive,0.791099,0.790619,-0.06388,-0.332601
0.3,0.1,0.2,0.7,competitive,0.918481,0.876548,-0.158343,-0.368327
0.3,0.1,0.2,0.8,competitive,1.020963,0.953633,-0.28262,-0.405691
0.3,0.1,0.2,0.9,antifragile,1.071826,1.132045,-0.332234,-0.524581
0.3,0.1,0.2,1.0,competitive,1.18568,1.146841,-0.360617,-0.68769
0.3,0.1,0.3,0.0,unification,0.050234,0.213469,0.105242,0.313603
0.3,0.1,0.3,0.1,antifragile,0.082825,0.337178,0.161345,0.228803
0.3,0.1,0.3,0.2,antifragile,0.263583,0.487606,0.07212,0.097787
0.3,0.1,0.3,0.3,antifragile,0.38896,0.438367,0.029472,0.03005
0.3,0.1,0.3,0.4,antifragile,0.434909,0.577496,0.044995,0.030283
0.3,0.1,0.3,0.5,antifragile,0.62631,0.701818,-0.052886,-0.227891
0.3,0.1,0.3,0.6,competitive,0.708383,0.666033,-0.176168,-0.203083
0.3,0.1,0.3,0.7,antifragile,0.813229,0.852446,-0.043223,-0.256895
0.3,0.1,0.3,0.8,antifragile,0.89753,1.039315,-0.081744,-0.339372
0.3,0.1,0.3,0.9,antifragile,0.981237,1.037486,-0.272337,-0.452121
0.3,0.1,0.3,1.0,antifragile,1.077498,1.143546,-0.22697,-0.634185
0.3,0.1,0.4,0.0,unification,-0.123187,0.149658,0.242374,0.415305
0.3,0.1,0.4,0.1,unification,0.036474,0.234691,0.13253,0.328262
0.3,0.1,0.4,0.2,antifragile,0.149342,0.34948,0.17059,0.290945
0.3,0.1,0.4,0.3,antifragile,0.304086,0.428322,0.04621,0.24858
0.3,0.1,0.4,0.4,antifragile,0.399272,0.507267,0.098885,0.1534
0.3,0.1,0.4,0.5,antifragile,0.576459,0.662531,0.097984,-0.04548
0.3,0.1,0.4,0.6,antifragile,0.598205,0.728249,0.022128,0.01056
0.3,0.1,0.4,0.7,antifragile,0.722494,0.793115,-0.098172,-0.072711
0.3,0.1,0.4,0.8,antifragile,0.84569,0.957404,-0.092187,-0.226607
0.3,0.1,0.4,0.9,antifragile,0.880652,1.04936,-0.173744,-0.342964
0.3,0.1,0.4,1.0,competitive,1.007855,0.962132,-0.172338,-0.454943
0.3,0.1,0.5,0.0,unification,-0.160519,0.140086,0.418397,0.580235
0.3,0.1,0.5,0.1,unification,-0.023294,0.259781,0.33359,0.502714
0.3,0.1,0.5,0.2,unification,0.084086,0.365562,0.128668,0.499453
0.3,0.1,0.5,0.3,antifragile,0.259486,0.435857,0.13935,0.370518
0.3,0.1,0.5,0.4,antifragile,0.255306,0.546692,0.105855,0.33632
0.3,0.1,0.5,0.5,antifragile,0.327889,0.618449,0.023891,0.137939
0.3,0.1,0.5,0.6,antifragile,0.488736,0.766859,0.068731,0.111931
0.3,0.1,0.5,0.7,antifragile,0.568794,0.790902,0.036904,-0.005221
0.3,0.1,0.5,0.8,antifragile,0.748419,0.936111,0.023342,-0.081934
0.3,0.1,0.5,0.9,antifragile,0.795107,1.01444,0.05041,-0.284
0.3,0.1,0.5,1.0,antifragile,0.97445,1.123839,0.003059,-0.248698
0.3,0.1,0.6,0.0,unification,-0.234984,0.126504,0.378248,0.670602
0.3,0.1,0.6,0.1,unification,-0.196785,0.274351,0.397508,0.559194
0.3,0.1,0.6,0.2,unification,-0.006432,0.352967,0.38464,0.473618
0.3,0.1,0.6,0.3,unification,-0.066692,0.409769,0.250657,0.466116
0.3,0.1,0.6,0.4,antifragile,0.247514,0.540682,0.342237,0.411818
0.3,0.1,0.6,0.5,antifragile,0.397477,0.648953,0.288311,0.262957
0.3,0.1,0.6,0.6,antifragile,0.355534,0.799114,0.178148,0.241435
0.3,0.1,0.6,0.7,antifragile,0.502486,0.818196,0.012752,0.074478
0.3,0.1,0.6,0.8,antifragile,0.635079,0.88813,0.148601,-0.044707
0.3,0.1,0.6,0.9,antifragile,0.782998,1.021333,0.172296,-0.039669
0.3,0.1,0.6,1.0,antifragile,0.837025,0.991412,0.10646,-0.123133
0.3,0.1,0.7,0.0,unification,-0.331099,-0.010991,0.453441,0.846566
0.3,0.1,0.7,0.1,unification,-0.202308,0.067683,0.491631,0.651578
0.3,0.1,0.7,0.2,unification,-0.0423,0.270428,0.396829,0.694508
0.3,0.1,0.7,0.3,unification,0.017675,0.421246,0.384024,0.566941
0.3,0.1,0.7,0.4,antifragile,0.095737,0.463148,0.424898,0.449862
0.3,0.1,0.7,0.5,antifragile,0.252398,0.500978,0.196663,0.400373
0.3,0.1,0.7,0.6,antifragile,0.34852,0.634497,0.185201,0.320215
0.3,0.1,0.7,0.7,antifragile,0.453316,0.690561,0.152325,0.207381
0.3,0.1,0.7,0.8,antifragile,0.582646,0.850833,0.135958,0.141846
0.3,0.1,0.7,0.9,antifragile,0.704356,0.866367,0.143158,0.116982
0.3,0.1,0.7,1.0,antifragile,0.706253,1.077776,0.180959,-0.04611
0.3,0.1,0.8,0.0,unification,-0.43715,0.086655,0.575693,0.822344
0.3,0.1,0.8,0.1,unification,-0.31494,0.15352,0.582004,0.810969
0.3,0.1,0.8,0.2,unification,-0.21349,0.273845,0.502,0.693563
0.3,0.1,0.8,0.3,unification,-0.028118,0.309294,0.519561,0.615227
0.3,0.1,0.8,0.4,unification,0.013951,0.440487,0.420643,0.54085
0.3,0.1,0.8,0.5,antifragile,0.01066,0.586163,0.397402,0.57334
0.3,0.1,0.8,0.6,antifragile,0.286433,0.634842,0.328933,0.454488
0.3,0.1,0.8,0.7,antifragile,0.421627,0.704151,0.400085,0.270029
0.3,0.1,0.8,0.8,antifragile,0.379655,0.844404,0.224063,0.362167
0.3,0.1,0.8,0.9,antifragile,0.636867,0.969379,0.269222,0.128921
0.3,0.1,0.8,1.0,antifragile,0.597033,1.059765,0.110022,0.169244
0.3,0.1,0.9,0.0,unification,-0.476519,-0.003813,0.692102,1.088265
0.3,0.1,0.9,0.1,unification,-0.410121,0.166284,0.69957,0.987783
0.3,0.1,0.9,0.2,unification,-0.32,0.255298,0.488872,0.917195
0.3,0.1,0.9,0.3,unification,-0.143021,0.243582,0.598689,0.808681
0.3,0.1,0.9,0.4,unification,-0.097285,0.428161,0.455716,0.76846
0.3,0.1,0.9,0.5,unification,-0.059117,0.489285,0.472192,0.613015
0.3,0.1,0.9,0.6,unification,0.169481,0.566021,0.482735,0.583008
0.3,0.1,0.9,0.7,antifragile,0.282635,0.679593,0.366392,0.45491
0.3,0.1,0.9,0.8,antifragile,0.382411,0.751332,0.405573,0.389673
0.3,0.1,0.9,0.9,antifragile,0.498798,0.784866,0.357162,0.270941
0.3,0.1,0.9,1.0,antifragile,0.537867,1.032309,0.304881,0.263855
0.3,0.1,1.0,0.0,unification,-0.577275,-0.039658,0.74102,1.228956
0.3,0.1,1.0,0.1,unification,-0.433374,0.056591,0.818627,1.095134
0.3,0.1,1.0,0.2,unification,-0.4497,0.068924,0.590611,0.999309
0.3,0.1,1.0,0.3,unification,-0.281601,0.28413,0.63357,0.977169
0.3,0.1,1.0,0.4,unification,-0.157755,0.345676,0.566124,0.921129
0.3,0.1,1.0,0.5,unification,-0.126574,0.455066,0.545917,0.804088
0.3,0.1,1.0,0.6,unification,0.058959,0.535432,0.501668,0.749663
0.3,0.1,1.0,0.7,antifragile,0.17012,0.728483,0.488612,0.596088
0.3,0.1,1.0,0.8,antifragile,0.272734,0.753212,0.40558,0.517287
0.3,0.1,1.0,0.9,antifragile,0.390407,0.836262,0.412502,0.4451
0.3,0.1,1.0,1.0,antifragile,0.504745,0.993447,0.376128,0.470299
0.3,0.2,0.0,0.0,antifragile,0.227493,0.407946,-0.016302,0.130039
0.3,0.2,0.0,0.1,antifragile,0.299786,0.477794,-0.033221,-0.0024
0.3,0.2,0.0,0.2,antifragile,0.43326,0.510537,-0.07358,-0.032921
0.3,0.2,0.0,0.3,antifragile,0.578364,0.580557,-0.045231,-0.239576
0.3,0.2,0.0,0.4,antifragile,0.702168,0.767658,-0.109184,-0.187341
0.3,0.2,0.0,0.5,antifragile,0.733568,0.86554,-0.117021,-0.397167
0.3,0.2,0.0,0.6,antifragile,0.847712,0.915641,-0.203763,-0.520524
0.3,0.2,0.0,0.7,competitive,1.02257,0.954581,-0.195333,-0.509312
0.3,0.2,0.0,0.8,competitive,1.200657,1.153439,-0.315238,-0.659934
0.3,0.2,0.0,0.9,competitive,1.226945,1.213487,-0.280693,-0.751431
0.3,0.2,0.0,1.0,competitive,1.426045,1.373739,-0.390176,-0.700109
0.3,0.2,0.1,0.0,antifragile,0.095844,0.335279,0.041176,0.277328
0.3,0.2,0.1,0.1,antifragile,0.162631,0.347978,0.033264,0.166116
0.3,0.2,0.1,0.2,antifragile,0.402742,0.521103,0.075946,0.009229
0.3,0.2,0.1,0.3,antifragile,0.486121,0.692586,-0.027331,-0.108319
0.3,0.2,0.1,0.4,antifragile,0.598519,0.742014,-0.049478,-0.104831
0.3,0.2,0.1,0.5,antifragile,0.674937,0.806377,-0.076271,-0.225632
0.3,0.2,0.1,0.6,antifragile,0.875664,0.913478,-0.150195,-0.298601
0.3,0.2,0.1,0.7,antifragile,0.955443,1.028712,-0.13906,-0.484903
0.3,0.2,0.1,0.8,antifragile,0.890374,1.148763,-0.193057,-0.496079
0.3,0.2,0.1,0.9,antifragile,1.159716,1.276365,-0.184323,-0.531889
0.3,0.2,0.1,1.0,antifragile,1.190664,1.23716,-0.41432,-0.633324
0.3,0.2,0.2,0.0,antifragile,0.100431,0.349509,0.223772,0.302297
0.3,0.2,0.2,0.1,antifragile,0.126786,0.343732,0.141829,0.176109
0.3,0.2,0.2,0.2,antifragile,0.352798,0.414881,0.100147,0.043189
0.3,0.2,0.2,0.3,antifragile,0.389828,0.574881,0.05216,0.008361
0.3,0.2,0.2,0.4,antifragile,0.485123,0.642777,0.023157,0.067872
0.3,0.2,0.2,0.5,antifragile,0.603609,0.791643,-0.033223,-0.154222
0.3,0.2,0.2,0.6,antifragile,0.703852,0.985196,-0.064371,-0.181928
0.3,0.2,0.2,0.7,antifragile,0.77358,0.817236,-0.129492,-0.165965
0.3,0.2,0.2,0.8,antifragile,0.95477,1.132046,-0.147386,-0.487842
0.3,0.2,0.2,0.9,antifragile,0.979565,1.164851,-0.158119,-0.455521
0.3,0.2,0.2,1.0,antifragile,1.118488,1.286986,-0.235067,-0.524609
0.3,0.2,0.3,0.0,unification,-0.035234,0.236575,0.230935,0.413633
0.3,0.2,0.3,0.1,antifragile,0.158681,0.405622,0.286019,0.310677
0.3,0.2,0.3,0.2,antifragile,0.103116,0.499825,0.240238,0.271862
0.3,0.2,0.3,0.3,antifragile,0.266473,0.466803,0.19837,0.239307
0.3,0.2,0.3,0.4,antifragile,0.361045,0.59687,0.177053,0.062907
0.3,0.2,0.3,0.5,antifragile,0.593953,0.724547,0.055672,0.012255
0.3,0.2,0.3,0.6,antifragile,0.595668,0.881311,0.079291,-0.020595
0.3,0.2,0.3,0.7,antifragile,0.734226,0.897182,-0.005453,-0.181285
0.3,0.2,0.3,0.8,antifragile,0.90833,1.065114,-0.049576,-0.291324
0.3,0.2,0.3,0.9,antifragile,1.022042,1.116834,-0.091508,-0.252517
0.3,0.2,0.3,1.0,antifragile,1.029503,1.189054,-0.136538,-0.480828
0.3,0.2,0.4,0.0,unification,-0.119213,0.181883,0.331464,0.524778
0.3,0.2,0.4,0.1,unification,-0.054354,0.273054,0.332361,0.46722
0.3,0.2,0.4,0.2,antifragile,0.0874,0.527689,0.272222,0.420247
0.3,0.2,0.4,0.3,antifragile,0.230937,0.501857,0.25369,0.306035
0.3,0.2,0.4,0.4,antifragile,0.315128,0.570674,0.175289,0.220846
0.3,0.2,0.4,0.5,antifragile,0.316405,0.769804,0.268043,0.143518
0.3,0.2,0.4,0.6,antifragile,0.558273,0.844053,0.053767,0.096414
0.3,0.2,0.4,0.7,antifragile,0.613678,0.999536,0.070587,0.010409
0.3,0.2,0.4,0.8,antifragile,0.736079,1.089835,0.014382,-0.061746
0.3,0.2,0.4,0.9,antifragile,0.886334,1.095215,0.01145,-0.238351
0.3,0.2,0.4,1.0,antifragile,0.835697,1.22372,-0.064442,-0.23152
0.3,0.2,0.5,0.0,unification,-0.207415,0.245013,0.485095,0.561765
0.3,0.2,0.5,0.1,unification,-0.084255,0.262816,0.463251,0.62956
0.3,0.2,0.5,0.2,unification,0.025148,0.361388,0.31937,0.493356
0.3,0.2,0.5,0.3,antifragile,0.015005,0.440483,0.251792,0.358113
0.3,0.2,0.5,0.4,antifragile,0.220824,0.591702,0.28341,0.32006
0.3,0.2,0.5,0.5,antifragile,0.27763,0.64414,0.203889,0.256858
0.3,0.2,0.5,0.6,antifragile,0.358923,0.790066,0.176648,0.193813
0.3,0.2,0.5,0.7,antifragile,0.589361,0.866394,0.204956,-0.013332
0.3,0.2,0.5,0.8,antifragile,0.630357,1.000154,0.150461,0.097423
0.3,0.2,0.5,0.9,antifragile,0.850219,1.05498,0.072401,-0.127922
0.3,0.2,0.5,1.0,antifragile,0.85121,1.114588,0.015338,-0.210917
0.3,0.2,0.6,0.0,unification,-0.294921,0.234832,0.576663,0.793879
0.3,0.2,0.6,0.1,unification,-0.154299,0.262333,0.487965,0.719844
0.3,0.2,0.6,0.2,unification,-0.104997,0.372553,0.456984,0.603579
0.3,0.2,0.6,0.3,unification,-0.023843,0.450295,0.431433,0.539343
0.3,0.2,0.6,0.4,antifragile,0.0684,0.592548,0.42193,0.370631
0.3,0.2,0.6,0.5,antifragile,0.301979,0.614551,0.339499,0.441911
0.3,0.2,0.6,0.6,antifragile,0.427627,0.770143,0.302052,0.231218
0.3,0.2,0.6,0.7,antifragile,0.353688,0.858908,0.317102,0.174268
0.3,0.2,0.6,0.8,antifragile,0.551511,0.882137,0.180805,0.183748
0.3,0.2,0.6,0.9,antifragile,0.685919,0.993541,0.302876,-0.026721
0.3,0.2,0.6,1.0,antifragile,0.812396,1.047551,0.122128,-0.032568
0.3,0.2,0.7,0.0,unification,-0.36277,0.101941,0.596653,0.921046
0.3,0.2,0.7,0.1,unification,-0.348998,0.241615,0.589067,0.871758
0.3,0.2,0.7,0.2,unification,-0.188477,0.295356,0.59378,0.816089
0.3,0.2,0.7,0.3,unification,-0.00426,0.41863,0.562633,0.659196
0.3,0.2,0.7,0.4,unification,0.024957,0.554755,0.497171,0.580477
0.3,0.2,0.7,0.5,unification,0.092687,0.579802,0.380757,0.596225
0.3,0.2,0.7,0.6,antifragile,0.293002,0.646704,0.32275,0.386084
0.3,0.2,0.7,0.7,antifragile,0.337059,0.771665,0.390727,0.291674
0.3,0.2,0.7,0.8,antifragile,0.589477,0.827835,0.224548,0.339415
0.3,0.2,0.7,0.9,antifragile,0.651063,0.960883,0.274067,0.190328
0.3,0.2,0.7,1.0,antifragile,0.701836,1.000176,0.090902,0.042764
0.3,0.2,0.8,0.0,unification,-0.404192,0.172771,0.686908,1.012102
0.3,0.2,0.8,0.1,unification,-0.371094,0.196949,0.690036,0.848649
0.3,0.2,0.8,0.2,unification,-0.117112,0.326624,0.610107,0.854076
0.3,0.2,0.8,0.3,unification,-0.115635,0.38977,0.584607,0.827917
0.3,0.2,0.8,0.4,unification,-0.060636,0.480093,0.576318,0.737166
0.3,0.2,0.8,0.5,antifragile,0.069546,0.624643,0.420145,0.595106
0.3,0.2,0.8,0.6,unification,0.166328,0.613507,0.440198,0.614387
0.3,0.2,0.8,0.7,antifragile,0.267551,0.653539,0.398833,0.467906
0.3,0.2,0.8,0.8,antifragile,0.386984,0.867802,0.403719,0.373059
0.3,0.2,0.8,0.9,antifragile,0.435348,0.912943,0.308861,0.280745
0.3,0.2,0.8,1.0,antifragile,0.639558,1.050205,0.3412,0.190796
0.3,0.2,0.9,0.0,unification,-0.509582,0.078642,0.790612,1.215167
0.3,0.2,0.9,0.1,unification,-0.508788,0.034562,0.714665,1.137373
0.3,0.2,0.9,0.2,unification,-0.360989,0.228158,0.662608,0.917209
0.3,0.2,0.9,0.3,unification,-0.183758,0.319605,0.643523,0.896418
0.3,0.2,0.9,0.4,unification,-0.082274,0.469068,0.576638,0.903227
0.3,0.2,0.9,0.5,unification,-0.042254,0.489473,0.570319,0.720835
0.3,0.2,0.9,0.6,unification,0.008956,0.653807,0.533965,0.70586
0.3,0.2,0.9,0.7,antifragile,0.199361,0.737427,0.402701,0.546662
0.3,0.2,0.9,0.8,antifragile,0.323468,0.741258,0.483653,0.435465
0.3,0.2,0.9,0.9,antifragile,0.405822,0.9805,0.46373,0.327463
0.3,0.2,0.9,1.0,antifragile,0.557419,1.086112,0.524851,0.358754
0.3,0.2,1.0,0.0,unification,-0.743221,0.031734,0.949802,1.300646
0.3,0.2,1.0,0.1,unification,-0.512845,0.06302,0.848618,1.100521
0.3,0.2,1.0,0.2,unification,-0.502517,0.199694,0.771832,1.074969
0.3,0.2,1.0,0.3,unification,-0.369983,0.311483,0.745689,1.058047
0.3,0.2,1.0,0.4,unification,-0.198402,0.372842,0.777959,0.920536
0.3,0.2,1.0,0.5,unification,-0.0286,0.540652,0.6522,0.870534
0.3,0.2,1.0,0.6,unification,-0.004663,0.609934,0.684727,0.73297
0.3,0.2,1.0,0.7,unification,0.116872,0.569174,0.581135,0.787696
0.3,0.2,1.0,0.8,unification,0.13412,0.690038,0.56104,0.699371
0.3,0.2,1.0,0.9,antifragile,0.33127,0.769769,0.425844,0.549887
0.3,0.2,1.0,1.0,antifragile,0.366038,0.966834,0.4798,0.435512
0.3,0.3,0.0,0.0,antifragile,0.240738,0.434523,0.19558,0.226029
0.3,0.3,0.0,0.1,antifragile,0.252496,0.490278,0.080119,0.129055
0.3,0.3,0.0,0.2,antifragile,0.337482,0.681252,0.017707,0.020724
0.3,0.3,0.0,0.3,antifragile,0.468546,0.66746,0.123617,-0.096953
0.3,0.3,0.0,0.4,antifragile,0.574764,0.751793,-0.022948,-0.165065
0.3,0.3,0.0,0.5,antifragile,0.644037,0.858782,-0.034516,-0.193651
0.3,0.3,0.0,0.6,antifragile,0.8112,0.97795,-0.12305,-0.355122
0.3,0.3,0.0,0.7,antifragile,0.874021,0.992168,-0.180122,-0.369797
0.3,0.3,0.0,0.8,antifragile,1.008779,1.147699,-0.203274,-0.437765
0.3,0.3,0.0,0.9,antifragile,1.093581,1.273853,-0.228423,-0.581604
0.3,0.3,0.0,1.0,antifragile,1.262218,1.357858,-0.225349,-0.671463
0.3,0.3,0.1,0.0,antifragile,0.147219,0.372224,0.134827,0.336916
0.3,0.3,0.1,0.1,antifragile,0.189605,0.466627,0.167021,0.114269
0.3,0.3,0.1,0.2,antifragile,0.182658,0.642376,0.110725,0.183281
0.3,0.3,0.1,0.3,antifragile,0.309848,0.602657,0.133932,0.044875
0.3,0.3,0.1,0.4,antifragile,0.526883,0.749318,0.049616,-0.069002
0.3,0.3,0.1,0.5,antifragile,0.5503,0.915135,0.098365,-0.171935
0.3,0.3,0.1,0.6,antifragile,0.664796,0.922611,-0.002978,-0.214091
0.3,0.3,0.1,0.7,antifragile,0.854976,1.032538,-0.065732,-0.169346
0.3,0.3,0.1,0.8,antifragile,0.91374,1.211997,-0.027657,-0.349795
0.3,0.3,0.1,0.9,antifragile,0.953693,1.226553,-0.165735,-0.458995
0.3,0.3,0.1,1.0,antifragile,1.106852,1.357813,-0.130751,-0.486499
0.3,0.3,0.2,0.0,unification,-0.049109,0.282029,0.322584,0.517804
0.3,0.3,0.2,0.1,antifragile,0.083469,0.452615,0.253254,0.319826
0.3,0.3,0.2,0.2,antifragile,0.222914,0.519697,0.245176,0.285375
0.3,0.3,0.2,0.3,antifragile,0.317376,0.647893,0.14235,0.129299
0.3,0.3,0.2,0.4,antifragile,0.407869,0.714072,0.118884,0.10205
0.3,0.3,0.2,0.5,antifragile,0.565411,0.869376,0.175613,-0.06074
0.3,0.3,0.2,0.6,antifragile,0.57185,0.890518,0.069014,-0.091921
0.3,0.3,0.2,0.7,antifragile,0.712368,0.984779,0.049166,-0.231481
0.3,0.3,0.2,0.8,antifragile,0.967168,1.09605,0.037542,-0.279
0.3,0.3,0.2,0.9,antifragile,0.988717,1.195005,-0.01216,-0.344932
0.3,0.3,0.2,1.0,antifragile,1.147578,1.210397,-0.047531,-0.414064
0.3,0.3,0.3,0.0,recursive,-0.170916,0.397603,0.482435,0.451306
0.3,0.3,0.3,0.1,unification,-0.001161,0.430283,0.372085,0.545776
0.3,0.3,0.3,0.2,antifragile,0.165382,0.503259,0.423855,0.431842
0.3,0.3,0.3,0.3,antifragile,0.192429,0.557383,0.332167,0.260352
0.3,0.3,0.3,0.4,antifragile,0.299513,0.668021,0.247783,0.205327
0.3,0.3,0.3,0.5,antifragile,0.364151,0.833104,0.16978,0.230997
0.3,0.3,0.3,0.6,antifragile,0.5552,0.93336,0.181543,0.110753
0.3,0.3,0.3,0.7,antifragile,0.678517,0.976758,0.164662,0.084299
0.3,0.3,0.3,0.8,antifragile,0.74651,1.099746,0.069738,-0.099697
0.3,0.3,0.3,0.9,antifragile,0.872108,1.047113,0.019991,-0.160022
0.3,0.3,0.3,1.0,antifragile,0.94174,1.296047,-0.00082,-0.304575
0.3,0.3,0.4,0.0,unification,-0.164709,0.299052,0.496027,0.730795
0.3,0.3,0.4,0.1,unification,-0.089845,0.277767,0.416094,0.50478
0.3,0.3,0.4,0.2,unification,0.042868,0.49981,0.442085,0.534455
0.3,0.3,0.4,0.3,antifragile,0.168396,0.47117,0.349622,0.354254
0.3,0.3,0.4,0.4,antifragile,0.212084,0.725813,0.369662,0.373114
0.3,0.3,0.4,0.5,antifragile,0.330919,0.69032,0.284351,0.310534
0.3,0.3,0.4,0.6,antifragile,0.470494,0.755715,0.240231,0.074334
0.3,0.3,0.4,0.7,antifragile,0.600209,0.89535,0.133844,0.125897
0.3,0.3,0.4,0.8,antifragile,0.697969,1.03662,0.264585,0.03175
0.3,0.3,0.4,0.9,antifragile,0.747752,1.14596,0.100696,-0.021662
0.3,0.3,0.4,1.0,antifragile,0.904049,1.233996,0.002882,-0.166932
0.3,0.3,0.5,0.0,unification,-0.302813,0.178789,0.548925,0.826788
0.3,0.3,0.5,0.1,unification,-0.190217,0.254395,0.506339,0.696599
0.3,0.3,0.5,0.2,unification,-0.070324,0.424277,0.459419,0.612467
0.3,0.3,0.5,0.3,unification,0.033361,0.563149,0.453932,0.621153
0.3,0.3,0.5,0.4,antifragile,0.19666,0.684834,0.468431,0.543147
0.3,0.3,0.5,0.5,antifragile,0.192343,0.737371,0.420916,0.449951
0.3,0.3,0.5,0.6,antifragile,0.321464,0.832869,0.32376,0.387353
0.3,0.3,0.5,0.7,antifragile,0.400635,0.856536,0.189468,0.217231
0.3,0.3,0.5,0.8,antifragile,0.693192,0.987783,0.245052,0.152512
0.3,0.3,0.5,0.9,antifragile,0.684185,1.103301,0.219611,-0.002278
0.3,0.3,0.5,1.0,antifragile,0.795298,1.217097,0.206429,0.019925
0.3,0.3,0.6,0.0,unification,-0.373228,0.212789,0.682509,0.900261
0.3,0.3,0.6,0.1,unification,-0.311789,0.28376,0.541249,0.865345
0.3,0.3,0.6,0.2,unification,-0.117546,0.349498,0.586757,0.728543
0.3,0.3,0.6,0.3,unification,-0.110829,0.582778,0.474888,0.611034
0.3,0.3,0.6,0.4,unification,0.060736,0.588426,0.518362,0.690061
0.3,0.3,0.6,0.5,antifragile,0.121144,0.641078,0.52544,0.551956
0.3,0.3,0.6,0.6,antifragile,0.310004,0.735507,0.461294,0.460159
0.3,0.3,0.6,0.7,antifragile,0.389477,0.830754,0.370335,0.417424
0.3,0.3,0.6,0.8,antifragile,0.435302,0.91501,0.29361,0.229459
0.3,0.3,0.6,0.9,antifragile,0.599213,1.097929,0.308071,0.168042
0.3,0.3,0.6,1.0,antifragile,0.72385,1.1762,0.160915,0.133579
0.3,0.3,0.7,0.0,unification,-0.521321,0.137824,0.747022,1.05123
0.3,0.3,0.7,0.1,unification,-0.345653,0.262091,0.675533,1.046438
0.3,0.3,0.7,0.2,unification,-0.224597,0.365106,0.684626,0.849734
0.3,0.3,0.7,0.3,unification,-0.041261,0.390618,0.615658,0.785679
0.3,0.3,0.7,0.4,unification,-0.056221,0.517287,0.531414,0.774417
0.3,0.3,0.7,0.5,antifragile,0.009765,0.684178,0.562427,0.610955
0.3,0.3,0.7,0.6,antifragile,0.20663,0.722105,0.43495,0.490478
0.3,0.3,0.7,0.7,antifragile,0.322772,0.855179,0.462101,0.440424
0.3,0.3,0.7,0.8,antifragile,0.390478,0.903722,0.322653,0.378063
0.3,0.3,0.7,0.9,antifragile,0.536123,1.01838,0.458457,0.239772
0.3,0.3,0.7,1.0,antifragile,0.586945,1.116651,0.342188,0.10994
0.3,0.3,0.8,0.0,unification,-0.539865,0.137416,0.70903,1.174165
0.3,0.3,0.8,0.1,unification,-0.500427,0.197334,0.708095,1.115809
0.3,0.3,0.8,0.2,unification,-0.261911,0.328251,0.627031,1.02428
0.3,0.3,0.8,0.3,unification,-0.249732,0.354949,0.712681,0.968988
0.3,0.3,0.8,0.4,unification,-0.163425,0.422813,0.554416,0.806716
0.3,0.3,0.8,0.5,unification,-0.027775,0.5742,0.580836,0.783395
0.3,0.3,0.8,0.6,antifragile,0.113141,0.70498,0.615824,0.637185
0.3,0.3,0.8,0.7,antifragile,0.145272,0.763883,0.505435,0.482436
0.3,0.3,0.8,0.8,antifragile,0.282722,0.940243,0.535043,0.526259
0.3,0.3,0.8,0.9,antifragile,0.426581,1.052445,0.401992,0.366759
0.3,0.3,0.8,1.0,antifragile,0.586215,1.07638,0.381441,0.357596
0.3,0.3,0.9,0.0,unification,-0.681923,0.048124,0.856732,1.321077
0.3,0.3,0.9,0.1,unification,-0.539709,0.260837,0.845496,1.204643
0.3,0.3,0.9,0.2,unification,-0.368018,0.329282,0.827245,1.056949
0.3,0.3,0.9,0.3,unification,-0.370593,0.322295,0.781823,1.024583
0.3,0.3,0.9,0.4,unification,-0.139855,0.391428,0.681933,0.977231
0.3,0.3,0.9,0.5,unification,-0.083928,0.435643,0.613229,0.86682
0.3,0.3,0.9,0.6,unification,0.067802,0.754388,0.639275,0.786468
0.3,0.3,0.9,0.7,antifragile,0.068157,0.78666,0.696426,0.772801
0.3,0.3,0.9,0.8,antifragile,0.21855,0.808073,0.58041,0.694039
0.3,0.3,0.9,0.9,antifragile,0.309974,0.854229,0.522,0.526049
0.3,0.3,0.9,1.0,antifragile,0.348935,1.051602,0.5253,0.547995
0.3,0.3,1.0,0.0,unification,-0.816619,0.091526,1.033342,1.455981
0.3,0.3,1.0,0.1,unification,-0.69034,0.096754,0.94986,1.349509
0.3,0.3,1.0,0.2,unification,-0.557972,0.309582,0.884962,1.165315
0.3,0.3,1.0,0.3,unification,-0.431203,0.364014,0.882098,1.191711
0.3,0.3,1.0,0.4,unification,-0.235301,0.37926,0.803815,1.167253
0.3,0.3,1.0,0.5,unification,-0.298367,0.527315,0.846446,1.065701
0.3,0.3,1.0,0.6,unification,-0.056994,0.659272,0.692949,0.988659
0.3,0.3,1.0,0.7,unification,-0.040003,0.662979,0.724394,0.810349
0.3,0.3,1.0,0.8,antifragile,0.140335,0.836538,0.753905,0.771686
0.3,0.3,1.0,0.9,antifragile,0.209073,0.943824,0.583412,0.710658
0.3,0.3,1.0,1.0,antifragile,0.353231,1.025027,0.495967,0.467463
0.3,0.4,0.0,0.0,antifragile,-7.1e-05,0.537289,0.192592,0.336615
0.3,0.4,0.0,0.1,antifragile,0.152905,0.532998,0.207764,0.297189
0.3,0.4,0.0,0.2,antifragile,0.324225,0.659252,0.234835,0.09834
0.3,0.4,0.0,0.3,antifragile,0.458417,0.780065,0.174495,0.037249
0.3,0.4,0.0,0.4,antifragile,0.493134,0.786509,0.049641,-0.085851
0.3,0.4,0.0,0.5,antifragile,0.643342,0.913583,0.07157,-0.100606
0.3,0.4,0.0,0.6,antifragile,0.682012,0.965512,-0.001433,-0.248756
0.3,0.4,0.0,0.7,antifragile,0.800979,1.199784,-0.106668,-0.193847
0.3,0.4,0.0,0.8,antifragile,0.969444,1.259312,-0.026583,-0.349152
0.3,0.4,0.0,0.9,antifragile,1.148092,1.250879,-0.117819,-0.507642
0.3,0.4,0.0,1.0,antifragile,1.090196,1.366938,-0.056373,-0.558673
0.3,0.4,0.1,0.0,unification,0.084176,0.519291,0.484757,0.520275
0.3,0.4,0.1,0.1,antifragile,0.212907,0.526258,0.306416,0.354742
0.3,0.4,0.1,0.2,antifragile,0.205003,0.612483,0.292609,0.231709
0.3,0.4,0.1,0.3,antifragile,0.246119,0.718181,0.18036,0.140536
0.3,0.4,0.1,0.4,antifragile,0.417862,0.776393,0.230502,0.076663
0.3,0.4,0.1,0.5,antifragile,0.593022,0.900301,0.130574,0.007911
0.3,0.4,0.1,0.6,antifragile,0.580419,1.001904,0.137459,-0.035457
0.3,0.4,0.1,0.7,antifragile,0.687391,1.004051,0.028159,-0.100767
0.3,0.4,0.1,0.8,antifragile,0.876049,1.136265,-0.057647,-0.289199
0.3,0.4,0.1,0.9,antifragile,0.937422,1.316781,0.025627,-0.392495
0.3,0.4,0.1,1.0,antifragile,1.122658,1.397538,-0.123984,-0.429191
0.3,0.4,0.2,0.0,unification,-0.087959,0.388162,0.334473,0.556559
0.3,0.4,0.2,0.1,antifragile,0.036813,0.55398,0.34656,0.437727
0.3,0.4,0.2,0.2,antifragile,0.104557,0.584561,0.344851,0.410215
0.3,0.4,0.2,0.3,antifragile,0.168741,0.684843,0.262889,0.287833
0.3,0.4,0.2,0.4,antifragile,0.420401,0.690088,0.246027,0.146268
0.3,0.4,0.2,0.5,antifragile,0.452653,0.907412,0.228483,0.119164
0.3,0.4,0.2,0.6,antifragile,0.62142,0.966525,0.220978,0.075763
0.3,0.4,0.2,0.7,antifragile,0.521188,1.041167,0.086096,-0.086466
0.3,0.4,0.2,0.8,antifragile,0.848729,1.12126,0.194628,-0.200384
0.3,0.4,0.2,0.9,antifragile,0.830816,1.273118,0.042931,-0.199634
0.3,0.4,0.2,1.0,antifragile,0.989385,1.322871,0.004788,-0.291025
0.3,0.4,0.3,0.0,unification,-0.162918,0.425721,0.494874,0.655318
0.3,0.4,0.3,0.1,antifragile,-0.111123,0.513489,0.499516,0.495048
0.3,0.4,0.3,0.2,unification,-0.072156,0.493497,0.436507,0.503326
0.3,0.4,0.3,0.3,antifragile,0.160739,0.621228,0.454871,0.458606
0.3,0.4,0.3,0.4,antifragile,0.248879,0.782267,0.262555,0.330746
0.3,0.4,0.3,0.5,antifragile,0.361876,0.850102,0.219242,0.23698
0.3,0.4,0.3,0.6,antifragile,0.485023,0.938858,0.324306,0.203075
0.3,0.4,0.3,0.7,antifragile,0.571958,1.043749,0.214932,0.087339
0.3,0.4,0.3,0.8,antifragile,0.72474,1.102735,0.203099,0.043065
0.3,0.4,0.3,0.9,antifragile,0.830608,1.261674,0.261422,-0.054854
0.3,0.4,0.3,1.0,antifragile,0.881935,1.320591,0.128441,-0.144324
0.3,0.4,0.4,0.0,unification,-0.210249,0.225794,0.665692,0.892521
0.3,0.4,0.4,0.1,unification,-0.146596,0.434607,0.537918,0.715316
0.3,0.4,0.4,0.2,unification,-0.030102,0.531678,0.546035,0.661333
0.3,0.4,0.4,0.3,antifragile,0.089919,0.634332,0.418783,0.586613
0.3,0.4,0.4,0.4,antifragile,0.247929,0.688669,0.504974,0.414135
0.3,0.4,0.4,0.5,antifragile,0.263512,0.752942,0.458961,0.457024
0.3,0.4,0.4,0.6,antifragile,0.37004,0.938553,0.432531,0.288354
0.3,0.4,0.4,0.7,antifragile,0.491488,1.011681,0.267873,0.210505
0.3,0.4,0.4,0.8,antifragile,0.702139,1.044999,0.312691,0.14619
0.3,0.4,0.4,0.9,antifragile,0.696812,1.176083,0.317631,0.06268
0.3,0.4,0.4,1.0,antifragile,0.850491,1.340043,0.175529,-0.102346
0.3,0.4,0.5,0.0,unification,-0.286583,0.281826,0.71968,0.886884
0.3,0.4,0.5,0.1,unification,-0.245574,0.315153,0.638187,0.807604
0.3,0.4,0.5,0.2,unification,-0.198883,0.449844,0.48033,0.697005
0.3,0.4,0.5,0.3,unification,-0.005879,0.577383,0.501291,0.697394
0.3,0.4,0.5,0.4,antifragile,0.021089,0.691098,0.509218,0.568744
0.3,0.4,0.5,0.5,antifragile,0.170447,0.877976,0.43706,0.511328
0.3,0.4,0.5,0.6,antifragile,0.324068,0.796879,0.355287,0.384945
0.3,0.4,0.5,0.7,antifragile,0.432973,0.9229,0.383445,0.375538
0.3,0.4,0.5,0.8,antifragile,0.464683,1.030562,0.279308,0.261036
0.3,0.4,0.5,0.9,antifragile,0.626475,1.169777,0.257737,0.150406
0.3,0.4,0.5,1.0,antifragile,0.661076,1.212695,0.349089,0.058962
0.3,0.4,0.6,0.0,unification,-0.533296,0.206006,0.679452,0.985211
0.3,0.4,0.6,0.1,unification,-0.321451,0.262686,0.735616,0.966287
0.3,0.4,0.6,0.2,unification,-0.271576,0.441367,0.633117,0.922042
0.3,0.4,0.6,0.3,unification,-0.169917,0.505682,0.614732,0.829474
0.3,0.4,0.6,0.4,unification,0.002222,0.488915,0.612712,0.62277
0.3,0.4,0.6,0.5,antifragile,0.067934,0.709591,0.542397,0.650041
0.3,0.4,0.6,0.6,antifragile,0.231004,0.771327,0.47951,0.538202
0.3,0.4,0.6,0.7,antifragile,0.227813,0.881151,0.547404,0.379685
0.3,0.4,0.6,0.8,antifragile,0.397994,0.970385,0.540263,0.343107
0.3,0.4,0.6,0.9,antifragile,0.501009,1.043462,0.400466,0.298508
0.3,0.4,0.6,1.0,antifragile,0.590709,1.239436,0.373553,0.242595
0.3,0.4,0.7,0.0,unification,-0.571407,0.217159,0.834345,1.247884
0.3,0.4,0.7,0.1,unification,-0.439187,0.300438,0.782088,1.064202
0.3,0.4,0.7,0.2,unification,-0.323114,0.435979,0.730772,1.011329
0.3,0.4,0.7,0.3,unification,-0.215792,0.507918,0.639625,0.873763
0.3,0.4,0.7,0.4,unification,-0.183292,0.586644,0.639951,0.810188
0.3,0.4,0.7,0.5,unification,-0.064714,0.659838,0.588795,0.787895
0.3,0.4,0.7,0.6,antifragile,0.128961,0.782511,0.589903,0.563116
0.3,0.4,0.7,0.7,antifragile,0.19209,0.831927,0.577364,0.610985
0.3,0.4,0.7,0.8,antifragile,0.341232,1.028152,0.496584,0.464511
0.3,0.4,0.7,0.9,antifragile,0.486894,1.068311,0.47265,0.502326
0.3,0.4,0.7,1.0,antifragile,0.573887,1.145473,0.410703,0.391326
0.3,0.4,0.8,0.0,unification,-0.63465,0.171226,0.963814,1.344004
0.3,0.4,0.8,0.1,unification,-0.507507,0.309199,0.912569,1.242745
0.3,0.4,0.8,0.2,unification,-0.461582,0.450518,0.788316,1.145469
0.3,0.4,0.8,0.3,unification,-0.381838,0.450094,0.781435,1.051788
0.3,0.4,0.8,0.4,unification,-0.187912,0.502183,0.768529,1.029684
0.3,0.4,0.8,0.5,unification,-0.160613,0.602297,0.773038,0.878878
0.3,0.4,0.8,0.6,antifragile,0.022558,0.791115,0.650297,0.764033
0.3,0.4,0.8,0.7,antifragile,0.092868,0.81759,0.716976,0.619946
0.3,0.4,0.8,0.8,antifragile,0.175289,0.861716,0.680085,0.58928
0.3,0.4,0.8,0.9,antifragile,0.328666,0.944268,0.556881,0.578326
0.3,0.4,0.8,1.0,antifragile,0.467648,1.114607,0.451756,0.433602
0.3,0.4,0.9,0.0,unification,-0.727654,0.085409,1.047745,1.469253
0.3,0.4,0.9,0.1,unification,-0.651432,0.266292,0.969513,1.397357
0.3,0.4,0.9,0.2,unification,-0.413292,0.270317,0.973474,1.320248
0.3,0.4,0.9,0.3,unification,-0.453534,0.391244,0.865681,1.163361
0.3,0.4,0.9,0.4,unification,-0.312818,0.505086,0.896899,0.990209
0.3,0.4,0.9,0.5,unification,-0.233695,0.643496,0.842639,0.947073
0.3,0.4,0.9,0.6,unification,-0.047015,0.771343,0.772549,0.864602
0.3,0.4,0.9,0.7,antifragile,0.078748,0.886152,0.690693,0.831963
0.3,0.4,0.9,0.8,antifragile,0.199508,0.900768,0.607635,0.767171
0.3,0.4,0.9,0.9,antifragile,0.20606,0.926464,0.568613,0.71952
0.3,0.4,0.9,1.0,antifragile,0.323264,1.101667,0.643948,0.583091
0.3,0.4,1.0,0.0,unification,-0.810171,0.119052,1.106905,1.511992
0.3,0.4,1.0,0.1,unification,-0.757467,0.189751,1.053692,1.486466
0.3,0.4,1.0,0.2,unification,-0.549917,0.307195,0.979456,1.270942
0.3,0.4,1.0,0.3,unification,-0.533447,0.317775,0.943481,1.307114
0.3,0.4,1.0,0.4,unification,-0.38078,0.572909,0.964154,1.305458
0.3,0.4,1.0,0.5,unification,-0.239243,0.629285,0.882055,1.071275
0.3,0.4,1.0,0.6,unification,-0.187448,0.669407,0.828592,0.989943
0.3,0.4,1.0,0.7,unification,-0.034158,0.71473,0.743325,0.898896
0.3,0.4,1.0,0.8,unification,0.043282,0.810454,0.768596,0.900022
0.3,0.4,1.0,0.9,antifragile,0.193722,0.921959,0.674803,0.756219
0.3,0.4,1.0,1.0,antifragile,0.307782,1.09446,0.717644,0.760072
0.3,0.5,0.0,0.0,antifragile,0.08646,0.470839,0.439328,0.406973
0.3,0.5,0.0,0.1,antifragile,0.160992,0.625429,0.226147,0.286689
0.3,0.5,0.0,0.2,antifragile,0.158936,0.595898,0.328966,0.353439
0.3,0.5,0.0,0.3,antifragile,0.317116,0.822708,0.319231,0.175417
0.3,0.5,0.0,0.4,antifragile,0.438734,0.862716,0.231878,0.123735
0.3,0.5,0.0,0.5,antifragile,0.57309,0.991373,0.16244,-0.084648
0.3,0.5,0.0,0.6,antifragile,0.704886,1.000769,0.155969,-0.052213
0.3,0.5,0.0,0.7,antifragile,0.712978,1.12961,0.191074,-0.178974
0.3,0.5,0.0,0.8,antifragile,0.818989,1.295044,0.006366,-0.356026
0.3,0.5,0.0,0.9,antifragile,1.015988,1.304169,0.021059,-0.385635
0.3,0.5,0.0,1.0,antifragile,1.13536,1.454175,-0.16446,-0.410899
0.3,0.5,0.1,0.0,unification,-0.104487,0.530836,0.46976,0.582808
0.3,0.5,0.1,0.1,antifragile,-0.015527,0.515497,0.408718,0.441969
0.3,0.5,0.1,0.2,antifragile,0.1969,0.642334,0.308759,0.333621
0.3,0.5,0.1,0.3,antifragile,0.288253,0.736637,0.318964,0.343009
0.3,0.5,0.1,0.4,antifragile,0.304262,0.728241,0.247357,0.217104
0.3,0.5,0.1,0.5,antifragile,0.447524,0.856979,0.300803,0.128175
0.3,0.5,0.1,0.6,antifragile,0.589451,1.050981,0.145074,0.050144
0.3,0.5,0.1,0.7,antifragile,0.725373,1.182016,0.206063,-0.024344
0.3,0.5,0.1,0.8,antifragile,0.703129,1.219253,0.082171,-0.070892
0.3,0.5,0.1,0.9,antifragile,0.956519,1.267474,0.087701,-0.207575
0.3,0.5,0.1,1.0,antifragile,1.05504,1.326219,-0.060481,-0.303093
0.3,0.5,0.2,0.0,unification,-0.306571,0.432929,0.56461,0.731804
0.3,0.5,0.2,0.1,antifragile,-0.101128,0.528059,0.527575,0.526214
0.3,0.5,0.2,0.2,antifragile,0.085767,0.628717,0.424728,0.507069
0.3,0.5,0.2,0.3,antifragile,0.143033,0.749004,0.396977,0.426355
0.3,0.5,0.2,0.4,antifragile,0.228953,0.758108,0.383577,0.285162
0.3,0.5,0.2,0.5,antifragile,0.410029,0.929612,0.296744,0.255689
0.3,0.5,0.2,0.6,antifragile,0.441515,0.914784,0.265139,0.157484
0.3,0.5,0.2,0.7,antifragile,0.61607,1.097474,0.300384,0.025942
0.3,0.5,0.2,0.8,antifragile,0.681165,1.267218,0.118446,-0.032598
0.3,0.5,0.2,0.9,antifragile,0.756425,1.27023,0.153278,-0.064892
0.3,0.5,0.2,1.0,antifragile,0.932776,1.309719,0.105592,-0.180006
0.3,0.5,0.3,0.0,unification,-0.233031,0.511648,0.65514,0.744375
0.3,0.5,0.3,0.1,unification,-0.164692,0.494049,0.55403,0.733513
0.3,0.5,0.3,0.2,unification,-0.163569,0.607657,0.516181,0.619515
0.3,0.5,0.3,0.3,antifragile,0.133286,0.611924,0.513636,0.579696
0.3,0.5,0.3,0.4,antifragile,0.178517,0.68929,0.52752,0.444432
0.3,0.5,0.3,0.5,antifragile,0.253623,0.849476,0.400893,0.310491
0.3,0.5,0.3,0.6,antifragile,0.398248,0.930138,0.413544,0.31088
0.3,0.5,0.3,0.7,antifragile,0.581283,1.044418,0.299838,0.126513
0.3,0.5,0.3,0.8,antifragile,0.719667,1.183105,0.265379,0.199658
0.3,0.5,0.3,0.9,antifragile,0.787808,1.177436,0.222326,0.023384
0.3,0.5,0.3,1.0,antifragile,0.776496,1.335171,0.255598,-0.123663
0.3,0.5,0.4,0.0,unification,-0.34535,0.413425,0.725011,0.916219
0.3,0.5,0.4,0.1,unification,-0.283405,0.491542,0.606154,0.84714
0.3,0.5,0.4,0.2,unification,-0.138724,0.601281,0.595863,0.725113
0.3,0.5,0.4,0.3,antifragile,-0.092093,0.661864,0.563809,0.621896
0.3,0.5,0.4,0.4,antifragile,0.041659,0.761855,0.489852,0.529292
0.3,0.5,0.4,0.5,antifragile,0.234818,0.821694,0.552772,0.477032
0.3,0.5,0.4,0.6,antifragile,0.299944,0.932815,0.534364,0.475294
0.3,0.5,0.4,0.7,antifragile,0.467662,0.988559,0.375659,0.36304
0.3,0.5,0.4,0.8,antifragile,0.588838,1.173141,0.385652,0.27639
0.3,0.5,0.4,0.9,antifragile,0.667269,1.217447,0.354619,0.15991
0.3,0.5,0.4,1.0,antifragile,0.700595,1.270697,0.269925,-0.009962
0.3,0.5,0.5,0.0,unification,-0.442857,0.317971,0.828098,1.108036
0.3,0.5,0.5,0.1,unification,-0.273785,0.485923,0.712146,0.888402
0.3,0.5,0.5,0.2,unification,-0.183463,0.579107,0.7878,0.89925
0.3,0.5,0.5,0.3,unification,-0.219835,0.62328,0.697772,0.852604
0.3,0.5,0.5,0.4,antifragile,0.061481,0.745482,0.600636,0.653544
0.3,0.5,0.5,0.5,antifragile,0.126698,0.755379,0.663757,0.534772
0.3,0.5,0.5,0.6,antifragile,0.238344,0.905977,0.539662,0.488744
0.3,0.5,0.5,0.7,antifragile,0.216911,0.958429,0.484306,0.505587
0.3,0.5,0.5,0.8,antifragile,0.390857,1.102639,0.405388,0.389012
0.3,0.5,0.5,0.9,antifragile,0.428115,1.279765,0.422947,0.140275
0.3,0.5,0.5,1.0,antifragile,0.614113,1.226217,0.357209,0.176768
0.3,0.5,0.6,0.0,unification,-0.573131,0.244179,0.817066,1.211089
0.3,0.5,0.6,0.1,unification,-0.369943,0.367271,0.834118,1.028683
0.3,0.5,0.6,0.2,unification,-0.316449,0.486498,0.78403,1.019804
0.3,0.5,0.6,0.3,unification,-0.194565,0.517293,0.814652,0.904618
0.3,0.5,0.6,0.4,unification,-0.016221,0.686021,0.813547,0.888763
0.3,0.5,0.6,0.5,unification,0.021359,0.723845,0.639922,0.771652
0.3,0.5,0.6,0.6,antifragile,0.127156,0.825549,0.676653,0.661939
0.3,0.5,0.6,0.7,antifragile,0.27195,0.901226,0.644974,0.60005
0.3,0.5,0.6,0.8,antifragile,0.399878,1.093872,0.550752,0.481731
0.3,0.5,0.6,0.9,antifragile,0.539152,1.125472,0.552422,0.385931
0.3,0.5,0.6,1.0,antifragile,0.466906,1.173633,0.495296,0.355057
0.3,0.5,0.7,0.0,unification,-0.609539,0.307297,0.979563,1.256238
0.3,0.5,0.7,0.1,unification,-0.490285,0.35348,0.891222,1.233626
0.3,0.5,0.7,0.2,unification,-0.406031,0.40975,0.871107,1.195678
0.3,0.5,0.7,0.3,unification,-0.230956,0.544407,0.842863,0.968348
0.3,0.5,0.7,0.4,unification,-0.104032,0.681817,0.837598,0.841263
0.3,0.5,0.7,0.5,unification,-0.077954,0.718644,0.794141,0.847448
0.3,0.5,0.7,0.6,antifragile,0.018414,0.850971,0.681321,0.756298
0.3,0.5,0.7,0.7,antifragile,0.149666,0.981924,0.720423,0.75377
0.3,0.5,0.7,0.8,antifragile,0.253166,1.084754,0.552941,0.716112
0.3,0.5,0.7,0.9,antifragile,0.467588,1.127831,0.641613,0.5281
0.3,0.5,0.7,1.0,antifragile,0.459522,1.169456,0.557549,0.472797
0.3,0.5,0.8,0.0,unification,-0.699006,0.31433,1.050014,1.345559
0.3,0.5,0.8,0.1,unification,-0.527784,0.248952,0.97703,1.348587
0.3,0.5,0.8,0.2,unification,-0.479141,0.332728,0.927676,1.175961
0.3,0.5,0.8,0.3,unification,-0.358914,0.559169,0.863908,1.214783
0.3,0.5,0.8,0.4,unification,-0.233461,0.562046,0.785871,1.026437
0.3,0.5,0.8,0.5,unification,-0.199763,0.767084,0.839085,0.944659
0.3,0.5,0.8,0.6,unification,-0.052608,0.720233,0.830717,0.861117
0.3,0.5,0.8,0.7,unification,0.008374,0.898775,0.852512,0.934889
0.3,0.5,0.8,0.8,antifragile,0.108007,0.94517,0.750777,0.798439
0.3,0.5,0.8,0.9,antifragile,0.161796,1.074367,0.660643,0.558799
0.3,0.5,0.8,1.0,antifragile,0.313142,1.136611,0.647941,0.620405
0.3,0.5,0.9,0.0,unification,-0.792283,0.227377,1.131336,1.509753
0.3,0.5,0.9,0.1,unification,-0.709187,0.309776,1.141628,1.452606
0.3,0.5,0.9,0.2,unification,-0.636456,0.386783,1.073899,1.436636
0.3,0.5,0.9,0.3,unification,-0.513938,0.43161,1.047808,1.269628
0.3,0.5,0.9,0.4,unification,-0.392484,0.622707,0.90145,1.30781
0.3,0.5,0.9,0.5,unification,-0.290632,0.698336,0.92456,1.133568
0.3,0.5,0.9,0.6,unification,-0.163139,0.792829,0.872634,1.006353
0.3,0.5,0.9,0.7,unification,0.050667,0.846469,0.816215,0.875486
0.3,0.5,0.9,0.8,recursive,0.163279,0.912404,0.913092,0.884943
0.3,0.5,0.9,0.9,antifragile,0.187144,1.043492,0.880798,0.670389
0.3,0.5,0.9,1.0,antifragile,0.300717,1.11674,0.719345,0.702466
0.3,0.5,1.0,0.0,unification,-0.913313,0.154407,1.213821,1.604322
0.3,0.5,1.0,0.1,unification,-0.770932,0.275803,1.147897,1.678395
0.3,0.5,1.0,0.2,unification,-0.613221,0.377198,1.176591,1.501505
0.3,0.5,1.0,0.3,unification,-0.512931,0.508538,1.135401,1.386486
0.3,0.5,1.0,0.4,unification,-0.461984,0.553684,1.096887,1.326126
0.3,0.5,1.0,0.5,unification,-0.37834,0.69921,0.961384,1.197933
0.3,0.5,1.0,0.6,unification,-0.306356,0.667822,1.037367,1.224042
0.3,0.5,1.0,0.7,unification,-0.133702,0.834816,0.934475,1.015401
0.3,0.5,1.0,0.8,antifragile,0.090905,0.973737,0.912721,0.947206
0.3,0.5,1.0,0.9,antifragile,0.078753,0.965379,0.859879,0.920496
0.3,0.5,1.0,1.0,antifragile,0.182944,1.022279,0.921603,0.831876
0.3,0.6,0.0,0.0,unification,-0.05217,0.51888,0.401899,0.535835
0.3,0.6,0.0,0.1,antifragile,0.018839,0.670477,0.485304,0.493251
0.3,0.6,0.0,0.2,antifragile,0.194414,0.820183,0.419493,0.424961
0.3,0.6,0.0,0.3,antifragile,0.279693,0.729998,0.352274,0.241614
0.3,0.6,0.0,0.4,antifragile,0.376572,0.880449,0.350284,0.249051
0.3,0.6,0.0,0.5,antifragile,0.535179,1.095963,0.196199,0.05505
0.3,0.6,0.0,0.6,antifragile,0.731391,1.160476,0.251222,0.031602
0.3,0.6,0.0,0.7,antifragile,0.692157,1.108313,0.161384,-0.060592
0.3,0.6,0.0,0.8,antifragile,0.769207,1.270743,0.287937,-0.152583
0.3,0.6,0.0,0.9,antifragile,0.928906,1.407127,0.149473,-0.248864
0.3,0.6,0.0,1.0,antifragile,1.087349,1.512178,0.015642,-0.315375
0.3,0.6,0.1,0.0,unification,-0.173607,0.494092,0.590465,0.696736
0.3,0.6,0.1,0.1,antifragile,-0.029167,0.616946,0.529282,0.47244
0.3,0.6,0.1,0.2,antifragile,0.093895,0.719418,0.435762,0.509029
0.3,0.6,0.1,0.3,antifragile,0.197397,0.848562,0.470515,0.42608
0.3,0.6,0.1,0.4,antifragile,0.322339,0.869673,0.4256,0.293944
0.3,0.6,0.1,0.5,antifragile,0.440515,0.899514,0.405837,0.240885
0.3,0.6,0.1,0.6,antifragile,0.543269,1.035973,0.329499,0.158032
0.3,0.6,0.1,0.7,antifragile,0.626694,1.117622,0.316811,-0.022295
0.3,0.6,0.1,0.8,antifragile,0.681608,1.186863,0.286411,0.005007
0.3,0.6,0.1,0.9,antifragile,0.847802,1.433659,0.189203,-0.069521
0.3,0.6,0.1,1.0,antifragile,0.938301,1.450688,0.230331,-0.080906
0.3,0.6,0.2,0.0,unification,-0.276573,0.511686,0.665956,0.806556
0.3,0.6,0.2,0.1,unification,-0.132641,0.548346,0.430751,0.78174
0.3,0.6,0.2,0.2,antifragile,-0.069737,0.647922,0.558985,0.58081
0.3,0.6,0.2,0.3,antifragile,0.087012,0.752784,0.494173,0.542465
0.3,0.6,0.2,0.4,antifragile,0.183348,0.896392,0.422981,0.409731
0.3,0.6,0.2,0.5,antifragile,0.331265,0.913013,0.40483,0.335485
0.3,0.6,0.2,0.6,antifragile,0.399951,1.035141,0.399502,0.228572
0.3,0.6,0.2,0.7,antifragile,0.553658,1.201311,0.274479,0.117323
0.3,0.6,0.2,0.8,antifragile,0.675143,1.30849,0.223541,0.150772
0.3,0.6,0.2,0.9,antifragile,0.816894,1.281879,0.368983,0.0161
0.3,0.6,0.2,1.0,antifragile,0.860732,1.384038,0.300051,-0.018277
0.3,0.6,0.3,0.0,unification,-0.258765,0.50703,0.734542,1.070419
0.3,0.6,0.3,0.1,unification,-0.16746,0.557026,0.645142,0.753498
0.3,0.6,0.3,0.2,unification,-0.197251,0.578317,0.723865,0.769354
0.3,0.6,0.3,0.3,antifragile,-0.045669,0.713207,0.602113,0.700003
0.3,0.6,0.3,0.4,antifragile,0.05106,0.832484,0.590004,0.532557
0.3,0.6,0.3,0.5,antifragile,0.2844,0.895221,0.485362,0.532644
0.3,0.6,0.3,0.6,antifragile,0.317725,1.025421,0.435766,0.445621
0.3,0.6,0.3,0.7,antifragile,0.533621,1.036858,0.47271,0.280735
0.3,0.6,0.3,0.8,antifragile,0.66948,1.256982,0.429105,0.173607
0.3,0.6,0.3,0.9,antifragile,0.595697,1.327314,0.306875,0.083444
0.3,0.6,0.3,1.0,antifragile,0.755442,1.391671,0.354002,0.043024
0.3,0.6,0.4,0.0,unification,-0.388993,0.356909,0.851332,1.050706
0.3,0.6,0.4,0.1,unification,-0.294968,0.5541,0.757233,0.921946
0.3,0.6,0.4,0.2,unification,-0.29942,0.48905,0.731201,0.864624
0.3,0.6,0.4,0.3,unification,-0.159304,0.641445,0.776173,0.828792
0.3,0.6,0.4,0.4,antifragile,-0.05808,0.757883,0.6803,0.668677
0.3,0.6,0.4,0.5,antifragile,0.074565,0.858088,0.674533,0.67407
0.3,0.6,0.4,0.6,antifragile,0.188228,0.993028,0.579679,0.479588
0.3,0.6,0.4,0.7,antifragile,0.320146,1.001788,0.598153,0.522624
0.3,0.6,0.4,0.8,antifragile,0.424471,1.127546,0.55273,0.420807
0.3,0.6,0.4,0.9,antifragile,0.499279,1.247598,0.457053,0.236461
0.3,0.6,0.4,1.0,antifragile,0.684299,1.315003,0.392987,0.184933
0.3,0.6,0.5,0.0,unification,-0.599453,0.262177,0.950914,1.127984
0.3,0.6,0.5,0.1,unification,-0.308257,0.558592,0.839676,1.196953
0.3,0.6,0.5,0.2,unification,-0.258121,0.522734,0.695908,1.029408
0.3,0.6,0.5,0.3,unification,-0.193435,0.671568,0.773558,0.852807
0.3,0.6,0.5,0.4,unification,-0.106351,0.780332,0.727281,0.806979
0.3,0.6,0.5,0.5,antifragile,-0.050969,0.84456,0.649403,0.785926
0.3,0.6,0.5,0.6,antifragile,0.098295,0.920215,0.773199,0.639671
0.3,0.6,0.5,0.7,antifragile,0.222971,1.059281,0.535737,0.63254
0.3,0.6,0.5,0.8,antifragile,0.404697,1.151223,0.416145,0.472029
0.3,0.6,0.5,0.9,antifragile,0.401357,1.276205,0.597628,0.4194
0.3,0.6,0.5,1.0,antifragile,0.514844,1.389715,0.491887,0.405269
0.3,0.6,0.6,0.0,unification,-0.601731,0.35534,0.966985,1.360348
0.3,0.6,0.6,0.1,unification,-0.474578,0.497145,0.958877,1.202648
0.3,0.6,0.6,0.2,unification,-0.365243,0.592127,0.960837,1.126911
0.3,0.6,0.6,0.3,unification,-0.377861,0.655519,0.798065,1.03675
0.3,0.6,0.6,0.4,unification,-0.180788,0.639112,0.848625,1.057716
0.3,0.6,0.6,0.5,unification,-0.08063,0.843294,0.907784,0.908131
0.3,0.6,0.6,0.6,antifragile,0.012758,0.911851,0.774039,0.851691
0.3,0.6,0.6,0.7,antifragile,0.215703,0.856506,0.66719,0.691499
0.3,0.6,0.6,0.8,antifragile,0.214236,0.904995,0.633719,0.609819
0.3,0.6,0.6,0.9,antifragile,0.348736,1.135153,0.632073,0.542154
0.3,0.6,0.6,1.0,antifragile,0.46157,1.348587,0.592886,0.396424
0.3,0.6,0.7,0.0,unification,-0.761227,0.284352,1.130671,1.373816
0.3,0.6,0.7,0.1,unification,-0.565206,0.394728,1.134662,1.349513
0.3,0.6,0.7,0.2,unification,-0.519911,0.521818,1.033501,1.225149
0.3,0.6,0.7,0.3,unification,-0.4332,0.606802,0.958176,1.084172
0.3,0.6,0.7,0.4,unification,-0.252274,0.64315,0.83922,1.057394
0.3,0.6,0.7,0.5,unification,-0.090854,0.830403,0.922338,1.003462
0.3,0.6,0.7,0.6,antifragile,-0.01521,0.869932,0.779747,0.859725
0.3,0.6,0.7,0.7,antifragile,0.034641,1.030068,0.848835,0.766006
0.3,0.6,0.7,0.8,antifragile,0.17767,1.03487,0.747245,0.708198
0.3,0.6,0.7,0.9,antifragile,0.355285,1.149055,0.725808,0.661213
0.3,0.6,0.7,1.0,antifragile,0.343611,1.250428,0.728116,0.638635
0.3,0.6,0.8,0.0,unification,-0.852391,0.18407,1.163107,1.595459
0.3,0.6,0.8,0.1,unification,-0.66702,0.389015,1.051988,1.426401
0.3,0.6,0.8,0.2,unification,-0.684806,0.442876,0.971789,1.436633
0.3,0.6,0.8,0.3,unification,-0.387259,0.552032,0.964371,1.303786
0.3,0.6,0.8,0.4,unification,-0.262043,0.663787,1.059249,1.175742
0.3,0.6,0.8,0.5,unification,-0.288561,0.731457,0.863665,1.228204
0.3,0.6,0.8,0.6,unification,-0.128017,0.873339,0.896925,0.952846
0.3,0.6,0.8,0.7,unification,0.046291,0.868795,0.897442,0.967154
0.3,0.6,0.8,0.8,antifragile,0.088698,0.980771,0.832518,0.812497
0.3,0.6,0.8,0.9,antifragile,0.235459,1.143577,0.79893,0.746582
0.3,0.6,0.8,1.0,antifragile,0.410366,1.144897,0.682769,0.6859
0.3,0.6,0.9,0.0,unification,-0.897902,0.279879,1.277306,1.666476
0.3,0.6,0.9,0.1,unification,-0.749983,0.344108,1.310178,1.592668
0.3,0.6,0.9,0.2,unification,-0.699054,0.424925,1.034066,1.493368
0.3,0.6,0.9,0.3,unification,-0.500351,0.540109,1.139928,1.442462
0.3,0.6,0.9,0.4,unification,-0.389837,0.676262,1.107373,1.309194
0.3,0.6,0.9,0.5,unification,-0.450676,0.748909,1.07076,1.247633
0.3,0.6,0.9,0.6,unification,-0.259403,0.843258,0.992138,1.153279
0.3,0.6,0.9,0.7,unification,-0.117799,0.912493,0.907568,1.098128
0.3,0.6,0.9,0.8,recursive,-0.041044,0.95071,0.969262,0.935249
0.3,0.6,0.9,0.9,antifragile,0.149172,1.085068,0.802586,0.968224
0.3,0.6,0.9,1.0,antifragile,0.230513,1.194706,0.895362,0.889961
0.3,0.6,1.0,0.0,unification,-0.964949,0.220864,1.348559,1.772857
0.3,0.6,1.0,0.1,unification,-0.944172,0.295746,1.358947,1.734167
0.3,0.6,1.0,0.2,unification,-0.808371,0.434876,1.234527,1.515399
0.3,0.6,1.0,0.3,unification,-0.594105,0.427731,1.299036,1.592389
0.3,0.6,1.0,0.4,unification,-0.54639,0.592968,1.291196,1.5
0.3,0.6,1.0,0.5,unification,-0.41309,0.809458,1.135879,1.394091
0.3,0.6,1.0,0.6,unification,-0.361811,0.676264,1.07561,1.28192
0.3,0.6,1.0,0.7,unification,-0.188537,0.784011,1.083034,1.153481
0.3,0.6,1.0,0.8,unification,-0.064563,0.996746,0.990225,1.061809
0.3,0.6,1.0,0.9,unification,0.092182,1.088646,0.977599,1.098421
0.3,0.6,1.0,1.0,antifragile,0.129163,1.108975,0.879915,0.93461
0.3,0.7,0.0,0.0,unification,-0.111414,0.654488,0.596176,0.720656
0.3,0.7,0.0,0.1,antifragile,-0.050713,0.64092,0.489684,0.549688
0.3,0.7,0.0,0.2,antifragile,0.006567,0.875476,0.536965,0.485219
0.3,0.7,0.0,0.3,antifragile,0.2661,0.804887,0.468143,0.504984
0.3,0.7,0.0,0.4,antifragile,0.282798,1.087341,0.47428,0.385296
0.3,0.7,0.0,0.5,antifragile,0.466745,1.06008,0.370589,0.229228
0.3,0.7,0.0,0.6,antifragile,0.460653,1.151702,0.35478,0.234462
0.3,0.7,0.0,0.7,antifragile,0.649664,1.368131,0.207023,0.004148
0.3,0.7,0.0,0.8,antifragile,0.712233,1.419625,0.269521,-0.093391
0.3,0.7,0.0,0.9,antifragile,0.827744,1.38012,0.165319,-0.005059
0.3,0.7,0.0,1.0,antifragile,0.93242,1.543658,0.190352,-0.202575
0.3,0.7,0.1,0.0,unification,-0.282033,0.534468,0.696862,0.855932
0.3,0.7,0.1,0.1,unification,-0.082628,0.584047,0.689427,0.723772
0.3,0.7,0.1,0.2,antifragile,-0.051236,0.749105,0.628614,0.617353
0.3,0.7,0.1,0.3,antifragile,0.114012,0.791852,0.659642,0.433536
0.3,0.7,0.1,0.4,antifragile,0.228893,0.948338,0.552147,0.409581
0.3,0.7,0.1,0.5,antifragile,0.36846,1.019601,0.420689,0.305259
0.3,0.7,0.1,0.6,antifragile,0.426235,1.040174,0.530025,0.327446
0.3,0.7,0.1,0.7,antifragile,0.621342,1.301071,0.382405,0.146534
0.3,0.7,0.1,0.8,antifragile,0.506111,1.289688,0.448283,0.063607
0.3,0.7,0.1,0.9,antifragile,0.739504,1.377271,0.33875,0.084304
0.3,0.7,0.1,1.0,antifragile,0.783039,1.432611,0.354331,-0.028347
0.3,0.7,0.2,0.0,unification,-0.342969,0.600354,0.696749,0.956561
0.3,0.7,0.2,0.1,unification,-0.223412,0.640327,0.605642,0.811965
0.3,0.7,0.2,0.2,unification,-0.07316,0.701833,0.747765,0.80109
0.3,0.7,0.2,0.3,antifragile,-0.047928,0.8412,0.595367,0.657701
0.3,0.7,0.2,0.4,antifragile,0.142806,0.853236,0.644346,0.544732
0.3,0.7,0.2,0.5,antifragile,0.190965,1.025333,0.523201,0.440658
0.3,0.7,0.2,0.6,antifragile,0.382058,1.090428,0.452294,0.442782
0.3,0.7,0.2,0.7,antifragile,0.41967,1.109849,0.359634,0.360171
0.3,0.7,0.2,0.8,antifragile,0.507004,1.212808,0.47697,0.27029
0.3,0.7,0.2,0.9,antifragile,0.620645,1.415632,0.507745,0.212333
0.3,0.7,0.2,1.0,antifragile,0.829553,1.480706,0.342814,0.057206
0.3,0.7,0.3,0.0,unification,-0.397963,0.417124,0.811531,0.963612
0.3,0.7,0.3,0.1,unification,-0.298241,0.579153,0.777365,0.991025
0.3,0.7,0.3,0.2,unification,-0.25223,0.635508,0.809026,0.911441
0.3,0.7,0.3,0.3,antifragile,-0.129786,0.776602,0.69106,0.770133
0.3,0.7,0.3,0.4,antifragile,0.027192,0.888018,0.705878,0.708658
0.3,0.7,0.3,0.5,antifragile,0.076075,0.974414,0.677553,0.644447
0.3,0.7,0.3,0.6,antifragile,0.204024,1.095779,0.544138,0.503459
0.3,0.7,0.3,0.7,antifragile,0.336224,1.08188,0.555464,0.451074
0.3,0.7,0.3,0.8,antifragile,0.368711,1.220266,0.44258,0.457077
0.3,0.7,0.3,0.9,antifragile,0.580625,1.341291,0.501604,0.300226
0.3,0.7,0.3,1.0,antifragile,0.728908,1.351822,0.515509,0.247291
0.3,0.7,0.4,0.0,unification,-0.513317,0.439064,0.779862,1.0978
0.3,0.7,0.4,0.1,unification,-0.374058,0.600031,0.931442,1.071214
0.3,0.7,0.4,0.2,unification,-0.193706,0.685259,0.835309,1.099106
0.3,0.7,0.4,0.3,unification,-0.234808,0.656408,0.793945,0.867068
0.3,0.7,0.4,0.4,antifragile,-0.088247,0.864905,0.773301,0.819585
0.3,0.7,0.4,0.5,antifragile,0.042941,0.804384,0.659237,0.715734
0.3,0.7,0.4,0.6,antifragile,0.107854,1.003411,0.765206,0.646278
0.3,0.7,0.4,0.7,antifragile,0.193892,1.070345,0.740529,0.641625
0.3,0.7,0.4,0.8,antifragile,0.399794,1.126876,0.63034,0.499185
0.3,0.7,0.4,0.9,antifragile,0.481277,1.271499,0.556868,0.363014
0.3,0.7,0.4,1.0,antifragile,0.532746,1.463299,0.579116,0.295754
0.3,0.7,0.5,0.0,unification,-0.582391,0.429485,1.137144,1.328628
0.3,0.7,0.5,0.1,unification,-0.448262,0.506899,0.958279,1.269136
0.3,0.7,0.5,0.2,unification,-0.347386,0.558523,0.962693,1.156869
0.3,0.7,0.5,0.3,unification,-0.374792,0.648881,0.918138,0.933777
0.3,0.7,0.5,0.4,unification,-0.248307,0.776477,0.884577,0.971889
0.3,0.7,0.5,0.5,antifragile,0.02912,0.889113,0.801367,0.794632
0.3,0.7,0.5,0.6,antifragile,0.040769,1.015376,0.817636,0.788231
0.3,0.7,0.5,0.7,antifragile,0.197356,1.138819,0.743764,0.758366
0.3,0.7,0.5,0.8,antifragile,0.243668,1.166335,0.675958,0.644635
0.3,0.7,0.5,0.9,antifragile,0.339276,1.248912,0.567016,0.549719
0.3,0.7,0.5,1.0,antifragile,0.56234,1.405535,0.660631,0.47697
0.3,0.7,0.6,0.0,unification,-0.655015,0.40572,1.138946,1.377216
0.3,0.7,0.6,0.1,unification,-0.59001,0.473512,1.048215,1.246685
0.3,0.7,0.6,0.2,unification,-0.53175,0.576499,1.070289,1.240467
0.3,0.7,0.6,0.3,unification,-0.221759,0.614012,1.007247,1.21956
0.3,0.7,0.6,0.4,unification,-0.196716,0.787753,0.998513,1.07277
0.3,0.7,0.6,0.5,unification,-0.056856,0.914158,0.862389,1.001078
0.3,0.7,0.6,0.6,antifragile,-0.107365,1.021089,0.876212,0.967439
0.3,0.7,0.6,0.7,recursive,0.074532,0.947187,0.956868,0.821554
0.3,0.7,0.6,0.8,antifragile,0.13999,1.192288,0.886793,0.719878
0.3,0.7,0.6,0.9,antifragile,0.295038,1.241902,0.689451,0.610467
0.3,0.7,0.6,1.0,antifragile,0.499096,1.31839,0.663122,0.537398
0.3,0.7,0.7,0.0,unification,-0.726359,0.241205,1.202732,1.658111
0.3,0.7,0.7,0.1,unification,-0.568447,0.46366,1.215822,1.515341
0.3,0.7,0.7,0.2,unification,-0.566293,0.57624,1.199429,1.301812
0.3,0.7,0.7,0.3,unification,-0.421167,0.643074,1.075158,1.280732
0.3,0.7,0.7,0.4,unification,-0.328417,0.735779,1.085931,1.218826
0.3,0.7,0.7,0.5,unification,-0.238894,0.773004,0.966378,1.123058
0.3,0.7,0.7,0.6,unification,-0.155304,0.957294,0.971503,1.082176
0.3,0.7,0.7,0.7,recursive,-0.041941,0.963447,0.966803,0.946498
0.3,0.7,0.7,0.8,antifragile,0.089874,1.134933,0.903072,0.792212
0.3,0.7,0.7,0.9,antifragile,0.279232,1.17448,0.915001,0.703323
0.3,0.7,0.7,1.0,antifragile,0.33587,1.280719,0.691238,0.71791
0.3,0.7,0.8,0.0,unification,-0.966197,0.290417,1.330214,1.633498
0.3,0.7,0.8,0.1,unification,-0.805187,0.440018,1.222524,1.554747
0.3,0.7,0.8,0.2,unification,-0.58625,0.436636,1.17202,1.533322
0.3,0.7,0.8,0.3,unification,-0.601597,0.678767,1.144158,1.448726
0.3,0.7,0.8,0.4,unification,-0.386378,0.677386,1.091049,1.317852
0.3,0.7,0.8,0.5,unification,-0.284366,0.730679,1.014837,1.30921
0.3,0.7,0.8,0.6,unification,-0.246743,0.892704,1.02489,1.142107
0.3,0.7,0.8,0.7,unification,-0.028481,0.965742,0.977159,1.051514
0.3,0.7,0.8,0.8,unification,-0.015173,1.031495,0.930028,1.063161
0.3,0.7,0.8,0.9,antifragile,0.155574,1.14274,0.964083,0.81564
0.3,0.7,0.8,1.0,antifragile,0.298784,1.319758,0.986817,0.860578
0.3,0.7,0.9,0.0,unification,-0.938138,0.334557,1.32871,1.765229
0.3,0.7,0.9,0.1,unification,-0.853212,0.433444,1.277206,1.651897
0.3,0.7,0.9,0.2,unification,-0.728173,0.495877,1.244846,1.648521
0.3,0.7,0.9,0.3,unification,-0.56158,0.615023,1.257665,1.52547
0.3,0.7,0.9,0.4,unification,-0.433219,0.65077,1.247018,1.542914
0.3,0.7,0.9,0.5,unification,-0.368237,0.695145,1.098049,1.345119
0.3,0.7,0.9,0.6,unification,-0.264525,0.862239,1.230354,1.296753
0.3,0.7,0.9,0.7,unification,-0.206372,0.878333,1.139022,1.189697
0.3,0.7,0.9,0.8,unification,-0.155307,1.031113,0.990213,1.083718
0.3,0.7,0.9,0.9,antifragile,0.03031,1.079741,0.975619,0.982794
0.3,0.7,0.9,1.0,antifragile,0.104136,1.169599,0.935862,0.890265
0.3,0.7,1.0,0.0,unification,-1.020671,0.24504,1.504736,2.004335
0.3,0.7,1.0,0.1,unification,-0.906134,0.352479,1.442017,1.848329
0.3,0.7,1.0,0.2,unification,-0.82749,0.423534,1.313917,1.781946
0.3,0.7,1.0,0.3,unification,-0.721565,0.592476,1.370757,1.623702
0.3,0.7,1.0,0.4,unification,-0.547665,0.486963,1.381511,1.503078
0.3,0.7,1.0,0.5,unification,-0.475244,0.731371,1.301186,1.468565
0.3,0.7,1.0,0.6,unification,-0.497276,0.788636,1.194042,1.29754
0.3,0.7,1.0,0.7,unification,-0.277731,0.846207,1.197454,1.302696
0.3,0.7,1.0,0.8,unification,-0.071945,0.982191,1.14652,1.219346
0.3,0.7,1.0,0.9,unification,-0.141163,1.079764,1.122671,1.175099
0.3,0.7,1.0,1.0,antifragile,0.035337,1.112162,1.077223,1.080974
0.3,0.8,0.0,0.0,unification,-0.182829,0.616294,0.625781,0.806688
0.3,0.8,0.0,0.1,antifragile,-0.115457,0.794584,0.671437,0.692727
0.3,0.8,0.0,0.2,antifragile,0.015863,0.790153,0.597743,0.605105
0.3,0.8,0.0,0.3,antifragile,0.05898,0.903545,0.686978,0.577132
0.3,0.8,0.0,0.4,antifragile,0.230402,1.087584,0.508755,0.564522
0.3,0.8,0.0,0.5,antifragile,0.301975,1.20519,0.60997,0.267339
0.3,0.8,0.0,0.6,antifragile,0.508355,1.185805,0.441602,0.296232
0.3,0.8,0.0,0.7,antifragile,0.494604,1.3201,0.38296,0.193854
0.3,0.8,0.0,0.8,antifragile,0.721768,1.409326,0.37201,0.127071
0.3,0.8,0.0,0.9,antifragile,0.694676,1.443057,0.328486,0.054343
0.3,0.8,0.0,1.0,antifragile,0.89529,1.606758,0.308631,-0.109405
0.3,0.8,0.1,0.0,unification,-0.240594,0.56011,0.815952,0.899395
0.3,0.8,0.1,0.1,unification,-0.17685,0.659726,0.807634,0.888914
0.3,0.8,0.1,0.2,unification,-0.045434,0.792881,0.693244,0.876106
0.3,0.8,0.1,0.3,antifragile,-0.034581,0.924061,0.691639,0.646873
0.3,0.8,0.1,0.4,antifragile,0.134258,0.949489,0.656353,0.580841
0.3,0.8,0.1,0.5,antifragile,0.368883,1.123541,0.620794,0.508778
0.3,0.8,0.1,0.6,antifragile,0.436977,1.116479,0.545863,0.299643
0.3,0.8,0.1,0.7,antifragile,0.482939,1.302409,0.46522,0.381754
0.3,0.8,0.1,0.8,antifragile,0.529056,1.337877,0.480978,0.30471
0.3,0.8,0.1,0.9,antifragile,0.63209,1.464562,0.473742,0.168424
0.3,0.8,0.1,1.0,antifragile,0.81527,1.583075,0.367264,0.139389
0.3,0.8,0.2,0.0,unification,-0.410557,0.547808,0.947381,0.998472
0.3,0.8,0.2,0.1,unification,-0.278986,0.618858,0.965962,1.060433
0.3,0.8,0.2,0.2,unification,-0.190512,0.775993,0.80026,0.84257
0.3,0.8,0.2,0.3,antifragile,-0.069018,0.84297,0.683967,0.788151
0.3,0.8,0.2,0.4,antifragile,0.032885,0.95561,0.716124,0.671983
0.3,0.8,0.2,0.5,antifragile,0.188746,1.061657,0.749802,0.629736
0.3,0.8,0.2,0.6,antifragile,0.24512,1.160838,0.540969,0.625184
0.3,0.8,0.2,0.7,antifragile,0.378719,1.334223,0.556533,0.379118
0.3,0.8,0.2,0.8,antifragile,0.493292,1.338127,0.576912,0.359291
0.3,0.8,0.2,0.9,antifragile,0.553594,1.340732,0.534158,0.20087
0.3,0.8,0.2,1.0,antifragile,0.62615,1.490968,0.501533,0.279388
0.3,0.8,0.3,0.0,unification,-0.446037,0.596661,0.997683,1.173343
0.3,0.8,0.3,0.1,unification,-0.25971,0.553857,0.904338,1.053241
0.3,0.8,0.3,0.2,unification,-0.230322,0.666061,0.923171,1.013982
0.3,0.8,0.3,0.3,recursive,-0.124333,0.849761,0.921916,0.89754
0.3,0.8,0.3,0.4,unification,-0.028492,0.868173,0.75676,0.903241
0.3,0.8,0.3,0.5,antifragile,0.014394,1.032066,0.791552,0.788749
0.3,0.8,0.3,0.6,antifragile,0.08209,1.13956,0.722098,0.615005
0.3,0.8,0.3,0.7,antifragile,0.262459,1.241839,0.721562,0.553604
0.3,0.8,0.3,0.8,antifragile,0.328045,1.231573,0.682652,0.411113
0.3,0.8,0.3,0.9,antifragile,0.489092,1.514054,0.627978,0.427112
0.3,0.8,0.3,1.0,antifragile,0.551948,1.413635,0.604791,0.290882
0.3,0.8,0.4,0.0,unification,-0.526319,0.497157,1.227818,1.256384
0.3,0.8,0.4,0.1,unification,-0.455543,0.545293,1.066604,1.222026
0.3,0.8,0.4,0.2,unification,-0.408059,0.669136,1.043592,1.177585
0.3,0.8,0.4,0.3,recursive,-0.32072,0.756702,1.02607,1.021641
0.3,0.8,0.4,0.4,antifragile,-0.130829,0.926347,0.828392,0.898015
0.3,0.8,0.4,0.5,antifragile,-0.046185,1.030231,0.905988,0.895988
0.3,0.8,0.4,0.6,antifragile,0.073042,1.121478,0.807368,0.803898
0.3,0.8,0.4,0.7,antifragile,0.235602,1.244841,0.772184,0.671869
0.3,0.8,0.4,0.8,antifragile,0.364754,1.323593,0.707831,0.549748
0.3,0.8,0.4,0.9,antifragile,0.470952,1.267914,0.61036,0.506585
0.3,0.8,0.4,1.0,antifragile,0.520122,1.387002,0.661093,0.443324
0.3,0.8,0.5,0.0,unification,-0.699019,0.556673,1.156488,1.461424
0.3,0.8,0.5,0.1,unification,-0.637811,0.476758,1.118003,1.412743
0.3,0.8,0.5,0.2,unification,-0.505497,0.652169,0.993245,1.199069
0.3,0.8,0.5,0.3,unification,-0.335344,0.715369,0.949724,1.083604
0.3,0.8,0.5,0.4,unification,-0.3293,0.858829,1.004879,1.094628
0.3,0.8,0.5,0.5,unification,-0.170459,0.980298,0.970339,0.980365
0.3,0.8,0.5,0.6,antifragile,-0.022841,0.992544,0.904608,0.975862
0.3,0.8,0.5,0.7,antifragile,0.151893,1.107189,0.881931,0.754928
0.3,0.8,0.5,0.8,antifragile,0.241503,1.173457,0.849513,0.873454
0.3,0.8,0.5,0.9,antifragile,0.286499,1.45614,0.799532,0.602519
0.3,0.8,0.5,1.0,antifragile,0.385227,1.523248,0.759649,0.526692
0.3,0.8,0.6,0.0,unification,-0.775173,0.441539,1.219564,1.547295
0.3,0.8,0.6,0.1,unification,-0.566319,0.458601,1.212232,1.441355
0.3,0.8,0.6,0.2,unification,-0.569952,0.663609,1.066929,1.241678
0.3,0.8,0.6,0.3,unification,-0.423773,0.698091,1.032358,1.189472
0.3,0.8,0.6,0.4,unification,-0.228468,0.823151,1.060982,1.299762
0.3,0.8,0.6,0.5,unification,-0.163897,0.983464,0.961002,1.04413
0.3,0.8,0.6,0.6,recursive,-0.074146,1.010725,1.042483,0.938461
0.3,0.8,0.6,0.7,antifragile,0.04018,1.134463,0.986809,0.914665
0.3,0.8,0.6,0.8,antifragile,0.140931,1.141217,0.885353,0.797853
0.3,0.8,0.6,0.9,antifragile,0.187067,1.262952,0.835453,0.72706
0.3,0.8,0.6,1.0,antifragile,0.27002,1.468055,0.794972,0.696498
0.3,0.8,0.7,0.0,unification,-0.942949,0.452882,1.313358,1.632806
0.3,0.8,0.7,0.1,unification,-0.766757,0.52347,1.117345,1.52879
0.3,0.8,0.7,0.2,unification,-0.640954,0.568469,1.350266,1.46812
0.3,0.8,0.7,0.3,unification,-0.475489,0.760583,1.218531,1.366309
0.3,0.8,0.7,0.4,unification,-0.479224,0.802271,1.227251,1.342298
0.3,0.8,0.7,0.5,unification,-0.243328,0.989597,1.146869,1.174968
0.3,0.8,0.7,0.6,unification,-0.192447,1.023511,1.052561,1.220285
0.3,0.8,0.7,0.7,unification,-0.088347,1.066717,1.007463,1.067977
0.3,0.8,0.7,0.8,antifragile,0.035622,1.064573,0.96292,0.91334
0.3,0.8,0.7,0.9,antifragile,0.114645,1.200242,0.995591,0.94117
0.3,0.8,0.7,1.0,antifragile,0.273015,1.271618,0.900093,0.73764
0.3,0.8,0.8,0.0,unification,-0.952365,0.382371,1.439605,1.803642
0.3,0.8,0.8,0.1,unification,-0.772076,0.457988,1.338322,1.738683
0.3,0.8,0.8,0.2,unification,-0.679676,0.513791,1.328949,1.595284
0.3,0.8,0.8,0.3,unification,-0.71543,0.657005,1.205274,1.541411
0.3,0.8,0.8,0.4,unification,-0.581765,0.694017,1.20832,1.500086
0.3,0.8,0.8,0.5,unification,-0.421676,0.771251,1.208217,1.344151
0.3,0.8,0.8,0.6,unification,-0.245472,0.869406,1.160543,1.393478
0.3,0.8,0.8,0.7,unification,-0.186964,1.024337,1.026948,1.142351
0.3,0.8,0.8,0.8,unification,-0.042014,1.093505,1.100722,1.121247
0.3,0.8,0.8,0.9,antifragile,-0.020901,1.255765,0.967866,0.976754
0.3,0.8,0.8,1.0,antifragile,0.166474,1.378351,0.939806,0.937384
0.3,0.8,0.9,0.0,unification,-1.027199,0.347868,1.534202,1.884796
0.3,0.8,0.9,0.1,unification,-0.874408,0.476516,1.524198,1.845096
0.3,0.8,0.9,0.2,unification,-0.807128,0.481271,1.322051,1.721102
0.3,0.8,0.9,0.3,unification,-0.699383,0.594525,1.384886,1.577291
0.3,0.8,0.9,0.4,unification,-0.604099,0.794738,1.36478,1.59581
0.3,0.8,0.9,0.5,unification,-0.465466,0.771728,1.187296,1.502856
0.3,0.8,0.9,0.6,unification,-0.497421,0.868722,1.234817,1.37264
0.3,0.8,0.9,0.7,unification,-0.156431,1.071217,1.246641,1.263734
0.3,0.8,0.9,0.8,unification,-0.058929,1.105948,1.107901,1.226636
0.3,0.8,0.9,0.9,unification,0.002929,1.140056,1.122027,1.155824
0.3,0.8,0.9,1.0,antifragile,0.009957,1.251495,1.023727,1.098433
0.3,0.8,1.0,0.0,unification,-1.170403,0.29459,1.490492,1.973328
0.3,0.8,1.0,0.1,unification,-1.074094,0.360521,1.529019,1.963238
0.3,0.8,1.0,0.2,unification,-0.993612,0.461568,1.442471,1.886709
0.3,0.8,1.0,0.3,unification,-0.808382,0.560958,1.402753,1.861232
0.3,0.8,1.0,0.4,unification,-0.749179,0.640013,1.40538,1.677432
0.3,0.8,1.0,0.5,unification,-0.613197,0.664416,1.325425,1.557031
0.3,0.8,1.0,0.6,unification,-0.381039,0.963235,1.31746,1.449762
0.3,0.8,1.0,0.7,unification,-0.318098,0.895946,1.252541,1.403558
0.3,0.8,1.0,0.8,unification,-0.270025,1.022264,1.174325,1.314899
0.3,0.8,1.0,0.9,recursive,-0.084003,1.133322,1.206266,1.153388
0.3,0.8,1.0,1.0,recursive,0.022389,1.195724,1.216198,1.187714
0.3,0.9,0.0,0.0,unification,-0.328103,0.591111,0.933742,0.940162
0.3,0.9,0.0,0.1,unification,-0.146846,0.860941,0.796204,0.88262
0.3,0.9,0.0,0.2,antifragile,-0.103929,0.901879,0.713495,0.704807
0.3,0.9,0.0,0.3,antifragile,0.03485,0.89663,0.721471,0.629402
0.3,0.9,0.0,0.4,antifragile,0.040622,1.032117,0.647747,0.602642
0.3,0.9,0.0,0.5,antifragile,0.26426,1.222374,0.651005,0.447302
0.3,0.9,0.0,0.6,antifragile,0.357082,1.227598,0.609399,0.392991
0.3,0.9,0.0,0.7,antifragile,0.438572,1.34043,0.568059,0.254679
0.3,0.9,0.0,0.8,antifragile,0.59585,1.356066,0.560279,0.246359
0.3,0.9,0.0,0.9,antifragile,0.771464,1.47417,0.521673,0.181789
0.3,0.9,0.0,1.0,antifragile,0.790888,1.606168,0.370743,-0.01729
0.3,0.9,0.1,0.0,recursive,-0.427562,0.577211,0.989786,0.949897
0.3,0.9,0.1,0.1,unification,-0.272555,0.756785,0.887875,0.962264
0.3,0.9,0.1,0.2,unification,-0.12268,0.807704,0.834378,0.840322
0.3,0.9,0.1,0.3,antifragile,0.005126,1.029993,0.730303,0.668445
0.3,0.9,0.1,0.4,antifragile,0.078457,1.073519,0.847849,0.721895
0.3,0.9,0.1,0.5,antifragile,0.229789,1.198003,0.783239,0.644058
0.3,0.9,0.1,0.6,antifragile,0.20589,1.209582,0.685002,0.51001
0.3,0.9,0.1,0.7,antifragile,0.378095,1.383361,0.592158,0.469953
0.3,0.9,0.1,0.8,antifragile,0.505822,1.357123,0.53617,0.259934
0.3,0.9,0.1,0.9,antifragile,0.624279,1.491838,0.508711,0.166195
0.3,0.9,0.1,1.0,antifragile,0.731636,1.581314,0.474315,0.126798
0.3,0.9,0.2,0.0,unification,-0.491929,0.6285,0.978501,1.090574
0.3,0.9,0.2,0.1,unification,-0.372906,0.752277,0.957013,1.068421
0.3,0.9,0.2,0.2,unification,-0.276283,0.750517,0.868855,0.896907
0.3,0.9,0.2,0.3,antifragile,-0.090939,0.913123,0.879124,0.909779
0.3,0.9,0.2,0.4,antifragile,-0.023024,0.948273,0.818737,0.78629
0.3,0.9,0.2,0.5,antifragile,0.195571,1.13101,0.803394,0.793299
0.3,0.9,0.2,0.6,antifragile,0.241984,1.105974,0.743857,0.639184
0.3,0.9,0.2,0.7,antifragile,0.320576,1.2588,0.710073,0.531933
0.3,0.9,0.2,0.8,antifragile,0.452447,1.292833,0.653632,0.377816
0.3,0.9,0.2,0.9,antifragile,0.458518,1.475859,0.651808,0.36934
0.3,0.9,0.2,1.0,antifragile,0.676199,1.622702,0.591539,0.312522
0.3,0.9,0.3,0.0,unification,-0.592627,0.601344,1.020297,1.364792
0.3,0.9,0.3,0.1,unification,-0.403001,0.605054,1.000549,1.211062
0.3,0.9,0.3,0.2,unification,-0.366913,0.78723,0.98203,1.181241
0.3,0.9,0.3,0.3,recursive,-0.239585,0.976028,0.990134,0.95253
0.3,0.9,0.3,0.4,antifragile,-0.025675,1.004934,0.939007,0.967332
0.3,0.9,0.3,0.5,antifragile,-0.079452,0.954781,0.877913,0.918939
0.3,0.9,0.3,0.6,antifragile,0.109785,1.225459,0.906061,0.76603
0.3,0.9,0.3,0.7,antifragile,0.259188,1.31113,0.795991,0.669311
0.3,0.9,0.3,0.8,antifragile,0.317023,1.209405,0.774022,0.631022
0.3,0.9,0.3,0.9,antifragile,0.427226,1.442234,0.717826,0.410149
0.3,0.9,0.3,1.0,antifragile,0.61313,1.501609,0.649111,0.492899
0.3,0.9,0.4,0.0,unification,-0.611065,0.548653,1.203468,1.342251
0.3,0.9,0.4,0.1,unification,-0.554045,0.694739,1.091143,1.265083
0.3,0.9,0.4,0.2,unification,-0.43607,0.730103,1.117379,1.161092
0.3,0.9,0.4,0.3,unification,-0.457469,0.866062,0.990851,1.1145
0.3,0.9,0.4,0.4,unification,-0.329162,0.966146,1.022517,1.07551
0.3,0.9,0.4,0.5,unification,-0.094827,0.906992,0.915742,0.952414
0.3,0.9,0.4,0.6,antifragile,-0.037437,1.091424,0.93731,0.940322
0.3,0.9,0.4,0.7,antifragile,0.03599,1.199558,0.920577,0.758796
0.3,0.9,0.4,0.8,antifragile,0.210358,1.318328,0.84556,0.75371
0.3,0.9,0.4,0.9,antifragile,0.334735,1.374407,0.746365,0.647358
0.3,0.9,0.4,1.0,antifragile,0.444999,1.435358,0.794103,0.613396
0.3,0.9,0.5,0.0,unification,-0.783005,0.463618,1.211793,1.441067
0.3,0.9,0.5,0.1,unification,-0.539776,0.572556,1.167077,1.383661
0.3,0.9,0.5,0.2,unification,-0.549398,0.65524,1.241904,1.292563
0.3,0.9,0.5,0.3,unification,-0.496927,0.812589,1.12464,1.258853
0.3,0.9,0.5,0.4,unification,-0.282018,0.886836,1.087659,1.114718
0.3,0.9,0.5,0.5,unification,-0.283405,0.939979,0.995782,1.11346
0.3,0.9,0.5,0.6,antifragile,-0.179936,1.047642,1.001346,1.013017
0.3,0.9,0.5,0.7,antifragile,0.039948,1.148673,0.936625,0.992224
0.3,0.9,0.5,0.8,antifragile,0.113998,1.330957,0.913744,0.844187
0.3,0.9,0.5,0.9,antifragile,0.233063,1.366561,0.869008,0.764807
0.3,0.9,0.5,1.0,antifragile,0.426541,1.502443,0.902787,0.607903
0.3,0.9,0.6,0.0,unification,-0.899006,0.475888,1.373537,1.624043
0.3,0.9,0.6,0.1,unification,-0.764879,0.629692,1.329294,1.617899
0.3,0.9,0.6,0.2,unification,-0.642073,0.628999,1.302445,1.466864
0.3,0.9,0.6,0.3,unification,-0.540543,0.70434,1.189435,1.438754
0.3,0.9,0.6,0.4,unification,-0.475483,0.876453,1.139589,1.299485
0.3,0.9,0.6,0.5,unification,-0.297312,0.928963,1.120644,1.202782
0.3,0.9,0.6,0.6,unification,-0.208571,1.100989,1.096252,1.133703
0.3,0.9,0.6,0.7,antifragile,-0.102233,1.109603,1.022941,1.093267
0.3,0.9,0.6,0.8,antifragile,0.00232,1.112688,1.017915,0.95603
0.3,0.9,0.6,0.9,antifragile,0.120711,1.365578,0.838324,0.963812
0.3,0.9,0.6,1.0,antifragile,0.312734,1.383597,0.912461,0.825219
0.3,0.9,0.7,0.0,unification,-0.903439,0.398306,1.339161,1.880685
0.3,0.9,0.7,0.1,unification,-0.772194,0.532843,1.388789,1.721066
0.3,0.9,0.7,0.2,unification,-0.672947,0.515682,1.322456,1.582259
0.3,0.9,0.7,0.3,unification,-0.608072,0.75354,1.210496,1.452543
0.3,0.9,0.7,0.4,unification,-0.524087,0.817717,1.301606,1.516566
0.3,0.9,0.7,0.5,unification,-0.394318,0.946524,1.255508,1.377083
0.3,0.9,0.7,0.6,unification,-0.271214,0.980023,1.12673,1.20842
0.3,0.9,0.7,0.7,unification,-0.142646,1.092279,1.119225,1.21324
0.3,0.9,0.7,0.8,antifragile,-0.060024,1.144341,1.086675,1.136031
0.3,0.9,0.7,0.9,antifragile,0.008824,1.295464,1.057229,0.97196
0.3,0.9,0.7,1.0,antifragile,0.155332,1.301416,1.025482,0.856763
0.3,0.9,0.8,0.0,unification,-0.966378,0.390401,1.476409,1.958028
0.3,0.9,0.8,0.1,unification,-0.961592,0.452616,1.373538,1.880475
0.3,0.9,0.8,0.2,unification,-0.706357,0.50132,1.384211,1.733491
0.3,0.9,0.8,0.3,unification,-0.715785,0.678434,1.37912,1.665378
0.3,0.9,0.8,0.4,unification,-0.628048,0.784633,1.289194,1.539407
0.3,0.9,0.8,0.5,unification,-0.556838,0.849773,1.276363,1.522179
0.3,0.9,0.8,0.6,unification,-0.362963,0.971125,1.263877,1.283545
0.3,0.9,0.8,0.7,unification,-0.349847,1.044066,1.238928,1.293257
0.3,0.9,0.8,0.8,unification,-0.183203,1.142984,1.168646,1.25895
0.3,0.9,0.8,0.9,antifragile,0.006151,1.222329,1.142504,1.14881
0.3,0.9,0.8,1.0,antifragile,0.101232,1.42763,1.103593,1.108437
0.3,0.9,0.9,0.0,unification,-1.168004,0.328116,1.483209,2.032565
0.3,0.9,0.9,0.1,unification,-0.967624,0.327231,1.559414,1.970211
0.3,0.9,0.9,0.2,unification,-0.862638,0.490207,1.548656,1.855465
0.3,0.9,0.9,0.3,unification,-0.750448,0.638707,1.489052,1.825462
0.3,0.9,0.9,0.4,unification,-0.680201,0.754205,1.492488,1.678338
0.3,0.9,0.9,0.5,unification,-0.61627,0.868802,1.461744,1.664439
0.3,0.9,0.9,0.6,unification,-0.414251,0.812792,1.318208,1.48577
0.3,0.9,0.9,0.7,unification,-0.337757,1.109413,1.255973,1.54211
0.3,0.9,0.9,0.8,unification,-0.249116,1.081655,1.31226,1.391215
0.3,0.9,0.9,0.9,recursive,-0.087503,1.176527,1.255101,1.208322
0.3,0.9,0.9,1.0,antifragile,-0.049862,1.305256,1.149002,1.227637
0.3,0.9,1.0,0.0,unification,-1.228908,0.313977,1.63099,2.20188
0.3,0.9,1.0,0.1,unification,-1.123306,0.477101,1.688427,2.042703
0.3,0.9,1.0,0.2,unification,-0.978517,0.491315,1.622286,1.970276
0.3,0.9,1.0,0.3,unification,-0.890874,0.612309,1.475889,1.891208
0.3,0.9,1.0,0.4,unification,-0.727519,0.711903,1.562583,1.791135
0.3,0.9,1.0,0.5,unification,-0.672965,0.744134,1.454713,1.823295
0.3,0.9,1.0,0.6,unification,-0.526223,0.865723,1.384693,1.560073
0.3,0.9,1.0,0.7,unification,-0.47152,1.02796,1.373648,1.507091
0.3,0.9,1.0,0.8,unification,-0.362409,1.117474,1.350937,1.43864
0.3,0.9,1.0,0.9,unification,-0.225419,1.290294,1.375981,1.458431
0.3,0.9,1.0,1.0,unification,-0.187605,1.267445,1.242761,1.327192
0.3,1.0,0.0,0.0,unification,-0.32201,0.736321,0.896376,0.986949
0.3,1.0,0.0,0.1,unification,-0.233971,0.851004,0.907048,0.94149
0.3,1.0,0.0,0.2,antifragile,-0.152494,0.923455,0.895798,0.881508
0.3,1.0,0.0,0.3,antifragile,-0.043821,1.002548,0.815635,0.725983
0.3,1.0,0.0,0.4,antifragile,0.025349,1.127198,0.744357,0.720697
0.3,1.0,0.0,0.5,antifragile,0.172433,1.23598,0.771848,0.637146
0.3,1.0,0.0,0.6,antifragile,0.261182,1.310445,0.736894,0.432434
0.3,1.0,0.0,0.7,antifragile,0.480085,1.498298,0.707364,0.465294
0.3,1.0,0.0,0.8,antifragile,0.534438,1.463828,0.614491,0.38822
0.3,1.0,0.0,0.9,antifragile,0.566339,1.521964,0.560134,0.287813
0.3,1.0,0.0,1.0,antifragile,0.681703,1.658729,0.534666,0.119407
0.3,1.0,0.1,0.0,unification,-0.586988,0.633674,1.038044,1.169307
0.3,1.0,0.1,0.1,unification,-0.330282,0.810479,0.95368,1.01797
0.3,1.0,0.1,0.2,unification,-0.226247,0.864412,0.990354,0.994069
0.3,1.0,0.1,0.3,unification,-0.070809,0.946723,0.958377,0.991734
0.3,1.0,0.1,0.4,antifragile,-0.022313,1.089965,0.818474,0.849703
0.3,1.0,0.1,0.5,antifragile,0.141453,1.135277,0.854308,0.734024
0.3,1.0,0.1,0.6,antifragile,0.214539,1.295601,0.810945,0.628051
0.3,1.0,0.1,0.7,antifragile,0.346665,1.405593,0.71729,0.54991
0.3,1.0,0.1,0.8,antifragile,0.326565,1.47418,0.766156,0.452135
0.3,1.0,0.1,0.9,antifragile,0.531672,1.52899,0.645805,0.391609
0.3,1.0,0.1,1.0,antifragile,0.595788,1.623236,0.579772,0.324454
0.3,1.0,0.2,0.0,unification,-0.543038,0.628438,1.111854,1.258964
0.3,1.0,0.2,0.1,unification,-0.387805,0.722949,1.101752,1.14974
0.3,1.0,0.2,0.2,unification,-0.294288,0.891865,1.084225,1.173551
0.3,1.0,0.2,0.3,recursive,-0.210378,0.996897,1.071209,0.958897
0.3,1.0,0.2,0.4,recursive,-0.145162,0.955215,1.003057,0.854573
0.3,1.0,0.2,0.5,antifragile,-0.093992,1.07013,0.823084,0.858608
0.3,1.0,0.2,0.6,antifragile,0.050773,1.135486,0.867906,0.760856
0.3,1.0,0.2,0.7,antifragile,0.121511,1.279315,0.826268,0.657159
0.3,1.0,0.2,0.8,antifragile,0.308526,1.468964,0.897327,0.574335
0.3,1.0,0.2,0.9,antifragile,0.368906,1.493271,0.759715,0.502336
0.3,1.0,0.2,1.0,antifragile,0.575535,1.710595,0.624344,0.394646
0.3,1.0,0.3,0.0,unification,-0.567943,0.588898,1.234475,1.426545
0.3,1.0,0.3,0.1,unification,-0.473156,0.805667,1.171654,1.222709
0.3,1.0,0.3,0.2,unification,-0.46002,0.914303,1.04429,1.24984
0.3,1.0,0.3,0.3,unification,-0.440725,0.832439,1.119347,1.141798
0.3,1.0,0.3,0.4,unification,-0.223822,0.954282,0.935173,1.08967
0.3,1.0,0.3,0.5,antifragile,-0.109157,1.013907,0.996509,0.999062
0.3,1.0,0.3,0.6,antifragile,0.004966,1.1908,0.956906,0.84966
0.3,1.0,0.3,0.7,antifragile,0.127713,1.316761,0.966732,0.839536
0.3,1.0,0.3,0.8,antifragile,0.201245,1.406811,0.898273,0.679515
0.3,1.0,0.3,0.9,antifragile,0.321784,1.503985,0.903845,0.539416
0.3,1.0,0.3,1.0,antifragile,0.537003,1.623208,0.804956,0.532964
0.3,1.0,0.4,0.0,unification,-0.715478,0.547972,1.271115,1.446249
0.3,1.0,0.4,0.1,unification,-0.712076,0.791615,1.243154,1.445184
0.3,1.0,0.4,0.2,unification,-0.516537,0.728611,1.184647,1.354559
0.3,1.0,0.4,0.3,unification,-0.414832,0.82739,1.183974,1.274418
0.3,1.0,0.4,0.4,unification,-0.275355,0.995252,1.111474,1.171556
0.3,1.0,0.4,0.5,unification,-0.110877,1.007799,0.986318,1.122777
0.3,1.0,0.4,0.6,antifragile,-0.106468,1.096132,1.084262,1.002762
0.3,1.0,0.4,0.7,antifragile,-0.028178,1.341747,0.919466,0.920666
0.3,1.0,0.4,0.8,antifragile,0.050536,1.353533,0.927945,0.880964
0.3,1.0,0.4,0.9,antifragile,0.254131,1.50253,0.898514,0.674773
0.3,1.0,0.4,1.0,antifragile,0.376876,1.517372,0.789037,0.617231
0.3,1.0,0.5,0.0,unification,-0.861857,0.622769,1.400372,1.627613
0.3,1.0,0.5,0.1,unification,-0.691457,0.538027,1.296755,1.58005
0.3,1.0,0.5,0.2,unification,-0.596731,0.708032,1.283085,1.491905
0.3,1.0,0.5,0.3,unification,-0.495468,0.87305,1.260935,1.415562
0.3,1.0,0.5,0.4,recursive,-0.299322,0.966375,1.292048,1.271404
0.3,1.0,0.5,0.5,unification,-0.354621,1.012986,1.15372,1.292971
0.3,1.0,0.5,0.6,recursive,-0.221502,1.111056,1.145259,1.140005
0.3,1.0,0.5,0.7,antifragile,-0.063576,1.227928,1.138955,1.126787
0.3,1.0,0.5,0.8,antifragile,0.05664,1.264208,1.121727,0.911118
0.3,1.0,0.5,0.9,antifragile,0.254529,1.467207,1.07947,0.91427
0.3,1.0,0.5,1.0,antifragile,0.169375,1.443044,0.980344,0.761218
0.3,1.0,0.6,0.0,unification,-0.930764,0.54064,1.441501,1.709049
0.3,1.0,0.6,0.1,unification,-0.760717,0.630745,1.39755,1.720563
0.3,1.0,0.6,0.2,unification,-0.690248,0.766568,1.37756,1.666196
0.3,1.0,0.6,0.3,unification,-0.678683,0.817961,1.310107,1.472047
0.3,1.0,0.6,0.4,unification,-0.417075,0.934454,1.189676,1.465775
0.3,1.0,0.6,0.5,unification,-0.335293,0.948846,1.208235,1.265471
0.3,1.0,0.6,0.6,unification,-0.271877,1.071126,1.24985,1.273469
0.3,1.0,0.6,0.7,antifragile,-0.197995,1.186944,1.157298,1.128259
0.3,1.0,0.6,0.8,antifragile,-0.114475,1.30124,1.15232,1.117838
0.3,1.0,0.6,0.9,antifragile,0.038588,1.373554,1.021232,0.955671
0.3,1.0,0.6,1.0,antifragile,0.186687,1.473118,0.968559,0.867123
0.3,1.0,0.7,0.0,unification,-1.02327,0.522926,1.494345,1.902029
0.3,1.0,0.7,0.1,unification,-0.88273,0.557515,1.508401,1.742754
0.3,1.0,0.7,0.2,unification,-0.817789,0.736718,1.530238,1.767146
0.3,1.0,0.7,0.3,unification,-0.61998,0.668704,1.367565,1.624445
0.3,1.0,0.7,0.4,unification,-0.444218,0.839346,1.412245,1.573919
0.3,1.0,0.7,0.5,unification,-0.437194,0.948823,1.274998,1.334942
0.3,1.0,0.7,0.6,unification,-0.280908,1.014175,1.201644,1.406898
0.3,1.0,0.7,0.7,recursive,-0.214061,1.178395,1.310786,1.254051
0.3,1.0,0.7,0.8,recursive,-0.168749,1.219065,1.256082,1.109868
0.3,1.0,0.7,0.9,antifragile,-0.00859,1.376606,1.219543,1.165428
0.3,1.0,0.7,1.0,antifragile,0.14815,1.287641,1.215673,1.06152
0.3,1.0,0.8,0.0,unification,-1.028267,0.381268,1.532309,2.109319
0.3,1.0,0.8,0.1,unification,-1.031326,0.519458,1.606373,1.973644
0.3,1.0,0.8,0.2,unification,-0.821079,0.641169,1.487285,1.885332
0.3,1.0,0.8,0.3,unification,-0.728872,0.634248,1.570934,1.640646
0.3,1.0,0.8,0.4,unification,-0.603279,0.788295,1.495275,1.70551
0.3,1.0,0.8,0.5,unification,-0.546856,0.937554,1.415678,1.630698
0.3,1.0,0.8,0.6,unification,-0.325736,0.942938,1.220593,1.489216
0.3,1.0,0.8,0.7,unification,-0.349201,1.086122,1.293678,1.468622
0.3,1.0,0.8,0.8,unification,-0.284066,1.222539,1.331923,1.355823
0.3,1.0,0.8,0.9,antifragile,-0.080643,1.342463,1.262678,1.237675
0.3,1.0,0.8,1.0,antifragile,0.029319,1.420018,1.264484,1.08438
0.3,1.0,0.9,0.0,unification,-1.194177,0.351732,1.733048,2.181335
0.3,1.0,0.9,0.1,unification,-1.088721,0.463537,1.694848,2.053338
0.3,1.0,0.9,0.2,unification,-0.893677,0.683648,1.675036,1.986633
0.3,1.0,0.9,0.3,unification,-0.763721,0.702036,1.56104,1.856233
0.3,1.0,0.9,0.4,unification,-0.780175,0.784682,1.568154,1.734242
0.3,1.0,0.9,0.5,unification,-0.657446,0.890643,1.537181,1.718704
0.3,1.0,0.9,0.6,unification,-0.512775,0.913074,1.419411,1.631957
0.3,1.0,0.9,0.7,unification,-0.389472,1.081565,1.382559,1.538172
0.3,1.0,0.9,0.8,unification,-0.229408,1.192213,1.376873,1.413708
0.3,1.0,0.9,0.9,unification,-0.230669,1.26033,1.358797,1.408278
0.3,1.0,0.9,1.0,unification,-0.065601,1.336488,1.279445,1.397349
0.3,1.0,1.0,0.0,unification,-1.302823,0.305415,1.708064,2.252341
0.3,1.0,1.0,0.1,unification,-1.118001,0.436203,1.823876,2.184636
0.3,1.0,1.0,0.2,unification,-0.999522,0.522114,1.672889,2.104552
0.3,1.0,1.0,0.3,unification,-0.920872,0.646052,1.684623,2.044424
0.3,1.0,1.0,0.4,unification,-0.906025,0.732953,1.604066,1.906494
0.3,1.0,1.0,0.5,unification,-0.704656,0.819761,1.489746,1.833174
0.3,1.0,1.0,0.6,unification,-0.66822,0.964817,1.590285,1.651259
0.3,1.0,1.0,0.7,unification,-0.543712,1.052669,1.439556,1.714133
0.3,1.0,1.0,0.8,unification,-0.342534,1.121899,1.431304,1.474472
0.3,1.0,1.0,0.9,recursive,-0.244299,1.325127,1.519783,1.495251
0.3,1.0,1.0,1.0,unification,-0.229634,1.361881,1.383657,1.443907
0.4,0.0,0.0,0.0,competitive,0.515138,0.36465,-0.228574,-0.186717
0.4,0.0,0.0,0.1,competitive,0.583866,0.408844,-0.444956,-0.342308
0.4,0.0,0.0,0.2,competitive,0.665334,0.57096,-0.376793,-0.421371
0.4,0.0,0.0,0.3,competitive,0.870598,0.664863,-0.405835,-0.410679
0.4,0.0,0.0,0.4,competitive,0.976907,0.719207,-0.458563,-0.540581
0.4,0.0,0.0,0.5,competitive,1.060142,0.778942,-0.435264,-0.602138
0.4,0.0,0.0,0.6,competitive,1.219069,1.007137,-0.41654,-0.663502
0.4,0.0,0.0,0.7,competitive,1.287033,1.014579,-0.65148,-0.834457
0.4,0.0,0.0,0.8,competitive,1.405957,1.122178,-0.694411,-0.934331
0.4,0.0,0.0,0.9,competitive,1.522267,1.163704,-0.631715,-0.983419
0.4,0.0,0.0,1.0,competitive,1.655898,1.39563,-0.698891,-1.080812
0.4,0.0,0.1,0.0,competitive,0.420753,0.357469,-0.16813,-0.04375
0.4,0.0,0.1,0.1,antifragile,0.403435,0.440901,-0.210629,-0.211761
0.4,0.0,0.1,0.2,competitive,0.5168,0.51195,-0.310528,-0.201102
0.4,0.0,0.1,0.3,competitive,0.758765,0.570226,-0.417632,-0.340469
0.4,0.0,0.1,0.4,competitive,0.884807,0.694211,-0.324816,-0.472414
0.4,0.0,0.1,0.5,competitive,1.013361,0.849634,-0.476946,-0.60976
0.4,0.0,0.1,0.6,competitive,1.171564,0.94161,-0.498119,-0.703519
0.4,0.0,0.1,0.7,competitive,1.190389,0.932884,-0.490835,-0.712364
0.4,0.0,0.1,0.8,competitive,1.285478,1.141327,-0.423262,-0.818946
0.4,0.0,0.1,0.9,competitive,1.343467,1.199442,-0.473426,-0.900161
0.4,0.0,0.1,1.0,competitive,1.552518,1.233143,-0.593936,-1.023097
0.4,0.0,0.2,0.0,competitive,0.320542,0.284177,-0.079594,0.098903
0.4,0.0,0.2,0.1,competitive,0.410555,0.285014,-0.160105,-0.060034
0.4,0.0,0.2,0.2,competitive,0.550095,0.472129,-0.115614,-0.153189
0.4,0.0,0.2,0.3,competitive,0.64476,0.536115,-0.317336,-0.228538
0.4,0.0,0.2,0.4,competitive,0.772271,0.617033,-0.272219,-0.337193
0.4,0.0,0.2,0.5,competitive,0.838775,0.725334,-0.289746,-0.426291
0.4,0.0,0.2,0.6,competitive,0.95045,0.816916,-0.356499,-0.453776
0.4,0.0,0.2,0.7,competitive,1.100332,0.943144,-0.374575,-0.516781
0.4,0.0,0.2,0.8,competitive,1.224521,1.06301,-0.398074,-0.677901
0.4,0.0,0.2,0.9,competitive,1.319203,1.120552,-0.547528,-0.737858
0.4,0.0,0.2,1.0,competitive,1.437334,1.225614,-0.458209,-0.87608
0.4,0.0,0.3,0.0,antifragile,0.141431,0.220144,-0.102047,0.151902
0.4,0.0,0.3,0.1,antifragile,0.302396,0.399234,-0.01681,0.003751
0.4,0.0,0.3,0.2,antifragile,0.409595,0.471722,-0.056008,-0.135631
0.4,0.0,0.3,0.3,competitive,0.574084,0.43012,-0.172426,-0.065317
0.4,0.0,0.3,0.4,competitive,0.820489,0.623059,-0.247356,-0.230675
0.4,0.0,0.3,0.5,competitive,0.783303,0.696488,-0.271241,-0.311343
0.4,0.0,0.3,0.6,competitive,0.909779,0.81653,-0.30908,-0.408503
0.4,0.0,0.3,0.7,competitive,0.979307,0.870029,-0.340357,-0.427818
0.4,0.0,0.3,0.8,competitive,1.098484,0.927326,-0.293753,-0.524164
0.4,0.0,0.3,0.9,competitive,1.150843,1.091731,-0.424605,-0.596155
0.4,0.0,0.3,1.0,competitive,1.311417,1.201361,-0.43446,-0.789007
0.4,0.0,0.4,0.0,unification,0.21027,0.253117,0.022631,0.269593
0.4,0.0,0.4,0.1,unification,0.298706,0.317787,0.097838,0.320893
0.4,0.0,0.4,0.2,antifragile,0.353694,0.380874,-0.06947,-0.020679
0.4,0.0,0.4,0.3,competitive,0.532407,0.487325,-0.016232,0.058823
0.4,0.0,0.4,0.4,antifragile,0.525951,0.553459,-0.012766,-0.083503
0.4,0.0,0.4,0.5,competitive,0.656986,0.642741,-0.147073,-0.089605
0.4,0.0,0.4,0.6,competitive,0.834272,0.799088,-0.100574,-0.180211
0.4,0.0,0.4,0.7,antifragile,0.926706,1.023806,-0.232371,-0.280099
0.4,0.0,0.4,0.8,antifragile,1.00035,1.025142,-0.272419,-0.396932
0.4,0.0,0.4,0.9,competitive,1.249507,1.122593,-0.276158,-0.543735
0.4,0.0,0.4,1.0,competitive,1.249411,1.1196,-0.295651,-0.546906
0.4,0.0,0.5,0.0,unification,0.041018,0.268177,0.221145,0.392482
0.4,0.0,0.5,0.1,antifragile,0.188276,0.250577,0.091391,0.2461
0.4,0.0,0.5,0.2,antifragile,0.246083,0.369781,-0.018018,0.243841
0.4,0.0,0.5,0.3,antifragile,0.431106,0.469604,-0.109862,0.11735
0.4,0.0,0.5,0.4,antifragile,0.420331,0.534519,0.057597,-0.076724
0.4,0.0,0.5,0.5,antifragile,0.559182,0.701478,-0.090096,-0.078922
0.4,0.0,0.5,0.6,competitive,0.81162,0.773919,-0.048285,-0.100267
0.4,0.0,0.5,0.7,antifragile,0.828085,0.913201,-0.039733,-0.294176
0.4,0.0,0.5,0.8,antifragile,0.928234,0.94284,-0.196464,-0.245947
0.4,0.0,0.5,0.9,antifragile,1.052844,1.136274,-0.159987,-0.311765
0.4,0.0,0.5,1.0,antifragile,1.090042,1.094696,-0.291185,-0.398844
0.4,0.0,0.6,0.0,unification,-0.088359,0.103103,0.173932,0.647651
0.4,0.0,0.6,0.1,unification,0.062888,0.271494,0.132969,0.472963
0.4,0.0,0.6,0.2,unification,0.091317,0.29105,0.113431,0.350944
0.4,0.0,0.6,0.3,antifragile,0.250346,0.5112,0.135161,0.22052
0.4,0.0,0.6,0.4,antifragile,0.449881,0.510336,0.040478,0.214791
0.4,0.0,0.6,0.5,antifragile,0.387359,0.661741,-0.005655,0.04927
0.4,0.0,0.6,0.6,competitive,0.717907,0.693439,0.037796,0.013962
0.4,0.0,0.6,0.7,antifragile,0.74915,0.802473,-0.065136,-0.008601
0.4,0.0,0.6,0.8,competitive,0.886523,0.885016,-0.142294,-0.199224
0.4,0.0,0.6,0.9,antifragile,0.999075,1.063935,-0.102253,-0.335839
0.4,0.0,0.6,1.0,antifragile,1.097689,1.165179,-0.161322,-0.24101
0.4,0.0,0.7,0.0,unification,-0.196049,0.14924,0.263989,0.687927
0.4,0.0,0.7,0.1,unification,0.010643,0.300068,0.299985,0.5298
0.4,0.0,0.7,0.2,unification,0.065446,0.292491,0.209464,0.532355
0.4,0.0,0.7,0.3,unification,0.263782,0.325172,0.196918,0.383125
0.4,0.0,0.7,0.4,antifragile,0.270935,0.516912,0.228043,0.33959
0.4,0.0,0.7,0.5,antifragile,0.487353,0.554077,0.116825,0.171718
0.4,0.0,0.7,0.6,antifragile,0.541972,0.701473,0.122992,0.190675
0.4,0.0,0.7,0.7,antifragile,0.674449,0.736992,-0.032609,0.066001
0.4,0.0,0.7,0.8,antifragile,0.825026,0.87376,-0.08137,0.059238
0.4,0.0,0.7,0.9,antifragile,0.88447,0.978557,-0.103399,-0.129189
0.4,0.0,0.7,1.0,antifragile,1.004344,1.090151,-0.118994,-0.217853
0.4,0.0,0.8,0.0,unification,-0.2508,0.163208,0.444744,0.733783
0.4,0.0,0.8,0.1,unification,-0.168423,0.188891,0.335359,0.654085
0.4,0.0,0.8,0.2,unification,-0.056761,0.21943,0.328134,0.576656
0.4,0.0,0.8,0.3,unification,0.234826,0.394713,0.222415,0.428218
0.4,0.0,0.8,0.4,antifragile,0.239909,0.440157,0.306574,0.434093
0.4,0.0,0.8,0.5,antifragile,0.230874,0.504029,0.166236,0.357102
0.4,0.0,0.8,0.6,antifragile,0.387362,0.657641,0.093193,0.250309
0.4,0.0,0.8,0.7,antifragile,0.568501,0.818076,0.132279,0.124163
0.4,0.0,0.8,0.8,antifragile,0.73465,0.830841,0.118678,0.049355
0.4,0.0,0.8,0.9,antifragile,0.774539,0.894937,0.056113,0.035191
0.4,0.0,0.8,1.0,antifragile,0.85526,1.00245,0.017841,-0.131251
0.4,0.0,0.9,0.0,unification,-0.385897,0.06266,0.479615,0.878557
0.4,0.0,0.9,0.1,unification,-0.173946,0.173038,0.43695,0.743867
0.4,0.0,0.9,0.2,unification,-0.121929,0.264248,0.41182,0.687512
0.4,0.0,0.9,0.3,unification,-0.019219,0.360891,0.353917,0.667636
0.4,0.0,0.9,0.4,unification,0.173967,0.409358,0.372482,0.55192
0.4,0.0,0.9,0.5,unification,0.253388,0.410563,0.236454,0.414165
0.4,0.0,0.9,0.6,antifragile,0.334067,0.620718,0.252763,0.389287
0.4,0.0,0.9,0.7,antifragile,0.425753,0.744568,0.295464,0.272334
0.4,0.0,0.9,0.8,antifragile,0.536817,0.770733,0.169273,0.178712
0.4,0.0,0.9,0.9,antifragile,0.593484,0.827162,0.17601,0.18409
0.4,0.0,0.9,1.0,antifragile,0.869994,1.006315,0.035455,0.013099
0.4,0.0,1.0,0.0,unification,-0.474569,-0.066495,0.582763,1.036951
0.4,0.0,1.0,0.1,unification,-0.192081,0.100845,0.462108,0.918904
0.4,0.0,1.0,0.2,unification,-0.194123,0.175438,0.507187,0.779276
0.4,0.0,1.0,0.3,unification,-0.063464,0.327578,0.520987,0.770519
0.4,0.0,1.0,0.4,unification,0.092156,0.367805,0.394785,0.737392
0.4,0.0,1.0,0.5,unification,0.081421,0.464843,0.426422,0.574444
0.4,0.0,1.0,0.6,antifragile,0.24572,0.566733,0.335858,0.554304
0.4,0.0,1.0,0.7,antifragile,0.416212,0.675573,0.344619,0.43209
0.4,0.0,1.0,0.8,antifragile,0.522956,0.718582,0.336928,0.341011
0.4,0.0,1.0,0.9,antifragile,0.452585,0.947976,0.210253,0.225225
0.4,0.0,1.0,1.0,antifragile,0.669716,0.981975,0.125581,0.131155
0.4,0.1,0.0,0.0,competitive,0.397356,0.390388,-0.19076,-0.077359
0.4,0.1,0.0,0.1,competitive,0.548553,0.519652,-0.17447,-0.209655
0.4,0.1,0.0,0.2,antifragile,0.593985,0.685259,-0.198623,-0.209359
0.4,0.1,0.0,0.3,competitive,0.806727,0.666981,-0.402399,-0.436455
0.4,0.1,0.0,0.4,competitive,0.896826,0.779913,-0.345992,-0.584778
0.4,0.1,0.0,0.5,competitive,0.974344,0.825911,-0.401219,-0.502495
0.4,0.1,0.0,0.6,competitive,1.033543,0.928316,-0.395721,-0.586382
0.4,0.1,0.0,0.7,competitive,1.174865,1.143361,-0.508933,-0.787703
0.4,0.1,0.0,0.8,competitive,1.228036,1.082391,-0.468173,-0.848889
0.4,0.1,0.0,0.9,competitive,1.34449,1.27899,-0.483803,-0.832457
0.4,0.1,0.0,1.0,competitive,1.568764,1.309095,-0.551195,-0.945156
0.4,0.1,0.1,0.0,antifragile,0.311256,0.378238,-0.142581,-0.02638
0.4,0.1,0.1,0.1,antifragile,0.463589,0.540377,-0.062428,-0.046957
0.4,0.1,0.1,0.2,competitive,0.558985,0.556238,-0.23238,-0.206775
0.4,0.1,0.1,0.3,antifragile,0.624857,0.683738,-0.152753,-0.213171
0.4,0.1,0.1,0.4,competitive,0.834133,0.753613,-0.289147,-0.337497
0.4,0.1,0.1,0.5,antifragile,0.848758,0.877893,-0.297954,-0.424927
0.4,0.1,0.1,0.6,competitive,1.029681,0.902945,-0.271801,-0.57238
0.4,0.1,0.1,0.7,competitive,1.120328,1.030455,-0.318633,-0.658719
0.4,0.1,0.1,0.8,antifragile,1.13846,1.167502,-0.419546,-0.67954
0.4,0.1,0.1,0.9,competitive,1.292013,1.270641,-0.425039,-0.747967
0.4,0.1,0.1,1.0,competitive,1.376519,1.345075,-0.529611,-0.877928
0.4,0.1,0.2,0.0,antifragile,0.176733,0.327173,0.058224,0.141335
0.4,0.1,0.2,0.1,antifragile,0.332909,0.435457,-0.029819,0.048303
0.4,0.1,0.2,0.2,competitive,0.473867,0.473,-0.069673,-0.127762
0.4,0.1,0.2,0.3,competitive,0.603781,0.564863,-0.05612,-0.247262
0.4,0.1,0.2,0.4,competitive,0.768721,0.633039,-0.214997,-0.195047
0.4,0.1,0.2,0.5,competitive,0.825936,0.795831,-0.15037,-0.334828
0.4,0.1,0.2,0.6,antifragile,0.885015,0.889896,-0.26192,-0.476709
0.4,0.1,0.2,0.7,competitive,1.013767,0.99425,-0.221091,-0.529297
0.4,0.1,0.2,0.8,antifragile,1.09303,1.155175,-0.300336,-0.522531
0.4,0.1,0.2,0.9,competitive,1.257672,1.212894,-0.263948,-0.630423
0.4,0.1,0.2,1.0,antifragile,1.294433,1.31694,-0.423328,-0.725497
0.4,0.1,0.3,0.0,unification,0.173509,0.258932,0.064485,0.278792
0.4,0.1,0.3,0.1,antifragile,0.237568,0.443669,0.000692,0.120524
0.4,0.1,0.3,0.2,competitive,0.470303,0.413489,0.008664,0.177574
0.4,0.1,0.3,0.3,antifragile,0.48357,0.652339,0.002624,-0.00036
0.4,0.1,0.3,0.4,competitive,0.588468,0.574034,-0.085956,-0.073389
0.4,0.1,0.3,0.5,antifragile,0.716583,0.898293,-0.095952,-0.138493
0.4,0.1,0.3,0.6,antifragile,0.873248,0.897025,-0.154302,-0.259059
0.4,0.1,0.3,0.7,antifragile,0.907467,0.987211,-0.198516,-0.308753
0.4,0.1,0.3,0.8,antifragile,0.984546,1.067342,-0.152397,-0.436231
0.4,0.1,0.3,0.9,competitive,1.23715,1.163184,-0.272825,-0.504169
0.4,0.1,0.3,1.0,competitive,1.239429,1.150972,-0.265991,-0.485364
0.4,0.1,0.4,0.0,unification,0.089021,0.292066,0.16587,0.437889
0.4,0.1,0.4,0.1,antifragile,0.173036,0.373361,0.056739,0.268533
0.4,0.1,0.4,0.2,antifragile,0.303368,0.500361,0.141747,0.131041
0.4,0.1,0.4,0.3,antifragile,0.321111,0.579207,0.01766,0.16973
0.4,0.1,0.4,0.4,antifragile,0.423492,0.64008,0.013288,0.064023
0.4,0.1,0.4,0.5,antifragile,0.563442,0.641662,-0.016436,-0.018678
0.4,0.1,0.4,0.6,antifragile,0.775373,0.817072,-0.026216,-0.105711
0.4,0.1,0.4,0.7,antifragile,0.90112,0.927231,-0.191495,-0.218383
0.4,0.1,0.4,0.8,antifragile,0.949423,1.05091,-0.221634,-0.315602
0.4,0.1,0.4,0.9,antifragile,1.098405,1.114796,-0.200287,-0.289684
0.4,0.1,0.4,1.0,antifragile,1.1115,1.276658,-0.173938,-0.481258
0.4,0.1,0.5,0.0,unification,-0.026645,0.228177,0.269097,0.475273
0.4,0.1,0.5,0.1,unification,0.063593,0.307239,0.203835,0.404462
0.4,0.1,0.5,0.2,antifragile,0.082959,0.424882,0.153627,0.241659
0.4,0.1,0.5,0.3,antifragile,0.287497,0.495952,0.203762,0.223039
0.4,0.1,0.5,0.4,antifragile,0.44839,0.679141,0.068597,0.162625
0.4,0.1,0.5,0.5,antifragile,0.611435,0.716449,0.078687,0.059637
0.4,0.1,0.5,0.6,antifragile,0.669353,0.798018,-0.071605,-0.022762
0.4,0.1,0.5,0.7,antifragile,0.685841,0.900612,-0.065842,-0.066094
0.4,0.1,0.5,0.8,antifragile,0.857238,0.9276,-0.084627,-0.143972
0.4,0.1,0.5,0.9,antifragile,1.0224,1.039879,-0.154872,-0.162451
0.4,0.1,0.5,1.0,antifragile,1.074512,1.184573,-0.17697,-0.334239
0.4,0.1,0.6,0.0,unification,-0.029245,0.207718,0.398248,0.631449
0.4,0.1,0.6,0.1,unification,-0.05629,0.255838,0.24911,0.555889
0.4,0.1,0.6,0.2,unification,0.166194,0.393051,0.249611,0.420518
0.4,0.1,0.6,0.3,unification,0.232772,0.418093,0.168295,0.420008
0.4,0.1,0.6,0.4,antifragile,0.311113,0.560127,0.176547,0.326294
0.4,0.1,0.6,0.5,antifragile,0.443275,0.632846,0.109645,0.195244
0.4,0.1,0.6,0.6,antifragile,0.560111,0.763225,0.098775,0.122314
0.4,0.1,0.6,0.7,antifragile,0.653189,0.820981,0.120353,0.010884
0.4,0.1,0.6,0.8,antifragile,0.771461,0.851983,0.014241,-0.104979
0.4,0.1,0.6,0.9,antifragile,0.826049,1.171109,-0.002524,-0.073699
0.4,0.1,0.6,1.0,antifragile,1.027765,1.194162,-0.064954,-0.13968
0.4,0.1,0.7,0.0,unification,-0.162666,0.162067,0.443164,0.748163
0.4,0.1,0.7,0.1,unification,-0.092388,0.25282,0.409077,0.756999
0.4,0.1,0.7,0.2,unification,-0.045261,0.407118,0.331588,0.648483
0.4,0.1,0.7,0.3,antifragile,0.108328,0.465638,0.302058,0.41347
0.4,0.1,0.7,0.4,antifragile,0.321949,0.492862,0.274194,0.362379
0.4,0.1,0.7,0.5,antifragile,0.27815,0.624753,0.200324,0.271559
0.4,0.1,0.7,0.6,antifragile,0.453228,0.655905,0.196274,0.238634
0.4,0.1,0.7,0.7,antifragile,0.44098,0.798845,0.173421,0.106823
0.4,0.1,0.7,0.8,antifragile,0.70059,0.941634,0.059114,0.074386
0.4,0.1,0.7,0.9,antifragile,0.82625,0.971179,0.059709,0.047512
0.4,0.1,0.7,1.0,antifragile,0.852118,1.132958,-0.02396,-0.103048
0.4,0.1,0.8,0.0,unification,-0.272664,0.004774,0.488284,0.901467
0.4,0.1,0.8,0.1,unification,-0.173708,0.193881,0.419771,0.826423
0.4,0.1,0.8,0.2,unification,-0.09112,0.342267,0.454011,0.687629
0.4,0.1,0.8,0.3,unification,0.088628,0.380286,0.454523,0.691065
0.4,0.1,0.8,0.4,unification,0.197506,0.495972,0.482354,0.547592
0.4,0.1,0.8,0.5,antifragile,0.267053,0.598897,0.258512,0.519754
0.4,0.1,0.8,0.6,antifragile,0.33638,0.740981,0.332978,0.400166
0.4,0.1,0.8,0.7,antifragile,0.440402,0.772946,0.101146,0.279177
0.4,0.1,0.8,0.8,antifragile,0.625136,0.873125,0.165496,0.185113
0.4,0.1,0.8,0.9,antifragile,0.755768,0.977282,0.247896,0.086463
0.4,0.1,0.8,1.0,antifragile,0.815862,1.05333,0.218724,0.038985
0.4,0.1,0.9,0.0,unification,-0.278596,0.068994,0.676379,1.0109
0.4,0.1,0.9,0.1,unification,-0.233167,0.124014,0.577421,0.866544
0.4,0.1,0.9,0.2,unification,-0.152145,0.20408,0.515296,0.889781
0.4,0.1,0.9,0.3,unification,-0.027622,0.313302,0.385081,0.774847
0.4,0.1,0.9,0.4,unification,0.13406,0.421803,0.54487,0.664675
0.4,0.1,0.9,0.5,unification,0.067065,0.486956,0.438497,0.586478
0.4,0.1,0.9,0.6,antifragile,0.349111,0.600094,0.365925,0.495338
0.4,0.1,0.9,0.7,antifragile,0.377849,0.73587,0.301865,0.418732
0.4,0.1,0.9,0.8,antifragile,0.510129,0.862629,0.340299,0.264936
0.4,0.1,0.9,0.9,antifragile,0.514416,0.995848,0.192824,0.221026
0.4,0.1,0.9,1.0,antifragile,0.684395,1.008324,0.127087,0.126524
0.4,0.1,1.0,0.0,unification,-0.442533,0.054803,0.710225,1.105196
0.4,0.1,1.0,0.1,unification,-0.319858,0.124582,0.539572,1.060831
0.4,0.1,1.0,0.2,unification,-0.216631,0.217038,0.66496,0.917465
0.4,0.1,1.0,0.3,unification,-0.111464,0.427239,0.566837,0.863676
0.4,0.1,1.0,0.4,unification,-0.040284,0.516415,0.545139,0.89721
0.4,0.1,1.0,0.5,unification,0.088963,0.49731,0.455825,0.70808
0.4,0.1,1.0,0.6,unification,0.082934,0.601251,0.42236,0.631989
0.4,0.1,1.0,0.7,antifragile,0.392091,0.722741,0.308867,0.489305
0.4,0.1,1.0,0.8,antifragile,0.418114,0.81965,0.446223,0.498004
0.4,0.1,1.0,0.9,antifragile,0.561506,0.899143,0.379956,0.320204
0.4,0.1,1.0,1.0,antifragile,0.673415,0.990879,0.2126,0.309662
0.4,0.2,0.0,0.0,antifragile,0.419877,0.42967,0.028138,-0.082797
0.4,0.2,0.0,0.1,antifragile,0.40016,0.537664,-0.108538,-0.118357
0.4,0.2,0.0,0.2,antifragile,0.576684,0.61357,-0.147949,-0.156079
0.4,0.2,0.0,0.3,antifragile,0.646623,0.729699,-0.202277,-0.315281
0.4,0.2,0.0,0.4,antifragile,0.828185,0.91539,-0.156771,-0.323414
0.4,0.2,0.0,0.5,antifragile,0.867924,0.910654,-0.197149,-0.539074
0.4,0.2,0.0,0.6,antifragile,0.991837,1.056706,-0.346914,-0.488831
0.4,0.2,0.0,0.7,competitive,1.138849,1.042283,-0.325651,-0.625872
0.4,0.2,0.0,0.8,competitive,1.250805,1.243489,-0.350053,-0.67637
0.4,0.2,0.0,0.9,competitive,1.354444,1.246197,-0.411538,-0.804824
0.4,0.2,0.0,1.0,competitive,1.501577,1.434162,-0.41598,-0.764325
0.4,0.2,0.1,0.0,antifragile,0.243501,0.38755,0.01732,0.044888
0.4,0.2,0.1,0.1,antifragile,0.293821,0.541055,-0.074757,-0.013746
0.4,0.2,0.1,0.2,antifragile,0.474914,0.584389,-0.000717,-0.041977
0.4,0.2,0.1,0.3,antifragile,0.550077,0.748582,-0.04856,-0.200549
0.4,0.2,0.1,0.4,antifragile,0.712613,0.759246,-0.162072,-0.121524
0.4,0.2,0.1,0.5,antifragile,0.816214,0.879123,-0.160752,-0.256288
0.4,0.2,0.1,0.6,antifragile,0.88492,0.958458,-0.172166,-0.460819
0.4,0.2,0.1,0.7,competitive,1.079539,0.999741,-0.257288,-0.549942
0.4,0.2,0.1,0.8,antifragile,1.087187,1.239883,-0.232777,-0.497434
0.4,0.2,0.1,0.9,antifragile,1.177551,1.217447,-0.308006,-0.604234
0.4,0.2,0.1,1.0,antifragile,1.320024,1.336054,-0.421567,-0.642088
0.4,0.2,0.2,0.0,antifragile,0.146252,0.381565,0.124182,0.305281
0.4,0.2,0.2,0.1,antifragile,0.232377,0.533413,0.016064,0.223286
0.4,0.2,0.2,0.2,antifragile,0.304235,0.564772,0.121272,0.114863
0.4,0.2,0.2,0.3,antifragile,0.521062,0.612579,-0.03674,0.06222
0.4,0.2,0.2,0.4,antifragile,0.633617,0.804512,-0.03631,-0.104087
0.4,0.2,0.2,0.5,antifragile,0.758333,0.867968,-0.088498,-0.2457
0.4,0.2,0.2,0.6,antifragile,0.877695,0.972001,-0.150313,-0.201037
0.4,0.2,0.2,0.7,antifragile,0.952191,1.05817,-0.115805,-0.311565
0.4,0.2,0.2,0.8,antifragile,1.064684,1.130571,-0.100817,-0.46669
0.4,0.2,0.2,0.9,antifragile,1.197299,1.230807,-0.217264,-0.453329
0.4,0.2,0.2,1.0,antifragile,1.254421,1.360092,-0.266722,-0.632065
0.4,0.2,0.3,0.0,unification,0.142905,0.380559,0.183273,0.43018
0.4,0.2,0.3,0.1,antifragile,0.148429,0.438553,0.143539,0.327566
0.4,0.2,0.3,0.2,antifragile,0.276016,0.572924,0.154723,0.186238
0.4,0.2,0.3,0.3,antifragile,0.501486,0.592738,0.014549,0.162805
0.4,0.2,0.3,0.4,antifragile,0.41253,0.799591,0.050088,-0.036349
0.4,0.2,0.3,0.5,antifragile,0.582577,0.738296,0.024144,-0.116346
0.4,0.2,0.3,0.6,antifragile,0.765104,0.899759,-0.058768,-0.109533
0.4,0.2,0.3,0.7,antifragile,0.881176,1.06729,-0.106689,-0.22149
0.4,0.2,0.3,0.8,antifragile,0.928234,1.113149,-0.153914,-0.326205
0.4,0.2,0.3,0.9,antifragile,1.04905,1.214668,-0.154852,-0.364685
0.4,0.2,0.3,1.0,antifragile,1.17465,1.266012,-0.185436,-0.520859
0.4,0.2,0.4,0.0,unification,0.018458,0.295727,0.300226,0.511001
0.4,0.2,0.4,0.1,antifragile,0.180077,0.424079,0.253661,0.380381
0.4,0.2,0.4,0.2,antifragile,0.250119,0.48649,0.133726,0.320246
0.4,0.2,0.4,0.3,antifragile,0.329574,0.554075,0.164091,0.241426
0.4,0.2,0.4,0.4,antifragile,0.427205,0.751732,0.064422,0.26169
0.4,0.2,0.4,0.5,antifragile,0.538358,0.814011,0.096392,-0.011301
0.4,0.2,0.4,0.6,antifragile,0.597171,0.853786,0.099686,-0.079216
0.4,0.2,0.4,0.7,antifragile,0.717213,0.983243,0.033643,-0.072864
0.4,0.2,0.4,0.8,antifragile,0.8208,0.9901,-0.003047,-0.108344
0.4,0.2,0.4,0.9,antifragile,0.962735,1.107766,-0.091494,-0.245297
0.4,0.2,0.4,1.0,antifragile,1.078343,1.33036,-0.063751,-0.340783
0.4,0.2,0.5,0.0,unification,-0.197716,0.240387,0.347599,0.587669
0.4,0.2,0.5,0.1,unification,0.019541,0.380572,0.251296,0.58023
0.4,0.2,0.5,0.2,antifragile,0.120806,0.482882,0.332241,0.416652
0.4,0.2,0.5,0.3,antifragile,0.292945,0.55291,0.330627,0.325303
0.4,0.2,0.5,0.4,antifragile,0.411912,0.609801,0.342439,0.237408
0.4,0.2,0.5,0.5,antifragile,0.502829,0.73188,0.210751,0.197974
0.4,0.2,0.5,0.6,antifragile,0.505438,0.705158,0.260379,0.118651
0.4,0.2,0.5,0.7,antifragile,0.522823,0.95513,0.129479,-0.005754
0.4,0.2,0.5,0.8,antifragile,0.744582,1.034008,0.11513,-0.050002
0.4,0.2,0.5,0.9,antifragile,0.963161,1.186561,0.003561,-0.218526
0.4,0.2,0.5,1.0,antifragile,0.988666,1.251324,-0.022005,-0.193279
0.4,0.2,0.6,0.0,unification,-0.146829,0.266543,0.446234,0.775994
0.4,0.2,0.6,0.1,unification,0.031774,0.260506,0.444364,0.7566
0.4,0.2,0.6,0.2,unification,-0.028729,0.480055,0.436736,0.506158
0.4,0.2,0.6,0.3,antifragile,0.175618,0.511434,0.336978,0.478752
0.4,0.2,0.6,0.4,antifragile,0.315634,0.614394,0.276834,0.387681
0.4,0.2,0.6,0.5,antifragile,0.342951,0.661023,0.236393,0.330883
0.4,0.2,0.6,0.6,antifragile,0.490219,0.870202,0.232049,0.216277
0.4,0.2,0.6,0.7,antifragile,0.529448,0.919724,0.174131,0.150784
0.4,0.2,0.6,0.8,antifragile,0.703126,1.025969,0.153487,0.061474
0.4,0.2,0.6,0.9,antifragile,0.759931,1.064361,0.142413,-0.036179
0.4,0.2,0.6,1.0,antifragile,0.842698,1.247979,0.012881,-0.098238
0.4,0.2,0.7,0.0,unification,-0.255442,0.205161,0.421093,0.894524
0.4,0.2,0.7,0.1,unification,-0.103677,0.339327,0.3988,0.896362
0.4,0.2,0.7,0.2,unification,-0.126293,0.341079,0.504094,0.727642
0.4,0.2,0.7,0.3,unification,0.054017,0.46153,0.491543,0.618034
0.4,0.2,0.7,0.4,antifragile,0.081709,0.646615,0.395964,0.59075
0.4,0.2,0.7,0.5,antifragile,0.298627,0.799581,0.329501,0.450805
0.4,0.2,0.7,0.6,antifragile,0.415992,0.75981,0.345132,0.217629
0.4,0.2,0.7,0.7,antifragile,0.486361,0.86485,0.258039,0.236154
0.4,0.2,0.7,0.8,antifragile,0.645306,0.939778,0.235014,0.193142
0.4,0.2,0.7,0.9,antifragile,0.735018,1.131548,0.194755,0.15207
0.4,0.2,0.7,1.0,antifragile,0.827244,1.1297,0.137922,0.010823
0.4,0.2,0.8,0.0,unification,-0.341592,0.175333,0.590287,0.988902
0.4,0.2,0.8,0.1,unification,-0.336296,0.25577,0.590065,1.005422
0.4,0.2,0.8,0.2,unification,-0.082577,0.308296,0.560088,0.840966
0.4,0.2,0.8,0.3,unification,-0.051522,0.446666,0.492303,0.838635
0.4,0.2,0.8,0.4,unification,0.049191,0.567047,0.343548,0.701178
0.4,0.2,0.8,0.5,unification,0.239213,0.592398,0.404406,0.597575
0.4,0.2,0.8,0.6,antifragile,0.290973,0.763318,0.375638,0.583163
0.4,0.2,0.8,0.7,antifragile,0.366513,0.969579,0.412096,0.446606
0.4,0.2,0.8,0.8,antifragile,0.457976,0.975484,0.340197,0.214019
0.4,0.2,0.8,0.9,antifragile,0.54977,1.042881,0.263335,0.209176
0.4,0.2,0.8,1.0,antifragile,0.783947,1.075811,0.207238,0.117649
0.4,0.2,0.9,0.0,unification,-0.434492,0.049027,0.690116,1.038862
0.4,0.2,0.9,0.1,unification,-0.365644,0.266152,0.712045,1.00362
0.4,0.2,0.9,0.2,unification,-0.213334,0.315742,0.703054,0.948502
0.4,0.2,0.9,0.3,unification,-0.278652,0.464734,0.572045,0.85629
0.4,0.2,0.9,0.4,unification,-0.003204,0.443765,0.558733,0.811725
0.4,0.2,0.9,0.5,unification,0.108203,0.580053,0.564597,0.650125
0.4,0.2,0.9,0.6,antifragile,0.168724,0.6982,0.489773,0.598773
0.4,0.2,0.9,0.7,antifragile,0.371429,0.814764,0.438783,0.543007
0.4,0.2,0.9,0.8,antifragile,0.456645,0.907039,0.304524,0.499475
0.4,0.2,0.9,0.9,antifragile,0.535984,1.024243,0.334703,0.268664
0.4,0.2,0.9,1.0,antifragile,0.526055,1.037782,0.340865,0.339895
0.4,0.2,1.0,0.0,unification,-0.534901,0.047389,0.760794,1.318039
0.4,0.2,1.0,0.1,unification,-0.505539,0.300089,0.853802,1.271736
0.4,0.2,1.0,0.2,unification,-0.310965,0.272924,0.737817,1.125429
0.4,0.2,1.0,0.3,unification,-0.252539,0.32994,0.665803,0.956385
0.4,0.2,1.0,0.4,unification,-0.047956,0.449179,0.644782,0.959152
0.4,0.2,1.0,0.5,unification,0.063992,0.585428,0.619215,0.77415
0.4,0.2,1.0,0.6,unification,0.161153,0.733176,0.466482,0.828147
0.4,0.2,1.0,0.7,antifragile,0.184967,0.794732,0.523878,0.651981
0.4,0.2,1.0,0.8,antifragile,0.319674,0.810372,0.506191,0.555698
0.4,0.2,1.0,0.9,antifragile,0.374529,0.90325,0.375378,0.45877
0.4,0.2,1.0,1.0,antifragile,0.574255,1.014444,0.448772,0.394039
0.4,0.3,0.0,0.0,antifragile,0.26053,0.495838,0.134758,0.051433
0.4,0.3,0.0,0.1,antifragile,0.467818,0.638008,0.023917,0.094151
0.4,0.3,0.0,0.2,antifragile,0.478876,0.699284,-0.042071,-0.001676
0.4,0.3,0.0,0.3,antifragile,0.569637,0.777432,-0.021043,-0.082591
0.4,0.3,0.0,0.4,antifragile,0.673942,0.912657,-0.144099,-0.327517
0.4,0.3,0.0,0.5,antifragile,0.787597,1.011733,-0.135611,-0.33175
0.4,0.3,0.0,0.6,antifragile,0.937774,1.06612,-0.143905,-0.470585
0.4,0.3,0.0,0.7,antifragile,1.039882,1.166214,-0.283269,-0.543954
0.4,0.3,0.0,0.8,antifragile,1.136765,1.255426,-0.254398,-0.587817
0.4,0.3,0.0,0.9,antifragile,1.235133,1.330241,-0.280074,-0.582769
0.4,0.3,0.0,1.0,antifragile,1.26398,1.47615,-0.340558,-0.703714
0.4,0.3,0.1,0.0,antifragile,0.244277,0.422244,0.197215,0.182298
0.4,0.3,0.1,0.1,antifragile,0.30138,0.542874,0.112314,0.110548
0.4,0.3,0.1,0.2,antifragile,0.426844,0.729314,0.021407,0.084482
0.4,0.3,0.1,0.3,antifragile,0.557794,0.730163,0.09802,-0.031484
0.4,0.3,0.1,0.4,antifragile,0.619185,0.790342,-0.00367,-0.094849
0.4,0.3,0.1,0.5,antifragile,0.766795,0.90319,-0.0841,-0.156875
0.4,0.3,0.1,0.6,antifragile,0.91486,1.061451,0.002371,-0.237235
0.4,0.3,0.1,0.7,antifragile,0.980965,1.158965,-0.055591,-0.288121
0.4,0.3,0.1,0.8,antifragile,1.010756,1.260029,-0.156732,-0.444702
0.4,0.3,0.1,0.9,antifragile,1.086354,1.237992,-0.228223,-0.59323
0.4,0.3,0.1,1.0,antifragile,1.267812,1.445717,-0.279048,-0.600827
0.4,0.3,0.2,0.0,antifragile,0.041502,0.439938,0.260407,0.298853
0.4,0.3,0.2,0.1,antifragile,0.167406,0.456641,0.220461,0.2932
0.4,0.3,0.2,0.2,antifragile,0.312514,0.608586,0.171142,0.217143
0.4,0.3,0.2,0.3,antifragile,0.400221,0.67822,0.11205,0.105513
0.4,0.3,0.2,0.4,antifragile,0.638034,0.785805,0.089483,0.053296
0.4,0.3,0.2,0.5,antifragile,0.715026,0.859441,0.101982,-0.06237
0.4,0.3,0.2,0.6,antifragile,0.880067,1.01313,-0.066446,-0.149858
0.4,0.3,0.2,0.7,antifragile,0.931813,1.094077,-0.047981,-0.18905
0.4,0.3,0.2,0.8,antifragile,0.95775,1.174463,-0.132234,-0.223559
0.4,0.3,0.2,0.9,antifragile,1.023869,1.288473,-0.101006,-0.395683
0.4,0.3,0.2,1.0,antifragile,1.132307,1.325062,-0.138874,-0.518994
0.4,0.3,0.3,0.0,unification,-0.098601,0.409349,0.276375,0.526561
0.4,0.3,0.3,0.1,antifragile,0.104919,0.472509,0.282612,0.353075
0.4,0.3,0.3,0.2,antifragile,0.183727,0.567004,0.182783,0.360691
0.4,0.3,0.3,0.3,antifragile,0.319631,0.602528,0.172049,0.24506
0.4,0.3,0.3,0.4,antifragile,0.422695,0.789991,0.188702,0.275085
0.4,0.3,0.3,0.5,antifragile,0.612532,0.783181,0.101988,0.056668
0.4,0.3,0.3,0.6,antifragile,0.693754,0.913321,0.053437,-0.077221
0.4,0.3,0.3,0.7,antifragile,0.744887,1.026752,0.02435,-0.159326
0.4,0.3,0.3,0.8,antifragile,0.934101,1.173611,-0.072441,-0.183701
0.4,0.3,0.3,0.9,antifragile,0.916737,1.312113,0.040705,-0.272787
0.4,0.3,0.3,1.0,antifragile,1.062368,1.306787,-0.102687,-0.360341
0.4,0.3,0.4,0.0,unification,-0.016477,0.40278,0.45355,0.628529
0.4,0.3,0.4,0.1,unification,-0.032681,0.411497,0.368036,0.474945
0.4,0.3,0.4,0.2,antifragile,0.150199,0.585256,0.352267,0.475259
0.4,0.3,0.4,0.3,antifragile,0.151686,0.706668,0.206631,0.357363
0.4,0.3,0.4,0.4,antifragile,0.385927,0.75293,0.181108,0.225084
0.4,0.3,0.4,0.5,antifragile,0.479354,0.855542,0.14964,0.21463
0.4,0.3,0.4,0.6,antifragile,0.499236,0.956219,0.120808,0.114026
0.4,0.3,0.4,0.7,antifragile,0.68063,1.078033,0.137107,-0.004955
0.4,0.3,0.4,0.8,antifragile,0.81298,1.222121,0.122006,-0.062958
0.4,0.3,0.4,0.9,antifragile,0.863319,1.179175,0.079,-0.18929
0.4,0.3,0.4,1.0,antifragile,1.015134,1.376881,0.01252,-0.283957
0.4,0.3,0.5,0.0,unification,-0.066108,0.408122,0.515059,0.808788
0.4,0.3,0.5,0.1,unification,-0.078349,0.451223,0.428823,0.592229
0.4,0.3,0.5,0.2,unification,0.174596,0.439673,0.424878,0.589294
0.4,0.3,0.5,0.3,antifragile,0.1808,0.600516,0.366038,0.496921
0.4,0.3,0.5,0.4,antifragile,0.288993,0.699909,0.326582,0.338945
0.4,0.3,0.5,0.5,antifragile,0.475684,0.821785,0.300445,0.288777
0.4,0.3,0.5,0.6,antifragile,0.434819,0.932999,0.242007,0.266053
0.4,0.3,0.5,0.7,antifragile,0.527392,1.062343,0.255069,0.145947
0.4,0.3,0.5,0.8,antifragile,0.728381,1.11705,0.103151,0.148891
0.4,0.3,0.5,0.9,antifragile,0.839163,1.139795,0.07517,0.029355
0.4,0.3,0.5,1.0,antifragile,0.935558,1.29413,0.091333,-0.155137
0.4,0.3,0.6,0.0,unification,-0.239569,0.275123,0.573915,0.98885
0.4,0.3,0.6,0.1,unification,-0.111547,0.426338,0.671026,0.804229
0.4,0.3,0.6,0.2,unification,-0.039015,0.44104,0.472372,0.597645
0.4,0.3,0.6,0.3,unification,0.104521,0.506654,0.500137,0.612849
0.4,0.3,0.6,0.4,antifragile,0.181403,0.662882,0.484304,0.590472
0.4,0.3,0.6,0.5,antifragile,0.283555,0.71505,0.421194,0.396271
0.4,0.3,0.6,0.6,antifragile,0.317257,0.879917,0.395924,0.339746
0.4,0.3,0.6,0.7,antifragile,0.525226,0.929216,0.3311,0.329751
0.4,0.3,0.6,0.8,antifragile,0.601857,0.99362,0.182148,0.236284
0.4,0.3,0.6,0.9,antifragile,0.668172,1.158601,0.25387,0.079935
0.4,0.3,0.6,1.0,antifragile,0.826689,1.284952,0.13459,-0.025486
0.4,0.3,0.7,0.0,unification,-0.36672,0.313896,0.740537,0.990061
0.4,0.3,0.7,0.1,unification,-0.280606,0.398206,0.536535,0.922381
0.4,0.3,0.7,0.2,unification,-0.137196,0.504691,0.649751,0.777874
0.4,0.3,0.7,0.3,unification,-0.016616,0.50647,0.525334,0.770869
0.4,0.3,0.7,0.4,unification,0.068255,0.639696,0.547864,0.730758
0.4,0.3,0.7,0.5,antifragile,0.209434,0.730888,0.404635,0.64929
0.4,0.3,0.7,0.6,antifragile,0.329785,0.826811,0.424252,0.503033
0.4,0.3,0.7,0.7,antifragile,0.45359,0.959778,0.46054,0.412134
0.4,0.3,0.7,0.8,antifragile,0.61271,1.062886,0.336993,0.231631
0.4,0.3,0.7,0.9,antifragile,0.639278,1.182924,0.261237,0.234123
0.4,0.3,0.7,1.0,antifragile,0.753261,1.247106,0.240609,0.101531
0.4,0.3,0.8,0.0,unification,-0.4165,0.177831,0.653225,1.212019
0.4,0.3,0.8,0.1,unification,-0.288648,0.404169,0.748701,1.069018
0.4,0.3,0.8,0.2,unification,-0.206523,0.395699,0.690605,0.922338
0.4,0.3,0.8,0.3,unification,-0.168461,0.483389,0.689575,0.80338
0.4,0.3,0.8,0.4,unification,-0.065826,0.624565,0.564246,0.804275
0.4,0.3,0.8,0.5,unification,0.154493,0.713077,0.513388,0.759147
0.4,0.3,0.8,0.6,antifragile,0.252106,0.786341,0.503921,0.6287
0.4,0.3,0.8,0.7,antifragile,0.309401,0.79844,0.502508,0.559537
0.4,0.3,0.8,0.8,antifragile,0.319947,1.000534,0.512824,0.383618
0.4,0.3,0.8,0.9,antifragile,0.541335,1.060901,0.468021,0.411047
0.4,0.3,0.8,1.0,antifragile,0.611079,1.182106,0.460134,0.238765
0.4,0.3,0.9,0.0,unification,-0.535558,0.205675,0.799497,1.33316
0.4,0.3,0.9,0.1,unification,-0.448633,0.205548,0.763751,1.192651
0.4,0.3,0.9,0.2,unification,-0.354909,0.38511,0.778128,1.014553
0.4,0.3,0.9,0.3,unification,-0.233185,0.482449,0.745121,0.963061
0.4,0.3,0.9,0.4,unification,-0.087411,0.545803,0.706393,0.930971
0.4,0.3,0.9,0.5,unification,-0.003674,0.678922,0.60937,0.842868
0.4,0.3,0.9,0.6,antifragile,0.148565,0.868552,0.573187,0.727937
0.4,0.3,0.9,0.7,antifragile,0.202638,0.793359,0.527177,0.683255
0.4,0.3,0.9,0.8,antifragile,0.381873,0.954784,0.495212,0.540331
0.4,0.3,0.9,0.9,antifragile,0.409158,1.007156,0.405244,0.547893
0.4,0.3,0.9,1.0,antifragile,0.656858,1.033207,0.444463,0.408635
0.4,0.3,1.0,0.0,unification,-0.61456,0.115363,0.966126,1.390524
0.4,0.3,1.0,0.1,unification,-0.463294,0.203124,0.805841,1.306745
0.4,0.3,1.0,0.2,unification,-0.453147,0.38773,0.728669,1.176573
0.4,0.3,1.0,0.3,unification,-0.325796,0.413381,0.808055,1.134812
0.4,0.3,1.0,0.4,unification,-0.153013,0.562749,0.746424,1.135435
0.4,0.3,1.0,0.5,unification,-0.005645,0.604401,0.708156,0.928348
0.4,0.3,1.0,0.6,unification,0.053165,0.666403,0.635523,0.751632
0.4,0.3,1.0,0.7,antifragile,0.125067,0.863238,0.627395,0.770192
0.4,0.3,1.0,0.8,antifragile,0.268908,0.854888,0.596264,0.734516
0.4,0.3,1.0,0.9,antifragile,0.380328,1.048908,0.618207,0.638129
0.4,0.3,1.0,1.0,antifragile,0.439332,1.077793,0.611574,0.535708
0.4,0.4,0.0,0.0,antifragile,0.209048,0.497002,0.175427,0.275819
0.4,0.4,0.0,0.1,antifragile,0.310742,0.609031,0.125631,0.214591
0.4,0.4,0.0,0.2,antifragile,0.453389,0.756702,0.122044,0.010849
0.4,0.4,0.0,0.3,antifragile,0.543617,0.8784,0.046954,0.033871
0.4,0.4,0.0,0.4,antifragile,0.667261,0.961384,0.022547,-0.055671
0.4,0.4,0.0,0.5,antifragile,0.676766,1.016657,0.015651,-0.170185
0.4,0.4,0.0,0.6,antifragile,0.914781,1.102145,-0.087373,-0.351954
0.4,0.4,0.0,0.7,antifragile,0.956352,1.230844,-0.06195,-0.424959
0.4,0.4,0.0,0.8,antifragile,1.138766,1.251279,-0.146057,-0.468441
0.4,0.4,0.0,0.9,antifragile,1.210862,1.399704,-0.146102,-0.43281
0.4,0.4,0.0,1.0,antifragile,1.319893,1.461166,-0.196947,-0.512743
0.4,0.4,0.1,0.0,antifragile,0.142817,0.552285,0.185321,0.384344
0.4,0.4,0.1,0.1,antifragile,0.206599,0.565994,0.223884,0.285432
0.4,0.4,0.1,0.2,antifragile,0.29878,0.704423,0.176326,0.230122
0.4,0.4,0.1,0.3,antifragile,0.451379,0.808796,0.193969,0.137748
0.4,0.4,0.1,0.4,antifragile,0.549696,0.780654,0.130686,-0.020596
0.4,0.4,0.1,0.5,antifragile,0.655688,0.998552,0.131651,0.032116
0.4,0.4,0.1,0.6,antifragile,0.723939,1.009207,0.041286,-0.132879
0.4,0.4,0.1,0.7,antifragile,0.819906,1.16917,0.014877,-0.291508
0.4,0.4,0.1,0.8,antifragile,0.940271,1.232792,-0.065613,-0.280301
0.4,0.4,0.1,0.9,antifragile,1.083676,1.362766,0.017309,-0.447816
0.4,0.4,0.1,1.0,antifragile,1.17735,1.488904,-0.085598,-0.46426
0.4,0.4,0.2,0.0,unification,0.110448,0.485873,0.251195,0.49485
0.4,0.4,0.2,0.1,antifragile,0.101451,0.634191,0.358231,0.325515
0.4,0.4,0.2,0.2,antifragile,0.307516,0.706968,0.253777,0.316078
0.4,0.4,0.2,0.3,antifragile,0.419609,0.656424,0.25227,0.28967
0.4,0.4,0.2,0.4,antifragile,0.455564,0.882395,0.195158,0.110798
0.4,0.4,0.2,0.5,antifragile,0.529548,0.980596,0.118215,-0.011229
0.4,0.4,0.2,0.6,antifragile,0.68612,1.014346,0.050045,-0.016413
0.4,0.4,0.2,0.7,antifragile,0.828364,1.136008,0.016688,-0.08091
0.4,0.4,0.2,0.8,antifragile,0.951758,1.340652,0.102092,-0.240268
0.4,0.4,0.2,0.9,antifragile,1.052904,1.337826,-0.067605,-0.26081
0.4,0.4,0.2,1.0,antifragile,1.215934,1.479793,-0.100672,-0.359314
0.4,0.4,0.3,0.0,unification,-0.045416,0.348505,0.350228,0.622731
0.4,0.4,0.3,0.1,unification,0.048384,0.438059,0.414399,0.584348
0.4,0.4,0.3,0.2,antifragile,0.139085,0.627991,0.383571,0.466951
0.4,0.4,0.3,0.3,antifragile,0.176569,0.674744,0.295207,0.316959
0.4,0.4,0.3,0.4,antifragile,0.443348,0.846724,0.219514,0.264283
0.4,0.4,0.3,0.5,antifragile,0.53652,0.877688,0.277579,0.259159
0.4,0.4,0.3,0.6,antifragile,0.650807,1.01402,0.257551,0.078888
0.4,0.4,0.3,0.7,antifragile,0.824294,1.112042,0.21234,0.0019
0.4,0.4,0.3,0.8,antifragile,0.834971,1.222173,0.068558,-0.112922
0.4,0.4,0.3,0.9,antifragile,0.909775,1.345267,-0.016571,-0.168142
0.4,0.4,0.3,1.0,antifragile,1.095494,1.323394,0.097695,-0.29139
0.4,0.4,0.4,0.0,unification,-0.205827,0.392639,0.613673,0.708
0.4,0.4,0.4,0.1,unification,-0.136648,0.424903,0.526597,0.587263
0.4,0.4,0.4,0.2,antifragile,0.119398,0.59349,0.438386,0.584865
0.4,0.4,0.4,0.3,antifragile,0.129954,0.691894,0.340346,0.552445
0.4,0.4,0.4,0.4,antifragile,0.228635,0.801944,0.308262,0.37334
0.4,0.4,0.4,0.5,antifragile,0.371308,1.024067,0.319278,0.273924
0.4,0.4,0.4,0.6,antifragile,0.477772,0.894766,0.271861,0.322554
0.4,0.4,0.4,0.7,antifragile,0.626802,1.11017,0.194503,0.134833
0.4,0.4,0.4,0.8,antifragile,0.730195,1.123735,0.22,0.090771
0.4,0.4,0.4,0.9,antifragile,0.857142,1.247446,0.214546,-0.037881
0.4,0.4,0.4,1.0,antifragile,0.922559,1.422077,0.064652,-0.195148
0.4,0.4,0.5,0.0,unification,-0.293391,0.384362,0.66918,0.831974
0.4,0.4,0.5,0.1,unification,-0.049258,0.46136,0.559224,0.737503
0.4,0.4,0.5,0.2,unification,0.067568,0.547486,0.458401,0.817883
0.4,0.4,0.5,0.3,antifragile,0.099684,0.689942,0.569078,0.640723
0.4,0.4,0.5,0.4,antifragile,0.238744,0.747716,0.481687,0.523292
0.4,0.4,0.5,0.5,antifragile,0.298989,0.845986,0.385159,0.465219
0.4,0.4,0.5,0.6,antifragile,0.435092,0.975946,0.39698,0.455002
0.4,0.4,0.5,0.7,antifragile,0.572631,1.019637,0.347654,0.340635
0.4,0.4,0.5,0.8,antifragile,0.582501,1.225712,0.246268,0.230014
0.4,0.4,0.5,0.9,antifragile,0.74033,1.217453,0.179854,0.145375
0.4,0.4,0.5,1.0,antifragile,0.785582,1.242861,0.262985,0.10448
0.4,0.4,0.6,0.0,unification,-0.373362,0.380155,0.729826,0.985424
0.4,0.4,0.6,0.1,unification,-0.163209,0.416819,0.675877,0.842312
0.4,0.4,0.6,0.2,unification,-0.180551,0.578452,0.63756,0.812877
0.4,0.4,0.6,0.3,antifragile,0.085392,0.709866,0.591958,0.662217
0.4,0.4,0.6,0.4,antifragile,0.09442,0.668371,0.534476,0.603185
0.4,0.4,0.6,0.5,antifragile,0.150189,0.691869,0.498363,0.450062
0.4,0.4,0.6,0.6,antifragile,0.303988,0.93472,0.413895,0.425759
0.4,0.4,0.6,0.7,antifragile,0.426608,0.95357,0.419283,0.343359
0.4,0.4,0.6,0.8,antifragile,0.534775,1.072679,0.369424,0.391758
0.4,0.4,0.6,0.9,antifragile,0.659991,1.210222,0.29876,0.236163
0.4,0.4,0.6,1.0,antifragile,0.74626,1.281483,0.322447,0.114988
0.4,0.4,0.7,0.0,unification,-0.449902,0.270679,0.749714,1.123662
0.4,0.4,0.7,0.1,unification,-0.338199,0.464898,0.868958,1.001603
0.4,0.4,0.7,0.2,unification,-0.1953,0.5369,0.681713,0.89528
0.4,0.4,0.7,0.3,unification,-0.013091,0.614308,0.670935,0.932526
0.4,0.4,0.7,0.4,unification,0.048512,0.672603,0.566168,0.750333
0.4,0.4,0.7,0.5,antifragile,0.180241,0.804104,0.565667,0.778328
0.4,0.4,0.7,0.6,antifragile,0.222139,0.914376,0.546002,0.701648
0.4,0.4,0.7,0.7,antifragile,0.377652,0.962308,0.48606,0.519231
0.4,0.4,0.7,0.8,antifragile,0.41373,0.986665,0.470437,0.408324
0.4,0.4,0.7,0.9,antifragile,0.533191,1.145558,0.417611,0.350369
0.4,0.4,0.7,1.0,antifragile,0.756915,1.278119,0.480391,0.24305
0.4,0.4,0.8,0.0,unification,-0.480814,0.240829,0.831943,1.347277
0.4,0.4,0.8,0.1,unification,-0.448407,0.243413,0.784603,1.054584
0.4,0.4,0.8,0.2,unification,-0.347566,0.407067,0.781764,0.96752
0.4,0.4,0.8,0.3,unification,-0.130202,0.451212,0.733612,0.968792
0.4,0.4,0.8,0.4,unification,-0.038732,0.657577,0.759344,0.881927
0.4,0.4,0.8,0.5,unification,0.006763,0.75564,0.71146,0.856253
0.4,0.4,0.8,0.6,antifragile,0.156091,0.841633,0.618186,0.750497
0.4,0.4,0.8,0.7,antifragile,0.351747,0.912871,0.561775,0.622947
0.4,0.4,0.8,0.8,antifragile,0.379469,0.913913,0.533247,0.604032
0.4,0.4,0.8,0.9,antifragile,0.443688,1.124335,0.605467,0.49158
0.4,0.4,0.8,1.0,antifragile,0.468039,1.139506,0.44745,0.349809
0.4,0.4,0.9,0.0,unification,-0.604831,0.210271,1.003304,1.310433
0.4,0.4,0.9,0.1,unification,-0.510375,0.330863,0.922057,1.28734
0.4,0.4,0.9,0.2,unification,-0.510564,0.419165,0.857462,1.238205
0.4,0.4,0.9,0.3,unification,-0.243851,0.522042,0.840658,1.177619
0.4,0.4,0.9,0.4,unification,-0.112485,0.618767,0.892271,0.99359
0.4,0.4,0.9,0.5,unification,-0.119272,0.699458,0.72631,0.816733
0.4,0.4,0.9,0.6,unification,0.017381,0.812179,0.702099,0.816177
0.4,0.4,0.9,0.7,antifragile,0.162116,0.896154,0.700754,0.737925
0.4,0.4,0.9,0.8,antifragile,0.313693,0.930468,0.599831,0.76995
0.4,0.4,0.9,0.9,antifragile,0.328806,1.047062,0.522344,0.558637
0.4,0.4,0.9,1.0,antifragile,0.496918,1.210327,0.544068,0.498766
0.4,0.4,1.0,0.0,unification,-0.762139,0.153643,0.952698,1.526828
0.4,0.4,1.0,0.1,unification,-0.549696,0.282978,1.012073,1.448812
0.4,0.4,1.0,0.2,unification,-0.47494,0.449681,0.89881,1.302566
0.4,0.4,1.0,0.3,unification,-0.393387,0.507362,0.838293,1.307399
0.4,0.4,1.0,0.4,unification,-0.231911,0.657515,0.867971,1.122484
0.4,0.4,1.0,0.5,unification,-0.117145,0.716528,0.794279,0.96512
0.4,0.4,1.0,0.6,unification,-0.131313,0.773069,0.867009,0.914958
0.4,0.4,1.0,0.7,unification,0.056382,0.837578,0.846027,1.007935
0.4,0.4,1.0,0.8,antifragile,0.201223,0.9949,0.75351,0.745984
0.4,0.4,1.0,0.9,antifragile,0.324926,0.99402,0.661423,0.781987
0.4,0.4,1.0,1.0,antifragile,0.404047,1.195125,0.694963,0.552153
0.4,0.5,0.0,0.0,antifragile,0.016115,0.643105,0.35512,0.37283
0.4,0.5,0.0,0.1,antifragile,0.254611,0.724652,0.29872,0.259791
0.4,0.5,0.0,0.2,antifragile,0.392793,0.757676,0.227178,0.200001
0.4,0.5,0.0,0.3,antifragile,0.412028,0.832851,0.286705,0.060406
0.4,0.5,0.0,0.4,antifragile,0.583498,0.99399,0.132289,0.053574
0.4,0.5,0.0,0.5,antifragile,0.691449,1.016487,0.121841,-0.092235
0.4,0.5,0.0,0.6,antifragile,0.872033,1.176456,0.019992,-0.132886
0.4,0.5,0.0,0.7,antifragile,0.848757,1.262889,0.003715,-0.276344
0.4,0.5,0.0,0.8,antifragile,0.963028,1.466747,-0.02043,-0.341587
0.4,0.5,0.0,0.9,antifragile,1.084754,1.463558,-0.096925,-0.459731
0.4,0.5,0.0,1.0,antifragile,1.223379,1.533002,-0.125852,-0.534565
0.4,0.5,0.1,0.0,antifragile,0.015451,0.526518,0.349582,0.498825
0.4,0.5,0.1,0.1,antifragile,0.256311,0.711588,0.437096,0.371615
0.4,0.5,0.1,0.2,antifragile,0.338734,0.751364,0.349318,0.337885
0.4,0.5,0.1,0.3,antifragile,0.347837,0.870975,0.284247,0.141591
0.4,0.5,0.1,0.4,antifragile,0.468794,0.97362,0.233871,0.168474
0.4,0.5,0.1,0.5,antifragile,0.547429,1.037811,0.175183,0.049827
0.4,0.5,0.1,0.6,antifragile,0.661037,1.165743,0.157273,-0.012773
0.4,0.5,0.1,0.7,antifragile,0.907539,1.23869,0.160025,-0.096353
0.4,0.5,0.1,0.8,antifragile,0.897342,1.257043,0.07207,-0.328174
0.4,0.5,0.1,0.9,antifragile,1.038623,1.42077,0.009122,-0.284618
0.4,0.5,0.1,1.0,antifragile,1.072442,1.56928,-0.036863,-0.413605
0.4,0.5,0.2,0.0,unification,-0.027767,0.520538,0.447083,0.586798
0.4,0.5,0.2,0.1,antifragile,0.054718,0.677291,0.448477,0.52328
0.4,0.5,0.2,0.2,antifragile,0.207622,0.706377,0.405078,0.447556
0.4,0.5,0.2,0.3,antifragile,0.304489,0.777793,0.288033,0.400342
0.4,0.5,0.2,0.4,antifragile,0.460246,0.840406,0.313965,0.247556
0.4,0.5,0.2,0.5,antifragile,0.539169,1.002332,0.431374,0.169928
0.4,0.5,0.2,0.6,antifragile,0.681865,1.166732,0.25168,0.101854
0.4,0.5,0.2,0.7,antifragile,0.719742,1.18051,0.241665,-0.028632
0.4,0.5,0.2,0.8,antifragile,0.816951,1.260891,0.05869,-0.027054
0.4,0.5,0.2,0.9,antifragile,0.988146,1.338289,0.156507,-0.234183
0.4,0.5,0.2,1.0,antifragile,1.046198,1.458687,0.069387,-0.235873
0.4,0.5,0.3,0.0,unification,-0.148852,0.460611,0.544565,0.803161
0.4,0.5,0.3,0.1,antifragile,-0.063936,0.687767,0.478242,0.662003
0.4,0.5,0.3,0.2,antifragile,0.10356,0.655412,0.539118,0.592261
0.4,0.5,0.3,0.3,antifragile,0.174755,0.833563,0.379225,0.451726
0.4,0.5,0.3,0.4,antifragile,0.323129,0.900073,0.406131,0.38864
0.4,0.5,0.3,0.5,antifragile,0.392428,1.01157,0.36202,0.266388
0.4,0.5,0.3,0.6,antifragile,0.468505,1.125673,0.274062,0.238637
0.4,0.5,0.3,0.7,antifragile,0.692545,1.172105,0.232118,0.089215
0.4,0.5,0.3,0.8,antifragile,0.828494,1.187942,0.202337,0.073625
0.4,0.5,0.3,0.9,antifragile,0.834056,1.36369,0.116611,-0.04052
0.4,0.5,0.3,1.0,antifragile,0.988884,1.464054,0.121377,-0.166086
0.4,0.5,0.4,0.0,unification,-0.224314,0.379377,0.699214,0.86787
0.4,0.5,0.4,0.1,unification,-0.159841,0.487275,0.563347,0.696903
0.4,0.5,0.4,0.2,unification,0.009739,0.594858,0.574984,0.716877
0.4,0.5,0.4,0.3,antifragile,0.1433,0.742592,0.571262,0.674306
0.4,0.5,0.4,0.4,antifragile,0.217911,0.840926,0.447126,0.470619
0.4,0.5,0.4,0.5,antifragile,0.379104,0.950287,0.469341,0.405465
0.4,0.5,0.4,0.6,antifragile,0.506196,1.003569,0.354908,0.321316
0.4,0.5,0.4,0.7,antifragile,0.61356,1.054448,0.317444,0.409925
0.4,0.5,0.4,0.8,antifragile,0.692052,1.168347,0.260928,0.096365
0.4,0.5,0.4,0.9,antifragile,0.759856,1.336401,0.35094,0.000301
0.4,0.5,0.4,1.0,antifragile,0.798731,1.389022,0.374384,0.054295
0.4,0.5,0.5,0.0,unification,-0.30636,0.348754,0.614001,0.986942
0.4,0.5,0.5,0.1,unification,-0.219968,0.49161,0.660978,0.862582
0.4,0.5,0.5,0.2,unification,-0.153882,0.669475,0.595674,0.801193
0.4,0.5,0.5,0.3,unification,0.003046,0.730314,0.557408,0.778903
0.4,0.5,0.5,0.4,antifragile,0.086017,0.781905,0.642155,0.596539
0.4,0.5,0.5,0.5,antifragile,0.261045,0.935231,0.535495,0.554123
0.4,0.5,0.5,0.6,antifragile,0.441285,0.979308,0.490204,0.458174
0.4,0.5,0.5,0.7,antifragile,0.452554,1.123206,0.426235,0.284573
0.4,0.5,0.5,0.8,antifragile,0.580679,1.116083,0.437094,0.304934
0.4,0.5,0.5,0.9,antifragile,0.712155,1.217583,0.333239,0.202998
0.4,0.5,0.5,1.0,antifragile,0.700886,1.415571,0.238729,0.189866
0.4,0.5,0.6,0.0,unification,-0.39378,0.365057,0.822256,1.125887
0.4,0.5,0.6,0.1,unification,-0.325021,0.484907,0.801559,0.977766
0.4,0.5,0.6,0.2,unification,-0.17769,0.433684,0.62852,0.968226
0.4,0.5,0.6,0.3,unification,-0.105891,0.617328,0.682349,0.835202
0.4,0.5,0.6,0.4,unification,-0.02443,0.673048,0.546592,0.80694
0.4,0.5,0.6,0.5,antifragile,0.113875,0.898477,0.583367,0.702748
0.4,0.5,0.6,0.6,antifragile,0.23873,0.947222,0.569652,0.577715
0.4,0.5,0.6,0.7,antifragile,0.293519,1.078307,0.604677,0.597961
0.4,0.5,0.6,0.8,antifragile,0.437337,1.098341,0.457286,0.421208
0.4,0.5,0.6,0.9,antifragile,0.572377,1.180104,0.371013,0.347497
0.4,0.5,0.6,1.0,antifragile,0.50848,1.319967,0.357763,0.299008
0.4,0.5,0.7,0.0,unification,-0.452618,0.393562,0.872678,1.178243
0.4,0.5,0.7,0.1,unification,-0.43573,0.449381,0.767707,1.219677
0.4,0.5,0.7,0.2,unification,-0.301532,0.555009,0.720929,1.018701
0.4,0.5,0.7,0.3,unification,-0.270284,0.676059,0.76199,1.008565
0.4,0.5,0.7,0.4,unification,-0.061829,0.743424,0.713128,0.884823
0.4,0.5,0.7,0.5,unification,0.040413,0.835282,0.711606,0.950572
0.4,0.5,0.7,0.6,antifragile,0.23908,0.821062,0.642845,0.704705
0.4,0.5,0.7,0.7,antifragile,0.329007,0.989213,0.633214,0.523147
0.4,0.5,0.7,0.8,antifragile,0.29932,1.204615,0.572512,0.505077
0.4,0.5,0.7,0.9,antifragile,0.497144,1.142347,0.515831,0.397369
0.4,0.5,0.7,1.0,antifragile,0.555564,1.269183,0.546035,0.408202
0.4,0.5,0.8,0.0,unification,-0.563074,0.303711,1.016142,1.316324
0.4,0.5,0.8,0.1,unification,-0.521635,0.42038,0.921043,1.274308
0.4,0.5,0.8,0.2,unification,-0.383207,0.557673,0.960278,1.158692
0.4,0.5,0.8,0.3,unification,-0.352993,0.554425,0.810152,1.146587
0.4,0.5,0.8,0.4,unification,-0.108975,0.633446,0.777275,0.946049
0.4,0.5,0.8,0.5,unification,-0.038281,0.777754,0.814456,0.959857
0.4,0.5,0.8,0.6,unification,0.09551,0.7979,0.703684,0.897445
0.4,0.5,0.8,0.7,antifragile,0.148071,0.888622,0.735399,0.736137
0.4,0.5,0.8,0.8,antifragile,0.338132,1.064079,0.641139,0.74816
0.4,0.5,0.8,0.9,antifragile,0.329867,1.231711,0.583032,0.603118
0.4,0.5,0.8,1.0,antifragile,0.513591,1.233644,0.536894,0.491509
0.4,0.5,0.9,0.0,unification,-0.735728,0.368098,1.035943,1.542947
0.4,0.5,0.9,0.1,unification,-0.523641,0.383146,1.013216,1.409689
0.4,0.5,0.9,0.2,unification,-0.436392,0.465023,0.901663,1.224084
0.4,0.5,0.9,0.3,unification,-0.279551,0.423264,0.949784,1.218251
0.4,0.5,0.9,0.4,unification,-0.23696,0.593002,0.917534,1.155301
0.4,0.5,0.9,0.5,unification,0.003051,0.751499,0.927412,0.985066
0.4,0.5,0.9,0.6,unification,0.026005,0.851314,0.833487,0.989178
0.4,0.5,0.9,0.7,antifragile,0.170317,0.947755,0.740794,0.859203
0.4,0.5,0.9,0.8,antifragile,0.235856,1.052373,0.663476,0.830732
0.4,0.5,0.9,0.9,antifragile,0.250883,1.146913,0.659722,0.705926
0.4,0.5,0.9,1.0,antifragile,0.38776,1.295946,0.680092,0.698056
0.4,0.5,1.0,0.0,unification,-0.630239,0.23734,1.2201,1.575027
0.4,0.5,1.0,0.1,unification,-0.602256,0.289625,1.104079,1.551844
0.4,0.5,1.0,0.2,unification,-0.520288,0.361372,1.021649,1.470573
0.4,0.5,1.0,0.3,unification,-0.463386,0.450133,1.021451,1.349051
0.4,0.5,1.0,0.4,unification,-0.326154,0.641462,1.008283,1.231591
0.4,0.5,1.0,0.5,unification,-0.245541,0.756389,0.917841,1.165245
0.4,0.5,1.0,0.6,unification,-0.190213,0.803566,0.922264,1.001225
0.4,0.5,1.0,0.7,unification,-0.058513,0.828914,0.904418,0.919382
0.4,0.5,1.0,0.8,antifragile,0.101066,1.030893,0.834391,0.908002
0.4,0.5,1.0,0.9,antifragile,0.232323,1.141849,0.779619,0.733053
0.4,0.5,1.0,1.0,antifragile,0.382387,1.205013,0.743346,0.660981
0.4,0.6,0.0,0.0,antifragile,0.035085,0.586226,0.349186,0.473178
0.4,0.6,0.0,0.1,antifragile,0.133202,0.701495,0.406981,0.407779
0.4,0.6,0.0,0.2,antifragile,0.245224,0.788881,0.307257,0.297628
0.4,0.6,0.0,0.3,antifragile,0.409203,0.862872,0.362922,0.254239
0.4,0.6,0.0,0.4,antifragile,0.353104,1.014267,0.302037,0.159435
0.4,0.6,0.0,0.5,antifragile,0.579383,1.101945,0.218916,0.093479
0.4,0.6,0.0,0.6,antifragile,0.639245,1.169749,0.251929,-0.028353
0.4,0.6,0.0,0.7,antifragile,0.896395,1.44428,0.105398,-0.174864
0.4,0.6,0.0,0.8,antifragile,0.916723,1.44495,0.151945,-0.086401
0.4,0.6,0.0,0.9,antifragile,1.03816,1.509403,0.014412,-0.410349
0.4,0.6,0.0,1.0,antifragile,1.148017,1.522312,0.042168,-0.46407
0.4,0.6,0.1,0.0,antifragile,-0.076967,0.608384,0.513618,0.602628
0.4,0.6,0.1,0.1,antifragile,0.163367,0.768473,0.420784,0.60047
0.4,0.6,0.1,0.2,antifragile,0.26811,0.778805,0.41727,0.432464
0.4,0.6,0.1,0.3,antifragile,0.25775,0.852717,0.440966,0.371869
0.4,0.6,0.1,0.4,antifragile,0.372291,0.9287,0.297094,0.256807
0.4,0.6,0.1,0.5,antifragile,0.555658,1.026996,0.340085,0.189848
0.4,0.6,0.1,0.6,antifragile,0.627142,1.21629,0.297168,0.024774
0.4,0.6,0.1,0.7,antifragile,0.675799,1.248524,0.232799,0.078229
0.4,0.6,0.1,0.8,antifragile,0.843253,1.440185,0.139666,-0.101879
0.4,0.6,0.1,0.9,antifragile,0.934716,1.409139,0.19297,-0.298492
0.4,0.6,0.1,1.0,antifragile,1.034822,1.60241,0.079384,-0.191356
0.4,0.6,0.2,0.0,unification,-0.020116,0.564019,0.638447,0.850957
0.4,0.6,0.2,0.1,unification,0.000105,0.652597,0.585123,0.704211
0.4,0.6,0.2,0.2,antifragile,0.088059,0.725808,0.58587,0.546469
0.4,0.6,0.2,0.3,antifragile,0.259686,0.858143,0.551348,0.432548
0.4,0.6,0.2,0.4,antifragile,0.267451,0.982724,0.363483,0.395831
0.4,0.6,0.2,0.5,antifragile,0.49742,0.945758,0.400107,0.365587
0.4,0.6,0.2,0.6,antifragile,0.528705,1.083645,0.32687,0.178074
0.4,0.6,0.2,0.7,antifragile,0.643458,1.211165,0.274337,0.158307
0.4,0.6,0.2,0.8,antifragile,0.828956,1.336391,0.327183,0.128941
0.4,0.6,0.2,0.9,antifragile,0.830668,1.428743,0.198753,-0.109108
0.4,0.6,0.2,1.0,antifragile,0.987788,1.457393,0.204215,-0.197794
0.4,0.6,0.3,0.0,unification,-0.21145,0.446463,0.698693,0.835331
0.4,0.6,0.3,0.1,unification,-0.13449,0.676325,0.608921,0.775543
0.4,0.6,0.3,0.2,antifragile,-0.009931,0.74037,0.637147,0.726782
0.4,0.6,0.3,0.3,antifragile,0.086667,0.870452,0.499182,0.562876
0.4,0.6,0.3,0.4,antifragile,0.21361,0.95734,0.446492,0.559574
0.4,0.6,0.3,0.5,antifragile,0.327263,0.978313,0.51989,0.389866
0.4,0.6,0.3,0.6,antifragile,0.554284,1.086168,0.432492,0.422145
0.4,0.6,0.3,0.7,antifragile,0.558796,1.249443,0.287342,0.23787
0.4,0.6,0.3,0.8,antifragile,0.679837,1.339071,0.383485,0.208802
0.4,0.6,0.3,0.9,antifragile,0.823053,1.403751,0.197841,0.16211
0.4,0.6,0.3,1.0,antifragile,0.838117,1.490681,0.27405,0.007366
0.4,0.6,0.4,0.0,unification,-0.365302,0.393065,0.699881,1.021312
0.4,0.6,0.4,0.1,unification,-0.272331,0.540986,0.730902,0.843629
0.4,0.6,0.4,0.2,unification,-0.117152,0.684091,0.684132,0.757639
0.4,0.6,0.4,0.3,antifragile,0.027047,0.794943,0.56634,0.735742
0.4,0.6,0.4,0.4,antifragile,0.094171,0.876196,0.626154,0.631187
0.4,0.6,0.4,0.5,antifragile,0.285671,1.004541,0.595392,0.575155
0.4,0.6,0.4,0.6,antifragile,0.405038,1.079255,0.426637,0.430396
0.4,0.6,0.4,0.7,antifragile,0.449437,1.150639,0.487887,0.344652
0.4,0.6,0.4,0.8,antifragile,0.670435,1.244877,0.429616,0.266463
0.4,0.6,0.4,0.9,antifragile,0.629831,1.338685,0.391378,0.210655
0.4,0.6,0.4,1.0,antifragile,0.872758,1.433685,0.345704,0.170765
0.4,0.6,0.5,0.0,unification,-0.408553,0.481967,0.771048,1.041443
0.4,0.6,0.5,0.1,unification,-0.283897,0.538419,0.754549,1.026093
0.4,0.6,0.5,0.2,unification,-0.169545,0.609505,0.72906,0.945831
0.4,0.6,0.5,0.3,unification,-0.121054,0.709798,0.741697,0.848808
0.4,0.6,0.5,0.4,antifragile,0.01614,0.789847,0.624339,0.758412
0.4,0.6,0.5,0.5,antifragile,0.251291,0.958289,0.568357,0.715361
0.4,0.6,0.5,0.6,antifragile,0.222056,1.024757,0.565557,0.696138
0.4,0.6,0.5,0.7,antifragile,0.313295,1.135681,0.520734,0.546941
0.4,0.6,0.5,0.8,antifragile,0.494673,1.277728,0.550906,0.390323
0.4,0.6,0.5,0.9,antifragile,0.73581,1.337771,0.447467,0.350277
0.4,0.6,0.5,1.0,antifragile,0.731542,1.43464,0.459801,0.303324
0.4,0.6,0.6,0.0,unification,-0.446591,0.377622,1.025403,1.328444
0.4,0.6,0.6,0.1,unification,-0.339952,0.516935,0.882794,1.128812
0.4,0.6,0.6,0.2,unification,-0.279719,0.500661,0.916513,1.118873
0.4,0.6,0.6,0.3,unification,-0.243834,0.749499,0.799614,0.965048
0.4,0.6,0.6,0.4,unification,-0.025358,0.712861,0.759438,0.893974
0.4,0.6,0.6,0.5,unification,0.064022,0.826626,0.742346,0.857991
0.4,0.6,0.6,0.6,antifragile,0.190367,0.978541,0.814452,0.673771
0.4,0.6,0.6,0.7,antifragile,0.318673,1.097164,0.740616,0.654337
0.4,0.6,0.6,0.8,antifragile,0.420058,1.205286,0.547084,0.506556
0.4,0.6,0.6,0.9,antifragile,0.486217,1.322869,0.571655,0.454663
0.4,0.6,0.6,1.0,antifragile,0.67861,1.270879,0.455209,0.25517
0.4,0.6,0.7,0.0,unification,-0.519584,0.380164,1.053315,1.349537
0.4,0.6,0.7,0.1,unification,-0.418841,0.473662,0.985496,1.283176
0.4,0.6,0.7,0.2,unification,-0.343115,0.659237,0.843779,1.181581
0.4,0.6,0.7,0.3,unification,-0.240101,0.672414,0.865106,1.073264
0.4,0.6,0.7,0.4,unification,-0.063499,0.761464,0.966897,1.041414
0.4,0.6,0.7,0.5,unification,-0.044483,0.887634,0.810447,0.9971
0.4,0.6,0.7,0.6,unification,0.021614,0.864941,0.783049,0.886785
0.4,0.6,0.7,0.7,antifragile,0.204295,1.083624,0.751272,0.68598
0.4,0.6,0.7,0.8,antifragile,0.314062,1.210839,0.693588,0.609502
0.4,0.6,0.7,0.9,antifragile,0.393307,1.267838,0.734782,0.492183
0.4,0.6,0.7,1.0,antifragile,0.538062,1.28839,0.630386,0.534392
0.4,0.6,0.8,0.0,unification,-0.681657,0.38158,1.146995,1.471771
0.4,0.6,0.8,0.1,unification,-0.626858,0.516279,1.091435,1.423188
0.4,0.6,0.8,0.2,unification,-0.484548,0.589272,1.112121,1.303934
0.4,0.6,0.8,0.3,unification,-0.335275,0.58174,0.934023,1.171272
0.4,0.6,0.8,0.4,unification,-0.223459,0.712961,0.94864,1.095405
0.4,0.6,0.8,0.5,unification,-0.128378,0.777323,0.899379,0.973384
0.4,0.6,0.8,0.6,antifragile,-0.002421,0.906063,0.859048,0.887387
0.4,0.6,0.8,0.7,antifragile,0.132736,1.000063,0.820856,0.791496
0.4,0.6,0.8,0.8,antifragile,0.147863,1.090492,0.838775,0.826364
0.4,0.6,0.8,0.9,antifragile,0.326494,1.158785,0.674687,0.728833
0.4,0.6,0.8,1.0,antifragile,0.465034,1.310449,0.775478,0.595877
0.4,0.6,0.9,0.0,unification,-0.751032,0.230341,1.185552,1.678469
0.4,0.6,0.9,0.1,unification,-0.702075,0.452107,1.207052,1.485514
0.4,0.6,0.9,0.2,unification,-0.516653,0.583982,1.106524,1.474336
0.4,0.6,0.9,0.3,unification,-0.518697,0.629857,1.080862,1.283689
0.4,0.6,0.9,0.4,unification,-0.368216,0.7252,0.999864,1.320597
0.4,0.6,0.9,0.5,unification,-0.194464,0.792823,0.966478,1.194634
0.4,0.6,0.9,0.6,unification,-0.059853,0.911693,0.91385,1.156972
0.4,0.6,0.9,0.7,unification,0.042885,0.999262,0.899585,1.035002
0.4,0.6,0.9,0.8,antifragile,0.028416,1.087065,0.937009,0.935999
0.4,0.6,0.9,0.9,antifragile,0.234174,1.140206,0.839636,0.830246
0.4,0.6,0.9,1.0,antifragile,0.405465,1.221819,0.752385,0.724956
0.4,0.6,1.0,0.0,unification,-0.758271,0.270512,1.232596,1.62547
0.4,0.6,1.0,0.1,unification,-0.785569,0.401394,1.246194,1.61244
0.4,0.6,1.0,0.2,unification,-0.659783,0.562994,1.314819,1.617489
0.4,0.6,1.0,0.3,unification,-0.442036,0.653571,1.250729,1.459904
0.4,0.6,1.0,0.4,unification,-0.453913,0.751674,1.051785,1.33857
0.4,0.6,1.0,0.5,unification,-0.350282,0.74843,0.960781,1.233345
0.4,0.6,1.0,0.6,unification,-0.221117,0.790204,1.073121,1.220332
0.4,0.6,1.0,0.7,unification,-0.051149,0.968377,0.969661,1.184407
0.4,0.6,1.0,0.8,unification,0.052607,1.02408,0.855805,1.076033
0.4,0.6,1.0,0.9,antifragile,0.076935,1.154014,0.903944,0.896982
0.4,0.6,1.0,1.0,antifragile,0.26292,1.239566,0.869747,0.88735
0.4,0.7,0.0,0.0,antifragile,-0.057619,0.70458,0.490617,0.54627
0.4,0.7,0.0,0.1,antifragile,0.118732,0.816822,0.51531,0.50464
0.4,0.7,0.0,0.2,antifragile,0.098027,0.939085,0.347245,0.459303
0.4,0.7,0.0,0.3,antifragile,0.410512,0.967473,0.419562,0.363966
0.4,0.7,0.0,0.4,antifragile,0.424908,1.172531,0.322842,0.211564
0.4,0.7,0.0,0.5,antifragile,0.508625,1.237042,0.296156,0.196515
0.4,0.7,0.0,0.6,antifragile,0.68855,1.283949,0.335904,0.160899
0.4,0.7,0.0,0.7,antifragile,0.760412,1.317148,0.252361,-0.011953
0.4,0.7,0.0,0.8,antifragile,0.981078,1.408367,0.229157,-0.155043
0.4,0.7,0.0,0.9,antifragile,0.971641,1.515645,0.198784,-0.129912
0.4,0.7,0.0,1.0,antifragile,1.14585,1.691878,0.121685,-0.297219
0.4,0.7,0.1,0.0,unification,-0.156355,0.655137,0.617889,0.737896
0.4,0.7,0.1,0.1,antifragile,-0.031756,0.806862,0.496366,0.610477
0.4,0.7,0.1,0.2,antifragile,0.051145,0.819551,0.592328,0.540612
0.4,0.7,0.1,0.3,antifragile,0.220074,0.958212,0.473234,0.489131
0.4,0.7,0.1,0.4,antifragile,0.337538,0.96346,0.426784,0.402729
0.4,0.7,0.1,0.5,antifragile,0.49911,1.179063,0.514774,0.324273
0.4,0.7,0.1,0.6,antifragile,0.524334,1.206802,0.364312,0.194606
0.4,0.7,0.1,0.7,antifragile,0.674148,1.326474,0.271312,0.184409
0.4,0.7,0.1,0.8,antifragile,0.67316,1.388876,0.347466,0.07537
0.4,0.7,0.1,0.9,antifragile,0.857151,1.593441,0.227996,-0.140098
0.4,0.7,0.1,1.0,antifragile,1.007637,1.501074,0.168428,-0.093862
0.4,0.7,0.2,0.0,unification,-0.228043,0.63403,0.637095,0.892924
0.4,0.7,0.2,0.1,unification,-0.179547,0.765932,0.631232,0.841558
0.4,0.7,0.2,0.2,antifragile,-0.027026,0.891238,0.567117,0.590303
0.4,0.7,0.2,0.3,antifragile,0.127155,0.951699,0.614539,0.653149
0.4,0.7,0.2,0.4,antifragile,0.275526,0.943987,0.573321,0.514642
0.4,0.7,0.2,0.5,antifragile,0.309513,1.088968,0.492184,0.4958
0.4,0.7,0.2,0.6,antifragile,0.429256,1.146919,0.420068,0.434842
0.4,0.7,0.2,0.7,antifragile,0.532866,1.334842,0.363431,0.280331
0.4,0.7,0.2,0.8,antifragile,0.688125,1.426668,0.429419,0.174095
0.4,0.7,0.2,0.9,antifragile,0.758146,1.541248,0.303153,-0.028386
0.4,0.7,0.2,1.0,antifragile,0.802072,1.474247,0.324785,0.110723
0.4,0.7,0.3,0.0,unification,-0.396998,0.530872,0.784451,1.052275
0.4,0.7,0.3,0.1,unification,-0.224397,0.69454,0.727496,1.020358
0.4,0.7,0.3,0.2,unification,-0.067773,0.777784,0.704213,0.784266
0.4,0.7,0.3,0.3,antifragile,0.082494,0.797049,0.559902,0.71249
0.4,0.7,0.3,0.4,antifragile,0.185778,0.920961,0.629325,0.573965
0.4,0.7,0.3,0.5,antifragile,0.308133,1.077595,0.580986,0.558436
0.4,0.7,0.3,0.6,antifragile,0.295321,1.072555,0.5339,0.490687
0.4,0.7,0.3,0.7,antifragile,0.503219,1.216853,0.537269,0.45104
0.4,0.7,0.3,0.8,antifragile,0.580567,1.345483,0.449607,0.288685
0.4,0.7,0.3,0.9,antifragile,0.703478,1.510163,0.465764,0.251259
0.4,0.7,0.3,1.0,antifragile,0.782313,1.475091,0.399477,0.187187
0.4,0.7,0.4,0.0,unification,-0.29883,0.412368,0.987319,1.120849
0.4,0.7,0.4,0.1,unification,-0.229553,0.543003,0.813155,1.056142
0.4,0.7,0.4,0.2,unification,-0.223737,0.580584,0.801775,0.927511
0.4,0.7,0.4,0.3,unification,0.017067,0.812004,0.740664,0.879884
0.4,0.7,0.4,0.4,antifragile,0.106676,0.879563,0.752225,0.733913
0.4,0.7,0.4,0.5,antifragile,0.165826,1.043538,0.707257,0.690916
0.4,0.7,0.4,0.6,antifragile,0.220972,1.011487,0.615602,0.638564
0.4,0.7,0.4,0.7,antifragile,0.407485,1.212102,0.584649,0.520455
0.4,0.7,0.4,0.8,antifragile,0.445295,1.33401,0.587315,0.402237
0.4,0.7,0.4,0.9,antifragile,0.62685,1.304173,0.514002,0.328344
0.4,0.7,0.4,1.0,antifragile,0.777962,1.475068,0.508433,0.230441
0.4,0.7,0.5,0.0,unification,-0.589305,0.488723,0.959838,1.232542
0.4,0.7,0.5,0.1,unification,-0.356702,0.569677,0.893814,1.083683
0.4,0.7,0.5,0.2,unification,-0.35483,0.684677,0.83274,1.108992
0.4,0.7,0.5,0.3,unification,-0.254099,0.799551,0.936074,0.960858
0.4,0.7,0.5,0.4,antifragile,-0.035137,0.901317,0.815226,0.864575
0.4,0.7,0.5,0.5,antifragile,0.024585,1.007636,0.654597,0.841611
0.4,0.7,0.5,0.6,antifragile,0.16541,1.070154,0.68372,0.786544
0.4,0.7,0.5,0.7,antifragile,0.307451,1.148913,0.652505,0.622592
0.4,0.7,0.5,0.8,antifragile,0.524847,1.194146,0.684144,0.573405
0.4,0.7,0.5,0.9,antifragile,0.591991,1.386453,0.590168,0.511001
0.4,0.7,0.5,1.0,antifragile,0.636488,1.487748,0.621411,0.379626
0.4,0.7,0.6,0.0,unification,-0.586219,0.432809,1.057527,1.306092
0.4,0.7,0.6,0.1,unification,-0.47249,0.511622,1.020417,1.227392
0.4,0.7,0.6,0.2,unification,-0.409337,0.599461,0.926446,1.155985
0.4,0.7,0.6,0.3,unification,-0.222427,0.741919,0.933516,1.117531
0.4,0.7,0.6,0.4,unification,-0.087975,0.749609,0.818639,1.037744
0.4,0.7,0.6,0.5,antifragile,-0.004429,0.988847,0.757799,0.901242
0.4,0.7,0.6,0.6,antifragile,0.080181,1.043328,0.796794,0.863454
0.4,0.7,0.6,0.7,antifragile,0.199267,1.198617,0.83956,0.699105
0.4,0.7,0.6,0.8,antifragile,0.317256,1.2649,0.744266,0.649608
0.4,0.7,0.6,0.9,antifragile,0.437743,1.240827,0.674043,0.511985
0.4,0.7,0.6,1.0,antifragile,0.560399,1.359202,0.643152,0.51596
0.4,0.7,0.7,0.0,unification,-0.651207,0.398402,1.109482,1.534054
0.4,0.7,0.7,0.1,unification,-0.56623,0.526072,1.052161,1.441021
0.4,0.7,0.7,0.2,unification,-0.431108,0.581801,1.040356,1.292948
0.4,0.7,0.7,0.3,unification,-0.255371,0.712766,0.930863,1.244932
0.4,0.7,0.7,0.4,unification,-0.125696,0.869847,0.904853,1.121564
0.4,0.7,0.7,0.5,unification,-0.106534,0.904073,0.939048,1.032795
0.4,0.7,0.7,0.6,antifragile,-0.040781,1.04759,0.823822,0.924894
0.4,0.7,0.7,0.7,antifragile,0.058511,1.125611,0.845324,0.924175
0.4,0.7,0.7,0.8,antifragile,0.18574,1.127349,0.777805,0.785875
0.4,0.7,0.7,0.9,antifragile,0.345455,1.20088,0.783937,0.665288
0.4,0.7,0.7,1.0,antifragile,0.412629,1.438685,0.61084,0.641125
0.4,0.7,0.8,0.0,unification,-0.729064,0.354061,1.18265,1.661052
0.4,0.7,0.8,0.1,unification,-0.536854,0.543236,1.259294,1.480433
0.4,0.7,0.8,0.2,unification,-0.604004,0.582369,1.165243,1.337262
0.4,0.7,0.8,0.3,unification,-0.461323,0.63923,1.102828,1.356381
0.4,0.7,0.8,0.4,unification,-0.343758,0.783991,0.98776,1.238679
0.4,0.7,0.8,0.5,unification,-0.258239,0.862488,0.964976,1.209519
0.4,0.7,0.8,0.6,unification,-0.086309,0.953663,1.053406,1.109164
0.4,0.7,0.8,0.7,antifragile,0.006592,1.030813,0.865941,1.001706
0.4,0.7,0.8,0.8,antifragile,0.150381,1.059281,0.816801,0.894195
0.4,0.7,0.8,0.9,antifragile,0.190091,1.252163,0.854108,0.828885
0.4,0.7,0.8,1.0,antifragile,0.382509,1.315754,0.802705,0.699834
0.4,0.7,0.9,0.0,unification,-0.820769,0.363795,1.230073,1.717247
0.4,0.7,0.9,0.1,unification,-0.726891,0.469051,1.265906,1.603941
0.4,0.7,0.9,0.2,unification,-0.576818,0.576153,1.173771,1.497865
0.4,0.7,0.9,0.3,unification,-0.537408,0.571418,1.1804,1.529178
0.4,0.7,0.9,0.4,unification,-0.323923,0.685533,1.16934,1.389225
0.4,0.7,0.9,0.5,unification,-0.404797,0.81838,1.067816,1.360541
0.4,0.7,0.9,0.6,unification,-0.218548,0.958153,1.044646,1.14271
0.4,0.7,0.9,0.7,unification,-0.092609,1.101582,1.001331,1.175293
0.4,0.7,0.9,0.8,antifragile,0.087553,1.097587,0.905829,0.987409
0.4,0.7,0.9,0.9,antifragile,0.227583,1.222587,0.843309,1.001698
0.4,0.7,0.9,1.0,antifragile,0.175657,1.268694,0.894065,1.001021
0.4,0.7,1.0,0.0,unification,-0.8842,0.300881,1.376416,1.895985
0.4,0.7,1.0,0.1,unification,-0.743907,0.407618,1.324069,1.723498
0.4,0.7,1.0,0.2,unification,-0.671742,0.566299,1.198066,1.66016
0.4,0.7,1.0,0.3,unification,-0.655672,0.617545,1.193103,1.528993
0.4,0.7,1.0,0.4,unification,-0.428824,0.69672,1.212005,1.531584
0.4,0.7,1.0,0.5,unification,-0.326459,0.77907,1.155184,1.405397
0.4,0.7,1.0,0.6,unification,-0.210925,0.891593,1.120445,1.359545
0.4,0.7,1.0,0.7,unification,-0.063437,0.993714,1.081528,1.35215
0.4,0.7,1.0,0.8,antifragile,0.02149,1.144241,1.029966,1.140009
0.4,0.7,1.0,0.9,antifragile,-0.026708,1.228246,1.01885,0.994956
0.4,0.7,1.0,1.0,antifragile,0.235092,1.258132,0.964296,0.924352
0.4,0.8,0.0,0.0,antifragile,-0.07539,0.745089,0.637601,0.699088
0.4,0.8,0.0,0.1,antifragile,0.141323,0.754832,0.563928,0.670413
0.4,0.8,0.0,0.2,antifragile,0.069278,0.85559,0.616576,0.58026
0.4,0.8,0.0,0.3,antifragile,0.254207,1.014091,0.485392,0.452366
0.4,0.8,0.0,0.4,antifragile,0.336046,1.142311,0.501293,0.333608
0.4,0.8,0.0,0.5,antifragile,0.489477,1.111075,0.423979,0.237898
0.4,0.8,0.0,0.6,antifragile,0.517145,1.386329,0.326466,0.16904
0.4,0.8,0.0,0.7,antifragile,0.69552,1.3615,0.367778,0.196477
0.4,0.8,0.0,0.8,antifragile,0.812731,1.456566,0.313314,0.06653
0.4,0.8,0.0,0.9,antifragile,0.921749,1.576038,0.29803,-0.026921
0.4,0.8,0.0,1.0,antifragile,0.995389,1.639738,0.27713,-0.11541
0.4,0.8,0.1,0.0,unification,-0.294049,0.643708,0.700966,0.834943
0.4,0.8,0.1,0.1,antifragile,-0.019803,0.940116,0.562059,0.77522
0.4,0.8,0.1,0.2,antifragile,0.033479,0.865976,0.672147,0.682489
0.4,0.8,0.1,0.3,antifragile,0.121928,0.971462,0.632828,0.613074
0.4,0.8,0.1,0.4,antifragile,0.259432,1.035828,0.705957,0.522976
0.4,0.8,0.1,0.5,antifragile,0.398123,1.13461,0.534479,0.42908
0.4,0.8,0.1,0.6,antifragile,0.374403,1.219167,0.448243,0.304977
0.4,0.8,0.1,0.7,antifragile,0.526508,1.352193,0.514868,0.256524
0.4,0.8,0.1,0.8,antifragile,0.630936,1.393455,0.386147,0.09422
0.4,0.8,0.1,0.9,antifragile,0.815223,1.607655,0.336205,0.083807
0.4,0.8,0.1,1.0,antifragile,0.888552,1.603519,0.334479,-0.038165
0.4,0.8,0.2,0.0,unification,-0.32042,0.569035,0.813229,1.02335
0.4,0.8,0.2,0.1,unification,-0.134635,0.8196,0.736274,0.92754
0.4,0.8,0.2,0.2,antifragile,-0.115132,0.875463,0.812209,0.824919
0.4,0.8,0.2,0.3,antifragile,0.133091,0.905063,0.683288,0.669216
0.4,0.8,0.2,0.4,antifragile,0.161739,1.043484,0.651302,0.606293
0.4,0.8,0.2,0.5,antifragile,0.245464,1.142259,0.602036,0.48741
0.4,0.8,0.2,0.6,antifragile,0.285136,1.190226,0.500887,0.418222
0.4,0.8,0.2,0.7,antifragile,0.468835,1.307695,0.4967,0.48456
0.4,0.8,0.2,0.8,antifragile,0.536945,1.470461,0.481872,0.257124
0.4,0.8,0.2,0.9,antifragile,0.739379,1.482356,0.409652,0.29449
0.4,0.8,0.2,1.0,antifragile,0.710277,1.587756,0.419504,0.190401
0.4,0.8,0.3,0.0,unification,-0.389922,0.748051,0.932956,0.976635
0.4,0.8,0.3,0.1,unification,-0.332684,0.721847,0.797807,1.037392
0.4,0.8,0.3,0.2,unification,-0.172686,0.745199,0.766771,0.967596
0.4,0.8,0.3,0.3,antifragile,-0.141148,0.952264,0.828727,0.82343
0.4,0.8,0.3,0.4,antifragile,-0.000222,1.022793,0.710682,0.679244
0.4,0.8,0.3,0.5,antifragile,0.275457,1.045779,0.621392,0.684253
0.4,0.8,0.3,0.6,antifragile,0.286608,1.259309,0.635974,0.566502
0.4,0.8,0.3,0.7,antifragile,0.416761,1.289976,0.626502,0.513598
0.4,0.8,0.3,0.8,antifragile,0.518231,1.354176,0.616634,0.397005
0.4,0.8,0.3,0.9,antifragile,0.660218,1.539388,0.501123,0.450224
0.4,0.8,0.3,1.0,antifragile,0.694369,1.529731,0.522,0.267078
0.4,0.8,0.4,0.0,unification,-0.456409,0.620913,0.992632,1.323287
0.4,0.8,0.4,0.1,unification,-0.352661,0.632275,0.912415,1.158566
0.4,0.8,0.4,0.2,unification,-0.215702,0.780324,0.857525,1.105432
0.4,0.8,0.4,0.3,unification,-0.03315,0.866461,0.95053,1.008313
0.4,0.8,0.4,0.4,antifragile,0.090934,0.983632,0.82683,0.92212
0.4,0.8,0.4,0.5,antifragile,0.068321,1.075356,0.846536,0.835976
0.4,0.8,0.4,0.6,antifragile,0.198452,1.160021,0.777884,0.746222
0.4,0.8,0.4,0.7,antifragile,0.347503,1.261972,0.658773,0.591742
0.4,0.8,0.4,0.8,antifragile,0.443058,1.381573,0.695097,0.506239
0.4,0.8,0.4,0.9,antifragile,0.522442,1.376286,0.550429,0.459074
0.4,0.8,0.4,1.0,antifragile,0.707908,1.53499,0.675407,0.361795
0.4,0.8,0.5,0.0,unification,-0.548439,0.49545,1.047638,1.285503
0.4,0.8,0.5,0.1,unification,-0.517267,0.581353,1.029264,1.223165
0.4,0.8,0.5,0.2,unification,-0.354994,0.755494,0.90756,1.179052
0.4,0.8,0.5,0.3,unification,-0.177596,0.876728,0.970828,1.087391
0.4,0.8,0.5,0.4,unification,-0.141187,0.920882,0.987673,1.018653
0.4,0.8,0.5,0.5,antifragile,-0.005344,1.048185,0.867486,0.93129
0.4,0.8,0.5,0.6,antifragile,0.097664,1.094253,0.8748,0.737483
0.4,0.8,0.5,0.7,antifragile,0.24393,1.186162,0.689739,0.70127
0.4,0.8,0.5,0.8,antifragile,0.328198,1.310074,0.782,0.705401
0.4,0.8,0.5,0.9,antifragile,0.362664,1.418875,0.741427,0.590946
0.4,0.8,0.5,1.0,antifragile,0.575122,1.398374,0.615489,0.563302
0.4,0.8,0.6,0.0,unification,-0.653985,0.621155,1.086079,1.548189
0.4,0.8,0.6,0.1,unification,-0.560535,0.648122,1.095231,1.390784
0.4,0.8,0.6,0.2,unification,-0.390223,0.669332,1.110055,1.286706
0.4,0.8,0.6,0.3,unification,-0.301098,0.662741,1.013133,1.278177
0.4,0.8,0.6,0.4,unification,-0.165266,0.934327,0.992666,1.213814
0.4,0.8,0.6,0.5,unification,-0.075578,0.951995,0.992757,1.09113
0.4,0.8,0.6,0.6,antifragile,0.05148,1.059853,0.924074,1.029666
0.4,0.8,0.6,0.7,antifragile,0.153877,1.101112,0.838562,0.841237
0.4,0.8,0.6,0.8,antifragile,0.202284,1.164436,0.924529,0.746186
0.4,0.8,0.6,0.9,antifragile,0.309803,1.267915,0.833321,0.700457
0.4,0.8,0.6,1.0,antifragile,0.442454,1.4451,0.77939,0.595999
0.4,0.8,0.7,0.0,unification,-0.829445,0.410423,1.167826,1.608766
0.4,0.8,0.7,0.1,unification,-0.573499,0.64329,1.113255,1.541014
0.4,0.8,0.7,0.2,unification,-0.540754,0.811173,1.224178,1.510095
0.4,0.8,0.7,0.3,unification,-0.359878,0.779094,1.094871,1.310034
0.4,0.8,0.7,0.4,unification,-0.330005,0.885879,1.15302,1.23716
0.4,0.8,0.7,0.5,unification,-0.216117,0.875825,1.047235,1.231463
0.4,0.8,0.7,0.6,antifragile,-0.006034,1.113922,1.01577,1.089509
0.4,0.8,0.7,0.7,unification,0.104113,1.084497,0.932958,1.085542
0.4,0.8,0.7,0.8,antifragile,0.09627,1.233277,0.946567,0.919135
0.4,0.8,0.7,0.9,antifragile,0.317471,1.406284,0.898983,0.899503
0.4,0.8,0.7,1.0,antifragile,0.323566,1.417123,0.95526,0.842147
0.4,0.8,0.8,0.0,unification,-0.883847,0.439362,1.326804,1.740826
0.4,0.8,0.8,0.1,unification,-0.646298,0.626958,1.281871,1.691099
0.4,0.8,0.8,0.2,unification,-0.56759,0.628943,1.155092,1.600924
0.4,0.8,0.8,0.3,unification,-0.45974,0.744479,1.150937,1.562957
0.4,0.8,0.8,0.4,unification,-0.372376,0.762931,1.094884,1.413874
0.4,0.8,0.8,0.5,unification,-0.234638,0.891849,1.143131,1.32838
0.4,0.8,0.8,0.6,unification,-0.153004,0.974933,1.128068,1.251882
0.4,0.8,0.8,0.7,unification,-0.021616,1.063313,0.973448,1.128826
0.4,0.8,0.8,0.8,antifragile,0.106479,1.252019,1.029219,1.017477
0.4,0.8,0.8,0.9,antifragile,0.12979,1.294157,0.959631,1.010365
0.4,0.8,0.8,1.0,antifragile,0.256014,1.370168,1.02275,0.947561
0.4,0.8,0.9,0.0,unification,-0.954139,0.478438,1.348906,1.823297
0.4,0.8,0.9,0.1,unification,-0.816012,0.49612,1.395988,1.765324
0.4,0.8,0.9,0.2,unification,-0.659264,0.574908,1.343711,1.678948
0.4,0.8,0.9,0.3,unification,-0.649417,0.714151,1.289803,1.554305
0.4,0.8,0.9,0.4,unification,-0.491242,0.764984,1.232754,1.592948
0.4,0.8,0.9,0.5,unification,-0.255487,0.743698,1.229409,1.467748
0.4,0.8,0.9,0.6,unification,-0.260804,1.021405,1.247708,1.266408
0.4,0.8,0.9,0.7,unification,-0.133312,1.167837,1.063112,1.244238
0.4,0.8,0.9,0.8,antifragile,-0.05242,1.217595,1.144562,1.173116
0.4,0.8,0.9,0.9,antifragile,0.08161,1.174043,1.11615,1.062342
0.4,0.8,0.9,1.0,antifragile,0.182884,1.40358,1.01488,1.045192
0.4,0.8,1.0,0.0,unification,-0.969829,0.380189,1.505522,1.913861
0.4,0.8,1.0,0.1,unification,-0.897449,0.519202,1.405068,1.849236
0.4,0.8,1.0,0.2,unification,-0.823981,0.567669,1.480126,1.827358
0.4,0.8,1.0,0.3,unification,-0.778848,0.687431,1.347895,1.740469
0.4,0.8,1.0,0.4,unification,-0.567475,0.706977,1.326426,1.607926
0.4,0.8,1.0,0.5,unification,-0.434614,0.8007,1.233762,1.581604
0.4,0.8,1.0,0.6,unification,-0.284558,0.969003,1.217561,1.422997
0.4,0.8,1.0,0.7,unification,-0.264124,1.07952,1.168748,1.419202
0.4,0.8,1.0,0.8,unification,-0.088155,1.191886,1.223158,1.317133
0.4,0.8,1.0,0.9,antifragile,-0.083434,1.255506,1.135774,1.186337
0.4,0.8,1.0,1.0,antifragile,0.168111,1.312433,1.063528,1.176203
0.4,0.9,0.0,0.0,unification,-0.195255,0.736025,0.698642,0.798991
0.4,0.9,0.0,0.1,antifragile,-0.101719,0.891052,0.664046,0.662108
0.4,0.9,0.0,0.2,antifragile,0.060161,0.923302,0.674187,0.734121
0.4,0.9,0.0,0.3,antifragile,0.158577,1.125481,0.631593,0.635348
0.4,0.9,0.0,0.4,antifragile,0.237629,1.150385,0.548352,0.45929
0.4,0.9,0.0,0.5,antifragile,0.363767,1.173573,0.562968,0.399862
0.4,0.9,0.0,0.6,antifragile,0.496729,1.26934,0.550087,0.414881
0.4,0.9,0.0,0.7,antifragile,0.669327,1.525195,0.477122,0.227384
0.4,0.9,0.0,0.8,antifragile,0.729379,1.513089,0.347978,0.200965
0.4,0.9,0.0,0.9,antifragile,0.80328,1.546632,0.369586,0.064417
0.4,0.9,0.0,1.0,antifragile,0.925592,1.716192,0.423451,-0.074427
0.4,0.9,0.1,0.0,unification,-0.272607,0.686052,0.902808,0.936927
0.4,0.9,0.1,0.1,unification,-0.172191,0.877485,0.866239,0.953631
0.4,0.9,0.1,0.2,antifragile,-0.127156,0.944146,0.773506,0.792439
0.4,0.9,0.1,0.3,antifragile,0.068328,1.079289,0.771929,0.754846
0.4,0.9,0.1,0.4,antifragile,0.185346,1.22353,0.659969,0.544202
0.4,0.9,0.1,0.5,antifragile,0.271738,1.207887,0.705159,0.514451
0.4,0.9,0.1,0.6,antifragile,0.419562,1.226138,0.654071,0.458416
0.4,0.9,0.1,0.7,antifragile,0.490972,1.501583,0.613495,0.318008
0.4,0.9,0.1,0.8,antifragile,0.60953,1.626816,0.618941,0.331148
0.4,0.9,0.1,0.9,antifragile,0.632648,1.651608,0.448241,0.266176
0.4,0.9,0.1,1.0,antifragile,0.798867,1.704441,0.407986,0.096836
0.4,0.9,0.2,0.0,recursive,-0.32389,0.629055,1.043621,1.038639
0.4,0.9,0.2,0.1,unification,-0.299158,0.821257,0.949597,0.988815
0.4,0.9,0.2,0.2,unification,-0.188573,0.838881,0.793499,0.935409
0.4,0.9,0.2,0.3,antifragile,-0.028499,1.001292,0.823243,0.876216
0.4,0.9,0.2,0.4,antifragile,0.064503,1.03809,0.772815,0.74725
0.4,0.9,0.2,0.5,antifragile,0.207648,1.134414,0.757111,0.606081
0.4,0.9,0.2,0.6,antifragile,0.282981,1.321452,0.628434,0.632512
0.4,0.9,0.2,0.7,antifragile,0.344545,1.280739,0.570307,0.50084
0.4,0.9,0.2,0.8,antifragile,0.56148,1.51963,0.665644,0.453135
0.4,0.9,0.2,0.9,antifragile,0.593411,1.507975,0.60439,0.396065
0.4,0.9,0.2,1.0,antifragile,0.693443,1.7097,0.428983,0.259496
0.4,0.9,0.3,0.0,unification,-0.45019,0.649791,1.011564,1.172313
0.4,0.9,0.3,0.1,unification,-0.312696,0.758033,1.016766,1.20952
0.4,0.9,0.3,0.2,unification,-0.218654,0.809064,0.873105,1.129913
0.4,0.9,0.3,0.3,unification,-0.036481,0.989369,0.892993,1.000758
0.4,0.9,0.3,0.4,antifragile,0.060223,1.009102,0.85149,0.819688
0.4,0.9,0.3,0.5,antifragile,0.098547,1.212214,0.863927,0.79675
0.4,0.9,0.3,0.6,antifragile,0.080338,1.19721,0.77512,0.694204
0.4,0.9,0.3,0.7,antifragile,0.326639,1.337129,0.703316,0.619623
0.4,0.9,0.3,0.8,antifragile,0.427528,1.38484,0.782317,0.511177
0.4,0.9,0.3,0.9,antifragile,0.43229,1.604163,0.607686,0.494995
0.4,0.9,0.3,1.0,antifragile,0.620956,1.638464,0.607593,0.415017
0.4,0.9,0.4,0.0,unification,-0.545685,0.592234,1.107851,1.320875
0.4,0.9,0.4,0.1,recursive,-0.521459,0.689925,1.198438,1.163931
0.4,0.9,0.4,0.2,unification,-0.302948,0.802855,1.106821,1.114448
0.4,0.9,0.4,0.3,unification,-0.199935,0.94431,0.966035,1.046622
0.4,0.9,0.4,0.4,unification,-0.09611,0.989525,0.919385,1.046536
0.4,0.9,0.4,0.5,antifragile,0.035147,1.127588,0.911515,0.962994
0.4,0.9,0.4,0.6,antifragile,0.190213,1.180664,0.895973,0.765191
0.4,0.9,0.4,0.7,antifragile,0.122347,1.38132,0.798332,0.757624
0.4,0.9,0.4,0.8,antifragile,0.283739,1.321433,0.739353,0.692145
0.4,0.9,0.4,0.9,antifragile,0.429173,1.46321,0.697774,0.633289
0.4,0.9,0.4,1.0,antifragile,0.608427,1.550793,0.729206,0.477738
0.4,0.9,0.5,0.0,unification,-0.641877,0.587514,1.212162,1.42039
0.4,0.9,0.5,0.1,unification,-0.48988,0.809891,1.149156,1.381786
0.4,0.9,0.5,0.2,unification,-0.409208,0.803911,1.01948,1.380054
0.4,0.9,0.5,0.3,unification,-0.245941,0.842774,1.061577,1.182133
0.4,0.9,0.5,0.4,unification,-0.170038,0.973068,1.031432,1.073584
0.4,0.9,0.5,0.5,antifragile,-0.099077,1.122303,0.95331,0.907825
0.4,0.9,0.5,0.6,antifragile,0.027468,1.280575,0.982444,0.925793
0.4,0.9,0.5,0.7,antifragile,0.14247,1.288993,0.812187,0.827197
0.4,0.9,0.5,0.8,antifragile,0.274917,1.429724,0.838034,0.863351
0.4,0.9,0.5,0.9,antifragile,0.327284,1.275724,0.857191,0.72702
0.4,0.9,0.5,1.0,antifragile,0.511809,1.574855,0.789588,0.602059
0.4,0.9,0.6,0.0,unification,-0.726034,0.53198,1.24498,1.499448
0.4,0.9,0.6,0.1,unification,-0.665715,0.641829,1.112957,1.404608
0.4,0.9,0.6,0.2,unification,-0.511714,0.738583,1.169332,1.301005
0.4,0.9,0.6,0.3,unification,-0.30738,0.768188,1.104092,1.271912
0.4,0.9,0.6,0.4,unification,-0.210048,0.956071,1.081338,1.222817
0.4,0.9,0.6,0.5,unification,-0.15602,0.967672,1.084037,1.137568
0.4,0.9,0.6,0.6,antifragile,-0.029018,1.149286,0.995319,0.977364
0.4,0.9,0.6,0.7,antifragile,0.042659,1.147526,0.988932,0.982171
0.4,0.9,0.6,0.8,antifragile,0.1356,1.250222,1.004339,0.887316
0.4,0.9,0.6,0.9,antifragile,0.392668,1.411746,0.922579,0.826961
0.4,0.9,0.6,1.0,antifragile,0.402079,1.559634,0.920211,0.65167
0.4,0.9,0.7,0.0,unification,-0.762225,0.544857,1.351795,1.800628
0.4,0.9,0.7,0.1,unification,-0.607362,0.66023,1.282823,1.570376
0.4,0.9,0.7,0.2,unification,-0.54728,0.777977,1.168567,1.599315
0.4,0.9,0.7,0.3,unification,-0.487743,0.71455,1.25347,1.505469
0.4,0.9,0.7,0.4,unification,-0.382567,0.847132,1.275605,1.341568
0.4,0.9,0.7,0.5,unification,-0.197026,0.919347,1.1708,1.309375
0.4,0.9,0.7,0.6,unification,-0.101329,1.164649,1.069319,1.231039
0.4,0.9,0.7,0.7,unification,-0.103328,1.116104,1.041083,1.140466
0.4,0.9,0.7,0.8,antifragile,0.158843,1.372947,1.012255,1.050277
0.4,0.9,0.7,0.9,antifragile,0.23215,1.413269,0.981527,0.953805
0.4,0.9,0.7,1.0,antifragile,0.289491,1.459581,0.932929,0.859017
0.4,0.9,0.8,0.0,unification,-0.915291,0.428229,1.478129,1.865813
0.4,0.9,0.8,0.1,unification,-0.69117,0.598476,1.374152,1.723678
0.4,0.9,0.8,0.2,unification,-0.672632,0.702644,1.342764,1.596487
0.4,0.9,0.8,0.3,unification,-0.601951,0.770901,1.352014,1.510709
0.4,0.9,0.8,0.4,unification,-0.441746,0.876056,1.252421,1.470654
0.4,0.9,0.8,0.5,unification,-0.381816,0.96704,1.291341,1.474889
0.4,0.9,0.8,0.6,unification,-0.291199,1.045651,1.085325,1.335459
0.4,0.9,0.8,0.7,antifragile,-0.095118,1.228548,1.065677,1.190597
0.4,0.9,0.8,0.8,unification,-0.007793,1.164081,1.123611,1.19115
0.4,0.9,0.8,0.9,antifragile,0.030936,1.346629,1.014389,1.143771
0.4,0.9,0.8,1.0,antifragile,0.215332,1.402997,0.973093,1.009457
0.4,0.9,0.9,0.0,unification,-0.917103,0.411425,1.498018,1.927393
0.4,0.9,0.9,0.1,unification,-0.797225,0.449568,1.54428,1.86114
0.4,0.9,0.9,0.2,unification,-0.768581,0.622968,1.45198,1.75851
0.4,0.9,0.9,0.3,unification,-0.602081,0.78995,1.35083,1.743373
0.4,0.9,0.9,0.4,unification,-0.562825,0.832582,1.436258,1.591298
0.4,0.9,0.9,0.5,unification,-0.388673,0.947856,1.310299,1.55837
0.4,0.9,0.9,0.6,unification,-0.312579,0.962082,1.249664,1.402737
0.4,0.9,0.9,0.7,unification,-0.228831,1.182252,1.269051,1.298371
0.4,0.9,0.9,0.8,unification,-0.118668,1.221681,1.237204,1.252462
0.4,0.9,0.9,0.9,antifragile,-0.056872,1.302183,1.188451,1.211742
0.4,0.9,0.9,1.0,antifragile,0.070766,1.487731,1.115059,1.124686
0.4,0.9,1.0,0.0,unification,-1.108098,0.470325,1.633592,2.105733
0.4,0.9,1.0,0.1,unification,-1.022583,0.564702,1.602845,2.055747
0.4,0.9,1.0,0.2,unification,-0.853149,0.601257,1.515895,2.03395
0.4,0.9,1.0,0.3,unification,-0.772122,0.640688,1.466337,1.808344
0.4,0.9,1.0,0.4,unification,-0.572008,0.7272,1.416935,1.759526
0.4,0.9,1.0,0.5,unification,-0.461585,0.925657,1.485951,1.68229
0.4,0.9,1.0,0.6,unification,-0.425181,1.027778,1.296642,1.494506
0.4,0.9,1.0,0.7,unification,-0.256187,1.090528,1.3732,1.452381
0.4,0.9,1.0,0.8,unification,-0.130761,1.208518,1.283444,1.420367
0.4,0.9,1.0,0.9,unification,-0.067654,1.227163,1.225749,1.341556
0.4,0.9,1.0,1.0,antifragile,0.003743,1.291529,1.219744,1.281802
0.4,1.0,0.0,0.0,unification,-0.196573,0.836616,0.910915,1.009375
0.4,1.0,0.0,0.1,recursive,-0.136017,0.799054,0.887989,0.830334
0.4,1.0,0.0,0.2,antifragile,-0.086544,0.94483,0.914229,0.812027
0.4,1.0,0.0,0.3,antifragile,0.027919,1.060829,0.749964,0.73212
0.4,1.0,0.0,0.4,antifragile,0.203965,1.14357,0.725857,0.589441
0.4,1.0,0.0,0.5,antifragile,0.352346,1.287815,0.632033,0.569448
0.4,1.0,0.0,0.6,antifragile,0.429162,1.356257,0.666505,0.481456
0.4,1.0,0.0,0.7,antifragile,0.580091,1.510507,0.579303,0.280474
0.4,1.0,0.0,0.8,antifragile,0.639332,1.58709,0.55256,0.129456
0.4,1.0,0.0,0.9,antifragile,0.773941,1.619397,0.544286,0.280034
0.4,1.0,0.0,1.0,antifragile,0.83736,1.781924,0.471639,0.136279
0.4,1.0,0.1,0.0,unification,-0.334828,0.749151,0.909753,1.164523
0.4,1.0,0.1,0.1,unification,-0.208072,0.911526,0.934953,1.048788
0.4,1.0,0.1,0.2,unification,-0.164798,0.969159,0.900274,0.979633
0.4,1.0,0.1,0.3,antifragile,0.123654,1.080376,0.801945,0.770218
0.4,1.0,0.1,0.4,antifragile,0.054759,1.116294,0.649946,0.711217
0.4,1.0,0.1,0.5,antifragile,0.245837,1.25377,0.742069,0.578902
0.4,1.0,0.1,0.6,antifragile,0.37252,1.370591,0.714353,0.464874
0.4,1.0,0.1,0.7,antifragile,0.405461,1.461686,0.673572,0.499597
0.4,1.0,0.1,0.8,antifragile,0.574272,1.542737,0.667484,0.362823
0.4,1.0,0.1,0.9,antifragile,0.588861,1.653868,0.62912,0.345949
0.4,1.0,0.1,1.0,antifragile,0.766579,1.708798,0.565549,0.253965
0.4,1.0,0.2,0.0,unification,-0.408035,0.870357,0.99396,1.3713
0.4,1.0,0.2,0.1,unification,-0.382841,0.854283,0.940258,1.140312
0.4,1.0,0.2,0.2,unification,-0.160894,0.931629,1.008654,1.018816
0.4,1.0,0.2,0.3,antifragile,-0.202493,1.056335,0.921532,0.931019
0.4,1.0,0.2,0.4,antifragile,-0.010528,1.140329,0.839273,0.888762
0.4,1.0,0.2,0.5,antifragile,0.179432,1.318004,0.910226,0.793087
0.4,1.0,0.2,0.6,antifragile,0.242883,1.289988,0.776718,0.743602
0.4,1.0,0.2,0.7,antifragile,0.324624,1.423305,0.711875,0.683516
0.4,1.0,0.2,0.8,antifragile,0.433877,1.554399,0.684809,0.492164
0.4,1.0,0.2,0.9,antifragile,0.626402,1.5637,0.601605,0.393003
0.4,1.0,0.2,1.0,antifragile,0.712835,1.728031,0.601875,0.328414
0.4,1.0,0.3,0.0,unification,-0.486349,0.770796,1.12156,1.362712
0.4,1.0,0.3,0.1,unification,-0.366328,0.90765,1.027214,1.216564
0.4,1.0,0.3,0.2,unification,-0.325324,0.936376,1.032404,1.180612
0.4,1.0,0.3,0.3,unification,-0.183908,0.990087,1.01037,1.131495
0.4,1.0,0.3,0.4,antifragile,-0.128529,1.077577,0.904236,1.006328
0.4,1.0,0.3,0.5,antifragile,0.020224,1.233462,0.924759,0.887808
0.4,1.0,0.3,0.6,antifragile,0.127664,1.361171,0.806496,0.793624
0.4,1.0,0.3,0.7,antifragile,0.2518,1.338179,0.869534,0.737176
0.4,1.0,0.3,0.8,antifragile,0.372799,1.470891,0.799848,0.590459
0.4,1.0,0.3,0.9,antifragile,0.478805,1.47183,0.731402,0.59446
0.4,1.0,0.3,1.0,antifragile,0.639484,1.772471,0.703587,0.441744
0.4,1.0,0.4,0.0,unification,-0.583886,0.763498,1.286637,1.408246
0.4,1.0,0.4,0.1,unification,-0.507025,0.807518,1.215986,1.404593
0.4,1.0,0.4,0.2,unification,-0.412437,0.889148,1.176468,1.243399
0.4,1.0,0.4,0.3,unification,-0.213488,1.004598,1.052902,1.251245
0.4,1.0,0.4,0.4,recursive,-0.129344,1.092558,1.128799,1.119477
0.4,1.0,0.4,0.5,unification,-0.043424,1.013064,1.065791,1.085979
0.4,1.0,0.4,0.6,antifragile,0.117802,1.193166,1.018102,1.000937
0.4,1.0,0.4,0.7,antifragile,0.127454,1.387798,0.953152,0.780099
0.4,1.0,0.4,0.8,antifragile,0.299224,1.39164,0.806203,0.798328
0.4,1.0,0.4,0.9,antifragile,0.376733,1.595191,0.859086,0.733926
0.4,1.0,0.4,1.0,antifragile,0.51544,1.671048,0.76568,0.619927
0.4,1.0,0.5,0.0,unification,-0.707037,0.667684,1.307791,1.554298
0.4,1.0,0.5,0.1,unification,-0.606897,0.812425,1.170282,1.535468
0.4,1.0,0.5,0.2,unification,-0.417928,0.853942,1.31355,1.461926
0.4,1.0,0.5,0.3,unification,-0.350794,0.896664,1.195133,1.364084
0.4,1.0,0.5,0.4,unification,-0.259825,0.977859,1.074789,1.25427
0.4,1.0,0.5,0.5,unification,-0.224016,1.086423,0.973413,1.201651
0.4,1.0,0.5,0.6,antifragile,0.017702,1.208947,1.146573,1.142369
0.4,1.0,0.5,0.7,antifragile,0.093989,1.294339,0.99753,1.018125
0.4,1.0,0.5,0.8,antifragile,0.172939,1.422412,1.006123,0.893521
0.4,1.0,0.5,0.9,antifragile,0.344789,1.478572,0.936067,0.771124
0.4,1.0,0.5,1.0,antifragile,0.386469,1.69291,0.849981,0.756886
0.4,1.0,0.6,0.0,unification,-0.812725,0.489305,1.407949,1.682194
0.4,1.0,0.6,0.1,unification,-0.664048,0.744486,1.35173,1.641415
0.4,1.0,0.6,0.2,unification,-0.613397,0.825341,1.290516,1.440079
0.4,1.0,0.6,0.3,unification,-0.418638,0.941649,1.334056,1.563541
0.4,1.0,0.6,0.4,unification,-0.311323,1.005699,1.274577,1.32565
0.4,1.0,0.6,0.5,unification,-0.323598,1.05115,1.243862,1.251945
0.4,1.0,0.6,0.6,antifragile,-0.106719,1.198665,1.152213,1.136118
0.4,1.0,0.6,0.7,antifragile,-0.002865,1.243922,1.185143,1.171844
0.4,1.0,0.6,0.8,antifragile,0.070685,1.448287,1.077186,0.946418
0.4,1.0,0.6,0.9,antifragile,0.196085,1.536764,0.979008,0.941588
0.4,1.0,0.6,1.0,antifragile,0.242008,1.489943,0.938288,0.79863
0.4,1.0,0.7,0.0,unification,-0.910914,0.651914,1.463196,1.874276
0.4,1.0,0.7,0.1,unification,-0.715422,0.604578,1.383424,1.788291
0.4,1.0,0.7,0.2,unification,-0.691714,0.789979,1.468866,1.592231
0.4,1.0,0.7,0.3,unification,-0.567847,0.840086,1.318682,1.549601
0.4,1.0,0.7,0.4,unification,-0.464606,0.944237,1.313244,1.542671
0.4,1.0,0.7,0.5,unification,-0.331256,1.095909,1.23541,1.349932
0.4,1.0,0.7,0.6,unification,-0.235238,1.158125,1.268023,1.398012
0.4,1.0,0.7,0.7,antifragile,-0.09549,1.267651,1.253439,1.201038
0.4,1.0,0.7,0.8,antifragile,-0.010507,1.463546,1.187819,1.180535
0.4,1.0,0.7,0.9,antifragile,0.154685,1.353216,1.072659,1.019385
0.4,1.0,0.7,1.0,antifragile,0.24093,1.496552,1.069769,0.969449
0.4,1.0,0.8,0.0,unification,-1.05132,0.574249,1.46189,1.923618
0.4,1.0,0.8,0.1,unification,-0.925774,0.581013,1.520093,1.936751
0.4,1.0,0.8,0.2,unification,-0.82805,0.69214,1.382548,1.759729
0.4,1.0,0.8,0.3,unification,-0.636405,0.853354,1.324072,1.732528
0.4,1.0,0.8,0.4,unification,-0.578632,0.84919,1.393374,1.651357
0.4,1.0,0.8,0.5,unification,-0.425023,0.950343,1.344951,1.498741
0.4,1.0,0.8,0.6,unification,-0.279798,1.153768,1.360573,1.449013
0.4,1.0,0.8,0.7,recursive,-0.143867,1.143951,1.359143,1.313671
0.4,1.0,0.8,0.8,antifragile,-0.191506,1.358272,1.194493,1.285837
0.4,1.0,0.8,0.9,antifragile,-0.03154,1.50318,1.281091,1.272328
0.4,1.0,0.8,1.0,antifragile,0.134418,1.529035,1.147347,1.16611
0.4,1.0,0.9,0.0,unification,-1.08053,0.574235,1.611956,2.067635
0.4,1.0,0.9,0.1,unification,-0.973326,0.599623,1.57559,2.024363
0.4,1.0,0.9,0.2,unification,-0.864049,0.724539,1.630918,1.918877
0.4,1.0,0.9,0.3,unification,-0.619084,0.836376,1.621912,1.82694
0.4,1.0,0.9,0.4,unification,-0.703073,0.839693,1.444793,1.697349
0.4,1.0,0.9,0.5,unification,-0.619795,1.021232,1.341999,1.706444
0.4,1.0,0.9,0.6,unification,-0.290723,1.026083,1.414379,1.555068
0.4,1.0,0.9,0.7,unification,-0.248646,1.100279,1.34841,1.546059
0.4,1.0,0.9,0.8,recursive,-0.182444,1.173569,1.377083,1.340201
0.4,1.0,0.9,0.9,unification,-0.066063,1.379132,1.280993,1.446872
0.4,1.0,0.9,1.0,antifragile,0.076691,1.434882,1.265133,1.245497
0.4,1.0,1.0,0.0,unification,-1.147782,0.472189,1.698296,2.220645
0.4,1.0,1.0,0.1,unification,-1.065275,0.46019,1.73701,2.096728
0.4,1.0,1.0,0.2,unification,-0.922931,0.611979,1.603488,1.988051
0.4,1.0,1.0,0.3,unification,-0.772585,0.804486,1.601297,1.928167
0.4,1.0,1.0,0.4,unification,-0.794654,0.879772,1.526172,1.814137
0.4,1.0,1.0,0.5,unification,-0.598537,0.918294,1.444097,1.715964
0.4,1.0,1.0,0.6,unification,-0.473173,0.997215,1.505513,1.707327
0.4,1.0,1.0,0.7,unification,-0.327623,1.083393,1.451636,1.646914
0.4,1.0,1.0,0.8,unification,-0.301311,1.27636,1.316686,1.488353
0.4,1.0,1.0,0.9,unification,-0.245184,1.278206,1.352271,1.486575
0.4,1.0,1.0,1.0,antifragile,-0.057765,1.380231,1.242539,1.299291
0.5,0.0,0.0,0.0,competitive,0.64051,0.494073,-0.370961,-0.239449
0.5,0.0,0.0,0.1,competitive,0.687504,0.525473,-0.405307,-0.308529
0.5,0.0,0.0,0.2,competitive,0.851683,0.550078,-0.382417,-0.377704
0.5,0.0,0.0,0.3,competitive,0.942513,0.690146,-0.426787,-0.456787
0.5,0.0,0.0,0.4,competitive,1.107437,0.74885,-0.472266,-0.61979
0.5,0.0,0.0,0.5,competitive,1.127268,0.989441,-0.528082,-0.659252
0.5,0.0,0.0,0.6,competitive,1.231926,1.039939,-0.634755,-0.797617
0.5,0.0,0.0,0.7,competitive,1.468861,1.043679,-0.69845,-0.847226
0.5,0.0,0.0,0.8,competitive,1.504294,1.268563,-0.710364,-0.97744
0.5,0.0,0.0,0.9,competitive,1.649406,1.31551,-0.799437,-0.92387
0.5,0.0,0.0,1.0,competitive,1.735616,1.332979,-0.73429,-1.128543
0.5,0.0,0.1,0.0,competitive,0.584696,0.461357,-0.275692,-0.261104
0.5,0.0,0.1,0.1,competitive,0.668068,0.427879,-0.244238,-0.296638
0.5,0.0,0.1,0.2,competitive,0.786748,0.572192,-0.369602,-0.385048
0.5,0.0,0.1,0.3,competitive,0.900804,0.668933,-0.346573,-0.45976
0.5,0.0,0.1,0.4,competitive,0.963429,0.796778,-0.417309,-0.56121
0.5,0.0,0.1,0.5,competitive,1.12019,0.876433,-0.437805,-0.600811
0.5,0.0,0.1,0.6,competitive,1.224323,0.964433,-0.54448,-0.663657
0.5,0.0,0.1,0.7,competitive,1.280313,1.152939,-0.541617,-0.838682
0.5,0.0,0.1,0.8,competitive,1.385727,1.125035,-0.531354,-0.816323
0.5,0.0,0.1,0.9,competitive,1.521948,1.284504,-0.629384,-0.89698
0.5,0.0,0.1,1.0,competitive,1.660992,1.399999,-0.674592,-1.056578
0.5,0.0,0.2,0.0,competitive,0.478253,0.457567,-0.124699,0.029083
0.5,0.0,0.2,0.1,competitive,0.563102,0.4265,-0.264059,-0.066022
0.5,0.0,0.2,0.2,antifragile,0.571903,0.645238,-0.299382,-0.123831
0.5,0.0,0.2,0.3,competitive,0.77147,0.701129,-0.180748,-0.321507
0.5,0.0,0.2,0.4,competitive,0.867653,0.725258,-0.390089,-0.406491
0.5,0.0,0.2,0.5,competitive,0.967258,0.792487,-0.390524,-0.452511
0.5,0.0,0.2,0.6,competitive,1.060205,0.941878,-0.349675,-0.630977
0.5,0.0,0.2,0.7,competitive,1.311583,1.011299,-0.449955,-0.581042
0.5,0.0,0.2,0.8,competitive,1.404217,1.163491,-0.534725,-0.769141
0.5,0.0,0.2,0.9,competitive,1.406255,1.329463,-0.559157,-0.798819
0.5,0.0,0.2,1.0,competitive,1.492812,1.272183,-0.57868,-0.916237
0.5,0.0,0.3,0.0,competitive,0.342415,0.271047,-0.098674,0.152464
0.5,0.0,0.3,0.1,antifragile,0.422348,0.484872,-0.308218,-0.050117
0.5,0.0,0.3,0.2,antifragile,0.47948,0.59681,-0.131061,-0.146717
0.5,0.0,0.3,0.3,competitive,0.699464,0.690085,-0.14714,-0.20029
0.5,0.0,0.3,0.4,competitive,0.684557,0.680073,-0.216693,-0.160055
0.5,0.0,0.3,0.5,competitive,0.902284,0.789659,-0.175032,-0.329713
0.5,0.0,0.3,0.6,competitive,0.953612,0.909055,-0.285004,-0.438519
0.5,0.0,0.3,0.7,competitive,1.164718,0.92975,-0.446709,-0.556743
0.5,0.0,0.3,0.8,competitive,1.22089,1.121697,-0.383162,-0.481694
0.5,0.0,0.3,0.9,competitive,1.308072,1.184301,-0.490533,-0.636031
0.5,0.0,0.3,1.0,competitive,1.511698,1.272617,-0.391713,-0.810445
0.5,0.0,0.4,0.0,antifragile,0.316496,0.382726,-0.078079,0.228882
0.5,0.0,0.4,0.1,antifragile,0.238748,0.446211,-0.10508,0.143373
0.5,0.0,0.4,0.2,antifragile,0.522749,0.556007,-0.045489,0.032795
0.5,0.0,0.4,0.3,antifragile,0.575976,0.591281,-0.1858,-0.065584
0.5,0.0,0.4,0.4,competitive,0.690465,0.650589,-0.25706,-0.203847
0.5,0.0,0.4,0.5,antifragile,0.657494,0.769606,-0.191975,-0.359128
0.5,0.0,0.4,0.6,competitive,0.936836,0.873876,-0.308838,-0.33156
0.5,0.0,0.4,0.7,competitive,1.08754,0.926291,-0.286057,-0.37767
0.5,0.0,0.4,0.8,antifragile,1.10389,1.120414,-0.309808,-0.492596
0.5,0.0,0.4,0.9,competitive,1.373162,1.215629,-0.454308,-0.584458
0.5,0.0,0.4,1.0,competitive,1.488332,1.210891,-0.406683,-0.58845
0.5,0.0,0.5,0.0,unification,0.207616,0.314823,0.11188,0.32627
0.5,0.0,0.5,0.1,antifragile,0.245384,0.391738,0.014861,0.215932
0.5,0.0,0.5,0.2,competitive,0.469124,0.44595,0.080307,0.167838
0.5,0.0,0.5,0.3,competitive,0.497043,0.469122,0.060993,0.069702
0.5,0.0,0.5,0.4,antifragile,0.501461,0.704386,-0.08751,-0.061566
0.5,0.0,0.5,0.5,competitive,0.771559,0.622563,-0.160705,-0.11497
0.5,0.0,0.5,0.6,antifragile,0.877609,0.957013,-0.177238,-0.162003
0.5,0.0,0.5,0.7,competitive,1.082419,0.940237,-0.18159,-0.331868
0.5,0.0,0.5,0.8,competitive,1.152958,0.999351,-0.231571,-0.342988
0.5,0.0,0.5,0.9,competitive,1.169267,1.108284,-0.272934,-0.352133
0.5,0.0,0.5,1.0,competitive,1.389047,1.216243,-0.347473,-0.565438
0.5,0.0,0.6,0.0,unification,0.219307,0.246442,0.215752,0.484833
0.5,0.0,0.6,0.1,unification,0.30542,0.322615,0.064647,0.457973
0.5,0.0,0.6,0.2,antifragile,0.350165,0.452814,0.15676,0.305667
0.5,0.0,0.6,0.3,antifragile,0.493495,0.53733,0.085097,0.22132
0.5,0.0,0.6,0.4,antifragile,0.508736,0.60973,-0.019643,0.123274
0.5,0.0,0.6,0.5,antifragile,0.61221,0.736795,-0.019905,0.035258
0.5,0.0,0.6,0.6,antifragile,0.756126,0.781692,-0.094099,-0.14353
0.5,0.0,0.6,0.7,antifragile,0.849007,0.855709,-0.115007,-0.180724
0.5,0.0,0.6,0.8,antifragile,0.862466,1.112622,-0.171571,-0.157647
0.5,0.0,0.6,0.9,antifragile,1.048651,1.179906,-0.257585,-0.306198
0.5,0.0,0.6,1.0,antifragile,1.130386,1.320037,-0.252463,-0.358577
0.5,0.0,0.7,0.0,unification,0.017529,0.203724,0.270886,0.642959
0.5,0.0,0.7,0.1,unification,0.13841,0.308123,0.230966,0.585752
0.5,0.0,0.7,0.2,unification,0.194159,0.302306,0.110175,0.353894
0.5,0.0,0.7,0.3,antifragile,0.280936,0.447655,0.12382,0.332371
0.5,0.0,0.7,0.4,antifragile,0.446834,0.548486,0.134695,0.261723
0.5,0.0,0.7,0.5,antifragile,0.624065,0.722338,0.027523,0.215274
0.5,0.0,0.7,0.6,antifragile,0.668679,0.814899,0.041021,0.058784
0.5,0.0,0.7,0.7,antifragile,0.770164,0.863431,-0.077647,-0.127235
0.5,0.0,0.7,0.8,antifragile,0.84031,0.974958,-0.020721,-0.065201
0.5,0.0,0.7,0.9,antifragile,0.971019,1.025991,-0.123994,-0.23875
0.5,0.0,0.7,1.0,antifragile,0.989237,1.077743,-0.086263,-0.182136
0.5,0.0,0.8,0.0,unification,-0.057303,0.167092,0.260351,0.691943
0.5,0.0,0.8,0.1,unification,0.045592,0.306494,0.324441,0.675478
0.5,0.0,0.8,0.2,unification,0.222148,0.339749,0.390266,0.429003
0.5,0.0,0.8,0.3,antifragile,0.196084,0.465,0.237451,0.435918
0.5,0.0,0.8,0.4,antifragile,0.320212,0.660129,0.142824,0.309031
0.5,0.0,0.8,0.5,antifragile,0.539541,0.687458,0.184736,0.284794
0.5,0.0,0.8,0.6,antifragile,0.496201,0.744231,0.014316,0.202115
0.5,0.0,0.8,0.7,antifragile,0.70767,0.888771,0.045381,0.142404
0.5,0.0,0.8,0.8,antifragile,0.739808,0.978332,0.043729,-0.020013
0.5,0.0,0.8,0.9,antifragile,0.921518,1.079486,-0.026068,-0.106126
0.5,0.0,0.8,1.0,antifragile,1.013888,1.147623,-0.111501,-0.200382
0.5,0.0,0.9,0.0,unification,-0.158919,0.176166,0.522488,0.858286
0.5,0.0,0.9,0.1,unification,-0.135454,0.331989,0.427749,0.639736
0.5,0.0,0.9,0.2,unification,-0.016515,0.300422,0.376905,0.536027
0.5,0.0,0.9,0.3,unification,0.139044,0.459052,0.153294,0.607338
0.5,0.0,0.9,0.4,antifragile,0.298347,0.472667,0.197336,0.441885
0.5,0.0,0.9,0.5,antifragile,0.231395,0.593691,0.22598,0.339033
0.5,0.0,0.9,0.6,antifragile,0.523602,0.710128,0.188001,0.2949
0.5,0.0,0.9,0.7,antifragile,0.622152,0.864528,0.114624,0.268052
0.5,0.0,0.9,0.8,antifragile,0.733601,0.915894,0.178853,0.108676
0.5,0.0,0.9,0.9,antifragile,0.783923,0.951152,0.091251,0.046376
0.5,0.0,0.9,1.0,antifragile,0.880213,1.168157,0.105475,-0.041435
0.5,0.0,1.0,0.0,unification,-0.34337,0.193176,0.523537,0.971036
0.5,0.0,1.0,0.1,unification,-0.15975,0.154984,0.439336,0.898886
0.5,0.0,1.0,0.2,unification,-0.077378,0.311649,0.420668,0.727156
0.5,0.0,1.0,0.3,unification,0.136057,0.414702,0.396532,0.722751
0.5,0.0,1.0,0.4,unification,0.075355,0.455341,0.263635,0.616234
0.5,0.0,1.0,0.5,antifragile,0.291296,0.582067,0.358929,0.450132
0.5,0.0,1.0,0.6,antifragile,0.345037,0.690717,0.273197,0.374228
0.5,0.0,1.0,0.7,antifragile,0.554826,0.842161,0.241279,0.279546
0.5,0.0,1.0,0.8,antifragile,0.612986,0.877017,0.166408,0.337362
0.5,0.0,1.0,0.9,antifragile,0.709203,1.060227,0.179156,0.198804
0.5,0.0,1.0,1.0,antifragile,0.871021,1.126544,0.144953,0.096208
0.5,0.1,0.0,0.0,competitive,0.517004,0.438895,-0.357036,-0.171288
0.5,0.1,0.0,0.1,competitive,0.640617,0.573294,-0.223557,-0.270604
0.5,0.1,0.0,0.2,competitive,0.864755,0.656345,-0.363548,-0.412882
0.5,0.1,0.0,0.3,competitive,0.916138,0.837574,-0.38472,-0.488199
0.5,0.1,0.0,0.4,competitive,1.066514,0.80248,-0.344489,-0.548549
0.5,0.1,0.0,0.5,competitive,1.119855,1.023846,-0.411187,-0.619763
0.5,0.1,0.0,0.6,competitive,1.279805,1.079455,-0.290875,-0.775258
0.5,0.1,0.0,0.7,competitive,1.234004,1.209713,-0.516588,-0.73537
0.5,0.1,0.0,0.8,competitive,1.375081,1.257707,-0.532134,-0.887186
0.5,0.1,0.0,0.9,competitive,1.551591,1.281924,-0.575259,-0.872728
0.5,0.1,0.0,1.0,competitive,1.588121,1.380102,-0.575504,-1.095782
0.5,0.1,0.1,0.0,competitive,0.50203,0.462767,-0.170891,0.018326
0.5,0.1,0.1,0.1,competitive,0.616407,0.568986,-0.297633,-0.104387
0.5,0.1,0.1,0.2,antifragile,0.626457,0.638931,-0.229633,-0.130136
0.5,0.1,0.1,0.3,competitive,0.777338,0.673861,-0.196518,-0.273713
0.5,0.1,0.1,0.4,competitive,0.938149,0.914421,-0.22384,-0.439587
0.5,0.1,0.1,0.5,antifragile,0.940451,0.977123,-0.363123,-0.488589
0.5,0.1,0.1,0.6,competitive,1.063917,1.059195,-0.369893,-0.572775
0.5,0.1,0.1,0.7,antifragile,1.160583,1.185458,-0.417215,-0.594108
0.5,0.1,0.1,0.8,competitive,1.234849,1.222841,-0.505845,-0.733193
0.5,0.1,0.1,0.9,competitive,1.497161,1.333497,-0.509094,-0.819361
0.5,0.1,0.1,1.0,competitive,1.482012,1.364672,-0.493936,-0.930277
0.5,0.1,0.2,0.0,antifragile,0.427021,0.466319,-0.02104,0.086646
0.5,0.1,0.2,0.1,antifragile,0.4582,0.512442,-0.072981,-0.121281
0.5,0.1,0.2,0.2,competitive,0.652189,0.589994,-0.149314,-0.103883
0.5,0.1,0.2,0.3,competitive,0.698008,0.644318,-0.177414,-0.155282
0.5,0.1,0.2,0.4,antifragile,0.707777,0.739961,-0.180207,-0.23451
0.5,0.1,0.2,0.5,competitive,0.934937,0.865893,-0.229219,-0.415145
0.5,0.1,0.2,0.6,competitive,1.023133,0.929675,-0.3131,-0.49152
0.5,0.1,0.2,0.7,competitive,1.177791,1.111659,-0.373529,-0.470485
0.5,0.1,0.2,0.8,competitive,1.202184,1.183236,-0.415741,-0.572881
0.5,0.1,0.2,0.9,competitive,1.392172,1.345098,-0.420851,-0.84298
0.5,0.1,0.2,1.0,antifragile,1.448457,1.453263,-0.48125,-0.875877
0.5,0.1,0.3,0.0,antifragile,0.302467,0.416203,-0.01636,0.182663
0.5,0.1,0.3,0.1,antifragile,0.347635,0.511128,-0.01717,0.051711
0.5,0.1,0.3,0.2,antifragile,0.499523,0.543349,0.013053,0.069685
0.5,0.1,0.3,0.3,antifragile,0.603886,0.679053,-0.049311,-0.068681
0.5,0.1,0.3,0.4,antifragile,0.75792,0.843869,-0.164544,-0.062693
0.5,0.1,0.3,0.5,competitive,0.897756,0.877428,-0.202196,-0.218194
0.5,0.1,0.3,0.6,competitive,0.927775,0.920361,-0.193386,-0.366176
0.5,0.1,0.3,0.7,antifragile,1.033072,1.03873,-0.328263,-0.367076
0.5,0.1,0.3,0.8,antifragile,1.148583,1.214942,-0.312233,-0.50533
0.5,0.1,0.3,0.9,antifragile,1.224768,1.246951,-0.337766,-0.532912
0.5,0.1,0.3,1.0,antifragile,1.383351,1.444696,-0.357189,-0.704342
0.5,0.1,0.4,0.0,antifragile,0.136426,0.38174,0.054084,0.349742
0.5,0.1,0.4,0.1,antifragile,0.344782,0.495987,0.021541,0.281074
0.5,0.1,0.4,0.2,antifragile,0.426129,0.514606,0.01703,0.173564
0.5,0.1,0.4,0.3,antifragile,0.486357,0.655093,0.05728,0.113203
0.5,0.1,0.4,0.4,antifragile,0.634099,0.746707,-0.081903,-0.045495
0.5,0.1,0.4,0.5,antifragile,0.66314,0.842555,-0.060875,-0.108542
0.5,0.1,0.4,0.6,antifragile,0.806134,0.928306,-0.067912,-0.145101
0.5,0.1,0.4,0.7,antifragile,0.958526,1.122372,-0.040064,-0.299007
0.5,0.1,0.4,0.8,antifragile,1.057706,1.149667,-0.260649,-0.317543
0.5,0.1,0.4,0.9,antifragile,1.185073,1.228582,-0.283772,-0.484385
0.5,0.1,0.4,1.0,antifragile,1.190727,1.379239,-0.247928,-0.496332
0.5,0.1,0.5,0.0,unification,0.117416,0.204789,0.152445,0.432196
0.5,0.1,0.5,0.1,unification,0.155933,0.330324,0.101132,0.362457
0.5,0.1,0.5,0.2,antifragile,0.32247,0.555376,0.213159,0.309288
0.5,0.1,0.5,0.3,antifragile,0.421223,0.695016,-0.009097,0.086058
0.5,0.1,0.5,0.4,antifragile,0.495664,0.740609,0.038428,0.048584
0.5,0.1,0.5,0.5,antifragile,0.613645,0.732926,-0.072075,0.097553
0.5,0.1,0.5,0.6,antifragile,0.752828,0.978479,-0.094501,-0.040444
0.5,0.1,0.5,0.7,antifragile,0.881354,1.028984,-0.077273,-0.100746
0.5,0.1,0.5,0.8,antifragile,1.00771,1.025436,-0.093364,-0.240155
0.5,0.1,0.5,0.9,antifragile,1.051164,1.209699,-0.123922,-0.344178
0.5,0.1,0.5,1.0,antifragile,1.182472,1.200644,-0.300236,-0.417115
0.5,0.1,0.6,0.0,unification,0.049603,0.256337,0.34639,0.559746
0.5,0.1,0.6,0.1,unification,0.10995,0.365545,0.28408,0.437054
0.5,0.1,0.6,0.2,antifragile,0.223552,0.447631,0.166922,0.401758
0.5,0.1,0.6,0.3,antifragile,0.334334,0.622584,0.154461,0.34275
0.5,0.1,0.6,0.4,antifragile,0.458638,0.735188,0.099881,0.215021
0.5,0.1,0.6,0.5,antifragile,0.597252,0.7442,0.09992,0.261896
0.5,0.1,0.6,0.6,antifragile,0.621052,0.931584,0.01039,0.126884
0.5,0.1,0.6,0.7,antifragile,0.814302,0.980016,-0.012548,-0.037525
0.5,0.1,0.6,0.8,antifragile,0.8539,1.045314,-0.054196,-0.100449
0.5,0.1,0.6,0.9,antifragile,0.929467,1.141132,-0.021867,-0.147798
0.5,0.1,0.6,1.0,antifragile,1.11115,1.363121,-0.153868,-0.284334
0.5,0.1,0.7,0.0,unification,-0.152526,0.229818,0.449391,0.676726
0.5,0.1,0.7,0.1,unification,-0.046392,0.3886,0.339461,0.651532
0.5,0.1,0.7,0.2,unification,0.125147,0.389644,0.270819,0.552742
0.5,0.1,0.7,0.3,antifragile,0.246384,0.554398,0.213159,0.461255
0.5,0.1,0.7,0.4,antifragile,0.359849,0.594706,0.206998,0.335665
0.5,0.1,0.7,0.5,antifragile,0.500858,0.768658,0.185077,0.188251
0.5,0.1,0.7,0.6,antifragile,0.531761,0.788171,0.080184,0.157858
0.5,0.1,0.7,0.7,antifragile,0.736262,0.949933,0.058807,0.12959
0.5,0.1,0.7,0.8,antifragile,0.816442,1.008357,0.097411,-0.018065
0.5,0.1,0.7,0.9,antifragile,0.912638,1.052457,-0.050146,-0.138038
0.5,0.1,0.7,1.0,antifragile,0.970707,1.204155,-0.055124,-0.168494
0.5,0.1,0.8,0.0,unification,-0.184958,0.303637,0.388141,0.757795
0.5,0.1,0.8,0.1,unification,-0.102271,0.306405,0.430739,0.765929
0.5,0.1,0.8,0.2,unification,0.097232,0.399588,0.345184,0.731673
0.5,0.1,0.8,0.3,unification,0.02079,0.503138,0.3465,0.658684
0.5,0.1,0.8,0.4,antifragile,0.186972,0.573993,0.217119,0.390086
0.5,0.1,0.8,0.5,antifragile,0.369774,0.731655,0.305298,0.368406
0.5,0.1,0.8,0.6,antifragile,0.523326,0.775114,0.232829,0.367724
0.5,0.1,0.8,0.7,antifragile,0.590288,0.933849,0.104349,0.257826
0.5,0.1,0.8,0.8,antifragile,0.761684,1.02151,0.065749,0.129709
0.5,0.1,0.8,0.9,antifragile,0.835109,1.092153,0.090794,0.126459
0.5,0.1,0.8,1.0,antifragile,0.865218,1.152987,-0.039389,0.001062
0.5,0.1,0.9,0.0,unification,-0.232269,0.34743,0.581318,0.961568
0.5,0.1,0.9,0.1,unification,-0.137255,0.259169,0.496524,0.873812
0.5,0.1,0.9,0.2,unification,-0.138238,0.379846,0.45505,0.862701
0.5,0.1,0.9,0.3,unification,0.063416,0.426723,0.423427,0.693717
0.5,0.1,0.9,0.4,unification,0.17347,0.496051,0.362199,0.57604
0.5,0.1,0.9,0.5,antifragile,0.279176,0.691608,0.296274,0.508938
0.5,0.1,0.9,0.6,antifragile,0.42706,0.73653,0.420459,0.447443
0.5,0.1,0.9,0.7,antifragile,0.447905,0.803035,0.203003,0.308749
0.5,0.1,0.9,0.8,antifragile,0.646849,0.884675,0.19344,0.322137
0.5,0.1,0.9,0.9,antifragile,0.704011,1.068574,0.085851,0.161469
0.5,0.1,0.9,1.0,antifragile,0.795703,1.144989,0.078261,0.198483
0.5,0.1,1.0,0.0,unification,-0.431969,0.201789,0.658914,1.085493
0.5,0.1,1.0,0.1,unification,-0.237278,0.332748,0.698548,0.974637
0.5,0.1,1.0,0.2,unification,-0.122112,0.30738,0.476536,0.923156
0.5,0.1,1.0,0.3,unification,-0.007519,0.349489,0.5178,0.829157
0.5,0.1,1.0,0.4,unification,0.059938,0.491674,0.476189,0.810444
0.5,0.1,1.0,0.5,antifragile,0.21992,0.659024,0.37339,0.624286
0.5,0.1,1.0,0.6,antifragile,0.340401,0.647083,0.38536,0.584671
0.5,0.1,1.0,0.7,antifragile,0.418073,0.825969,0.337891,0.443892
0.5,0.1,1.0,0.8,antifragile,0.471095,0.900484,0.360225,0.441219
0.5,0.1,1.0,0.9,antifragile,0.622733,0.981695,0.233014,0.283021
0.5,0.1,1.0,1.0,antifragile,0.764387,1.147874,0.32814,0.178508
0.5,0.2,0.0,0.0,antifragile,0.507559,0.567117,-0.136487,-0.1113
0.5,0.2,0.0,0.1,antifragile,0.598769,0.740994,-0.146548,-0.184362
0.5,0.2,0.0,0.2,competitive,0.687137,0.672991,-0.199074,-0.19583
0.5,0.2,0.0,0.3,competitive,0.77037,0.662219,-0.226156,-0.340078
0.5,0.2,0.0,0.4,antifragile,0.877467,0.882035,-0.259987,-0.420395
0.5,0.2,0.0,0.5,competitive,1.071522,1.062623,-0.333532,-0.511043
0.5,0.2,0.0,0.6,competitive,1.141385,1.10273,-0.447626,-0.474295
0.5,0.2,0.0,0.7,competitive,1.280717,1.181826,-0.495819,-0.664022
0.5,0.2,0.0,0.8,competitive,1.325601,1.296971,-0.548194,-0.763612
0.5,0.2,0.0,0.9,competitive,1.444434,1.385386,-0.49181,-0.822387
0.5,0.2,0.0,1.0,competitive,1.651059,1.464249,-0.565558,-0.996367
0.5,0.2,0.1,0.0,antifragile,0.359444,0.434937,0.013005,0.060195
0.5,0.2,0.1,0.1,antifragile,0.541973,0.673285,-0.118253,-0.037368
0.5,0.2,0.1,0.2,antifragile,0.671584,0.704461,-0.088925,-0.053351
0.5,0.2,0.1,0.3,antifragile,0.759826,0.810518,-0.085182,-0.193413
0.5,0.2,0.1,0.4,antifragile,0.850971,0.876162,-0.143972,-0.310038
0.5,0.2,0.1,0.5,antifragile,0.850857,1.012746,-0.286007,-0.415962
0.5,0.2,0.1,0.6,antifragile,1.108246,1.123314,-0.292125,-0.597273
0.5,0.2,0.1,0.7,antifragile,1.181662,1.203125,-0.289159,-0.506457
0.5,0.2,0.1,0.8,competitive,1.255931,1.244477,-0.410308,-0.64987
0.5,0.2,0.1,0.9,competitive,1.391074,1.376896,-0.355509,-0.770322
0.5,0.2,0.1,1.0,antifragile,1.402039,1.436015,-0.485997,-0.775701
0.5,0.2,0.2,0.0,antifragile,0.229506,0.529012,0.008897,0.269634
0.5,0.2,0.2,0.1,antifragile,0.431215,0.512238,0.114737,0.118273
0.5,0.2,0.2,0.2,antifragile,0.523306,0.656739,-0.006672,0.046271
0.5,0.2,0.2,0.3,antifragile,0.581751,0.744322,-0.064215,-0.035863
0.5,0.2,0.2,0.4,antifragile,0.764984,0.858227,-0.137516,-0.18008
0.5,0.2,0.2,0.5,antifragile,0.785426,0.97463,-0.180799,-0.244588
0.5,0.2,0.2,0.6,antifragile,0.966887,1.040197,-0.190281,-0.365248
0.5,0.2,0.2,0.7,antifragile,1.078443,1.119359,-0.23432,-0.347102
0.5,0.2,0.2,0.8,antifragile,1.200266,1.20146,-0.277446,-0.410028
0.5,0.2,0.2,0.9,antifragile,1.269631,1.326994,-0.276793,-0.56424
0.5,0.2,0.2,1.0,antifragile,1.376359,1.382829,-0.350505,-0.627099
0.5,0.2,0.3,0.0,antifragile,0.271045,0.361732,0.223139,0.30058
0.5,0.2,0.3,0.1,antifragile,0.361241,0.493123,0.014458,0.164353
0.5,0.2,0.3,0.2,antifragile,0.408452,0.651205,0.05656,0.132488
0.5,0.2,0.3,0.3,antifragile,0.590901,0.720099,0.028989,0.215551
0.5,0.2,0.3,0.4,antifragile,0.644598,0.780208,-0.000952,0.011704
0.5,0.2,0.3,0.5,antifragile,0.770049,0.917846,0.009112,-0.042138
0.5,0.2,0.3,0.6,antifragile,0.859145,0.972825,-0.08354,-0.227462
0.5,0.2,0.3,0.7,antifragile,1.019258,1.121203,-0.011498,-0.206335
0.5,0.2,0.3,0.8,antifragile,1.031063,1.169061,-0.280698,-0.471887
0.5,0.2,0.3,0.9,antifragile,1.200691,1.230381,-0.142941,-0.392104
0.5,0.2,0.3,1.0,antifragile,1.291425,1.368584,-0.190731,-0.44927
0.5,0.2,0.4,0.0,unification,0.06837,0.346941,0.204945,0.46156
0.5,0.2,0.4,0.1,antifragile,0.199316,0.517611,0.277515,0.284698
0.5,0.2,0.4,0.2,antifragile,0.312716,0.52065,0.098171,0.255266
0.5,0.2,0.4,0.3,antifragile,0.408639,0.710999,0.107548,0.199951
0.5,0.2,0.4,0.4,antifragile,0.539665,0.76927,0.042465,0.087567
0.5,0.2,0.4,0.5,antifragile,0.68595,0.778825,0.034397,-0.028437
0.5,0.2,0.4,0.6,antifragile,0.758057,0.891923,-0.037934,-0.056106
0.5,0.2,0.4,0.7,antifragile,0.907854,1.005683,-0.039558,-0.098011
0.5,0.2,0.4,0.8,antifragile,0.970315,1.160046,-0.203427,-0.284852
0.5,0.2,0.4,0.9,antifragile,1.118526,1.302773,-0.169964,-0.191531
0.5,0.2,0.4,1.0,antifragile,1.230694,1.286332,-0.115641,-0.472647
0.5,0.2,0.5,0.0,unification,0.041421,0.318538,0.237128,0.613108
0.5,0.2,0.5,0.1,antifragile,0.122011,0.546284,0.214103,0.402018
0.5,0.2,0.5,0.2,antifragile,0.221017,0.699525,0.266696,0.422695
0.5,0.2,0.5,0.3,antifragile,0.384347,0.625758,0.321468,0.332904
0.5,0.2,0.5,0.4,antifragile,0.483216,0.794243,0.081338,0.181033
0.5,0.2,0.5,0.5,antifragile,0.562724,0.889566,0.040097,0.136632
0.5,0.2,0.5,0.6,antifragile,0.674558,0.856281,0.039553,0.082113
0.5,0.2,0.5,0.7,antifragile,0.720837,1.100567,0.048402,-0.0127
0.5,0.2,0.5,0.8,antifragile,0.905409,1.070384,-0.047485,-0.096907
0.5,0.2,0.5,0.9,antifragile,0.982417,1.229437,-0.099944,-0.177429
0.5,0.2,0.5,1.0,antifragile,1.151304,1.233616,-0.091635,-0.361083
0.5,0.2,0.6,0.0,unification,-0.158052,0.300305,0.529846,0.728769
0.5,0.2,0.6,0.1,unification,0.114605,0.455421,0.360272,0.64977
0.5,0.2,0.6,0.2,unification,0.123021,0.543526,0.368855,0.554971
0.5,0.2,0.6,0.3,antifragile,0.327139,0.62413,0.354604,0.424588
0.5,0.2,0.6,0.4,antifragile,0.480885,0.73868,0.210803,0.291043
0.5,0.2,0.6,0.5,antifragile,0.4446,0.757032,0.185564,0.201302
0.5,0.2,0.6,0.6,antifragile,0.659638,0.905536,0.153507,0.121731
0.5,0.2,0.6,0.7,antifragile,0.666548,0.883982,0.19089,0.024114
0.5,0.2,0.6,0.8,antifragile,0.747905,1.160659,0.089378,0.016037
0.5,0.2,0.6,0.9,antifragile,0.942013,1.232695,0.034994,-0.152177
0.5,0.2,0.6,1.0,antifragile,1.071659,1.301117,0.048578,-0.222455
0.5,0.2,0.7,0.0,unification,-0.191467,0.314604,0.427774,0.697358
0.5,0.2,0.7,0.1,unification,-0.035133,0.43475,0.428553,0.757407
0.5,0.2,0.7,0.2,unification,0.085168,0.485525,0.401798,0.712457
0.5,0.2,0.7,0.3,antifragile,0.126787,0.618652,0.295956,0.520261
0.5,0.2,0.7,0.4,antifragile,0.344796,0.614508,0.30292,0.593067
0.5,0.2,0.7,0.5,antifragile,0.446278,0.733141,0.246709,0.381494
0.5,0.2,0.7,0.6,antifragile,0.570597,0.814918,0.181892,0.340668
0.5,0.2,0.7,0.7,antifragile,0.530943,0.914446,0.190746,0.218309
0.5,0.2,0.7,0.8,antifragile,0.656769,1.072687,0.182688,0.101876
0.5,0.2,0.7,0.9,antifragile,0.918038,1.16698,0.064757,0.131039
0.5,0.2,0.7,1.0,antifragile,0.918834,1.253944,0.050661,-0.003792
0.5,0.2,0.8,0.0,unification,-0.269076,0.238957,0.552001,0.914902
0.5,0.2,0.8,0.1,unification,-0.081409,0.29211,0.518143,0.859473
0.5,0.2,0.8,0.2,unification,-0.031232,0.498415,0.404803,0.798396
0.5,0.2,0.8,0.3,unification,0.022752,0.519561,0.372615,0.668395
0.5,0.2,0.8,0.4,antifragile,0.166089,0.721914,0.412068,0.621989
0.5,0.2,0.8,0.5,antifragile,0.249625,0.772004,0.441911,0.558495
0.5,0.2,0.8,0.6,antifragile,0.349399,0.806793,0.325425,0.401142
0.5,0.2,0.8,0.7,antifragile,0.65165,0.900886,0.277832,0.314989
0.5,0.2,0.8,0.8,antifragile,0.646584,1.089118,0.245743,0.249049
0.5,0.2,0.8,0.9,antifragile,0.691304,1.175442,0.192815,0.165665
0.5,0.2,0.8,1.0,antifragile,0.738053,1.203639,0.139945,-0.0013
0.5,0.2,0.9,0.0,unification,-0.285519,0.198238,0.739778,1.135722
0.5,0.2,0.9,0.1,unification,-0.260995,0.388466,0.685527,0.952048
0.5,0.2,0.9,0.2,unification,-0.166633,0.307232,0.584022,0.846334
0.5,0.2,0.9,0.3,unification,0.015525,0.481607,0.486013,0.781925
0.5,0.2,0.9,0.4,unification,0.040009,0.576902,0.448169,0.724292
0.5,0.2,0.9,0.5,antifragile,0.220213,0.646441,0.50004,0.632022
0.5,0.2,0.9,0.6,antifragile,0.400122,0.807054,0.408455,0.530451
0.5,0.2,0.9,0.7,antifragile,0.465742,0.891678,0.407923,0.550233
0.5,0.2,0.9,0.8,antifragile,0.508657,1.015673,0.354256,0.407906
0.5,0.2,0.9,0.9,antifragile,0.63334,1.059352,0.255806,0.269814
0.5,0.2,0.9,1.0,antifragile,0.722994,1.169775,0.207109,0.236782
0.5,0.2,1.0,0.0,unification,-0.422152,0.198456,0.716326,1.193445
0.5,0.2,1.0,0.1,unification,-0.327366,0.323977,0.667881,1.123776
0.5,0.2,1.0,0.2,unification,-0.270319,0.415604,0.622037,0.974386
0.5,0.2,1.0,0.3,unification,-0.15194,0.414104,0.585926,1.009931
0.5,0.2,1.0,0.4,unification,-0.017166,0.459541,0.588273,0.794287
0.5,0.2,1.0,0.5,unification,0.16574,0.643946,0.5163,0.824866
0.5,0.2,1.0,0.6,antifragile,0.265886,0.697681,0.435037,0.590824
0.5,0.2,1.0,0.7,antifragile,0.475161,0.811865,0.508491,0.568386
0.5,0.2,1.0,0.8,antifragile,0.401007,0.951078,0.393667,0.550094
0.5,0.2,1.0,0.9,antifragile,0.605719,1.015493,0.298002,0.365142
0.5,0.2,1.0,1.0,antifragile,0.560877,1.126277,0.32941,0.282859
0.5,0.3,0.0,0.0,antifragile,0.336817,0.584196,-0.036598,0.049354
0.5,0.3,0.0,0.1,antifragile,0.491639,0.692437,-0.073264,-0.049437
0.5,0.3,0.0,0.2,antifragile,0.52591,0.772483,-0.080565,-0.118885
0.5,0.3,0.0,0.3,antifragile,0.825592,0.878139,-0.132824,-0.170043
0.5,0.3,0.0,0.4,antifragile,0.945643,0.977636,-0.276174,-0.258397
0.5,0.3,0.0,0.5,antifragile,0.906038,0.963876,-0.120122,-0.290928
0.5,0.3,0.0,0.6,antifragile,1.014741,1.110068,-0.236992,-0.494259
0.5,0.3,0.0,0.7,antifragile,1.163246,1.214341,-0.30502,-0.605218
0.5,0.3,0.0,0.8,antifragile,1.321345,1.405189,-0.33001,-0.621812
0.5,0.3,0.0,0.9,antifragile,1.421458,1.440095,-0.278522,-0.770818
0.5,0.3,0.0,1.0,competitive,1.543047,1.52929,-0.461061,-0.677646
0.5,0.3,0.1,0.0,antifragile,0.42926,0.539607,0.102236,0.161441
0.5,0.3,0.1,0.1,antifragile,0.404485,0.588375,-0.024013,0.192207
0.5,0.3,0.1,0.2,antifragile,0.528062,0.742529,-0.040526,0.024499
0.5,0.3,0.1,0.3,antifragile,0.56481,0.796313,-0.099989,-0.005356
0.5,0.3,0.1,0.4,antifragile,0.667405,0.871039,-0.182379,-0.199501
0.5,0.3,0.1,0.5,antifragile,0.837024,1.073889,-0.1311,-0.260529
0.5,0.3,0.1,0.6,antifragile,0.984995,1.097855,-0.039505,-0.35455
0.5,0.3,0.1,0.7,antifragile,1.100686,1.256323,-0.230986,-0.401731
0.5,0.3,0.1,0.8,antifragile,1.164958,1.323701,-0.234954,-0.502014
0.5,0.3,0.1,0.9,antifragile,1.242222,1.498185,-0.25068,-0.659432
0.5,0.3,0.1,1.0,antifragile,1.388982,1.42153,-0.281896,-0.666089
0.5,0.3,0.2,0.0,antifragile,0.220204,0.472882,0.149222,0.349359
0.5,0.3,0.2,0.1,antifragile,0.382792,0.652321,0.047392,0.215694
0.5,0.3,0.2,0.2,antifragile,0.452666,0.668261,0.002049,0.075668
0.5,0.3,0.2,0.3,antifragile,0.624989,0.740427,0.047378,0.047183
0.5,0.3,0.2,0.4,antifragile,0.652311,0.879007,0.044457,-0.028219
0.5,0.3,0.2,0.5,antifragile,0.738717,0.992567,-0.098877,-0.091203
0.5,0.3,0.2,0.6,antifragile,0.845952,1.053831,-0.049348,-0.220366
0.5,0.3,0.2,0.7,antifragile,0.972449,1.238382,-0.163659,-0.260081
0.5,0.3,0.2,0.8,antifragile,1.147476,1.333345,-0.046174,-0.402107
0.5,0.3,0.2,0.9,antifragile,1.166603,1.410861,-0.147988,-0.494537
0.5,0.3,0.2,1.0,antifragile,1.34424,1.60121,-0.229767,-0.493825
0.5,0.3,0.3,0.0,antifragile,0.208837,0.605187,0.262285,0.497652
0.5,0.3,0.3,0.1,antifragile,0.200575,0.576244,0.187677,0.255733
0.5,0.3,0.3,0.2,antifragile,0.269848,0.691502,0.192484,0.212919
0.5,0.3,0.3,0.3,antifragile,0.537869,0.709501,0.142863,0.159238
0.5,0.3,0.3,0.4,antifragile,0.575347,0.904927,0.127867,0.130392
0.5,0.3,0.3,0.5,antifragile,0.709008,0.891363,0.106726,-0.043014
0.5,0.3,0.3,0.6,antifragile,0.784698,1.032434,0.027506,-0.099236
0.5,0.3,0.3,0.7,antifragile,0.892074,1.225943,-0.094763,-0.160123
0.5,0.3,0.3,0.8,antifragile,0.954294,1.273717,-0.106336,-0.243073
0.5,0.3,0.3,0.9,antifragile,1.053767,1.399577,-0.106361,-0.323112
0.5,0.3,0.3,1.0,antifragile,1.271453,1.36743,-0.180751,-0.406497
0.5,0.3,0.4,0.0,unification,-0.048099,0.362269,0.293937,0.50295
0.5,0.3,0.4,0.1,antifragile,0.132807,0.566122,0.332494,0.565471
0.5,0.3,0.4,0.2,antifragile,0.258869,0.642718,0.253756,0.406013
0.5,0.3,0.4,0.3,antifragile,0.389918,0.776106,0.26091,0.330968
0.5,0.3,0.4,0.4,antifragile,0.555509,0.826338,0.144422,0.197598
0.5,0.3,0.4,0.5,antifragile,0.584708,0.865818,0.104332,0.078008
0.5,0.3,0.4,0.6,antifragile,0.717198,1.032691,0.006554,0.017296
0.5,0.3,0.4,0.7,antifragile,0.901259,1.141489,0.077717,-0.068213
0.5,0.3,0.4,0.8,antifragile,0.934364,1.204275,-0.024837,-0.144689
0.5,0.3,0.4,0.9,antifragile,1.006437,1.225566,-0.091178,-0.214973
0.5,0.3,0.4,1.0,antifragile,1.0976,1.379954,-0.145283,-0.249934
0.5,0.3,0.5,0.0,unification,0.054024,0.46137,0.476527,0.716306
0.5,0.3,0.5,0.1,unification,0.073279,0.509326,0.334274,0.634503
0.5,0.3,0.5,0.2,antifragile,0.201535,0.57685,0.3663,0.480303
0.5,0.3,0.5,0.3,antifragile,0.248487,0.733755,0.321526,0.418403
0.5,0.3,0.5,0.4,antifragile,0.372617,0.798739,0.16823,0.307112
0.5,0.3,0.5,0.5,antifragile,0.436745,0.885593,0.274431,0.283858
0.5,0.3,0.5,0.6,antifragile,0.584425,0.94467,0.142307,0.274981
0.5,0.3,0.5,0.7,antifragile,0.723403,1.084988,0.034444,0.030953
0.5,0.3,0.5,0.8,antifragile,0.827791,1.145092,0.106653,0.010994
0.5,0.3,0.5,0.9,antifragile,0.970023,1.171542,0.004739,-0.084981
0.5,0.3,0.5,1.0,antifragile,1.01763,1.344486,0.025451,-0.202247
0.5,0.3,0.6,0.0,unification,-0.130386,0.402199,0.508254,0.846036
0.5,0.3,0.6,0.1,unification,-0.138647,0.440698,0.509617,0.681782
0.5,0.3,0.6,0.2,unification,0.029997,0.558687,0.424134,0.613265
0.5,0.3,0.6,0.3,antifragile,0.282179,0.674325,0.339856,0.483025
0.5,0.3,0.6,0.4,antifragile,0.320279,0.708671,0.452631,0.491397
0.5,0.3,0.6,0.5,antifragile,0.437999,0.862434,0.361078,0.265233
0.5,0.3,0.6,0.6,antifragile,0.459836,0.996707,0.340029,0.238236
0.5,0.3,0.6,0.7,antifragile,0.539068,1.048376,0.249271,0.222369
0.5,0.3,0.6,0.8,antifragile,0.737019,1.042407,0.166249,0.118705
0.5,0.3,0.6,0.9,antifragile,0.822588,1.134063,0.174237,0.088288
0.5,0.3,0.6,1.0,antifragile,0.920268,1.315701,0.080154,-0.06436
0.5,0.3,0.7,0.0,unification,-0.205342,0.365866,0.643739,0.987696
0.5,0.3,0.7,0.1,unification,-0.12859,0.577105,0.627498,0.817093
0.5,0.3,0.7,0.2,unification,-0.00367,0.430709,0.511363,0.848685
0.5,0.3,0.7,0.3,unification,0.239065,0.618936,0.486744,0.710266
0.5,0.3,0.7,0.4,antifragile,0.308985,0.670851,0.562776,0.579146
0.5,0.3,0.7,0.5,antifragile,0.261492,0.799237,0.34952,0.530963
0.5,0.3,0.7,0.6,antifragile,0.34738,0.917082,0.383198,0.499142
0.5,0.3,0.7,0.7,antifragile,0.57403,1.076064,0.279717,0.35971
0.5,0.3,0.7,0.8,antifragile,0.538539,1.094301,0.289338,0.278862
0.5,0.3,0.7,0.9,antifragile,0.681296,1.175492,0.217462,0.148546
0.5,0.3,0.7,1.0,antifragile,0.90625,1.279159,0.194966,0.060519
0.5,0.3,0.8,0.0,unification,-0.266759,0.361962,0.659583,1.202529
0.5,0.3,0.8,0.1,unification,-0.248324,0.45036,0.58745,1.013651
0.5,0.3,0.8,0.2,unification,-0.06525,0.444413,0.58847,0.983387
0.5,0.3,0.8,0.3,unification,-0.030715,0.610093,0.571774,0.802886
0.5,0.3,0.8,0.4,unification,0.033443,0.726431,0.515581,0.775192
0.5,0.3,0.8,0.5,antifragile,0.241588,0.783223,0.493627,0.585623
0.5,0.3,0.8,0.6,antifragile,0.417905,0.856229,0.416872,0.614615
0.5,0.3,0.8,0.7,antifragile,0.462367,0.958177,0.415691,0.496299
0.5,0.3,0.8,0.8,antifragile,0.554083,1.111117,0.291472,0.39309
0.5,0.3,0.8,0.9,antifragile,0.710013,1.19109,0.202948,0.28867
0.5,0.3,0.8,1.0,antifragile,0.719298,1.319289,0.255466,0.268735
0.5,0.3,0.9,0.0,unification,-0.470852,0.289532,0.760397,1.323203
0.5,0.3,0.9,0.1,unification,-0.241104,0.420694,0.82139,1.114188
0.5,0.3,0.9,0.2,unification,-0.194975,0.449324,0.696391,0.876494
0.5,0.3,0.9,0.3,unification,-0.079884,0.56634,0.632207,0.853455
0.5,0.3,0.9,0.4,unification,0.022508,0.573315,0.688688,0.832132
0.5,0.3,0.9,0.5,unification,0.036865,0.734674,0.60477,0.768804
0.5,0.3,0.9,0.6,antifragile,0.204307,0.806088,0.505658,0.653017
0.5,0.3,0.9,0.7,antifragile,0.297022,0.93162,0.413313,0.637452
0.5,0.3,0.9,0.8,antifragile,0.523555,0.979841,0.404168,0.48385
0.5,0.3,0.9,0.9,antifragile,0.578424,1.137842,0.423153,0.441986
0.5,0.3,0.9,1.0,antifragile,0.767693,1.223018,0.294876,0.254541
0.5,0.3,1.0,0.0,unification,-0.418211,0.260483,0.855323,1.332451
0.5,0.3,1.0,0.1,unification,-0.381987,0.351659,0.786371,1.27776
0.5,0.3,1.0,0.2,unification,-0.306243,0.379836,0.680458,1.128114
0.5,0.3,1.0,0.3,unification,-0.106625,0.497132,0.656073,1.069241
0.5,0.3,1.0,0.4,unification,-0.092553,0.692413,0.73873,0.906455
0.5,0.3,1.0,0.5,unification,0.041305,0.672236,0.586975,0.882203
0.5,0.3,1.0,0.6,antifragile,0.200912,0.800915,0.579192,0.689688
0.5,0.3,1.0,0.7,antifragile,0.236709,0.92759,0.497903,0.779128
0.5,0.3,1.0,0.8,antifragile,0.350818,1.004686,0.505043,0.571184
0.5,0.3,1.0,0.9,antifragile,0.512015,1.060099,0.443348,0.426193
0.5,0.3,1.0,1.0,antifragile,0.665134,1.185307,0.500328,0.49101
0.5,0.4,0.0,0.0,antifragile,0.380322,0.601793,0.041377,0.218135
0.5,0.4,0.0,0.1,antifragile,0.44151,0.701682,0.107136,0.110407
0.5,0.4,0.0,0.2,antifragile,0.576947,0.76888,0.078881,0.009768
0.5,0.4,0.0,0.3,antifragile,0.709244,0.963413,0.024315,-0.080556
0.5,0.4,0.0,0.4,antifragile,0.800478,1.065539,-0.019663,-0.14987
0.5,0.4,0.0,0.5,antifragile,0.910592,1.078715,-0.014301,-0.329091
0.5,0.4,0.0,0.6,antifragile,0.98672,1.179702,-0.162045,-0.31474
0.5,0.4,0.0,0.7,antifragile,1.038726,1.402597,-0.237605,-0.462563
0.5,0.4,0.0,0.8,antifragile,1.152716,1.399925,-0.159273,-0.4737
0.5,0.4,0.0,0.9,antifragile,1.388617,1.443637,-0.217064,-0.600177
0.5,0.4,0.0,1.0,antifragile,1.436404,1.635434,-0.374614,-0.57045
0.5,0.4,0.1,0.0,antifragile,0.227738,0.514669,0.160358,0.310115
0.5,0.4,0.1,0.1,antifragile,0.310346,0.587605,0.15984,0.183913
0.5,0.4,0.1,0.2,antifragile,0.487557,0.731581,0.228076,0.160681
0.5,0.4,0.1,0.3,antifragile,0.57484,0.911156,-0.016076,0.025152
0.5,0.4,0.1,0.4,antifragile,0.764151,0.958993,0.031859,-0.058325
0.5,0.4,0.1,0.5,antifragile,0.858225,1.057768,-0.067592,0.008941
0.5,0.4,0.1,0.6,antifragile,0.826249,1.160131,-0.08709,-0.24008
0.5,0.4,0.1,0.7,antifragile,0.952008,1.233,-0.035798,-0.385099
0.5,0.4,0.1,0.8,antifragile,1.17804,1.40942,-0.099547,-0.368691
0.5,0.4,0.1,0.9,antifragile,1.238832,1.521171,-0.252289,-0.423636
0.5,0.4,0.1,1.0,antifragile,1.297691,1.586287,-0.23568,-0.509657
0.5,0.4,0.2,0.0,unification,0.067576,0.475371,0.274347,0.501777
0.5,0.4,0.2,0.1,antifragile,0.281814,0.681456,0.28301,0.325151
0.5,0.4,0.2,0.2,antifragile,0.395537,0.721016,0.184299,0.250508
0.5,0.4,0.2,0.3,antifragile,0.447724,0.841697,0.147272,0.139617
0.5,0.4,0.2,0.4,antifragile,0.57797,0.947763,0.065007,0.110873
0.5,0.4,0.2,0.5,antifragile,0.670316,1.04491,0.046735,0.057525
0.5,0.4,0.2,0.6,antifragile,0.852806,1.077531,0.06625,-0.007686
0.5,0.4,0.2,0.7,antifragile,0.867591,1.181552,0.036753,-0.230359
0.5,0.4,0.2,0.8,antifragile,0.986124,1.269267,-0.002626,-0.284621
0.5,0.4,0.2,0.9,antifragile,1.12077,1.377584,-0.022574,-0.377969
0.5,0.4,0.2,1.0,antifragile,1.17462,1.43766,-0.085317,-0.381707
0.5,0.4,0.3,0.0,unification,0.117428,0.461951,0.353439,0.676365
0.5,0.4,0.3,0.1,antifragile,0.149884,0.59183,0.32395,0.496498
0.5,0.4,0.3,0.2,antifragile,0.300662,0.684278,0.255748,0.370177
0.5,0.4,0.3,0.3,antifragile,0.348496,0.748262,0.335398,0.279654
0.5,0.4,0.3,0.4,antifragile,0.477488,0.889046,0.200974,0.236738
0.5,0.4,0.3,0.5,antifragile,0.58174,1.056968,0.194891,0.120455
0.5,0.4,0.3,0.6,antifragile,0.681688,1.149246,0.116898,-0.017138
0.5,0.4,0.3,0.7,antifragile,0.876053,1.153684,0.128425,-0.165713
0.5,0.4,0.3,0.8,antifragile,0.916567,1.342998,0.045257,-0.095093
0.5,0.4,0.3,0.9,antifragile,0.999903,1.397385,0.005188,-0.197833
0.5,0.4,0.3,1.0,antifragile,1.256964,1.540229,0.0046,-0.254769
0.5,0.4,0.4,0.0,unification,-0.080458,0.466439,0.373371,0.616521
0.5,0.4,0.4,0.1,unification,0.030673,0.583544,0.34875,0.593041
0.5,0.4,0.4,0.2,antifragile,0.177299,0.623289,0.446279,0.443774
0.5,0.4,0.4,0.3,antifragile,0.350866,0.662286,0.322888,0.365119
0.5,0.4,0.4,0.4,antifragile,0.372277,0.960508,0.272652,0.284773
0.5,0.4,0.4,0.5,antifragile,0.539382,0.947213,0.257536,0.209277
0.5,0.4,0.4,0.6,antifragile,0.581739,1.020616,0.249922,0.158659
0.5,0.4,0.4,0.7,antifragile,0.682587,1.163091,0.173974,0.11368
0.5,0.4,0.4,0.8,antifragile,0.82091,1.246121,0.151084,-0.050468
0.5,0.4,0.4,0.9,antifragile,0.999311,1.345822,0.034949,-0.140421
0.5,0.4,0.4,1.0,antifragile,1.06003,1.412489,0.08773,-0.184338
0.5,0.4,0.5,0.0,unification,-0.109848,0.412569,0.53385,0.870777
0.5,0.4,0.5,0.1,unification,-0.022406,0.522352,0.45181,0.719061
0.5,0.4,0.5,0.2,antifragile,0.165466,0.57682,0.452504,0.549306
0.5,0.4,0.5,0.3,antifragile,0.184479,0.753138,0.335981,0.52776
0.5,0.4,0.5,0.4,antifragile,0.329526,0.841557,0.391948,0.41627
0.5,0.4,0.5,0.5,antifragile,0.439505,0.9,0.370701,0.264467
0.5,0.4,0.5,0.6,antifragile,0.52052,1.029944,0.362472,0.29934
0.5,0.4,0.5,0.7,antifragile,0.654414,1.138775,0.317654,0.190905
0.5,0.4,0.5,0.8,antifragile,0.684845,1.135273,0.24821,0.13616
0.5,0.4,0.5,0.9,antifragile,0.852183,1.280695,0.184042,0.050486
0.5,0.4,0.5,1.0,antifragile,0.998991,1.349567,0.046785,-0.090676
0.5,0.4,0.6,0.0,unification,-0.282556,0.349854,0.698487,0.81665
0.5,0.4,0.6,0.1,unification,-0.081515,0.56035,0.629373,0.858862
0.5,0.4,0.6,0.2,unification,0.070995,0.69917,0.524888,0.782374
0.5,0.4,0.6,0.3,antifragile,0.17879,0.661902,0.487755,0.643709
0.5,0.4,0.6,0.4,antifragile,0.248049,0.705095,0.531831,0.61669
0.5,0.4,0.6,0.5,antifragile,0.364497,0.776834,0.367993,0.579523
0.5,0.4,0.6,0.6,antifragile,0.43613,0.903797,0.391081,0.453958
0.5,0.4,0.6,0.7,antifragile,0.581575,1.07748,0.396778,0.299899
0.5,0.4,0.6,0.8,antifragile,0.692004,1.186751,0.293346,0.23105
0.5,0.4,0.6,0.9,antifragile,0.75782,1.276613,0.245364,0.201653
0.5,0.4,0.6,1.0,antifragile,0.858201,1.448415,0.190967,0.126004
0.5,0.4,0.7,0.0,unification,-0.256839,0.393293,0.708838,1.018552
0.5,0.4,0.7,0.1,unification,-0.220854,0.490989,0.662743,1.029154
0.5,0.4,0.7,0.2,unification,-0.107729,0.555297,0.541763,0.917176
0.5,0.4,0.7,0.3,unification,0.052661,0.718854,0.636672,0.839447
0.5,0.4,0.7,0.4,antifragile,0.176556,0.795503,0.583205,0.622902
0.5,0.4,0.7,0.5,antifragile,0.19001,0.79684,0.568509,0.590852
0.5,0.4,0.7,0.6,antifragile,0.323857,0.955333,0.402816,0.564027
0.5,0.4,0.7,0.7,antifragile,0.35848,0.991126,0.434941,0.397918
0.5,0.4,0.7,0.8,antifragile,0.639956,1.147314,0.441604,0.392896
0.5,0.4,0.7,0.9,antifragile,0.684404,1.190172,0.391457,0.312063
0.5,0.4,0.7,1.0,antifragile,0.899232,1.37642,0.28513,0.219471
0.5,0.4,0.8,0.0,unification,-0.373893,0.408148,0.856093,1.171901
0.5,0.4,0.8,0.1,unification,-0.345776,0.352308,0.693023,1.065411
0.5,0.4,0.8,0.2,unification,-0.099783,0.615975,0.758008,1.07152
0.5,0.4,0.8,0.3,unification,-0.10037,0.559234,0.619674,0.823259
0.5,0.4,0.8,0.4,unification,-0.010698,0.704703,0.638335,0.846773
0.5,0.4,0.8,0.5,antifragile,0.120518,0.853447,0.556478,0.755502
0.5,0.4,0.8,0.6,antifragile,0.209501,0.974433,0.551042,0.703941
0.5,0.4,0.8,0.7,antifragile,0.31419,1.023721,0.538617,0.482807
0.5,0.4,0.8,0.8,antifragile,0.543405,1.047529,0.480545,0.589385
0.5,0.4,0.8,0.9,antifragile,0.642745,1.130503,0.421098,0.476671
0.5,0.4,0.8,1.0,antifragile,0.664161,1.282006,0.370606,0.358502
0.5,0.4,0.9,0.0,unification,-0.56185,0.346306,0.84386,1.304433
0.5,0.4,0.9,0.1,unification,-0.386244,0.439988,0.833948,1.292022
0.5,0.4,0.9,0.2,unification,-0.215529,0.465234,0.863265,1.15097
0.5,0.4,0.9,0.3,unification,-0.146506,0.64241,0.702943,0.981028
0.5,0.4,0.9,0.4,unification,-0.043753,0.664685,0.818686,0.926784
0.5,0.4,0.9,0.5,unification,0.067012,0.799598,0.736564,0.830272
0.5,0.4,0.9,0.6,antifragile,0.094397,0.954722,0.639026,0.835487
0.5,0.4,0.9,0.7,antifragile,0.327835,1.0315,0.576107,0.677553
0.5,0.4,0.9,0.8,antifragile,0.295187,1.025255,0.558108,0.58993
0.5,0.4,0.9,0.9,antifragile,0.447955,1.172521,0.582147,0.537199
0.5,0.4,0.9,1.0,antifragile,0.558359,1.328621,0.436294,0.528969
0.5,0.4,1.0,0.0,unification,-0.588157,0.285157,1.038045,1.362425
0.5,0.4,1.0,0.1,unification,-0.517505,0.358673,0.913002,1.477103
0.5,0.4,1.0,0.2,unification,-0.399403,0.404788,0.833208,1.271607
0.5,0.4,1.0,0.3,unification,-0.220398,0.529646,0.841052,1.27226
0.5,0.4,1.0,0.4,unification,-0.133242,0.67605,0.894449,1.055099
0.5,0.4,1.0,0.5,unification,-0.06317,0.731516,0.733604,0.913949
0.5,0.4,1.0,0.6,unification,0.0919,0.860847,0.710707,0.932374
0.5,0.4,1.0,0.7,antifragile,0.207905,0.879192,0.694432,0.862926
0.5,0.4,1.0,0.8,antifragile,0.225145,1.113156,0.57821,0.693088
0.5,0.4,1.0,0.9,antifragile,0.425098,1.161735,0.638884,0.69305
0.5,0.4,1.0,1.0,antifragile,0.499015,1.235428,0.544166,0.588713
0.5,0.5,0.0,0.0,antifragile,0.253423,0.649755,0.207639,0.20739
0.5,0.5,0.0,0.1,antifragile,0.401507,0.784878,0.069666,0.254658
0.5,0.5,0.0,0.2,antifragile,0.467349,0.818159,0.093729,0.095589
0.5,0.5,0.0,0.3,antifragile,0.533424,0.920141,0.190032,0.063556
0.5,0.5,0.0,0.4,antifragile,0.791801,1.066287,0.093963,-0.084035
0.5,0.5,0.0,0.5,antifragile,0.791599,1.145916,0.056005,-0.127474
0.5,0.5,0.0,0.6,antifragile,0.927566,1.260776,-0.030143,-0.230285
0.5,0.5,0.0,0.7,antifragile,0.98655,1.394115,-0.070122,-0.278555
0.5,0.5,0.0,0.8,antifragile,1.122172,1.488131,-0.194404,-0.364852
0.5,0.5,0.0,0.9,antifragile,1.177254,1.549535,-0.142327,-0.538918
0.5,0.5,0.0,1.0,antifragile,1.366882,1.636209,-0.186561,-0.555228
0.5,0.5,0.1,0.0,antifragile,0.168076,0.698911,0.294284,0.475652
0.5,0.5,0.1,0.1,antifragile,0.268127,0.799787,0.258243,0.306684
0.5,0.5,0.1,0.2,antifragile,0.325116,0.828309,0.190341,0.325224
0.5,0.5,0.1,0.3,antifragile,0.446439,0.890499,0.219054,0.22929
0.5,0.5,0.1,0.4,antifragile,0.636552,1.072934,0.145989,0.081694
0.5,0.5,0.1,0.5,antifragile,0.810588,1.199513,0.14571,0.05533
0.5,0.5,0.1,0.6,antifragile,0.862927,1.149701,0.068017,-0.010161
0.5,0.5,0.1,0.7,antifragile,0.966017,1.301821,0.105438,-0.151535
0.5,0.5,0.1,0.8,antifragile,1.077779,1.418727,0.017058,-0.224367
0.5,0.5,0.1,0.9,antifragile,1.214984,1.566498,-0.072555,-0.322224
0.5,0.5,0.1,1.0,antifragile,1.32355,1.583422,-0.155445,-0.470432
0.5,0.5,0.2,0.0,unification,0.028021,0.582091,0.357689,0.601455
0.5,0.5,0.2,0.1,antifragile,0.166159,0.763055,0.298485,0.447334
0.5,0.5,0.2,0.2,antifragile,0.295214,0.835533,0.372181,0.353084
0.5,0.5,0.2,0.3,antifragile,0.449671,0.805905,0.318567,0.227947
0.5,0.5,0.2,0.4,antifragile,0.532332,1.041459,0.279362,0.128041
0.5,0.5,0.2,0.5,antifragile,0.597638,1.115847,0.229415,0.138797
0.5,0.5,0.2,0.6,antifragile,0.61992,1.234902,0.223813,0.048187
0.5,0.5,0.2,0.7,antifragile,0.851429,1.295153,0.188022,-0.032472
0.5,0.5,0.2,0.8,antifragile,0.940441,1.384076,0.074445,-0.129988
0.5,0.5,0.2,0.9,antifragile,0.971707,1.486142,0.093573,-0.163981
0.5,0.5,0.2,1.0,antifragile,1.21755,1.55235,0.002284,-0.24043
0.5,0.5,0.3,0.0,antifragile,0.023368,0.644318,0.446364,0.641052
0.5,0.5,0.3,0.1,antifragile,0.073372,0.617848,0.373927,0.613432
0.5,0.5,0.3,0.2,antifragile,0.220028,0.772311,0.417687,0.431814
0.5,0.5,0.3,0.3,antifragile,0.285997,0.840327,0.362425,0.347012
0.5,0.5,0.3,0.4,antifragile,0.37361,0.928176,0.372914,0.348094
0.5,0.5,0.3,0.5,antifragile,0.581078,1.038878,0.280049,0.274954
0.5,0.5,0.3,0.6,antifragile,0.631139,1.108764,0.165511,0.135104
0.5,0.5,0.3,0.7,antifragile,0.791809,1.298034,0.161342,-0.006687
0.5,0.5,0.3,0.8,antifragile,0.906331,1.333465,0.092648,-0.160539
0.5,0.5,0.3,0.9,antifragile,0.921829,1.401853,0.062417,-0.055405
0.5,0.5,0.3,1.0,antifragile,1.039372,1.52062,0.198674,-0.169127
0.5,0.5,0.4,0.0,unification,-0.115776,0.530354,0.598451,0.827254
0.5,0.5,0.4,0.1,unification,-0.050178,0.609442,0.491634,0.700868
0.5,0.5,0.4,0.2,antifragile,0.201331,0.755872,0.481012,0.692227
0.5,0.5,0.4,0.3,antifragile,0.229424,0.738097,0.528198,0.53718
0.5,0.5,0.4,0.4,antifragile,0.217199,0.835019,0.461384,0.38083
0.5,0.5,0.4,0.5,antifragile,0.507461,1.014052,0.400695,0.36216
0.5,0.5,0.4,0.6,antifragile,0.576168,1.120828,0.323073,0.236728
0.5,0.5,0.4,0.7,antifragile,0.677926,1.109149,0.331575,0.21485
0.5,0.5,0.4,0.8,antifragile,0.79321,1.164155,0.188713,0.094712
0.5,0.5,0.4,0.9,antifragile,0.913684,1.342859,0.3324,0.021834
0.5,0.5,0.4,1.0,antifragile,0.9392,1.475658,0.117453,-0.109217
0.5,0.5,0.5,0.0,unification,-0.149451,0.525662,0.675807,0.988838
0.5,0.5,0.5,0.1,unification,-0.065666,0.54163,0.645432,0.783669
0.5,0.5,0.5,0.2,antifragile,-0.003902,0.687714,0.562641,0.665441
0.5,0.5,0.5,0.3,antifragile,0.08162,0.783875,0.499466,0.726313
0.5,0.5,0.5,0.4,antifragile,0.304874,0.823981,0.492988,0.664136
0.5,0.5,0.5,0.5,antifragile,0.343289,0.954651,0.493011,0.48629
0.5,0.5,0.5,0.6,antifragile,0.523544,1.040263,0.386271,0.454508
0.5,0.5,0.5,0.7,antifragile,0.575027,1.17042,0.274533,0.312329
0.5,0.5,0.5,0.8,antifragile,0.723202,1.220815,0.365033,0.258399
0.5,0.5,0.5,0.9,antifragile,0.780014,1.422888,0.273008,0.146493
0.5,0.5,0.5,1.0,antifragile,0.889443,1.454026,0.288348,0.001372
0.5,0.5,0.6,0.0,unification,-0.246598,0.468405,0.762702,1.169593
0.5,0.5,0.6,0.1,unification,-0.205583,0.498766,0.70469,0.982608
0.5,0.5,0.6,0.2,unification,-0.02642,0.628081,0.613495,0.803351
0.5,0.5,0.6,0.3,unification,-0.028375,0.729202,0.609171,0.898257
0.5,0.5,0.6,0.4,antifragile,0.065371,0.86177,0.538703,0.721143
0.5,0.5,0.6,0.5,antifragile,0.232338,0.991769,0.58646,0.619345
0.5,0.5,0.6,0.6,antifragile,0.441956,1.073005,0.564628,0.537843
0.5,0.5,0.6,0.7,antifragile,0.52759,1.091587,0.411517,0.563991
0.5,0.5,0.6,0.8,antifragile,0.535706,1.203195,0.3201,0.327707
0.5,0.5,0.6,0.9,antifragile,0.650288,1.286485,0.389994,0.312052
0.5,0.5,0.6,1.0,antifragile,0.75966,1.375517,0.389176,0.285265
0.5,0.5,0.7,0.0,unification,-0.317204,0.347683,0.87947,1.267684
0.5,0.5,0.7,0.1,unification,-0.354797,0.579135,0.791261,1.073643
0.5,0.5,0.7,0.2,unification,-0.154691,0.642163,0.797879,1.060301
0.5,0.5,0.7,0.3,unification,-0.125346,0.682566,0.704678,0.998611
0.5,0.5,0.7,0.4,antifragile,-0.076375,0.779458,0.583605,0.766531
0.5,0.5,0.7,0.5,antifragile,0.219287,0.878406,0.503315,0.742078
0.5,0.5,0.7,0.6,antifragile,0.381793,0.909665,0.606647,0.743385
0.5,0.5,0.7,0.7,antifragile,0.387529,1.1914,0.507009,0.652297
0.5,0.5,0.7,0.8,antifragile,0.560497,1.188373,0.42564,0.444914
0.5,0.5,0.7,0.9,antifragile,0.492791,1.314707,0.483715,0.413961
0.5,0.5,0.7,1.0,antifragile,0.713864,1.44788,0.43489,0.297268
0.5,0.5,0.8,0.0,unification,-0.462639,0.497375,0.936108,1.280504
0.5,0.5,0.8,0.1,unification,-0.362224,0.513169,0.843946,1.189523
0.5,0.5,0.8,0.2,unification,-0.250566,0.660955,0.864549,1.109524
0.5,0.5,0.8,0.3,unification,-0.096549,0.680429,0.802229,1.057681
0.5,0.5,0.8,0.4,unification,-0.135513,0.622628,0.756331,0.917357
0.5,0.5,0.8,0.5,unification,-0.001963,0.8289,0.751232,0.892891
0.5,0.5,0.8,0.6,antifragile,0.228588,0.987655,0.619058,0.828827
0.5,0.5,0.8,0.7,antifragile,0.329287,1.054126,0.627942,0.744623
0.5,0.5,0.8,0.8,antifragile,0.372528,1.209394,0.613255,0.620113
0.5,0.5,0.8,0.9,antifragile,0.596562,1.185283,0.521991,0.500887
0.5,0.5,0.8,1.0,antifragile,0.647905,1.404121,0.455849,0.615275
0.5,0.5,0.9,0.0,unification,-0.593138,0.378034,0.990134,1.427308
0.5,0.5,0.9,0.1,unification,-0.489621,0.508377,0.907304,1.251554
0.5,0.5,0.9,0.2,unification,-0.3961,0.622266,0.972524,1.154638
0.5,0.5,0.9,0.3,unification,-0.189314,0.545903,0.868639,1.109612
0.5,0.5,0.9,0.4,unification,-0.075461,0.767733,0.878979,1.070238
0.5,0.5,0.9,0.5,unification,-0.019566,0.760038,0.738476,1.047427
0.5,0.5,0.9,0.6,antifragile,0.118363,0.935217,0.813106,0.849993
0.5,0.5,0.9,0.7,antifragile,0.246007,0.966042,0.783894,0.857224
0.5,0.5,0.9,0.8,antifragile,0.368225,1.084918,0.779105,0.844928
0.5,0.5,0.9,0.9,antifragile,0.451519,1.273763,0.614906,0.596576
0.5,0.5,0.9,1.0,antifragile,0.57979,1.264034,0.655511,0.627393
0.5,0.5,1.0,0.0,unification,-0.638239,0.333965,1.124464,1.563728
0.5,0.5,1.0,0.1,unification,-0.560223,0.344275,1.082945,1.483322
0.5,0.5,1.0,0.2,unification,-0.292217,0.510204,1.010102,1.396275
0.5,0.5,1.0,0.3,unification,-0.287462,0.561656,0.951139,1.336383
0.5,0.5,1.0,0.4,unification,-0.226638,0.744509,0.919836,1.230094
0.5,0.5,1.0,0.5,unification,-0.042443,0.788632,0.802407,1.111683
0.5,0.5,1.0,0.6,unification,-0.031278,0.788713,0.829666,1.049952
0.5,0.5,1.0,0.7,unification,0.171038,0.933034,0.799426,1.011405
0.5,0.5,1.0,0.8,antifragile,0.201268,1.111811,0.834886,0.776879
0.5,0.5,1.0,0.9,antifragile,0.353633,1.238144,0.697464,0.854338
0.5,0.5,1.0,1.0,antifragile,0.481711,1.363468,0.704123,0.792627
0.5,0.6,0.0,0.0,antifragile,0.19,0.65161,0.30845,0.470918
0.5,0.6,0.0,0.1,antifragile,0.334934,0.79947,0.390215,0.317302
0.5,0.6,0.0,0.2,antifragile,0.418099,0.931714,0.193476,0.244475
0.5,0.6,0.0,0.3,antifragile,0.624016,0.958887,0.251258,0.107281
0.5,0.6,0.0,0.4,antifragile,0.568366,1.029286,0.227054,0.036431
0.5,0.6,0.0,0.5,antifragile,0.788375,1.168434,0.1464,0.015569
0.5,0.6,0.0,0.6,antifragile,0.754156,1.300182,0.117495,-0.032999
0.5,0.6,0.0,0.7,antifragile,0.897025,1.344149,0.092977,-0.10438
0.5,0.6,0.0,0.8,antifragile,1.025375,1.41824,0.004164,-0.310666
0.5,0.6,0.0,0.9,antifragile,1.184889,1.521008,0.028645,-0.334369
0.5,0.6,0.0,1.0,antifragile,1.325205,1.548835,-0.147908,-0.365366
0.5,0.6,0.1,0.0,antifragile,0.049024,0.611681,0.414865,0.557117
0.5,0.6,0.1,0.1,antifragile,0.187099,0.803401,0.401625,0.474008
0.5,0.6,0.1,0.2,antifragile,0.372419,0.874291,0.342821,0.415141
0.5,0.6,0.1,0.3,antifragile,0.442633,0.924857,0.300394,0.311911
0.5,0.6,0.1,0.4,antifragile,0.495659,1.038041,0.195427,0.060861
0.5,0.6,0.1,0.5,antifragile,0.616296,1.166364,0.170229,0.188894
0.5,0.6,0.1,0.6,antifragile,0.692665,1.300627,0.205934,0.143817
0.5,0.6,0.1,0.7,antifragile,0.881992,1.277686,0.197718,0.034879
0.5,0.6,0.1,0.8,antifragile,0.876389,1.476956,0.148016,-0.145641
0.5,0.6,0.1,0.9,antifragile,0.953902,1.525202,0.035947,-0.143511
0.5,0.6,0.1,1.0,antifragile,1.18057,1.614384,-0.004326,-0.288713
0.5,0.6,0.2,0.0,unification,-0.002157,0.610503,0.523201,0.642137
0.5,0.6,0.2,0.1,antifragile,-0.024613,0.778401,0.498659,0.594987
0.5,0.6,0.2,0.2,antifragile,0.192877,0.836397,0.470964,0.468409
0.5,0.6,0.2,0.3,antifragile,0.367982,0.861258,0.398408,0.416288
0.5,0.6,0.2,0.4,antifragile,0.485134,0.984054,0.309509,0.260275
0.5,0.6,0.2,0.5,antifragile,0.516663,1.137771,0.220108,0.222854
0.5,0.6,0.2,0.6,antifragile,0.68554,1.214856,0.27376,0.084695
0.5,0.6,0.2,0.7,antifragile,0.759998,1.316434,0.221813,0.08264
0.5,0.6,0.2,0.8,antifragile,0.859544,1.387198,0.138011,0.038723
0.5,0.6,0.2,0.9,antifragile,0.923667,1.512897,0.24066,-0.039928
0.5,0.6,0.2,1.0,antifragile,1.120468,1.612487,0.103611,-0.225067
0.5,0.6,0.3,0.0,unification,-0.107692,0.643744,0.614486,0.834436
0.5,0.6,0.3,0.1,antifragile,0.075984,0.702077,0.564593,0.615046
0.5,0.6,0.3,0.2,antifragile,0.23781,0.784308,0.547585,0.604274
0.5,0.6,0.3,0.3,antifragile,0.213113,0.88815,0.412744,0.415989
0.5,0.6,0.3,0.4,antifragile,0.402985,1.022285,0.389207,0.477596
0.5,0.6,0.3,0.5,antifragile,0.496197,1.055349,0.415592,0.42034
0.5,0.6,0.3,0.6,antifragile,0.493082,1.211671,0.373219,0.379023
0.5,0.6,0.3,0.7,antifragile,0.702852,1.259456,0.300241,0.30117
0.5,0.6,0.3,0.8,antifragile,0.767257,1.404307,0.263081,0.169063
0.5,0.6,0.3,0.9,antifragile,0.951534,1.468867,0.214662,0.00847
0.5,0.6,0.3,1.0,antifragile,0.918637,1.570028,0.19902,-0.095807
0.5,0.6,0.4,0.0,unification,-0.276741,0.590314,0.696631,0.939732
0.5,0.6,0.4,0.1,unification,-0.124497,0.694839,0.631071,0.878224
0.5,0.6,0.4,0.2,antifragile,-0.013741,0.82751,0.675499,0.755804
0.5,0.6,0.4,0.3,antifragile,0.165184,0.904195,0.508715,0.640687
0.5,0.6,0.4,0.4,antifragile,0.264211,1.061345,0.460195,0.661886
0.5,0.6,0.4,0.5,antifragile,0.355339,1.053278,0.540902,0.596072
0.5,0.6,0.4,0.6,antifragile,0.496142,1.208237,0.393985,0.383527
0.5,0.6,0.4,0.7,antifragile,0.517378,1.219221,0.428262,0.335607
0.5,0.6,0.4,0.8,antifragile,0.781355,1.442736,0.353175,0.206016
0.5,0.6,0.4,0.9,antifragile,0.863002,1.498211,0.342062,0.190278
0.5,0.6,0.4,1.0,antifragile,0.942458,1.480562,0.219071,0.067455
0.5,0.6,0.5,0.0,unification,-0.285046,0.558847,0.758439,0.959837
0.5,0.6,0.5,0.1,unification,-0.27061,0.676872,0.69186,0.948394
0.5,0.6,0.5,0.2,unification,-0.082899,0.689348,0.638007,0.925992
0.5,0.6,0.5,0.3,antifragile,0.043042,0.861738,0.683454,0.805828
0.5,0.6,0.5,0.4,antifragile,0.205102,0.925715,0.673191,0.746171
0.5,0.6,0.5,0.5,antifragile,0.322822,0.973074,0.578162,0.528249
0.5,0.6,0.5,0.6,antifragile,0.455051,1.083834,0.500765,0.466632
0.5,0.6,0.5,0.7,antifragile,0.493186,1.196587,0.576135,0.492962
0.5,0.6,0.5,0.8,antifragile,0.579267,1.221688,0.330816,0.313687
0.5,0.6,0.5,0.9,antifragile,0.648439,1.417431,0.397753,0.280866
0.5,0.6,0.5,1.0,antifragile,0.777554,1.502602,0.29398,0.190585
0.5,0.6,0.6,0.0,unification,-0.323488,0.491728,0.872182,1.071157
0.5,0.6,0.6,0.1,unification,-0.357854,0.621363,0.862351,1.073088
0.5,0.6,0.6,0.2,unification,-0.03774,0.62783,0.736001,1.007005
0.5,0.6,0.6,0.3,unification,-0.011781,0.765805,0.677037,0.946013
0.5,0.6,0.6,0.4,antifragile,0.081662,0.872769,0.714941,0.823183
0.5,0.6,0.6,0.5,antifragile,0.178013,0.976171,0.608947,0.698863
0.5,0.6,0.6,0.6,antifragile,0.268715,1.081604,0.516436,0.707237
0.5,0.6,0.6,0.7,antifragile,0.405922,1.121746,0.65083,0.57709
0.5,0.6,0.6,0.8,antifragile,0.448243,1.348586,0.597743,0.444561
0.5,0.6,0.6,0.9,antifragile,0.608851,1.342121,0.395527,0.421234
0.5,0.6,0.6,1.0,antifragile,0.777257,1.492844,0.451638,0.367108
0.5,0.6,0.7,0.0,unification,-0.511767,0.565914,0.896396,1.26195
0.5,0.6,0.7,0.1,unification,-0.373761,0.537593,0.885364,1.198428
0.5,0.6,0.7,0.2,unification,-0.228518,0.624065,0.86333,1.070479
0.5,0.6,0.7,0.3,unification,-0.088376,0.796004,0.814711,1.007515
0.5,0.6,0.7,0.4,unification,0.000557,0.810618,0.776727,0.947409
0.5,0.6,0.7,0.5,antifragile,0.226495,0.888647,0.601635,0.838121
0.5,0.6,0.7,0.6,antifragile,0.119223,1.008665,0.63012,0.739775
0.5,0.6,0.7,0.7,antifragile,0.261755,1.188148,0.652574,0.753773
0.5,0.6,0.7,0.8,antifragile,0.427024,1.281429,0.599893,0.694728
0.5,0.6,0.7,0.9,antifragile,0.558548,1.291009,0.605957,0.531355
0.5,0.6,0.7,1.0,antifragile,0.634875,1.429801,0.572562,0.339124
0.5,0.6,0.8,0.0,unification,-0.562547,0.474134,1.032411,1.363681
0.5,0.6,0.8,0.1,unification,-0.553388,0.620046,0.970646,1.410702
0.5,0.6,0.8,0.2,unification,-0.285252,0.590319,0.814928,1.226893
0.5,0.6,0.8,0.3,unification,-0.216862,0.747533,0.844456,1.1739
0.5,0.6,0.8,0.4,unification,-0.096118,0.869298,0.84466,1.102138
0.5,0.6,0.8,0.5,antifragile,0.019422,0.958779,0.779004,0.841457
0.5,0.6,0.8,0.6,antifragile,0.103157,0.998452,0.722124,0.834597
0.5,0.6,0.8,0.7,antifragile,0.196265,1.099256,0.744771,0.710735
0.5,0.6,0.8,0.8,antifragile,0.247323,1.256478,0.69052,0.739878
0.5,0.6,0.8,0.9,antifragile,0.378337,1.29478,0.641216,0.624073
0.5,0.6,0.8,1.0,antifragile,0.481908,1.346576,0.718601,0.552526
0.5,0.6,0.9,0.0,unification,-0.595519,0.39518,1.089394,1.5132
0.5,0.6,0.9,0.1,unification,-0.457718,0.518654,1.02552,1.440294
0.5,0.6,0.9,0.2,unification,-0.361205,0.453073,1.040525,1.40188
0.5,0.6,0.9,0.3,unification,-0.342487,0.69773,1.010115,1.228443
0.5,0.6,0.9,0.4,unification,-0.152903,0.799867,0.937351,1.210246
0.5,0.6,0.9,0.5,unification,-0.04964,0.995806,0.935497,1.160529
0.5,0.6,0.9,0.6,antifragile,0.034676,1.070083,0.7917,0.94813
0.5,0.6,0.9,0.7,antifragile,0.142652,1.103007,0.696269,0.949828
0.5,0.6,0.9,0.8,antifragile,0.235976,1.202208,0.806437,0.774589
0.5,0.6,0.9,0.9,antifragile,0.300997,1.219661,0.781947,0.798732
0.5,0.6,0.9,1.0,antifragile,0.433964,1.362227,0.6521,0.797482
0.5,0.6,1.0,0.0,unification,-0.696282,0.409309,1.258841,1.720812
0.5,0.6,1.0,0.1,unification,-0.613424,0.455752,1.214414,1.586327
0.5,0.6,1.0,0.2,unification,-0.542451,0.658332,1.063204,1.413265
0.5,0.6,1.0,0.3,unification,-0.345361,0.618438,1.091755,1.505861
0.5,0.6,1.0,0.4,unification,-0.353742,0.747954,1.10417,1.364094
0.5,0.6,1.0,0.5,unification,-0.183991,0.964469,0.985234,1.264844
0.5,0.6,1.0,0.6,unification,0.017468,0.989043,1.016086,1.115023
0.5,0.6,1.0,0.7,unification,0.106409,1.04348,0.872711,1.086097
0.5,0.6,1.0,0.8,antifragile,0.164512,1.223404,0.889065,0.95096
0.5,0.6,1.0,0.9,antifragile,0.214429,1.22263,0.762682,0.869232
0.5,0.6,1.0,1.0,antifragile,0.36279,1.298906,0.826345,0.783109
0.5,0.7,0.0,0.0,antifragile,-0.023499,0.680711,0.454109,0.51066
0.5,0.7,0.0,0.1,antifragile,0.148166,0.957923,0.456438,0.452079
0.5,0.7,0.0,0.2,antifragile,0.331665,0.941743,0.312309,0.421536
0.5,0.7,0.0,0.3,antifragile,0.472567,0.951133,0.346322,0.301842
0.5,0.7,0.0,0.4,antifragile,0.523913,1.249863,0.394437,0.181125
0.5,0.7,0.0,0.5,antifragile,0.638859,1.222986,0.224433,0.068962
0.5,0.7,0.0,0.6,antifragile,0.785343,1.433072,0.292504,0.069459
0.5,0.7,0.0,0.7,antifragile,0.749644,1.336773,0.228208,0.025969
0.5,0.7,0.0,0.8,antifragile,1.007687,1.509721,0.202615,-0.10232
0.5,0.7,0.0,0.9,antifragile,1.146872,1.527172,0.112167,-0.136271
0.5,0.7,0.0,1.0,antifragile,1.226372,1.762412,0.056819,-0.304696
0.5,0.7,0.1,0.0,antifragile,0.080126,0.696511,0.501618,0.641089
0.5,0.7,0.1,0.1,antifragile,0.121172,0.744496,0.536553,0.571788
0.5,0.7,0.1,0.2,antifragile,0.272684,0.814047,0.502876,0.561845
0.5,0.7,0.1,0.3,antifragile,0.361927,1.016501,0.46326,0.473571
0.5,0.7,0.1,0.4,antifragile,0.476146,1.139882,0.462847,0.363058
0.5,0.7,0.1,0.5,antifragile,0.519987,1.268332,0.333814,0.241664
0.5,0.7,0.1,0.6,antifragile,0.675344,1.348443,0.387443,0.156221
0.5,0.7,0.1,0.7,antifragile,0.866563,1.403229,0.330108,0.079922
0.5,0.7,0.1,0.8,antifragile,0.865379,1.586105,0.190606,-0.04774
0.5,0.7,0.1,0.9,antifragile,0.937198,1.648363,0.255172,-0.081344
0.5,0.7,0.1,1.0,antifragile,1.060806,1.679661,0.124869,-0.236523
0.5,0.7,0.2,0.0,unification,-0.104445,0.720287,0.594742,0.804587
0.5,0.7,0.2,0.1,antifragile,-0.058816,0.873959,0.565429,0.748512
0.5,0.7,0.2,0.2,antifragile,0.149434,0.905125,0.488401,0.581972
0.5,0.7,0.2,0.3,antifragile,0.213107,0.981267,0.571308,0.556663
0.5,0.7,0.2,0.4,antifragile,0.314983,1.079367,0.460968,0.432457
0.5,0.7,0.2,0.5,antifragile,0.469229,1.208186,0.389004,0.347705
0.5,0.7,0.2,0.6,antifragile,0.629106,1.288448,0.448956,0.351792
0.5,0.7,0.2,0.7,antifragile,0.621973,1.374415,0.319602,0.135064
0.5,0.7,0.2,0.8,antifragile,0.76054,1.439962,0.290274,0.079656
0.5,0.7,0.2,0.9,antifragile,0.909318,1.672332,0.178739,0.081859
0.5,0.7,0.2,1.0,antifragile,1.019081,1.623106,0.124089,-0.021862
0.5,0.7,0.3,0.0,unification,-0.242048,0.701395,0.797067,0.85086
0.5,0.7,0.3,0.1,unification,-0.001582,0.756272,0.56529,0.769759
0.5,0.7,0.3,0.2,antifragile,0.058911,0.870059,0.550965,0.746585
0.5,0.7,0.3,0.3,antifragile,0.201178,0.994929,0.569358,0.681923
0.5,0.7,0.3,0.4,antifragile,0.323622,1.082623,0.594572,0.580675
0.5,0.7,0.3,0.5,antifragile,0.375274,1.148606,0.471812,0.545605
0.5,0.7,0.3,0.6,antifragile,0.41348,1.204784,0.468188,0.428484
0.5,0.7,0.3,0.7,antifragile,0.632876,1.399449,0.433888,0.284101
0.5,0.7,0.3,0.8,antifragile,0.702748,1.40403,0.415997,0.18165
0.5,0.7,0.3,0.9,antifragile,0.811229,1.596133,0.358993,0.097353
0.5,0.7,0.3,1.0,antifragile,0.913011,1.498351,0.307057,0.147384
0.5,0.7,0.4,0.0,unification,-0.31933,0.552198,0.762337,1.086066
0.5,0.7,0.4,0.1,unification,-0.064768,0.742411,0.690705,0.953889
0.5,0.7,0.4,0.2,unification,0.049471,0.799455,0.722024,0.882028
0.5,0.7,0.4,0.3,antifragile,-0.007293,0.959897,0.717688,0.685323
0.5,0.7,0.4,0.4,antifragile,0.113467,0.956515,0.672417,0.662444
0.5,0.7,0.4,0.5,antifragile,0.310068,1.090911,0.598559,0.639797
0.5,0.7,0.4,0.6,antifragile,0.413617,1.194051,0.571354,0.540849
0.5,0.7,0.4,0.7,antifragile,0.499517,1.268438,0.609022,0.422865
0.5,0.7,0.4,0.8,antifragile,0.68835,1.350744,0.515509,0.449188
0.5,0.7,0.4,0.9,antifragile,0.713125,1.44663,0.413539,0.274032
0.5,0.7,0.4,1.0,antifragile,0.856094,1.573,0.374001,0.287727
0.5,0.7,0.5,0.0,unification,-0.360022,0.558995,0.921526,1.207322
0.5,0.7,0.5,0.1,unification,-0.169376,0.781393,0.857314,1.065587
0.5,0.7,0.5,0.2,unification,-0.225112,0.733107,0.810428,0.935953
0.5,0.7,0.5,0.3,unification,-0.099256,0.878291,0.798838,0.897676
0.5,0.7,0.5,0.4,antifragile,0.134839,1.000829,0.777462,0.933672
0.5,0.7,0.5,0.5,antifragile,0.330701,1.101584,0.657007,0.743092
0.5,0.7,0.5,0.6,antifragile,0.388663,1.115339,0.712383,0.646504
0.5,0.7,0.5,0.7,antifragile,0.431356,1.214616,0.533814,0.556058
0.5,0.7,0.5,0.8,antifragile,0.595151,1.314902,0.640626,0.456356
0.5,0.7,0.5,0.9,antifragile,0.586589,1.457682,0.553954,0.409404
0.5,0.7,0.5,1.0,antifragile,0.757548,1.620148,0.484746,0.29148
0.5,0.7,0.6,0.0,unification,-0.496648,0.618682,0.943716,1.273595
0.5,0.7,0.6,0.1,unification,-0.277406,0.752707,0.937567,1.19815
0.5,0.7,0.6,0.2,unification,-0.220283,0.722223,0.867208,1.102476
0.5,0.7,0.6,0.3,unification,-0.064464,0.835591,0.912966,1.029186
0.5,0.7,0.6,0.4,antifragile,-0.018351,0.998894,0.806078,0.943678
0.5,0.7,0.6,0.5,antifragile,0.111678,1.103332,0.780304,0.927474
0.5,0.7,0.6,0.6,antifragile,0.208269,1.17947,0.736884,0.824129
0.5,0.7,0.6,0.7,antifragile,0.378332,1.172919,0.688598,0.74286
0.5,0.7,0.6,0.8,antifragile,0.495824,1.377672,0.650236,0.68701
0.5,0.7,0.6,0.9,antifragile,0.51714,1.335262,0.591119,0.584792
0.5,0.7,0.6,1.0,antifragile,0.60569,1.431507,0.478975,0.476797
0.5,0.7,0.7,0.0,unification,-0.60238,0.547452,1.033596,1.37647
0.5,0.7,0.7,0.1,unification,-0.469936,0.625315,0.972292,1.329751
0.5,0.7,0.7,0.2,unification,-0.28993,0.740633,1.016716,1.253236
0.5,0.7,0.7,0.3,unification,-0.252505,0.828286,0.96281,1.150922
0.5,0.7,0.7,0.4,unification,-0.104395,1.023759,0.825347,1.099684
0.5,0.7,0.7,0.5,antifragile,0.072302,0.977937,0.841574,0.969927
0.5,0.7,0.7,0.6,antifragile,0.130011,1.134975,0.80009,1.06053
0.5,0.7,0.7,0.7,antifragile,0.217363,1.253876,0.797196,0.825424
0.5,0.7,0.7,0.8,antifragile,0.423538,1.199996,0.751259,0.699181
0.5,0.7,0.7,0.9,antifragile,0.438201,1.35085,0.641809,0.567371
0.5,0.7,0.7,1.0,antifragile,0.589439,1.466707,0.63497,0.602959
0.5,0.7,0.8,0.0,unification,-0.597403,0.471658,1.287546,1.590899
0.5,0.7,0.8,0.1,unification,-0.38776,0.559252,1.107485,1.393087
0.5,0.7,0.8,0.2,unification,-0.416524,0.645802,1.204775,1.335376
0.5,0.7,0.8,0.3,unification,-0.301702,0.697316,1.041686,1.239989
0.5,0.7,0.8,0.4,unification,-0.134073,0.775584,0.968919,1.10771
0.5,0.7,0.8,0.5,unification,-0.094526,0.945639,0.905048,1.089989
0.5,0.7,0.8,0.6,antifragile,0.088558,1.163723,0.911965,0.986998
0.5,0.7,0.8,0.7,antifragile,0.153204,1.132287,0.89947,0.959393
0.5,0.7,0.8,0.8,antifragile,0.18111,1.299897,0.863342,0.934751
0.5,0.7,0.8,0.9,antifragile,0.344178,1.355049,0.715761,0.772438
0.5,0.7,0.8,1.0,antifragile,0.499849,1.403197,0.752117,0.6984
0.5,0.7,0.9,0.0,unification,-0.732492,0.519874,1.208278,1.671642
0.5,0.7,0.9,0.1,unification,-0.673345,0.57096,1.156155,1.627861
0.5,0.7,0.9,0.2,unification,-0.555557,0.661535,1.030897,1.525793
0.5,0.7,0.9,0.3,unification,-0.38874,0.754968,1.069992,1.362535
0.5,0.7,0.9,0.4,unification,-0.291725,0.839601,1.088829,1.340192
0.5,0.7,0.9,0.5,unification,-0.206838,1.016884,1.036641,1.208882
0.5,0.7,0.9,0.6,unification,-0.028789,1.032799,0.971233,1.140361
0.5,0.7,0.9,0.7,antifragile,0.109244,1.201392,0.8382,1.131527
0.5,0.7,0.9,0.8,antifragile,0.170996,1.221835,0.967582,0.85226
0.5,0.7,0.9,0.9,antifragile,0.320739,1.369125,0.825569,0.830302
0.5,0.7,0.9,1.0,antifragile,0.471996,1.31218,0.840932,0.866155
0.5,0.7,1.0,0.0,unification,-0.78017,0.443232,1.291749,1.813136
0.5,0.7,1.0,0.1,unification,-0.725423,0.481053,1.266777,1.628008
0.5,0.7,1.0,0.2,unification,-0.551148,0.480963,1.243141,1.642844
0.5,0.7,1.0,0.3,unification,-0.509726,0.638302,1.164592,1.566984
0.5,0.7,1.0,0.4,unification,-0.342715,0.739423,1.150284,1.463098
0.5,0.7,1.0,0.5,unification,-0.239021,0.84067,1.112785,1.410887
0.5,0.7,1.0,0.6,unification,-0.113152,1.005574,1.147134,1.28839
0.5,0.7,1.0,0.7,unification,-0.072095,1.038063,1.033801,1.123123
0.5,0.7,1.0,0.8,antifragile,0.064451,1.198209,1.043557,1.032799
0.5,0.7,1.0,0.9,antifragile,0.194954,1.266588,0.946875,1.032078
0.5,0.7,1.0,1.0,antifragile,0.298417,1.43461,0.9672,1.047164
0.5,0.8,0.0,0.0,antifragile,0.024471,0.789466,0.521612,0.634028
0.5,0.8,0.0,0.1,antifragile,0.170729,0.948426,0.563776,0.541777
0.5,0.8,0.0,0.2,antifragile,0.212046,1.097823,0.4484,0.560826
0.5,0.8,0.0,0.3,antifragile,0.375229,1.05837,0.390776,0.370554
0.5,0.8,0.0,0.4,antifragile,0.485882,1.144519,0.487721,0.309607
0.5,0.8,0.0,0.5,antifragile,0.610022,1.315986,0.451095,0.213101
0.5,0.8,0.0,0.6,antifragile,0.690304,1.30993,0.335157,0.207001
0.5,0.8,0.0,0.7,antifragile,0.805974,1.590633,0.315985,0.037979
0.5,0.8,0.0,0.8,antifragile,0.927788,1.49683,0.210051,-0.08085
0.5,0.8,0.0,0.9,antifragile,1.015806,1.661974,0.270255,-0.109953
0.5,0.8,0.0,1.0,antifragile,1.074874,1.837966,0.022768,-0.188077
0.5,0.8,0.1,0.0,unification,-0.05412,0.774486,0.680005,0.790535
0.5,0.8,0.1,0.1,antifragile,0.069983,0.839889,0.542047,0.697682
0.5,0.8,0.1,0.2,antifragile,0.103674,0.928574,0.633074,0.6929
0.5,0.8,0.1,0.3,antifragile,0.322135,1.107869,0.537998,0.580772
0.5,0.8,0.1,0.4,antifragile,0.392781,1.252375,0.449095,0.47863
0.5,0.8,0.1,0.5,antifragile,0.421785,1.283917,0.369045,0.299323
0.5,0.8,0.1,0.6,antifragile,0.530869,1.357607,0.432726,0.397524
0.5,0.8,0.1,0.7,antifragile,0.700435,1.478627,0.383044,0.224445
0.5,0.8,0.1,0.8,antifragile,0.822183,1.589981,0.282366,-0.017374
0.5,0.8,0.1,0.9,antifragile,0.94587,1.539746,0.360587,-0.007406
0.5,0.8,0.1,1.0,antifragile,0.983088,1.860026,0.254077,-0.075505
0.5,0.8,0.2,0.0,unification,-0.117601,0.780773,0.796956,0.843351
0.5,0.8,0.2,0.1,unification,-0.018195,0.820341,0.653949,0.827406
0.5,0.8,0.2,0.2,antifragile,-0.025562,0.976147,0.645466,0.716125
0.5,0.8,0.2,0.3,antifragile,0.168116,1.016624,0.677034,0.600214
0.5,0.8,0.2,0.4,antifragile,0.26589,1.109172,0.526742,0.577966
0.5,0.8,0.2,0.5,antifragile,0.358806,1.144786,0.566311,0.562364
0.5,0.8,0.2,0.6,antifragile,0.507421,1.304836,0.493776,0.374202
0.5,0.8,0.2,0.7,antifragile,0.673505,1.409702,0.351068,0.374948
0.5,0.8,0.2,0.8,antifragile,0.772692,1.53008,0.28223,0.229853
0.5,0.8,0.2,0.9,antifragile,0.879671,1.613975,0.390258,0.189776
0.5,0.8,0.2,1.0,antifragile,0.951965,1.750181,0.348088,0.064109
0.5,0.8,0.3,0.0,unification,-0.200379,0.685071,0.770138,1.03519
0.5,0.8,0.3,0.1,unification,-0.105481,0.846268,0.831545,0.946568
0.5,0.8,0.3,0.2,antifragile,-0.033569,0.865394,0.757494,0.782944
0.5,0.8,0.3,0.3,antifragile,0.086138,1.132484,0.629807,0.787842
0.5,0.8,0.3,0.4,antifragile,0.213892,1.110323,0.616668,0.720779
0.5,0.8,0.3,0.5,antifragile,0.278275,1.108621,0.672598,0.643231
0.5,0.8,0.3,0.6,antifragile,0.366672,1.24781,0.555999,0.442821
0.5,0.8,0.3,0.7,antifragile,0.563121,1.409996,0.52837,0.438594
0.5,0.8,0.3,0.8,antifragile,0.640735,1.47722,0.437624,0.379422
0.5,0.8,0.3,0.9,antifragile,0.686225,1.594069,0.411756,0.204995
0.5,0.8,0.3,1.0,antifragile,0.853598,1.652475,0.430187,0.140363
0.5,0.8,0.4,0.0,unification,-0.324859,0.68485,0.968286,1.169252
0.5,0.8,0.4,0.1,unification,-0.25497,0.697647,0.793487,1.091149
0.5,0.8,0.4,0.2,unification,-0.07534,0.815489,0.842763,0.981289
0.5,0.8,0.4,0.3,antifragile,0.030913,0.998304,0.676689,0.956607
0.5,0.8,0.4,0.4,antifragile,0.11761,1.023432,0.724827,0.821587
0.5,0.8,0.4,0.5,antifragile,0.189813,1.09815,0.67461,0.682992
0.5,0.8,0.4,0.6,antifragile,0.392328,1.242795,0.782642,0.668554
0.5,0.8,0.4,0.7,antifragile,0.464445,1.28192,0.61909,0.568635
0.5,0.8,0.4,0.8,antifragile,0.513138,1.40676,0.611007,0.501988
0.5,0.8,0.4,0.9,antifragile,0.588153,1.539187,0.577651,0.365486
0.5,0.8,0.4,1.0,antifragile,0.730404,1.642073,0.381346,0.310104
0.5,0.8,0.5,0.0,unification,-0.343279,0.505182,1.036144,1.312221
0.5,0.8,0.5,0.1,unification,-0.386905,0.756024,1.005071,1.141169
0.5,0.8,0.5,0.2,unification,-0.240361,0.826305,0.963884,1.087944
0.5,0.8,0.5,0.3,unification,-0.097105,0.886755,0.876228,1.082334
0.5,0.8,0.5,0.4,antifragile,0.020295,0.997127,0.833362,0.904969
0.5,0.8,0.5,0.5,antifragile,0.07528,1.170171,0.876885,0.770424
0.5,0.8,0.5,0.6,antifragile,0.264106,1.247947,0.694416,0.751412
0.5,0.8,0.5,0.7,antifragile,0.316148,1.395047,0.797623,0.643941
0.5,0.8,0.5,0.8,antifragile,0.382038,1.433649,0.702197,0.6672
0.5,0.8,0.5,0.9,antifragile,0.512046,1.526177,0.598412,0.551158
0.5,0.8,0.5,1.0,antifragile,0.673144,1.680031,0.61737,0.4193
0.5,0.8,0.6,0.0,unification,-0.508103,0.594974,1.022278,1.506245
0.5,0.8,0.6,0.1,unification,-0.325064,0.686185,1.074994,1.427571
0.5,0.8,0.6,0.2,unification,-0.233155,0.77463,0.995602,1.154123
0.5,0.8,0.6,0.3,unification,-0.146261,0.947142,1.022485,1.190052
0.5,0.8,0.6,0.4,unification,-0.057383,0.930109,0.935985,1.038417
0.5,0.8,0.6,0.5,unification,0.061259,1.036807,0.905941,1.051156
0.5,0.8,0.6,0.6,antifragile,0.163858,1.186423,0.885651,0.988517
0.5,0.8,0.6,0.7,antifragile,0.249636,1.291051,0.875562,0.848464
0.5,0.8,0.6,0.8,antifragile,0.264881,1.324219,0.797552,0.709991
0.5,0.8,0.6,0.9,antifragile,0.547018,1.547896,0.690488,0.593375
0.5,0.8,0.6,1.0,antifragile,0.566941,1.529054,0.756804,0.508233
0.5,0.8,0.7,0.0,unification,-0.567878,0.634392,1.205961,1.556823
0.5,0.8,0.7,0.1,unification,-0.503111,0.752449,1.112737,1.497414
0.5,0.8,0.7,0.2,unification,-0.392937,0.662915,1.071518,1.357186
0.5,0.8,0.7,0.3,unification,-0.28217,0.816984,1.076289,1.316854
0.5,0.8,0.7,0.4,unification,-0.180291,0.929289,0.952466,1.207718
0.5,0.8,0.7,0.5,unification,0.013896,1.108931,0.935043,1.20956
0.5,0.8,0.7,0.6,antifragile,0.036891,1.084203,0.856908,0.971187
0.5,0.8,0.7,0.7,antifragile,0.181687,1.217127,0.8534,0.89763
0.5,0.8,0.7,0.8,antifragile,0.220694,1.280507,0.89577,0.945167
0.5,0.8,0.7,0.9,antifragile,0.478258,1.454354,0.780386,0.736609
0.5,0.8,0.7,1.0,antifragile,0.532807,1.502682,0.785596,0.781522
0.5,0.8,0.8,0.0,unification,-0.684159,0.643893,1.193656,1.682371
0.5,0.8,0.8,0.1,unification,-0.569313,0.575796,1.250083,1.65154
0.5,0.8,0.8,0.2,unification,-0.364867,0.740564,1.074995,1.513849
0.5,0.8,0.8,0.3,unification,-0.327902,0.803241,1.140756,1.380829
0.5,0.8,0.8,0.4,unification,-0.261685,0.960874,1.159451,1.256465
0.5,0.8,0.8,0.5,unification,-0.170566,0.925577,1.141916,1.278539
0.5,0.8,0.8,0.6,unification,-0.13505,1.096773,0.995827,1.112203
0.5,0.8,0.8,0.7,antifragile,0.126814,1.245669,0.983473,1.032917
0.5,0.8,0.8,0.8,antifragile,0.153338,1.292196,0.907143,0.979709
0.5,0.8,0.8,0.9,antifragile,0.322904,1.308324,0.852091,0.893315
0.5,0.8,0.8,1.0,antifragile,0.483267,1.522267,0.849821,0.830115
0.5,0.8,0.9,0.0,unification,-0.790075,0.548861,1.356688,1.84894
0.5,0.8,0.9,0.1,unification,-0.742767,0.54969,1.308729,1.724676
0.5,0.8,0.9,0.2,unification,-0.444983,0.594613,1.253346,1.611104
0.5,0.8,0.9,0.3,unification,-0.443108,0.866663,1.258814,1.449799
0.5,0.8,0.9,0.4,unification,-0.268312,0.950293,1.188154,1.364112
0.5,0.8,0.9,0.5,unification,-0.242581,0.993436,1.184828,1.271478
0.5,0.8,0.9,0.6,unification,-0.163455,1.119901,1.170088,1.296526
0.5,0.8,0.9,0.7,unification,0.042426,1.182764,1.103154,1.197256
0.5,0.8,0.9,0.8,antifragile,0.118997,1.193911,1.051107,1.042382
0.5,0.8,0.9,0.9,antifragile,0.241051,1.328051,0.993499,0.97236
0.5,0.8,0.9,1.0,antifragile,0.28982,1.463399,0.972717,0.98969
0.5,0.8,1.0,0.0,unification,-0.932504,0.384943,1.371235,1.85672
0.5,0.8,1.0,0.1,unification,-0.686659,0.62201,1.330169,1.910515
0.5,0.8,1.0,0.2,unification,-0.590975,0.56852,1.288488,1.657037
0.5,0.8,1.0,0.3,unification,-0.549329,0.745871,1.300777,1.553664
0.5,0.8,1.0,0.4,unification,-0.506362,0.853008,1.291111,1.469009
0.5,0.8,1.0,0.5,unification,-0.389057,0.986121,1.158782,1.484265
0.5,0.8,1.0,0.6,unification,-0.280977,1.071574,1.079151,1.384777
0.5,0.8,1.0,0.7,unification,-0.057985,1.155501,1.116794,1.280066
0.5,0.8,1.0,0.8,unification,-0.006645,1.155532,1.095,1.225856
0.5,0.8,1.0,0.9,antifragile,0.094103,1.365017,1.006476,1.059781
0.5,0.8,1.0,1.0,antifragile,0.198734,1.4162,1.014664,1.052442
0.5,0.9,0.0,0.0,antifragile,-0.106318,0.805873,0.660583,0.75164
0.5,0.9,0.0,0.1,antifragile,0.114904,0.963196,0.618372,0.749751
0.5,0.9,0.0,0.2,antifragile,0.192314,0.977123,0.442916,0.543688
0.5,0.9,0.0,0.3,antifragile,0.309747,1.184574,0.481988,0.557932
0.5,0.9,0.0,0.4,antifragile,0.421037,1.304752,0.57252,0.507594
0.5,0.9,0.0,0.5,antifragile,0.524418,1.352746,0.468136,0.396013
0.5,0.9,0.0,0.6,antifragile,0.54338,1.418066,0.471994,0.340411
0.5,0.9,0.0,0.7,antifragile,0.696103,1.568329,0.395141,0.234353
0.5,0.9,0.0,0.8,antifragile,0.789932,1.651299,0.360233,0.040745
0.5,0.9,0.0,0.9,antifragile,0.932335,1.776086,0.27404,-0.059216
0.5,0.9,0.0,1.0,antifragile,1.069937,1.72111,0.363168,0.006908
0.5,0.9,0.1,0.0,unification,-0.088086,0.819438,0.853233,0.972272
0.5,0.9,0.1,0.1,antifragile,-0.056636,0.986942,0.684416,0.810148
0.5,0.9,0.1,0.2,antifragile,-0.009673,1.017296,0.675275,0.71239
0.5,0.9,0.1,0.3,antifragile,0.181717,1.076023,0.652084,0.714178
0.5,0.9,0.1,0.4,antifragile,0.246907,1.243126,0.620762,0.583706
0.5,0.9,0.1,0.5,antifragile,0.408465,1.25913,0.592243,0.505942
0.5,0.9,0.1,0.6,antifragile,0.479977,1.323074,0.534265,0.432736
0.5,0.9,0.1,0.7,antifragile,0.680255,1.545166,0.50857,0.296839
0.5,0.9,0.1,0.8,antifragile,0.739892,1.517841,0.415868,0.222338
0.5,0.9,0.1,0.9,antifragile,0.836668,1.6796,0.341258,0.082427
0.5,0.9,0.1,1.0,antifragile,0.99878,1.728333,0.336191,0.059752
0.5,0.9,0.2,0.0,unification,-0.276559,0.840316,0.792158,1.030076
0.5,0.9,0.2,0.1,unification,-0.157429,0.887809,0.790127,0.943817
0.5,0.9,0.2,0.2,antifragile,0.051064,0.940628,0.740211,0.844205
0.5,0.9,0.2,0.3,antifragile,0.173701,1.065513,0.79671,0.766154
0.5,0.9,0.2,0.4,antifragile,0.269482,1.18537,0.722728,0.618212
0.5,0.9,0.2,0.5,antifragile,0.240793,1.31351,0.707889,0.726073
0.5,0.9,0.2,0.6,antifragile,0.355702,1.37929,0.563809,0.48297
0.5,0.9,0.2,0.7,antifragile,0.514888,1.469118,0.541799,0.436683
0.5,0.9,0.2,0.8,antifragile,0.691602,1.601399,0.569629,0.372593
0.5,0.9,0.2,0.9,antifragile,0.752918,1.611553,0.521951,0.212455
0.5,0.9,0.2,1.0,antifragile,0.875956,1.681216,0.452936,0.127314
0.5,0.9,0.3,0.0,unification,-0.340028,0.716202,0.900172,1.150632
0.5,0.9,0.3,0.1,unification,-0.33119,0.754876,0.940186,1.077374
0.5,0.9,0.3,0.2,antifragile,-0.136168,0.988695,0.828041,0.956015
0.5,0.9,0.3,0.3,antifragile,-0.029169,1.130331,0.831755,0.909786
0.5,0.9,0.3,0.4,antifragile,0.14332,1.037365,0.7503,0.837749
0.5,0.9,0.3,0.5,antifragile,0.229795,1.335271,0.71324,0.777159
0.5,0.9,0.3,0.6,antifragile,0.3803,1.327141,0.71622,0.63049
0.5,0.9,0.3,0.7,antifragile,0.351342,1.432459,0.681421,0.589282
0.5,0.9,0.3,0.8,antifragile,0.563155,1.55852,0.576701,0.548419
0.5,0.9,0.3,0.9,antifragile,0.620604,1.599608,0.614044,0.364252
0.5,0.9,0.3,1.0,antifragile,0.81745,1.682861,0.545907,0.295944
0.5,0.9,0.4,0.0,unification,-0.438841,0.827554,0.983013,1.165694
0.5,0.9,0.4,0.1,unification,-0.340182,0.816565,0.966157,1.245929
0.5,0.9,0.4,0.2,unification,-0.140891,0.88908,0.860889,1.045843
0.5,0.9,0.4,0.3,unification,-0.08161,0.921775,0.886611,1.096065
0.5,0.9,0.4,0.4,antifragile,0.047142,1.097283,0.812961,0.949087
0.5,0.9,0.4,0.5,antifragile,0.127074,1.201932,0.861355,0.899906
0.5,0.9,0.4,0.6,antifragile,0.256445,1.310596,0.759401,0.826628
0.5,0.9,0.4,0.7,antifragile,0.315644,1.369627,0.806831,0.660917
0.5,0.9,0.4,0.8,antifragile,0.402961,1.454462,0.774587,0.486463
0.5,0.9,0.4,0.9,antifragile,0.58512,1.5383,0.656618,0.497573
0.5,0.9,0.4,1.0,antifragile,0.738024,1.66769,0.675527,0.494207
0.5,0.9,0.5,0.0,unification,-0.498505,0.662025,1.128859,1.433509
0.5,0.9,0.5,0.1,unification,-0.447665,0.786803,1.057322,1.298983
0.5,0.9,0.5,0.2,unification,-0.314547,0.838714,1.092782,1.2168
0.5,0.9,0.5,0.3,unification,-0.112812,0.971551,0.933364,1.159538
0.5,0.9,0.5,0.4,unification,-0.119396,1.090357,0.939611,1.107759
0.5,0.9,0.5,0.5,antifragile,0.121677,1.068233,0.886943,0.919527
0.5,0.9,0.5,0.6,antifragile,0.267913,1.227984,0.804244,1.007017
0.5,0.9,0.5,0.7,antifragile,0.233696,1.263907,0.77208,0.81716
0.5,0.9,0.5,0.8,antifragile,0.382287,1.3982,0.765748,0.727654
0.5,0.9,0.5,0.9,antifragile,0.556196,1.551664,0.721842,0.628579
0.5,0.9,0.5,1.0,antifragile,0.638485,1.714003,0.65477,0.610705
0.5,0.9,0.6,0.0,unification,-0.605639,0.563789,1.103888,1.596709
0.5,0.9,0.6,0.1,unification,-0.407332,0.711546,1.144393,1.355882
0.5,0.9,0.6,0.2,unification,-0.331898,0.833581,1.037386,1.370237
0.5,0.9,0.6,0.3,unification,-0.329472,0.957875,1.02086,1.291853
0.5,0.9,0.6,0.4,unification,-0.182652,0.906715,1.084808,1.242547
0.5,0.9,0.6,0.5,antifragile,-0.066089,1.133721,1.016909,1.128524
0.5,0.9,0.6,0.6,antifragile,0.15628,1.23584,0.937117,1.041396
0.5,0.9,0.6,0.7,antifragile,0.158503,1.256722,0.975987,0.961708
0.5,0.9,0.6,0.8,antifragile,0.196919,1.370817,0.912882,0.771809
0.5,0.9,0.6,0.9,antifragile,0.362353,1.633075,0.818446,0.819135
0.5,0.9,0.6,1.0,antifragile,0.585023,1.549575,0.808318,0.782941
0.5,0.9,0.7,0.0,unification,-0.657024,0.728276,1.248155,1.744855
0.5,0.9,0.7,0.1,unification,-0.569166,0.688626,1.272002,1.564427
0.5,0.9,0.7,0.2,unification,-0.464228,0.82426,1.109613,1.445067
0.5,0.9,0.7,0.3,unification,-0.313868,0.944577,1.177861,1.413794
0.5,0.9,0.7,0.4,unification,-0.219883,1.03789,1.048689,1.289526
0.5,0.9,0.7,0.5,unification,-0.133721,1.094789,0.974518,1.16713
0.5,0.9,0.7,0.6,antifragile,-0.020833,1.230657,1.019048,1.111655
0.5,0.9,0.7,0.7,antifragile,0.116433,1.258596,1.044045,1.048934
0.5,0.9,0.7,0.8,antifragile,0.144239,1.44103,1.021863,0.927226
0.5,0.9,0.7,0.9,antifragile,0.329785,1.448667,0.950953,0.846216
0.5,0.9,0.7,1.0,antifragile,0.463592,1.619748,0.832633,0.808385
0.5,0.9,0.8,0.0,unification,-0.709202,0.524932,1.331559,1.813087
0.5,0.9,0.8,0.1,unification,-0.668034,0.591236,1.308989,1.782322
0.5,0.9,0.8,0.2,unification,-0.446856,0.733146,1.239335,1.587099
0.5,0.9,0.8,0.3,unification,-0.349905,0.902105,1.318204,1.574934
0.5,0.9,0.8,0.4,unification,-0.395968,0.907558,1.170191,1.413901
0.5,0.9,0.8,0.5,unification,-0.253915,1.021902,1.197025,1.36179
0.5,0.9,0.8,0.6,unification,-0.049011,1.157592,1.091186,1.279423
0.5,0.9,0.8,0.7,unification,-0.075566,1.124408,1.117161,1.235916
0.5,0.9,0.8,0.8,antifragile,0.113606,1.315435,0.977906,1.158346
0.5,0.9,0.8,0.9,antifragile,0.244627,1.444559,1.004759,0.991521
0.5,0.9,0.8,1.0,antifragile,0.274336,1.537635,0.938074,0.908802
0.5,0.9,0.9,0.0,unification,-0.774108,0.537596,1.327352,1.878227
0.5,0.9,0.9,0.1,unification,-0.800073,0.628039,1.338778,1.841682
0.5,0.9,0.9,0.2,unification,-0.654803,0.706214,1.377481,1.731167
0.5,0.9,0.9,0.3,unification,-0.536736,0.813791,1.328984,1.667159
0.5,0.9,0.9,0.4,unification,-0.409101,0.976344,1.262666,1.576906
0.5,0.9,0.9,0.5,unification,-0.187695,1.012952,1.249891,1.416831
0.5,0.9,0.9,0.6,unification,-0.235661,1.104682,1.236673,1.427458
0.5,0.9,0.9,0.7,unification,-0.073686,1.245205,1.120033,1.334446
0.5,0.9,0.9,0.8,antifragile,0.020668,1.306245,1.111884,1.177348
0.5,0.9,0.9,0.9,antifragile,0.069242,1.411034,1.114893,1.133521
0.5,0.9,0.9,1.0,antifragile,0.239259,1.453989,1.075153,1.058031
0.5,0.9,1.0,0.0,unification,-0.968281,0.548304,1.567251,1.953207
0.5,0.9,1.0,0.1,unification,-0.837542,0.552088,1.501976,1.787408
0.5,0.9,1.0,0.2,unification,-0.720143,0.730599,1.44946,1.801764
0.5,0.9,1.0,0.3,unification,-0.522181,0.847798,1.388447,1.761949
0.5,0.9,1.0,0.4,unification,-0.609052,0.90867,1.306538,1.723318
0.5,0.9,1.0,0.5,unification,-0.348703,0.976487,1.281777,1.667451
0.5,0.9,1.0,0.6,unification,-0.289892,1.079661,1.248423,1.529653
0.5,0.9,1.0,0.7,unification,-0.190146,1.103576,1.322,1.522956
0.5,0.9,1.0,0.8,antifragile,-0.01909,1.308442,1.303255,1.297625
0.5,0.9,1.0,0.9,antifragile,-0.012975,1.33928,1.189893,1.250369
0.5,0.9,1.0,1.0,antifragile,0.099,1.455283,1.130281,1.222066
0.5,1.0,0.0,0.0,unification,-0.122773,0.804772,0.819273,0.979089
0.5,1.0,0.0,0.1,antifragile,-0.013554,1.044348,0.734744,0.843287
0.5,1.0,0.0,0.2,antifragile,0.057771,1.077675,0.708069,0.753835
0.5,1.0,0.0,0.3,antifragile,0.163792,1.111756,0.703506,0.666626
0.5,1.0,0.0,0.4,antifragile,0.320624,1.326644,0.629868,0.574067
0.5,1.0,0.0,0.5,antifragile,0.407504,1.362069,0.617011,0.58833
0.5,1.0,0.0,0.6,antifragile,0.572115,1.49743,0.598672,0.272611
0.5,1.0,0.0,0.7,antifragile,0.660959,1.610524,0.524221,0.302841
0.5,1.0,0.0,0.8,antifragile,0.708003,1.638329,0.438325,0.269975
0.5,1.0,0.0,0.9,antifragile,0.940083,1.851753,0.3975,0.101579
0.5,1.0,0.0,1.0,antifragile,0.937515,1.799072,0.349879,0.024225
0.5,1.0,0.1,0.0,unification,-0.171276,0.829108,0.937654,1.093373
0.5,1.0,0.1,0.1,antifragile,-0.090745,1.021457,0.776937,0.912091
0.5,1.0,0.1,0.2,antifragile,0.014471,1.066162,0.876462,0.805058
0.5,1.0,0.1,0.3,antifragile,0.088152,1.145751,0.739069,0.717869
0.5,1.0,0.1,0.4,antifragile,0.201172,1.232724,0.797377,0.633988
0.5,1.0,0.1,0.5,antifragile,0.375759,1.403607,0.65937,0.612995
0.5,1.0,0.1,0.6,antifragile,0.473797,1.45555,0.649107,0.481059
0.5,1.0,0.1,0.7,antifragile,0.588123,1.511277,0.606433,0.438791
0.5,1.0,0.1,0.8,antifragile,0.707799,1.721397,0.528111,0.347629
0.5,1.0,0.1,0.9,antifragile,0.700779,1.794072,0.527192,0.245016
0.5,1.0,0.1,1.0,antifragile,0.887611,1.820138,0.448408,0.234399
0.5,1.0,0.2,0.0,unification,-0.272763,0.869209,0.936,1.113294
0.5,1.0,0.2,0.1,unification,-0.200678,0.964998,0.955085,1.026116
0.5,1.0,0.2,0.2,unification,-0.051612,0.971394,0.856919,0.987886
0.5,1.0,0.2,0.3,antifragile,-0.033574,1.066824,0.927606,0.963313
0.5,1.0,0.2,0.4,antifragile,0.249486,1.232529,0.842238,0.802252
0.5,1.0,0.2,0.5,antifragile,0.227478,1.348596,0.838099,0.764333
0.5,1.0,0.2,0.6,antifragile,0.313009,1.419581,0.691492,0.623775
0.5,1.0,0.2,0.7,antifragile,0.546811,1.435021,0.798435,0.582477
0.5,1.0,0.2,0.8,antifragile,0.551694,1.593411,0.615752,0.442654
0.5,1.0,0.2,0.9,antifragile,0.688665,1.668554,0.563352,0.373929
0.5,1.0,0.2,1.0,antifragile,0.729269,1.716409,0.505897,0.383566
0.5,1.0,0.3,0.0,unification,-0.374719,0.824793,1.055563,1.300314
0.5,1.0,0.3,0.1,unification,-0.226208,0.910391,1.097017,1.188141
0.5,1.0,0.3,0.2,unification,-0.145054,1.020201,0.928398,1.107137
0.5,1.0,0.3,0.3,antifragile,-0.157071,1.073506,0.921044,1.003053
0.5,1.0,0.3,0.4,antifragile,0.024624,1.200599,0.850708,1.028
0.5,1.0,0.3,0.5,antifragile,0.183374,1.229852,0.887361,0.899743
0.5,1.0,0.3,0.6,antifragile,0.283456,1.31471,0.926864,0.796974
0.5,1.0,0.3,0.7,antifragile,0.312621,1.470456,0.763984,0.680321
0.5,1.0,0.3,0.8,antifragile,0.425314,1.557716,0.693437,0.577523
0.5,1.0,0.3,0.9,antifragile,0.614372,1.626168,0.680479,0.551012
0.5,1.0,0.3,1.0,antifragile,0.66057,1.712579,0.592271,0.383857
0.5,1.0,0.4,0.0,unification,-0.478544,0.791973,1.099692,1.430491
0.5,1.0,0.4,0.1,unification,-0.369739,0.78587,1.108728,1.374718
0.5,1.0,0.4,0.2,unification,-0.359607,1.05026,1.029474,1.147545
0.5,1.0,0.4,0.3,unification,-0.148079,1.086554,1.005978,1.16058
0.5,1.0,0.4,0.4,antifragile,0.060987,1.150283,1.129124,1.123232
0.5,1.0,0.4,0.5,antifragile,0.067577,1.249577,0.924028,0.987479
0.5,1.0,0.4,0.6,antifragile,0.203078,1.309793,0.831001,0.956064
0.5,1.0,0.4,0.7,antifragile,0.333674,1.354146,0.86855,0.856354
0.5,1.0,0.4,0.8,antifragile,0.441186,1.485301,0.869106,0.720755
0.5,1.0,0.4,0.9,antifragile,0.524434,1.569025,0.56715,0.596134
0.5,1.0,0.4,1.0,antifragile,0.641829,1.699728,0.77251,0.605307
0.5,1.0,0.5,0.0,unification,-0.591526,0.703553,1.115657,1.447616
0.5,1.0,0.5,0.1,unification,-0.531996,0.847832,1.168973,1.413288
0.5,1.0,0.5,0.2,unification,-0.387437,0.876051,1.191173,1.359667
0.5,1.0,0.5,0.3,unification,-0.195434,0.900331,1.131637,1.24581
0.5,1.0,0.5,0.4,unification,-0.149074,1.172641,1.045508,1.209595
0.5,1.0,0.5,0.5,antifragile,-0.075897,1.201806,0.945438,1.097134
0.5,1.0,0.5,0.6,antifragile,0.10427,1.350319,0.944105,0.988552
0.5,1.0,0.5,0.7,antifragile,0.162794,1.377299,0.896805,0.822139
0.5,1.0,0.5,0.8,antifragile,0.252864,1.482552,0.897595,0.872606
0.5,1.0,0.5,0.9,antifragile,0.45711,1.557522,0.785713,0.780161
0.5,1.0,0.5,1.0,antifragile,0.52451,1.662078,0.886021,0.697527
0.5,1.0,0.6,0.0,unification,-0.658855,0.698194,1.352485,1.615522
0.5,1.0,0.6,0.1,unification,-0.599011,0.773293,1.211103,1.562729
0.5,1.0,0.6,0.2,unification,-0.440152,0.87656,1.211929,1.562651
0.5,1.0,0.6,0.3,unification,-0.287967,0.970143,1.194651,1.463817
0.5,1.0,0.6,0.4,unification,-0.254228,1.02172,1.161345,1.330695
0.5,1.0,0.6,0.5,antifragile,-0.090575,1.206389,1.073371,1.154578
0.5,1.0,0.6,0.6,antifragile,-0.034228,1.289092,1.023905,1.043308
0.5,1.0,0.6,0.7,antifragile,0.112213,1.326646,0.943646,1.058723
0.5,1.0,0.6,0.8,antifragile,0.195686,1.533799,0.994442,0.999304
0.5,1.0,0.6,0.9,antifragile,0.324139,1.515123,0.925619,0.939048
0.5,1.0,0.6,1.0,antifragile,0.472389,1.565569,0.84757,0.740346
0.5,1.0,0.7,0.0,unification,-0.701995,0.568431,1.434324,1.794918
0.5,1.0,0.7,0.1,unification,-0.637659,0.72635,1.414431,1.695673
0.5,1.0,0.7,0.2,unification,-0.60721,0.784434,1.232762,1.665017
0.5,1.0,0.7,0.3,unification,-0.353787,0.994314,1.267843,1.448681
0.5,1.0,0.7,0.4,unification,-0.367701,0.985556,1.232715,1.504372
0.5,1.0,0.7,0.5,unification,-0.135824,1.105583,1.083172,1.29165
0.5,1.0,0.7,0.6,unification,-0.03557,1.236581,1.137218,1.243732
0.5,1.0,0.7,0.7,unification,-0.022543,1.259811,1.218603,1.265924
0.5,1.0,0.7,0.8,antifragile,0.083907,1.327306,1.083451,1.087627
0.5,1.0,0.7,0.9,antifragile,0.266407,1.55273,0.976499,1.074011
0.5,1.0,0.7,1.0,antifragile,0.327342,1.635395,0.981927,0.971125
0.5,1.0,0.8,0.0,unification,-0.963115,0.656917,1.438404,1.903673
0.5,1.0,0.8,0.1,unification,-0.672765,0.674843,1.391999,1.796401
0.5,1.0,0.8,0.2,unification,-0.646754,0.757492,1.405314,1.737909
0.5,1.0,0.8,0.3,unification,-0.491851,0.864021,1.3128,1.63907
0.5,1.0,0.8,0.4,unification,-0.417252,0.988708,1.284639,1.576502
0.5,1.0,0.8,0.5,unification,-0.342124,1.088891,1.264682,1.473327
0.5,1.0,0.8,0.6,unification,-0.125737,1.124275,1.120434,1.36029
0.5,1.0,0.8,0.7,unification,-0.132565,1.134376,1.287318,1.332986
0.5,1.0,0.8,0.8,antifragile,0.068358,1.365727,1.181041,1.198868
0.5,1.0,0.8,0.9,antifragile,0.185716,1.484453,1.118174,1.136946
0.5,1.0,0.8,1.0,antifragile,0.328272,1.578367,1.02852,1.06681
0.5,1.0,0.9,0.0,unification,-0.910548,0.577765,1.562395,1.971689
0.5,1.0,0.9,0.1,unification,-0.820146,0.619276,1.512461,1.906534
0.5,1.0,0.9,0.2,unification,-0.665855,0.852497,1.427784,1.854769
0.5,1.0,0.9,0.3,unification,-0.620518,0.893222,1.449812,1.750631
0.5,1.0,0.9,0.4,unification,-0.490312,0.954267,1.484457,1.645318
0.5,1.0,0.9,0.5,unification,-0.372126,1.085482,1.386924,1.585106
0.5,1.0,0.9,0.6,unification,-0.206586,1.050556,1.270303,1.548178
0.5,1.0,0.9,0.7,unification,-0.209005,1.203075,1.26164,1.390718
0.5,1.0,0.9,0.8,unification,-0.023146,1.39022,1.249416,1.397731
0.5,1.0,0.9,0.9,antifragile,-0.014322,1.443794,1.272398,1.308843
0.5,1.0,0.9,1.0,antifragile,0.236815,1.505498,1.210859,1.153661
0.5,1.0,1.0,0.0,unification,-0.995242,0.615544,1.610297,2.057212
0.5,1.0,1.0,0.1,unification,-0.822622,0.669406,1.604646,2.0569
0.5,1.0,1.0,0.2,unification,-0.90981,0.750437,1.543472,1.982624
0.5,1.0,1.0,0.3,unification,-0.693485,0.666112,1.554498,1.904448
0.5,1.0,1.0,0.4,unification,-0.568836,0.920829,1.492446,1.81864
0.5,1.0,1.0,0.5,unification,-0.461287,1.048779,1.464138,1.817486
0.5,1.0,1.0,0.6,unification,-0.401301,1.101252,1.494648,1.63227
0.5,1.0,1.0,0.7,unification,-0.208418,1.221775,1.358609,1.604312
0.5,1.0,1.0,0.8,unification,-0.119079,1.2333,1.338675,1.420247
0.5,1.0,1.0,0.9,antifragile,0.028558,1.49268,1.383699,1.402876
0.5,1.0,1.0,1.0,antifragile,0.051922,1.516088,1.203014,1.417275
0.6,0.0,0.0,0.0,competitive,0.809718,0.555226,-0.370148,-0.384586
0.6,0.0,0.0,0.1,competitive,0.804602,0.524337,-0.455847,-0.455408
0.6,0.0,0.0,0.2,competitive,0.995964,0.730654,-0.476306,-0.489446
0.6,0.0,0.0,0.3,competitive,1.006991,0.868445,-0.560329,-0.589121
0.6,0.0,0.0,0.4,competitive,1.241111,0.971455,-0.573542,-0.691076
0.6,0.0,0.0,0.5,competitive,1.344596,0.939941,-0.667579,-0.798963
0.6,0.0,0.0,0.6,competitive,1.34336,1.096414,-0.676317,-0.865645
0.6,0.0,0.0,0.7,competitive,1.517156,1.258467,-0.67135,-0.958552
0.6,0.0,0.0,0.8,competitive,1.613337,1.297622,-0.741493,-0.914062
0.6,0.0,0.0,0.9,competitive,1.667124,1.348686,-0.833646,-1.111536
0.6,0.0,0.0,1.0,competitive,1.861484,1.461346,-0.775194,-1.191517
0.6,0.0,0.1,0.0,competitive,0.706905,0.565173,-0.441552,-0.200719
0.6,0.0,0.1,0.1,competitive,0.705497,0.612471,-0.378645,-0.321511
0.6,0.0,0.1,0.2,competitive,0.819769,0.746524,-0.479525,-0.367473
0.6,0.0,0.1,0.3,competitive,0.918405,0.789107,-0.36478,-0.371918
0.6,0.0,0.1,0.4,competitive,1.019064,0.849773,-0.521133,-0.462247
0.6,0.0,0.1,0.5,competitive,1.206584,1.033733,-0.520015,-0.719961
0.6,0.0,0.1,0.6,competitive,1.22701,1.044345,-0.459156,-0.732119
0.6,0.0,0.1,0.7,competitive,1.482719,1.099088,-0.631261,-0.791058
0.6,0.0,0.1,0.8,competitive,1.485442,1.261802,-0.698988,-0.873678
0.6,0.0,0.1,0.9,competitive,1.669926,1.394169,-0.651446,-1.011384
0.6,0.0,0.1,1.0,competitive,1.810162,1.425508,-0.703714,-1.183548
0.6,0.0,0.2,0.0,antifragile,0.532682,0.58579,-0.219451,-0.079433
0.6,0.0,0.2,0.1,competitive,0.638805,0.510289,-0.303218,-0.198356
0.6,0.0,0.2,0.2,competitive,0.885723,0.710947,-0.324554,-0.276714
0.6,0.0,0.2,0.3,competitive,0.937907,0.68906,-0.466067,-0.327831
0.6,0.0,0.2,0.4,competitive,1.013601,0.784394,-0.514744,-0.405307
0.6,0.0,0.2,0.5,competitive,1.093922,0.965013,-0.463188,-0.536712
0.6,0.0,0.2,0.6,competitive,1.200387,1.036174,-0.461146,-0.633786
0.6,0.0,0.2,0.7,competitive,1.323359,1.165377,-0.496291,-0.761875
0.6,0.0,0.2,0.8,competitive,1.448555,1.203812,-0.569314,-0.718302
0.6,0.0,0.2,0.9,competitive,1.577948,1.433212,-0.59902,-0.883323
0.6,0.0,0.2,1.0,competitive,1.669016,1.427131,-0.633857,-1.009598
0.6,0.0,0.3,0.0,competitive,0.468342,0.39878,-0.113519,-0.081283
0.6,0.0,0.3,0.1,competitive,0.597845,0.454092,-0.183388,-0.089945
0.6,0.0,0.3,0.2,antifragile,0.60916,0.672112,-0.370819,-0.156571
0.6,0.0,0.3,0.3,competitive,0.84456,0.788837,-0.365508,-0.265801
0.6,0.0,0.3,0.4,competitive,0.974183,0.872562,-0.260963,-0.196921
0.6,0.0,0.3,0.5,competitive,1.004565,0.928619,-0.382293,-0.508756
0.6,0.0,0.3,0.6,competitive,1.1355,0.905282,-0.431041,-0.568408
0.6,0.0,0.3,0.7,competitive,1.271943,1.061074,-0.53426,-0.536717
0.6,0.0,0.3,0.8,competitive,1.329812,1.173395,-0.533888,-0.607546
0.6,0.0,0.3,0.9,competitive,1.483526,1.259346,-0.620702,-0.624468
0.6,0.0,0.3,1.0,competitive,1.678968,1.457155,-0.600159,-0.860047
0.6,0.0,0.4,0.0,competitive,0.410033,0.355307,-0.12947,0.212928
0.6,0.0,0.4,0.1,competitive,0.497243,0.439007,-0.072367,0.026305
0.6,0.0,0.4,0.2,antifragile,0.511032,0.533259,-0.185825,-0.019002
0.6,0.0,0.4,0.3,antifragile,0.728587,0.746389,-0.211852,-0.138283
0.6,0.0,0.4,0.4,competitive,0.892252,0.828935,-0.250673,-0.185399
0.6,0.0,0.4,0.5,competitive,0.916234,0.816892,-0.170138,-0.312094
0.6,0.0,0.4,0.6,competitive,1.06475,0.894233,-0.283177,-0.430293
0.6,0.0,0.4,0.7,competitive,1.243898,1.154871,-0.331718,-0.449256
0.6,0.0,0.4,0.8,competitive,1.260629,1.157623,-0.379538,-0.535513
0.6,0.0,0.4,0.9,competitive,1.429085,1.209085,-0.363596,-0.646133
0.6,0.0,0.4,1.0,competitive,1.452706,1.368131,-0.458672,-0.796834
0.6,0.0,0.5,0.0,competitive,0.275945,0.256398,-0.028785,0.233368
0.6,0.0,0.5,0.1,competitive,0.424873,0.42061,-0.062552,0.245194
0.6,0.0,0.5,0.2,competitive,0.62321,0.508955,-0.024037,0.11439
0.6,0.0,0.5,0.3,antifragile,0.543061,0.610441,-0.266392,0.026178
0.6,0.0,0.5,0.4,antifragile,0.68616,0.751696,-0.026452,0.004657
0.6,0.0,0.5,0.5,competitive,0.81165,0.789561,-0.130351,-0.21024
0.6,0.0,0.5,0.6,antifragile,1.009556,1.071793,-0.201229,-0.185799
0.6,0.0,0.5,0.7,competitive,1.123401,1.002145,-0.26049,-0.377822
0.6,0.0,0.5,0.8,competitive,1.244496,1.070744,-0.279951,-0.358414
0.6,0.0,0.5,0.9,competitive,1.265418,1.18395,-0.363485,-0.544622
0.6,0.0,0.5,1.0,competitive,1.40782,1.269151,-0.437228,-0.557655
0.6,0.0,0.6,0.0,unification,0.240878,0.315324,0.007679,0.448543
0.6,0.0,0.6,0.1,antifragile,0.29758,0.528116,0.04338,0.311789
0.6,0.0,0.6,0.2,antifragile,0.408412,0.53217,0.183828,0.202552
0.6,0.0,0.6,0.3,antifragile,0.603816,0.619532,0.02869,0.038406
0.6,0.0,0.6,0.4,competitive,0.747244,0.727051,-0.083388,0.095165
0.6,0.0,0.6,0.5,competitive,0.767196,0.747606,-0.231164,0.056303
0.6,0.0,0.6,0.6,antifragile,0.858858,0.869354,-0.176761,-0.046777
0.6,0.0,0.6,0.7,antifragile,0.955494,1.027218,-0.206732,-0.26774
0.6,0.0,0.6,0.8,antifragile,1.135064,1.14515,-0.263966,-0.291888
0.6,0.0,0.6,0.9,antifragile,1.20485,1.207256,-0.171435,-0.391194
0.6,0.0,0.6,1.0,competitive,1.293498,1.271234,-0.357111,-0.546108
0.6,0.0,0.7,0.0,unification,0.126688,0.321364,0.175123,0.511865
0.6,0.0,0.7,0.1,unification,0.185064,0.40262,0.143493,0.453745
0.6,0.0,0.7,0.2,antifragile,0.356184,0.504691,0.160939,0.37361
0.6,0.0,0.7,0.3,antifragile,0.47403,0.492874,0.107675,0.245107
0.6,0.0,0.7,0.4,antifragile,0.563961,0.611355,0.119494,0.051289
0.6,0.0,0.7,0.5,antifragile,0.744406,0.791258,-0.120265,0.19182
0.6,0.0,0.7,0.6,competitive,0.805688,0.747084,-0.086123,0.031726
0.6,0.0,0.7,0.7,competitive,0.975662,0.939538,-0.237346,-0.007049
0.6,0.0,0.7,0.8,competitive,1.02491,0.943372,-0.127865,-0.142572
0.6,0.0,0.7,0.9,antifragile,1.093764,1.108636,-0.215487,-0.266268
0.6,0.0,0.7,1.0,antifragile,1.237736,1.284418,-0.332392,-0.322201
0.6,0.0,0.8,0.0,unification,0.054397,0.268457,0.239757,0.710991
0.6,0.0,0.8,0.1,unification,0.20722,0.336689,0.215846,0.593592
0.6,0.0,0.8,0.2,unification,0.314131,0.409224,0.12769,0.483708
0.6,0.0,0.8,0.3,antifragile,0.303821,0.44775,0.098981,0.405858
0.6,0.0,0.8,0.4,antifragile,0.547681,0.604562,0.093787,0.307777
0.6,0.0,0.8,0.5,antifragile,0.54757,0.698642,0.076749,0.155128
0.6,0.0,0.8,0.6,antifragile,0.651629,0.819871,0.036123,0.054238
0.6,0.0,0.8,0.7,antifragile,0.793459,0.860457,-0.05421,0.084431
0.6,0.0,0.8,0.8,antifragile,0.906308,1.103454,-0.06361,0.008401
0.6,0.0,0.8,0.9,antifragile,1.059739,1.114339,-0.165783,-0.130256
0.6,0.0,0.8,1.0,antifragile,1.103361,1.181429,-0.132209,-0.282479
0.6,0.0,0.9,0.0,unification,-0.103692,0.174397,0.332289,0.726592
0.6,0.0,0.9,0.1,unification,0.014879,0.326773,0.282716,0.68024
0.6,0.0,0.9,0.2,unification,0.104215,0.373579,0.367041,0.56013
0.6,0.0,0.9,0.3,antifragile,0.164679,0.527106,0.189602,0.522192
0.6,0.0,0.9,0.4,antifragile,0.375523,0.632494,0.180019,0.413672
0.6,0.0,0.9,0.5,antifragile,0.547396,0.589093,0.078726,0.298745
0.6,0.0,0.9,0.6,antifragile,0.515358,0.771031,0.076096,0.303735
0.6,0.0,0.9,0.7,antifragile,0.705586,0.879349,0.046008,0.1174
0.6,0.0,0.9,0.8,antifragile,0.86454,1.045504,-0.035608,0.166003
0.6,0.0,0.9,0.9,antifragile,0.896451,1.042374,0.00864,0.028102
0.6,0.0,0.9,1.0,antifragile,1.036437,1.157686,0.003618,-0.116165
0.6,0.0,1.0,0.0,unification,-0.153438,0.274689,0.363146,0.867068
0.6,0.0,1.0,0.1,unification,0.011257,0.3114,0.434701,0.738856
0.6,0.0,1.0,0.2,unification,0.086056,0.36574,0.463621,0.760469
0.6,0.0,1.0,0.3,unification,0.178884,0.489295,0.312714,0.669951
0.6,0.0,1.0,0.4,antifragile,0.247185,0.638261,0.203764,0.560252
0.6,0.0,1.0,0.5,antifragile,0.358786,0.667141,0.279401,0.379383
0.6,0.0,1.0,0.6,antifragile,0.501526,0.688012,0.176031,0.30788
0.6,0.0,1.0,0.7,antifragile,0.628089,0.833692,0.187356,0.356428
0.6,0.0,1.0,0.8,antifragile,0.730532,0.994683,0.179123,0.163895
0.6,0.0,1.0,0.9,antifragile,0.911749,1.043153,0.021081,0.139923
0.6,0.0,1.0,1.0,antifragile,0.946395,1.069649,-0.025052,0.121866
0.6,0.1,0.0,0.0,competitive,0.688929,0.65909,-0.325829,-0.280081
0.6,0.1,0.0,0.1,antifragile,0.700834,0.728399,-0.324468,-0.345377
0.6,0.1,0.0,0.2,competitive,0.855367,0.831343,-0.393864,-0.418327
0.6,0.1,0.0,0.3,competitive,0.974961,0.849627,-0.397494,-0.565822
0.6,0.1,0.0,0.4,competitive,1.119037,1.012779,-0.469238,-0.527289
0.6,0.1,0.0,0.5,competitive,1.29203,1.105179,-0.531863,-0.666772
0.6,0.1,0.0,0.6,competitive,1.352289,1.131513,-0.570155,-0.778166
0.6,0.1,0.0,0.7,competitive,1.572178,1.236445,-0.531566,-0.87847
0.6,0.1,0.0,0.8,competitive,1.640089,1.326072,-0.622351,-1.011636
0.6,0.1,0.0,0.9,competitive,1.72083,1.506661,-0.724364,-0.94626
0.6,0.1,0.0,1.0,competitive,1.708136,1.566603,-0.719398,-1.023187
0.6,0.1,0.1,0.0,competitive,0.59746,0.596573,-0.158112,-0.129552
0.6,0.1,0.1,0.1,competitive,0.693555,0.589441,-0.275001,-0.103646
0.6,0.1,0.1,0.2,competitive,0.842789,0.68777,-0.218428,-0.26555
0.6,0.1,0.1,0.3,competitive,0.956521,0.859526,-0.319012,-0.469886
0.6,0.1,0.1,0.4,competitive,1.080348,0.817283,-0.329201,-0.450022
0.6,0.1,0.1,0.5,competitive,1.176773,1.03292,-0.367812,-0.539193
0.6,0.1,0.1,0.6,competitive,1.259046,1.140238,-0.366068,-0.594986
0.6,0.1,0.1,0.7,competitive,1.289157,1.186801,-0.4701,-0.647013
0.6,0.1,0.1,0.8,competitive,1.428891,1.421994,-0.53122,-0.773972
0.6,0.1,0.1,0.9,competitive,1.512296,1.460774,-0.602289,-0.917294
0.6,0.1,0.1,1.0,competitive,1.66914,1.569139,-0.596713,-1.009454
0.6,0.1,0.2,0.0,antifragile,0.468481,0.585478,-0.146819,0.038021
0.6,0.1,0.2,0.1,competitive,0.645257,0.439061,-0.11178,-0.117618
0.6,0.1,0.2,0.2,antifragile,0.696971,0.781966,-0.142654,-0.135361
0.6,0.1,0.2,0.3,competitive,0.861422,0.848898,-0.183495,-0.167129
0.6,0.1,0.2,0.4,competitive,0.940385,0.858133,-0.307758,-0.32364
0.6,0.1,0.2,0.5,competitive,1.042347,0.939389,-0.31316,-0.493389
0.6,0.1,0.2,0.6,competitive,1.159269,1.092475,-0.369238,-0.457439
0.6,0.1,0.2,0.7,competitive,1.30093,1.291134,-0.440886,-0.571033
0.6,0.1,0.2,0.8,competitive,1.385762,1.283409,-0.518243,-0.729174
0.6,0.1,0.2,0.9,competitive,1.485323,1.291205,-0.51171,-0.787377
0.6,0.1,0.2,1.0,competitive,1.580101,1.521616,-0.588917,-0.79651
0.6,0.1,0.3,0.0,antifragile,0.376436,0.457662,-0.026723,0.121293
0.6,0.1,0.3,0.1,antifragile,0.470377,0.556486,-0.178832,0.069059
0.6,0.1,0.3,0.2,antifragile,0.469907,0.714401,-0.099237,0.045072
0.6,0.1,0.3,0.3,competitive,0.844104,0.811789,-0.20137,-0.011369
0.6,0.1,0.3,0.4,competitive,0.785303,0.764865,-0.117377,-0.174922
0.6,0.1,0.3,0.5,antifragile,0.861209,0.887232,-0.222436,-0.333498
0.6,0.1,0.3,0.6,antifragile,1.028693,1.148321,-0.18259,-0.367662
0.6,0.1,0.3,0.7,antifragile,1.167475,1.190123,-0.35808,-0.571526
0.6,0.1,0.3,0.8,antifragile,1.146924,1.23632,-0.325906,-0.5442
0.6,0.1,0.3,0.9,competitive,1.435498,1.380492,-0.340698,-0.620687
0.6,0.1,0.3,1.0,competitive,1.518794,1.42816,-0.46292,-0.793601
0.6,0.1,0.4,0.0,antifragile,0.373599,0.425812,0.012948,0.232919
0.6,0.1,0.4,0.1,antifragile,0.357981,0.535723,0.020821,0.139736
0.6,0.1,0.4,0.2,antifragile,0.58688,0.616579,-0.121633,0.158685
0.6,0.1,0.4,0.3,antifragile,0.654923,0.773164,-0.040657,-0.042305
0.6,0.1,0.4,0.4,antifragile,0.728904,0.876714,-0.033239,-0.076836
0.6,0.1,0.4,0.5,antifragile,0.833641,1.004117,-0.196331,-0.148551
0.6,0.1,0.4,0.6,antifragile,0.953611,1.028454,-0.252273,-0.268733
0.6,0.1,0.4,0.7,antifragile,1.053635,1.143112,-0.236839,-0.29099
0.6,0.1,0.4,0.8,antifragile,1.153712,1.194577,-0.253748,-0.377065
0.6,0.1,0.4,0.9,antifragile,1.232711,1.31589,-0.365663,-0.459535
0.6,0.1,0.4,1.0,competitive,1.508025,1.264404,-0.397797,-0.576811
0.6,0.1,0.5,0.0,antifragile,0.224808,0.456983,0.123953,0.358513
0.6,0.1,0.5,0.1,antifragile,0.283983,0.445573,0.042863,0.271745
0.6,0.1,0.5,0.2,antifragile,0.464188,0.592164,0.007455,0.164534
0.6,0.1,0.5,0.3,antifragile,0.519869,0.666798,-0.037406,0.163656
0.6,0.1,0.5,0.4,competitive,0.733402,0.731197,0.015963,0.079662
0.6,0.1,0.5,0.5,antifragile,0.783993,0.961333,-0.088513,-0.019905
0.6,0.1,0.5,0.6,antifragile,0.891186,0.982468,-0.09705,-0.122679
0.6,0.1,0.5,0.7,antifragile,1.018306,1.041509,-0.191929,-0.243718
0.6,0.1,0.5,0.8,antifragile,1.08676,1.220664,-0.22311,-0.262377
0.6,0.1,0.5,0.9,antifragile,1.228272,1.242929,-0.174541,-0.343194
0.6,0.1,0.5,1.0,antifragile,1.325089,1.355943,-0.275314,-0.541477
0.6,0.1,0.6,0.0,unification,0.093752,0.398126,0.125854,0.472619
0.6,0.1,0.6,0.1,antifragile,0.225373,0.615183,0.198687,0.479867
0.6,0.1,0.6,0.2,antifragile,0.314743,0.583103,0.036991,0.323469
0.6,0.1,0.6,0.3,antifragile,0.490268,0.589121,0.104657,0.278804
0.6,0.1,0.6,0.4,antifragile,0.544875,0.71326,0.009238,0.152653
0.6,0.1,0.6,0.5,antifragile,0.669161,0.87548,-0.02172,0.165106
0.6,0.1,0.6,0.6,antifragile,0.874744,0.95681,-0.052232,-0.026664
0.6,0.1,0.6,0.7,antifragile,0.920838,1.064586,-0.08505,-0.104656
0.6,0.1,0.6,0.8,antifragile,1.032637,1.138452,-0.143606,-0.164348
0.6,0.1,0.6,0.9,antifragile,1.094737,1.192417,-0.155249,-0.283733
0.6,0.1,0.6,1.0,antifragile,1.19835,1.377286,-0.21461,-0.247832
0.6,0.1,0.7,0.0,unification,0.076332,0.298965,0.347988,0.599169
0.6,0.1,0.7,0.1,unification,0.253667,0.44631,0.277128,0.551548
0.6,0.1,0.7,0.2,antifragile,0.278294,0.518545,0.16371,0.481984
0.6,0.1,0.7,0.3,antifragile,0.42624,0.565468,0.247024,0.410057
0.6,0.1,0.7,0.4,antifragile,0.463155,0.697261,0.223208,0.341936
0.6,0.1,0.7,0.5,antifragile,0.652003,0.802447,0.117776,0.227469
0.6,0.1,0.7,0.6,antifragile,0.696267,0.915463,0.105503,0.20498
0.6,0.1,0.7,0.7,antifragile,0.802425,0.939347,0.09218,0.122808
0.6,0.1,0.7,0.8,antifragile,0.945019,1.189632,-0.013619,-0.090453
0.6,0.1,0.7,0.9,antifragile,0.969394,1.128916,-0.069772,-0.153312
0.6,0.1,0.7,1.0,antifragile,1.116057,1.284655,-0.067101,-0.24235
0.6,0.1,0.8,0.0,unification,-0.08077,0.280949,0.421046,0.756499
0.6,0.1,0.8,0.1,unification,0.078995,0.477651,0.477164,0.707019
0.6,0.1,0.8,0.2,unification,0.202068,0.435774,0.313426,0.5931
0.6,0.1,0.8,0.3,antifragile,0.329612,0.570408,0.265036,0.535262
0.6,0.1,0.8,0.4,antifragile,0.489927,0.763189,0.278304,0.456356
0.6,0.1,0.8,0.5,antifragile,0.483434,0.816327,0.136387,0.324689
0.6,0.1,0.8,0.6,antifragile,0.703918,0.901899,0.146351,0.267786
0.6,0.1,0.8,0.7,antifragile,0.720309,0.862209,0.031781,0.195862
0.6,0.1,0.8,0.8,antifragile,0.788973,1.059621,-0.006372,0.044068
0.6,0.1,0.8,0.9,antifragile,0.944787,1.206193,0.071216,-0.041732
0.6,0.1,0.8,1.0,antifragile,1.070335,1.183729,-0.022179,-0.042334
0.6,0.1,0.9,0.0,unification,-0.138352,0.335784,0.501846,0.897066
0.6,0.1,0.9,0.1,unification,-0.037485,0.338284,0.347102,0.735242
0.6,0.1,0.9,0.2,unification,0.134747,0.535685,0.325948,0.718409
0.6,0.1,0.9,0.3,unification,0.116276,0.506161,0.352991,0.604065
0.6,0.1,0.9,0.4,antifragile,0.20919,0.735943,0.297543,0.48978
0.6,0.1,0.9,0.5,antifragile,0.421402,0.740957,0.281091,0.443007
0.6,0.1,0.9,0.6,antifragile,0.540713,0.887182,0.154091,0.340337
0.6,0.1,0.9,0.7,antifragile,0.676963,0.907431,0.175916,0.26648
0.6,0.1,0.9,0.8,antifragile,0.724599,1.005353,0.077066,0.22796
0.6,0.1,0.9,0.9,antifragile,0.908115,1.116175,0.147473,0.095446
0.6,0.1,0.9,1.0,antifragile,0.937494,1.240535,0.081369,0.029362
0.6,0.1,1.0,0.0,unification,-0.191171,0.170651,0.529801,1.058241
0.6,0.1,1.0,0.1,unification,-0.066894,0.371801,0.556037,0.906373
0.6,0.1,1.0,0.2,unification,-0.09026,0.412061,0.4968,0.879972
0.6,0.1,1.0,0.3,unification,0.078686,0.471599,0.381575,0.727817
0.6,0.1,1.0,0.4,unification,0.120143,0.588643,0.387394,0.665106
0.6,0.1,1.0,0.5,antifragile,0.308486,0.675537,0.31636,0.557244
0.6,0.1,1.0,0.6,antifragile,0.470274,0.804954,0.463342,0.483383
0.6,0.1,1.0,0.7,antifragile,0.566894,0.884498,0.248283,0.493119
0.6,0.1,1.0,0.8,antifragile,0.704877,0.907266,0.173874,0.323188
0.6,0.1,1.0,0.9,antifragile,0.739144,1.014584,0.19079,0.151094
0.6,0.1,1.0,1.0,antifragile,0.881338,1.221499,0.188637,0.152784
0.6,0.2,0.0,0.0,competitive,0.675541,0.646581,-0.147709,-0.156813
0.6,0.2,0.0,0.1,competitive,0.786082,0.724852,-0.151161,-0.137092
0.6,0.2,0.0,0.2,antifragile,0.832882,0.840284,-0.278997,-0.330959
0.6,0.2,0.0,0.3,competitive,0.95976,0.942202,-0.390934,-0.379139
0.6,0.2,0.0,0.4,competitive,1.083401,1.083287,-0.313734,-0.535863
0.6,0.2,0.0,0.5,competitive,1.097278,1.0877,-0.320059,-0.575354
0.6,0.2,0.0,0.6,competitive,1.31293,1.168843,-0.403369,-0.677001
0.6,0.2,0.0,0.7,competitive,1.360309,1.238419,-0.397845,-0.749743
0.6,0.2,0.0,0.8,competitive,1.402643,1.308684,-0.514272,-0.822903
0.6,0.2,0.0,0.9,competitive,1.622436,1.473244,-0.491702,-0.904271
0.6,0.2,0.0,1.0,competitive,1.751324,1.532372,-0.665167,-1.011167
0.6,0.2,0.1,0.0,antifragile,0.453563,0.532968,-0.084317,-0.008216
0.6,0.2,0.1,0.1,antifragile,0.627089,0.716377,-0.229285,-0.051503
0.6,0.2,0.1,0.2,antifragile,0.66974,0.756159,-0.279606,-0.132271
0.6,0.2,0.1,0.3,antifragile,0.755547,0.819995,-0.281379,-0.256438
0.6,0.2,0.1,0.4,antifragile,0.942037,1.015595,-0.270228,-0.286711
0.6,0.2,0.1,0.5,competitive,1.078966,1.022726,-0.33836,-0.344471
0.6,0.2,0.1,0.6,competitive,1.231372,1.206204,-0.297226,-0.481744
0.6,0.2,0.1,0.7,competitive,1.296755,1.262486,-0.300058,-0.613233
0.6,0.2,0.1,0.8,competitive,1.402015,1.269586,-0.496536,-0.584242
0.6,0.2,0.1,0.9,competitive,1.530839,1.439365,-0.461084,-0.827906
0.6,0.2,0.1,1.0,competitive,1.588594,1.472093,-0.519765,-0.810984
0.6,0.2,0.2,0.0,antifragile,0.442665,0.639456,-0.005263,0.006076
0.6,0.2,0.2,0.1,competitive,0.627533,0.612965,-0.051895,0.050091
0.6,0.2,0.2,0.2,antifragile,0.652045,0.752403,-0.096716,-0.106082
0.6,0.2,0.2,0.3,competitive,0.879349,0.877572,-0.137406,-0.032907
0.6,0.2,0.2,0.4,antifragile,0.806404,0.983419,-0.207758,-0.189883
0.6,0.2,0.2,0.5,competitive,0.991223,0.918176,-0.291583,-0.215678
0.6,0.2,0.2,0.6,antifragile,1.067392,1.230079,-0.194494,-0.391014
0.6,0.2,0.2,0.7,antifragile,1.174574,1.307421,-0.194849,-0.47933
0.6,0.2,0.2,0.8,competitive,1.376908,1.371501,-0.279873,-0.544943
0.6,0.2,0.2,0.9,competitive,1.376379,1.362281,-0.445213,-0.539456
0.6,0.2,0.2,1.0,competitive,1.520547,1.452761,-0.369879,-0.743944
0.6,0.2,0.3,0.0,antifragile,0.297451,0.628401,-0.001535,0.266752
0.6,0.2,0.3,0.1,antifragile,0.410454,0.582475,-0.048193,0.172979
0.6,0.2,0.3,0.2,antifragile,0.506305,0.744569,-0.01735,0.069369
0.6,0.2,0.3,0.3,antifragile,0.616573,0.881535,-0.018216,-0.034067
0.6,0.2,0.3,0.4,antifragile,0.70204,0.810601,-0.038132,-0.039541
0.6,0.2,0.3,0.5,antifragile,0.932329,0.993986,-0.094699,-0.11864
0.6,0.2,0.3,0.6,antifragile,0.98651,1.077093,-0.223814,-0.233693
0.6,0.2,0.3,0.7,antifragile,1.127961,1.169673,-0.229437,-0.350865
0.6,0.2,0.3,0.8,competitive,1.249562,1.216284,-0.310263,-0.479287
0.6,0.2,0.3,0.9,antifragile,1.312573,1.395764,-0.348444,-0.46455
0.6,0.2,0.3,1.0,competitive,1.503132,1.49569,-0.27886,-0.640759
0.6,0.2,0.4,0.0,antifragile,0.195432,0.515731,0.14808,0.335339
0.6,0.2,0.4,0.1,antifragile,0.421252,0.59994,0.145109,0.261287
0.6,0.2,0.4,0.2,antifragile,0.543995,0.672204,0.120953,0.180859
0.6,0.2,0.4,0.3,antifragile,0.578432,0.802892,0.12977,0.103014
0.6,0.2,0.4,0.4,antifragile,0.690128,0.899593,-0.080742,-0.068717
0.6,0.2,0.4,0.5,antifragile,0.740208,1.013359,0.03582,-0.091149
0.6,0.2,0.4,0.6,antifragile,0.839164,1.136737,-0.118271,-0.14859
0.6,0.2,0.4,0.7,antifragile,1.082957,1.219735,-0.083297,-0.300574
0.6,0.2,0.4,0.8,antifragile,1.057077,1.306025,-0.154105,-0.338887
0.6,0.2,0.4,0.9,antifragile,1.212772,1.400549,-0.133619,-0.385299
0.6,0.2,0.4,1.0,antifragile,1.305654,1.426225,-0.182847,-0.403823
0.6,0.2,0.5,0.0,unification,0.159713,0.428526,0.289138,0.586147
0.6,0.2,0.5,0.1,antifragile,0.187325,0.538378,0.252798,0.423684
0.6,0.2,0.5,0.2,antifragile,0.345571,0.654259,0.173535,0.278658
0.6,0.2,0.5,0.3,antifragile,0.48454,0.758367,0.090458,0.211026
0.6,0.2,0.5,0.4,antifragile,0.563106,0.786454,0.117531,0.115818
0.6,0.2,0.5,0.5,antifragile,0.709452,0.91129,-0.000309,0.148566
0.6,0.2,0.5,0.6,antifragile,0.803461,0.99153,-0.043256,0.011953
0.6,0.2,0.5,0.7,antifragile,0.961329,1.183538,-0.053383,-0.101387
0.6,0.2,0.5,0.8,antifragile,1.036548,1.223356,-0.123603,-0.101879
0.6,0.2,0.5,0.9,antifragile,1.141111,1.336737,-0.103777,-0.239803
0.6,0.2,0.5,1.0,antifragile,1.199795,1.40468,-0.050963,-0.265642
0.6,0.2,0.6,0.0,unification,0.06785,0.401657,0.209111,0.605133
0.6,0.2,0.6,0.1,unification,0.166079,0.499134,0.267616,0.576122
0.6,0.2,0.6,0.2,antifragile,0.229982,0.623633,0.234487,0.415885
0.6,0.2,0.6,0.3,antifragile,0.473705,0.74239,0.16068,0.400863
0.6,0.2,0.6,0.4,antifragile,0.430527,0.766826,0.226378,0.307576
0.6,0.2,0.6,0.5,antifragile,0.62356,0.944348,0.150564,0.191697
0.6,0.2,0.6,0.6,antifragile,0.76682,0.905552,0.046626,0.115152
0.6,0.2,0.6,0.7,antifragile,0.857386,1.06875,-0.049203,-0.061224
0.6,0.2,0.6,0.8,antifragile,0.936595,1.156111,-0.045499,-0.103864
0.6,0.2,0.6,0.9,antifragile,1.056689,1.340113,-0.033307,-0.06922
0.6,0.2,0.6,1.0,antifragile,1.1413,1.392172,-0.012398,-0.227894
0.6,0.2,0.7,0.0,unification,-0.028701,0.366276,0.434625,0.800114
0.6,0.2,0.7,0.1,unification,0.097564,0.468528,0.290014,0.667579
0.6,0.2,0.7,0.2,unification,0.180402,0.5868,0.33084,0.66362
0.6,0.2,0.7,0.3,antifragile,0.26518,0.591237,0.227873,0.468319
0.6,0.2,0.7,0.4,antifragile,0.4641,0.700138,0.18681,0.435695
0.6,0.2,0.7,0.5,antifragile,0.562465,0.782538,0.116397,0.290673
0.6,0.2,0.7,0.6,antifragile,0.662868,0.962161,0.127501,0.281972
0.6,0.2,0.7,0.7,antifragile,0.746215,1.04462,0.044283,0.121474
0.6,0.2,0.7,0.8,antifragile,0.947846,1.128185,0.03716,0.055887
0.6,0.2,0.7,0.9,antifragile,0.965954,1.284167,0.076054,-0.04383
0.6,0.2,0.7,1.0,antifragile,1.133579,1.375734,-0.017257,-0.10141
0.6,0.2,0.8,0.0,unification,-0.089967,0.403735,0.414067,0.883522
0.6,0.2,0.8,0.1,unification,-0.011556,0.416468,0.42121,0.847719
0.6,0.2,0.8,0.2,unification,0.126734,0.645332,0.38151,0.716857
0.6,0.2,0.8,0.3,antifragile,0.225485,0.679804,0.437921,0.629681
0.6,0.2,0.8,0.4,antifragile,0.265261,0.694456,0.337136,0.596138
0.6,0.2,0.8,0.5,antifragile,0.35768,0.7665,0.327858,0.390319
0.6,0.2,0.8,0.6,antifragile,0.483749,0.976827,0.238934,0.355109
0.6,0.2,0.8,0.7,antifragile,0.718415,0.961851,0.146801,0.366461
0.6,0.2,0.8,0.8,antifragile,0.771666,1.143985,0.154446,0.19467
0.6,0.2,0.8,0.9,antifragile,0.834812,1.220906,0.171569,0.124799
0.6,0.2,0.8,1.0,antifragile,1.033045,1.33312,0.037578,0.022763
0.6,0.2,0.9,0.0,unification,-0.23242,0.352672,0.598079,1.011369
0.6,0.2,0.9,0.1,unification,-0.049321,0.316716,0.504843,0.894086
0.6,0.2,0.9,0.2,unification,0.022587,0.532641,0.494935,0.769252
0.6,0.2,0.9,0.3,unification,0.140339,0.606403,0.381564,0.73523
0.6,0.2,0.9,0.4,antifragile,0.248701,0.77766,0.360546,0.704506
0.6,0.2,0.9,0.5,antifragile,0.286176,0.72647,0.31442,0.610251
0.6,0.2,0.9,0.6,antifragile,0.456495,0.869266,0.357892,0.497041
0.6,0.2,0.9,0.7,antifragile,0.565526,0.964824,0.243623,0.494565
0.6,0.2,0.9,0.8,antifragile,0.740022,1.154508,0.228034,0.290904
0.6,0.2,0.9,0.9,antifragile,0.759278,1.223705,0.21499,0.21284
0.6,0.2,0.9,1.0,antifragile,0.908193,1.228178,0.10723,0.161462
0.6,0.2,1.0,0.0,unification,-0.325804,0.279315,0.525757,1.085396
0.6,0.2,1.0,0.1,unification,-0.192253,0.29918,0.545881,1.046938
0.6,0.2,1.0,0.2,unification,-0.044921,0.425414,0.566894,0.948049
0.6,0.2,1.0,0.3,unification,-0.048116,0.624194,0.530852,0.866388
0.6,0.2,1.0,0.4,unification,0.158649,0.582,0.545997,0.842531
0.6,0.2,1.0,0.5,antifragile,0.257027,0.77811,0.443696,0.748165
0.6,0.2,1.0,0.6,antifragile,0.318853,0.84838,0.421363,0.618066
0.6,0.2,1.0,0.7,antifragile,0.523456,1.05441,0.374508,0.558518
0.6,0.2,1.0,0.8,antifragile,0.539879,1.091596,0.314126,0.607256
0.6,0.2,1.0,0.9,antifragile,0.606463,1.242372,0.349561,0.308888
0.6,0.2,1.0,1.0,antifragile,0.915972,1.183579,0.244283,0.21517
0.6,0.3,0.0,0.0,antifragile,0.517677,0.672365,-0.033498,0.121916
0.6,0.3,0.0,0.1,antifragile,0.609352,0.632368,-0.082575,-0.112516
0.6,0.3,0.0,0.2,antifragile,0.835923,0.863271,-0.192955,-0.220648
0.6,0.3,0.0,0.3,antifragile,0.886144,0.946238,-0.121615,-0.265529
0.6,0.3,0.0,0.4,competitive,1.035731,0.985993,-0.321931,-0.298541
0.6,0.3,0.0,0.5,antifragile,1.051779,1.136822,-0.32561,-0.479275
0.6,0.3,0.0,0.6,antifragile,1.216783,1.244058,-0.36801,-0.470473
0.6,0.3,0.0,0.7,competitive,1.353746,1.334558,-0.30484,-0.64509
0.6,0.3,0.0,0.8,antifragile,1.43386,1.443088,-0.434578,-0.577347
0.6,0.3,0.0,0.9,competitive,1.526639,1.500459,-0.434019,-0.808485
0.6,0.3,0.0,1.0,antifragile,1.567156,1.602529,-0.494086,-0.890209
0.6,0.3,0.1,0.0,antifragile,0.497556,0.601711,-0.036611,0.065714
0.6,0.3,0.1,0.1,antifragile,0.480901,0.786373,-0.017092,0.074516
0.6,0.3,0.1,0.2,antifragile,0.70592,0.813335,0.003612,-0.076345
0.6,0.3,0.1,0.3,antifragile,0.710214,0.943681,-0.102773,-0.122852
0.6,0.3,0.1,0.4,antifragile,0.925766,1.025311,-0.134347,-0.14702
0.6,0.3,0.1,0.5,antifragile,0.998334,1.139713,-0.260886,-0.114042
0.6,0.3,0.1,0.6,antifragile,1.015458,1.183034,-0.258478,-0.279599
0.6,0.3,0.1,0.7,antifragile,1.17497,1.327094,-0.298138,-0.522005
0.6,0.3,0.1,0.8,antifragile,1.343518,1.364052,-0.299621,-0.523665
0.6,0.3,0.1,0.9,competitive,1.520338,1.431891,-0.357641,-0.645573
0.6,0.3,0.1,1.0,antifragile,1.535046,1.71844,-0.398667,-0.851029
0.6,0.3,0.2,0.0,antifragile,0.335078,0.599081,0.082948,0.214068
0.6,0.3,0.2,0.1,antifragile,0.388935,0.807975,0.070915,0.155388
0.6,0.3,0.2,0.2,antifragile,0.671381,0.751567,0.04512,0.017547
0.6,0.3,0.2,0.3,antifragile,0.712538,0.833275,-0.001477,0.092662
0.6,0.3,0.2,0.4,antifragile,0.789672,0.875371,-0.063211,-0.065977
0.6,0.3,0.2,0.5,antifragile,0.940049,1.15368,-0.028771,-0.181547
0.6,0.3,0.2,0.6,antifragile,0.972028,1.119074,-0.171997,-0.236173
0.6,0.3,0.2,0.7,antifragile,1.047568,1.223657,-0.156885,-0.377324
0.6,0.3,0.2,0.8,antifragile,1.243499,1.324284,-0.21061,-0.468594
0.6,0.3,0.2,0.9,antifragile,1.239901,1.507798,-0.299795,-0.527432
0.6,0.3,0.2,1.0,antifragile,1.410443,1.582224,-0.288342,-0.572895
0.6,0.3,0.3,0.0,antifragile,0.227523,0.567514,0.200852,0.45226
0.6,0.3,0.3,0.1,antifragile,0.380327,0.614833,0.153395,0.28175
0.6,0.3,0.3,0.2,antifragile,0.375063,0.667742,0.096676,0.20589
0.6,0.3,0.3,0.3,antifragile,0.570263,0.899209,0.013243,0.05069
0.6,0.3,0.3,0.4,antifragile,0.653715,0.919511,0.017092,-0.004882
0.6,0.3,0.3,0.5,antifragile,0.697914,0.916535,-0.013842,-0.106451
0.6,0.3,0.3,0.6,antifragile,0.814732,1.171247,0.017259,-0.139723
0.6,0.3,0.3,0.7,antifragile,1.038422,1.248846,-0.215658,-0.175567
0.6,0.3,0.3,0.8,antifragile,1.196994,1.42184,-0.161881,-0.361756
0.6,0.3,0.3,0.9,antifragile,1.312928,1.449946,-0.136267,-0.422354
0.6,0.3,0.3,1.0,antifragile,1.368578,1.46733,-0.220262,-0.492394
0.6,0.3,0.4,0.0,antifragile,0.282178,0.562431,0.1574,0.499922
0.6,0.3,0.4,0.1,antifragile,0.293409,0.606302,0.169862,0.448026
0.6,0.3,0.4,0.2,antifragile,0.336931,0.753772,0.132706,0.303305
0.6,0.3,0.4,0.3,antifragile,0.542808,0.844459,0.146571,0.243505
0.6,0.3,0.4,0.4,antifragile,0.609528,0.875423,0.029165,0.188459
0.6,0.3,0.4,0.5,antifragile,0.791505,1.040212,0.077709,0.014574
0.6,0.3,0.4,0.6,antifragile,0.868859,1.12907,0.063007,0.041695
0.6,0.3,0.4,0.7,antifragile,1.0143,1.144264,-0.079449,-0.087592
0.6,0.3,0.4,0.8,antifragile,0.998874,1.240215,0.006005,-0.230453
0.6,0.3,0.4,0.9,antifragile,1.154447,1.308429,-0.091848,-0.205859
0.6,0.3,0.4,1.0,antifragile,1.325655,1.53725,-0.138919,-0.294425
0.6,0.3,0.5,0.0,unification,0.096504,0.478053,0.369085,0.669284
0.6,0.3,0.5,0.1,antifragile,0.118614,0.541979,0.302819,0.478912
0.6,0.3,0.5,0.2,antifragile,0.233199,0.668971,0.319599,0.503658
0.6,0.3,0.5,0.3,antifragile,0.421054,0.794014,0.334374,0.343032
0.6,0.3,0.5,0.4,antifragile,0.527054,0.850551,0.125629,0.344244
0.6,0.3,0.5,0.5,antifragile,0.60974,1.009741,0.137694,0.262332
0.6,0.3,0.5,0.6,antifragile,0.685138,1.128196,0.15471,0.025268
0.6,0.3,0.5,0.7,antifragile,0.819157,1.216041,0.151866,0.065775
0.6,0.3,0.5,0.8,antifragile,0.935172,1.211583,0.058333,-0.076301
0.6,0.3,0.5,0.9,antifragile,1.045822,1.343792,0.034088,-0.049678
0.6,0.3,0.5,1.0,antifragile,1.226344,1.450478,-0.09496,-0.191619
0.6,0.3,0.6,0.0,unification,0.068272,0.515177,0.445387,0.725549
0.6,0.3,0.6,0.1,unification,0.112259,0.617729,0.406615,0.659828
0.6,0.3,0.6,0.2,antifragile,0.170638,0.784471,0.310453,0.530832
0.6,0.3,0.6,0.3,antifragile,0.323205,0.739904,0.366165,0.547856
0.6,0.3,0.6,0.4,antifragile,0.364285,0.807222,0.231229,0.449226
0.6,0.3,0.6,0.5,antifragile,0.556417,0.921425,0.24582,0.268687
0.6,0.3,0.6,0.6,antifragile,0.607872,0.969999,0.202274,0.247085
0.6,0.3,0.6,0.7,antifragile,0.705782,1.15106,0.207856,0.103476
0.6,0.3,0.6,0.8,antifragile,0.848684,1.250681,0.114682,0.001398
0.6,0.3,0.6,0.9,antifragile,0.952961,1.296301,0.066479,-0.021392
0.6,0.3,0.6,1.0,antifragile,1.1633,1.404575,-0.050904,-0.095443
0.6,0.3,0.7,0.0,unification,-0.017612,0.421644,0.498096,0.859744
0.6,0.3,0.7,0.1,unification,0.034207,0.509531,0.40422,0.756411
0.6,0.3,0.7,0.2,unification,0.111765,0.646781,0.410865,0.690189
0.6,0.3,0.7,0.3,antifragile,0.227246,0.676129,0.395413,0.643361
0.6,0.3,0.7,0.4,antifragile,0.275675,0.825323,0.305485,0.481485
0.6,0.3,0.7,0.5,antifragile,0.41186,0.973271,0.234241,0.426803
0.6,0.3,0.7,0.6,antifragile,0.553677,1.058359,0.377397,0.343899
0.6,0.3,0.7,0.7,antifragile,0.691968,1.090272,0.234951,0.293663
0.6,0.3,0.7,0.8,antifragile,0.695727,1.187606,0.222538,0.152012
0.6,0.3,0.7,0.9,antifragile,0.90787,1.198577,0.164678,0.177109
0.6,0.3,0.7,1.0,antifragile,0.98407,1.331091,0.048743,0.044526
0.6,0.3,0.8,0.0,unification,-0.148599,0.392195,0.581815,0.903455
0.6,0.3,0.8,0.1,unification,-0.078799,0.455537,0.533412,0.995821
0.6,0.3,0.8,0.2,unification,-0.06508,0.501612,0.536566,0.810734
0.6,0.3,0.8,0.3,unification,0.10906,0.693633,0.497795,0.696318
0.6,0.3,0.8,0.4,antifragile,0.215415,0.777478,0.453354,0.684163
0.6,0.3,0.8,0.5,antifragile,0.325842,0.887352,0.452517,0.577343
0.6,0.3,0.8,0.6,antifragile,0.459859,0.953223,0.334131,0.443101
0.6,0.3,0.8,0.7,antifragile,0.560093,1.08254,0.280542,0.40123
0.6,0.3,0.8,0.8,antifragile,0.675428,1.24389,0.321139,0.355328
0.6,0.3,0.8,0.9,antifragile,0.841002,1.222715,0.313838,0.242959
0.6,0.3,0.8,1.0,antifragile,0.902767,1.284264,0.184919,0.061703
0.6,0.3,0.9,0.0,unification,-0.297409,0.331185,0.670082,1.055702
0.6,0.3,0.9,0.1,unification,-0.13982,0.484627,0.734489,1.123073
0.6,0.3,0.9,0.2,unification,-0.05719,0.60117,0.623065,0.933632
0.6,0.3,0.9,0.3,unification,0.031094,0.676946,0.774396,0.928344
0.6,0.3,0.9,0.4,unification,0.16732,0.76419,0.553743,0.780486
0.6,0.3,0.9,0.5,antifragile,0.302824,0.827227,0.439424,0.724083
0.6,0.3,0.9,0.6,antifragile,0.405767,0.92271,0.465493,0.663044
0.6,0.3,0.9,0.7,antifragile,0.482409,1.00265,0.374534,0.517311
0.6,0.3,0.9,0.8,antifragile,0.671745,1.110082,0.387973,0.428776
0.6,0.3,0.9,0.9,antifragile,0.684488,1.171035,0.335014,0.334146
0.6,0.3,0.9,1.0,antifragile,0.878683,1.304625,0.287773,0.265991
0.6,0.3,1.0,0.0,unification,-0.356447,0.399545,0.723011,1.26389
0.6,0.3,1.0,0.1,unification,-0.343439,0.48116,0.729593,1.090254
0.6,0.3,1.0,0.2,unification,-0.218789,0.555695,0.611768,1.093914
0.6,0.3,1.0,0.3,unification,-0.066427,0.600262,0.621308,0.947358
0.6,0.3,1.0,0.4,unification,0.040628,0.733599,0.600371,0.931062
0.6,0.3,1.0,0.5,antifragile,0.162888,0.830562,0.595747,0.797964
0.6,0.3,1.0,0.6,antifragile,0.237316,0.942783,0.494331,0.765039
0.6,0.3,1.0,0.7,antifragile,0.396555,0.966847,0.516473,0.723394
0.6,0.3,1.0,0.8,antifragile,0.536276,1.091464,0.536074,0.486287
0.6,0.3,1.0,0.9,antifragile,0.55939,1.156777,0.485966,0.532142
0.6,0.3,1.0,1.0,antifragile,0.639186,1.253181,0.308809,0.397977
0.6,0.4,0.0,0.0,antifragile,0.495092,0.768783,0.0534,0.098749
0.6,0.4,0.0,0.1,antifragile,0.55523,0.849164,0.117365,-0.024255
0.6,0.4,0.0,0.2,antifragile,0.749442,0.922203,0.001013,-0.040742
0.6,0.4,0.0,0.3,antifragile,0.85021,1.021484,-0.112438,-0.112494
0.6,0.4,0.0,0.4,antifragile,0.946339,1.100011,-0.223704,-0.225747
0.6,0.4,0.0,0.5,antifragile,1.004903,1.192754,-0.184774,-0.238849
0.6,0.4,0.0,0.6,antifragile,0.991352,1.294699,-0.194601,-0.285257
0.6,0.4,0.0,0.7,antifragile,1.219278,1.407281,-0.233749,-0.470279
0.6,0.4,0.0,0.8,antifragile,1.418148,1.424417,-0.31336,-0.522291
0.6,0.4,0.0,0.9,antifragile,1.452842,1.560839,-0.323528,-0.599304
0.6,0.4,0.0,1.0,antifragile,1.574254,1.634352,-0.348111,-0.73249
0.6,0.4,0.1,0.0,antifragile,0.383521,0.668946,0.064585,0.278619
0.6,0.4,0.1,0.1,antifragile,0.497431,0.850765,0.019189,0.156481
0.6,0.4,0.1,0.2,antifragile,0.56848,0.855189,-0.032051,0.021686
0.6,0.4,0.1,0.3,antifragile,0.703526,0.945013,-0.03632,0.06152
0.6,0.4,0.1,0.4,antifragile,0.918686,1.062178,-0.110109,-0.07518
0.6,0.4,0.1,0.5,antifragile,0.805731,1.092492,-0.054318,-0.249187
0.6,0.4,0.1,0.6,antifragile,1.005198,1.180819,-0.112187,-0.208838
0.6,0.4,0.1,0.7,antifragile,1.099358,1.349029,-0.195792,-0.387289
0.6,0.4,0.1,0.8,antifragile,1.198431,1.484297,-0.265675,-0.451593
0.6,0.4,0.1,0.9,antifragile,1.370491,1.58549,-0.21297,-0.523632
0.6,0.4,0.1,1.0,antifragile,1.431556,1.681266,-0.318361,-0.64761
0.6,0.4,0.2,0.0,antifragile,0.337625,0.668013,0.22978,0.399927
0.6,0.4,0.2,0.1,antifragile,0.375257,0.673115,0.182558,0.284088
0.6,0.4,0.2,0.2,antifragile,0.447046,0.785547,0.127673,0.13211
0.6,0.4,0.2,0.3,antifragile,0.59283,0.921798,0.084043,0.135133
0.6,0.4,0.2,0.4,antifragile,0.741098,0.994425,0.09349,0.019031
0.6,0.4,0.2,0.5,antifragile,0.907665,1.095729,-0.070567,-0.013318
0.6,0.4,0.2,0.6,antifragile,0.951281,1.280083,-0.014518,-0.023
0.6,0.4,0.2,0.7,antifragile,1.030556,1.367315,-0.096273,-0.200411
0.6,0.4,0.2,0.8,antifragile,1.183901,1.451628,-0.071184,-0.471837
0.6,0.4,0.2,0.9,antifragile,1.256566,1.476245,-0.168894,-0.40917
0.6,0.4,0.2,1.0,antifragile,1.418874,1.610129,-0.215376,-0.553413
0.6,0.4,0.3,0.0,unification,0.256653,0.582634,0.288465,0.601943
0.6,0.4,0.3,0.1,antifragile,0.258995,0.696216,0.266609,0.329703
0.6,0.4,0.3,0.2,antifragile,0.31391,0.780919,0.19265,0.331711
0.6,0.4,0.3,0.3,antifragile,0.4611,0.921699,0.067164,0.236485
0.6,0.4,0.3,0.4,antifragile,0.638009,1.011422,0.126861,0.121983
0.6,0.4,0.3,0.5,antifragile,0.720406,1.151698,0.065027,0.118906
0.6,0.4,0.3,0.6,antifragile,0.896862,1.098205,0.048592,-0.063887
0.6,0.4,0.3,0.7,antifragile,0.874908,1.319602,0.038666,-0.086827
0.6,0.4,0.3,0.8,antifragile,1.005725,1.385523,-0.090523,-0.181137
0.6,0.4,0.3,0.9,antifragile,1.136922,1.52254,-0.083157,-0.258438
0.6,0.4,0.3,1.0,antifragile,1.291668,1.56121,-0.099733,-0.339811
0.6,0.4,0.4,0.0,unification,0.04518,0.600147,0.423193,0.639867
0.6,0.4,0.4,0.1,antifragile,0.182291,0.68372,0.321812,0.529063
0.6,0.4,0.4,0.2,antifragile,0.250616,0.839003,0.396774,0.414803
0.6,0.4,0.4,0.3,antifragile,0.459309,0.937893,0.212119,0.257078
0.6,0.4,0.4,0.4,antifragile,0.60584,0.959484,0.194025,0.282367
0.6,0.4,0.4,0.5,antifragile,0.621546,1.202973,0.153465,0.211366
0.6,0.4,0.4,0.6,antifragile,0.814612,1.214371,0.194799,0.088716
0.6,0.4,0.4,0.7,antifragile,0.852395,1.136277,0.096275,0.02664
0.6,0.4,0.4,0.8,antifragile,1.007086,1.429774,0.095565,-0.006468
0.6,0.4,0.4,0.9,antifragile,1.079127,1.499215,0.020557,-0.08797
0.6,0.4,0.4,1.0,antifragile,1.230225,1.549636,-0.097036,-0.175333
0.6,0.4,0.5,0.0,unification,0.018907,0.580129,0.480677,0.769297
0.6,0.4,0.5,0.1,unification,0.175033,0.616304,0.448382,0.621128
0.6,0.4,0.5,0.2,antifragile,0.248834,0.747564,0.353452,0.579683
0.6,0.4,0.5,0.3,antifragile,0.301565,0.8111,0.36274,0.50342
0.6,0.4,0.5,0.4,antifragile,0.343976,0.943524,0.289833,0.384285
0.6,0.4,0.5,0.5,antifragile,0.493642,1.01773,0.238849,0.383676
0.6,0.4,0.5,0.6,antifragile,0.572528,1.066804,0.173418,0.247933
0.6,0.4,0.5,0.7,antifragile,0.828656,1.235156,0.130268,0.128538
0.6,0.4,0.5,0.8,antifragile,0.839541,1.330387,0.122521,-0.00564
0.6,0.4,0.5,0.9,antifragile,1.019235,1.463163,0.096066,-0.01398
0.6,0.4,0.5,1.0,antifragile,1.024685,1.392038,-0.027454,-0.107236
0.6,0.4,0.6,0.0,unification,-0.105397,0.537312,0.540117,0.919388
0.6,0.4,0.6,0.1,unification,0.063613,0.588877,0.459828,0.689192
0.6,0.4,0.6,0.2,unification,0.201678,0.652874,0.395178,0.706493
0.6,0.4,0.6,0.3,antifragile,0.165623,0.801443,0.413184,0.661184
0.6,0.4,0.6,0.4,antifragile,0.391835,0.945166,0.400313,0.487083
0.6,0.4,0.6,0.5,antifragile,0.408156,0.958465,0.449714,0.432541
0.6,0.4,0.6,0.6,antifragile,0.578051,1.15593,0.322731,0.322567
0.6,0.4,0.6,0.7,antifragile,0.716508,1.153576,0.284456,0.300608
0.6,0.4,0.6,0.8,antifragile,0.765285,1.279319,0.310002,0.158673
0.6,0.4,0.6,0.9,antifragile,0.965845,1.335475,0.280103,0.062226
0.6,0.4,0.6,1.0,antifragile,0.990307,1.535413,0.227612,0.060921
0.6,0.4,0.7,0.0,unification,-0.234092,0.47912,0.635062,0.952209
0.6,0.4,0.7,0.1,unification,-0.035158,0.531165,0.530471,0.828957
0.6,0.4,0.7,0.2,unification,0.125615,0.639476,0.530525,0.773467
0.6,0.4,0.7,0.3,unification,0.218396,0.690987,0.454793,0.723909
0.6,0.4,0.7,0.4,antifragile,0.258922,0.887932,0.44122,0.732217
0.6,0.4,0.7,0.5,antifragile,0.336561,0.899571,0.379811,0.531305
0.6,0.4,0.7,0.6,antifragile,0.421573,1.082545,0.344958,0.478359
0.6,0.4,0.7,0.7,antifragile,0.538523,1.081277,0.410327,0.480139
0.6,0.4,0.7,0.8,antifragile,0.76345,1.161433,0.248371,0.413919
0.6,0.4,0.7,0.9,antifragile,0.797283,1.26126,0.329112,0.233369
0.6,0.4,0.7,1.0,antifragile,0.948475,1.313105,0.218686,0.19244
0.6,0.4,0.8,0.0,unification,-0.302018,0.50175,0.654162,1.114371
0.6,0.4,0.8,0.1,unification,-0.077754,0.477457,0.693574,1.064255
0.6,0.4,0.8,0.2,unification,-0.04543,0.617498,0.596184,0.959827
0.6,0.4,0.8,0.3,unification,0.054867,0.653185,0.654992,0.819497
0.6,0.4,0.8,0.4,antifragile,0.099484,0.790216,0.515364,0.767088
0.6,0.4,0.8,0.5,antifragile,0.217877,0.937399,0.589053,0.700293
0.6,0.4,0.8,0.6,antifragile,0.317786,0.964339,0.491064,0.511652
0.6,0.4,0.8,0.7,antifragile,0.438361,1.022625,0.445771,0.633109
0.6,0.4,0.8,0.8,antifragile,0.546951,1.240816,0.371806,0.373991
0.6,0.4,0.8,0.9,antifragile,0.798206,1.402992,0.380593,0.373126
0.6,0.4,0.8,1.0,antifragile,0.833114,1.382588,0.337004,0.303806
0.6,0.4,0.9,0.0,unification,-0.276833,0.378863,0.811369,1.240577
0.6,0.4,0.9,0.1,unification,-0.198797,0.620004,0.817928,1.199912
0.6,0.4,0.9,0.2,unification,-0.094606,0.658371,0.845722,0.990731
0.6,0.4,0.9,0.3,unification,-2e-05,0.56094,0.732568,1.017552
0.6,0.4,0.9,0.4,unification,0.052659,0.651498,0.64428,0.916142
0.6,0.4,0.9,0.5,antifragile,0.186845,0.848929,0.560161,0.817411
0.6,0.4,0.9,0.6,antifragile,0.259906,1.015465,0.561065,0.648767
0.6,0.4,0.9,0.7,antifragile,0.418835,1.09071,0.605899,0.696407
0.6,0.4,0.9,0.8,antifragile,0.475065,1.236291,0.415698,0.566408
0.6,0.4,0.9,0.9,antifragile,0.667703,1.332935,0.539445,0.543736
0.6,0.4,0.9,1.0,antifragile,0.733169,1.383984,0.41622,0.359528
0.6,0.4,1.0,0.0,unification,-0.455781,0.459891,0.922308,1.472968
0.6,0.4,1.0,0.1,unification,-0.394125,0.445922,0.870763,1.322118
0.6,0.4,1.0,0.2,unification,-0.235839,0.600025,0.849648,1.130604
0.6,0.4,1.0,0.3,unification,-0.082328,0.708663,0.784808,1.023002
0.6,0.4,1.0,0.4,unification,-0.023842,0.771897,0.686715,1.075915
0.6,0.4,1.0,0.5,unification,0.13648,0.851724,0.690872,0.954644
0.6,0.4,1.0,0.6,antifragile,0.209797,0.875726,0.628495,0.863624
0.6,0.4,1.0,0.7,antifragile,0.39093,1.069602,0.683616,0.704752
0.6,0.4,1.0,0.8,antifragile,0.412191,1.233693,0.532852,0.651854
0.6,0.4,1.0,0.9,antifragile,0.526412,1.325906,0.496424,0.632874
0.6,0.4,1.0,1.0,antifragile,0.669602,1.223576,0.489216,0.492354
0.6,0.5,0.0,0.0,antifragile,0.408899,0.851954,0.137773,0.22277
0.6,0.5,0.0,0.1,antifragile,0.610891,0.824423,0.04785,0.223879
0.6,0.5,0.0,0.2,antifragile,0.592468,0.969166,0.186575,-0.000149
0.6,0.5,0.0,0.3,antifragile,0.695227,0.988187,0.051759,-0.04265
0.6,0.5,0.0,0.4,antifragile,0.756353,1.181614,-0.004484,-0.162582
0.6,0.5,0.0,0.5,antifragile,0.865482,1.25039,-0.128539,-0.173626
0.6,0.5,0.0,0.6,antifragile,1.101978,1.368353,-0.116166,-0.256283
0.6,0.5,0.0,0.7,antifragile,1.082421,1.436814,-0.141342,-0.406968
0.6,0.5,0.0,0.8,antifragile,1.286186,1.426126,-0.224291,-0.493279
0.6,0.5,0.0,0.9,antifragile,1.33976,1.684967,-0.167287,-0.519734
0.6,0.5,0.0,1.0,antifragile,1.477908,1.714412,-0.176409,-0.700784
0.6,0.5,0.1,0.0,antifragile,0.323578,0.70459,0.26515,0.390389
0.6,0.5,0.1,0.1,antifragile,0.431662,0.904182,0.131448,0.330272
0.6,0.5,0.1,0.2,antifragile,0.501807,0.896957,0.261688,0.230096
0.6,0.5,0.1,0.3,antifragile,0.59414,1.062866,0.117697,0.088356
0.6,0.5,0.1,0.4,antifragile,0.694696,1.125228,0.049306,0.032771
0.6,0.5,0.1,0.5,antifragile,0.879351,1.210526,0.138825,-0.05934
0.6,0.5,0.1,0.6,antifragile,1.012452,1.348815,0.076265,-0.046395
0.6,0.5,0.1,0.7,antifragile,0.966933,1.408258,-0.045593,-0.224428
0.6,0.5,0.1,0.8,antifragile,1.14513,1.462827,-0.134979,-0.310131
0.6,0.5,0.1,0.9,antifragile,1.321701,1.560315,-0.136425,-0.434904
0.6,0.5,0.1,1.0,antifragile,1.335282,1.668193,-0.142839,-0.422133
0.6,0.5,0.2,0.0,antifragile,0.135395,0.693481,0.383907,0.431058
0.6,0.5,0.2,0.1,antifragile,0.368351,0.768052,0.320567,0.394097
0.6,0.5,0.2,0.2,antifragile,0.437937,0.965452,0.238929,0.369825
0.6,0.5,0.2,0.3,antifragile,0.538732,0.940699,0.197721,0.224595
0.6,0.5,0.2,0.4,antifragile,0.56441,1.097952,0.197899,0.19062
0.6,0.5,0.2,0.5,antifragile,0.816489,1.217696,0.094849,0.04549
0.6,0.5,0.2,0.6,antifragile,0.896938,1.284485,0.084109,-0.063736
0.6,0.5,0.2,0.7,antifragile,0.938464,1.38914,-0.052542,-0.221998
0.6,0.5,0.2,0.8,antifragile,1.109669,1.428326,0.028427,-0.111166
0.6,0.5,0.2,0.9,antifragile,1.134347,1.46652,-0.04882,-0.30924
0.6,0.5,0.2,1.0,antifragile,1.293732,1.671902,-0.058665,-0.357687
0.6,0.5,0.3,0.0,antifragile,0.157908,0.693535,0.40093,0.646762
0.6,0.5,0.3,0.1,antifragile,0.137719,0.808187,0.37111,0.469966
0.6,0.5,0.3,0.2,antifragile,0.304168,0.901877,0.291617,0.46553
0.6,0.5,0.3,0.3,antifragile,0.478939,0.946222,0.24677,0.356805
0.6,0.5,0.3,0.4,antifragile,0.47453,1.015567,0.194639,0.272655
0.6,0.5,0.3,0.5,antifragile,0.591534,1.139171,0.266644,0.249783
0.6,0.5,0.3,0.6,antifragile,0.702728,1.196695,0.212638,0.140202
0.6,0.5,0.3,0.7,antifragile,0.84424,1.300677,0.134113,-0.071665
0.6,0.5,0.3,0.8,antifragile,1.011267,1.474154,0.070544,-0.135961
0.6,0.5,0.3,0.9,antifragile,1.165631,1.525971,0.085448,-0.216057
0.6,0.5,0.3,1.0,antifragile,1.139126,1.630706,0.061378,-0.291462
0.6,0.5,0.4,0.0,unification,0.00991,0.545639,0.459922,0.727149
0.6,0.5,0.4,0.1,unification,0.14944,0.614711,0.52102,0.646473
0.6,0.5,0.4,0.2,antifragile,0.299719,0.849935,0.457615,0.671015
0.6,0.5,0.4,0.3,antifragile,0.305919,0.916772,0.325465,0.47989
0.6,0.5,0.4,0.4,antifragile,0.491005,1.061367,0.315887,0.339761
0.6,0.5,0.4,0.5,antifragile,0.568665,1.057392,0.266106,0.348587
0.6,0.5,0.4,0.6,antifragile,0.699281,1.23671,0.238139,0.280449
0.6,0.5,0.4,0.7,antifragile,0.785717,1.275792,0.16006,0.040503
0.6,0.5,0.4,0.8,antifragile,0.816804,1.395773,0.129624,-0.022263
0.6,0.5,0.4,0.9,antifragile,0.984031,1.493989,0.155753,-0.026444
0.6,0.5,0.4,1.0,antifragile,1.111957,1.54808,0.126695,-0.118841
0.6,0.5,0.5,0.0,unification,-0.078817,0.641892,0.619595,0.855757
0.6,0.5,0.5,0.1,unification,0.018647,0.668258,0.438937,0.834845
0.6,0.5,0.5,0.2,antifragile,0.11076,0.822731,0.502079,0.764583
0.6,0.5,0.5,0.3,antifragile,0.281474,0.920606,0.430396,0.54573
0.6,0.5,0.5,0.4,antifragile,0.372376,0.874141,0.396602,0.465528
0.6,0.5,0.5,0.5,antifragile,0.433017,1.094785,0.406498,0.431902
0.6,0.5,0.5,0.6,antifragile,0.601,1.132966,0.461333,0.370042
0.6,0.5,0.5,0.7,antifragile,0.665484,1.298768,0.362009,0.231289
0.6,0.5,0.5,0.8,antifragile,0.734072,1.288977,0.226502,0.182287
0.6,0.5,0.5,0.9,antifragile,0.833543,1.424088,0.209603,0.116243
0.6,0.5,0.5,1.0,antifragile,1.055589,1.560077,0.269609,0.069706
0.6,0.5,0.6,0.0,unification,-0.153902,0.506476,0.631225,0.918567
0.6,0.5,0.6,0.1,unification,-0.047333,0.666568,0.669646,0.918366
0.6,0.5,0.6,0.2,antifragile,0.107699,0.798725,0.533595,0.794097
0.6,0.5,0.6,0.3,antifragile,0.164448,0.804696,0.532834,0.750063
0.6,0.5,0.6,0.4,antifragile,0.268846,0.935015,0.457868,0.675322
0.6,0.5,0.6,0.5,antifragile,0.406663,0.991875,0.400339,0.626512
0.6,0.5,0.6,0.6,antifragile,0.582409,1.136735,0.406916,0.532314
0.6,0.5,0.6,0.7,antifragile,0.628518,1.209465,0.433404,0.354518
0.6,0.5,0.6,0.8,antifragile,0.68046,1.333182,0.350712,0.341864
0.6,0.5,0.6,0.9,antifragile,0.884667,1.332378,0.306948,0.320054
0.6,0.5,0.6,1.0,antifragile,0.905172,1.469263,0.152951,0.145087
0.6,0.5,0.7,0.0,unification,-0.22597,0.548928,0.698147,1.114564
0.6,0.5,0.7,0.1,unification,-0.133923,0.617605,0.65526,1.033865
0.6,0.5,0.7,0.2,unification,-0.075728,0.616405,0.704065,0.952002
0.6,0.5,0.7,0.3,unification,0.104595,0.778277,0.661327,0.911106
0.6,0.5,0.7,0.4,antifragile,0.272699,0.940693,0.609239,0.706006
0.6,0.5,0.7,0.5,antifragile,0.289674,0.923867,0.509056,0.787753
0.6,0.5,0.7,0.6,antifragile,0.353848,0.97287,0.550658,0.571347
0.6,0.5,0.7,0.7,antifragile,0.5534,1.126493,0.448704,0.579794
0.6,0.5,0.7,0.8,antifragile,0.558899,1.271537,0.444565,0.399038
0.6,0.5,0.7,0.9,antifragile,0.747099,1.375782,0.416727,0.44211
0.6,0.5,0.7,1.0,antifragile,0.978761,1.493166,0.34448,0.287046
0.6,0.5,0.8,0.0,unification,-0.356612,0.405631,0.83267,1.294106
0.6,0.5,0.8,0.1,unification,-0.308237,0.530771,0.765902,1.173617
0.6,0.5,0.8,0.2,unification,-0.00615,0.634534,0.759561,1.070289
0.6,0.5,0.8,0.3,unification,-0.030062,0.767615,0.691763,1.122149
0.6,0.5,0.8,0.4,unification,0.132484,0.842193,0.734179,0.912835
0.6,0.5,0.8,0.5,antifragile,0.207897,0.950899,0.622498,0.754001
0.6,0.5,0.8,0.6,antifragile,0.231317,1.073537,0.585396,0.773872
0.6,0.5,0.8,0.7,antifragile,0.380505,1.095103,0.593809,0.630233
0.6,0.5,0.8,0.8,antifragile,0.577787,1.246673,0.608876,0.597787
0.6,0.5,0.8,0.9,antifragile,0.665487,1.379996,0.461355,0.392854
0.6,0.5,0.8,1.0,antifragile,0.773046,1.532079,0.320478,0.413457
0.6,0.5,0.9,0.0,unification,-0.511759,0.448835,0.923973,1.402343
0.6,0.5,0.9,0.1,unification,-0.314492,0.613676,0.93832,1.270166
0.6,0.5,0.9,0.2,unification,-0.16028,0.624361,0.815757,1.134781
0.6,0.5,0.9,0.3,unification,-0.039402,0.719999,0.678925,1.137103
0.6,0.5,0.9,0.4,unification,-0.016701,0.815069,0.748299,1.008172
0.6,0.5,0.9,0.5,antifragile,0.251388,1.008135,0.754959,0.952066
0.6,0.5,0.9,0.6,antifragile,0.281438,1.032183,0.720793,0.882911
0.6,0.5,0.9,0.7,antifragile,0.341417,1.162016,0.618991,0.772923
0.6,0.5,0.9,0.8,antifragile,0.396028,1.166801,0.473542,0.707828
0.6,0.5,0.9,0.9,antifragile,0.591576,1.359271,0.504879,0.621995
0.6,0.5,0.9,1.0,antifragile,0.664964,1.436879,0.487429,0.498185
0.6,0.5,1.0,0.0,unification,-0.602675,0.379154,1.005155,1.498706
0.6,0.5,1.0,0.1,unification,-0.499294,0.484427,0.973016,1.475402
0.6,0.5,1.0,0.2,unification,-0.347251,0.629503,0.896922,1.297711
0.6,0.5,1.0,0.3,unification,-0.238879,0.647783,0.86126,1.287401
0.6,0.5,1.0,0.4,unification,-0.122748,0.749463,0.855456,1.150261
0.6,0.5,1.0,0.5,unification,0.021588,0.902699,0.754521,1.020055
0.6,0.5,1.0,0.6,unification,0.184313,0.977703,0.794822,1.041202
0.6,0.5,1.0,0.7,antifragile,0.287287,1.011511,0.719175,0.947042
0.6,0.5,1.0,0.8,antifragile,0.381137,1.184197,0.603022,0.779174
0.6,0.5,1.0,0.9,antifragile,0.468466,1.198705,0.684682,0.71912
0.6,0.5,1.0,1.0,antifragile,0.476017,1.336669,0.590684,0.633506
0.6,0.6,0.0,0.0,antifragile,0.370981,0.838923,0.201727,0.285525
0.6,0.6,0.0,0.1,antifragile,0.396659,0.911311,0.279619,0.361495
0.6,0.6,0.0,0.2,antifragile,0.609211,0.977882,0.236728,0.211281
0.6,0.6,0.0,0.3,antifragile,0.575461,1.000605,0.157205,0.030242
0.6,0.6,0.0,0.4,antifragile,0.697427,1.155758,0.120938,0.084031
0.6,0.6,0.0,0.5,antifragile,0.850637,1.258056,-0.033423,-0.042081
0.6,0.6,0.0,0.6,antifragile,0.961428,1.352516,0.088305,-0.20954
0.6,0.6,0.0,0.7,antifragile,1.035756,1.462749,-0.038109,-0.207462
0.6,0.6,0.0,0.8,antifragile,1.203196,1.622549,-0.024884,-0.325769
0.6,0.6,0.0,0.9,antifragile,1.273009,1.687764,-0.099515,-0.402639
0.6,0.6,0.0,1.0,antifragile,1.425484,1.766928,-0.11457,-0.529546
0.6,0.6,0.1,0.0,antifragile,0.277485,0.719666,0.37696,0.460708
0.6,0.6,0.1,0.1,antifragile,0.374117,0.914187,0.314898,0.477736
0.6,0.6,0.1,0.2,antifragile,0.42063,1.009085,0.238688,0.335249
0.6,0.6,0.1,0.3,antifragile,0.493377,1.060974,0.232429,0.273928
0.6,0.6,0.1,0.4,antifragile,0.616463,1.308668,0.125896,0.156647
0.6,0.6,0.1,0.5,antifragile,0.77439,1.276905,0.12923,0.072089
0.6,0.6,0.1,0.6,antifragile,0.841778,1.438657,0.083245,-0.032401
0.6,0.6,0.1,0.7,antifragile,0.946833,1.399987,0.004946,-0.076397
0.6,0.6,0.1,0.8,antifragile,1.056359,1.495142,-0.013158,-0.179781
0.6,0.6,0.1,0.9,antifragile,1.201084,1.631313,-0.043068,-0.258238
0.6,0.6,0.1,1.0,antifragile,1.276883,1.728509,-0.051987,-0.449424
0.6,0.6,0.2,0.0,antifragile,0.221439,0.768739,0.44901,0.626902
0.6,0.6,0.2,0.1,antifragile,0.332617,0.891843,0.417438,0.489585
0.6,0.6,0.2,0.2,antifragile,0.312473,0.839837,0.341586,0.473092
0.6,0.6,0.2,0.3,antifragile,0.481681,1.055807,0.294232,0.382552
0.6,0.6,0.2,0.4,antifragile,0.601209,1.008652,0.295221,0.374053
0.6,0.6,0.2,0.5,antifragile,0.655427,1.088909,0.199367,0.094273
0.6,0.6,0.2,0.6,antifragile,0.748282,1.248797,0.246543,0.138926
0.6,0.6,0.2,0.7,antifragile,0.907149,1.466312,0.131731,0.018678
0.6,0.6,0.2,0.8,antifragile,1.109721,1.529264,0.14914,-0.108377
0.6,0.6,0.2,0.9,antifragile,1.089171,1.544852,0.164046,-0.232911
0.6,0.6,0.2,1.0,antifragile,1.265707,1.719056,-0.040168,-0.18288
0.6,0.6,0.3,0.0,unification,0.017065,0.638956,0.543224,0.693876
0.6,0.6,0.3,0.1,antifragile,0.129753,0.774712,0.441044,0.59058
0.6,0.6,0.3,0.2,antifragile,0.289842,0.911244,0.458033,0.546789
0.6,0.6,0.3,0.3,antifragile,0.362565,0.953197,0.367335,0.565512
0.6,0.6,0.3,0.4,antifragile,0.514227,1.056927,0.290192,0.309946
0.6,0.6,0.3,0.5,antifragile,0.548291,1.185385,0.330918,0.317416
0.6,0.6,0.3,0.6,antifragile,0.706711,1.223082,0.360388,0.215131
0.6,0.6,0.3,0.7,antifragile,0.814742,1.33719,0.260574,0.243849
0.6,0.6,0.3,0.8,antifragile,0.860533,1.40922,0.161773,0.038342
0.6,0.6,0.3,0.9,antifragile,0.99393,1.507967,0.162517,0.048057
0.6,0.6,0.3,1.0,antifragile,1.122509,1.650178,0.142147,-0.082617
0.6,0.6,0.4,0.0,unification,0.008661,0.682002,0.609867,0.810423
0.6,0.6,0.4,0.1,unification,0.086998,0.722774,0.526225,0.784657
0.6,0.6,0.4,0.2,antifragile,0.237076,0.896323,0.528123,0.640921
0.6,0.6,0.4,0.3,antifragile,0.346106,0.952171,0.47549,0.632758
0.6,0.6,0.4,0.4,antifragile,0.357597,1.01235,0.417145,0.487012
0.6,0.6,0.4,0.5,antifragile,0.433632,1.083054,0.458601,0.468442
0.6,0.6,0.4,0.6,antifragile,0.55886,1.28442,0.385466,0.33381
0.6,0.6,0.4,0.7,antifragile,0.648708,1.352072,0.423269,0.265729
0.6,0.6,0.4,0.8,antifragile,0.869933,1.419414,0.336092,0.172489
0.6,0.6,0.4,0.9,antifragile,0.809734,1.488913,0.256613,0.149131
0.6,0.6,0.4,1.0,antifragile,1.032325,1.621491,0.180637,0.088046
0.6,0.6,0.5,0.0,unification,-0.074966,0.601188,0.619179,0.89464
0.6,0.6,0.5,0.1,unification,-0.00983,0.736761,0.61591,0.913592
0.6,0.6,0.5,0.2,antifragile,0.008484,0.864746,0.595885,0.760927
0.6,0.6,0.5,0.3,antifragile,0.161649,0.899926,0.593253,0.7883
0.6,0.6,0.5,0.4,antifragile,0.345707,1.022982,0.52564,0.616568
0.6,0.6,0.5,0.5,antifragile,0.311599,1.109039,0.452449,0.620917
0.6,0.6,0.5,0.6,antifragile,0.499964,1.242354,0.430874,0.441226
0.6,0.6,0.5,0.7,antifragile,0.65024,1.313882,0.43111,0.385311
0.6,0.6,0.5,0.8,antifragile,0.76947,1.427239,0.266159,0.292127
0.6,0.6,0.5,0.9,antifragile,0.890737,1.439023,0.25038,0.213061
0.6,0.6,0.5,1.0,antifragile,0.976037,1.561976,0.359647,0.227181
0.6,0.6,0.6,0.0,unification,-0.336254,0.5808,0.665908,1.14305
0.6,0.6,0.6,0.1,unification,-0.163993,0.67121,0.797405,0.95858
0.6,0.6,0.6,0.2,unification,-0.098978,0.676126,0.763526,0.991911
0.6,0.6,0.6,0.3,unification,0.075306,0.821238,0.701705,0.992734
0.6,0.6,0.6,0.4,antifragile,0.188216,0.919855,0.682085,0.713376
0.6,0.6,0.6,0.5,antifragile,0.291666,0.943065,0.564836,0.621086
0.6,0.6,0.6,0.6,antifragile,0.482942,1.121193,0.57899,0.594753
0.6,0.6,0.6,0.7,antifragile,0.536268,1.291111,0.497327,0.48261
0.6,0.6,0.6,0.8,antifragile,0.599399,1.385449,0.364913,0.513908
0.6,0.6,0.6,0.9,antifragile,0.756591,1.43813,0.433304,0.315285
0.6,0.6,0.6,1.0,antifragile,0.851098,1.493414,0.398754,0.256077
0.6,0.6,0.7,0.0,unification,-0.320627,0.639157,0.82479,1.228556
0.6,0.6,0.7,0.1,unification,-0.302571,0.687502,0.824126,1.150867
0.6,0.6,0.7,0.2,unification,-0.117868,0.726091,0.909801,1.066911
0.6,0.6,0.7,0.3,unification,0.014826,0.793029,0.789255,0.973827
0.6,0.6,0.7,0.4,antifragile,0.132291,0.990117,0.699805,0.86115
0.6,0.6,0.7,0.5,antifragile,0.103613,1.020641,0.63088,0.752847
0.6,0.6,0.7,0.6,antifragile,0.402654,1.184138,0.533508,0.732686
0.6,0.6,0.7,0.7,antifragile,0.399138,1.24834,0.545018,0.61305
0.6,0.6,0.7,0.8,antifragile,0.598152,1.365967,0.620474,0.544148
0.6,0.6,0.7,0.9,antifragile,0.587217,1.466065,0.551354,0.501414
0.6,0.6,0.7,1.0,antifragile,0.732812,1.46146,0.491798,0.340692
0.6,0.6,0.8,0.0,unification,-0.435399,0.675326,1.056447,1.399635
0.6,0.6,0.8,0.1,unification,-0.343113,0.588884,0.94579,1.34985
0.6,0.6,0.8,0.2,unification,-0.225582,0.69716,0.874386,1.120552
0.6,0.6,0.8,0.3,unification,-0.15792,0.7562,0.857303,1.1186
0.6,0.6,0.8,0.4,unification,0.076848,0.82314,0.714154,1.042786
0.6,0.6,0.8,0.5,antifragile,0.086399,0.965028,0.800638,0.907353
0.6,0.6,0.8,0.6,antifragile,0.218204,1.087495,0.700529,0.884247
0.6,0.6,0.8,0.7,antifragile,0.2895,1.185594,0.728119,0.871638
0.6,0.6,0.8,0.8,antifragile,0.392168,1.30655,0.620494,0.67506
0.6,0.6,0.8,0.9,antifragile,0.530521,1.42279,0.625225,0.721144
0.6,0.6,0.8,1.0,antifragile,0.613946,1.392605,0.652737,0.507405
0.6,0.6,0.9,0.0,unification,-0.53284,0.504412,0.965257,1.503793
0.6,0.6,0.9,0.1,unification,-0.404013,0.643689,1.037851,1.447017
0.6,0.6,0.9,0.2,unification,-0.280458,0.765217,0.983813,1.288344
0.6,0.6,0.9,0.3,unification,-0.220461,0.745173,0.944442,1.163419
0.6,0.6,0.9,0.4,unification,-0.062245,0.833356,0.812344,1.090417
0.6,0.6,0.9,0.5,antifragile,0.03881,1.008189,0.801203,0.956201
0.6,0.6,0.9,0.6,antifragile,0.307717,1.12089,0.841614,1.056394
0.6,0.6,0.9,0.7,antifragile,0.264618,1.15325,0.82279,0.957452
0.6,0.6,0.9,0.8,antifragile,0.400759,1.299125,0.653061,0.792127
0.6,0.6,0.9,0.9,antifragile,0.565191,1.390217,0.601899,0.693445
0.6,0.6,0.9,1.0,antifragile,0.667048,1.467761,0.644094,0.645598
0.6,0.6,1.0,0.0,unification,-0.604178,0.433788,1.078321,1.660516
0.6,0.6,1.0,0.1,unification,-0.478123,0.590353,1.107334,1.595436
0.6,0.6,1.0,0.2,unification,-0.357268,0.69118,1.048364,1.392628
0.6,0.6,1.0,0.3,unification,-0.281281,0.774496,1.033884,1.427551
0.6,0.6,1.0,0.4,unification,-0.182996,0.8513,0.953542,1.351216
0.6,0.6,1.0,0.5,unification,-0.031178,0.95478,0.918217,1.173747
0.6,0.6,1.0,0.6,unification,-0.012433,0.96694,0.888942,1.102707
0.6,0.6,1.0,0.7,antifragile,0.179221,1.172069,0.844647,0.997584
0.6,0.6,1.0,0.8,antifragile,0.269501,1.232195,0.781,0.98322
0.6,0.6,1.0,0.9,antifragile,0.389436,1.327583,0.719172,0.898244
0.6,0.6,1.0,1.0,antifragile,0.571948,1.341843,0.740044,0.754604
0.6,0.7,0.0,0.0,antifragile,0.239202,0.877605,0.273252,0.517974
0.6,0.7,0.0,0.1,antifragile,0.39062,1.01124,0.297769,0.393451
0.6,0.7,0.0,0.2,antifragile,0.418054,0.949238,0.273973,0.255795
0.6,0.7,0.0,0.3,antifragile,0.571726,1.058428,0.216023,0.199027
0.6,0.7,0.0,0.4,antifragile,0.703508,1.373889,0.240154,0.088394
0.6,0.7,0.0,0.5,antifragile,0.741045,1.362903,0.1177,0.109836
0.6,0.7,0.0,0.6,antifragile,0.89867,1.418746,0.060756,0.016019
0.6,0.7,0.0,0.7,antifragile,0.956919,1.527685,0.097142,-0.19419
0.6,0.7,0.0,0.8,antifragile,1.093466,1.554486,0.032399,-0.178361
0.6,0.7,0.0,0.9,antifragile,1.250123,1.709088,-0.019197,-0.317371
0.6,0.7,0.0,1.0,antifragile,1.291761,1.698147,-0.011337,-0.453304
0.6,0.7,0.1,0.0,antifragile,0.13881,0.747028,0.409687,0.638431
0.6,0.7,0.1,0.1,antifragile,0.246228,0.820758,0.40206,0.533097
0.6,0.7,0.1,0.2,antifragile,0.324035,0.992842,0.402204,0.437235
0.6,0.7,0.1,0.3,antifragile,0.415387,1.106115,0.335633,0.436206
0.6,0.7,0.1,0.4,antifragile,0.569846,1.206749,0.322989,0.248885
0.6,0.7,0.1,0.5,antifragile,0.649004,1.317988,0.293397,0.284129
0.6,0.7,0.1,0.6,antifragile,0.832121,1.427964,0.265887,0.060484
0.6,0.7,0.1,0.7,antifragile,0.842101,1.43482,0.224399,0.081081
0.6,0.7,0.1,0.8,antifragile,1.0517,1.571653,0.233834,-0.097183
0.6,0.7,0.1,0.9,antifragile,1.067592,1.68765,0.174593,-0.20219
0.6,0.7,0.1,1.0,antifragile,1.14976,1.771885,0.108572,-0.393228
0.6,0.7,0.2,0.0,antifragile,0.093868,0.71666,0.591241,0.630165
0.6,0.7,0.2,0.1,antifragile,0.081257,0.910936,0.575788,0.644543
0.6,0.7,0.2,0.2,antifragile,0.384767,0.92387,0.423232,0.544889
0.6,0.7,0.2,0.3,antifragile,0.35751,1.084174,0.397857,0.503376
0.6,0.7,0.2,0.4,antifragile,0.51218,1.245669,0.370478,0.406849
0.6,0.7,0.2,0.5,antifragile,0.625292,1.259639,0.344417,0.201812
0.6,0.7,0.2,0.6,antifragile,0.70917,1.384775,0.312109,0.180886
0.6,0.7,0.2,0.7,antifragile,0.731039,1.472653,0.276657,0.204498
0.6,0.7,0.2,0.8,antifragile,0.85253,1.521485,0.168935,0.101266
0.6,0.7,0.2,0.9,antifragile,1.096952,1.736129,0.221071,0.004463
0.6,0.7,0.2,1.0,antifragile,1.166804,1.763655,0.157454,-0.089059
0.6,0.7,0.3,0.0,unification,0.062,0.760934,0.6412,0.864904
0.6,0.7,0.3,0.1,antifragile,0.057545,0.857321,0.59085,0.827199
0.6,0.7,0.3,0.2,antifragile,0.227203,1.048297,0.558823,0.699432
0.6,0.7,0.3,0.3,antifragile,0.297349,1.04498,0.5765,0.518751
0.6,0.7,0.3,0.4,antifragile,0.418035,1.229788,0.548147,0.577428
0.6,0.7,0.3,0.5,antifragile,0.547103,1.195211,0.402508,0.392899
0.6,0.7,0.3,0.6,antifragile,0.558077,1.36733,0.473418,0.366721
0.6,0.7,0.3,0.7,antifragile,0.765239,1.429673,0.388438,0.154148
0.6,0.7,0.3,0.8,antifragile,0.850734,1.488723,0.317992,0.186288
0.6,0.7,0.3,0.9,antifragile,0.90922,1.55122,0.242702,0.017583
0.6,0.7,0.3,1.0,antifragile,0.99724,1.649105,0.168246,0.031439
0.6,0.7,0.4,0.0,unification,-0.180025,0.621841,0.704937,0.924339
0.6,0.7,0.4,0.1,unification,0.047954,0.816646,0.611476,0.923435
0.6,0.7,0.4,0.2,antifragile,0.089249,0.89307,0.723731,0.761224
0.6,0.7,0.4,0.3,antifragile,0.246757,0.979524,0.604082,0.687509
0.6,0.7,0.4,0.4,antifragile,0.270696,1.073198,0.469962,0.657332
0.6,0.7,0.4,0.5,antifragile,0.420745,1.115115,0.557998,0.627853
0.6,0.7,0.4,0.6,antifragile,0.491774,1.245761,0.540671,0.490163
0.6,0.7,0.4,0.7,antifragile,0.628204,1.420728,0.458706,0.456425
0.6,0.7,0.4,0.8,antifragile,0.744162,1.496324,0.459903,0.177609
0.6,0.7,0.4,0.9,antifragile,0.911712,1.544745,0.389997,0.298206
0.6,0.7,0.4,1.0,antifragile,0.949705,1.642224,0.322263,0.057385
0.6,0.7,0.5,0.0,unification,-0.115044,0.677874,0.89228,1.08834
0.6,0.7,0.5,0.1,unification,-0.1133,0.822213,0.714889,1.014872
0.6,0.7,0.5,0.2,unification,0.04034,0.859348,0.705846,0.990761
0.6,0.7,0.5,0.3,antifragile,0.175056,1.043007,0.65625,0.821034
0.6,0.7,0.5,0.4,antifragile,0.191421,1.095926,0.59016,0.707983
0.6,0.7,0.5,0.5,antifragile,0.289283,1.108089,0.654218,0.720849
0.6,0.7,0.5,0.6,antifragile,0.410916,1.240307,0.443013,0.572129
0.6,0.7,0.5,0.7,antifragile,0.607198,1.319409,0.475374,0.578811
0.6,0.7,0.5,0.8,antifragile,0.599276,1.517303,0.634396,0.419531
0.6,0.7,0.5,0.9,antifragile,0.827189,1.451553,0.364353,0.300164
0.6,0.7,0.5,1.0,antifragile,0.916121,1.630087,0.40068,0.190458
0.6,0.7,0.6,0.0,unification,-0.321367,0.612819,0.848875,1.179632
0.6,0.7,0.6,0.1,unification,-0.195403,0.703984,0.854674,1.056549
0.6,0.7,0.6,0.2,unification,-0.069843,0.847036,0.803432,1.068076
0.6,0.7,0.6,0.3,unification,0.061708,0.857559,0.778335,0.909743
0.6,0.7,0.6,0.4,antifragile,0.12938,1.012057,0.733754,0.932421
0.6,0.7,0.6,0.5,antifragile,0.275925,1.174335,0.675181,0.840159
0.6,0.7,0.6,0.6,antifragile,0.370332,1.19644,0.66086,0.713391
0.6,0.7,0.6,0.7,antifragile,0.524744,1.350511,0.598207,0.614728
0.6,0.7,0.6,0.8,antifragile,0.612881,1.471998,0.590777,0.582929
0.6,0.7,0.6,0.9,antifragile,0.740157,1.491261,0.539174,0.489336
0.6,0.7,0.6,1.0,antifragile,0.76355,1.679952,0.4731,0.383064
0.6,0.7,0.7,0.0,unification,-0.309181,0.516911,0.990798,1.321972
0.6,0.7,0.7,0.1,unification,-0.294992,0.644706,0.921456,1.271239
0.6,0.7,0.7,0.2,unification,-0.173084,0.844782,0.783808,1.178707
0.6,0.7,0.7,0.3,unification,-0.083735,0.891786,0.861614,1.058494
0.6,0.7,0.7,0.4,unification,-0.04235,1.000855,0.770287,1.035137
0.6,0.7,0.7,0.5,antifragile,0.09814,1.119636,0.777277,0.930748
0.6,0.7,0.7,0.6,antifragile,0.242683,1.159666,0.728351,0.904083
0.6,0.7,0.7,0.7,antifragile,0.288281,1.242593,0.752833,0.800989
0.6,0.7,0.7,0.8,antifragile,0.542177,1.367038,0.594085,0.619608
0.6,0.7,0.7,0.9,antifragile,0.570064,1.503035,0.607266,0.573416
0.6,0.7,0.7,1.0,antifragile,0.714847,1.561386,0.557971,0.454924
0.6,0.7,0.8,0.0,unification,-0.447652,0.627391,1.012116,1.45987
0.6,0.7,0.8,0.1,unification,-0.351651,0.613117,1.043259,1.378675
0.6,0.7,0.8,0.2,unification,-0.335838,0.853867,0.967928,1.336215
0.6,0.7,0.8,0.3,unification,-0.221059,0.937617,1.042369,1.149891
0.6,0.7,0.8,0.4,unification,-0.063228,1.021394,0.881578,1.160465
0.6,0.7,0.8,0.5,unification,-0.029017,1.010585,0.880252,1.025527
0.6,0.7,0.8,0.6,antifragile,0.146973,1.069221,0.857703,0.903021
0.6,0.7,0.8,0.7,antifragile,0.352035,1.205865,0.825035,0.92011
0.6,0.7,0.8,0.8,antifragile,0.335746,1.306212,0.722128,0.780517
0.6,0.7,0.8,0.9,antifragile,0.430117,1.456693,0.670563,0.709291
0.6,0.7,0.8,1.0,antifragile,0.655318,1.55359,0.633935,0.682047
0.6,0.7,0.9,0.0,unification,-0.551723,0.504708,1.124298,1.655025
0.6,0.7,0.9,0.1,unification,-0.436066,0.559872,1.05972,1.554769
0.6,0.7,0.9,0.2,unification,-0.423719,0.770247,1.166789,1.453664
0.6,0.7,0.9,0.3,unification,-0.301149,0.833825,1.081731,1.354946
0.6,0.7,0.9,0.4,unification,-0.120808,0.880029,0.953816,1.310303
0.6,0.7,0.9,0.5,unification,-0.070603,0.88569,0.934683,1.19571
0.6,0.7,0.9,0.6,antifragile,0.127926,1.192289,0.914235,1.127931
0.6,0.7,0.9,0.7,antifragile,0.191031,1.222704,0.860657,1.029322
0.6,0.7,0.9,0.8,antifragile,0.258504,1.399004,0.710439,0.953544
0.6,0.7,0.9,0.9,antifragile,0.420977,1.413564,0.730859,0.756093
0.6,0.7,0.9,1.0,antifragile,0.545289,1.55705,0.761011,0.795263
0.6,0.7,1.0,0.0,unification,-0.697907,0.521579,1.296283,1.714323
0.6,0.7,1.0,0.1,unification,-0.505714,0.518271,1.16435,1.672296
0.6,0.7,1.0,0.2,unification,-0.359859,0.695714,1.103304,1.654004
0.6,0.7,1.0,0.3,unification,-0.351307,0.823239,1.098279,1.482114
0.6,0.7,1.0,0.4,unification,-0.263106,0.997882,1.134562,1.478406
0.6,0.7,1.0,0.5,unification,-0.164423,0.888749,1.020352,1.430824
0.6,0.7,1.0,0.6,unification,-0.031094,1.127589,0.943758,1.17855
0.6,0.7,1.0,0.7,antifragile,0.09101,1.275485,1.010012,1.032341
0.6,0.7,1.0,0.8,antifragile,0.238337,1.207563,0.880922,1.07552
0.6,0.7,1.0,0.9,antifragile,0.384922,1.427463,0.891578,0.982281
0.6,0.7,1.0,1.0,antifragile,0.492311,1.376223,0.926368,0.843201
0.6,0.8,0.0,0.0,antifragile,0.163031,0.875187,0.4422,0.62308
0.6,0.8,0.0,0.1,antifragile,0.271827,0.98973,0.452367,0.591297
0.6,0.8,0.0,0.2,antifragile,0.47964,1.152645,0.43387,0.348137
0.6,0.8,0.0,0.3,antifragile,0.511358,1.21857,0.418567,0.287951
0.6,0.8,0.0,0.4,antifragile,0.632503,1.358079,0.290869,0.294233
0.6,0.8,0.0,0.5,antifragile,0.659411,1.369787,0.252565,0.157464
0.6,0.8,0.0,0.6,antifragile,0.792852,1.490614,0.304518,0.150809
0.6,0.8,0.0,0.7,antifragile,0.887402,1.582993,0.165092,-0.000534
0.6,0.8,0.0,0.8,antifragile,1.032137,1.613873,0.207955,-0.087788
0.6,0.8,0.0,0.9,antifragile,1.147718,1.816225,0.118616,-0.12249
0.6,0.8,0.0,1.0,antifragile,1.322144,1.91908,0.090593,-0.298633
0.6,0.8,0.1,0.0,antifragile,0.024503,0.785666,0.619301,0.762404
0.6,0.8,0.1,0.1,antifragile,0.17587,0.891193,0.526736,0.709013
0.6,0.8,0.1,0.2,antifragile,0.310483,1.094152,0.670403,0.571404
0.6,0.8,0.1,0.3,antifragile,0.282067,1.094945,0.480278,0.470937
0.6,0.8,0.1,0.4,antifragile,0.491401,1.237278,0.385778,0.403691
0.6,0.8,0.1,0.5,antifragile,0.679718,1.426617,0.470199,0.252202
0.6,0.8,0.1,0.6,antifragile,0.718991,1.419308,0.374599,0.210865
0.6,0.8,0.1,0.7,antifragile,0.818719,1.602729,0.309919,0.136209
0.6,0.8,0.1,0.8,antifragile,0.960662,1.65881,0.299098,0.122607
0.6,0.8,0.1,0.9,antifragile,0.985719,1.736223,0.219881,-0.055044
0.6,0.8,0.1,1.0,antifragile,1.197889,1.879827,0.155412,-0.040653
0.6,0.8,0.2,0.0,antifragile,-0.101582,0.859513,0.625466,0.817911
0.6,0.8,0.2,0.1,antifragile,0.083004,0.905059,0.486836,0.795573
0.6,0.8,0.2,0.2,antifragile,0.228988,1.011947,0.578018,0.661355
0.6,0.8,0.2,0.3,antifragile,0.214427,1.024136,0.590182,0.648235
0.6,0.8,0.2,0.4,antifragile,0.439841,1.228963,0.549136,0.545806
0.6,0.8,0.2,0.5,antifragile,0.480742,1.316123,0.455196,0.410857
0.6,0.8,0.2,0.6,antifragile,0.68701,1.478733,0.312683,0.327246
0.6,0.8,0.2,0.7,antifragile,0.724628,1.553074,0.317481,0.105521
0.6,0.8,0.2,0.8,antifragile,0.891047,1.638147,0.2608,0.16378
0.6,0.8,0.2,0.9,antifragile,1.036509,1.631098,0.315053,0.110398
0.6,0.8,0.2,1.0,antifragile,0.998618,1.751808,0.185458,-0.008227
0.6,0.8,0.3,0.0,unification,-0.15955,0.805384,0.786741,1.044431
0.6,0.8,0.3,0.1,antifragile,0.106614,0.900385,0.699171,0.871267
0.6,0.8,0.3,0.2,antifragile,0.051757,1.007408,0.650256,0.830903
0.6,0.8,0.3,0.3,antifragile,0.163349,1.056696,0.656618,0.713755
0.6,0.8,0.3,0.4,antifragile,0.223984,1.17424,0.554911,0.694071
0.6,0.8,0.3,0.5,antifragile,0.478556,1.155853,0.595075,0.569465
0.6,0.8,0.3,0.6,antifragile,0.465798,1.408916,0.451006,0.522269
0.6,0.8,0.3,0.7,antifragile,0.617691,1.384098,0.581037,0.302684
0.6,0.8,0.3,0.8,antifragile,0.719699,1.524504,0.412217,0.329939
0.6,0.8,0.3,0.9,antifragile,0.872896,1.700215,0.413596,0.12635
0.6,0.8,0.3,1.0,antifragile,1.007493,1.75669,0.323769,0.228686
0.6,0.8,0.4,0.0,unification,-0.179583,0.807086,0.888829,1.078997
0.6,0.8,0.4,0.1,unification,-0.068331,0.870801,0.772149,0.953921
0.6,0.8,0.4,0.2,antifragile,0.011212,0.979346,0.760812,0.920884
0.6,0.8,0.4,0.3,antifragile,0.121368,1.030651,0.797466,0.858512
0.6,0.8,0.4,0.4,antifragile,0.205677,1.049599,0.67014,0.731159
0.6,0.8,0.4,0.5,antifragile,0.309302,1.282131,0.643987,0.590878
0.6,0.8,0.4,0.6,antifragile,0.480942,1.250898,0.634666,0.566246
0.6,0.8,0.4,0.7,antifragile,0.564345,1.423755,0.552594,0.515476
0.6,0.8,0.4,0.8,antifragile,0.674094,1.613486,0.531197,0.432359
0.6,0.8,0.4,0.9,antifragile,0.744524,1.634045,0.42882,0.392506
0.6,0.8,0.4,1.0,antifragile,0.815783,1.667817,0.358543,0.270982
0.6,0.8,0.5,0.0,unification,-0.321194,0.759296,0.87622,1.251574
0.6,0.8,0.5,0.1,unification,-0.161008,0.83059,0.886544,1.14686
0.6,0.8,0.5,0.2,unification,-0.125535,0.861237,0.872194,1.036565
0.6,0.8,0.5,0.3,antifragile,0.05267,1.087549,0.782142,0.939995
0.6,0.8,0.5,0.4,antifragile,0.123786,1.106949,0.795707,0.883581
0.6,0.8,0.5,0.5,antifragile,0.353927,1.221042,0.764041,0.798157
0.6,0.8,0.5,0.6,antifragile,0.410592,1.284736,0.652789,0.760267
0.6,0.8,0.5,0.7,antifragile,0.467136,1.402263,0.694094,0.636949
0.6,0.8,0.5,0.8,antifragile,0.572538,1.45823,0.658084,0.527914
0.6,0.8,0.5,0.9,antifragile,0.687445,1.594345,0.579139,0.510685
0.6,0.8,0.5,1.0,antifragile,0.796509,1.743819,0.512562,0.393538
0.6,0.8,0.6,0.0,unification,-0.399189,0.794657,0.992468,1.33699
0.6,0.8,0.6,0.1,unification,-0.274263,0.771661,0.985724,1.326454
0.6,0.8,0.6,0.2,unification,-0.162635,0.889213,0.918543,1.154746
0.6,0.8,0.6,0.3,unification,-0.055174,0.97538,0.948663,1.047046
0.6,0.8,0.6,0.4,antifragile,0.122727,1.062659,0.857427,0.956758
0.6,0.8,0.6,0.5,antifragile,0.188097,1.116976,0.82867,0.938785
0.6,0.8,0.6,0.6,antifragile,0.253719,1.156736,0.878031,0.78729
0.6,0.8,0.6,0.7,antifragile,0.393637,1.31851,0.7824,0.736026
0.6,0.8,0.6,0.8,antifragile,0.452401,1.479758,0.626402,0.649336
0.6,0.8,0.6,0.9,antifragile,0.634512,1.620342,0.601879,0.554422
0.6,0.8,0.6,1.0,antifragile,0.727607,1.540129,0.677881,0.450025
0.6,0.8,0.7,0.0,unification,-0.50187,0.668042,1.097562,1.426819
0.6,0.8,0.7,0.1,unification,-0.283927,0.621243,0.9989,1.358161
0.6,0.8,0.7,0.2,unification,-0.307485,0.905978,0.932083,1.382873
0.6,0.8,0.7,0.3,unification,-0.163907,0.871953,0.869955,1.209243
0.6,0.8,0.7,0.4,unification,-0.075099,1.046825,0.912471,1.18279
0.6,0.8,0.7,0.5,antifragile,0.062875,1.108805,0.943663,1.061408
0.6,0.8,0.7,0.6,antifragile,0.218732,1.282433,0.84031,0.966912
0.6,0.8,0.7,0.7,antifragile,0.33219,1.197467,0.809912,0.868757
0.6,0.8,0.7,0.8,antifragile,0.418703,1.374945,0.829772,0.758112
0.6,0.8,0.7,0.9,antifragile,0.487049,1.47678,0.796494,0.605721
0.6,0.8,0.7,1.0,antifragile,0.709344,1.678669,0.666757,0.676346
0.6,0.8,0.8,0.0,unification,-0.563496,0.702646,1.227533,1.709657
0.6,0.8,0.8,0.1,unification,-0.538107,0.724567,1.053795,1.489064
0.6,0.8,0.8,0.2,unification,-0.237517,0.83341,1.149227,1.455697
0.6,0.8,0.8,0.3,unification,-0.217477,0.878883,1.024568,1.317542
0.6,0.8,0.8,0.4,unification,-0.26652,0.995898,1.031993,1.229039
0.6,0.8,0.8,0.5,antifragile,-0.026534,1.121252,1.02424,1.11511
0.6,0.8,0.8,0.6,antifragile,0.050261,1.227648,0.96945,1.15722
0.6,0.8,0.8,0.7,antifragile,0.265146,1.405744,0.885362,1.083928
0.6,0.8,0.8,0.8,antifragile,0.263999,1.499703,0.882735,0.947101
0.6,0.8,0.8,0.9,antifragile,0.469496,1.407232,0.766262,0.840784
0.6,0.8,0.8,1.0,antifragile,0.547286,1.674128,0.73254,0.82701
0.6,0.8,0.9,0.0,unification,-0.673279,0.571024,1.256808,1.709736
0.6,0.8,0.9,0.1,unification,-0.525673,0.660253,1.154477,1.62661
0.6,0.8,0.9,0.2,unification,-0.417168,0.704884,1.214091,1.614026
0.6,0.8,0.9,0.3,unification,-0.256003,0.886883,1.054767,1.502381
0.6,0.8,0.9,0.4,unification,-0.171641,0.930173,1.101366,1.40918
0.6,0.8,0.9,0.5,unification,-0.020637,1.047208,1.109563,1.315815
0.6,0.8,0.9,0.6,unification,0.009971,1.221523,0.983429,1.22652
0.6,0.8,0.9,0.7,antifragile,0.111359,1.174654,1.046629,1.171451
0.6,0.8,0.9,0.8,antifragile,0.221694,1.331931,0.945011,1.080369
0.6,0.8,0.9,0.9,antifragile,0.332645,1.406625,0.879146,0.959394
0.6,0.8,0.9,1.0,antifragile,0.39337,1.551666,0.825349,0.827283
0.6,0.8,1.0,0.0,unification,-0.590343,0.646993,1.357197,1.892551
0.6,0.8,1.0,0.1,unification,-0.588953,0.641228,1.324138,1.751891
0.6,0.8,1.0,0.2,unification,-0.467216,0.803472,1.348096,1.6933
0.6,0.8,1.0,0.3,unification,-0.31161,0.831182,1.332347,1.571835
0.6,0.8,1.0,0.4,unification,-0.374872,1.03139,1.223019,1.535956
0.6,0.8,1.0,0.5,unification,-0.218024,0.982743,1.112487,1.431927
0.6,0.8,1.0,0.6,unification,-0.09751,1.022971,1.194688,1.319014
0.6,0.8,1.0,0.7,unification,0.08192,1.179718,1.077742,1.303616
0.6,0.8,1.0,0.8,antifragile,0.171717,1.296602,1.055465,1.203797
0.6,0.8,1.0,0.9,antifragile,0.232604,1.349314,0.958772,1.066039
0.6,0.8,1.0,1.0,antifragile,0.351303,1.579619,0.995374,0.959197
0.6,0.9,0.0,0.0,antifragile,0.166826,0.941059,0.648614,0.673051
0.6,0.9,0.0,0.1,antifragile,0.162388,1.091897,0.531056,0.637759
0.6,0.9,0.0,0.2,antifragile,0.318546,1.083853,0.446123,0.595369
0.6,0.9,0.0,0.3,antifragile,0.548169,1.252943,0.527537,0.420796
0.6,0.9,0.0,0.4,antifragile,0.588484,1.306162,0.513186,0.410365
0.6,0.9,0.0,0.5,antifragile,0.656585,1.449665,0.443072,0.30917
0.6,0.9,0.0,0.6,antifragile,0.783463,1.478698,0.363059,0.283404
0.6,0.9,0.0,0.7,antifragile,0.853645,1.593703,0.386743,0.166872
0.6,0.9,0.0,0.8,antifragile,0.890009,1.741497,0.301867,0.075595
0.6,0.9,0.0,0.9,antifragile,1.065535,1.823215,0.16345,-0.089747
0.6,0.9,0.0,1.0,antifragile,1.212005,2.026072,0.233364,-0.16464
0.6,0.9,0.1,0.0,antifragile,-0.008229,0.865329,0.762491,0.847404
0.6,0.9,0.1,0.1,antifragile,0.14766,0.997327,0.717098,0.67882
0.6,0.9,0.1,0.2,antifragile,0.206224,1.126979,0.606582,0.692976
0.6,0.9,0.1,0.3,antifragile,0.332127,1.247442,0.611076,0.609646
0.6,0.9,0.1,0.4,antifragile,0.468973,1.222347,0.50238,0.435737
0.6,0.9,0.1,0.5,antifragile,0.56243,1.405691,0.569265,0.437583
0.6,0.9,0.1,0.6,antifragile,0.613415,1.4867,0.366229,0.314589
0.6,0.9,0.1,0.7,antifragile,0.637645,1.591426,0.406035,0.243386
0.6,0.9,0.1,0.8,antifragile,0.818421,1.636557,0.414631,0.093197
0.6,0.9,0.1,0.9,antifragile,1.000284,1.724439,0.25595,0.141317
0.6,0.9,0.1,1.0,antifragile,1.151459,1.833027,0.272536,-0.017544
0.6,0.9,0.2,0.0,unification,-0.145503,0.843308,0.807503,1.073695
0.6,0.9,0.2,0.1,antifragile,-0.012735,1.021155,0.762645,0.801388
0.6,0.9,0.2,0.2,antifragile,0.113778,1.057497,0.778227,0.875258
0.6,0.9,0.2,0.3,antifragile,0.24384,1.220713,0.657682,0.770968
0.6,0.9,0.2,0.4,antifragile,0.340017,1.309884,0.684971,0.665823
0.6,0.9,0.2,0.5,antifragile,0.407921,1.328973,0.622613,0.589673
0.6,0.9,0.2,0.6,antifragile,0.56292,1.429385,0.554569,0.446076
0.6,0.9,0.2,0.7,antifragile,0.651354,1.638002,0.481226,0.400389
0.6,0.9,0.2,0.8,antifragile,0.782646,1.573673,0.401949,0.285944
0.6,0.9,0.2,0.9,antifragile,0.787365,1.82152,0.406919,0.18284
0.6,0.9,0.2,1.0,antifragile,1.056153,1.817964,0.417552,0.091371
0.6,0.9,0.3,0.0,unification,-0.192728,0.888424,0.826909,1.121387
0.6,0.9,0.3,0.1,unification,-0.205826,0.998275,0.802179,1.005717
0.6,0.9,0.3,0.2,antifragile,0.020102,0.981257,0.737418,0.951067
0.6,0.9,0.3,0.3,antifragile,0.163417,1.080736,0.777053,0.867895
0.6,0.9,0.3,0.4,antifragile,0.226089,1.155325,0.708123,0.773254
0.6,0.9,0.3,0.5,antifragile,0.352057,1.285375,0.693348,0.733266
0.6,0.9,0.3,0.6,antifragile,0.426485,1.3951,0.767157,0.599543
0.6,0.9,0.3,0.7,antifragile,0.51166,1.481121,0.552154,0.51902
0.6,0.9,0.3,0.8,antifragile,0.700386,1.568176,0.642816,0.419257
0.6,0.9,0.3,0.9,antifragile,0.772213,1.633944,0.465262,0.267699
0.6,0.9,0.3,1.0,antifragile,0.895472,1.745752,0.509199,0.215778
0.6,0.9,0.4,0.0,unification,-0.24299,0.829573,0.987275,1.264837
0.6,0.9,0.4,0.1,unification,-0.075334,0.85755,0.9573,1.154906
0.6,0.9,0.4,0.2,antifragile,-0.011836,1.00054,0.933801,0.98542
0.6,0.9,0.4,0.3,antifragile,-0.005215,1.061539,0.831263,0.967318
0.6,0.9,0.4,0.4,antifragile,0.117999,1.135456,0.762235,0.794535
0.6,0.9,0.4,0.5,antifragile,0.250593,1.27708,0.777052,0.803344
0.6,0.9,0.4,0.6,antifragile,0.46467,1.415619,0.751866,0.728235
0.6,0.9,0.4,0.7,antifragile,0.511786,1.458963,0.679981,0.721078
0.6,0.9,0.4,0.8,antifragile,0.591497,1.498407,0.66984,0.58376
0.6,0.9,0.4,0.9,antifragile,0.712726,1.566083,0.65933,0.466495
0.6,0.9,0.4,1.0,antifragile,0.799487,1.814403,0.453768,0.375593
0.6,0.9,0.5,0.0,unification,-0.40204,0.844607,1.052144,1.301767
0.6,0.9,0.5,0.1,unification,-0.208088,0.742048,1.025395,1.196835
0.6,0.9,0.5,0.2,unification,-0.178122,0.947966,1.005506,1.285171
0.6,0.9,0.5,0.3,antifragile,-0.133978,1.077315,1.030123,1.061354
0.6,0.9,0.5,0.4,antifragile,0.03325,1.161797,0.921442,1.03788
0.6,0.9,0.5,0.5,antifragile,0.157065,1.204873,0.905806,0.881271
0.6,0.9,0.5,0.6,antifragile,0.189191,1.26733,0.771193,0.909625
0.6,0.9,0.5,0.7,antifragile,0.335582,1.511096,0.825341,0.761262
0.6,0.9,0.5,0.8,antifragile,0.377545,1.470797,0.688323,0.751535
0.6,0.9,0.5,0.9,antifragile,0.586542,1.586353,0.689415,0.509524
0.6,0.9,0.5,1.0,antifragile,0.723769,1.680072,0.774387,0.449119
0.6,0.9,0.6,0.0,unification,-0.368503,0.677992,1.138139,1.495016
0.6,0.9,0.6,0.1,unification,-0.347912,0.83402,1.128073,1.405868
0.6,0.9,0.6,0.2,unification,-0.253645,0.891278,1.036713,1.291096
0.6,0.9,0.6,0.3,unification,-0.144888,1.02381,0.934534,1.163621
0.6,0.9,0.6,0.4,unification,0.016589,1.002479,1.024852,1.102054
0.6,0.9,0.6,0.5,antifragile,0.168474,1.271311,0.90863,1.033814
0.6,0.9,0.6,0.6,antifragile,0.274663,1.368662,0.933637,1.01721
0.6,0.9,0.6,0.7,antifragile,0.250624,1.410265,0.806481,0.819339
0.6,0.9,0.6,0.8,antifragile,0.423194,1.474308,0.796688,0.764998
0.6,0.9,0.6,0.9,antifragile,0.462276,1.67484,0.772791,0.63289
0.6,0.9,0.6,1.0,antifragile,0.644099,1.761069,0.772936,0.594064
0.6,0.9,0.7,0.0,unification,-0.579735,0.652146,1.172887,1.561956
0.6,0.9,0.7,0.1,unification,-0.518414,0.772801,1.187199,1.4893
0.6,0.9,0.7,0.2,unification,-0.324132,0.971097,1.221783,1.421604
0.6,0.9,0.7,0.3,unification,-0.180991,0.976668,1.065606,1.284159
0.6,0.9,0.7,0.4,unification,-0.110669,1.134219,0.986279,1.240645
0.6,0.9,0.7,0.5,unification,-0.021767,1.187344,1.023138,1.196862
0.6,0.9,0.7,0.6,antifragile,0.199849,1.226475,0.923727,1.097368
0.6,0.9,0.7,0.7,antifragile,0.287636,1.291881,0.946569,0.989933
0.6,0.9,0.7,0.8,antifragile,0.367714,1.49141,0.892426,0.939376
0.6,0.9,0.7,0.9,antifragile,0.402086,1.595011,0.919326,0.835008
0.6,0.9,0.7,1.0,antifragile,0.524602,1.642742,0.849485,0.742907
0.6,0.9,0.8,0.0,unification,-0.704982,0.712605,1.245858,1.741225
0.6,0.9,0.8,0.1,unification,-0.628318,0.765408,1.251585,1.536647
0.6,0.9,0.8,0.2,unification,-0.408359,0.799932,1.219238,1.529413
0.6,0.9,0.8,0.3,unification,-0.389028,0.897714,1.126715,1.514121
0.6,0.9,0.8,0.4,unification,-0.163209,1.154725,1.109406,1.352797
0.6,0.9,0.8,0.5,unification,-0.088256,1.122237,1.065872,1.297721
0.6,0.9,0.8,0.6,unification,0.05018,1.129393,1.02639,1.13986
0.6,0.9,0.8,0.7,antifragile,0.117308,1.351632,1.070847,1.103313
0.6,0.9,0.8,0.8,antifragile,0.240314,1.340894,0.931977,1.050357
0.6,0.9,0.8,0.9,antifragile,0.277049,1.581851,0.961176,0.909771
0.6,0.9,0.8,1.0,antifragile,0.380892,1.579035,0.850034,0.80915
0.6,0.9,0.9,0.0,unification,-0.805341,0.61848,1.416613,1.809446
0.6,0.9,0.9,0.1,unification,-0.602756,0.708613,1.370616,1.720676
0.6,0.9,0.9,0.2,unification,-0.50095,0.826007,1.368116,1.702937
0.6,0.9,0.9,0.3,unification,-0.3922,0.841506,1.233738,1.54998
0.6,0.9,0.9,0.4,unification,-0.33611,1.010775,1.232041,1.518997
0.6,0.9,0.9,0.5,unification,-0.121928,1.129177,1.118607,1.430127
0.6,0.9,0.9,0.6,unification,-0.045781,1.263109,1.13229,1.327777
0.6,0.9,0.9,0.7,antifragile,0.088945,1.303929,1.02008,1.159356
0.6,0.9,0.9,0.8,antifragile,0.237039,1.304314,1.051639,1.209156
0.6,0.9,0.9,0.9,antifragile,0.16677,1.430922,0.957663,1.170056
0.6,0.9,0.9,1.0,antifragile,0.465908,1.543291,1.008975,1.010403
0.6,0.9,1.0,0.0,unification,-0.83904,0.513661,1.580373,1.879199
0.6,0.9,1.0,0.1,unification,-0.704395,0.65762,1.475403,1.927297
0.6,0.9,1.0,0.2,unification,-0.653941,0.745494,1.307492,1.80974
0.6,0.9,1.0,0.3,unification,-0.459456,0.857917,1.33276,1.810392
0.6,0.9,1.0,0.4,unification,-0.338188,1.042388,1.192898,1.65736
0.6,0.9,1.0,0.5,unification,-0.262431,1.007401,1.212805,1.534078
0.6,0.9,1.0,0.6,unification,-0.2321,1.125065,1.20192,1.488676
0.6,0.9,1.0,0.7,unification,-0.09034,1.237638,1.236217,1.286787
0.6,0.9,1.0,0.8,antifragile,0.066364,1.37447,1.165841,1.264932
0.6,0.9,1.0,0.9,antifragile,0.111757,1.525976,1.062175,1.149149
0.6,0.9,1.0,1.0,antifragile,0.27601,1.508044,1.11754,1.106741
0.6,1.0,0.0,0.0,antifragile,0.059024,1.012439,0.710589,0.895701
0.6,1.0,0.0,0.1,antifragile,0.077458,1.068993,0.716458,0.766331
0.6,1.0,0.0,0.2,antifragile,0.186316,1.103182,0.649068,0.633644
0.6,1.0,0.0,0.3,antifragile,0.331482,1.253951,0.574122,0.571592
0.6,1.0,0.0,0.4,antifragile,0.436329,1.40475,0.591159,0.604721
0.6,1.0,0.0,0.5,antifragile,0.557072,1.431353,0.521685,0.443416
0.6,1.0,0.0,0.6,antifragile,0.710171,1.627074,0.43915,0.394034
0.6,1.0,0.0,0.7,antifragile,0.767699,1.608652,0.439811,0.305538
0.6,1.0,0.0,0.8,antifragile,0.902864,1.689398,0.349773,0.098385
0.6,1.0,0.0,0.9,antifragile,0.953423,1.848872,0.313691,0.053584
0.6,1.0,0.0,1.0,antifragile,1.170102,2.02089,0.407524,-0.099745
0.6,1.0,0.1,0.0,unification,-0.006314,0.959585,0.818898,1.016445
0.6,1.0,0.1,0.1,antifragile,0.055173,0.956566,0.744377,0.861697
0.6,1.0,0.1,0.2,antifragile,0.063487,1.194858,0.806946,0.794472
0.6,1.0,0.1,0.3,antifragile,0.25493,1.239436,0.699958,0.765884
0.6,1.0,0.1,0.4,antifragile,0.261725,1.359305,0.655593,0.589326
0.6,1.0,0.1,0.5,antifragile,0.434832,1.521619,0.548625,0.531572
0.6,1.0,0.1,0.6,antifragile,0.651474,1.461494,0.552192,0.457115
0.6,1.0,0.1,0.7,antifragile,0.700633,1.615984,0.490232,0.39237
0.6,1.0,0.1,0.8,antifragile,0.78497,1.746388,0.541185,0.210688
0.6,1.0,0.1,0.9,antifragile,0.951656,1.797269,0.496261,0.224694
0.6,1.0,0.1,1.0,antifragile,1.102704,1.905313,0.394834,0.089352
0.6,1.0,0.2,0.0,unification,-0.231855,0.960405,0.844929,1.129966
0.6,1.0,0.2,0.1,recursive,-0.081175,0.926839,0.934414,0.836209
0.6,1.0,0.2,0.2,antifragile,0.035912,1.121698,0.704698,0.942063
0.6,1.0,0.2,0.3,antifragile,0.116511,1.192574,0.847151,0.842136
0.6,1.0,0.2,0.4,antifragile,0.242472,1.291477,0.828805,0.770231
0.6,1.0,0.2,0.5,antifragile,0.325812,1.370584,0.640496,0.642414
0.6,1.0,0.2,0.6,antifragile,0.560395,1.481683,0.593149,0.601546
0.6,1.0,0.2,0.7,antifragile,0.570371,1.613071,0.60788,0.567264
0.6,1.0,0.2,0.8,antifragile,0.654468,1.621742,0.62688,0.309822
0.6,1.0,0.2,0.9,antifragile,0.801403,1.815031,0.43028,0.328232
0.6,1.0,0.2,1.0,antifragile,0.845203,1.777758,0.446703,0.23083
0.6,1.0,0.3,0.0,unification,-0.305294,0.940353,0.989119,1.190552
0.6,1.0,0.3,0.1,unification,-0.225495,0.991205,1.047945,1.094854
0.6,1.0,0.3,0.2,unification,-0.079278,1.021964,0.964209,1.09135
0.6,1.0,0.3,0.3,antifragile,0.037686,1.140048,0.817807,0.945534
0.6,1.0,0.3,0.4,antifragile,0.220994,1.267076,0.889382,0.838992
0.6,1.0,0.3,0.5,antifragile,0.164364,1.490267,0.795729,0.828926
0.6,1.0,0.3,0.6,antifragile,0.350624,1.386873,0.752737,0.605415
0.6,1.0,0.3,0.7,antifragile,0.486647,1.601116,0.727424,0.632745
0.6,1.0,0.3,0.8,antifragile,0.697187,1.663767,0.569779,0.527546
0.6,1.0,0.3,0.9,antifragile,0.816266,1.724528,0.718205,0.501182
0.6,1.0,0.3,1.0,antifragile,0.809576,1.780975,0.601995,0.428525
0.6,1.0,0.4,0.0,unification,-0.438932,0.856019,0.967931,1.32302
0.6,1.0,0.4,0.1,unification,-0.332737,0.973112,0.99555,1.312902
0.6,1.0,0.4,0.2,unification,-0.167025,1.008421,0.909242,1.189553
0.6,1.0,0.4,0.3,antifragile,-0.005395,1.181987,0.98276,1.105063
0.6,1.0,0.4,0.4,antifragile,0.109793,1.264842,0.955383,0.923621
0.6,1.0,0.4,0.5,antifragile,0.166909,1.243847,0.886607,0.996498
0.6,1.0,0.4,0.6,antifragile,0.344817,1.389647,0.855271,0.847447
0.6,1.0,0.4,0.7,antifragile,0.421656,1.449833,0.855757,0.686095
0.6,1.0,0.4,0.8,antifragile,0.501663,1.657957,0.731329,0.663965
0.6,1.0,0.4,0.9,antifragile,0.63598,1.708296,0.715753,0.585696
0.6,1.0,0.4,1.0,antifragile,0.743735,1.755226,0.592498,0.539906
0.6,1.0,0.5,0.0,unification,-0.397811,0.831874,1.171456,1.419241
0.6,1.0,0.5,0.1,unification,-0.461929,0.897566,1.020132,1.38922
0.6,1.0,0.5,0.2,unification,-0.164788,0.974193,1.047065,1.244709
0.6,1.0,0.5,0.3,unification,-0.117787,1.098338,0.984043,1.255629
0.6,1.0,0.5,0.4,antifragile,0.125118,1.254493,0.98947,1.118873
0.6,1.0,0.5,0.5,antifragile,0.074322,1.263291,1.002908,1.090085
0.6,1.0,0.5,0.6,antifragile,0.151524,1.403316,0.970556,0.937491
0.6,1.0,0.5,0.7,antifragile,0.309423,1.514799,0.911221,0.891453
0.6,1.0,0.5,0.8,antifragile,0.442711,1.594429,0.821114,0.729114
0.6,1.0,0.5,0.9,antifragile,0.462169,1.699778,0.80041,0.722776
0.6,1.0,0.5,1.0,antifragile,0.608556,1.770129,0.758932,0.67895
0.6,1.0,0.6,0.0,unification,-0.497412,0.743002,1.265228,1.552655
0.6,1.0,0.6,0.1,unification,-0.560649,0.961298,1.181254,1.556973
0.6,1.0,0.6,0.2,unification,-0.353067,0.929633,1.13267,1.432632
0.6,1.0,0.6,0.3,unification,-0.201193,1.089885,1.095182,1.337021
0.6,1.0,0.6,0.4,antifragile,-0.142159,1.233465,1.0143,1.208901
0.6,1.0,0.6,0.5,antifragile,-0.011171,1.374447,1.078342,1.122321
0.6,1.0,0.6,0.6,antifragile,0.16111,1.375791,1.013687,1.114791
0.6,1.0,0.6,0.7,antifragile,0.232904,1.45354,0.882354,1.067155
0.6,1.0,0.6,0.8,antifragile,0.317625,1.478139,0.894784,0.886797
0.6,1.0,0.6,0.9,antifragile,0.409938,1.673882,0.92871,0.72704
0.6,1.0,0.6,1.0,antifragile,0.534261,1.707845,0.831393,0.825316
0.6,1.0,0.7,0.0,unification,-0.670679,0.823121,1.31769,1.793586
0.6,1.0,0.7,0.1,unification,-0.535548,0.818596,1.283868,1.694613
0.6,1.0,0.7,0.2,unification,-0.402084,0.945463,1.276835,1.501014
0.6,1.0,0.7,0.3,unification,-0.283166,0.998593,1.278563,1.480933
0.6,1.0,0.7,0.4,unification,-0.155364,1.023034,1.200337,1.366123
0.6,1.0,0.7,0.5,unification,-0.151858,1.224749,1.049086,1.320551
0.6,1.0,0.7,0.6,antifragile,0.101699,1.225472,1.083501,1.196755
0.6,1.0,0.7,0.7,antifragile,0.040521,1.455825,1.076286,1.221304
0.6,1.0,0.7,0.8,antifragile,0.274808,1.46105,1.030717,1.09924
0.6,1.0,0.7,0.9,antifragile,0.336757,1.642621,0.847255,1.023753
0.6,1.0,0.7,1.0,antifragile,0.510019,1.567782,0.944133,0.765675
0.6,1.0,0.8,0.0,unification,-0.750554,0.743943,1.403199,1.902831
0.6,1.0,0.8,0.1,unification,-0.606813,0.803128,1.424925,1.73812
0.6,1.0,0.8,0.2,unification,-0.501258,0.905333,1.326625,1.728011
0.6,1.0,0.8,0.3,unification,-0.42334,0.953485,1.236916,1.477908
0.6,1.0,0.8,0.4,unification,-0.205813,1.044961,1.23807,1.577899
0.6,1.0,0.8,0.5,unification,-0.177094,1.21072,1.13897,1.484918
0.6,1.0,0.8,0.6,unification,-0.06608,1.229085,1.119049,1.414499
0.6,1.0,0.8,0.7,antifragile,0.020691,1.32517,1.108347,1.247269
0.6,1.0,0.8,0.8,antifragile,0.167591,1.492218,1.101738,1.192357
0.6,1.0,0.8,0.9,antifragile,0.256363,1.668609,1.025578,1.14262
0.6,1.0,0.8,1.0,antifragile,0.350049,1.588612,0.926646,1.005198
0.6,1.0,0.9,0.0,unification,-0.751902,0.617449,1.451125,1.984306
0.6,1.0,0.9,0.1,unification,-0.700127,0.740718,1.391037,1.895454
0.6,1.0,0.9,0.2,unification,-0.557353,0.889587,1.416326,1.742215
0.6,1.0,0.9,0.3,unification,-0.464272,0.971991,1.309339,1.694883
0.6,1.0,0.9,0.4,unification,-0.351678,1.051088,1.236973,1.592982
0.6,1.0,0.9,0.5,unification,-0.295344,1.177965,1.424919,1.546698
0.6,1.0,0.9,0.6,unification,-0.209898,1.236975,1.255532,1.49283
0.6,1.0,0.9,0.7,antifragile,0.022106,1.409551,1.241861,1.36996
0.6,1.0,0.9,0.8,antifragile,0.14417,1.417625,1.177724,1.272828
0.6,1.0,0.9,0.9,antifragile,0.073435,1.593588,1.168776,1.0815
0.6,1.0,0.9,1.0,antifragile,0.340088,1.609828,1.144427,1.11879
0.6,1.0,1.0,0.0,unification,-0.967867,0.641318,1.535077,2.028856
0.6,1.0,1.0,0.1,unification,-0.746649,0.754577,1.614878,1.985281
0.6,1.0,1.0,0.2,unification,-0.728145,0.86194,1.458316,1.90449
0.6,1.0,1.0,0.3,unification,-0.543745,0.918703,1.435563,1.764867
0.6,1.0,1.0,0.4,unification,-0.413155,1.001579,1.450905,1.7743
0.6,1.0,1.0,0.5,unification,-0.295436,1.103222,1.362614,1.609587
0.6,1.0,1.0,0.6,unification,-0.267133,1.227058,1.299147,1.595789
0.6,1.0,1.0,0.7,unification,-0.056635,1.282739,1.234282,1.47433
0.6,1.0,1.0,0.8,antifragile,-0.091133,1.466711,1.264243,1.373577
0.6,1.0,1.0,0.9,antifragile,0.062007,1.435894,1.270557,1.41686
0.6,1.0,1.0,1.0,antifragile,0.125295,1.642163,1.167707,1.303375
0.7,0.0,0.0,0.0,competitive,0.783309,0.64127,-0.510395,-0.387046
0.7,0.0,0.0,0.1,competitive,0.988057,0.726113,-0.535299,-0.426885
0.7,0.0,0.0,0.2,competitive,1.086251,0.863214,-0.538574,-0.54556
0.7,0.0,0.0,0.3,competitive,1.154262,0.950359,-0.593157,-0.734473
0.7,0.0,0.0,0.4,competitive,1.30438,1.124714,-0.66959,-0.778382
0.7,0.0,0.0,0.5,competitive,1.447536,1.077956,-0.682977,-0.867445
0.7,0.0,0.0,0.6,competitive,1.555119,1.196906,-0.6324,-0.9277
0.7,0.0,0.0,0.7,competitive,1.633869,1.346472,-0.839554,-0.930414
0.7,0.0,0.0,0.8,competitive,1.705576,1.449622,-0.73717,-1.12629
0.7,0.0,0.0,0.9,competitive,1.843514,1.479541,-0.818923,-1.234903
0.7,0.0,0.0,1.0,competitive,1.969539,1.564329,-0.947566,-1.32225
0.7,0.0,0.1,0.0,competitive,0.791412,0.600526,-0.443199,-0.291038
0.7,0.0,0.1,0.1,competitive,0.862652,0.755355,-0.450149,-0.325123
0.7,0.0,0.1,0.2,competitive,0.920366,0.801138,-0.455196,-0.471894
0.7,0.0,0.1,0.3,competitive,1.088057,0.872306,-0.487877,-0.610527
0.7,0.0,0.1,0.4,competitive,1.260024,0.990918,-0.57804,-0.645903
0.7,0.0,0.1,0.5,competitive,1.338093,1.152931,-0.5876,-0.767135
0.7,0.0,0.1,0.6,competitive,1.423235,1.107771,-0.739489,-0.863107
0.7,0.0,0.1,0.7,competitive,1.561004,1.323698,-0.635211,-0.947763
0.7,0.0,0.1,0.8,competitive,1.625117,1.308066,-0.85408,-0.983382
0.7,0.0,0.1,0.9,competitive,1.815163,1.43738,-0.828391,-1.102257
0.7,0.0,0.1,1.0,competitive,1.868558,1.583511,-0.814141,-1.113255
0.7,0.0,0.2,0.0,competitive,0.690933,0.571839,-0.367008,-0.204292
0.7,0.0,0.2,0.1,competitive,0.74221,0.685083,-0.374559,-0.434882
0.7,0.0,0.2,0.2,competitive,0.939058,0.798707,-0.440586,-0.315986
0.7,0.0,0.2,0.3,competitive,1.014514,0.739109,-0.342352,-0.435186
0.7,0.0,0.2,0.4,competitive,1.145071,0.90877,-0.494777,-0.501917
0.7,0.0,0.2,0.5,competitive,1.192873,1.119698,-0.478093,-0.569159
0.7,0.0,0.2,0.6,competitive,1.347911,1.091939,-0.508496,-0.649465
0.7,0.0,0.2,0.7,competitive,1.445029,1.170774,-0.678795,-0.763571
0.7,0.0,0.2,0.8,competitive,1.562554,1.379281,-0.59039,-0.848055
0.7,0.0,0.2,0.9,competitive,1.680944,1.357396,-0.626951,-0.937836
0.7,0.0,0.2,1.0,competitive,1.825264,1.56884,-0.74828,-1.061396
0.7,0.0,0.3,0.0,competitive,0.728435,0.554723,-0.24893,0.016995
0.7,0.0,0.3,0.1,competitive,0.699587,0.636274,-0.303412,-0.130849
0.7,0.0,0.3,0.2,competitive,0.811296,0.677406,-0.302857,-0.24693
0.7,0.0,0.3,0.3,competitive,0.963799,0.794773,-0.441005,-0.268958
0.7,0.0,0.3,0.4,competitive,1.07688,1.017678,-0.394114,-0.375834
0.7,0.0,0.3,0.5,competitive,1.178929,1.050985,-0.38714,-0.454061
0.7,0.0,0.3,0.6,competitive,1.263351,1.137133,-0.47873,-0.619458
0.7,0.0,0.3,0.7,competitive,1.299939,1.175337,-0.509002,-0.516399
0.7,0.0,0.3,0.8,competitive,1.478999,1.28733,-0.575217,-0.69406
0.7,0.0,0.3,0.9,competitive,1.609017,1.348083,-0.645573,-0.830118
0.7,0.0,0.3,1.0,competitive,1.662831,1.463442,-0.627926,-0.92006
0.7,0.0,0.4,0.0,competitive,0.587725,0.54797,-0.161478,0.031792
0.7,0.0,0.4,0.1,competitive,0.62351,0.578314,-0.193139,-0.024901
0.7,0.0,0.4,0.2,competitive,0.68253,0.681744,-0.247543,-0.103097
0.7,0.0,0.4,0.3,competitive,0.849698,0.771532,-0.266389,-0.194859
0.7,0.0,0.4,0.4,competitive,0.973007,0.83411,-0.364397,-0.304499
0.7,0.0,0.4,0.5,competitive,1.031166,0.90061,-0.434635,-0.319827
0.7,0.0,0.4,0.6,competitive,1.238712,1.087885,-0.414155,-0.515822
0.7,0.0,0.4,0.7,competitive,1.294597,1.074635,-0.434333,-0.554979
0.7,0.0,0.4,0.8,antifragile,1.28097,1.324027,-0.53279,-0.61779
0.7,0.0,0.4,0.9,competitive,1.498551,1.321477,-0.486771,-0.722049
0.7,0.0,0.4,1.0,competitive,1.634095,1.455925,-0.618888,-0.758208
0.7,0.0,0.5,0.0,antifragile,0.372301,0.396718,-0.050472,0.184582
0.7,0.0,0.5,0.1,antifragile,0.553647,0.569087,-0.1764,0.157031
0.7,0.0,0.5,0.2,competitive,0.659251,0.615668,-0.151794,0.073457
0.7,0.0,0.5,0.3,antifragile,0.739019,0.845763,-0.110465,-0.044161
0.7,0.0,0.5,0.4,competitive,0.853601,0.825766,-0.255033,-0.128739
0.7,0.0,0.5,0.5,competitive,1.009377,0.862526,-0.232861,-0.173322
0.7,0.0,0.5,0.6,competitive,1.113609,1.018503,-0.278468,-0.240036
0.7,0.0,0.5,0.7,competitive,1.19209,1.121181,-0.238373,-0.374638
0.7,0.0,0.5,0.8,antifragile,1.254635,1.258649,-0.364903,-0.507771
0.7,0.0,0.5,0.9,competitive,1.359802,1.32193,-0.428005,-0.622212
0.7,0.0,0.5,1.0,competitive,1.520576,1.397428,-0.468121,-0.620421
0.7,0.0,0.6,0.0,unification,0.246905,0.364394,-0.004347,0.396309
0.7,0.0,0.6,0.1,competitive,0.563389,0.515242,-0.017723,0.122832
0.7,0.0,0.6,0.2,antifragile,0.600223,0.632482,-0.045843,0.097689
0.7,0.0,0.6,0.3,antifragile,0.763994,0.781027,-0.085282,0.1246
0.7,0.0,0.6,0.4,antifragile,0.777555,0.841054,-0.205363,-0.123685
0.7,0.0,0.6,0.5,antifragile,0.821525,0.854676,-0.212178,-0.072594
0.7,0.0,0.6,0.6,antifragile,0.982133,0.988567,-0.27923,-0.243558
0.7,0.0,0.6,0.7,competitive,1.107055,1.057895,-0.259772,-0.23778
0.7,0.0,0.6,0.8,competitive,1.296974,1.178977,-0.209333,-0.329686
0.7,0.0,0.6,0.9,competitive,1.359475,1.327654,-0.304013,-0.475085
0.7,0.0,0.6,1.0,competitive,1.489153,1.351296,-0.364916,-0.513357
0.7,0.0,0.7,0.0,unification,0.302205,0.404653,0.035692,0.559583
0.7,0.0,0.7,0.1,antifragile,0.396747,0.452475,0.008135,0.417463
0.7,0.0,0.7,0.2,antifragile,0.414047,0.615036,0.078454,0.252512
0.7,0.0,0.7,0.3,antifragile,0.538051,0.646489,-0.064444,0.211478
0.7,0.0,0.7,0.4,antifragile,0.703614,0.801375,-0.096666,0.156998
0.7,0.0,0.7,0.5,antifragile,0.745616,0.90197,-0.169333,0.108387
0.7,0.0,0.7,0.6,antifragile,0.878924,0.984954,-0.101077,-0.118477
0.7,0.0,0.7,0.7,competitive,1.056757,1.022463,-0.190304,-0.173511
0.7,0.0,0.7,0.8,competitive,1.20569,1.086501,-0.193486,-0.256183
0.7,0.0,0.7,0.9,antifragile,1.289554,1.356068,-0.286517,-0.302997
0.7,0.0,0.7,1.0,antifragile,1.32574,1.386904,-0.307435,-0.349724
0.7,0.0,0.8,0.0,unification,0.135113,0.462187,0.080424,0.598843
0.7,0.0,0.8,0.1,unification,0.264473,0.442663,0.16427,0.497922
0.7,0.0,0.8,0.2,antifragile,0.385952,0.560405,0.197449,0.271721
0.7,0.0,0.8,0.3,antifragile,0.577354,0.76299,-0.017554,0.327393
0.7,0.0,0.8,0.4,antifragile,0.663565,0.775927,0.11381,0.258597
0.7,0.0,0.8,0.5,antifragile,0.60336,0.890231,0.021774,0.228317
0.7,0.0,0.8,0.6,antifragile,0.738301,0.859201,-0.049177,0.136655
0.7,0.0,0.8,0.7,competitive,1.005579,0.978713,-0.110322,0.128598
0.7,0.0,0.8,0.8,antifragile,1.007361,1.143767,-0.152592,-0.076262
0.7,0.0,0.8,0.9,antifragile,1.101683,1.163108,-0.188539,-0.212261
0.7,0.0,0.8,1.0,antifragile,1.239794,1.326293,-0.115481,-0.299525
0.7,0.0,0.9,0.0,unification,0.015577,0.315475,0.232433,0.623243
0.7,0.0,0.9,0.1,unification,0.228213,0.414025,0.243925,0.523642
0.7,0.0,0.9,0.2,unification,0.255762,0.434206,0.193977,0.541716
0.7,0.0,0.9,0.3,antifragile,0.40168,0.566653,0.112351,0.440339
0.7,0.0,0.9,0.4,antifragile,0.522851,0.666039,0.06813,0.320264
0.7,0.0,0.9,0.5,antifragile,0.582079,0.767368,0.020091,0.257724
0.7,0.0,0.9,0.6,antifragile,0.786807,0.870275,-0.026942,0.082075
0.7,0.0,0.9,0.7,antifragile,0.926819,1.036966,0.00923,0.168135
0.7,0.0,0.9,0.8,antifragile,0.97138,1.071216,-0.107009,0.120432
0.7,0.0,0.9,0.9,antifragile,1.033148,1.15088,-0.083127,-0.057269
0.7,0.0,0.9,1.0,antifragile,1.193735,1.287979,-0.153843,-0.143706
0.7,0.0,1.0,0.0,unification,0.002154,0.2469,0.432333,0.828987
0.7,0.0,1.0,0.1,unification,0.164924,0.305393,0.352731,0.700482
0.7,0.0,1.0,0.2,unification,0.163276,0.515243,0.268576,0.789871
0.7,0.0,1.0,0.3,unification,0.330901,0.530211,0.26599,0.56314
0.7,0.0,1.0,0.4,antifragile,0.456603,0.645191,0.220334,0.499922
0.7,0.0,1.0,0.5,antifragile,0.528921,0.80709,0.069837,0.409876
0.7,0.0,1.0,0.6,antifragile,0.599941,0.782567,0.07811,0.289012
0.7,0.0,1.0,0.7,antifragile,0.733233,0.961866,0.107115,0.214547
0.7,0.0,1.0,0.8,antifragile,0.934231,1.021433,-0.057323,0.13277
0.7,0.0,1.0,0.9,antifragile,0.967358,0.971352,0.060367,0.060046
0.7,0.0,1.0,1.0,antifragile,1.01738,1.181994,-0.001914,0.024196
0.7,0.1,0.0,0.0,competitive,0.767562,0.607235,-0.368456,-0.28428
0.7,0.1,0.0,0.1,competitive,0.938263,0.741844,-0.421105,-0.383993
0.7,0.1,0.0,0.2,competitive,1.068341,0.931465,-0.374965,-0.404876
0.7,0.1,0.0,0.3,competitive,1.220673,1.010658,-0.524468,-0.478325
0.7,0.1,0.0,0.4,antifragile,1.171179,1.173223,-0.583762,-0.595618
0.7,0.1,0.0,0.5,competitive,1.422213,1.172964,-0.677518,-0.772397
0.7,0.1,0.0,0.6,competitive,1.477841,1.276781,-0.62394,-0.806283
0.7,0.1,0.0,0.7,competitive,1.496555,1.428718,-0.673897,-0.855562
0.7,0.1,0.0,0.8,competitive,1.750178,1.377248,-0.688599,-0.9661
0.7,0.1,0.0,0.9,competitive,1.777097,1.576368,-0.768362,-1.062251
0.7,0.1,0.0,1.0,competitive,1.881455,1.741277,-0.80814,-1.112753
0.7,0.1,0.1,0.0,competitive,0.799832,0.594082,-0.285233,-0.224321
0.7,0.1,0.1,0.1,competitive,0.719354,0.695749,-0.358518,-0.285546
0.7,0.1,0.1,0.2,competitive,0.915018,0.830306,-0.42984,-0.327419
0.7,0.1,0.1,0.3,competitive,1.100667,0.991532,-0.423009,-0.385306
0.7,0.1,0.1,0.4,competitive,1.11595,1.002832,-0.430074,-0.531736
0.7,0.1,0.1,0.5,competitive,1.196805,1.156663,-0.53143,-0.625999
0.7,0.1,0.1,0.6,competitive,1.422911,1.236856,-0.521194,-0.758465
0.7,0.1,0.1,0.7,competitive,1.421835,1.324866,-0.538498,-0.757349
0.7,0.1,0.1,0.8,competitive,1.566313,1.37467,-0.599208,-0.917589
0.7,0.1,0.1,0.9,competitive,1.704584,1.425561,-0.702631,-0.931089
0.7,0.1,0.1,1.0,competitive,1.839162,1.60709,-0.745727,-1.118551
0.7,0.1,0.2,0.0,competitive,0.619584,0.510031,-0.157779,-0.104067
0.7,0.1,0.2,0.1,competitive,0.841709,0.6519,-0.221852,-0.17183
0.7,0.1,0.2,0.2,competitive,0.831591,0.804199,-0.241985,-0.169024
0.7,0.1,0.2,0.3,competitive,0.986366,0.941882,-0.355806,-0.27256
0.7,0.1,0.2,0.4,competitive,1.042955,1.034311,-0.359221,-0.358987
0.7,0.1,0.2,0.5,competitive,1.184574,1.118019,-0.445383,-0.553596
0.7,0.1,0.2,0.6,competitive,1.329448,1.24225,-0.450795,-0.519445
0.7,0.1,0.2,0.7,competitive,1.308534,1.238923,-0.480902,-0.731763
0.7,0.1,0.2,0.8,competitive,1.423526,1.372898,-0.555284,-0.747334
0.7,0.1,0.2,0.9,competitive,1.589685,1.395821,-0.575876,-0.815685
0.7,0.1,0.2,1.0,competitive,1.690864,1.529926,-0.615199,-0.859012
0.7,0.1,0.3,0.0,competitive,0.525277,0.473684,-0.179693,0.121591
0.7,0.1,0.3,0.1,antifragile,0.60572,0.660576,-0.063755,0.021591
0.7,0.1,0.3,0.2,antifragile,0.642584,0.832245,-0.192518,-0.076535
0.7,0.1,0.3,0.3,antifragile,0.875209,0.900668,-0.243987,-0.254078
0.7,0.1,0.3,0.4,competitive,0.986176,0.880909,-0.189171,-0.283107
0.7,0.1,0.3,0.5,competitive,1.077413,1.011199,-0.303042,-0.327282
0.7,0.1,0.3,0.6,antifragile,1.156065,1.162653,-0.356614,-0.439793
0.7,0.1,0.3,0.7,antifragile,1.262423,1.350719,-0.34086,-0.483582
0.7,0.1,0.3,0.8,competitive,1.466324,1.344995,-0.457467,-0.737153
0.7,0.1,0.3,0.9,antifragile,1.459051,1.533251,-0.42199,-0.679884
0.7,0.1,0.3,1.0,antifragile,1.551123,1.551739,-0.533902,-0.740102
0.7,0.1,0.4,0.0,antifragile,0.384404,0.510503,0.009256,0.296391
0.7,0.1,0.4,0.1,antifragile,0.517078,0.580019,-0.023856,0.052004
0.7,0.1,0.4,0.2,antifragile,0.600599,0.738297,-0.010716,-0.012439
0.7,0.1,0.4,0.3,antifragile,0.751512,0.825565,-0.178636,-0.143342
0.7,0.1,0.4,0.4,antifragile,0.920098,0.924316,-0.176657,-0.147085
0.7,0.1,0.4,0.5,competitive,1.065659,0.984773,-0.288853,-0.141815
0.7,0.1,0.4,0.6,antifragile,0.990069,1.09731,-0.278775,-0.315728
0.7,0.1,0.4,0.7,antifragile,1.132439,1.140748,-0.2671,-0.325733
0.7,0.1,0.4,0.8,competitive,1.299134,1.248467,-0.44424,-0.432972
0.7,0.1,0.4,0.9,competitive,1.479982,1.24946,-0.516196,-0.558159
0.7,0.1,0.4,1.0,competitive,1.553309,1.461134,-0.436647,-0.662362
0.7,0.1,0.5,0.0,antifragile,0.351321,0.454955,0.049387,0.291282
0.7,0.1,0.5,0.1,antifragile,0.422114,0.501655,0.001223,0.280149
0.7,0.1,0.5,0.2,antifragile,0.553721,0.672326,0.032786,0.206249
0.7,0.1,0.5,0.3,antifragile,0.766729,0.897854,-0.067026,0.012142
0.7,0.1,0.5,0.4,antifragile,0.763943,0.90865,-0.037995,-0.067443
0.7,0.1,0.5,0.5,antifragile,0.912764,0.935357,-0.157333,-0.108081
0.7,0.1,0.5,0.6,antifragile,1.029059,1.171616,-0.166246,-0.206492
0.7,0.1,0.5,0.7,antifragile,1.090256,1.155458,-0.273584,-0.263018
0.7,0.1,0.5,0.8,antifragile,1.109438,1.24944,-0.2766,-0.413033
0.7,0.1,0.5,0.9,antifragile,1.320893,1.410996,-0.250398,-0.466657
0.7,0.1,0.5,1.0,competitive,1.476174,1.375075,-0.364808,-0.51346
0.7,0.1,0.6,0.0,antifragile,0.336346,0.52464,0.145446,0.404424
0.7,0.1,0.6,0.1,antifragile,0.437926,0.542986,0.117424,0.358874
0.7,0.1,0.6,0.2,antifragile,0.579612,0.624498,0.100813,0.27568
0.7,0.1,0.6,0.3,antifragile,0.618455,0.831001,-0.085229,0.191731
0.7,0.1,0.6,0.4,antifragile,0.655297,0.867287,0.009567,0.086476
0.7,0.1,0.6,0.5,antifragile,0.783897,0.95019,-0.12866,0.041661
0.7,0.1,0.6,0.6,antifragile,0.879115,1.071682,-0.170894,-0.088363
0.7,0.1,0.6,0.7,antifragile,0.992443,1.115092,-0.076183,-0.102702
0.7,0.1,0.6,0.8,antifragile,1.116016,1.200972,-0.140734,-0.288198
0.7,0.1,0.6,0.9,antifragile,1.251119,1.289712,-0.233584,-0.274545
0.7,0.1,0.6,1.0,antifragile,1.326537,1.463707,-0.155021,-0.3698
0.7,0.1,0.7,0.0,unification,0.165796,0.487857,0.164558,0.651054
0.7,0.1,0.7,0.1,antifragile,0.242347,0.633405,0.144144,0.523085
0.7,0.1,0.7,0.2,antifragile,0.312021,0.609337,0.086015,0.332924
0.7,0.1,0.7,0.3,antifragile,0.560276,0.653622,0.063246,0.27742
0.7,0.1,0.7,0.4,antifragile,0.666983,0.860875,0.123515,0.195677
0.7,0.1,0.7,0.5,antifragile,0.78748,0.865251,-0.017734,0.115064
0.7,0.1,0.7,0.6,antifragile,0.796884,0.995461,-0.061935,0.076571
0.7,0.1,0.7,0.7,antifragile,0.80953,1.106407,-0.114484,-0.05347
0.7,0.1,0.7,0.8,antifragile,1.017737,1.237159,-0.07477,-0.113277
0.7,0.1,0.7,0.9,antifragile,1.124238,1.324144,-0.050265,-0.1914
0.7,0.1,0.7,1.0,antifragile,1.190084,1.344855,-0.152039,-0.297136
0.7,0.1,0.8,0.0,unification,0.037065,0.349891,0.309584,0.623309
0.7,0.1,0.8,0.1,unification,0.188267,0.494423,0.242524,0.562857
0.7,0.1,0.8,0.2,unification,0.35092,0.518361,0.233637,0.566388
0.7,0.1,0.8,0.3,antifragile,0.417973,0.741559,0.12823,0.405454
0.7,0.1,0.8,0.4,antifragile,0.496938,0.939535,0.17039,0.394751
0.7,0.1,0.8,0.5,antifragile,0.662667,0.873941,0.157472,0.181485
0.7,0.1,0.8,0.6,antifragile,0.753849,0.986411,0.115932,0.132216
0.7,0.1,0.8,0.7,antifragile,0.795896,1.009056,0.051116,0.131829
0.7,0.1,0.8,0.8,antifragile,0.91251,1.250714,-0.000681,0.02621
0.7,0.1,0.8,0.9,antifragile,1.059619,1.296525,-0.035525,0.029493
0.7,0.1,0.8,1.0,antifragile,1.119305,1.267722,-0.132003,-0.122332
0.7,0.1,0.9,0.0,unification,-0.031405,0.423551,0.370322,0.879095
0.7,0.1,0.9,0.1,unification,0.058462,0.514153,0.418458,0.711761
0.7,0.1,0.9,0.2,unification,0.234478,0.563386,0.335835,0.719222
0.7,0.1,0.9,0.3,antifragile,0.368661,0.670706,0.303153,0.506537
0.7,0.1,0.9,0.4,antifragile,0.427954,0.684925,0.229092,0.54084
0.7,0.1,0.9,0.5,antifragile,0.539647,0.70972,0.13766,0.429054
0.7,0.1,0.9,0.6,antifragile,0.623044,0.969192,0.08964,0.334086
0.7,0.1,0.9,0.7,antifragile,0.781597,1.064495,0.07724,0.26899
0.7,0.1,0.9,0.8,antifragile,0.945328,1.006365,0.072585,0.054683
0.7,0.1,0.9,0.9,antifragile,0.93699,1.176071,0.026677,0.078877
0.7,0.1,0.9,1.0,antifragile,1.135249,1.323201,0.023681,-0.078925
0.7,0.1,1.0,0.0,unification,-0.047167,0.160209,0.551335,1.01736
0.7,0.1,1.0,0.1,unification,0.047503,0.531448,0.344809,0.903971
0.7,0.1,1.0,0.2,unification,0.126755,0.527204,0.336822,0.79974
0.7,0.1,1.0,0.3,unification,0.247391,0.57552,0.351565,0.629275
0.7,0.1,1.0,0.4,antifragile,0.32023,0.753041,0.36404,0.648435
0.7,0.1,1.0,0.5,antifragile,0.498019,0.848673,0.242823,0.541977
0.7,0.1,1.0,0.6,antifragile,0.614339,0.826022,0.165734,0.367968
0.7,0.1,1.0,0.7,antifragile,0.580723,0.93746,0.168727,0.430615
0.7,0.1,1.0,0.8,antifragile,0.758126,1.009181,0.163309,0.260552
0.7,0.1,1.0,0.9,antifragile,0.850893,1.150572,0.168354,0.114506
0.7,0.1,1.0,1.0,antifragile,0.916712,1.298342,0.044301,0.17761
0.7,0.2,0.0,0.0,competitive,0.717285,0.714981,-0.220672,-0.263608
0.7,0.2,0.0,0.1,competitive,0.851879,0.796719,-0.24866,-0.297339
0.7,0.2,0.0,0.2,competitive,0.953841,0.892052,-0.319355,-0.362557
0.7,0.2,0.0,0.3,antifragile,1.068116,1.092662,-0.394299,-0.414863
0.7,0.2,0.0,0.4,competitive,1.279323,1.119493,-0.541709,-0.553313
0.7,0.2,0.0,0.5,antifragile,1.214813,1.241098,-0.464691,-0.551824
0.7,0.2,0.0,0.6,competitive,1.415578,1.320362,-0.561165,-0.664755
0.7,0.2,0.0,0.7,competitive,1.563329,1.312645,-0.555857,-0.757279
0.7,0.2,0.0,0.8,competitive,1.609901,1.551829,-0.543575,-0.839695
0.7,0.2,0.0,0.9,competitive,1.75588,1.613214,-0.617947,-0.962741
0.7,0.2,0.0,1.0,competitive,1.874515,1.632846,-0.663614,-1.087837
0.7,0.2,0.1,0.0,antifragile,0.671584,0.746626,-0.221777,-0.062696
0.7,0.2,0.1,0.1,antifragile,0.720997,0.833766,-0.144151,-0.163955
0.7,0.2,0.1,0.2,antifragile,0.700441,0.93264,-0.252745,-0.222552
0.7,0.2,0.1,0.3,competitive,1.013186,0.951799,-0.326514,-0.327785
0.7,0.2,0.1,0.4,antifragile,1.099454,1.108948,-0.253342,-0.37483
0.7,0.2,0.1,0.5,antifragile,1.177769,1.20431,-0.423563,-0.409031
0.7,0.2,0.1,0.6,competitive,1.305569,1.243565,-0.463401,-0.533653
0.7,0.2,0.1,0.7,competitive,1.390969,1.345286,-0.53856,-0.671734
0.7,0.2,0.1,0.8,competitive,1.486575,1.465928,-0.508382,-0.867444
0.7,0.2,0.1,0.9,competitive,1.604249,1.467276,-0.587142,-0.769806
0.7,0.2,0.1,1.0,competitive,1.650551,1.649742,-0.600361,-0.940002
0.7,0.2,0.2,0.0,antifragile,0.496034,0.665976,-0.06841,-0.016257
0.7,0.2,0.2,0.1,competitive,0.712526,0.685687,-0.11057,-0.074048
0.7,0.2,0.2,0.2,antifragile,0.742047,0.77606,-0.196437,-0.110049
0.7,0.2,0.2,0.3,antifragile,0.817534,0.950722,-0.187728,-0.049699
0.7,0.2,0.2,0.4,antifragile,1.031435,1.088821,-0.338451,-0.367923
0.7,0.2,0.2,0.5,antifragile,1.08015,1.214341,-0.166282,-0.389377
0.7,0.2,0.2,0.6,antifragile,1.175689,1.247195,-0.339858,-0.448597
0.7,0.2,0.2,0.7,antifragile,1.346745,1.450776,-0.304771,-0.431544
0.7,0.2,0.2,0.8,antifragile,1.332793,1.463739,-0.457493,-0.526178
0.7,0.2,0.2,0.9,competitive,1.602866,1.535191,-0.487145,-0.719191
0.7,0.2,0.2,1.0,antifragile,1.624855,1.638117,-0.469806,-0.708998
0.7,0.2,0.3,0.0,antifragile,0.535541,0.572732,0.01876,0.218152
0.7,0.2,0.3,0.1,antifragile,0.560249,0.757088,-0.020451,0.081272
0.7,0.2,0.3,0.2,antifragile,0.667894,0.787539,-0.121376,0.020734
0.7,0.2,0.3,0.3,antifragile,0.720154,0.923694,-0.054794,-0.057476
0.7,0.2,0.3,0.4,antifragile,0.942321,1.002766,-0.216105,-0.044647
0.7,0.2,0.3,0.5,antifragile,0.883879,1.090515,-0.243428,-0.150915
0.7,0.2,0.3,0.6,antifragile,1.125798,1.312774,-0.2432,-0.353042
0.7,0.2,0.3,0.7,antifragile,1.139487,1.335332,-0.326737,-0.42099
0.7,0.2,0.3,0.8,antifragile,1.396405,1.427668,-0.355482,-0.5077
0.7,0.2,0.3,0.9,antifragile,1.357197,1.367224,-0.326815,-0.526298
0.7,0.2,0.3,1.0,antifragile,1.57286,1.574361,-0.440308,-0.581593
0.7,0.2,0.4,0.0,antifragile,0.275799,0.556575,0.088035,0.319979
0.7,0.2,0.4,0.1,antifragile,0.474898,0.649038,0.067045,0.17423
0.7,0.2,0.4,0.2,antifragile,0.5778,0.791595,-0.016627,0.150239
0.7,0.2,0.4,0.3,antifragile,0.705776,0.776959,-0.123365,0.071696
0.7,0.2,0.4,0.4,antifragile,0.774581,0.932599,-0.05155,-0.069442
0.7,0.2,0.4,0.5,antifragile,0.794338,1.137851,-0.059508,-0.045142
0.7,0.2,0.4,0.6,antifragile,0.968963,1.146129,-0.223421,-0.192998
0.7,0.2,0.4,0.7,antifragile,1.117599,1.191097,-0.174836,-0.287937
0.7,0.2,0.4,0.8,antifragile,1.331135,1.344289,-0.367395,-0.450606
0.7,0.2,0.4,0.9,competitive,1.459782,1.417048,-0.268,-0.444514
0.7,0.2,0.4,1.0,competitive,1.535816,1.434654,-0.253537,-0.466981
0.7,0.2,0.5,0.0,antifragile,0.275308,0.565664,0.14647,0.360737
0.7,0.2,0.5,0.1,antifragile,0.414014,0.652329,0.138368,0.384115
0.7,0.2,0.5,0.2,antifragile,0.464783,0.809663,0.085407,0.302086
0.7,0.2,0.5,0.3,antifragile,0.591394,0.882511,0.0502,0.185744
0.7,0.2,0.5,0.4,antifragile,0.775368,0.838856,-0.009001,0.074368
0.7,0.2,0.5,0.5,antifragile,0.843694,1.03579,-0.03559,-0.0157
0.7,0.2,0.5,0.6,antifragile,0.933798,1.131168,-0.083922,-0.009623
0.7,0.2,0.5,0.7,antifragile,1.075601,1.210952,-0.232301,-0.160915
0.7,0.2,0.5,0.8,antifragile,1.186505,1.291032,-0.139837,-0.246229
0.7,0.2,0.5,0.9,antifragile,1.276625,1.47005,-0.155663,-0.384779
0.7,0.2,0.5,1.0,antifragile,1.292099,1.517128,-0.176607,-0.488032
0.7,0.2,0.6,0.0,unification,0.17451,0.628661,0.236568,0.696293
0.7,0.2,0.6,0.1,antifragile,0.25382,0.572655,0.174852,0.421041
0.7,0.2,0.6,0.2,antifragile,0.320435,0.688938,0.177243,0.364161
0.7,0.2,0.6,0.3,antifragile,0.491189,0.867304,0.178587,0.302066
0.7,0.2,0.6,0.4,antifragile,0.646494,0.808179,0.103481,0.22688
0.7,0.2,0.6,0.5,antifragile,0.716292,0.98664,0.043558,0.079318
0.7,0.2,0.6,0.6,antifragile,0.928989,1.127541,-0.00939,-0.028028
0.7,0.2,0.6,0.7,antifragile,0.832186,1.275235,-0.038683,0.013149
0.7,0.2,0.6,0.8,antifragile,1.017564,1.254631,-0.082817,-0.097927
0.7,0.2,0.6,0.9,antifragile,1.179493,1.318887,-0.156634,-0.199077
0.7,0.2,0.6,1.0,antifragile,1.197284,1.418846,-0.157707,-0.260125
0.7,0.2,0.7,0.0,unification,0.170172,0.451177,0.336806,0.601632
0.7,0.2,0.7,0.1,unification,0.221741,0.524532,0.279588,0.633794
0.7,0.2,0.7,0.2,antifragile,0.340884,0.592313,0.295098,0.523056
0.7,0.2,0.7,0.3,antifragile,0.488359,0.833082,0.295307,0.368779
0.7,0.2,0.7,0.4,antifragile,0.555114,0.77613,0.240073,0.427189
0.7,0.2,0.7,0.5,antifragile,0.693903,0.92877,0.162212,0.242388
0.7,0.2,0.7,0.6,antifragile,0.755688,1.04039,-0.004917,0.144525
0.7,0.2,0.7,0.7,antifragile,0.978543,1.135665,0.063011,0.099566
0.7,0.2,0.7,0.8,antifragile,0.954474,1.236805,-0.00535,-0.099147
0.7,0.2,0.7,0.9,antifragile,1.124311,1.410643,-0.083209,-0.090642
0.7,0.2,0.7,1.0,antifragile,1.269998,1.38643,-0.045614,0.061346
0.7,0.2,0.8,0.0,unification,0.036613,0.443441,0.464086,0.858837
0.7,0.2,0.8,0.1,unification,0.081887,0.448178,0.409696,0.772193
0.7,0.2,0.8,0.2,antifragile,0.210125,0.71226,0.412237,0.688726
0.7,0.2,0.8,0.3,antifragile,0.321069,0.620454,0.291282,0.47319
0.7,0.2,0.8,0.4,antifragile,0.327145,0.852358,0.318615,0.38247
0.7,0.2,0.8,0.5,antifragile,0.542173,0.914125,0.20538,0.326074
0.7,0.2,0.8,0.6,antifragile,0.731552,0.942456,0.08254,0.241278
0.7,0.2,0.8,0.7,antifragile,0.799067,1.09164,0.101488,0.251382
0.7,0.2,0.8,0.8,antifragile,0.901631,1.084634,0.125878,0.199062
0.7,0.2,0.8,0.9,antifragile,0.988841,1.283254,0.154694,0.019509
0.7,0.2,0.8,1.0,antifragile,1.096717,1.406549,0.022422,-0.043614
0.7,0.2,0.9,0.0,unification,-0.080539,0.483447,0.545383,0.941264
0.7,0.2,0.9,0.1,unification,-0.018197,0.46345,0.512511,0.780334
0.7,0.2,0.9,0.2,unification,0.255159,0.593411,0.356073,0.784099
0.7,0.2,0.9,0.3,unification,0.204965,0.669051,0.309461,0.67807
0.7,0.2,0.9,0.4,antifragile,0.248868,0.755007,0.303635,0.579884
0.7,0.2,0.9,0.5,antifragile,0.42679,0.881698,0.3494,0.538031
0.7,0.2,0.9,0.6,antifragile,0.639963,0.950074,0.281236,0.453206
0.7,0.2,0.9,0.7,antifragile,0.742583,1.033478,0.264442,0.307135
0.7,0.2,0.9,0.8,antifragile,0.766504,1.147067,0.207659,0.21065
0.7,0.2,0.9,0.9,antifragile,0.857617,1.227747,0.147422,0.133188
0.7,0.2,0.9,1.0,antifragile,1.028199,1.337108,0.137895,0.098147
0.7,0.2,1.0,0.0,unification,-0.087393,0.376057,0.529081,1.059362
0.7,0.2,1.0,0.1,unification,-0.063943,0.419566,0.625855,0.969503
0.7,0.2,1.0,0.2,unification,0.012767,0.569077,0.46469,0.948317
0.7,0.2,1.0,0.3,unification,0.193268,0.661531,0.499578,0.790016
0.7,0.2,1.0,0.4,antifragile,0.189864,0.73372,0.404924,0.628173
0.7,0.2,1.0,0.5,antifragile,0.322107,0.783481,0.33731,0.711665
0.7,0.2,1.0,0.6,antifragile,0.510597,0.988249,0.375479,0.614151
0.7,0.2,1.0,0.7,antifragile,0.596346,1.110784,0.24843,0.471613
0.7,0.2,1.0,0.8,antifragile,0.653756,1.192085,0.29099,0.449335
0.7,0.2,1.0,0.9,antifragile,0.744827,1.194878,0.140803,0.323064
0.7,0.2,1.0,1.0,antifragile,0.903593,1.357779,0.191583,0.113491
0.7,0.3,0.0,0.0,antifragile,0.566981,0.769121,-0.121714,-0.170814
0.7,0.3,0.0,0.1,antifragile,0.755826,0.80913,-0.240511,-0.177751
0.7,0.3,0.0,0.2,antifragile,0.876176,0.919673,-0.324307,-0.224218
0.7,0.3,0.0,0.3,antifragile,0.962465,1.003086,-0.280391,-0.332393
0.7,0.3,0.0,0.4,antifragile,1.092201,1.132606,-0.29673,-0.40243
0.7,0.3,0.0,0.5,antifragile,1.240985,1.319237,-0.345757,-0.516081
0.7,0.3,0.0,0.6,antifragile,1.238158,1.367317,-0.430125,-0.452623
0.7,0.3,0.0,0.7,competitive,1.558959,1.419349,-0.50825,-0.622311
0.7,0.3,0.0,0.8,competitive,1.634939,1.459386,-0.370097,-0.83245
0.7,0.3,0.0,0.9,antifragile,1.56729,1.635448,-0.454165,-0.828322
0.7,0.3,0.0,1.0,competitive,1.772471,1.770221,-0.483991,-0.941115
0.7,0.3,0.1,0.0,antifragile,0.516827,0.782679,-0.037289,0.094437
0.7,0.3,0.1,0.1,antifragile,0.636941,0.856903,-0.154724,-0.007638
0.7,0.3,0.1,0.2,antifragile,0.785589,0.925934,-0.10094,-0.15601
0.7,0.3,0.1,0.3,antifragile,0.923846,1.016033,-0.219578,-0.256091
0.7,0.3,0.1,0.4,antifragile,1.094434,1.106527,-0.237748,-0.332184
0.7,0.3,0.1,0.5,antifragile,1.164433,1.255554,-0.219075,-0.363052
0.7,0.3,0.1,0.6,antifragile,1.257563,1.258809,-0.289119,-0.447716
0.7,0.3,0.1,0.7,competitive,1.343352,1.304342,-0.246516,-0.449073
0.7,0.3,0.1,0.8,antifragile,1.382498,1.518868,-0.454349,-0.610807
0.7,0.3,0.1,0.9,antifragile,1.440214,1.570392,-0.444388,-0.642163
0.7,0.3,0.1,1.0,antifragile,1.743424,1.764549,-0.402087,-0.780879
0.7,0.3,0.2,0.0,antifragile,0.489415,0.714172,-0.034016,0.247296
0.7,0.3,0.2,0.1,antifragile,0.614503,0.826825,-0.129074,0.127637
0.7,0.3,0.2,0.2,antifragile,0.740282,0.884238,-0.080037,-0.048121
0.7,0.3,0.2,0.3,antifragile,0.728293,0.987717,-0.106738,-0.077439
0.7,0.3,0.2,0.4,antifragile,0.986446,1.012204,-0.152285,-0.065295
0.7,0.3,0.2,0.5,antifragile,1.004395,1.173314,-0.183755,-0.199711
0.7,0.3,0.2,0.6,antifragile,1.027248,1.254832,-0.212278,-0.36991
0.7,0.3,0.2,0.7,antifragile,1.25718,1.399319,-0.232403,-0.316036
0.7,0.3,0.2,0.8,antifragile,1.328332,1.479929,-0.271198,-0.501781
0.7,0.3,0.2,0.9,antifragile,1.51667,1.564412,-0.395052,-0.53747
0.7,0.3,0.2,1.0,antifragile,1.545031,1.628862,-0.387435,-0.623235
0.7,0.3,0.3,0.0,antifragile,0.433949,0.652026,0.099158,0.212643
0.7,0.3,0.3,0.1,antifragile,0.454509,0.707662,0.08556,0.224647
0.7,0.3,0.3,0.2,antifragile,0.554558,0.857635,0.026617,0.017979
0.7,0.3,0.3,0.3,antifragile,0.765396,0.995545,-0.021896,0.07763
0.7,0.3,0.3,0.4,antifragile,0.803736,0.959778,0.058186,0.012488
0.7,0.3,0.3,0.5,antifragile,0.97703,1.120773,-0.033701,-0.178511
0.7,0.3,0.3,0.6,antifragile,1.027726,1.266991,-0.16134,-0.149464
0.7,0.3,0.3,0.7,antifragile,1.165188,1.335481,-0.206003,-0.259781
0.7,0.3,0.3,0.8,antifragile,1.356627,1.428764,-0.182202,-0.329824
0.7,0.3,0.3,0.9,antifragile,1.312779,1.508371,-0.258151,-0.556245
0.7,0.3,0.3,1.0,antifragile,1.519449,1.563409,-0.256018,-0.572901
0.7,0.3,0.4,0.0,antifragile,0.392106,0.611072,0.291058,0.431364
0.7,0.3,0.4,0.1,antifragile,0.397327,0.79833,0.109122,0.357498
0.7,0.3,0.4,0.2,antifragile,0.536977,0.835189,0.117151,0.265284
0.7,0.3,0.4,0.3,antifragile,0.662322,0.918839,0.123319,0.204595
0.7,0.3,0.4,0.4,antifragile,0.76251,1.061678,0.019496,0.155322
0.7,0.3,0.4,0.5,antifragile,0.832159,1.029967,-0.02146,-0.021135
0.7,0.3,0.4,0.6,antifragile,0.968767,1.180711,-0.038606,-0.019289
0.7,0.3,0.4,0.7,antifragile,1.134289,1.304635,-0.030718,-0.163857
0.7,0.3,0.4,0.8,antifragile,1.091842,1.326034,-0.134785,-0.20022
0.7,0.3,0.4,0.9,antifragile,1.270356,1.539294,-0.073418,-0.369414
0.7,0.3,0.4,1.0,competitive,1.496243,1.493263,-0.112558,-0.411676
0.7,0.3,0.5,0.0,unification,0.188358,0.589599,0.240002,0.640078
0.7,0.3,0.5,0.1,antifragile,0.2754,0.656774,0.171037,0.443467
0.7,0.3,0.5,0.2,antifragile,0.384988,0.741632,0.191215,0.339262
0.7,0.3,0.5,0.3,antifragile,0.609726,0.86736,0.178702,0.35309
0.7,0.3,0.5,0.4,antifragile,0.741247,1.015494,0.107608,0.171363
0.7,0.3,0.5,0.5,antifragile,0.766905,1.118115,0.087097,0.143261
0.7,0.3,0.5,0.6,antifragile,0.870674,1.066511,0.047323,0.091614
0.7,0.3,0.5,0.7,antifragile,0.967716,1.311175,0.057844,-0.055195
0.7,0.3,0.5,0.8,antifragile,1.102089,1.352138,-0.141427,-0.124359
0.7,0.3,0.5,0.9,antifragile,1.138455,1.451699,-0.045862,-0.210881
0.7,0.3,0.5,1.0,antifragile,1.254998,1.551698,0.002185,-0.393615
0.7,0.3,0.6,0.0,unification,0.12164,0.527811,0.343696,0.684765
0.7,0.3,0.6,0.1,antifragile,0.202797,0.68009,0.31291,0.496906
0.7,0.3,0.6,0.2,antifragile,0.393983,0.801464,0.254662,0.522489
0.7,0.3,0.6,0.3,antifragile,0.500879,0.891658,0.312868,0.453724
0.7,0.3,0.6,0.4,antifragile,0.588477,1.005438,0.187836,0.372031
0.7,0.3,0.6,0.5,antifragile,0.55267,0.951008,0.189999,0.297633
0.7,0.3,0.6,0.6,antifragile,0.750636,1.094679,0.107222,0.189593
0.7,0.3,0.6,0.7,antifragile,0.764314,1.243281,0.08662,0.107371
0.7,0.3,0.6,0.8,antifragile,0.983814,1.245846,-0.00991,0.086174
0.7,0.3,0.6,0.9,antifragile,1.067869,1.450391,-0.049118,-0.07575
0.7,0.3,0.6,1.0,antifragile,1.187966,1.490625,-0.052,-0.087804
0.7,0.3,0.7,0.0,unification,0.116374,0.531882,0.429365,0.748539
0.7,0.3,0.7,0.1,unification,0.060097,0.687468,0.33657,0.707983
0.7,0.3,0.7,0.2,antifragile,0.247765,0.579922,0.30747,0.578079
0.7,0.3,0.7,0.3,antifragile,0.316715,0.817934,0.381389,0.526822
0.7,0.3,0.7,0.4,antifragile,0.436917,0.894021,0.249723,0.49589
0.7,0.3,0.7,0.5,antifragile,0.592435,0.858921,0.281971,0.39636
0.7,0.3,0.7,0.6,antifragile,0.692938,1.14898,0.120685,0.242225
0.7,0.3,0.7,0.7,antifragile,0.786488,1.068931,0.159417,0.262303
0.7,0.3,0.7,0.8,antifragile,0.919832,1.28395,0.118364,0.113606
0.7,0.3,0.7,0.9,antifragile,0.985726,1.386436,0.012455,0.123156
0.7,0.3,0.7,1.0,antifragile,1.083118,1.497884,0.054018,-0.092682
0.7,0.3,0.8,0.0,unification,-0.005367,0.539073,0.456467,0.936321
0.7,0.3,0.8,0.1,unification,0.050368,0.476433,0.388973,0.813317
0.7,0.3,0.8,0.2,unification,0.084339,0.622824,0.389347,0.76388
0.7,0.3,0.8,0.3,antifragile,0.215386,0.825698,0.424014,0.724716
0.7,0.3,0.8,0.4,antifragile,0.285587,0.833589,0.381811,0.622649
0.7,0.3,0.8,0.5,antifragile,0.447615,0.934944,0.315423,0.500107
0.7,0.3,0.8,0.6,antifragile,0.69821,1.070662,0.296994,0.36705
0.7,0.3,0.8,0.7,antifragile,0.638233,1.13934,0.311519,0.335043
0.7,0.3,0.8,0.8,antifragile,0.802184,1.207788,0.127916,0.281845
0.7,0.3,0.8,0.9,antifragile,0.907282,1.362302,0.182732,0.126795
0.7,0.3,0.8,1.0,antifragile,1.04127,1.370447,0.145877,0.086858
0.7,0.3,0.9,0.0,unification,-0.08297,0.406655,0.553656,1.044342
0.7,0.3,0.9,0.1,unification,-0.019546,0.405114,0.623777,0.969569
0.7,0.3,0.9,0.2,unification,0.002904,0.621608,0.502946,0.833745
0.7,0.3,0.9,0.3,unification,0.07307,0.771524,0.472026,0.790426
0.7,0.3,0.9,0.4,antifragile,0.322239,0.832793,0.382029,0.75864
0.7,0.3,0.9,0.5,antifragile,0.464192,0.950155,0.376749,0.566361
0.7,0.3,0.9,0.6,antifragile,0.45493,1.025152,0.451313,0.517032
0.7,0.3,0.9,0.7,antifragile,0.577554,1.166072,0.318299,0.555699
0.7,0.3,0.9,0.8,antifragile,0.712595,1.268389,0.319139,0.420355
0.7,0.3,0.9,0.9,antifragile,0.821147,1.299417,0.280946,0.339907
0.7,0.3,0.9,1.0,antifragile,0.966303,1.311628,0.232884,0.182171
0.7,0.3,1.0,0.0,unification,-0.277294,0.437875,0.789896,1.178397
0.7,0.3,1.0,0.1,unification,-0.041356,0.45515,0.726587,1.126535
0.7,0.3,1.0,0.2,unification,-0.019572,0.674158,0.593173,1.083878
0.7,0.3,1.0,0.3,unification,0.069584,0.667895,0.518667,1.014268
0.7,0.3,1.0,0.4,unification,0.247063,0.771097,0.572271,0.85633
0.7,0.3,1.0,0.5,antifragile,0.282354,0.938238,0.473729,0.655418
0.7,0.3,1.0,0.6,antifragile,0.422992,0.988338,0.435336,0.635379
0.7,0.3,1.0,0.7,antifragile,0.44203,1.061864,0.381238,0.64322
0.7,0.3,1.0,0.8,antifragile,0.655825,1.150773,0.411136,0.504626
0.7,0.3,1.0,0.9,antifragile,0.726528,1.26726,0.433565,0.457201
0.7,0.3,1.0,1.0,antifragile,0.835076,1.409693,0.34789,0.352986
0.7,0.4,0.0,0.0,antifragile,0.558572,0.79027,-0.083757,0.069025
0.7,0.4,0.0,0.1,antifragile,0.654507,0.883164,-0.038799,0.059359
0.7,0.4,0.0,0.2,antifragile,0.81371,0.994743,-0.110938,-0.053102
0.7,0.4,0.0,0.3,antifragile,0.924385,1.104687,-0.136771,-0.266431
0.7,0.4,0.0,0.4,antifragile,1.034524,1.146239,-0.170279,-0.316759
0.7,0.4,0.0,0.5,antifragile,1.154558,1.277346,-0.287268,-0.379534
0.7,0.4,0.0,0.6,competitive,1.345294,1.266347,-0.261683,-0.500528
0.7,0.4,0.0,0.7,antifragile,1.413844,1.515815,-0.300705,-0.489128
0.7,0.4,0.0,0.8,antifragile,1.467229,1.570306,-0.379943,-0.638046
0.7,0.4,0.0,0.9,antifragile,1.541797,1.665517,-0.484605,-0.653517
0.7,0.4,0.0,1.0,competitive,1.772344,1.738389,-0.371252,-0.796705
0.7,0.4,0.1,0.0,antifragile,0.454885,0.755911,0.059285,0.148935
0.7,0.4,0.1,0.1,antifragile,0.625309,0.844036,-0.038661,0.099004
0.7,0.4,0.1,0.2,antifragile,0.670303,0.948634,-0.027715,-0.051985
0.7,0.4,0.1,0.3,antifragile,0.887943,1.100632,-0.096503,-0.070956
0.7,0.4,0.1,0.4,antifragile,0.956789,1.165436,-0.011007,-0.166933
0.7,0.4,0.1,0.5,antifragile,1.094449,1.183268,-0.20404,-0.155776
0.7,0.4,0.1,0.6,antifragile,1.123402,1.286628,-0.187386,-0.261801
0.7,0.4,0.1,0.7,antifragile,1.216824,1.437915,-0.317724,-0.433442
0.7,0.4,0.1,0.8,antifragile,1.41486,1.495783,-0.328595,-0.533806
0.7,0.4,0.1,0.9,antifragile,1.444516,1.668236,-0.286011,-0.551353
0.7,0.4,0.1,1.0,antifragile,1.586422,1.694007,-0.383818,-0.643384
0.7,0.4,0.2,0.0,antifragile,0.47445,0.692963,0.089101,0.253209
0.7,0.4,0.2,0.1,antifragile,0.546576,0.832893,0.12777,0.199602
0.7,0.4,0.2,0.2,antifragile,0.645912,0.915618,-0.017246,0.186145
0.7,0.4,0.2,0.3,antifragile,0.723189,1.009485,0.034065,-0.017208
0.7,0.4,0.2,0.4,antifragile,0.856536,1.090209,-0.027805,0.026965
0.7,0.4,0.2,0.5,antifragile,0.97711,1.206181,-0.065054,-0.243028
0.7,0.4,0.2,0.6,antifragile,1.013905,1.318356,-0.138208,-0.266322
0.7,0.4,0.2,0.7,antifragile,1.189007,1.470322,-0.17607,-0.241249
0.7,0.4,0.2,0.8,antifragile,1.31124,1.451159,-0.216384,-0.279845
0.7,0.4,0.2,0.9,antifragile,1.329149,1.564549,-0.121713,-0.483443
0.7,0.4,0.2,1.0,antifragile,1.56265,1.638899,-0.253087,-0.485704
0.7,0.4,0.3,0.0,antifragile,0.281627,0.709987,0.262222,0.3899
0.7,0.4,0.3,0.1,antifragile,0.527018,0.851886,0.167136,0.338259
0.7,0.4,0.3,0.2,antifragile,0.620586,0.877259,0.121392,0.322308
0.7,0.4,0.3,0.3,antifragile,0.564972,0.986083,0.109208,0.144814
0.7,0.4,0.3,0.4,antifragile,0.66672,1.088455,0.099409,0.061047
0.7,0.4,0.3,0.5,antifragile,0.79601,1.242804,0.051406,-0.00809
0.7,0.4,0.3,0.6,antifragile,1.011043,1.287087,0.074461,-0.041792
0.7,0.4,0.3,0.7,antifragile,1.005507,1.337063,-0.085545,-0.144522
0.7,0.4,0.3,0.8,antifragile,1.169826,1.408636,-0.065543,-0.194994
0.7,0.4,0.3,0.9,antifragile,1.289863,1.570473,-0.183378,-0.356127
0.7,0.4,0.3,1.0,antifragile,1.380918,1.682929,-0.162199,-0.431485
0.7,0.4,0.4,0.0,antifragile,0.196531,0.571609,0.390294,0.455728
0.7,0.4,0.4,0.1,antifragile,0.346094,0.766885,0.256716,0.47459
0.7,0.4,0.4,0.2,antifragile,0.401851,0.892641,0.164322,0.406391
0.7,0.4,0.4,0.3,antifragile,0.511112,0.933654,0.170005,0.296732
0.7,0.4,0.4,0.4,antifragile,0.680108,1.04821,0.196649,0.272245
0.7,0.4,0.4,0.5,antifragile,0.780438,1.17913,0.211247,0.064334
0.7,0.4,0.4,0.6,antifragile,0.928807,1.317242,0.091684,0.145202
0.7,0.4,0.4,0.7,antifragile,1.073688,1.318148,0.016978,-0.00847
0.7,0.4,0.4,0.8,antifragile,1.063794,1.565561,0.029442,-0.117673
0.7,0.4,0.4,0.9,antifragile,1.13449,1.537596,-0.109282,-0.167004
0.7,0.4,0.4,1.0,antifragile,1.18989,1.689186,-0.111207,-0.374586
0.7,0.4,0.5,0.0,unification,0.12418,0.635841,0.391784,0.753986
0.7,0.4,0.5,0.1,antifragile,0.254044,0.769804,0.342564,0.62135
0.7,0.4,0.5,0.2,antifragile,0.279576,0.837905,0.27709,0.580982
0.7,0.4,0.5,0.3,antifragile,0.458775,0.953143,0.288116,0.520315
0.7,0.4,0.5,0.4,antifragile,0.486982,1.00931,0.186996,0.242518
0.7,0.4,0.5,0.5,antifragile,0.623749,1.168602,0.193491,0.249011
0.7,0.4,0.5,0.6,antifragile,0.823675,1.210772,0.185667,0.191142
0.7,0.4,0.5,0.7,antifragile,0.922135,1.277516,0.167354,0.029393
0.7,0.4,0.5,0.8,antifragile,1.000701,1.449846,0.067297,-0.016543
0.7,0.4,0.5,0.9,antifragile,1.229422,1.56093,0.042082,-0.128524
0.7,0.4,0.5,1.0,antifragile,1.123246,1.620433,0.058293,-0.145211
0.7,0.4,0.6,0.0,unification,-0.050535,0.608016,0.455657,0.818083
0.7,0.4,0.6,0.1,antifragile,0.242171,0.73447,0.468804,0.722733
0.7,0.4,0.6,0.2,antifragile,0.275724,0.753849,0.427747,0.630332
0.7,0.4,0.6,0.3,antifragile,0.323887,0.92575,0.248422,0.527769
0.7,0.4,0.6,0.4,antifragile,0.505666,1.041229,0.343585,0.436396
0.7,0.4,0.6,0.5,antifragile,0.582453,1.089564,0.358027,0.43103
0.7,0.4,0.6,0.6,antifragile,0.741396,1.173271,0.186451,0.229698
0.7,0.4,0.6,0.7,antifragile,0.789937,1.299972,0.174906,0.243609
0.7,0.4,0.6,0.8,antifragile,0.875266,1.327979,0.2304,0.168344
0.7,0.4,0.6,0.9,antifragile,1.009676,1.413472,0.167446,0.088823
0.7,0.4,0.6,1.0,antifragile,1.16696,1.541109,0.02527,-0.040742
0.7,0.4,0.7,0.0,unification,0.01538,0.519548,0.567373,1.01679
0.7,0.4,0.7,0.1,unification,0.039788,0.653626,0.45748,0.88116
0.7,0.4,0.7,0.2,unification,0.12797,0.67727,0.437322,0.775422
0.7,0.4,0.7,0.3,antifragile,0.195995,0.780709,0.472964,0.676381
0.7,0.4,0.7,0.4,antifragile,0.339301,0.928937,0.491909,0.659087
0.7,0.4,0.7,0.5,antifragile,0.489628,1.080809,0.37105,0.42129
0.7,0.4,0.7,0.6,antifragile,0.507342,1.089533,0.246212,0.438578
0.7,0.4,0.7,0.7,antifragile,0.687503,1.251266,0.307035,0.374501
0.7,0.4,0.7,0.8,antifragile,0.778469,1.350784,0.197227,0.290567
0.7,0.4,0.7,0.9,antifragile,0.996133,1.456158,0.196146,0.198338
0.7,0.4,0.7,1.0,antifragile,0.968337,1.427065,0.18834,0.150387
0.7,0.4,0.8,0.0,unification,-0.206572,0.530759,0.671943,1.029272
0.7,0.4,0.8,0.1,unification,-0.051969,0.655662,0.615409,0.980628
0.7,0.4,0.8,0.2,unification,0.025885,0.718443,0.550104,0.872781
0.7,0.4,0.8,0.3,antifragile,0.15793,0.813636,0.486586,0.805604
0.7,0.4,0.8,0.4,antifragile,0.276748,0.863395,0.39257,0.767373
0.7,0.4,0.8,0.5,antifragile,0.442315,0.964757,0.484083,0.583761
0.7,0.4,0.8,0.6,antifragile,0.499644,1.073486,0.39612,0.582309
0.7,0.4,0.8,0.7,antifragile,0.604906,1.178018,0.407161,0.468085
0.7,0.4,0.8,0.8,antifragile,0.705411,1.302032,0.379633,0.432796
0.7,0.4,0.8,0.9,antifragile,0.778769,1.321273,0.339954,0.280624
0.7,0.4,0.8,1.0,antifragile,0.845,1.443505,0.228048,0.194372
0.7,0.4,0.9,0.0,unification,-0.196754,0.448542,0.781777,1.199257
0.7,0.4,0.9,0.1,unification,-0.189327,0.574026,0.719733,1.101978
0.7,0.4,0.9,0.2,unification,0.003949,0.655629,0.682738,0.995077
0.7,0.4,0.9,0.3,unification,0.222308,0.714027,0.749898,0.882443
0.7,0.4,0.9,0.4,antifragile,0.268561,0.916372,0.529522,0.874974
0.7,0.4,0.9,0.5,antifragile,0.29021,0.983742,0.542393,0.742535
0.7,0.4,0.9,0.6,antifragile,0.403379,1.082044,0.449809,0.631695
0.7,0.4,0.9,0.7,antifragile,0.582749,1.181419,0.389667,0.539836
0.7,0.4,0.9,0.8,antifragile,0.538174,1.300484,0.449429,0.450562
0.7,0.4,0.9,0.9,antifragile,0.787483,1.449275,0.298033,0.389245
0.7,0.4,0.9,1.0,antifragile,0.78694,1.492427,0.330197,0.315095
0.7,0.4,1.0,0.0,unification,-0.313629,0.432153,0.799918,1.323738
0.7,0.4,1.0,0.1,unification,-0.245504,0.531551,0.772174,1.229567
0.7,0.4,1.0,0.2,unification,-0.074918,0.679161,0.665021,1.210398
0.7,0.4,1.0,0.3,unification,0.007956,0.728417,0.654823,1.154458
0.7,0.4,1.0,0.4,unification,0.232993,0.933309,0.666071,0.987205
0.7,0.4,1.0,0.5,antifragile,0.299552,0.922962,0.647065,0.896361
0.7,0.4,1.0,0.6,antifragile,0.430938,1.101816,0.573101,0.876253
0.7,0.4,1.0,0.7,antifragile,0.444808,1.097711,0.525733,0.722371
0.7,0.4,1.0,0.8,antifragile,0.515747,1.194119,0.427831,0.588876
0.7,0.4,1.0,0.9,antifragile,0.676727,1.367107,0.505702,0.566492
0.7,0.4,1.0,1.0,antifragile,0.698536,1.36695,0.410128,0.508142
0.7,0.5,0.0,0.0,antifragile,0.472157,0.794012,0.157414,0.143253
0.7,0.5,0.0,0.1,antifragile,0.553606,0.961367,0.042496,0.069994
0.7,0.5,0.0,0.2,antifragile,0.720018,0.998703,-0.020579,0.008194
0.7,0.5,0.0,0.3,antifragile,0.728207,1.187753,-0.103645,-0.121943
0.7,0.5,0.0,0.4,antifragile,0.990008,1.263466,-0.070634,-0.24541
0.7,0.5,0.0,0.5,antifragile,1.019716,1.319192,-0.122176,-0.187929
0.7,0.5,0.0,0.6,antifragile,1.259715,1.455743,-0.18172,-0.269279
0.7,0.5,0.0,0.7,antifragile,1.240522,1.388815,-0.257477,-0.533596
0.7,0.5,0.0,0.8,antifragile,1.360809,1.606086,-0.314634,-0.542706
0.7,0.5,0.0,0.9,antifragile,1.418682,1.70365,-0.317674,-0.534503
0.7,0.5,0.0,1.0,antifragile,1.608484,1.885239,-0.337738,-0.562782
0.7,0.5,0.1,0.0,antifragile,0.410126,0.793577,0.290437,0.213575
0.7,0.5,0.1,0.1,antifragile,0.492366,0.831748,0.038086,0.116643
0.7,0.5,0.1,0.2,antifragile,0.660838,0.943547,0.077261,0.179596
0.7,0.5,0.1,0.3,antifragile,0.763167,1.125696,0.110691,0.130471
0.7,0.5,0.1,0.4,antifragile,0.787413,1.22416,-0.003611,-0.042334
0.7,0.5,0.1,0.5,antifragile,0.884426,1.268403,-0.051137,-0.048487
0.7,0.5,0.1,0.6,antifragile,1.012235,1.270727,-0.070305,-0.267838
0.7,0.5,0.1,0.7,antifragile,1.173021,1.518038,-0.114991,-0.311562
0.7,0.5,0.1,0.8,antifragile,1.282172,1.62237,-0.207733,-0.338576
0.7,0.5,0.1,0.9,antifragile,1.349778,1.705104,-0.267155,-0.432874
0.7,0.5,0.1,1.0,antifragile,1.504906,1.774828,-0.182053,-0.586055
0.7,0.5,0.2,0.0,antifragile,0.318747,0.800165,0.240049,0.465839
0.7,0.5,0.2,0.1,antifragile,0.446491,0.851004,0.278037,0.373095
0.7,0.5,0.2,0.2,antifragile,0.497872,0.93237,0.164024,0.282374
0.7,0.5,0.2,0.3,antifragile,0.539328,1.029975,0.106126,0.103117
0.7,0.5,0.2,0.4,antifragile,0.708912,1.171865,0.070554,0.069484
0.7,0.5,0.2,0.5,antifragile,0.801068,1.249324,-0.020203,0.077951
0.7,0.5,0.2,0.6,antifragile,1.067166,1.331342,-0.041122,-0.03727
0.7,0.5,0.2,0.7,antifragile,1.119618,1.543737,0.082054,-0.26634
0.7,0.5,0.2,0.8,antifragile,1.257933,1.533875,-0.037546,-0.211108
0.7,0.5,0.2,0.9,antifragile,1.346796,1.690018,-0.133013,-0.382644
0.7,0.5,0.2,1.0,antifragile,1.479346,1.691414,-0.05193,-0.458219
0.7,0.5,0.3,0.0,antifragile,0.210958,0.740479,0.262947,0.478091
0.7,0.5,0.3,0.1,antifragile,0.385602,0.758998,0.425983,0.465294
0.7,0.5,0.3,0.2,antifragile,0.398533,0.961011,0.136905,0.368322
0.7,0.5,0.3,0.3,antifragile,0.549733,0.97169,0.188411,0.376301
0.7,0.5,0.3,0.4,antifragile,0.679163,1.149973,0.140659,0.14883
0.7,0.5,0.3,0.5,antifragile,0.767947,1.102119,0.085159,0.067375
0.7,0.5,0.3,0.6,antifragile,0.788062,1.352461,0.093475,0.014016
0.7,0.5,0.3,0.7,antifragile,1.033551,1.332786,-0.007179,0.015866
0.7,0.5,0.3,0.8,antifragile,1.22407,1.544211,0.043579,-0.154093
0.7,0.5,0.3,0.9,antifragile,1.192057,1.616363,0.048645,-0.188673
0.7,0.5,0.3,1.0,antifragile,1.377898,1.654189,-0.029154,-0.328567
0.7,0.5,0.4,0.0,antifragile,0.147008,0.745791,0.398438,0.629146
0.7,0.5,0.4,0.1,antifragile,0.26813,0.803261,0.391807,0.627857
0.7,0.5,0.4,0.2,antifragile,0.425364,0.938163,0.371597,0.484981
0.7,0.5,0.4,0.3,antifragile,0.452658,1.022725,0.286838,0.447518
0.7,0.5,0.4,0.4,antifragile,0.539219,1.191467,0.274684,0.3464
0.7,0.5,0.4,0.5,antifragile,0.66587,1.285651,0.162335,0.219849
0.7,0.5,0.4,0.6,antifragile,0.84268,1.296983,0.156162,0.142596
0.7,0.5,0.4,0.7,antifragile,0.895455,1.385107,0.222682,0.115258
0.7,0.5,0.4,0.8,antifragile,1.071167,1.453286,0.130786,-0.077739
0.7,0.5,0.4,0.9,antifragile,1.139107,1.575898,0.156071,-0.007121
0.7,0.5,0.4,1.0,antifragile,1.227078,1.624143,-0.014485,-0.184732
0.7,0.5,0.5,0.0,unification,0.115087,0.700745,0.5359,0.84556
0.7,0.5,0.5,0.1,antifragile,0.110292,0.739547,0.496012,0.681054
0.7,0.5,0.5,0.2,antifragile,0.19368,0.815871,0.482718,0.616296
0.7,0.5,0.5,0.3,antifragile,0.391293,0.913374,0.40897,0.53652
0.7,0.5,0.5,0.4,antifragile,0.51231,1.036106,0.375214,0.438649
0.7,0.5,0.5,0.5,antifragile,0.595984,1.141416,0.311312,0.393953
0.7,0.5,0.5,0.6,antifragile,0.685255,1.244019,0.279324,0.320384
0.7,0.5,0.5,0.7,antifragile,0.816196,1.300647,0.234323,0.243517
0.7,0.5,0.5,0.8,antifragile,0.863343,1.373927,0.156889,0.115383
0.7,0.5,0.5,0.9,antifragile,0.930154,1.563705,0.140873,-0.077555
0.7,0.5,0.5,1.0,antifragile,1.094342,1.614971,0.021373,0.003523
0.7,0.5,0.6,0.0,unification,-0.030658,0.678909,0.543549,0.950569
0.7,0.5,0.6,0.1,unification,0.036968,0.730377,0.572642,0.841497
0.7,0.5,0.6,0.2,antifragile,0.220421,0.841954,0.491844,0.802144
0.7,0.5,0.6,0.3,antifragile,0.342683,0.93438,0.541805,0.663228
0.7,0.5,0.6,0.4,antifragile,0.393603,1.025219,0.42851,0.574473
0.7,0.5,0.6,0.5,antifragile,0.474257,1.070294,0.400538,0.564917
0.7,0.5,0.6,0.6,antifragile,0.66071,1.234404,0.417458,0.420962
0.7,0.5,0.6,0.7,antifragile,0.680559,1.292528,0.311967,0.309379
0.7,0.5,0.6,0.8,antifragile,0.870503,1.451777,0.188394,0.242727
0.7,0.5,0.6,0.9,antifragile,0.804844,1.495421,0.229862,0.25381
0.7,0.5,0.6,1.0,antifragile,1.133813,1.641618,0.147013,0.029125
0.7,0.5,0.7,0.0,unification,-0.184803,0.686331,0.634478,1.035721
0.7,0.5,0.7,0.1,unification,-0.064988,0.642091,0.656631,0.977667
0.7,0.5,0.7,0.2,unification,-0.021228,0.734903,0.612759,0.881389
0.7,0.5,0.7,0.3,antifragile,0.179953,0.925284,0.487848,0.77025
0.7,0.5,0.7,0.4,antifragile,0.335902,0.957535,0.535627,0.657689
0.7,0.5,0.7,0.5,antifragile,0.378808,0.99589,0.377144,0.606203
0.7,0.5,0.7,0.6,antifragile,0.552501,1.17426,0.498014,0.52536
0.7,0.5,0.7,0.7,antifragile,0.533993,1.29221,0.346074,0.466294
0.7,0.5,0.7,0.8,antifragile,0.635726,1.356248,0.395135,0.404024
0.7,0.5,0.7,0.9,antifragile,0.847463,1.462433,0.295141,0.275085
0.7,0.5,0.7,1.0,antifragile,1.001339,1.522506,0.247405,0.126023
0.7,0.5,0.8,0.0,unification,-0.187665,0.559007,0.701853,1.221117
0.7,0.5,0.8,0.1,unification,-0.115052,0.63016,0.766906,1.075203
0.7,0.5,0.8,0.2,unification,-0.081194,0.8102,0.640274,1.158285
0.7,0.5,0.8,0.3,unification,0.084991,0.756502,0.729996,0.919462
0.7,0.5,0.8,0.4,antifragile,0.230074,0.971369,0.534248,0.728946
0.7,0.5,0.8,0.5,antifragile,0.424969,0.969113,0.644183,0.778606
0.7,0.5,0.8,0.6,antifragile,0.446044,1.118876,0.637731,0.63265
0.7,0.5,0.8,0.7,antifragile,0.514047,1.270942,0.448649,0.531724
0.7,0.5,0.8,0.8,antifragile,0.654434,1.366724,0.536324,0.601522
0.7,0.5,0.8,0.9,antifragile,0.677817,1.479488,0.353165,0.365658
0.7,0.5,0.8,1.0,antifragile,0.850399,1.492215,0.308894,0.211115
0.7,0.5,0.9,0.0,unification,-0.24026,0.582343,0.846609,1.254059
0.7,0.5,0.9,0.1,unification,-0.140802,0.629267,0.778687,1.135237
0.7,0.5,0.9,0.2,unification,-0.06564,0.71073,0.780509,1.140884
0.7,0.5,0.9,0.3,unification,0.049238,0.833331,0.712223,1.075206
0.7,0.5,0.9,0.4,unification,0.175021,0.994799,0.631455,1.018093
0.7,0.5,0.9,0.5,antifragile,0.158092,1.063216,0.617967,0.919576
0.7,0.5,0.9,0.6,antifragile,0.422132,1.118966,0.607633,0.79008
0.7,0.5,0.9,0.7,antifragile,0.436471,1.261221,0.564611,0.601238
0.7,0.5,0.9,0.8,antifragile,0.614208,1.341582,0.532156,0.585589
0.7,0.5,0.9,0.9,antifragile,0.621989,1.355732,0.499941,0.447823
0.7,0.5,0.9,1.0,antifragile,0.811221,1.493628,0.514364,0.490062
0.7,0.5,1.0,0.0,unification,-0.436153,0.420455,0.893939,1.499062
0.7,0.5,1.0,0.1,unification,-0.275282,0.629867,0.863541,1.369238
0.7,0.5,1.0,0.2,unification,-0.256008,0.74176,0.797229,1.161279
0.7,0.5,1.0,0.3,unification,0.043117,0.796744,0.82036,1.081502
0.7,0.5,1.0,0.4,unification,0.071128,0.929301,0.765035,1.134495
0.7,0.5,1.0,0.5,antifragile,0.208525,1.006286,0.626689,0.94742
0.7,0.5,1.0,0.6,antifragile,0.344345,1.079119,0.699344,0.878417
0.7,0.5,1.0,0.7,antifragile,0.338126,1.229632,0.729924,0.87486
0.7,0.5,1.0,0.8,antifragile,0.507579,1.296331,0.611481,0.689817
0.7,0.5,1.0,0.9,antifragile,0.51901,1.425738,0.573354,0.688853
0.7,0.5,1.0,1.0,antifragile,0.710538,1.468075,0.552247,0.61487
0.7,0.6,0.0,0.0,antifragile,0.386622,0.95912,0.163113,0.311973
0.7,0.6,0.0,0.1,antifragile,0.47585,0.986668,0.127008,0.216211
0.7,0.6,0.0,0.2,antifragile,0.68177,1.093803,0.218043,0.169796
0.7,0.6,0.0,0.3,antifragile,0.743577,1.180695,0.098888,0.080216
0.7,0.6,0.0,0.4,antifragile,0.803297,1.311833,-0.020405,-0.013008
0.7,0.6,0.0,0.5,antifragile,1.030005,1.389987,-0.116287,-0.214118
0.7,0.6,0.0,0.6,antifragile,1.113136,1.347312,-0.009506,-0.160759
0.7,0.6,0.0,0.7,antifragile,1.251759,1.552926,-0.058075,-0.284555
0.7,0.6,0.0,0.8,antifragile,1.231358,1.697251,-0.050476,-0.34553
0.7,0.6,0.0,0.9,antifragile,1.38986,1.791997,-0.095118,-0.406688
0.7,0.6,0.0,1.0,antifragile,1.576344,1.770407,-0.180089,-0.517718
0.7,0.6,0.1,0.0,antifragile,0.386933,0.890781,0.362598,0.333608
0.7,0.6,0.1,0.1,antifragile,0.472917,0.98395,0.290136,0.417106
0.7,0.6,0.1,0.2,antifragile,0.510586,1.130427,0.245745,0.245642
0.7,0.6,0.1,0.3,antifragile,0.61956,1.159816,0.179284,0.187059
0.7,0.6,0.1,0.4,antifragile,0.743653,1.275467,0.104723,0.145829
0.7,0.6,0.1,0.5,antifragile,0.97051,1.29937,0.087995,0.048608
0.7,0.6,0.1,0.6,antifragile,1.008794,1.367374,0.08824,-0.115289
0.7,0.6,0.1,0.7,antifragile,1.115023,1.480298,0.04473,-0.191052
0.7,0.6,0.1,0.8,antifragile,1.260021,1.614256,-0.059062,-0.234388
0.7,0.6,0.1,0.9,antifragile,1.271281,1.809912,-0.065719,-0.368313
0.7,0.6,0.1,1.0,antifragile,1.415033,1.815879,-0.065209,-0.469726
0.7,0.6,0.2,0.0,antifragile,0.226561,0.827524,0.447124,0.599957
0.7,0.6,0.2,0.1,antifragile,0.434509,0.926552,0.401638,0.528364
0.7,0.6,0.2,0.2,antifragile,0.499838,1.05885,0.260271,0.471415
0.7,0.6,0.2,0.3,antifragile,0.562743,1.142985,0.283835,0.226433
0.7,0.6,0.2,0.4,antifragile,0.682445,1.220169,0.204331,0.208038
0.7,0.6,0.2,0.5,antifragile,0.869634,1.263643,0.106562,0.095675
0.7,0.6,0.2,0.6,antifragile,0.942212,1.442084,0.1603,0.085591
0.7,0.6,0.2,0.7,antifragile,1.027802,1.469099,0.042742,-0.108106
0.7,0.6,0.2,0.8,antifragile,1.113641,1.629417,0.061846,-0.128853
0.7,0.6,0.2,0.9,antifragile,1.182231,1.813963,-0.031273,-0.208969
0.7,0.6,0.2,1.0,antifragile,1.395151,1.782117,-0.070347,-0.259567
0.7,0.6,0.3,0.0,antifragile,0.088022,0.882102,0.469112,0.66233
0.7,0.6,0.3,0.1,antifragile,0.194181,0.832401,0.412395,0.684637
0.7,0.6,0.3,0.2,antifragile,0.386649,1.002353,0.394305,0.623202
0.7,0.6,0.3,0.3,antifragile,0.46293,1.158273,0.315071,0.384819
0.7,0.6,0.3,0.4,antifragile,0.591019,1.170773,0.323101,0.218801
0.7,0.6,0.3,0.5,antifragile,0.712393,1.240063,0.218802,0.185211
0.7,0.6,0.3,0.6,antifragile,0.79676,1.33917,0.193668,0.08307
0.7,0.6,0.3,0.7,antifragile,0.929907,1.420419,0.093248,0.052592
0.7,0.6,0.3,0.8,antifragile,0.996296,1.557057,0.106924,-0.077477
0.7,0.6,0.3,0.9,antifragile,1.100582,1.563667,0.151856,-0.025107
0.7,0.6,0.3,1.0,antifragile,1.325946,1.715508,0.119855,-0.15465
0.7,0.6,0.4,0.0,unification,0.023892,0.728574,0.531401,0.805123
0.7,0.6,0.4,0.1,antifragile,0.193145,0.854911,0.482574,0.782605
0.7,0.6,0.4,0.2,antifragile,0.279311,0.941449,0.449136,0.62434
0.7,0.6,0.4,0.3,antifragile,0.326879,0.994845,0.542299,0.462479
0.7,0.6,0.4,0.4,antifragile,0.518589,1.157126,0.430636,0.478339
0.7,0.6,0.4,0.5,antifragile,0.709543,1.246982,0.407393,0.426999
0.7,0.6,0.4,0.6,antifragile,0.8021,1.331242,0.319895,0.271541
0.7,0.6,0.4,0.7,antifragile,0.842988,1.435749,0.15613,0.197843
0.7,0.6,0.4,0.8,antifragile,0.989494,1.452491,0.170683,0.177782
0.7,0.6,0.4,0.9,antifragile,1.122156,1.583962,0.188699,0.031097
0.7,0.6,0.4,1.0,antifragile,1.223849,1.683333,0.121068,0.017038
0.7,0.6,0.5,0.0,unification,-0.075167,0.700102,0.631645,1.001188
0.7,0.6,0.5,0.1,unification,0.025327,0.784471,0.614628,0.877347
0.7,0.6,0.5,0.2,antifragile,0.205578,0.909164,0.551483,0.679637
0.7,0.6,0.5,0.3,antifragile,0.310071,1.084106,0.438993,0.630797
0.7,0.6,0.5,0.4,antifragile,0.395156,1.088304,0.557068,0.538405
0.7,0.6,0.5,0.5,antifragile,0.468414,1.238554,0.392657,0.539384
0.7,0.6,0.5,0.6,antifragile,0.625147,1.317951,0.306606,0.437783
0.7,0.6,0.5,0.7,antifragile,0.75589,1.377231,0.283363,0.340842
0.7,0.6,0.5,0.8,antifragile,0.891202,1.458442,0.279425,0.284694
0.7,0.6,0.5,0.9,antifragile,1.050511,1.626981,0.276473,0.147839
0.7,0.6,0.5,1.0,antifragile,1.073625,1.608725,0.217281,0.130994
0.7,0.6,0.6,0.0,unification,-0.113018,0.658725,0.6741,1.048412
0.7,0.6,0.6,0.1,unification,-0.066732,0.739572,0.746641,0.913195
0.7,0.6,0.6,0.2,antifragile,0.064923,0.894567,0.607912,0.884432
0.7,0.6,0.6,0.3,antifragile,0.258144,0.897646,0.627712,0.765881
0.7,0.6,0.6,0.4,antifragile,0.310696,1.166105,0.479869,0.739535
0.7,0.6,0.6,0.5,antifragile,0.491401,1.130823,0.476614,0.606567
0.7,0.6,0.6,0.6,antifragile,0.510527,1.263324,0.51463,0.521838
0.7,0.6,0.6,0.7,antifragile,0.701428,1.425051,0.451553,0.481274
0.7,0.6,0.6,0.8,antifragile,0.735302,1.318852,0.419285,0.409824
0.7,0.6,0.6,0.9,antifragile,0.887122,1.590488,0.322587,0.310926
0.7,0.6,0.6,1.0,antifragile,1.058607,1.673283,0.377138,0.267458
0.7,0.6,0.7,0.0,unification,-0.266069,0.690959,0.763402,1.119626
0.7,0.6,0.7,0.1,unification,-0.109283,0.837708,0.72781,1.002089
0.7,0.6,0.7,0.2,unification,-0.05723,0.868919,0.677059,0.902841
0.7,0.6,0.7,0.3,antifragile,0.054744,0.948346,0.713974,0.897714
0.7,0.6,0.7,0.4,antifragile,0.267449,1.080746,0.595814,0.828939
0.7,0.6,0.7,0.5,antifragile,0.314976,1.156944,0.564388,0.689341
0.7,0.6,0.7,0.6,antifragile,0.457629,1.280517,0.580529,0.715342
0.7,0.6,0.7,0.7,antifragile,0.610951,1.322107,0.485126,0.536514
0.7,0.6,0.7,0.8,antifragile,0.59567,1.474477,0.45847,0.409761
0.7,0.6,0.7,0.9,antifragile,0.846716,1.514713,0.483388,0.396923
0.7,0.6,0.7,1.0,antifragile,0.855336,1.627287,0.421432,0.311005
0.7,0.6,0.8,0.0,unification,-0.229324,0.667273,0.908238,1.244501
0.7,0.6,0.8,0.1,unification,-0.247543,0.774951,0.730583,1.210451
0.7,0.6,0.8,0.2,unification,-0.067668,0.785514,0.798234,1.151015
0.7,0.6,0.8,0.3,unification,0.005639,0.949071,0.789124,1.036002
0.7,0.6,0.8,0.4,antifragile,0.103678,0.995467,0.825534,0.922129
0.7,0.6,0.8,0.5,antifragile,0.331539,1.007241,0.636961,0.847869
0.7,0.6,0.8,0.6,antifragile,0.412454,1.192768,0.705504,0.773368
0.7,0.6,0.8,0.7,antifragile,0.472307,1.268566,0.70132,0.648988
0.7,0.6,0.8,0.8,antifragile,0.55959,1.331102,0.588666,0.56295
0.7,0.6,0.8,0.9,antifragile,0.786107,1.479034,0.540619,0.558155
0.7,0.6,0.8,1.0,antifragile,0.803997,1.576083,0.484237,0.475962
0.7,0.6,0.9,0.0,unification,-0.426118,0.535396,1.006048,1.424904
0.7,0.6,0.9,0.1,unification,-0.375323,0.65624,1.001499,1.331981
0.7,0.6,0.9,0.2,unification,-0.19155,0.70026,0.856608,1.196812
0.7,0.6,0.9,0.3,unification,-0.03354,0.872465,0.826827,1.131889
0.7,0.6,0.9,0.4,unification,0.131322,0.929734,0.76992,1.072852
0.7,0.6,0.9,0.5,antifragile,0.159844,1.084102,0.811522,1.042779
0.7,0.6,0.9,0.6,antifragile,0.396495,1.070356,0.736543,0.888975
0.7,0.6,0.9,0.7,antifragile,0.485488,1.25878,0.583516,0.851711
0.7,0.6,0.9,0.8,antifragile,0.508342,1.382887,0.608823,0.761391
0.7,0.6,0.9,0.9,antifragile,0.591476,1.406432,0.622136,0.667639
0.7,0.6,0.9,1.0,antifragile,0.767503,1.536349,0.595195,0.514628
0.7,0.6,1.0,0.0,unification,-0.405274,0.51114,1.095147,1.563156
0.7,0.6,1.0,0.1,unification,-0.358184,0.683017,0.903001,1.436324
0.7,0.6,1.0,0.2,unification,-0.217694,0.836105,0.968782,1.258119
0.7,0.6,1.0,0.3,unification,-0.160861,0.831993,0.985473,1.297417
0.7,0.6,1.0,0.4,unification,-0.098836,0.978175,0.918416,1.175045
0.7,0.6,1.0,0.5,unification,0.110994,0.997669,0.83509,1.098516
0.7,0.6,1.0,0.6,antifragile,0.169503,1.165338,0.720711,1.095206
0.7,0.6,1.0,0.7,antifragile,0.303816,1.195496,0.771038,0.909551
0.7,0.6,1.0,0.8,antifragile,0.323414,1.265961,0.635226,0.802368
0.7,0.6,1.0,0.9,antifragile,0.433862,1.466191,0.625789,0.782938
0.7,0.6,1.0,1.0,antifragile,0.680837,1.542504,0.635243,0.685471
0.7,0.7,0.0,0.0,antifragile,0.359008,1.050611,0.335652,0.453411
0.7,0.7,0.0,0.1,antifragile,0.57332,1.053891,0.332393,0.358886
0.7,0.7,0.0,0.2,antifragile,0.593158,1.086833,0.178542,0.224384
0.7,0.7,0.0,0.3,antifragile,0.724097,1.271723,0.261659,0.164445
0.7,0.7,0.0,0.4,antifragile,0.816887,1.3521,0.149625,0.063923
0.7,0.7,0.0,0.5,antifragile,0.82575,1.412373,0.1098,0.051719
0.7,0.7,0.0,0.6,antifragile,1.07165,1.522286,0.178169,-0.080501
0.7,0.7,0.0,0.7,antifragile,1.171646,1.604996,-0.022008,-0.196261
0.7,0.7,0.0,0.8,antifragile,1.303703,1.69179,-0.028325,-0.260203
0.7,0.7,0.0,0.9,antifragile,1.320525,1.859688,0.049273,-0.344703
0.7,0.7,0.0,1.0,antifragile,1.477023,1.943594,-0.079573,-0.473896
0.7,0.7,0.1,0.0,antifragile,0.239528,0.930601,0.419691,0.455391
0.7,0.7,0.1,0.1,antifragile,0.348169,0.96815,0.404115,0.425088
0.7,0.7,0.1,0.2,antifragile,0.456943,1.075195,0.359567,0.423442
0.7,0.7,0.1,0.3,antifragile,0.614679,1.25032,0.341771,0.199485
0.7,0.7,0.1,0.4,antifragile,0.729596,1.27151,0.177163,0.189013
0.7,0.7,0.1,0.5,antifragile,0.846543,1.457762,0.132745,0.150921
0.7,0.7,0.1,0.6,antifragile,1.018281,1.571538,-0.012665,0.143944
0.7,0.7,0.1,0.7,antifragile,1.078052,1.459631,0.081717,0.012888
0.7,0.7,0.1,0.8,antifragile,1.158014,1.641302,0.083323,-0.107704
0.7,0.7,0.1,0.9,antifragile,1.221037,1.758644,0.084846,-0.255041
0.7,0.7,0.1,1.0,antifragile,1.292151,1.828134,-0.044446,-0.335243
0.7,0.7,0.2,0.0,antifragile,0.083627,0.886781,0.52838,0.629414
0.7,0.7,0.2,0.1,antifragile,0.247402,0.960631,0.399435,0.634189
0.7,0.7,0.2,0.2,antifragile,0.345567,1.038705,0.366837,0.550374
0.7,0.7,0.2,0.3,antifragile,0.488446,1.259655,0.382688,0.472922
0.7,0.7,0.2,0.4,antifragile,0.593786,1.207869,0.323342,0.296048
0.7,0.7,0.2,0.5,antifragile,0.620074,1.400676,0.286637,0.209985
0.7,0.7,0.2,0.6,antifragile,0.848814,1.447347,0.31549,0.181641
0.7,0.7,0.2,0.7,antifragile,0.932154,1.574671,0.203202,0.084192
0.7,0.7,0.2,0.8,antifragile,1.111308,1.576571,0.121836,-0.030968
0.7,0.7,0.2,0.9,antifragile,1.146349,1.787827,0.054265,-0.096475
0.7,0.7,0.2,1.0,antifragile,1.242461,1.910024,0.129192,-0.168065
0.7,0.7,0.3,0.0,antifragile,0.128442,0.774028,0.671375,0.752907
0.7,0.7,0.3,0.1,antifragile,0.252847,0.962583,0.543216,0.770761
0.7,0.7,0.3,0.2,antifragile,0.349829,1.035369,0.46892,0.631151
0.7,0.7,0.3,0.3,antifragile,0.40486,1.1427,0.501029,0.563428
0.7,0.7,0.3,0.4,antifragile,0.529243,1.187302,0.426233,0.370203
0.7,0.7,0.3,0.5,antifragile,0.590125,1.345312,0.414259,0.368967
0.7,0.7,0.3,0.6,antifragile,0.75005,1.428513,0.364072,0.27493
0.7,0.7,0.3,0.7,antifragile,0.800852,1.524359,0.387915,0.153877
0.7,0.7,0.3,0.8,antifragile,0.953654,1.580688,0.37066,0.066964
0.7,0.7,0.3,0.9,antifragile,1.061977,1.676766,0.147283,-0.035433
0.7,0.7,0.3,1.0,antifragile,1.208419,1.825433,0.142025,0.01545
0.7,0.7,0.4,0.0,unification,-0.122541,0.742076,0.613764,0.919552
0.7,0.7,0.4,0.1,unification,0.077455,0.889948,0.639253,0.907853
0.7,0.7,0.4,0.2,antifragile,0.250122,0.997808,0.570993,0.805071
0.7,0.7,0.4,0.3,antifragile,0.414212,1.121915,0.510495,0.677961
0.7,0.7,0.4,0.4,antifragile,0.459016,1.157243,0.538288,0.593202
0.7,0.7,0.4,0.5,antifragile,0.598233,1.231163,0.367926,0.475362
0.7,0.7,0.4,0.6,antifragile,0.651187,1.284955,0.384577,0.474178
0.7,0.7,0.4,0.7,antifragile,0.786664,1.476911,0.322211,0.387514
0.7,0.7,0.4,0.8,antifragile,0.849133,1.56975,0.35537,0.248563
0.7,0.7,0.4,0.9,antifragile,1.054589,1.688756,0.311917,0.150679
0.7,0.7,0.4,1.0,antifragile,1.111595,1.7445,0.264469,0.052914
0.7,0.7,0.5,0.0,unification,-0.124972,0.724197,0.72644,1.02816
0.7,0.7,0.5,0.1,unification,0.101469,0.914605,0.693299,0.938834
0.7,0.7,0.5,0.2,antifragile,0.150753,1.057114,0.699828,0.788997
0.7,0.7,0.5,0.3,antifragile,0.273158,1.107016,0.729962,0.777583
0.7,0.7,0.5,0.4,antifragile,0.346928,1.172512,0.541801,0.662271
0.7,0.7,0.5,0.5,antifragile,0.469968,1.167849,0.474149,0.660784
0.7,0.7,0.5,0.6,antifragile,0.584892,1.402487,0.523162,0.535521
0.7,0.7,0.5,0.7,antifragile,0.734453,1.413856,0.443333,0.446774
0.7,0.7,0.5,0.8,antifragile,0.802523,1.526669,0.345748,0.35167
0.7,0.7,0.5,0.9,antifragile,0.888422,1.630741,0.35753,0.305281
0.7,0.7,0.5,1.0,antifragile,0.919474,1.740788,0.429643,0.16466
0.7,0.7,0.6,0.0,unification,-0.187119,0.722649,0.813491,1.118577
0.7,0.7,0.6,0.1,unification,0.019578,0.849289,0.75146,1.045768
0.7,0.7,0.6,0.2,unification,0.033075,0.816616,0.797641,0.974307
0.7,0.7,0.6,0.3,antifragile,0.15944,1.04178,0.753265,0.939631
0.7,0.7,0.6,0.4,antifragile,0.287159,1.165953,0.648488,0.937569
0.7,0.7,0.6,0.5,antifragile,0.377644,1.208601,0.582945,0.734648
0.7,0.7,0.6,0.6,antifragile,0.490093,1.309764,0.676372,0.640501
0.7,0.7,0.6,0.7,antifragile,0.613965,1.343723,0.65416,0.515318
0.7,0.7,0.6,0.8,antifragile,0.793714,1.488208,0.393272,0.557602
0.7,0.7,0.6,0.9,antifragile,0.804116,1.567328,0.497084,0.43822
0.7,0.7,0.6,1.0,antifragile,0.930729,1.741752,0.437627,0.352486
0.7,0.7,0.7,0.0,unification,-0.306088,0.738278,0.88413,1.238773
0.7,0.7,0.7,0.1,unification,-0.180313,0.781211,0.916388,1.13734
0.7,0.7,0.7,0.2,unification,-0.005318,0.858851,0.706755,1.064631
0.7,0.7,0.7,0.3,antifragile,0.034623,1.007211,0.783335,0.979523
0.7,0.7,0.7,0.4,antifragile,0.121073,1.020357,0.762938,0.95047
0.7,0.7,0.7,0.5,antifragile,0.300689,1.08649,0.683301,0.97144
0.7,0.7,0.7,0.6,antifragile,0.412052,1.255195,0.620632,0.840387
0.7,0.7,0.7,0.7,antifragile,0.566634,1.307567,0.577297,0.71394
0.7,0.7,0.7,0.8,antifragile,0.618614,1.484139,0.682168,0.566426
0.7,0.7,0.7,0.9,antifragile,0.711993,1.59106,0.585521,0.497609
0.7,0.7,0.7,1.0,antifragile,0.789584,1.627039,0.595173,0.396076
0.7,0.7,0.8,0.0,unification,-0.386215,0.703773,0.940559,1.432901
0.7,0.7,0.8,0.1,unification,-0.354977,0.76963,0.957619,1.34318
0.7,0.7,0.8,0.2,unification,-0.193447,0.866386,0.913048,1.314956
0.7,0.7,0.8,0.3,unification,-0.008108,0.877551,0.833371,1.134182
0.7,0.7,0.8,0.4,unification,0.079019,1.036544,0.826337,1.220887
0.7,0.7,0.8,0.5,antifragile,0.154355,1.209543,0.787632,0.886074
0.7,0.7,0.8,0.6,antifragile,0.299566,1.290962,0.786672,0.922808
0.7,0.7,0.8,0.7,antifragile,0.401186,1.305267,0.759812,0.80329
0.7,0.7,0.8,0.8,antifragile,0.477983,1.445532,0.659996,0.804043
0.7,0.7,0.8,0.9,antifragile,0.643364,1.481102,0.577764,0.62632
0.7,0.7,0.8,1.0,antifragile,0.846898,1.603121,0.632914,0.504718
0.7,0.7,0.9,0.0,unification,-0.514154,0.620578,1.165055,1.480463
0.7,0.7,0.9,0.1,unification,-0.381487,0.770085,1.119629,1.48187
0.7,0.7,0.9,0.2,unification,-0.206207,0.775154,0.933854,1.317709
0.7,0.7,0.9,0.3,unification,-0.173668,0.92628,0.899018,1.30252
0.7,0.7,0.9,0.4,unification,-0.035759,0.981874,0.964252,1.157048
0.7,0.7,0.9,0.5,unification,0.161785,1.146542,0.830495,1.180112
0.7,0.7,0.9,0.6,antifragile,0.144588,1.264654,0.856647,0.956044
0.7,0.7,0.9,0.7,antifragile,0.245231,1.274751,0.84339,0.941466
0.7,0.7,0.9,0.8,antifragile,0.410219,1.392008,0.660246,0.906211
0.7,0.7,0.9,0.9,antifragile,0.596983,1.524468,0.698826,0.735748
0.7,0.7,0.9,1.0,antifragile,0.585903,1.523343,0.793228,0.691059
0.7,0.7,1.0,0.0,unification,-0.504766,0.637482,1.172131,1.623417
0.7,0.7,1.0,0.1,unification,-0.414065,0.635874,1.155115,1.533156
0.7,0.7,1.0,0.2,unification,-0.351808,0.763108,1.154948,1.378295
0.7,0.7,1.0,0.3,unification,-0.103461,0.839705,1.038832,1.435665
0.7,0.7,1.0,0.4,unification,-0.093619,1.017181,1.035519,1.43185
0.7,0.7,1.0,0.5,unification,0.03658,1.064132,0.937349,1.216057
0.7,0.7,1.0,0.6,antifragile,0.174662,1.25276,0.975205,1.001779
0.7,0.7,1.0,0.7,antifragile,0.107642,1.259622,0.876665,1.075995
0.7,0.7,1.0,0.8,antifragile,0.392587,1.415094,0.853746,0.913806
0.7,0.7,1.0,0.9,antifragile,0.37854,1.453371,0.825841,0.844135
0.7,0.7,1.0,1.0,antifragile,0.583026,1.457381,0.631842,0.776244
0.7,0.8,0.0,0.0,antifragile,0.343653,1.066114,0.350253,0.464076
0.7,0.8,0.0,0.1,antifragile,0.423047,1.062966,0.458319,0.492233
0.7,0.8,0.0,0.2,antifragile,0.54082,1.138906,0.372191,0.470819
0.7,0.8,0.0,0.3,antifragile,0.612112,1.27275,0.288215,0.204903
0.7,0.8,0.0,0.4,antifragile,0.660053,1.325409,0.187785,0.122826
0.7,0.8,0.0,0.5,antifragile,0.702591,1.425874,0.263762,0.099174
0.7,0.8,0.0,0.6,antifragile,0.919401,1.598339,0.274448,0.143667
0.7,0.8,0.0,0.7,antifragile,1.052226,1.64091,0.129346,-0.02544
0.7,0.8,0.0,0.8,antifragile,1.147185,1.742364,0.105677,-0.187107
0.7,0.8,0.0,0.9,antifragile,1.14839,1.811538,0.142874,-0.154476
0.7,0.8,0.0,1.0,antifragile,1.421989,1.915314,-0.009526,-0.22877
0.7,0.8,0.1,0.0,antifragile,0.130844,0.95697,0.599475,0.671197
0.7,0.8,0.1,0.1,antifragile,0.280326,1.107992,0.478601,0.589809
0.7,0.8,0.1,0.2,antifragile,0.480736,1.017754,0.452942,0.456684
0.7,0.8,0.1,0.3,antifragile,0.504639,1.245648,0.361226,0.421426
0.7,0.8,0.1,0.4,antifragile,0.644268,1.345173,0.360571,0.31912
0.7,0.8,0.1,0.5,antifragile,0.730103,1.43397,0.267879,0.303506
0.7,0.8,0.1,0.6,antifragile,0.840444,1.504831,0.294792,0.149266
0.7,0.8,0.1,0.7,antifragile,1.017131,1.664734,0.239647,0.116946
0.7,0.8,0.1,0.8,antifragile,1.076763,1.657294,0.239493,-0.110022
0.7,0.8,0.1,0.9,antifragile,0.999157,1.8449,0.177178,-0.081162
0.7,0.8,0.1,1.0,antifragile,1.354478,1.903764,0.096087,-0.145168
0.7,0.8,0.2,0.0,antifragile,0.05931,0.908095,0.612629,0.806627
0.7,0.8,0.2,0.1,antifragile,0.188349,0.990476,0.504004,0.665641
0.7,0.8,0.2,0.2,antifragile,0.405954,1.096721,0.529463,0.545436
0.7,0.8,0.2,0.3,antifragile,0.553161,1.161927,0.421246,0.531941
0.7,0.8,0.2,0.4,antifragile,0.490376,1.318249,0.364418,0.506852
0.7,0.8,0.2,0.5,antifragile,0.691993,1.389066,0.317224,0.324387
0.7,0.8,0.2,0.6,antifragile,0.758126,1.429474,0.307609,0.332465
0.7,0.8,0.2,0.7,antifragile,0.872746,1.591167,0.346373,0.186809
0.7,0.8,0.2,0.8,antifragile,0.972025,1.702799,0.320449,0.134905
0.7,0.8,0.2,0.9,antifragile,1.158019,1.776232,0.172641,0.079414
0.7,0.8,0.2,1.0,antifragile,1.182746,1.831565,0.235617,-0.041461
0.7,0.8,0.3,0.0,unification,-0.058937,0.918532,0.778716,0.931181
0.7,0.8,0.3,0.1,antifragile,0.102191,0.896537,0.747561,0.804152
0.7,0.8,0.3,0.2,antifragile,0.154601,1.080542,0.655412,0.806796
0.7,0.8,0.3,0.3,antifragile,0.301389,1.165074,0.565021,0.708828
0.7,0.8,0.3,0.4,antifragile,0.474642,1.278531,0.570741,0.506897
0.7,0.8,0.3,0.5,antifragile,0.576044,1.37108,0.4825,0.477516
0.7,0.8,0.3,0.6,antifragile,0.671707,1.426491,0.581365,0.472949
0.7,0.8,0.3,0.7,antifragile,0.829645,1.523516,0.35714,0.309402
0.7,0.8,0.3,0.8,antifragile,0.890708,1.57258,0.388999,0.289107
0.7,0.8,0.3,0.9,antifragile,0.883216,1.694982,0.386392,0.168698
0.7,0.8,0.3,1.0,antifragile,1.061684,1.871768,0.255289,0.053194
0.7,0.8,0.4,0.0,unification,-0.141944,0.850846,0.82091,1.016125
0.7,0.8,0.4,0.1,antifragile,0.057273,0.942505,0.78395,0.931848
0.7,0.8,0.4,0.2,antifragile,0.212751,1.074079,0.702201,0.884025
0.7,0.8,0.4,0.3,antifragile,0.221751,1.108533,0.66311,0.725063
0.7,0.8,0.4,0.4,antifragile,0.324915,1.183137,0.638591,0.729351
0.7,0.8,0.4,0.5,antifragile,0.528391,1.308267,0.529612,0.541535
0.7,0.8,0.4,0.6,antifragile,0.588548,1.48984,0.526269,0.531332
0.7,0.8,0.4,0.7,antifragile,0.684689,1.527701,0.539852,0.540959
0.7,0.8,0.4,0.8,antifragile,0.819915,1.638214,0.438037,0.354609
0.7,0.8,0.4,0.9,antifragile,0.898935,1.686693,0.416376,0.306244
0.7,0.8,0.4,1.0,antifragile,1.018178,1.785974,0.3763,0.142007
0.7,0.8,0.5,0.0,unification,-0.134833,0.794342,0.797252,1.188087
0.7,0.8,0.5,0.1,unification,-0.039431,0.867003,0.846178,1.111695
0.7,0.8,0.5,0.2,antifragile,0.143744,0.993249,0.772281,0.96466
0.7,0.8,0.5,0.3,antifragile,0.179684,1.09977,0.784396,0.888302
0.7,0.8,0.5,0.4,antifragile,0.288593,1.183108,0.602876,0.856402
0.7,0.8,0.5,0.5,antifragile,0.287598,1.282026,0.647807,0.739582
0.7,0.8,0.5,0.6,antifragile,0.487366,1.386873,0.633154,0.649563
0.7,0.8,0.5,0.7,antifragile,0.725785,1.46288,0.51387,0.499499
0.7,0.8,0.5,0.8,antifragile,0.737913,1.495418,0.474513,0.417312
0.7,0.8,0.5,0.9,antifragile,0.837857,1.736535,0.447803,0.421102
0.7,0.8,0.5,1.0,antifragile,0.793153,1.727763,0.485124,0.299385
0.7,0.8,0.6,0.0,unification,-0.215299,0.66834,0.903251,1.312637
0.7,0.8,0.6,0.1,unification,-0.13299,0.900847,0.910376,1.147794
0.7,0.8,0.6,0.2,antifragile,-0.083956,1.085819,0.797031,1.049221
0.7,0.8,0.6,0.3,unification,0.098995,1.012037,0.909611,1.171722
0.7,0.8,0.6,0.4,antifragile,0.162953,1.175473,0.688767,1.00158
0.7,0.8,0.6,0.5,antifragile,0.173068,1.188023,0.74593,0.892383
0.7,0.8,0.6,0.6,antifragile,0.320805,1.322873,0.616921,0.764149
0.7,0.8,0.6,0.7,antifragile,0.464962,1.413215,0.692561,0.709078
0.7,0.8,0.6,0.8,antifragile,0.643059,1.53354,0.655847,0.608245
0.7,0.8,0.6,0.9,antifragile,0.700431,1.663529,0.558829,0.508526
0.7,0.8,0.6,1.0,antifragile,0.888413,1.778704,0.525143,0.483643
0.7,0.8,0.7,0.0,unification,-0.418909,0.730433,0.98741,1.414912
0.7,0.8,0.7,0.1,unification,-0.208271,0.867784,1.005981,1.336875
0.7,0.8,0.7,0.2,unification,-0.142968,0.995059,0.867674,1.211662
0.7,0.8,0.7,0.3,unification,-0.004436,1.106394,0.887708,1.146954
0.7,0.8,0.7,0.4,unification,0.020504,1.097924,0.900412,1.153965
0.7,0.8,0.7,0.5,antifragile,0.180336,1.180051,0.828488,0.909266
0.7,0.8,0.7,0.6,antifragile,0.366779,1.253463,0.80069,0.91995
0.7,0.8,0.7,0.7,antifragile,0.446387,1.42278,0.745136,0.84143
0.7,0.8,0.7,0.8,antifragile,0.566734,1.594823,0.649874,0.643048
0.7,0.8,0.7,0.9,antifragile,0.557655,1.509336,0.605016,0.583669
0.7,0.8,0.7,1.0,antifragile,0.724182,1.737756,0.656324,0.533888
0.7,0.8,0.8,0.0,unification,-0.471793,0.810539,1.139739,1.548635
0.7,0.8,0.8,0.1,unification,-0.328925,0.790538,1.170157,1.445508
0.7,0.8,0.8,0.2,unification,-0.217535,0.817559,0.998182,1.342464
0.7,0.8,0.8,0.3,unification,-0.090685,0.956239,0.992416,1.254682
0.7,0.8,0.8,0.4,unification,-0.060032,1.032935,0.94133,1.205153
0.7,0.8,0.8,0.5,antifragile,0.095314,1.143357,0.903112,1.098864
0.7,0.8,0.8,0.6,antifragile,0.162907,1.284154,0.960516,1.022521
0.7,0.8,0.8,0.7,antifragile,0.251946,1.448427,0.892856,1.016626
0.7,0.8,0.8,0.8,antifragile,0.432889,1.430822,0.745349,0.917061
0.7,0.8,0.8,0.9,antifragile,0.625294,1.518981,0.623995,0.774111
0.7,0.8,0.8,1.0,antifragile,0.609787,1.624637,0.698089,0.710494
0.7,0.8,0.9,0.0,unification,-0.574048,0.681804,1.188692,1.549733
0.7,0.8,0.9,0.1,unification,-0.397751,0.74745,1.091807,1.5437
0.7,0.8,0.9,0.2,unification,-0.304852,0.867312,1.147222,1.516829
0.7,0.8,0.9,0.3,unification,-0.26358,0.812285,1.081045,1.441548
0.7,0.8,0.9,0.4,unification,-0.105122,1.08803,0.984918,1.307699
0.7,0.8,0.9,0.5,unification,-0.031029,1.184865,0.94948,1.342992
0.7,0.8,0.9,0.6,antifragile,0.0999,1.284909,0.930543,1.221881
0.7,0.8,0.9,0.7,antifragile,0.299975,1.323812,0.928735,1.133698
0.7,0.8,0.9,0.8,antifragile,0.360216,1.388964,0.878503,0.947589
0.7,0.8,0.9,0.9,antifragile,0.46255,1.490626,0.85364,0.81056
0.7,0.8,0.9,1.0,antifragile,0.508901,1.585339,0.786989,0.739396
0.7,0.8,1.0,0.0,unification,-0.669173,0.678906,1.324858,1.663319
0.7,0.8,1.0,0.1,unification,-0.544337,0.798742,1.259302,1.725367
0.7,0.8,1.0,0.2,unification,-0.376793,0.782053,1.210702,1.643587
0.7,0.8,1.0,0.3,unification,-0.289646,0.905318,1.157596,1.477993
0.7,0.8,1.0,0.4,unification,-0.154292,0.948233,1.079187,1.484089
0.7,0.8,1.0,0.5,unification,-0.060487,1.090792,0.994377,1.362693
0.7,0.8,1.0,0.6,antifragile,0.003491,1.234021,1.014169,1.192467
0.7,0.8,1.0,0.7,antifragile,0.075813,1.28365,1.005438,1.136806
0.7,0.8,1.0,0.8,antifragile,0.217076,1.439624,1.015482,1.123846
0.7,0.8,1.0,0.9,antifragile,0.350748,1.463929,0.946961,1.009182
0.7,0.8,1.0,1.0,antifragile,0.521006,1.638634,0.900504,0.915119
0.7,0.9,0.0,0.0,antifragile,0.178981,0.952815,0.542367,0.655815
0.7,0.9,0.0,0.1,antifragile,0.241124,1.248208,0.532812,0.532978
0.7,0.9,0.0,0.2,antifragile,0.52271,1.200198,0.506517,0.494382
0.7,0.9,0.0,0.3,antifragile,0.506912,1.303153,0.496833,0.448812
0.7,0.9,0.0,0.4,antifragile,0.63388,1.312484,0.400221,0.257676
0.7,0.9,0.0,0.5,antifragile,0.77693,1.474297,0.314529,0.203096
0.7,0.9,0.0,0.6,antifragile,0.911026,1.516687,0.341888,0.167115
0.7,0.9,0.0,0.7,antifragile,0.966368,1.677598,0.289324,0.042999
0.7,0.9,0.0,0.8,antifragile,1.057546,1.798188,0.310988,-0.095644
0.7,0.9,0.0,0.9,antifragile,1.215035,1.882848,0.17397,-0.181349
0.7,0.9,0.0,1.0,antifragile,1.212211,2.001997,0.081533,-0.139181
0.7,0.9,0.1,0.0,antifragile,0.059207,1.027549,0.601197,0.7538
0.7,0.9,0.1,0.1,antifragile,0.174307,1.116841,0.625779,0.684223
0.7,0.9,0.1,0.2,antifragile,0.35956,1.19063,0.483289,0.633927
0.7,0.9,0.1,0.3,antifragile,0.424973,1.154285,0.490461,0.445325
0.7,0.9,0.1,0.4,antifragile,0.488423,1.367552,0.466239,0.403247
0.7,0.9,0.1,0.5,antifragile,0.686365,1.469274,0.408801,0.36217
0.7,0.9,0.1,0.6,antifragile,0.830253,1.462484,0.454976,0.244168
0.7,0.9,0.1,0.7,antifragile,0.841054,1.644891,0.305665,0.137981
0.7,0.9,0.1,0.8,antifragile,1.032341,1.767984,0.214115,0.138706
0.7,0.9,0.1,0.9,antifragile,1.126422,1.780771,0.279013,0.051023
0.7,0.9,0.1,1.0,antifragile,1.129785,1.964264,0.196245,-0.03789
0.7,0.9,0.2,0.0,antifragile,-0.026682,1.017112,0.702823,0.879255
0.7,0.9,0.2,0.1,antifragile,0.093874,1.103701,0.638842,0.878022
0.7,0.9,0.2,0.2,antifragile,0.250671,1.085719,0.636299,0.742343
0.7,0.9,0.2,0.3,antifragile,0.279092,1.250414,0.622109,0.711408
0.7,0.9,0.2,0.4,antifragile,0.514217,1.464452,0.555029,0.59769
0.7,0.9,0.2,0.5,antifragile,0.539688,1.534211,0.470453,0.576962
0.7,0.9,0.2,0.6,antifragile,0.765547,1.495755,0.526816,0.422837
0.7,0.9,0.2,0.7,antifragile,0.769401,1.62321,0.448274,0.333032
0.7,0.9,0.2,0.8,antifragile,0.97471,1.753561,0.356507,0.267181
0.7,0.9,0.2,0.9,antifragile,0.922617,1.800671,0.340484,0.177916
0.7,0.9,0.2,1.0,antifragile,1.20854,1.925885,0.296932,0.025086
0.7,0.9,0.3,0.0,unification,-0.028248,0.920258,0.77484,1.082564
0.7,0.9,0.3,0.1,antifragile,0.098464,0.977032,0.685171,0.945111
0.7,0.9,0.3,0.2,antifragile,0.092988,1.056147,0.667967,0.917326
0.7,0.9,0.3,0.3,antifragile,0.292519,1.337874,0.647902,0.846492
0.7,0.9,0.3,0.4,antifragile,0.394678,1.282181,0.632666,0.666943
0.7,0.9,0.3,0.5,antifragile,0.492936,1.454335,0.581571,0.652419
0.7,0.9,0.3,0.6,antifragile,0.653562,1.574696,0.501353,0.522542
0.7,0.9,0.3,0.7,antifragile,0.735472,1.540663,0.454521,0.438679
0.7,0.9,0.3,0.8,antifragile,0.789352,1.681383,0.456433,0.462995
0.7,0.9,0.3,0.9,antifragile,0.896918,1.814281,0.46593,0.185559
0.7,0.9,0.3,1.0,antifragile,1.103306,1.91129,0.407848,0.237872
0.7,0.9,0.4,0.0,unification,-0.162389,0.939097,0.791189,1.200876
0.7,0.9,0.4,0.1,unification,-0.040818,0.999963,0.802886,1.064059
0.7,0.9,0.4,0.2,unification,0.047594,1.028044,0.822915,1.068659
0.7,0.9,0.4,0.3,antifragile,0.098936,1.204512,0.743978,0.878204
0.7,0.9,0.4,0.4,antifragile,0.283738,1.279496,0.734234,0.763457
0.7,0.9,0.4,0.5,antifragile,0.444496,1.374057,0.714691,0.79573
0.7,0.9,0.4,0.6,antifragile,0.403944,1.496523,0.636791,0.700944
0.7,0.9,0.4,0.7,antifragile,0.569933,1.606767,0.55225,0.585111
0.7,0.9,0.4,0.8,antifragile,0.734213,1.647229,0.513396,0.461565
0.7,0.9,0.4,0.9,antifragile,0.876143,1.824389,0.622708,0.42134
0.7,0.9,0.4,1.0,antifragile,0.952571,1.867446,0.581426,0.336031
0.7,0.9,0.5,0.0,unification,-0.24564,0.846235,0.96201,1.30432
0.7,0.9,0.5,0.1,unification,-0.177572,0.923678,0.926809,1.177404
0.7,0.9,0.5,0.2,unification,-0.000176,1.083696,0.903126,1.139495
0.7,0.9,0.5,0.3,unification,0.08588,0.955387,0.806207,1.065367
0.7,0.9,0.5,0.4,antifragile,0.148059,1.282771,0.855581,0.931725
0.7,0.9,0.5,0.5,antifragile,0.270473,1.33548,0.767799,0.89135
0.7,0.9,0.5,0.6,antifragile,0.292944,1.393297,0.67938,0.649085
0.7,0.9,0.5,0.7,antifragile,0.495259,1.45002,0.670626,0.665602
0.7,0.9,0.5,0.8,antifragile,0.652669,1.607492,0.565427,0.622327
0.7,0.9,0.5,0.9,antifragile,0.860994,1.768754,0.643962,0.510227
0.7,0.9,0.5,1.0,antifragile,0.825455,1.781986,0.582032,0.378203
0.7,0.9,0.6,0.0,unification,-0.328983,0.791818,0.969276,1.376113
0.7,0.9,0.6,0.1,unification,-0.16744,0.926919,0.837375,1.291319
0.7,0.9,0.6,0.2,unification,-0.074837,1.000082,1.00119,1.220235
0.7,0.9,0.6,0.3,unification,-0.000803,1.111765,0.902706,1.183574
0.7,0.9,0.6,0.4,antifragile,0.176577,1.224232,0.900198,1.027841
0.7,0.9,0.6,0.5,antifragile,0.256911,1.274447,0.883034,1.023085
0.7,0.9,0.6,0.6,antifragile,0.369375,1.445306,0.863498,0.837189
0.7,0.9,0.6,0.7,antifragile,0.387046,1.421376,0.703009,0.891266
0.7,0.9,0.6,0.8,antifragile,0.490704,1.528674,0.732207,0.692701
0.7,0.9,0.6,0.9,antifragile,0.763095,1.666329,0.717259,0.605976
0.7,0.9,0.6,1.0,antifragile,0.676898,1.738564,0.619101,0.523751
0.7,0.9,0.7,0.0,unification,-0.510003,0.796804,1.12316,1.457904
0.7,0.9,0.7,0.1,unification,-0.314686,0.923112,1.159887,1.328985
0.7,0.9,0.7,0.2,unification,-0.246545,0.911461,1.027384,1.434428
0.7,0.9,0.7,0.3,unification,-0.136361,1.051248,0.978546,1.361297
0.7,0.9,0.7,0.4,antifragile,-0.104988,1.142182,0.93672,1.108941
0.7,0.9,0.7,0.5,antifragile,0.175111,1.174845,0.917028,1.106063
0.7,0.9,0.7,0.6,antifragile,0.192454,1.273287,0.891587,0.986908
0.7,0.9,0.7,0.7,antifragile,0.380432,1.480806,0.957214,0.945499
0.7,0.9,0.7,0.8,antifragile,0.479463,1.532053,0.905586,0.855513
0.7,0.9,0.7,0.9,antifragile,0.554872,1.672029,0.747752,0.745019
0.7,0.9,0.7,1.0,antifragile,0.696993,1.776612,0.769853,0.680991
0.7,0.9,0.8,0.0,unification,-0.506479,0.803021,1.170301,1.66007
0.7,0.9,0.8,0.1,unification,-0.55557,0.887012,1.145869,1.537197
0.7,0.9,0.8,0.2,unification,-0.306095,0.975955,1.264592,1.412348
0.7,0.9,0.8,0.3,unification,-0.232476,1.051434,1.068664,1.446797
0.7,0.9,0.8,0.4,unification,-0.08839,1.179266,1.052575,1.347244
0.7,0.9,0.8,0.5,antifragile,-0.017856,1.326871,0.940017,1.199612
0.7,0.9,0.8,0.6,antifragile,0.068981,1.365015,1.011981,1.089091
0.7,0.9,0.8,0.7,antifragile,0.299856,1.385073,0.964366,1.096106
0.7,0.9,0.8,0.8,antifragile,0.347756,1.560493,0.897795,0.996937
0.7,0.9,0.8,0.9,antifragile,0.456294,1.516589,0.858823,0.851317
0.7,0.9,0.8,1.0,antifragile,0.649613,1.636791,0.886251,0.801061
0.7,0.9,0.9,0.0,unification,-0.58969,0.651004,1.29456,1.751769
0.7,0.9,0.9,0.1,unification,-0.394838,0.780533,1.327669,1.758368
0.7,0.9,0.9,0.2,unification,-0.333036,0.880306,1.320245,1.715609
0.7,0.9,0.9,0.3,unification,-0.261644,0.98173,1.146968,1.553588
0.7,0.9,0.9,0.4,unification,-0.166755,1.109136,1.082607,1.446648
0.7,0.9,0.9,0.5,unification,-0.002808,1.235759,1.089294,1.354548
0.7,0.9,0.9,0.6,unification,-0.023417,1.256737,1.052999,1.30667
0.7,0.9,0.9,0.7,antifragile,0.124683,1.333201,1.067884,1.16887
0.7,0.9,0.9,0.8,antifragile,0.228053,1.520621,1.012939,1.094626
0.7,0.9,0.9,0.9,antifragile,0.362436,1.593976,0.976938,1.030446
0.7,0.9,0.9,1.0,antifragile,0.496032,1.639669,0.882665,0.926409
0.7,0.9,1.0,0.0,unification,-0.748055,0.631098,1.390513,1.959472
0.7,0.9,1.0,0.1,unification,-0.693646,0.760428,1.368626,1.878615
0.7,0.9,1.0,0.2,unification,-0.390005,0.862108,1.413626,1.762778
0.7,0.9,1.0,0.3,unification,-0.329289,0.916731,1.29767,1.700028
0.7,0.9,1.0,0.4,unification,-0.294468,0.93472,1.24245,1.559253
0.7,0.9,1.0,0.5,unification,-0.082787,1.133084,1.15975,1.426429
0.7,0.9,1.0,0.6,antifragile,-0.071504,1.388348,1.075667,1.333235
0.7,0.9,1.0,0.7,antifragile,0.067285,1.448728,1.152077,1.392616
0.7,0.9,1.0,0.8,antifragile,0.160747,1.375495,1.052539,1.223765
0.7,0.9,1.0,0.9,antifragile,0.290548,1.529301,1.064537,1.109404
0.7,0.9,1.0,1.0,antifragile,0.353642,1.574769,1.005251,1.065288
0.7,1.0,0.0,0.0,antifragile,0.179571,1.15735,0.599631,0.781176
0.7,1.0,0.0,0.1,antifragile,0.224732,1.098164,0.593592,0.773331
0.7,1.0,0.0,0.2,antifragile,0.313365,1.230051,0.577397,0.655585
0.7,1.0,0.0,0.3,antifragile,0.439766,1.371384,0.42577,0.553616
0.7,1.0,0.0,0.4,antifragile,0.576057,1.504234,0.406619,0.424876
0.7,1.0,0.0,0.5,antifragile,0.723209,1.527153,0.462553,0.334519
0.7,1.0,0.0,0.6,antifragile,0.765744,1.708357,0.34883,0.267486
0.7,1.0,0.0,0.7,antifragile,0.907588,1.791905,0.373902,0.233444
0.7,1.0,0.0,0.8,antifragile,1.002268,1.845977,0.344067,0.132764
0.7,1.0,0.0,0.9,antifragile,1.142087,1.879347,0.310851,0.042033
0.7,1.0,0.0,1.0,antifragile,1.298087,1.979567,0.286922,-0.087394
0.7,1.0,0.1,0.0,antifragile,0.044593,0.991325,0.744331,0.920946
0.7,1.0,0.1,0.1,antifragile,0.096494,1.212438,0.627789,0.846878
0.7,1.0,0.1,0.2,antifragile,0.133578,1.222251,0.688982,0.770631
0.7,1.0,0.1,0.3,antifragile,0.359731,1.317919,0.653372,0.697533
0.7,1.0,0.1,0.4,antifragile,0.543981,1.360459,0.574968,0.455323
0.7,1.0,0.1,0.5,antifragile,0.516625,1.484794,0.588251,0.455955
0.7,1.0,0.1,0.6,antifragile,0.680552,1.630002,0.471472,0.295266
0.7,1.0,0.1,0.7,antifragile,0.767704,1.703964,0.488423,0.299681
0.7,1.0,0.1,0.8,antifragile,0.937592,1.851235,0.481028,0.233615
0.7,1.0,0.1,0.9,antifragile,0.968142,1.837749,0.327407,0.086256
0.7,1.0,0.1,1.0,antifragile,1.13997,2.089372,0.355595,0.0508
0.7,1.0,0.2,0.0,unification,-0.006905,0.968572,0.882102,1.078396
0.7,1.0,0.2,0.1,antifragile,0.05795,1.209687,0.845762,0.947269
0.7,1.0,0.2,0.2,antifragile,0.157817,1.178404,0.743463,0.85491
0.7,1.0,0.2,0.3,antifragile,0.259025,1.284302,0.650375,0.746593
0.7,1.0,0.2,0.4,antifragile,0.305137,1.410722,0.674003,0.683871
0.7,1.0,0.2,0.5,antifragile,0.539312,1.441823,0.594459,0.530939
0.7,1.0,0.2,0.6,antifragile,0.656151,1.610277,0.656479,0.599129
0.7,1.0,0.2,0.7,antifragile,0.693782,1.639443,0.460227,0.380101
0.7,1.0,0.2,0.8,antifragile,0.808755,1.666953,0.456133,0.345858
0.7,1.0,0.2,0.9,antifragile,0.979672,1.829146,0.476399,0.358188
0.7,1.0,0.2,1.0,antifragile,0.954698,2.014294,0.449039,0.243327
0.7,1.0,0.3,0.0,unification,-0.096655,0.94184,0.91509,1.081973
0.7,1.0,0.3,0.1,unification,-0.061147,1.071462,0.890179,1.109472
0.7,1.0,0.3,0.2,antifragile,0.154146,1.143223,0.892238,0.998365
0.7,1.0,0.3,0.3,antifragile,0.119629,1.25248,0.800794,0.858165
0.7,1.0,0.3,0.4,antifragile,0.242972,1.301292,0.727823,0.771769
0.7,1.0,0.3,0.5,antifragile,0.46652,1.327444,0.720564,0.756416
0.7,1.0,0.3,0.6,antifragile,0.466859,1.533404,0.657895,0.641131
0.7,1.0,0.3,0.7,antifragile,0.658147,1.668669,0.605001,0.484777
0.7,1.0,0.3,0.8,antifragile,0.743253,1.702166,0.568612,0.486172
0.7,1.0,0.3,0.9,antifragile,0.823246,1.845336,0.680643,0.424292
0.7,1.0,0.3,1.0,antifragile,1.022245,1.950545,0.518856,0.331303
0.7,1.0,0.4,0.0,unification,-0.211135,0.98314,1.002968,1.214584
0.7,1.0,0.4,0.1,unification,-0.198407,1.058062,0.90369,1.229321
0.7,1.0,0.4,0.2,unification,0.051933,1.118967,0.980567,1.122947
0.7,1.0,0.4,0.3,antifragile,0.096296,1.228642,0.838457,0.977068
0.7,1.0,0.4,0.4,antifragile,0.122798,1.283345,0.94697,0.865332
0.7,1.0,0.4,0.5,antifragile,0.256173,1.374721,0.762067,0.868466
0.7,1.0,0.4,0.6,antifragile,0.394409,1.500074,0.717525,0.746239
0.7,1.0,0.4,0.7,antifragile,0.532016,1.598272,0.819038,0.683591
0.7,1.0,0.4,0.8,antifragile,0.634513,1.575152,0.691996,0.501246
0.7,1.0,0.4,0.9,antifragile,0.782585,1.802121,0.679895,0.483279
0.7,1.0,0.4,1.0,antifragile,0.866349,1.923788,0.553523,0.460502
0.7,1.0,0.5,0.0,unification,-0.296787,0.898257,1.163927,1.430778
0.7,1.0,0.5,0.1,unification,-0.298708,1.049434,1.012095,1.359884
0.7,1.0,0.5,0.2,unification,-0.090224,0.962913,1.035243,1.223917
0.7,1.0,0.5,0.3,antifragile,-0.017972,1.16889,1.004444,1.103936
0.7,1.0,0.5,0.4,antifragile,0.170664,1.209018,0.939785,1.103622
0.7,1.0,0.5,0.5,antifragile,0.262395,1.389204,0.87466,0.952501
0.7,1.0,0.5,0.6,antifragile,0.273879,1.440716,0.796931,0.838734
0.7,1.0,0.5,0.7,antifragile,0.535186,1.484029,0.861275,0.748175
0.7,1.0,0.5,0.8,antifragile,0.503894,1.613076,0.709476,0.771143
0.7,1.0,0.5,0.9,antifragile,0.694418,1.74837,0.860368,0.639164
0.7,1.0,0.5,1.0,antifragile,0.777994,1.820718,0.644763,0.528344
0.7,1.0,0.6,0.0,unification,-0.372414,0.898556,1.23453,1.494146
0.7,1.0,0.6,0.1,unification,-0.275525,0.980275,1.15171,1.401811
0.7,1.0,0.6,0.2,unification,-0.246937,1.086957,1.133642,1.329085
0.7,1.0,0.6,0.3,antifragile,-0.054548,1.214969,1.03191,1.203059
0.7,1.0,0.6,0.4,antifragile,-0.04069,1.216174,0.987699,1.188193
0.7,1.0,0.6,0.5,antifragile,0.134209,1.331382,1.003962,1.066961
0.7,1.0,0.6,0.6,antifragile,0.308234,1.487003,0.97334,0.987025
0.7,1.0,0.6,0.7,antifragile,0.349179,1.571142,0.880004,0.900043
0.7,1.0,0.6,0.8,antifragile,0.428037,1.595472,0.791953,0.993518
0.7,1.0,0.6,0.9,antifragile,0.477384,1.67596,0.839801,0.73093
0.7,1.0,0.6,1.0,antifragile,0.667414,1.839759,0.821618,0.666329
0.7,1.0,0.7,0.0,unification,-0.458899,0.750129,1.224701,1.679741
0.7,1.0,0.7,0.1,unification,-0.29634,0.88173,1.157928,1.58707
0.7,1.0,0.7,0.2,unification,-0.282341,0.989078,1.114166,1.459305
0.7,1.0,0.7,0.3,unification,-0.148938,1.10334,1.193558,1.393199
0.7,1.0,0.7,0.4,unification,-0.034925,1.228924,1.074817,1.356656
0.7,1.0,0.7,0.5,antifragile,-0.015864,1.282321,1.034305,1.249077
0.7,1.0,0.7,0.6,antifragile,0.186541,1.364241,0.967195,1.148929
0.7,1.0,0.7,0.7,antifragile,0.188118,1.550392,0.963808,1.001523
0.7,1.0,0.7,0.8,antifragile,0.315534,1.610657,0.949304,0.936578
0.7,1.0,0.7,0.9,antifragile,0.479306,1.63354,0.882079,0.963777
0.7,1.0,0.7,1.0,antifragile,0.701528,1.774412,0.876592,0.824617
0.7,1.0,0.8,0.0,unification,-0.681052,0.742507,1.224218,1.802454
0.7,1.0,0.8,0.1,unification,-0.387731,0.948292,1.302225,1.690176
0.7,1.0,0.8,0.2,unification,-0.392618,1.042983,1.270783,1.613123
0.7,1.0,0.8,0.3,unification,-0.320164,1.115054,1.212501,1.544848
0.7,1.0,0.8,0.4,unification,-0.105046,1.098256,1.16522,1.417969
0.7,1.0,0.8,0.5,unification,-0.071438,1.219156,1.103624,1.300077
0.7,1.0,0.8,0.6,antifragile,0.106246,1.388871,1.115404,1.173651
0.7,1.0,0.8,0.7,antifragile,0.272442,1.444574,1.147232,1.222457
0.7,1.0,0.8,0.8,antifragile,0.273417,1.66216,1.048369,1.088583
0.7,1.0,0.8,0.9,antifragile,0.375445,1.706598,0.953174,0.996072
0.7,1.0,0.8,1.0,antifragile,0.475153,1.712218,0.905277,1.018623
0.7,1.0,0.9,0.0,unification,-0.634621,0.776766,1.397625,1.877431
0.7,1.0,0.9,0.1,unification,-0.593331,0.949448,1.399546,1.857377
0.7,1.0,0.9,0.2,unification,-0.455008,0.910718,1.350128,1.681208
0.7,1.0,0.9,0.3,unification,-0.295233,1.012569,1.276405,1.690659
0.7,1.0,0.9,0.4,unification,-0.279916,1.134047,1.133115,1.54887
0.7,1.0,0.9,0.5,unification,-0.105285,1.20868,1.252964,1.479192
0.7,1.0,0.9,0.6,unification,0.029392,1.298251,1.172923,1.321517
0.7,1.0,0.9,0.7,antifragile,0.080396,1.408922,1.193006,1.278763
0.7,1.0,0.9,0.8,antifragile,0.173814,1.491241,1.106358,1.324426
0.7,1.0,0.9,0.9,antifragile,0.130114,1.617609,1.123719,1.114273
0.7,1.0,0.9,1.0,antifragile,0.44135,1.773869,1.011191,1.022371
0.7,1.0,1.0,0.0,unification,-0.728229,0.754769,1.506882,2.060562
0.7,1.0,1.0,0.1,unification,-0.616983,0.822349,1.485273,1.971123
0.7,1.0,1.0,0.2,unification,-0.578093,0.979399,1.378455,1.853437
0.7,1.0,1.0,0.3,unification,-0.406625,0.962179,1.433566,1.784515
0.7,1.0,1.0,0.4,unification,-0.268741,1.140639,1.341861,1.70158
0.7,1.0,1.0,0.5,unification,-0.211624,1.306164,1.314235,1.5981
0.7,1.0,1.0,0.6,unification,-0.124773,1.309443,1.213284,1.500862
0.7,1.0,1.0,0.7,unification,-0.055607,1.350927,1.270205,1.436314
0.7,1.0,1.0,0.8,antifragile,0.067907,1.482486,1.177697,1.352635
0.7,1.0,1.0,0.9,antifragile,0.139645,1.530437,1.077927,1.22002
0.7,1.0,1.0,1.0,antifragile,0.288864,1.628273,1.148221,1.271997
0.8,0.0,0.0,0.0,competitive,1.041279,0.69173,-0.549491,-0.483321
0.8,0.0,0.0,0.1,competitive,1.079559,0.881236,-0.499639,-0.6385
0.8,0.0,0.0,0.2,competitive,1.292013,0.880451,-0.653116,-0.635866
0.8,0.0,0.0,0.3,competitive,1.407383,1.019062,-0.659377,-0.692332
0.8,0.0,0.0,0.4,competitive,1.490557,1.125557,-0.669133,-0.849895
0.8,0.0,0.0,0.5,competitive,1.463276,1.28625,-0.811884,-0.931692
0.8,0.0,0.0,0.6,competitive,1.643424,1.264806,-0.836307,-0.966821
0.8,0.0,0.0,0.7,competitive,1.793711,1.415997,-0.81214,-1.095834
0.8,0.0,0.0,0.8,competitive,1.859084,1.53596,-0.906069,-1.187063
0.8,0.0,0.0,0.9,competitive,2.036475,1.574071,-0.945253,-1.269781
0.8,0.0,0.0,1.0,competitive,2.156195,1.699301,-0.948173,-1.388317
0.8,0.0,0.1,0.0,competitive,0.922039,0.67436,-0.520622,-0.38508
0.8,0.0,0.1,0.1,competitive,1.054808,0.842121,-0.56787,-0.486563
0.8,0.0,0.1,0.2,competitive,1.164707,0.85454,-0.527362,-0.546132
0.8,0.0,0.1,0.3,competitive,1.26885,0.901313,-0.567534,-0.714962
0.8,0.0,0.1,0.4,competitive,1.396266,1.063299,-0.612938,-0.683144
0.8,0.0,0.1,0.5,competitive,1.374708,1.228341,-0.658276,-0.742184
0.8,0.0,0.1,0.6,competitive,1.530039,1.267039,-0.780495,-0.857539
0.8,0.0,0.1,0.7,competitive,1.633022,1.600362,-0.724742,-0.883457
0.8,0.0,0.1,0.8,competitive,1.777521,1.46495,-0.749733,-1.088638
0.8,0.0,0.1,0.9,competitive,1.866371,1.588625,-0.845903,-1.157383
0.8,0.0,0.1,1.0,competitive,1.978451,1.573876,-0.972967,-1.289807
0.8,0.0,0.2,0.0,competitive,0.822285,0.683581,-0.264053,-0.232069
0.8,0.0,0.2,0.1,competitive,0.866002,0.743577,-0.394853,-0.263491
0.8,0.0,0.2,0.2,competitive,1.086656,0.868639,-0.465235,-0.363159
0.8,0.0,0.2,0.3,competitive,1.090759,0.834592,-0.405337,-0.487351
0.8,0.0,0.2,0.4,competitive,1.286695,0.889913,-0.472755,-0.512207
0.8,0.0,0.2,0.5,competitive,1.29172,1.109135,-0.576689,-0.718189
0.8,0.0,0.2,0.6,competitive,1.504438,1.272281,-0.61379,-0.818311
0.8,0.0,0.2,0.7,competitive,1.538164,1.30881,-0.682479,-0.836463
0.8,0.0,0.2,0.8,competitive,1.686767,1.319799,-0.669717,-0.878637
0.8,0.0,0.2,0.9,competitive,1.836119,1.526486,-0.764206,-1.025354
0.8,0.0,0.2,1.0,competitive,1.869119,1.677146,-0.791025,-1.163029
0.8,0.0,0.3,0.0,competitive,0.728539,0.510787,-0.2926,-0.097851
0.8,0.0,0.3,0.1,competitive,0.812904,0.663026,-0.316879,-0.194151
0.8,0.0,0.3,0.2,antifragile,0.852915,0.865194,-0.431991,-0.340909
0.8,0.0,0.3,0.3,competitive,1.127934,0.952979,-0.446025,-0.422624
0.8,0.0,0.3,0.4,competitive,1.124514,0.973125,-0.40419,-0.38025
0.8,0.0,0.3,0.5,competitive,1.288299,1.122506,-0.515468,-0.573641
0.8,0.0,0.3,0.6,competitive,1.31497,1.201146,-0.499981,-0.640533
0.8,0.0,0.3,0.7,competitive,1.559376,1.260753,-0.580813,-0.711054
0.8,0.0,0.3,0.8,competitive,1.671823,1.399634,-0.627918,-0.78117
0.8,0.0,0.3,0.9,competitive,1.660555,1.358328,-0.691574,-0.879701
0.8,0.0,0.3,1.0,competitive,1.856563,1.556844,-0.728461,-1.102378
0.8,0.0,0.4,0.0,competitive,0.666359,0.590551,-0.179308,0.021363
0.8,0.0,0.4,0.1,competitive,0.807343,0.647473,-0.262028,-0.052975
0.8,0.0,0.4,0.2,competitive,0.892994,0.790821,-0.276121,-0.13656
0.8,0.0,0.4,0.3,competitive,0.960365,0.910063,-0.423716,-0.266458
0.8,0.0,0.4,0.4,competitive,1.159592,0.926371,-0.383908,-0.25061
0.8,0.0,0.4,0.5,competitive,1.183695,1.013306,-0.360082,-0.419467
0.8,0.0,0.4,0.6,competitive,1.288948,1.050982,-0.466367,-0.455851
0.8,0.0,0.4,0.7,competitive,1.388457,1.180932,-0.524023,-0.60576
0.8,0.0,0.4,0.8,competitive,1.507318,1.31412,-0.456771,-0.644882
0.8,0.0,0.4,0.9,competitive,1.542989,1.438575,-0.581998,-0.685276
0.8,0.0,0.4,1.0,competitive,1.732199,1.520763,-0.52685,-0.883441
0.8,0.0,0.5,0.0,competitive,0.589884,0.548195,-0.160043,0.112594
0.8,0.0,0.5,0.1,competitive,0.727918,0.663265,-0.144944,0.104489
0.8,0.0,0.5,0.2,competitive,0.787095,0.681951,-0.293586,0.051982
0.8,0.0,0.5,0.3,competitive,0.890401,0.833963,-0.164771,-0.163218
0.8,0.0,0.5,0.4,competitive,0.863826,0.834422,-0.321545,-0.189141
0.8,0.0,0.5,0.5,competitive,1.169582,1.062161,-0.463088,-0.139965
0.8,0.0,0.5,0.6,competitive,1.189473,1.17639,-0.347699,-0.364733
0.8,0.0,0.5,0.7,competitive,1.308147,1.154382,-0.479393,-0.458312
0.8,0.0,0.5,0.8,antifragile,1.36059,1.387396,-0.450153,-0.430364
0.8,0.0,0.5,0.9,competitive,1.518219,1.370474,-0.465457,-0.632964
0.8,0.0,0.5,1.0,competitive,1.698654,1.566911,-0.480042,-0.636779
0.8,0.0,0.6,0.0,competitive,0.500879,0.482547,0.006994,0.30488
0.8,0.0,0.6,0.1,antifragile,0.539114,0.580454,-0.094591,0.240574
0.8,0.0,0.6,0.2,antifragile,0.685846,0.699718,-0.137958,0.082333
0.8,0.0,0.6,0.3,antifragile,0.731804,0.834761,-0.220871,0.018381
0.8,0.0,0.6,0.4,antifragile,0.879557,0.928317,-0.2271,-0.120312
0.8,0.0,0.6,0.5,competitive,1.059465,0.9437,-0.242266,-0.09131
0.8,0.0,0.6,0.6,competitive,1.083493,1.074824,-0.311559,-0.233428
0.8,0.0,0.6,0.7,competitive,1.226577,1.22102,-0.361036,-0.261291
0.8,0.0,0.6,0.8,competitive,1.420233,1.282827,-0.409507,-0.412055
0.8,0.0,0.6,0.9,antifragile,1.443756,1.453618,-0.415159,-0.42586
0.8,0.0,0.6,1.0,competitive,1.565573,1.462292,-0.46772,-0.593055
0.8,0.0,0.7,0.0,unification,0.414486,0.43847,0.082987,0.467044
0.8,0.0,0.7,0.1,antifragile,0.450409,0.630399,0.047412,0.353461
0.8,0.0,0.7,0.2,antifragile,0.558197,0.65903,-0.051038,0.329534
0.8,0.0,0.7,0.3,antifragile,0.699497,0.750836,-0.142397,0.091407
0.8,0.0,0.7,0.4,antifragile,0.775793,0.873067,-0.196203,0.021706
0.8,0.0,0.7,0.5,antifragile,0.826951,1.020095,-0.15968,-0.014479
0.8,0.0,0.7,0.6,antifragile,0.975501,1.103065,-0.129847,-0.111654
0.8,0.0,0.7,0.7,antifragile,1.116044,1.167612,-0.20826,-0.156483
0.8,0.0,0.7,0.8,antifragile,1.283195,1.2832,-0.319632,-0.239405
0.8,0.0,0.7,0.9,competitive,1.33731,1.204504,-0.348149,-0.397695
0.8,0.0,0.7,1.0,competitive,1.482052,1.4669,-0.355359,-0.354568
0.8,0.0,0.8,0.0,unification,0.253748,0.340614,0.1339,0.492757
0.8,0.0,0.8,0.1,antifragile,0.335716,0.520123,0.040829,0.400761
0.8,0.0,0.8,0.2,antifragile,0.576125,0.636216,0.026732,0.429881
0.8,0.0,0.8,0.3,antifragile,0.595226,0.663494,-0.066323,0.261
0.8,0.0,0.8,0.4,antifragile,0.637887,0.761377,-0.059063,0.236597
0.8,0.0,0.8,0.5,antifragile,0.894591,0.947982,-0.080194,0.06648
0.8,0.0,0.8,0.6,antifragile,0.959418,1.099098,-0.112929,-0.0131
0.8,0.0,0.8,0.7,antifragile,1.042117,1.091665,-0.132562,-0.113184
0.8,0.0,0.8,0.8,antifragile,1.180309,1.228408,-0.182798,-0.214312
0.8,0.0,0.8,0.9,antifragile,1.262526,1.26866,-0.243693,-0.278331
0.8,0.0,0.8,1.0,competitive,1.442167,1.399344,-0.360907,-0.396486
0.8,0.0,0.9,0.0,unification,0.250238,0.395996,0.185509,0.701427
0.8,0.0,0.9,0.1,unification,0.292424,0.440244,0.108618,0.591376
0.8,0.0,0.9,0.2,antifragile,0.511473,0.636978,0.105906,0.463664
0.8,0.0,0.9,0.3,antifragile,0.522424,0.589002,0.086173,0.419205
0.8,0.0,0.9,0.4,antifragile,0.718647,0.839537,0.141496,0.389029
0.8,0.0,0.9,0.5,antifragile,0.809735,0.88131,0.022243,0.136491
0.8,0.0,0.9,0.6,antifragile,0.856517,1.003308,-0.049168,0.057918
0.8,0.0,0.9,0.7,antifragile,1.03914,1.090303,0.011031,0.087109
0.8,0.0,0.9,0.8,antifragile,1.138422,1.223154,-0.148971,-0.060449
0.8,0.0,0.9,0.9,antifragile,1.158581,1.211682,-0.066744,-0.117887
0.8,0.0,0.9,1.0,competitive,1.312975,1.288449,-0.154071,-0.225473
0.8,0.0,1.0,0.0,unification,0.163049,0.335729,0.356594,0.817043
0.8,0.0,1.0,0.1,unification,0.186716,0.535892,0.30744,0.709482
0.8,0.0,1.0,0.2,unification,0.270319,0.600006,0.213301,0.602467
0.8,0.0,1.0,0.3,antifragile,0.433691,0.653494,0.126719,0.439232
0.8,0.0,1.0,0.4,antifragile,0.453915,0.764967,0.008809,0.466311
0.8,0.0,1.0,0.5,antifragile,0.675308,0.829864,0.141326,0.331996
0.8,0.0,1.0,0.6,antifragile,0.780928,0.842091,-0.062091,0.248234
0.8,0.0,1.0,0.7,antifragile,0.891143,1.082513,0.001137,0.187328
0.8,0.0,1.0,0.8,antifragile,1.019312,1.123612,-0.000637,0.033559
0.8,0.0,1.0,0.9,antifragile,1.007178,1.198307,-0.031262,-0.030552
0.8,0.0,1.0,1.0,antifragile,1.23254,1.268651,-0.139126,-0.067898
0.8,0.1,0.0,0.0,competitive,0.891629,0.740102,-0.575421,-0.318038
0.8,0.1,0.0,0.1,competitive,1.02907,0.812734,-0.39337,-0.484457
0.8,0.1,0.0,0.2,competitive,1.119223,0.906911,-0.469811,-0.45831
0.8,0.1,0.0,0.3,competitive,1.321695,1.116218,-0.594866,-0.531379
0.8,0.1,0.0,0.4,competitive,1.35522,1.067868,-0.626324,-0.683702
0.8,0.1,0.0,0.5,competitive,1.442759,1.247345,-0.618171,-0.764469
0.8,0.1,0.0,0.6,competitive,1.617757,1.325998,-0.721364,-0.943509
0.8,0.1,0.0,0.7,competitive,1.6906,1.403138,-0.730921,-1.058529
0.8,0.1,0.0,0.8,competitive,1.729078,1.550499,-0.846774,-1.049502
0.8,0.1,0.0,0.9,competitive,1.87346,1.575284,-0.800735,-1.123572
0.8,0.1,0.0,1.0,competitive,2.052314,1.6599,-0.889223,-1.153838
0.8,0.1,0.1,0.0,competitive,0.823768,0.748294,-0.384856,-0.212238
0.8,0.1,0.1,0.1,antifragile,0.820562,0.88257,-0.422764,-0.382446
0.8,0.1,0.1,0.2,competitive,1.001875,0.906821,-0.44552,-0.39794
0.8,0.1,0.1,0.3,competitive,1.105367,1.058559,-0.506214,-0.518716
0.8,0.1,0.1,0.4,competitive,1.263687,1.143142,-0.521695,-0.602117
0.8,0.1,0.1,0.5,competitive,1.368813,1.265958,-0.507231,-0.641708
0.8,0.1,0.1,0.6,competitive,1.50243,1.41568,-0.576824,-0.735969
0.8,0.1,0.1,0.7,competitive,1.594896,1.41284,-0.792263,-0.778614
0.8,0.1,0.1,0.8,competitive,1.651412,1.454096,-0.750009,-0.951821
0.8,0.1,0.1,0.9,competitive,1.807984,1.629468,-0.655547,-0.902945
0.8,0.1,0.1,1.0,competitive,1.940112,1.669047,-0.721022,-1.127707
0.8,0.1,0.2,0.0,competitive,0.696707,0.676639,-0.276692,-0.213343
0.8,0.1,0.2,0.1,competitive,0.908347,0.802004,-0.27509,-0.273524
0.8,0.1,0.2,0.2,competitive,0.931747,0.849211,-0.365137,-0.281678
0.8,0.1,0.2,0.3,competitive,1.118479,0.984938,-0.432068,-0.255614
0.8,0.1,0.2,0.4,competitive,1.171722,1.029659,-0.529258,-0.44548
0.8,0.1,0.2,0.5,competitive,1.329538,1.113001,-0.44375,-0.530818
0.8,0.1,0.2,0.6,competitive,1.316332,1.296284,-0.528253,-0.676305
0.8,0.1,0.2,0.7,competitive,1.562845,1.406893,-0.61239,-0.690327
0.8,0.1,0.2,0.8,competitive,1.635164,1.451604,-0.620783,-0.797421
0.8,0.1,0.2,0.9,competitive,1.781925,1.570458,-0.731393,-0.982173
0.8,0.1,0.2,1.0,competitive,1.752144,1.577089,-0.712759,-0.982635
0.8,0.1,0.3,0.0,antifragile,0.651722,0.658308,-0.19243,0.072182
0.8,0.1,0.3,0.1,antifragile,0.681165,0.771698,-0.213545,-0.133134
0.8,0.1,0.3,0.2,competitive,0.901689,0.868629,-0.272163,-0.275885
0.8,0.1,0.3,0.3,competitive,1.033189,0.956334,-0.289821,-0.409536
0.8,0.1,0.3,0.4,competitive,1.068424,0.968316,-0.285329,-0.380251
0.8,0.1,0.3,0.5,competitive,1.278963,1.182642,-0.378933,-0.353231
0.8,0.1,0.3,0.6,competitive,1.267779,1.191737,-0.383882,-0.541991
0.8,0.1,0.3,0.7,competitive,1.358709,1.308935,-0.514107,-0.486731
0.8,0.1,0.3,0.8,competitive,1.573768,1.391201,-0.560068,-0.648067
0.8,0.1,0.3,0.9,competitive,1.704377,1.529545,-0.597551,-0.821835
0.8,0.1,0.3,1.0,competitive,1.736096,1.625793,-0.613524,-0.784614
0.8,0.1,0.4,0.0,antifragile,0.591359,0.636867,-0.079628,0.070543
0.8,0.1,0.4,0.1,antifragile,0.650088,0.667988,-0.125781,0.003749
0.8,0.1,0.4,0.2,antifragile,0.789097,0.806774,-0.155,-0.089834
0.8,0.1,0.4,0.3,competitive,0.917588,0.856526,-0.273216,-0.12213
0.8,0.1,0.4,0.4,competitive,1.064716,0.96292,-0.35389,-0.247264
0.8,0.1,0.4,0.5,antifragile,1.095742,1.193452,-0.285583,-0.322663
0.8,0.1,0.4,0.6,antifragile,1.217936,1.273548,-0.357019,-0.381419
0.8,0.1,0.4,0.7,antifragile,1.314728,1.324803,-0.41127,-0.411386
0.8,0.1,0.4,0.8,competitive,1.498139,1.415674,-0.43621,-0.609923
0.8,0.1,0.4,0.9,competitive,1.543801,1.446571,-0.503951,-0.636968
0.8,0.1,0.4,1.0,competitive,1.688962,1.543859,-0.573741,-0.757937
0.8,0.1,0.5,0.0,antifragile,0.559517,0.617437,-0.067887,0.32945
0.8,0.1,0.5,0.1,antifragile,0.573002,0.798901,-0.046897,0.208276
0.8,0.1,0.5,0.2,antifragile,0.736864,0.854299,-0.12195,0.164978
0.8,0.1,0.5,0.3,antifragile,0.77381,0.856928,-0.139554,0.056022
0.8,0.1,0.5,0.4,antifragile,0.898489,1.052536,-0.113677,-0.07302
0.8,0.1,0.5,0.5,antifragile,0.976697,1.115056,-0.324781,-0.122935
0.8,0.1,0.5,0.6,antifragile,1.093809,1.222813,-0.329291,-0.27811
0.8,0.1,0.5,0.7,antifragile,1.266907,1.285081,-0.331305,-0.346606
0.8,0.1,0.5,0.8,competitive,1.402632,1.40034,-0.357588,-0.445357
0.8,0.1,0.5,0.9,antifragile,1.396549,1.457682,-0.339369,-0.492432
0.8,0.1,0.5,1.0,antifragile,1.52875,1.629326,-0.52517,-0.541089
0.8,0.1,0.6,0.0,antifragile,0.395836,0.578434,0.025659,0.382379
0.8,0.1,0.6,0.1,antifragile,0.509668,0.645709,-0.064688,0.390625
0.8,0.1,0.6,0.2,antifragile,0.63751,0.74673,-0.010045,0.304187
0.8,0.1,0.6,0.3,antifragile,0.677864,0.791588,-0.012496,0.158135
0.8,0.1,0.6,0.4,antifragile,0.774506,0.989434,-0.080252,0.005102
0.8,0.1,0.6,0.5,antifragile,0.959516,1.047035,-0.139402,-0.015784
0.8,0.1,0.6,0.6,antifragile,1.07631,1.17071,-0.169635,-0.133531
0.8,0.1,0.6,0.7,antifragile,1.166953,1.279544,-0.183503,-0.221336
0.8,0.1,0.6,0.8,antifragile,1.267783,1.398283,-0.217535,-0.282409
0.8,0.1,0.6,0.9,competitive,1.432019,1.382845,-0.278555,-0.281219
0.8,0.1,0.6,1.0,antifragile,1.517677,1.586043,-0.339188,-0.48381
0.8,0.1,0.7,0.0,unification,0.353011,0.428584,0.15901,0.566544
0.8,0.1,0.7,0.1,antifragile,0.433126,0.509875,0.0427,0.424281
0.8,0.1,0.7,0.2,antifragile,0.538743,0.735707,0.069692,0.381512
0.8,0.1,0.7,0.3,antifragile,0.646845,0.798569,0.05688,0.227627
0.8,0.1,0.7,0.4,antifragile,0.766841,0.857655,0.014372,0.198143
0.8,0.1,0.7,0.5,antifragile,0.830056,1.026748,0.027135,0.038999
0.8,0.1,0.7,0.6,antifragile,1.00271,1.144325,-0.100363,0.045045
0.8,0.1,0.7,0.7,antifragile,1.052271,1.24781,-0.266948,-0.007756
0.8,0.1,0.7,0.8,antifragile,1.119386,1.284498,-0.210698,-0.090174
0.8,0.1,0.7,0.9,antifragile,1.273547,1.347895,-0.153991,-0.213393
0.8,0.1,0.7,1.0,antifragile,1.378318,1.420441,-0.306312,-0.271247
0.8,0.1,0.8,0.0,unification,0.225946,0.493671,0.259611,0.542567
0.8,0.1,0.8,0.1,antifragile,0.298774,0.565102,0.244069,0.481545
0.8,0.1,0.8,0.2,antifragile,0.477682,0.764721,0.069045,0.470833
0.8,0.1,0.8,0.3,antifragile,0.559967,0.813653,0.006773,0.401881
0.8,0.1,0.8,0.4,antifragile,0.634063,0.850836,0.178453,0.289222
0.8,0.1,0.8,0.5,antifragile,0.777493,0.953983,0.047061,0.242632
0.8,0.1,0.8,0.6,antifragile,0.909667,1.016151,0.002631,0.139398
0.8,0.1,0.8,0.7,antifragile,0.892598,1.102317,-0.000454,0.021918
0.8,0.1,0.8,0.8,antifragile,1.2156,1.293154,-0.062408,0.03552
0.8,0.1,0.8,0.9,antifragile,1.233636,1.349212,-0.195708,-0.091733
0.8,0.1,0.8,1.0,antifragile,1.374836,1.405356,-0.256301,-0.263464
0.8,0.1,0.9,0.0,unification,0.202952,0.45401,0.392988,0.765952
0.8,0.1,0.9,0.1,unification,0.200174,0.65173,0.261419,0.667547
0.8,0.1,0.9,0.2,antifragile,0.35803,0.625495,0.278909,0.617297
0.8,0.1,0.9,0.3,antifragile,0.469276,0.704168,0.11688,0.468391
0.8,0.1,0.9,0.4,antifragile,0.5178,0.844632,0.119246,0.351735
0.8,0.1,0.9,0.5,antifragile,0.60767,0.944381,0.154371,0.314668
0.8,0.1,0.9,0.6,antifragile,0.754996,1.050699,0.088274,0.314304
0.8,0.1,0.9,0.7,antifragile,0.877117,1.073428,0.094321,0.154435
0.8,0.1,0.9,0.8,antifragile,0.955562,1.254641,0.072462,0.094162
0.8,0.1,0.9,0.9,antifragile,1.054786,1.381739,-0.021164,0.010987
0.8,0.1,0.9,1.0,antifragile,1.194801,1.456491,-0.135423,-0.145186
0.8,0.1,1.0,0.0,unification,0.119725,0.371879,0.452984,0.958922
0.8,0.1,1.0,0.1,unification,0.145508,0.465949,0.396489,0.874589
0.8,0.1,1.0,0.2,unification,0.262124,0.567677,0.340303,0.650769
0.8,0.1,1.0,0.3,antifragile,0.306317,0.687068,0.288076,0.574898
0.8,0.1,1.0,0.4,antifragile,0.477487,0.821083,0.234264,0.44209
0.8,0.1,1.0,0.5,antifragile,0.580223,0.980743,0.227886,0.465781
0.8,0.1,1.0,0.6,antifragile,0.666378,1.013856,0.175422,0.415366
0.8,0.1,1.0,0.7,antifragile,0.740183,1.086067,0.10194,0.31358
0.8,0.1,1.0,0.8,antifragile,0.807721,1.155363,0.112123,0.245186
0.8,0.1,1.0,0.9,antifragile,1.013476,1.16198,0.077067,0.204207
0.8,0.1,1.0,1.0,antifragile,1.083061,1.343706,0.045327,0.081662
0.8,0.2,0.0,0.0,competitive,0.904852,0.860732,-0.406611,-0.263969
0.8,0.2,0.0,0.1,competitive,0.991322,0.900692,-0.351705,-0.331521
0.8,0.2,0.0,0.2,competitive,1.048208,0.987906,-0.466091,-0.446173
0.8,0.2,0.0,0.3,competitive,1.176653,1.092563,-0.421622,-0.509258
0.8,0.2,0.0,0.4,competitive,1.373789,1.251496,-0.515118,-0.570109
0.8,0.2,0.0,0.5,competitive,1.460642,1.252965,-0.567387,-0.600032
0.8,0.2,0.0,0.6,competitive,1.544569,1.43369,-0.554228,-0.762744
0.8,0.2,0.0,0.7,competitive,1.552906,1.481843,-0.548395,-0.77281
0.8,0.2,0.0,0.8,competitive,1.783538,1.609361,-0.539447,-0.997586
0.8,0.2,0.0,0.9,competitive,1.851547,1.618162,-0.612378,-1.032631
0.8,0.2,0.0,1.0,competitive,2.000425,1.737533,-0.708987,-1.095426
0.8,0.2,0.1,0.0,antifragile,0.759311,0.791682,-0.199025,-0.120466
0.8,0.2,0.1,0.1,antifragile,0.914568,0.921892,-0.305855,-0.10574
0.8,0.2,0.1,0.2,competitive,1.017259,0.943429,-0.294299,-0.233079
0.8,0.2,0.1,0.3,competitive,1.119484,1.070094,-0.537569,-0.418368
0.8,0.2,0.1,0.4,competitive,1.23393,1.105639,-0.379307,-0.410763
0.8,0.2,0.1,0.5,competitive,1.304369,1.161767,-0.481838,-0.505761
0.8,0.2,0.1,0.6,competitive,1.482848,1.240918,-0.480959,-0.698375
0.8,0.2,0.1,0.7,competitive,1.534523,1.432149,-0.40698,-0.73694
0.8,0.2,0.1,0.8,competitive,1.69244,1.585448,-0.574744,-0.789058
0.8,0.2,0.1,0.9,competitive,1.750024,1.592812,-0.646514,-0.900492
0.8,0.2,0.1,1.0,competitive,1.80308,1.69998,-0.654773,-0.956909
0.8,0.2,0.2,0.0,antifragile,0.692184,0.730183,-0.198454,0.031278
0.8,0.2,0.2,0.1,competitive,0.819548,0.810707,-0.249131,-0.097313
0.8,0.2,0.2,0.2,antifragile,0.880922,0.987253,-0.205311,-0.160164
0.8,0.2,0.2,0.3,competitive,1.095035,1.023261,-0.209311,-0.183937
0.8,0.2,0.2,0.4,competitive,1.167532,1.136058,-0.314162,-0.329742
0.8,0.2,0.2,0.5,competitive,1.262508,1.175534,-0.373148,-0.331652
0.8,0.2,0.2,0.6,competitive,1.361169,1.357706,-0.461058,-0.521602
0.8,0.2,0.2,0.7,competitive,1.456692,1.402926,-0.501268,-0.547012
0.8,0.2,0.2,0.8,competitive,1.603871,1.485732,-0.440213,-0.568545
0.8,0.2,0.2,0.9,competitive,1.736266,1.58297,-0.575176,-0.743492
0.8,0.2,0.2,1.0,competitive,1.887349,1.756903,-0.560305,-0.761888
0.8,0.2,0.3,0.0,competitive,0.638436,0.610028,-0.021918,0.140938
0.8,0.2,0.3,0.1,antifragile,0.646671,0.804563,-0.094287,0.010294
0.8,0.2,0.3,0.2,antifragile,0.794005,0.87846,-0.115237,-0.050069
0.8,0.2,0.3,0.3,antifragile,0.825004,0.967625,-0.242317,-0.184701
0.8,0.2,0.3,0.4,antifragile,1.079018,1.125178,-0.283347,-0.268469
0.8,0.2,0.3,0.5,competitive,1.124868,1.113826,-0.287105,-0.286474
0.8,0.2,0.3,0.6,antifragile,1.255224,1.292007,-0.354037,-0.371472
0.8,0.2,0.3,0.7,competitive,1.414027,1.265145,-0.338715,-0.518916
0.8,0.2,0.3,0.8,competitive,1.530195,1.50585,-0.355743,-0.587669
0.8,0.2,0.3,0.9,competitive,1.583191,1.578759,-0.55356,-0.622675
0.8,0.2,0.3,1.0,competitive,1.710663,1.584297,-0.444901,-0.710017
0.8,0.2,0.4,0.0,antifragile,0.559063,0.649345,0.018882,0.277063
0.8,0.2,0.4,0.1,antifragile,0.459622,0.747271,-0.025685,0.057175
0.8,0.2,0.4,0.2,antifragile,0.743711,0.864293,-0.065989,0.126059
0.8,0.2,0.4,0.3,antifragile,0.799458,0.957166,-0.066746,0.007774
0.8,0.2,0.4,0.4,antifragile,0.837811,1.052578,-0.146803,-0.034971
0.8,0.2,0.4,0.5,antifragile,1.022838,1.096102,-0.238735,-0.092869
0.8,0.2,0.4,0.6,antifragile,1.164463,1.309577,-0.153187,-0.287177
0.8,0.2,0.4,0.7,antifragile,1.219002,1.328616,-0.23928,-0.405078
0.8,0.2,0.4,0.8,antifragile,1.392745,1.450212,-0.36627,-0.474517
0.8,0.2,0.4,0.9,antifragile,1.502225,1.628651,-0.364743,-0.488513
0.8,0.2,0.4,1.0,antifragile,1.55975,1.631824,-0.421269,-0.602947
0.8,0.2,0.5,0.0,antifragile,0.522456,0.640354,0.016791,0.417142
0.8,0.2,0.5,0.1,antifragile,0.566466,0.763775,0.046161,0.254132
0.8,0.2,0.5,0.2,antifragile,0.575361,0.815513,-0.003341,0.187089
0.8,0.2,0.5,0.3,antifragile,0.790766,0.966058,0.03835,0.090581
0.8,0.2,0.5,0.4,antifragile,0.79396,1.018869,-0.044251,0.048576
0.8,0.2,0.5,0.5,antifragile,0.967342,1.189253,-0.115919,0.000357
0.8,0.2,0.5,0.6,antifragile,1.085898,1.209766,-0.106948,-0.163398
0.8,0.2,0.5,0.7,antifragile,1.121546,1.321644,-0.266901,-0.184423
0.8,0.2,0.5,0.8,antifragile,1.223592,1.470896,-0.244813,-0.222338
0.8,0.2,0.5,0.9,antifragile,1.379459,1.477323,-0.221704,-0.365352
0.8,0.2,0.5,1.0,antifragile,1.496665,1.564795,-0.324727,-0.347123
0.8,0.2,0.6,0.0,unification,0.226235,0.539873,0.238844,0.565093
0.8,0.2,0.6,0.1,antifragile,0.373875,0.607379,0.203616,0.37266
0.8,0.2,0.6,0.2,antifragile,0.505445,0.794806,0.04637,0.386222
0.8,0.2,0.6,0.3,antifragile,0.641047,0.840898,0.020304,0.319849
0.8,0.2,0.6,0.4,antifragile,0.736062,1.010724,0.019501,0.082273
0.8,0.2,0.6,0.5,antifragile,0.897342,1.128692,0.072122,-0.010029
0.8,0.2,0.6,0.6,antifragile,0.812077,1.201954,-0.089966,-0.0715
0.8,0.2,0.6,0.7,antifragile,1.085377,1.242535,-0.16381,-0.08914
0.8,0.2,0.6,0.8,antifragile,1.218325,1.368746,-0.130875,-0.147829
0.8,0.2,0.6,0.9,antifragile,1.215431,1.452435,-0.168002,-0.273897
0.8,0.2,0.6,1.0,antifragile,1.368528,1.512691,-0.234669,-0.294281
0.8,0.2,0.7,0.0,antifragile,0.296361,0.631173,0.186963,0.588034
0.8,0.2,0.7,0.1,antifragile,0.362873,0.725036,0.176659,0.559164
0.8,0.2,0.7,0.2,antifragile,0.383407,0.768824,0.152828,0.474146
0.8,0.2,0.7,0.3,antifragile,0.48941,0.768306,0.299914,0.383467
0.8,0.2,0.7,0.4,antifragile,0.766736,1.020452,0.02322,0.313089
0.8,0.2,0.7,0.5,antifragile,0.705276,1.02519,-0.029245,0.131289
0.8,0.2,0.7,0.6,antifragile,0.83726,1.107713,0.026941,0.073191
0.8,0.2,0.7,0.7,antifragile,0.997465,1.286788,-0.001306,0.036634
0.8,0.2,0.7,0.8,antifragile,1.117081,1.253251,-0.0074,-0.104882
0.8,0.2,0.7,0.9,antifragile,1.287593,1.458538,-0.067172,-0.099995
0.8,0.2,0.7,1.0,antifragile,1.319905,1.475681,-0.182089,-0.12743
0.8,0.2,0.8,0.0,unification,0.135165,0.474254,0.375836,0.777144
0.8,0.2,0.8,0.1,unification,0.223533,0.580099,0.346778,0.722302
0.8,0.2,0.8,0.2,antifragile,0.36612,0.723577,0.23088,0.613992
0.8,0.2,0.8,0.3,antifragile,0.428265,0.751376,0.28628,0.453505
0.8,0.2,0.8,0.4,antifragile,0.475153,0.975451,0.102778,0.400513
0.8,0.2,0.8,0.5,antifragile,0.625219,0.96881,0.261204,0.329922
0.8,0.2,0.8,0.6,antifragile,0.807995,1.139524,0.077659,0.303757
0.8,0.2,0.8,0.7,antifragile,0.9188,1.23269,0.033762,0.1872
0.8,0.2,0.8,0.8,antifragile,1.009553,1.346488,0.002983,0.181611
0.8,0.2,0.8,0.9,antifragile,1.136936,1.378739,-0.02211,-0.005342
0.8,0.2,0.8,1.0,antifragile,1.198567,1.513336,-0.050596,0.007181
0.8,0.2,0.9,0.0,unification,0.018334,0.488968,0.413284,0.978452
0.8,0.2,0.9,0.1,unification,0.077713,0.594682,0.410649,0.743599
0.8,0.2,0.9,0.2,unification,0.392159,0.638472,0.356676,0.799201
0.8,0.2,0.9,0.3,antifragile,0.351247,0.787181,0.297761,0.627336
0.8,0.2,0.9,0.4,antifragile,0.534073,0.853921,0.142277,0.543352
0.8,0.2,0.9,0.5,antifragile,0.593146,0.979772,0.225835,0.416873
0.8,0.2,0.9,0.6,antifragile,0.687743,1.15326,0.192898,0.407645
0.8,0.2,0.9,0.7,antifragile,0.758314,1.145429,0.104969,0.354684
0.8,0.2,0.9,0.8,antifragile,0.842211,1.27362,0.132037,0.218797
0.8,0.2,0.9,0.9,antifragile,0.912756,1.248853,0.080853,0.073844
0.8,0.2,0.9,1.0,antifragile,1.107857,1.423773,-0.017648,-0.026265
0.8,0.2,1.0,0.0,unification,-0.050003,0.364696,0.49471,0.976629
0.8,0.2,1.0,0.1,unification,0.058816,0.674359,0.430903,0.945318
0.8,0.2,1.0,0.2,unification,0.18104,0.677995,0.429335,0.912073
0.8,0.2,1.0,0.3,antifragile,0.314265,0.78006,0.329288,0.759817
0.8,0.2,1.0,0.4,antifragile,0.364507,0.796918,0.328677,0.667204
0.8,0.2,1.0,0.5,antifragile,0.522838,0.98408,0.366735,0.599635
0.8,0.2,1.0,0.6,antifragile,0.612781,1.013776,0.26762,0.460985
0.8,0.2,1.0,0.7,antifragile,0.698577,1.142691,0.317018,0.407514
0.8,0.2,1.0,0.8,antifragile,0.789616,1.268463,0.099879,0.382157
0.8,0.2,1.0,0.9,antifragile,0.868358,1.347858,0.136196,0.261045
0.8,0.2,1.0,1.0,antifragile,1.154157,1.368111,0.069972,0.163911
0.8,0.3,0.0,0.0,antifragile,0.851266,0.863958,-0.212769,-0.111546
0.8,0.3,0.0,0.1,antifragile,0.834766,0.958961,-0.274642,-0.138877
0.8,0.3,0.0,0.2,competitive,1.034899,0.978813,-0.309157,-0.263601
0.8,0.3,0.0,0.3,antifragile,1.055924,1.086036,-0.358099,-0.357778
0.8,0.3,0.0,0.4,competitive,1.266858,1.246604,-0.251883,-0.493838
0.8,0.3,0.0,0.5,competitive,1.362018,1.274545,-0.334451,-0.477029
0.8,0.3,0.0,0.6,competitive,1.470575,1.338183,-0.419888,-0.670957
0.8,0.3,0.0,0.7,competitive,1.567681,1.447268,-0.481501,-0.732678
0.8,0.3,0.0,0.8,antifragile,1.616088,1.64463,-0.537565,-0.810248
0.8,0.3,0.0,0.9,antifragile,1.80186,1.805198,-0.561216,-0.975299
0.8,0.3,0.0,1.0,antifragile,1.797086,1.808446,-0.563676,-0.963265
0.8,0.3,0.1,0.0,antifragile,0.710578,0.817059,-0.081895,0.03583
0.8,0.3,0.1,0.1,antifragile,0.744021,0.93739,-0.247132,-0.057599
0.8,0.3,0.1,0.2,antifragile,0.890875,1.018035,-0.193799,-0.150918
0.8,0.3,0.1,0.3,antifragile,1.085874,1.106704,-0.240554,-0.183509
0.8,0.3,0.1,0.4,competitive,1.21984,1.199115,-0.315604,-0.358126
0.8,0.3,0.1,0.5,antifragile,1.257536,1.284831,-0.417463,-0.363848
0.8,0.3,0.1,0.6,antifragile,1.385769,1.447332,-0.302794,-0.495469
0.8,0.3,0.1,0.7,antifragile,1.468028,1.535333,-0.470752,-0.607624
0.8,0.3,0.1,0.8,antifragile,1.562034,1.626097,-0.47693,-0.710607
0.8,0.3,0.1,0.9,antifragile,1.653452,1.698482,-0.493414,-0.832537
0.8,0.3,0.1,1.0,antifragile,1.722321,1.77683,-0.521505,-0.843621
0.8,0.3,0.2,0.0,antifragile,0.571464,0.824382,-0.026551,0.146746
0.8,0.3,0.2,0.1,antifragile,0.72352,0.959871,-0.136214,0.023946
0.8,0.3,0.2,0.2,antifragile,0.798183,1.037883,-0.143688,-0.079623
0.8,0.3,0.2,0.3,antifragile,0.91971,1.075229,-0.105181,-0.143984
0.8,0.3,0.2,0.4,antifragile,1.000627,1.119508,-0.222214,-0.081817
0.8,0.3,0.2,0.5,antifragile,1.164121,1.289914,-0.245015,-0.288131
0.8,0.3,0.2,0.6,antifragile,1.294326,1.383134,-0.267542,-0.379194
0.8,0.3,0.2,0.7,antifragile,1.347385,1.471217,-0.320822,-0.358362
0.8,0.3,0.2,0.8,competitive,1.52753,1.511286,-0.423478,-0.569911
0.8,0.3,0.2,0.9,antifragile,1.530838,1.617084,-0.453479,-0.651352
0.8,0.3,0.2,1.0,antifragile,1.679244,1.742359,-0.455344,-0.765115
0.8,0.3,0.3,0.0,antifragile,0.565745,0.770149,0.012777,0.210694
0.8,0.3,0.3,0.1,antifragile,0.541639,0.767976,0.052373,0.217064
0.8,0.3,0.3,0.2,antifragile,0.695787,1.008309,-0.009162,0.095163
0.8,0.3,0.3,0.3,antifragile,0.878097,1.065923,-0.072316,-0.012002
0.8,0.3,0.3,0.4,antifragile,0.93964,1.049601,-0.160036,0.005008
0.8,0.3,0.3,0.5,antifragile,1.013627,1.132467,-0.114802,-0.157569
0.8,0.3,0.3,0.6,antifragile,1.180244,1.312124,-0.154462,-0.178516
0.8,0.3,0.3,0.7,antifragile,1.248928,1.446644,-0.184075,-0.368888
0.8,0.3,0.3,0.8,antifragile,1.460479,1.565758,-0.342101,-0.345251
0.8,0.3,0.3,0.9,antifragile,1.435521,1.570628,-0.285817,-0.457927
0.8,0.3,0.3,1.0,antifragile,1.609934,1.668507,-0.373006,-0.613924
0.8,0.3,0.4,0.0,antifragile,0.457061,0.694706,0.092408,0.306138
0.8,0.3,0.4,0.1,antifragile,0.495289,0.804082,0.02848,0.207764
0.8,0.3,0.4,0.2,antifragile,0.683998,0.854979,-0.020467,0.288476
0.8,0.3,0.4,0.3,antifragile,0.787439,1.051274,0.03026,0.190569
0.8,0.3,0.4,0.4,antifragile,0.89917,1.077778,-0.088252,-0.024157
0.8,0.3,0.4,0.5,antifragile,0.958015,1.135,-0.114884,-0.052615
0.8,0.3,0.4,0.6,antifragile,1.144894,1.209471,-0.113514,-0.192572
0.8,0.3,0.4,0.7,antifragile,1.157183,1.426493,-0.197417,-0.228169
0.8,0.3,0.4,0.8,antifragile,1.302051,1.510059,-0.222395,-0.236961
0.8,0.3,0.4,0.9,antifragile,1.382743,1.594218,-0.244496,-0.347955
0.8,0.3,0.4,1.0,antifragile,1.616375,1.65112,-0.275801,-0.491601
0.8,0.3,0.5,0.0,antifragile,0.295703,0.645035,0.209068,0.466151
0.8,0.3,0.5,0.1,antifragile,0.397668,0.616725,0.239248,0.50219
0.8,0.3,0.5,0.2,antifragile,0.577438,0.826306,0.066826,0.256775
0.8,0.3,0.5,0.3,antifragile,0.686958,1.028265,0.098304,0.292891
0.8,0.3,0.5,0.4,antifragile,0.787242,1.021456,0.100473,0.212279
0.8,0.3,0.5,0.5,antifragile,0.825476,1.195355,0.00262,0.066956
0.8,0.3,0.5,0.6,antifragile,1.00453,1.267986,0.014434,-0.047465
0.8,0.3,0.5,0.7,antifragile,1.12328,1.287001,-0.078938,-0.095604
0.8,0.3,0.5,0.8,antifragile,1.253502,1.440463,-0.123092,-0.103704
0.8,0.3,0.5,0.9,antifragile,1.29355,1.511442,-0.243825,-0.270843
0.8,0.3,0.5,1.0,antifragile,1.378016,1.617464,-0.178002,-0.399255
0.8,0.3,0.6,0.0,unification,0.193851,0.565027,0.269509,0.582776
0.8,0.3,0.6,0.1,antifragile,0.45221,0.815202,0.322092,0.480261
0.8,0.3,0.6,0.2,antifragile,0.446132,0.77484,0.307141,0.501554
0.8,0.3,0.6,0.3,antifragile,0.512371,0.948474,0.100872,0.368176
0.8,0.3,0.6,0.4,antifragile,0.666222,1.061982,0.184392,0.291016
0.8,0.3,0.6,0.5,antifragile,0.7738,0.958237,0.173106,0.17212
0.8,0.3,0.6,0.6,antifragile,0.900107,1.327955,-0.004703,0.121064
0.8,0.3,0.6,0.7,antifragile,1.029843,1.364623,0.015061,0.093779
0.8,0.3,0.6,0.8,antifragile,1.094218,1.432176,-0.004302,-0.054555
0.8,0.3,0.6,0.9,antifragile,1.241175,1.456272,-0.079932,-0.199344
0.8,0.3,0.6,1.0,antifragile,1.312922,1.651909,-0.083979,-0.204603
0.8,0.3,0.7,0.0,unification,0.065056,0.626003,0.376861,0.781871
0.8,0.3,0.7,0.1,unification,0.324161,0.684554,0.32422,0.715907
0.8,0.3,0.7,0.2,antifragile,0.334829,0.80437,0.200171,0.569597
0.8,0.3,0.7,0.3,antifragile,0.540251,0.911772,0.304971,0.547816
0.8,0.3,0.7,0.4,antifragile,0.652463,0.972642,0.267114,0.527381
0.8,0.3,0.7,0.5,antifragile,0.693684,1.019017,0.150252,0.353417
0.8,0.3,0.7,0.6,antifragile,0.721915,1.141896,0.123511,0.250493
0.8,0.3,0.7,0.7,antifragile,1.004826,1.309391,0.044307,0.35338
0.8,0.3,0.7,0.8,antifragile,1.024174,1.285979,0.008081,0.023377
0.8,0.3,0.7,0.9,antifragile,1.067601,1.490648,-0.113346,0.039113
0.8,0.3,0.7,1.0,antifragile,1.28572,1.537176,0.025786,-0.149637
0.8,0.3,0.8,0.0,unification,0.012884,0.602477,0.454523,0.848745
0.8,0.3,0.8,0.1,unification,0.159323,0.735938,0.489,0.816306
0.8,0.3,0.8,0.2,antifragile,0.257228,0.791071,0.341878,0.768447
0.8,0.3,0.8,0.3,antifragile,0.432521,0.956579,0.304891,0.578685
0.8,0.3,0.8,0.4,antifragile,0.522566,0.941312,0.354966,0.605886
0.8,0.3,0.8,0.5,antifragile,0.69014,1.05292,0.309019,0.429152
0.8,0.3,0.8,0.6,antifragile,0.725861,1.142328,0.219661,0.461196
0.8,0.3,0.8,0.7,antifragile,0.757896,1.239751,0.187689,0.317165
0.8,0.3,0.8,0.8,antifragile,0.880141,1.320051,0.115212,0.087404
0.8,0.3,0.8,0.9,antifragile,1.103124,1.356503,0.024839,0.162381
0.8,0.3,0.8,1.0,antifragile,1.138257,1.509986,0.050939,0.083719
0.8,0.3,0.9,0.0,unification,-0.062591,0.569753,0.492941,1.021502
0.8,0.3,0.9,0.1,unification,0.120135,0.705255,0.432544,0.905165
0.8,0.3,0.9,0.2,unification,0.264918,0.776093,0.460049,0.83519
0.8,0.3,0.9,0.3,antifragile,0.309851,0.806351,0.457358,0.774525
0.8,0.3,0.9,0.4,antifragile,0.349261,0.895511,0.367296,0.652224
0.8,0.3,0.9,0.5,antifragile,0.528494,1.024024,0.314012,0.647014
0.8,0.3,0.9,0.6,antifragile,0.625253,1.183181,0.382009,0.44204
0.8,0.3,0.9,0.7,antifragile,0.710483,1.184137,0.285666,0.44632
0.8,0.3,0.9,0.8,antifragile,0.852346,1.272455,0.31258,0.303079
0.8,0.3,0.9,0.9,antifragile,0.992091,1.393142,0.186742,0.273688
0.8,0.3,0.9,1.0,antifragile,1.14215,1.50525,0.125558,0.229004
0.8,0.3,1.0,0.0,unification,-0.100308,0.513518,0.686384,1.146111
0.8,0.3,1.0,0.1,unification,0.107848,0.600093,0.652483,1.067099
0.8,0.3,1.0,0.2,unification,0.116934,0.676896,0.537144,0.984832
0.8,0.3,1.0,0.3,unification,0.161587,0.761223,0.515765,0.937019
0.8,0.3,1.0,0.4,antifragile,0.319027,0.888235,0.422069,0.874784
0.8,0.3,1.0,0.5,antifragile,0.480356,1.040985,0.362367,0.722578
0.8,0.3,1.0,0.6,antifragile,0.488087,1.113581,0.411085,0.645942
0.8,0.3,1.0,0.7,antifragile,0.609169,1.118008,0.322964,0.55039
0.8,0.3,1.0,0.8,antifragile,0.742889,1.277658,0.263801,0.449673
0.8,0.3,1.0,0.9,antifragile,0.934755,1.376617,0.294745,0.385146
0.8,0.3,1.0,1.0,antifragile,0.949404,1.536587,0.252851,0.28886
0.8,0.4,0.0,0.0,antifragile,0.734349,0.947035,-0.16228,0.002818
0.8,0.4,0.0,0.1,antifragile,0.921759,1.077766,-0.14532,-0.0486
0.8,0.4,0.0,0.2,antifragile,0.90367,1.107683,-0.202916,-0.193764
0.8,0.4,0.0,0.3,antifragile,1.000407,1.269116,-0.244022,-0.197911
0.8,0.4,0.0,0.4,antifragile,1.118417,1.252693,-0.24053,-0.404937
0.8,0.4,0.0,0.5,antifragile,1.283233,1.368194,-0.327538,-0.463274
0.8,0.4,0.0,0.6,antifragile,1.458567,1.468284,-0.343824,-0.466352
0.8,0.4,0.0,0.7,antifragile,1.427918,1.621715,-0.381787,-0.664188
0.8,0.4,0.0,0.8,antifragile,1.553475,1.605242,-0.415942,-0.71968
0.8,0.4,0.0,0.9,antifragile,1.644815,1.76961,-0.457803,-0.704542
0.8,0.4,0.0,1.0,competitive,1.858243,1.853068,-0.475018,-0.920376
0.8,0.4,0.1,0.0,antifragile,0.644802,0.885535,0.032704,0.109689
0.8,0.4,0.1,0.1,antifragile,0.705124,0.945437,0.016729,0.054146
0.8,0.4,0.1,0.2,antifragile,0.755202,1.087219,-0.118165,0.009229
0.8,0.4,0.1,0.3,antifragile,0.966938,1.212022,-0.083057,-0.083132
0.8,0.4,0.1,0.4,antifragile,1.106724,1.285753,-0.209692,-0.272179
0.8,0.4,0.1,0.5,antifragile,1.118487,1.376535,-0.32617,-0.30077
0.8,0.4,0.1,0.6,antifragile,1.256707,1.496192,-0.260861,-0.403426
0.8,0.4,0.1,0.7,antifragile,1.445801,1.525405,-0.307672,-0.494461
0.8,0.4,0.1,0.8,antifragile,1.504282,1.608426,-0.351393,-0.482488
0.8,0.4,0.1,0.9,antifragile,1.602445,1.697589,-0.424755,-0.630074
0.8,0.4,0.1,1.0,antifragile,1.682013,1.796583,-0.457576,-0.715155
0.8,0.4,0.2,0.0,antifragile,0.454834,0.850573,0.042676,0.285832
0.8,0.4,0.2,0.1,antifragile,0.654263,0.9302,0.072307,0.242847
0.8,0.4,0.2,0.2,antifragile,0.803425,0.954457,-0.040268,0.055853
0.8,0.4,0.2,0.3,antifragile,0.881931,1.088889,-0.078074,-0.041709
0.8,0.4,0.2,0.4,antifragile,0.974944,1.241734,-0.15058,-0.115712
0.8,0.4,0.2,0.5,antifragile,0.975249,1.185416,-0.105767,-0.159229
0.8,0.4,0.2,0.6,antifragile,1.18862,1.479349,-0.253787,-0.364005
0.8,0.4,0.2,0.7,antifragile,1.233833,1.389018,-0.240668,-0.315857
0.8,0.4,0.2,0.8,antifragile,1.414828,1.641376,-0.231462,-0.450202
0.8,0.4,0.2,0.9,antifragile,1.483702,1.706873,-0.366508,-0.673884
0.8,0.4,0.2,1.0,antifragile,1.639511,1.791715,-0.251535,-0.565178
0.8,0.4,0.3,0.0,antifragile,0.445459,0.779393,0.114444,0.360987
0.8,0.4,0.3,0.1,antifragile,0.587757,0.913183,0.161712,0.295336
0.8,0.4,0.3,0.2,antifragile,0.605023,1.043029,0.128504,0.214276
0.8,0.4,0.3,0.3,antifragile,0.787798,1.105048,0.01158,0.106996
0.8,0.4,0.3,0.4,antifragile,0.824516,1.161809,0.046542,0.077053
0.8,0.4,0.3,0.5,antifragile,1.007923,1.317959,-0.063266,-0.108666
0.8,0.4,0.3,0.6,antifragile,1.082156,1.361116,-0.051213,-0.109428
0.8,0.4,0.3,0.7,antifragile,1.250529,1.359255,-0.164902,-0.224568
0.8,0.4,0.3,0.8,antifragile,1.333968,1.659719,-0.213865,-0.340492
0.8,0.4,0.3,0.9,antifragile,1.398834,1.612722,-0.249412,-0.387704
0.8,0.4,0.3,1.0,antifragile,1.579182,1.750968,-0.287986,-0.484811
0.8,0.4,0.4,0.0,antifragile,0.28807,0.809151,0.313558,0.420243
0.8,0.4,0.4,0.1,antifragile,0.461451,0.81609,0.203144,0.410722
0.8,0.4,0.4,0.2,antifragile,0.492947,1.010441,0.152415,0.306499
0.8,0.4,0.4,0.3,antifragile,0.675815,1.00147,0.110817,0.153134
0.8,0.4,0.4,0.4,antifragile,0.662144,1.091496,0.053381,0.07215
0.8,0.4,0.4,0.5,antifragile,0.865126,1.208314,0.036922,0.105708
0.8,0.4,0.4,0.6,antifragile,1.085605,1.351412,-0.049206,0.023325
0.8,0.4,0.4,0.7,antifragile,1.18003,1.368986,-0.093231,-0.166053
0.8,0.4,0.4,0.8,antifragile,1.191775,1.538661,-0.00584,-0.135416
0.8,0.4,0.4,0.9,antifragile,1.349276,1.617288,-0.100424,-0.242478
0.8,0.4,0.4,1.0,antifragile,1.50516,1.708956,-0.146913,-0.370425
0.8,0.4,0.5,0.0,antifragile,0.25567,0.712185,0.265521,0.668664
0.8,0.4,0.5,0.1,antifragile,0.434413,0.818129,0.301603,0.583082
0.8,0.4,0.5,0.2,antifragile,0.462834,0.92448,0.234151,0.427525
0.8,0.4,0.5,0.3,antifragile,0.606079,1.035626,0.251127,0.36983
0.8,0.4,0.5,0.4,antifragile,0.630009,1.160383,0.128273,0.24741
0.8,0.4,0.5,0.5,antifragile,0.773402,1.11282,0.114119,0.230967
0.8,0.4,0.5,0.6,antifragile,0.888318,1.36191,0.14881,0.159464
0.8,0.4,0.5,0.7,antifragile,0.923252,1.461686,0.033141,0.113921
0.8,0.4,0.5,0.8,antifragile,1.099797,1.47801,0.009481,-0.101618
0.8,0.4,0.5,0.9,antifragile,1.158977,1.460119,0.112641,-0.223431
0.8,0.4,0.5,1.0,antifragile,1.267258,1.7036,-0.146192,-0.30548
0.8,0.4,0.6,0.0,unification,0.016282,0.704636,0.356497,0.782169
0.8,0.4,0.6,0.1,antifragile,0.26621,0.789276,0.347329,0.65121
0.8,0.4,0.6,0.2,antifragile,0.33526,0.839996,0.27525,0.655699
0.8,0.4,0.6,0.3,antifragile,0.470194,0.861759,0.302938,0.454813
0.8,0.4,0.6,0.4,antifragile,0.597776,1.056523,0.324509,0.390819
0.8,0.4,0.6,0.5,antifragile,0.750804,1.200525,0.141672,0.334387
0.8,0.4,0.6,0.6,antifragile,0.782084,1.199567,0.109764,0.281066
0.8,0.4,0.6,0.7,antifragile,1.062151,1.314735,0.140787,0.170521
0.8,0.4,0.6,0.8,antifragile,1.013501,1.52038,0.199847,0.040115
0.8,0.4,0.6,0.9,antifragile,1.23672,1.517664,0.001487,-0.021967
0.8,0.4,0.6,1.0,antifragile,1.303451,1.634789,0.04689,-0.088671
0.8,0.4,0.7,0.0,unification,0.137642,0.681533,0.571528,0.83212
0.8,0.4,0.7,0.1,antifragile,0.169827,0.749923,0.412306,0.739645
0.8,0.4,0.7,0.2,antifragile,0.309105,0.878262,0.420632,0.757951
0.8,0.4,0.7,0.3,antifragile,0.344834,0.920447,0.316007,0.626969
0.8,0.4,0.7,0.4,antifragile,0.534393,1.102092,0.276137,0.553621
0.8,0.4,0.7,0.5,antifragile,0.691806,1.079916,0.233188,0.376277
0.8,0.4,0.7,0.6,antifragile,0.761224,1.188726,0.278903,0.354192
0.8,0.4,0.7,0.7,antifragile,0.930045,1.359393,0.17481,0.264895
0.8,0.4,0.7,0.8,antifragile,0.989393,1.361568,0.234108,0.182489
0.8,0.4,0.7,0.9,antifragile,1.100445,1.500194,0.108808,0.075626
0.8,0.4,0.7,1.0,antifragile,1.256619,1.590244,0.24903,0.032592
0.8,0.4,0.8,0.0,unification,-0.062539,0.540737,0.641639,0.990313
0.8,0.4,0.8,0.1,unification,0.131134,0.831114,0.573442,0.931865
0.8,0.4,0.8,0.2,unification,0.261315,0.850206,0.436863,0.896633
0.8,0.4,0.8,0.3,antifragile,0.307702,0.982068,0.485352,0.804578
0.8,0.4,0.8,0.4,antifragile,0.408769,0.924135,0.448186,0.708843
0.8,0.4,0.8,0.5,antifragile,0.502153,1.084835,0.269282,0.567235
0.8,0.4,0.8,0.6,antifragile,0.577477,1.215861,0.356746,0.49076
0.8,0.4,0.8,0.7,antifragile,0.816132,1.297048,0.309673,0.421081
0.8,0.4,0.8,0.8,antifragile,0.830859,1.429569,0.214182,0.341138
0.8,0.4,0.8,0.9,antifragile,1.030934,1.423676,0.152881,0.182794
0.8,0.4,0.8,1.0,antifragile,1.170853,1.539535,0.119977,0.168318
0.8,0.4,0.9,0.0,unification,-0.246191,0.53727,0.735704,1.077232
0.8,0.4,0.9,0.1,unification,-0.01304,0.694706,0.639734,1.013374
0.8,0.4,0.9,0.2,unification,0.137319,0.847311,0.531918,0.930778
0.8,0.4,0.9,0.3,antifragile,0.214743,0.904993,0.546656,0.863642
0.8,0.4,0.9,0.4,antifragile,0.252532,0.908347,0.514634,0.759308
0.8,0.4,0.9,0.5,antifragile,0.422895,1.056906,0.582084,0.675126
0.8,0.4,0.9,0.6,antifragile,0.619348,1.220692,0.465188,0.572628
0.8,0.4,0.9,0.7,antifragile,0.666859,1.230475,0.485721,0.550533
0.8,0.4,0.9,0.8,antifragile,0.759341,1.434246,0.327375,0.47258
0.8,0.4,0.9,0.9,antifragile,0.915121,1.457369,0.29968,0.401876
0.8,0.4,0.9,1.0,antifragile,0.958503,1.590685,0.250929,0.34189
0.8,0.4,1.0,0.0,unification,-0.147686,0.577466,0.74549,1.305134
0.8,0.4,1.0,0.1,unification,-0.061445,0.484173,0.669114,1.173437
0.8,0.4,1.0,0.2,unification,0.033986,0.775358,0.747442,1.109333
0.8,0.4,1.0,0.3,unification,0.025783,0.844882,0.69079,1.000579
0.8,0.4,1.0,0.4,antifragile,0.250172,0.905288,0.637461,0.892341
0.8,0.4,1.0,0.5,antifragile,0.379643,1.046427,0.552711,0.849205
0.8,0.4,1.0,0.6,antifragile,0.470084,1.183866,0.543836,0.791986
0.8,0.4,1.0,0.7,antifragile,0.531804,1.173669,0.473136,0.692473
0.8,0.4,1.0,0.8,antifragile,0.706574,1.272437,0.469028,0.538608
0.8,0.4,1.0,0.9,antifragile,0.823693,1.419328,0.378744,0.458201
0.8,0.4,1.0,1.0,antifragile,0.906659,1.504152,0.297672,0.430104
0.8,0.5,0.0,0.0,antifragile,0.682834,0.988029,0.030752,0.097503
0.8,0.5,0.0,0.1,antifragile,0.741447,1.033427,-0.018785,0.081822
0.8,0.5,0.0,0.2,antifragile,0.839599,1.043133,-0.025023,-0.03014
0.8,0.5,0.0,0.3,antifragile,0.962496,1.171281,-0.146616,-0.170769
0.8,0.5,0.0,0.4,antifragile,1.035815,1.300494,-0.204086,-0.112417
0.8,0.5,0.0,0.5,antifragile,1.250105,1.433858,-0.186683,-0.213673
0.8,0.5,0.0,0.6,antifragile,1.366188,1.478004,-0.212616,-0.39912
0.8,0.5,0.0,0.7,antifragile,1.381532,1.601726,-0.269283,-0.464463
0.8,0.5,0.0,0.8,antifragile,1.51582,1.776909,-0.345344,-0.511654
0.8,0.5,0.0,0.9,antifragile,1.561249,1.811842,-0.292833,-0.616549
0.8,0.5,0.0,1.0,antifragile,1.709181,1.90924,-0.302386,-0.759585
0.8,0.5,0.1,0.0,antifragile,0.563328,0.958254,0.080599,0.331769
0.8,0.5,0.1,0.1,antifragile,0.748661,1.059702,0.114808,0.073565
0.8,0.5,0.1,0.2,antifragile,0.688954,1.095778,-0.012888,0.106294
0.8,0.5,0.1,0.3,antifragile,0.722634,1.22597,-0.028787,-0.03709
0.8,0.5,0.1,0.4,antifragile,1.07033,1.274597,-0.140838,-0.072152
0.8,0.5,0.1,0.5,antifragile,1.104109,1.376303,0.017565,-0.169495
0.8,0.5,0.1,0.6,antifragile,1.24574,1.496153,-0.076472,-0.281544
0.8,0.5,0.1,0.7,antifragile,1.251829,1.613287,-0.165036,-0.310239
0.8,0.5,0.1,0.8,antifragile,1.384164,1.694009,-0.299714,-0.458989
0.8,0.5,0.1,0.9,antifragile,1.489767,1.789798,-0.284211,-0.588641
0.8,0.5,0.1,1.0,antifragile,1.606588,1.889924,-0.293446,-0.642254
0.8,0.5,0.2,0.0,antifragile,0.486961,0.95327,0.230441,0.254625
0.8,0.5,0.2,0.1,antifragile,0.566858,0.962908,0.043213,0.220479
0.8,0.5,0.2,0.2,antifragile,0.704953,1.074284,0.109032,0.167495
0.8,0.5,0.2,0.3,antifragile,0.829114,1.09851,0.020604,0.099112
0.8,0.5,0.2,0.4,antifragile,0.808713,1.210917,0.078079,-0.012214
0.8,0.5,0.2,0.5,antifragile,1.034044,1.381748,-0.023422,-0.125947
0.8,0.5,0.2,0.6,antifragile,1.108171,1.339459,-0.081445,-0.127837
0.8,0.5,0.2,0.7,antifragile,1.258477,1.532413,-0.125398,-0.259401
0.8,0.5,0.2,0.8,antifragile,1.301585,1.666207,-0.117495,-0.311101
0.8,0.5,0.2,0.9,antifragile,1.466502,1.730027,-0.241742,-0.450516
0.8,0.5,0.2,1.0,antifragile,1.575084,1.756301,-0.234049,-0.485708
0.8,0.5,0.3,0.0,antifragile,0.303332,0.756613,0.211262,0.404514
0.8,0.5,0.3,0.1,antifragile,0.495582,0.954874,0.192019,0.341632
0.8,0.5,0.3,0.2,antifragile,0.633315,1.052017,0.158948,0.384356
0.8,0.5,0.3,0.3,antifragile,0.69188,1.140901,0.097901,0.164188
0.8,0.5,0.3,0.4,antifragile,0.716497,1.324152,0.068621,0.158259
0.8,0.5,0.3,0.5,antifragile,0.927981,1.313959,0.062287,0.061173
0.8,0.5,0.3,0.6,antifragile,1.038997,1.35801,0.007973,-0.130187
0.8,0.5,0.3,0.7,antifragile,1.031848,1.440098,0.032687,-0.113635
0.8,0.5,0.3,0.8,antifragile,1.26987,1.619244,-0.036995,-0.232204
0.8,0.5,0.3,0.9,antifragile,1.348747,1.707724,0.020034,-0.287301
0.8,0.5,0.3,1.0,antifragile,1.491611,1.783806,-0.165113,-0.311523
0.8,0.5,0.4,0.0,antifragile,0.359579,0.8181,0.320848,0.643375
0.8,0.5,0.4,0.1,antifragile,0.388971,1.010825,0.352108,0.488321
0.8,0.5,0.4,0.2,antifragile,0.548735,1.033768,0.32177,0.472245
0.8,0.5,0.4,0.3,antifragile,0.645415,1.112031,0.222281,0.371711
0.8,0.5,0.4,0.4,antifragile,0.699202,1.202069,0.198972,0.264271
0.8,0.5,0.4,0.5,antifragile,0.80592,1.27982,0.065946,0.246222
0.8,0.5,0.4,0.6,antifragile,0.942396,1.344426,0.14456,0.084595
0.8,0.5,0.4,0.7,antifragile,1.009593,1.488732,0.146531,0.038994
0.8,0.5,0.4,0.8,antifragile,1.106206,1.547409,0.077452,-0.039786
0.8,0.5,0.4,0.9,antifragile,1.302974,1.679673,0.033542,-0.04435
0.8,0.5,0.4,1.0,antifragile,1.297384,1.875357,0.001825,-0.098751
0.8,0.5,0.5,0.0,unification,0.125837,0.789123,0.447969,0.789177
0.8,0.5,0.5,0.1,antifragile,0.308488,0.882887,0.438946,0.65466
0.8,0.5,0.5,0.2,antifragile,0.369209,0.982662,0.334109,0.568723
0.8,0.5,0.5,0.3,antifragile,0.432945,1.057796,0.273568,0.488351
0.8,0.5,0.5,0.4,antifragile,0.560699,1.149033,0.324985,0.375208
0.8,0.5,0.5,0.5,antifragile,0.678335,1.284082,0.285664,0.341196
0.8,0.5,0.5,0.6,antifragile,0.811727,1.308516,0.183426,0.232042
0.8,0.5,0.5,0.7,antifragile,0.858729,1.385843,0.222544,0.160371
0.8,0.5,0.5,0.8,antifragile,1.116349,1.580784,0.104377,0.050132
0.8,0.5,0.5,0.9,antifragile,1.213328,1.662932,0.129371,-0.020676
0.8,0.5,0.5,1.0,antifragile,1.282129,1.707222,0.037327,-0.139282
0.8,0.5,0.6,0.0,unification,0.081261,0.727,0.502063,0.909557
0.8,0.5,0.6,0.1,antifragile,0.124488,0.846872,0.438915,0.742607
0.8,0.5,0.6,0.2,antifragile,0.266893,0.948542,0.332118,0.708435
0.8,0.5,0.6,0.3,antifragile,0.417273,0.971492,0.414111,0.554337
0.8,0.5,0.6,0.4,antifragile,0.522812,1.052451,0.467517,0.57307
0.8,0.5,0.6,0.5,antifragile,0.647323,1.162241,0.311224,0.43329
0.8,0.5,0.6,0.6,antifragile,0.757095,1.324928,0.296244,0.377115
0.8,0.5,0.6,0.7,antifragile,0.846507,1.417123,0.213103,0.221825
0.8,0.5,0.6,0.8,antifragile,1.057394,1.5158,0.295304,0.176263
0.8,0.5,0.6,0.9,antifragile,1.195536,1.59398,0.222298,0.106643
0.8,0.5,0.6,1.0,antifragile,1.193246,1.67924,0.10036,0.069012
0.8,0.5,0.7,0.0,unification,-0.005443,0.741522,0.65519,1.065717
0.8,0.5,0.7,0.1,unification,0.126059,0.719451,0.55399,0.90874
0.8,0.5,0.7,0.2,antifragile,0.215621,0.95592,0.586811,0.817754
0.8,0.5,0.7,0.3,antifragile,0.446505,0.967558,0.476615,0.68538
0.8,0.5,0.7,0.4,antifragile,0.357042,1.020996,0.500677,0.692075
0.8,0.5,0.7,0.5,antifragile,0.500822,1.179994,0.450323,0.468331
0.8,0.5,0.7,0.6,antifragile,0.743611,1.322627,0.410526,0.545104
0.8,0.5,0.7,0.7,antifragile,0.662923,1.354071,0.392918,0.399649
0.8,0.5,0.7,0.8,antifragile,0.912134,1.532409,0.325181,0.302115
0.8,0.5,0.7,0.9,antifragile,1.013785,1.47145,0.274518,0.267482
0.8,0.5,0.7,1.0,antifragile,1.102547,1.708076,0.223931,0.152348
0.8,0.5,0.8,0.0,unification,-0.003384,0.617108,0.764607,1.185648
0.8,0.5,0.8,0.1,unification,0.057265,0.739774,0.672135,0.994785
0.8,0.5,0.8,0.2,unification,0.096894,0.861572,0.570819,0.938333
0.8,0.5,0.8,0.3,antifragile,0.1799,0.982646,0.656743,0.974846
0.8,0.5,0.8,0.4,antifragile,0.293324,1.002109,0.532501,0.821117
0.8,0.5,0.8,0.5,antifragile,0.4504,1.193877,0.527306,0.612309
0.8,0.5,0.8,0.6,antifragile,0.573472,1.178746,0.432432,0.595086
0.8,0.5,0.8,0.7,antifragile,0.717737,1.334193,0.397356,0.635449
0.8,0.5,0.8,0.8,antifragile,0.745958,1.445019,0.413978,0.453996
0.8,0.5,0.8,0.9,antifragile,0.855667,1.478115,0.371594,0.41282
0.8,0.5,0.8,1.0,antifragile,1.007936,1.554676,0.301059,0.351287
0.8,0.5,0.9,0.0,unification,-0.229761,0.619661,0.78844,1.304951
0.8,0.5,0.9,0.1,unification,-0.095941,0.754745,0.815088,1.091449
0.8,0.5,0.9,0.2,unification,-0.025019,0.820847,0.754551,1.097173
0.8,0.5,0.9,0.3,unification,0.204018,0.835422,0.682822,0.853189
0.8,0.5,0.9,0.4,antifragile,0.326877,1.074973,0.609105,0.795046
0.8,0.5,0.9,0.5,antifragile,0.360082,1.166348,0.606217,0.917971
0.8,0.5,0.9,0.6,antifragile,0.465698,1.307025,0.444389,0.702532
0.8,0.5,0.9,0.7,antifragile,0.525715,1.337289,0.444901,0.705808
0.8,0.5,0.9,0.8,antifragile,0.734782,1.404478,0.45978,0.517767
0.8,0.5,0.9,0.9,antifragile,0.840449,1.464878,0.463524,0.560011
0.8,0.5,0.9,1.0,antifragile,0.904654,1.651123,0.394594,0.429933
0.8,0.5,1.0,0.0,unification,-0.33601,0.565756,0.835212,1.442388
0.8,0.5,1.0,0.1,unification,-0.177459,0.726506,0.826287,1.27224
0.8,0.5,1.0,0.2,unification,-0.12352,0.694627,0.773145,1.191057
0.8,0.5,1.0,0.3,unification,0.016144,0.892338,0.848266,1.194728
0.8,0.5,1.0,0.4,unification,0.169242,0.980978,0.74009,1.045368
0.8,0.5,1.0,0.5,antifragile,0.310177,1.086787,0.672702,0.915396
0.8,0.5,1.0,0.6,antifragile,0.405472,1.05425,0.640593,0.758999
0.8,0.5,1.0,0.7,antifragile,0.510633,1.213419,0.651251,0.781822
0.8,0.5,1.0,0.8,antifragile,0.607443,1.377651,0.504158,0.748458
0.8,0.5,1.0,0.9,antifragile,0.752042,1.424829,0.454442,0.586323
0.8,0.5,1.0,1.0,antifragile,0.819617,1.490764,0.442157,0.490422
0.8,0.6,0.0,0.0,antifragile,0.539888,0.980287,0.154405,0.241562
0.8,0.6,0.0,0.1,antifragile,0.680103,1.097442,0.080254,0.189186
0.8,0.6,0.0,0.2,antifragile,0.6328,1.162061,0.021467,0.075969
0.8,0.6,0.0,0.3,antifragile,0.848283,1.302445,0.046267,-0.0842
0.8,0.6,0.0,0.4,antifragile,1.001175,1.305955,-0.006017,-0.123327
0.8,0.6,0.0,0.5,antifragile,1.059789,1.379478,-0.074609,-0.2429
0.8,0.6,0.0,0.6,antifragile,1.135823,1.569298,-0.061538,-0.250276
0.8,0.6,0.0,0.7,antifragile,1.248451,1.648161,-0.115972,-0.36182
0.8,0.6,0.0,0.8,antifragile,1.446277,1.728137,-0.209235,-0.472981
0.8,0.6,0.0,0.9,antifragile,1.570601,1.878754,-0.257759,-0.487257
0.8,0.6,0.0,1.0,antifragile,1.578651,1.931444,-0.337684,-0.666593
0.8,0.6,0.1,0.0,antifragile,0.391717,0.922214,0.245988,0.361082
0.8,0.6,0.1,0.1,antifragile,0.540805,1.041325,0.072185,0.308591
0.8,0.6,0.1,0.2,antifragile,0.567618,1.109638,0.131056,0.217277
0.8,0.6,0.1,0.3,antifragile,0.801949,1.237525,0.167874,0.210743
0.8,0.6,0.1,0.4,antifragile,0.900353,1.329996,0.047014,-0.005544
0.8,0.6,0.1,0.5,antifragile,1.028793,1.493577,-0.109509,-0.068483
0.8,0.6,0.1,0.6,antifragile,1.19443,1.544658,-0.00431,-0.225046
0.8,0.6,0.1,0.7,antifragile,1.265106,1.670456,-0.055003,-0.262778
0.8,0.6,0.1,0.8,antifragile,1.362141,1.663107,-0.16351,-0.274893
0.8,0.6,0.1,0.9,antifragile,1.504791,1.772869,-0.203267,-0.443892
0.8,0.6,0.1,1.0,antifragile,1.569882,1.84679,-0.120808,-0.508245
0.8,0.6,0.2,0.0,antifragile,0.388315,0.88284,0.329201,0.523294
0.8,0.6,0.2,0.1,antifragile,0.39611,0.981017,0.252169,0.378741
0.8,0.6,0.2,0.2,antifragile,0.633579,1.08014,0.255743,0.344233
0.8,0.6,0.2,0.3,antifragile,0.694603,1.242817,0.103104,0.231915
0.8,0.6,0.2,0.4,antifragile,0.771288,1.294654,0.11653,0.152999
0.8,0.6,0.2,0.5,antifragile,0.920474,1.401938,0.108919,0.093668
0.8,0.6,0.2,0.6,antifragile,0.967063,1.515468,-0.015632,-0.159718
0.8,0.6,0.2,0.7,antifragile,1.238623,1.538058,-0.002402,-0.198187
0.8,0.6,0.2,0.8,antifragile,1.227277,1.69034,-0.007861,-0.250339
0.8,0.6,0.2,0.9,antifragile,1.337817,1.793438,-0.048073,-0.268587
0.8,0.6,0.2,1.0,antifragile,1.508021,1.86455,-0.030388,-0.374657
0.8,0.6,0.3,0.0,antifragile,0.314726,0.921506,0.303042,0.637045
0.8,0.6,0.3,0.1,antifragile,0.357993,0.929557,0.323779,0.538084
0.8,0.6,0.3,0.2,antifragile,0.421755,1.076344,0.294121,0.496909
0.8,0.6,0.3,0.3,antifragile,0.578323,1.229491,0.28434,0.358325
0.8,0.6,0.3,0.4,antifragile,0.783683,1.361127,0.214473,0.237996
0.8,0.6,0.3,0.5,antifragile,0.851449,1.288848,0.119949,0.255344
0.8,0.6,0.3,0.6,antifragile,0.968593,1.412092,0.301752,0.035893
0.8,0.6,0.3,0.7,antifragile,1.080986,1.510175,0.194054,-0.006546
0.8,0.6,0.3,0.8,antifragile,1.145769,1.554562,0.169132,-0.095898
0.8,0.6,0.3,0.9,antifragile,1.294009,1.740236,-0.002573,-0.261385
0.8,0.6,0.3,1.0,antifragile,1.368585,1.821416,0.000938,-0.127727
0.8,0.6,0.4,0.0,antifragile,0.222225,0.892993,0.454741,0.674336
0.8,0.6,0.4,0.1,antifragile,0.286037,0.908276,0.427496,0.630292
0.8,0.6,0.4,0.2,antifragile,0.326115,1.103349,0.382961,0.553498
0.8,0.6,0.4,0.3,antifragile,0.464761,1.11123,0.306835,0.4253
0.8,0.6,0.4,0.4,antifragile,0.638136,1.206559,0.34743,0.381982
0.8,0.6,0.4,0.5,antifragile,0.745739,1.329314,0.289241,0.272942
0.8,0.6,0.4,0.6,antifragile,0.894956,1.361,0.232122,0.169754
0.8,0.6,0.4,0.7,antifragile,0.953964,1.559542,0.217774,0.197928
0.8,0.6,0.4,0.8,antifragile,1.054839,1.655446,0.115389,0.037078
0.8,0.6,0.4,0.9,antifragile,1.186502,1.7475,0.082633,0.009757
0.8,0.6,0.4,1.0,antifragile,1.301559,1.816844,0.027269,-0.129235
0.8,0.6,0.5,0.0,antifragile,0.095318,0.831875,0.514629,0.800401
0.8,0.6,0.5,0.1,antifragile,0.103362,0.947291,0.562204,0.679516
0.8,0.6,0.5,0.2,antifragile,0.323784,0.986143,0.535852,0.684487
0.8,0.6,0.5,0.3,antifragile,0.457276,1.078738,0.400645,0.648362
0.8,0.6,0.5,0.4,antifragile,0.593918,1.131554,0.452122,0.47626
0.8,0.6,0.5,0.5,antifragile,0.533397,1.290541,0.380359,0.364213
0.8,0.6,0.5,0.6,antifragile,0.660862,1.36026,0.283572,0.423481
0.8,0.6,0.5,0.7,antifragile,0.870605,1.516727,0.285485,0.348435
0.8,0.6,0.5,0.8,antifragile,0.935415,1.570602,0.156546,0.22557
0.8,0.6,0.5,0.9,antifragile,1.145701,1.713639,0.188766,0.025528
0.8,0.6,0.5,1.0,antifragile,1.19568,1.731114,0.201133,-0.006336
0.8,0.6,0.6,0.0,unification,-0.012403,0.888699,0.679966,1.043797
0.8,0.6,0.6,0.1,unification,0.094395,0.819982,0.65334,0.979605
0.8,0.6,0.6,0.2,antifragile,0.165675,0.944125,0.514287,0.844071
0.8,0.6,0.6,0.3,antifragile,0.394317,1.046585,0.50144,0.637163
0.8,0.6,0.6,0.4,antifragile,0.402288,1.235366,0.504633,0.696314
0.8,0.6,0.6,0.5,antifragile,0.541742,1.241347,0.440931,0.581212
0.8,0.6,0.6,0.6,antifragile,0.738802,1.316362,0.393096,0.440337
0.8,0.6,0.6,0.7,antifragile,0.681592,1.491007,0.447373,0.433273
0.8,0.6,0.6,0.8,antifragile,0.901514,1.632672,0.342944,0.350137
0.8,0.6,0.6,0.9,antifragile,1.007049,1.649685,0.273352,0.266629
0.8,0.6,0.6,1.0,antifragile,1.055436,1.750963,0.197348,0.165493
0.8,0.6,0.7,0.0,unification,0.039706,0.779993,0.783696,1.160124
0.8,0.6,0.7,0.1,unification,-0.086288,0.833415,0.707394,0.925556
0.8,0.6,0.7,0.2,antifragile,0.125807,0.931038,0.58342,0.896516
0.8,0.6,0.7,0.3,unification,0.316868,0.850959,0.618573,0.918179
0.8,0.6,0.7,0.4,antifragile,0.358643,1.195431,0.543631,0.729747
0.8,0.6,0.7,0.5,antifragile,0.469528,1.200922,0.496409,0.680977
0.8,0.6,0.7,0.6,antifragile,0.5404,1.273106,0.428901,0.625827
0.8,0.6,0.7,0.7,antifragile,0.640051,1.347898,0.391314,0.530282
0.8,0.6,0.7,0.8,antifragile,0.833469,1.542552,0.415715,0.461777
0.8,0.6,0.7,0.9,antifragile,0.907261,1.62278,0.387011,0.313518
0.8,0.6,0.7,1.0,antifragile,0.966218,1.762608,0.331268,0.317589
0.8,0.6,0.8,0.0,unification,-0.224999,0.689722,0.741169,1.272316
0.8,0.6,0.8,0.1,unification,-0.090724,0.777286,0.86779,1.188314
0.8,0.6,0.8,0.2,unification,0.082704,0.839894,0.637123,1.118532
0.8,0.6,0.8,0.3,antifragile,0.047981,0.969921,0.649418,0.938743
0.8,0.6,0.8,0.4,antifragile,0.247953,1.037214,0.5892,0.912754
0.8,0.6,0.8,0.5,antifragile,0.433316,1.098187,0.619778,0.842071
0.8,0.6,0.8,0.6,antifragile,0.512326,1.268939,0.540146,0.767929
0.8,0.6,0.8,0.7,antifragile,0.616765,1.280285,0.518947,0.647774
0.8,0.6,0.8,0.8,antifragile,0.655314,1.457828,0.514577,0.518633
0.8,0.6,0.8,0.9,antifragile,0.831649,1.515523,0.388166,0.50578
0.8,0.6,0.8,1.0,antifragile,0.9887,1.600814,0.457651,0.389349
0.8,0.6,0.9,0.0,unification,-0.370672,0.603253,0.925413,1.283803
0.8,0.6,0.9,0.1,unification,-0.180928,0.765932,0.877401,1.289234
0.8,0.6,0.9,0.2,unification,0.038428,0.82421,0.81993,1.217631
0.8,0.6,0.9,0.3,unification,0.105622,1.012564,0.753297,1.142574
0.8,0.6,0.9,0.4,unification,0.133707,1.051115,0.760062,1.07377
0.8,0.6,0.9,0.5,antifragile,0.318511,1.154527,0.691026,0.96744
0.8,0.6,0.9,0.6,antifragile,0.509461,1.28773,0.674077,0.786551
0.8,0.6,0.9,0.7,antifragile,0.467776,1.323796,0.660501,0.723162
0.8,0.6,0.9,0.8,antifragile,0.652123,1.440985,0.592747,0.674202
0.8,0.6,0.9,0.9,antifragile,0.700169,1.481312,0.56558,0.596164
0.8,0.6,0.9,1.0,antifragile,0.786138,1.636164,0.666165,0.504926
0.8,0.6,1.0,0.0,unification,-0.267295,0.510736,0.966476,1.537739
0.8,0.6,1.0,0.1,unification,-0.239222,0.702868,0.938679,1.454255
0.8,0.6,1.0,0.2,unification,-0.022828,0.883275,0.874764,1.308356
0.8,0.6,1.0,0.3,unification,-0.031272,0.881638,0.852247,1.22131
0.8,0.6,1.0,0.4,unification,0.029972,1.061906,0.841046,1.117953
0.8,0.6,1.0,0.5,unification,0.20739,1.066772,0.752387,1.099384
0.8,0.6,1.0,0.6,antifragile,0.333552,1.184341,0.755573,0.976281
0.8,0.6,1.0,0.7,antifragile,0.370137,1.296638,0.721602,0.910308
0.8,0.6,1.0,0.8,antifragile,0.445369,1.408305,0.661271,0.715086
0.8,0.6,1.0,0.9,antifragile,0.599598,1.519582,0.68924,0.642974
0.8,0.6,1.0,1.0,antifragile,0.798965,1.495981,0.649876,0.628067
0.8,0.7,0.0,0.0,antifragile,0.439264,1.052727,0.196875,0.385796
0.8,0.7,0.0,0.1,antifragile,0.578802,0.939499,0.164464,0.284555
0.8,0.7,0.0,0.2,antifragile,0.748324,1.241575,0.217525,0.145302
0.8,0.7,0.0,0.3,antifragile,0.841382,1.357221,0.043451,0.159976
0.8,0.7,0.0,0.4,antifragile,0.931369,1.400926,0.070066,-0.031901
0.8,0.7,0.0,0.5,antifragile,1.05654,1.525102,0.074146,-0.061051
0.8,0.7,0.0,0.6,antifragile,1.145289,1.590205,0.05884,-0.119682
0.8,0.7,0.0,0.7,antifragile,1.253642,1.693272,-0.123398,-0.334232
0.8,0.7,0.0,0.8,antifragile,1.336585,1.858435,-0.110243,-0.353277
0.8,0.7,0.0,0.9,antifragile,1.416383,1.825481,-0.1607,-0.391068
0.8,0.7,0.0,1.0,antifragile,1.550408,1.958139,-0.186313,-0.47815
0.8,0.7,0.1,0.0,antifragile,0.404515,0.90655,0.291987,0.480531
0.8,0.7,0.1,0.1,antifragile,0.516946,1.101385,0.331143,0.329408
0.8,0.7,0.1,0.2,antifragile,0.625759,1.292565,0.252386,0.319424
0.8,0.7,0.1,0.3,antifragile,0.740963,1.257733,0.162657,0.232901
0.8,0.7,0.1,0.4,antifragile,0.7423,1.399798,0.198226,0.064808
0.8,0.7,0.1,0.5,antifragile,0.94315,1.464176,0.203894,0.125492
0.8,0.7,0.1,0.6,antifragile,1.087081,1.630534,0.071739,-0.012003
0.8,0.7,0.1,0.7,antifragile,1.142377,1.615142,0.054133,-0.114162
0.8,0.7,0.1,0.8,antifragile,1.254884,1.757038,0.01304,-0.150606
0.8,0.7,0.1,0.9,antifragile,1.345776,1.791018,0.0039,-0.237171
0.8,0.7,0.1,1.0,antifragile,1.502898,1.89306,-0.076574,-0.350748
0.8,0.7,0.2,0.0,antifragile,0.241583,0.926777,0.407671,0.669147
0.8,0.7,0.2,0.1,antifragile,0.416258,1.031373,0.364917,0.491686
0.8,0.7,0.2,0.2,antifragile,0.4944,1.191113,0.239,0.505747
0.8,0.7,0.2,0.3,antifragile,0.734459,1.258128,0.253446,0.413162
0.8,0.7,0.2,0.4,antifragile,0.748897,1.318702,0.206405,0.249708
0.8,0.7,0.2,0.5,antifragile,0.854629,1.484775,0.22921,0.207706
0.8,0.7,0.2,0.6,antifragile,0.938313,1.577746,0.164664,0.1919
0.8,0.7,0.2,0.7,antifragile,1.032361,1.64975,0.244469,0.067098
0.8,0.7,0.2,0.8,antifragile,1.212271,1.739842,0.097642,-0.078693
0.8,0.7,0.2,0.9,antifragile,1.25691,1.743214,0.087031,-0.231901
0.8,0.7,0.2,1.0,antifragile,1.427569,1.899538,-0.032774,-0.169716
0.8,0.7,0.3,0.0,antifragile,0.132545,0.896693,0.471367,0.742479
0.8,0.7,0.3,0.1,antifragile,0.284366,1.098086,0.391435,0.854271
0.8,0.7,0.3,0.2,antifragile,0.372061,1.267793,0.474652,0.559485
0.8,0.7,0.3,0.3,antifragile,0.546331,1.196062,0.397353,0.443149
0.8,0.7,0.3,0.4,antifragile,0.68045,1.3191,0.290524,0.416357
0.8,0.7,0.3,0.5,antifragile,0.773271,1.369143,0.278615,0.335624
0.8,0.7,0.3,0.6,antifragile,0.919537,1.492887,0.306533,0.283353
0.8,0.7,0.3,0.7,antifragile,1.040163,1.615849,0.174913,0.184565
0.8,0.7,0.3,0.8,antifragile,1.07543,1.715325,0.14855,0.024991
0.8,0.7,0.3,0.9,antifragile,1.15993,1.718751,0.110663,-0.081648
0.8,0.7,0.3,1.0,antifragile,1.333313,1.826756,0.066528,-0.114841
0.8,0.7,0.4,0.0,antifragile,0.205621,0.860395,0.515889,0.794407
0.8,0.7,0.4,0.1,antifragile,0.181968,0.957158,0.66023,0.823337
0.8,0.7,0.4,0.2,antifragile,0.319249,1.177643,0.474371,0.669437
0.8,0.7,0.4,0.3,antifragile,0.421438,1.231342,0.461501,0.680366
0.8,0.7,0.4,0.4,antifragile,0.5767,1.320449,0.334194,0.435043
0.8,0.7,0.4,0.5,antifragile,0.581688,1.348595,0.308058,0.497016
0.8,0.7,0.4,0.6,antifragile,0.765041,1.495767,0.320386,0.39124
0.8,0.7,0.4,0.7,antifragile,0.786746,1.557555,0.330036,0.29425
0.8,0.7,0.4,0.8,antifragile,0.979116,1.56945,0.315565,0.160386
0.8,0.7,0.4,0.9,antifragile,1.089731,1.86096,0.22983,0.069054
0.8,0.7,0.4,1.0,antifragile,1.186059,1.877259,0.143956,0.035585
0.8,0.7,0.5,0.0,unification,0.080067,0.855585,0.719391,0.981558
0.8,0.7,0.5,0.1,unification,0.100627,0.871771,0.643756,0.914804
0.8,0.7,0.5,0.2,antifragile,0.294066,1.094248,0.693368,0.785948
0.8,0.7,0.5,0.3,antifragile,0.372795,1.110619,0.596503,0.683655
0.8,0.7,0.5,0.4,antifragile,0.510685,1.203173,0.548326,0.705323
0.8,0.7,0.5,0.5,antifragile,0.497295,1.26764,0.481745,0.566423
0.8,0.7,0.5,0.6,antifragile,0.670392,1.406187,0.38724,0.491553
0.8,0.7,0.5,0.7,antifragile,0.746779,1.543305,0.361281,0.368866
0.8,0.7,0.5,0.8,antifragile,0.965789,1.667724,0.300155,0.261354
0.8,0.7,0.5,0.9,antifragile,1.053892,1.643307,0.3827,0.226758
0.8,0.7,0.5,1.0,antifragile,1.096089,1.810525,0.338054,0.028444
0.8,0.7,0.6,0.0,unification,-0.013685,0.884727,0.738955,1.106421
0.8,0.7,0.6,0.1,unification,0.051822,0.956677,0.678513,1.024274
0.8,0.7,0.6,0.2,antifragile,0.150006,1.048942,0.808771,0.903306
0.8,0.7,0.6,0.3,antifragile,0.268942,1.07196,0.610558,0.801202
0.8,0.7,0.6,0.4,antifragile,0.298476,1.264143,0.612804,0.774644
0.8,0.7,0.6,0.5,antifragile,0.441302,1.296252,0.497182,0.683637
0.8,0.7,0.6,0.6,antifragile,0.611687,1.367875,0.47716,0.575385
0.8,0.7,0.6,0.7,antifragile,0.745741,1.500081,0.394654,0.551173
0.8,0.7,0.6,0.8,antifragile,0.842163,1.594355,0.517281,0.431192
0.8,0.7,0.6,0.9,antifragile,0.946537,1.703471,0.438871,0.333857
0.8,0.7,0.6,1.0,antifragile,1.002758,1.823654,0.401067,0.323742
0.8,0.7,0.7,0.0,unification,-0.134222,0.707562,0.848204,1.236685
0.8,0.7,0.7,0.1,unification,0.016473,0.937922,0.83064,1.04635
0.8,0.7,0.7,0.2,unification,0.023759,0.961786,0.742932,1.073344
0.8,0.7,0.7,0.3,antifragile,0.24901,1.113963,0.67405,0.938567
0.8,0.7,0.7,0.4,antifragile,0.23905,1.164158,0.720277,0.943201
0.8,0.7,0.7,0.5,antifragile,0.376189,1.263493,0.723709,0.735757
0.8,0.7,0.7,0.6,antifragile,0.536898,1.386498,0.585168,0.724078
0.8,0.7,0.7,0.7,antifragile,0.636011,1.440272,0.52812,0.604354
0.8,0.7,0.7,0.8,antifragile,0.818108,1.527985,0.530068,0.594263
0.8,0.7,0.7,0.9,antifragile,0.824425,1.646789,0.505137,0.427603
0.8,0.7,0.7,1.0,antifragile,0.868177,1.70347,0.526423,0.356242
0.8,0.7,0.8,0.0,unification,-0.238468,0.688709,0.992107,1.344946
0.8,0.7,0.8,0.1,unification,-0.157747,0.843328,1.010652,1.297076
0.8,0.7,0.8,0.2,unification,-0.03284,0.800859,0.91265,1.155255
0.8,0.7,0.8,0.3,unification,0.042367,1.001838,0.878251,1.102892
0.8,0.7,0.8,0.4,antifragile,0.118897,1.124793,0.723423,1.037977
0.8,0.7,0.8,0.5,antifragile,0.285679,1.151535,0.720876,0.93216
0.8,0.7,0.8,0.6,antifragile,0.352325,1.226996,0.699131,0.835968
0.8,0.7,0.8,0.7,antifragile,0.514241,1.457292,0.548066,0.768015
0.8,0.7,0.8,0.8,antifragile,0.668129,1.505868,0.534192,0.646958
0.8,0.7,0.8,0.9,antifragile,0.722427,1.531051,0.583569,0.59516
0.8,0.7,0.8,1.0,antifragile,0.822853,1.754276,0.498901,0.583995
0.8,0.7,0.9,0.0,unification,-0.348446,0.672273,0.963782,1.489554
0.8,0.7,0.9,0.1,unification,-0.278524,0.82222,0.949974,1.378827
0.8,0.7,0.9,0.2,unification,-0.117082,0.960234,0.90285,1.324206
0.8,0.7,0.9,0.3,unification,0.017215,0.944508,0.916138,1.270769
0.8,0.7,0.9,0.4,unification,0.153307,1.044562,0.798057,1.142283
0.8,0.7,0.9,0.5,antifragile,0.209438,1.195966,0.792169,1.069292
0.8,0.7,0.9,0.6,antifragile,0.197296,1.322904,0.843594,0.947347
0.8,0.7,0.9,0.7,antifragile,0.445118,1.469033,0.731673,0.905271
0.8,0.7,0.9,0.8,antifragile,0.637085,1.581821,0.636962,0.784425
0.8,0.7,0.9,0.9,antifragile,0.699679,1.599856,0.685302,0.588922
0.8,0.7,0.9,1.0,antifragile,0.667306,1.759211,0.648694,0.652682
0.8,0.7,1.0,0.0,unification,-0.487114,0.664251,1.123483,1.540846
0.8,0.7,1.0,0.1,unification,-0.350263,0.79877,1.084487,1.498848
0.8,0.7,1.0,0.2,unification,-0.155887,0.922489,0.925362,1.521898
0.8,0.7,1.0,0.3,unification,-0.036679,0.980328,0.968135,1.394467
0.8,0.7,1.0,0.4,unification,0.041686,1.051422,1.015314,1.164765
0.8,0.7,1.0,0.5,unification,0.091755,1.182389,0.892395,1.21998
0.8,0.7,1.0,0.6,antifragile,0.165268,1.242278,0.912518,1.025315
0.8,0.7,1.0,0.7,antifragile,0.332977,1.323459,0.833168,1.034655
0.8,0.7,1.0,0.8,antifragile,0.459855,1.430507,0.778163,0.921767
0.8,0.7,1.0,0.9,antifragile,0.563377,1.612848,0.674887,0.862083
0.8,0.7,1.0,1.0,antifragile,0.627894,1.73275,0.699454,0.696606
0.8,0.8,0.0,0.0,antifragile,0.388404,1.007054,0.328338,0.510788
0.8,0.8,0.0,0.1,antifragile,0.578062,1.229034,0.314756,0.423503
0.8,0.8,0.0,0.2,antifragile,0.660425,1.382486,0.249801,0.38547
0.8,0.8,0.0,0.3,antifragile,0.675398,1.423997,0.208967,0.190813
0.8,0.8,0.0,0.4,antifragile,0.825768,1.4212,0.221303,0.201327
0.8,0.8,0.0,0.5,antifragile,0.844422,1.54627,0.105672,0.100254
0.8,0.8,0.0,0.6,antifragile,1.13102,1.641268,0.084835,-0.11076
0.8,0.8,0.0,0.7,antifragile,1.26744,1.810947,-0.018925,-0.082226
0.8,0.8,0.0,0.8,antifragile,1.224393,1.814574,-0.022424,-0.30004
0.8,0.8,0.0,0.9,antifragile,1.387721,2.029771,-0.046302,-0.240434
0.8,0.8,0.0,1.0,antifragile,1.552415,2.066087,0.059823,-0.32224
0.8,0.8,0.1,0.0,antifragile,0.400233,0.987647,0.482268,0.680545
0.8,0.8,0.1,0.1,antifragile,0.3814,0.965692,0.341633,0.483762
0.8,0.8,0.1,0.2,antifragile,0.558059,1.206678,0.365156,0.404783
0.8,0.8,0.1,0.3,antifragile,0.633573,1.326689,0.293381,0.391063
0.8,0.8,0.1,0.4,antifragile,0.819016,1.367556,0.295866,0.193524
0.8,0.8,0.1,0.5,antifragile,0.772364,1.571827,0.34537,0.163582
0.8,0.8,0.1,0.6,antifragile,1.061665,1.58259,0.193276,0.178387
0.8,0.8,0.1,0.7,antifragile,1.034367,1.755834,0.147586,-0.026035
0.8,0.8,0.1,0.8,antifragile,1.16456,1.696585,0.188054,-0.063685
0.8,0.8,0.1,0.9,antifragile,1.2926,1.865353,0.100589,-0.115827
0.8,0.8,0.1,1.0,antifragile,1.396273,2.043179,0.058755,-0.249669
0.8,0.8,0.2,0.0,antifragile,0.265618,0.984604,0.467423,0.727346
0.8,0.8,0.2,0.1,antifragile,0.331764,1.093884,0.549495,0.670025
0.8,0.8,0.2,0.2,antifragile,0.434247,1.199725,0.454031,0.586303
0.8,0.8,0.2,0.3,antifragile,0.552627,1.287277,0.34329,0.43951
0.8,0.8,0.2,0.4,antifragile,0.67385,1.3994,0.295733,0.361904
0.8,0.8,0.2,0.5,antifragile,0.723512,1.553232,0.342557,0.326517
0.8,0.8,0.2,0.6,antifragile,0.876664,1.548684,0.267728,0.244636
0.8,0.8,0.2,0.7,antifragile,0.976995,1.700154,0.257149,0.149777
0.8,0.8,0.2,0.8,antifragile,1.117328,1.743692,0.194454,0.095442
0.8,0.8,0.2,0.9,antifragile,1.301318,1.9109,0.030553,-0.0729
0.8,0.8,0.2,1.0,antifragile,1.325736,1.905089,0.072746,-0.140936
0.8,0.8,0.3,0.0,antifragile,0.147266,1.005877,0.596633,0.832794
0.8,0.8,0.3,0.1,antifragile,0.197816,1.095355,0.596994,0.815352
0.8,0.8,0.3,0.2,antifragile,0.356488,1.09944,0.517556,0.727846
0.8,0.8,0.3,0.3,antifragile,0.373226,1.255759,0.509258,0.700184
0.8,0.8,0.3,0.4,antifragile,0.539944,1.348916,0.53938,0.485584
0.8,0.8,0.3,0.5,antifragile,0.733735,1.469633,0.403949,0.452581
0.8,0.8,0.3,0.6,antifragile,0.782624,1.657891,0.271722,0.330877
0.8,0.8,0.3,0.7,antifragile,0.887342,1.6333,0.389021,0.237648
0.8,0.8,0.3,0.8,antifragile,1.034602,1.746573,0.336924,0.168141
0.8,0.8,0.3,0.9,antifragile,1.13611,1.823828,0.205697,0.169952
0.8,0.8,0.3,1.0,antifragile,1.191891,1.901076,0.172159,0.025101
0.8,0.8,0.4,0.0,antifragile,0.016092,1.015762,0.726698,0.966158
0.8,0.8,0.4,0.1,antifragile,0.104512,1.029465,0.686002,0.892706
0.8,0.8,0.4,0.2,antifragile,0.252982,1.078977,0.732157,0.799944
0.8,0.8,0.4,0.3,antifragile,0.301274,1.171248,0.562795,0.822239
0.8,0.8,0.4,0.4,antifragile,0.47148,1.30126,0.582235,0.685884
0.8,0.8,0.4,0.5,antifragile,0.622954,1.424994,0.444783,0.517449
0.8,0.8,0.4,0.6,antifragile,0.620454,1.498802,0.438767,0.443578
0.8,0.8,0.4,0.7,antifragile,0.823963,1.57214,0.402977,0.360683
0.8,0.8,0.4,0.8,antifragile,0.918408,1.718232,0.312773,0.322661
0.8,0.8,0.4,0.9,antifragile,1.043213,1.815931,0.346662,0.233078
0.8,0.8,0.4,1.0,antifragile,1.119217,1.912168,0.357228,0.105231
0.8,0.8,0.5,0.0,unification,-0.072955,0.936525,0.7573,1.069038
0.8,0.8,0.5,0.1,unification,0.081109,0.978477,0.806087,0.996689
0.8,0.8,0.5,0.2,antifragile,0.129044,1.094761,0.726772,0.951016
0.8,0.8,0.5,0.3,antifragile,0.306946,1.162342,0.721775,0.767233
0.8,0.8,0.5,0.4,antifragile,0.350957,1.286918,0.590144,0.749515
0.8,0.8,0.5,0.5,antifragile,0.450917,1.369592,0.608154,0.653222
0.8,0.8,0.5,0.6,antifragile,0.566052,1.451954,0.600193,0.649779
0.8,0.8,0.5,0.7,antifragile,0.696095,1.595414,0.504083,0.574202
0.8,0.8,0.5,0.8,antifragile,0.839578,1.654922,0.544994,0.37881
0.8,0.8,0.5,0.9,antifragile,0.95596,1.828304,0.458308,0.301858
0.8,0.8,0.5,1.0,antifragile,1.009167,1.784576,0.459146,0.198355
0.8,0.8,0.6,0.0,unification,-0.10433,0.798674,0.997855,1.162355
0.8,0.8,0.6,0.1,unification,-0.027874,1.025603,0.794846,1.173189
0.8,0.8,0.6,0.2,antifragile,0.065908,1.07941,0.844038,1.038581
0.8,0.8,0.6,0.3,antifragile,0.264846,1.172621,0.847423,0.933403
0.8,0.8,0.6,0.4,antifragile,0.267896,1.238387,0.649367,0.936294
0.8,0.8,0.6,0.5,antifragile,0.406208,1.287694,0.62886,0.761502
0.8,0.8,0.6,0.6,antifragile,0.566183,1.462859,0.623372,0.701735
0.8,0.8,0.6,0.7,antifragile,0.618063,1.624056,0.578305,0.677877
0.8,0.8,0.6,0.8,antifragile,0.723534,1.714125,0.48904,0.590352
0.8,0.8,0.6,0.9,antifragile,0.81203,1.835665,0.544867,0.37981
0.8,0.8,0.6,1.0,antifragile,0.913427,1.854258,0.50289,0.409156
0.8,0.8,0.7,0.0,unification,-0.222171,0.819054,1.009337,1.311792
0.8,0.8,0.7,0.1,unification,-0.117328,0.898993,0.880004,1.24705
0.8,0.8,0.7,0.2,unification,-0.046763,1.052486,0.801195,1.206551
0.8,0.8,0.7,0.3,antifragile,0.068287,1.121519,0.826658,1.075039
0.8,0.8,0.7,0.4,antifragile,0.270656,1.196456,0.830175,1.050819
0.8,0.8,0.7,0.5,antifragile,0.306371,1.247106,0.710893,0.99394
0.8,0.8,0.7,0.6,antifragile,0.454628,1.411943,0.686649,0.931591
0.8,0.8,0.7,0.7,antifragile,0.496595,1.506985,0.70009,0.694715
0.8,0.8,0.7,0.8,antifragile,0.612076,1.572123,0.678096,0.653108
0.8,0.8,0.7,0.9,antifragile,0.688191,1.613386,0.55665,0.515495
0.8,0.8,0.7,1.0,antifragile,0.908432,1.825392,0.555353,0.491844
0.8,0.8,0.8,0.0,unification,-0.28292,0.835009,0.990666,1.437574
0.8,0.8,0.8,0.1,unification,-0.174673,0.908528,1.030412,1.350304
0.8,0.8,0.8,0.2,unification,-0.137583,1.013194,0.925902,1.234003
0.8,0.8,0.8,0.3,unification,-0.023341,1.074743,1.005067,1.183078
0.8,0.8,0.8,0.4,antifragile,0.116916,1.282146,0.82533,1.173024
0.8,0.8,0.8,0.5,antifragile,0.194451,1.295085,0.956732,1.094577
0.8,0.8,0.8,0.6,antifragile,0.347593,1.322444,0.791229,0.941732
0.8,0.8,0.8,0.7,antifragile,0.377472,1.358554,0.718477,0.883423
0.8,0.8,0.8,0.8,antifragile,0.615966,1.523091,0.729581,0.71494
0.8,0.8,0.8,0.9,antifragile,0.62998,1.532634,0.791706,0.7249
0.8,0.8,0.8,1.0,antifragile,0.788321,1.776761,0.766618,0.608236
0.8,0.8,0.9,0.0,unification,-0.459039,0.865009,1.063456,1.669906
0.8,0.8,0.9,0.1,unification,-0.303691,0.881667,1.013164,1.649679
0.8,0.8,0.9,0.2,unification,-0.209112,0.919932,1.072419,1.402752
0.8,0.8,0.9,0.3,unification,-0.058777,0.986951,1.01228,1.319842
0.8,0.8,0.9,0.4,unification,-0.009166,1.097934,1.009293,1.24748
0.8,0.8,0.9,0.5,antifragile,0.130806,1.261353,0.982008,1.133837
0.8,0.8,0.9,0.6,antifragile,0.261032,1.289517,0.874574,1.148254
0.8,0.8,0.9,0.7,antifragile,0.242697,1.383856,0.833434,1.029031
0.8,0.8,0.9,0.8,antifragile,0.530988,1.440136,0.875774,0.95104
0.8,0.8,0.9,0.9,antifragile,0.567969,1.546548,0.736378,0.89126
0.8,0.8,0.9,1.0,antifragile,0.691321,1.70596,0.676426,0.791732
0.8,0.8,1.0,0.0,unification,-0.507485,0.718169,1.205238,1.697738
0.8,0.8,1.0,0.1,unification,-0.430765,0.749024,1.139026,1.554992
0.8,0.8,1.0,0.2,unification,-0.255715,0.886618,1.110385,1.558143
0.8,0.8,1.0,0.3,unification,-0.21011,0.95625,1.101091,1.569451
0.8,0.8,1.0,0.4,unification,-0.014493,1.173994,0.985078,1.380427
0.8,0.8,1.0,0.5,unification,0.0401,1.276421,1.055841,1.296793
0.8,0.8,1.0,0.6,antifragile,0.045582,1.24206,1.001647,1.203963
0.8,0.8,1.0,0.7,antifragile,0.264489,1.425682,0.98659,1.096059
0.8,0.8,1.0,0.8,antifragile,0.409583,1.570573,0.961399,1.023459
0.8,0.8,1.0,0.9,antifragile,0.504744,1.622538,0.851008,0.95254
0.8,0.8,1.0,1.0,antifragile,0.513477,1.636746,0.775234,0.816931
0.8,0.9,0.0,0.0,antifragile,0.330475,1.168328,0.454039,0.489815
0.8,0.9,0.0,0.1,antifragile,0.429081,1.233699,0.445318,0.478943
0.8,0.9,0.0,0.2,antifragile,0.48475,1.35932,0.412586,0.395938
0.8,0.9,0.0,0.3,antifragile,0.579941,1.42113,0.310123,0.364135
0.8,0.9,0.0,0.4,antifragile,0.772892,1.608845,0.311105,0.360038
0.8,0.9,0.0,0.5,antifragile,0.879096,1.566654,0.222226,0.131149
0.8,0.9,0.0,0.6,antifragile,1.006454,1.701458,0.143068,0.141008
0.8,0.9,0.0,0.7,antifragile,1.168845,1.697561,0.245601,0.089155
0.8,0.9,0.0,0.8,antifragile,1.115197,1.861637,0.112523,-0.031305
0.8,0.9,0.0,0.9,antifragile,1.294266,1.957272,0.136063,-0.087019
0.8,0.9,0.0,1.0,antifragile,1.421918,2.051463,0.060782,-0.217093
0.8,0.9,0.1,0.0,antifragile,0.168431,1.089178,0.513113,0.66485
0.8,0.9,0.1,0.1,antifragile,0.247766,1.15925,0.573936,0.540831
0.8,0.9,0.1,0.2,antifragile,0.482136,1.247558,0.42683,0.572194
0.8,0.9,0.1,0.3,antifragile,0.630528,1.4499,0.454185,0.466486
0.8,0.9,0.1,0.4,antifragile,0.694578,1.593848,0.385366,0.441747
0.8,0.9,0.1,0.5,antifragile,0.755381,1.523469,0.448445,0.300133
0.8,0.9,0.1,0.6,antifragile,0.906228,1.687347,0.275368,0.193086
0.8,0.9,0.1,0.7,antifragile,0.972898,1.771609,0.298332,0.099974
0.8,0.9,0.1,0.8,antifragile,1.216388,1.848631,0.245139,0.112175
0.8,0.9,0.1,0.9,antifragile,1.181254,1.918956,0.214275,-0.113783
0.8,0.9,0.1,1.0,antifragile,1.323127,2.142544,0.251449,-0.080139
0.8,0.9,0.2,0.0,antifragile,0.204138,1.079669,0.623424,0.932179
0.8,0.9,0.2,0.1,antifragile,0.207559,1.198423,0.579541,0.742551
0.8,0.9,0.2,0.2,antifragile,0.391933,1.346699,0.636433,0.696938
0.8,0.9,0.2,0.3,antifragile,0.478144,1.379074,0.593258,0.506972
0.8,0.9,0.2,0.4,antifragile,0.57865,1.382378,0.474066,0.447105
0.8,0.9,0.2,0.5,antifragile,0.604697,1.464037,0.417325,0.454327
0.8,0.9,0.2,0.6,antifragile,0.764305,1.581715,0.424786,0.354339
0.8,0.9,0.2,0.7,antifragile,1.000109,1.766734,0.313705,0.221472
0.8,0.9,0.2,0.8,antifragile,1.062324,1.770672,0.308783,0.084477
0.8,0.9,0.2,0.9,antifragile,1.069669,1.972969,0.29336,0.05355
0.8,0.9,0.2,1.0,antifragile,1.220575,2.090765,0.212159,0.023668
0.8,0.9,0.3,0.0,antifragile,0.098573,1.092249,0.687447,0.905028
0.8,0.9,0.3,0.1,antifragile,0.109816,1.151552,0.789595,0.92829
0.8,0.9,0.3,0.2,antifragile,0.242025,1.269391,0.626545,0.763415
0.8,0.9,0.3,0.3,antifragile,0.368428,1.275944,0.574905,0.781088
0.8,0.9,0.3,0.4,antifragile,0.469211,1.320635,0.599294,0.587268
0.8,0.9,0.3,0.5,antifragile,0.55888,1.530062,0.493729,0.527358
0.8,0.9,0.3,0.6,antifragile,0.717109,1.575683,0.468539,0.347853
0.8,0.9,0.3,0.7,antifragile,0.816357,1.765673,0.481482,0.361225
0.8,0.9,0.3,0.8,antifragile,0.958509,1.811368,0.367897,0.357859
0.8,0.9,0.3,0.9,antifragile,1.053154,1.859384,0.449522,0.106583
0.8,0.9,0.3,1.0,antifragile,1.09621,2.00208,0.363704,0.207339
0.8,0.9,0.4,0.0,unification,-0.147799,1.027935,0.752733,1.120945
0.8,0.9,0.4,0.1,antifragile,0.071749,1.122495,0.763231,1.065551
0.8,0.9,0.4,0.2,antifragile,0.143596,1.170928,0.744639,1.013835
0.8,0.9,0.4,0.3,antifragile,0.336647,1.280218,0.72699,0.899308
0.8,0.9,0.4,0.4,antifragile,0.423727,1.313738,0.686419,0.758584
0.8,0.9,0.4,0.5,antifragile,0.497351,1.420738,0.643967,0.7006
0.8,0.9,0.4,0.6,antifragile,0.577222,1.499694,0.669581,0.633031
0.8,0.9,0.4,0.7,antifragile,0.739336,1.680312,0.511613,0.49638
0.8,0.9,0.4,0.8,antifragile,0.846073,1.793215,0.424334,0.368987
0.8,0.9,0.4,0.9,antifragile,0.893763,1.882656,0.449954,0.289181
0.8,0.9,0.4,1.0,antifragile,1.053924,1.90341,0.343273,0.313018
0.8,0.9,0.5,0.0,unification,-0.132467,1.014172,0.827561,1.250214
0.8,0.9,0.5,0.1,unification,-0.087125,1.167269,0.773527,1.2298
0.8,0.9,0.5,0.2,antifragile,0.094009,1.130863,0.849467,1.008099
0.8,0.9,0.5,0.3,antifragile,0.244255,1.277917,0.780596,0.982503
0.8,0.9,0.5,0.4,antifragile,0.411482,1.362559,0.70089,0.922527
0.8,0.9,0.5,0.5,antifragile,0.398103,1.388422,0.725632,0.749532
0.8,0.9,0.5,0.6,antifragile,0.53732,1.553688,0.755486,0.746917
0.8,0.9,0.5,0.7,antifragile,0.571502,1.549311,0.706317,0.598287
0.8,0.9,0.5,0.8,antifragile,0.679177,1.659762,0.619707,0.550642
0.8,0.9,0.5,0.9,antifragile,0.897367,1.80335,0.484857,0.370638
0.8,0.9,0.5,1.0,antifragile,0.933271,1.906088,0.440822,0.424145
0.8,0.9,0.6,0.0,unification,-0.265003,0.832401,0.985033,1.388036
0.8,0.9,0.6,0.1,unification,-0.030372,0.92941,1.016184,1.274267
0.8,0.9,0.6,0.2,antifragile,-0.02605,1.139041,0.972769,1.096047
0.8,0.9,0.6,0.3,antifragile,0.093453,1.172766,0.896299,1.168001
0.8,0.9,0.6,0.4,antifragile,0.22867,1.280391,0.847268,0.998276
0.8,0.9,0.6,0.5,antifragile,0.226522,1.415851,0.834284,0.978685
0.8,0.9,0.6,0.6,antifragile,0.3872,1.515358,0.821638,0.966531
0.8,0.9,0.6,0.7,antifragile,0.578947,1.629193,0.655369,0.69883
0.8,0.9,0.6,0.8,antifragile,0.714367,1.573206,0.672767,0.74153
0.8,0.9,0.6,0.9,antifragile,0.810629,1.805303,0.622526,0.564506
0.8,0.9,0.6,1.0,antifragile,0.992739,1.926682,0.627313,0.501392
0.8,0.9,0.7,0.0,unification,-0.334206,0.933982,1.054656,1.478935
0.8,0.9,0.7,0.1,unification,-0.164215,0.985473,1.1075,1.324002
0.8,0.9,0.7,0.2,unification,-0.081633,1.176903,1.034853,1.295148
0.8,0.9,0.7,0.3,unification,0.064941,1.162613,1.023319,1.261063
0.8,0.9,0.7,0.4,antifragile,0.091674,1.271918,0.930931,1.158405
0.8,0.9,0.7,0.5,antifragile,0.260937,1.383237,0.890951,1.013941
0.8,0.9,0.7,0.6,antifragile,0.332176,1.437292,0.834777,0.952455
0.8,0.9,0.7,0.7,antifragile,0.520144,1.496994,0.703269,0.978342
0.8,0.9,0.7,0.8,antifragile,0.534125,1.695019,0.780429,0.755887
0.8,0.9,0.7,0.9,antifragile,0.678351,1.720902,0.727819,0.671629
0.8,0.9,0.7,1.0,antifragile,0.786174,1.828137,0.725091,0.604444
0.8,0.9,0.8,0.0,unification,-0.443783,0.817764,1.173351,1.511421
0.8,0.9,0.8,0.1,unification,-0.225134,0.940983,1.136661,1.525959
0.8,0.9,0.8,0.2,unification,-0.208368,0.98089,1.039976,1.354699
0.8,0.9,0.8,0.3,unification,-0.047587,1.121862,0.958284,1.314175
0.8,0.9,0.8,0.4,unification,0.077607,1.289651,0.930806,1.368069
0.8,0.9,0.8,0.5,antifragile,0.107029,1.234762,1.042873,1.122958
0.8,0.9,0.8,0.6,antifragile,0.341192,1.381755,0.900345,1.024744
0.8,0.9,0.8,0.7,antifragile,0.438872,1.567004,0.841976,1.001256
0.8,0.9,0.8,0.8,antifragile,0.518105,1.581429,0.903211,0.914707
0.8,0.9,0.8,0.9,antifragile,0.569026,1.620858,0.730314,0.864427
0.8,0.9,0.8,1.0,antifragile,0.716772,1.835785,0.726858,0.667935
0.8,0.9,0.9,0.0,unification,-0.509816,0.911896,1.191759,1.723179
0.8,0.9,0.9,0.1,unification,-0.495678,0.879006,1.179303,1.656592
0.8,0.9,0.9,0.2,unification,-0.280897,0.924071,1.126805,1.544801
0.8,0.9,0.9,0.3,unification,-0.204808,1.052457,1.170259,1.438756
0.8,0.9,0.9,0.4,unification,-0.023002,1.181152,1.018502,1.368352
0.8,0.9,0.9,0.5,antifragile,0.079549,1.371839,1.001388,1.295738
0.8,0.9,0.9,0.6,antifragile,0.220454,1.443026,0.967554,1.20721
0.8,0.9,0.9,0.7,antifragile,0.340635,1.500573,1.011672,1.188571
0.8,0.9,0.9,0.8,antifragile,0.422686,1.577177,0.886451,1.032789
0.8,0.9,0.9,0.9,antifragile,0.496107,1.72495,0.888817,0.969291
0.8,0.9,0.9,1.0,antifragile,0.565298,1.820224,0.801633,0.860764
0.8,0.9,1.0,0.0,unification,-0.50953,0.81933,1.282511,1.796059
0.8,0.9,1.0,0.1,unification,-0.475187,0.84118,1.21163,1.727335
0.8,0.9,1.0,0.2,unification,-0.492402,1.010199,1.287052,1.750485
0.8,0.9,1.0,0.3,unification,-0.227338,1.037585,1.25617,1.559927
0.8,0.9,1.0,0.4,unification,-0.201326,1.147639,1.185552,1.469402
0.8,0.9,1.0,0.5,unification,-0.077375,1.229158,1.145595,1.417729
0.8,0.9,1.0,0.6,antifragile,0.216825,1.338197,1.122532,1.267562
0.8,0.9,1.0,0.7,antifragile,0.224345,1.416883,1.044539,1.33934
0.8,0.9,1.0,0.8,antifragile,0.286387,1.469599,0.947395,1.178645
0.8,0.9,1.0,0.9,antifragile,0.420933,1.633855,0.900724,1.186318
0.8,0.9,1.0,1.0,antifragile,0.598226,1.731516,0.848944,1.079223
0.8,1.0,0.0,0.0,antifragile,0.306841,1.175141,0.649938,0.695284
0.8,1.0,0.0,0.1,antifragile,0.311987,1.272868,0.472363,0.579493
0.8,1.0,0.0,0.2,antifragile,0.497194,1.371999,0.440917,0.52955
0.8,1.0,0.0,0.3,antifragile,0.513097,1.430572,0.440106,0.514611
0.8,1.0,0.0,0.4,antifragile,0.68216,1.537837,0.410378,0.293969
0.8,1.0,0.0,0.5,antifragile,0.795068,1.669141,0.40158,0.329631
0.8,1.0,0.0,0.6,antifragile,0.947065,1.849904,0.293563,0.221736
0.8,1.0,0.0,0.7,antifragile,1.037339,1.81901,0.278375,0.149939
0.8,1.0,0.0,0.8,antifragile,1.15014,1.877346,0.18012,0.01542
0.8,1.0,0.0,0.9,antifragile,1.206328,2.055136,0.183801,-0.053881
0.8,1.0,0.0,1.0,antifragile,1.264654,2.042426,0.151526,-0.142527
0.8,1.0,0.1,0.0,antifragile,0.119009,1.142137,0.589937,0.834248
0.8,1.0,0.1,0.1,antifragile,0.259827,1.157608,0.646419,0.651549
0.8,1.0,0.1,0.2,antifragile,0.34574,1.364374,0.483747,0.708551
0.8,1.0,0.1,0.3,antifragile,0.431703,1.390478,0.625328,0.558653
0.8,1.0,0.1,0.4,antifragile,0.680688,1.499737,0.510769,0.547113
0.8,1.0,0.1,0.5,antifragile,0.737203,1.617705,0.451834,0.342457
0.8,1.0,0.1,0.6,antifragile,0.744891,1.770658,0.519972,0.341479
0.8,1.0,0.1,0.7,antifragile,0.841315,1.761386,0.353905,0.222211
0.8,1.0,0.1,0.8,antifragile,0.995765,1.92103,0.36737,0.244003
0.8,1.0,0.1,0.9,antifragile,1.130542,2.000009,0.352056,0.131084
0.8,1.0,0.1,1.0,antifragile,1.198255,2.105242,0.282333,0.01014
0.8,1.0,0.2,0.0,antifragile,0.072982,1.185644,0.715458,0.9225
0.8,1.0,0.2,0.1,antifragile,0.138951,1.18049,0.734666,0.862193
0.8,1.0,0.2,0.2,antifragile,0.340316,1.289825,0.675181,0.733488
0.8,1.0,0.2,0.3,antifragile,0.491055,1.382627,0.721855,0.683887
0.8,1.0,0.2,0.4,antifragile,0.551531,1.451869,0.690952,0.686039
0.8,1.0,0.2,0.5,antifragile,0.662477,1.538764,0.655333,0.646899
0.8,1.0,0.2,0.6,antifragile,0.711018,1.678083,0.566341,0.361391
0.8,1.0,0.2,0.7,antifragile,0.897294,1.816184,0.451843,0.265384
0.8,1.0,0.2,0.8,antifragile,0.966659,1.803317,0.36059,0.308535
0.8,1.0,0.2,0.9,antifragile,1.125898,1.944053,0.459257,0.238207
0.8,1.0,0.2,1.0,antifragile,1.101341,2.022294,0.413963,0.091887
0.8,1.0,0.3,0.0,unification,0.020955,1.044493,0.881063,1.116455
0.8,1.0,0.3,0.1,antifragile,0.077585,1.194653,0.697006,0.955716
0.8,1.0,0.3,0.2,antifragile,0.176819,1.313635,0.692691,0.923266
0.8,1.0,0.3,0.3,antifragile,0.325872,1.362377,0.720071,0.808971
0.8,1.0,0.3,0.4,antifragile,0.407666,1.493738,0.650585,0.647033
0.8,1.0,0.3,0.5,antifragile,0.553309,1.614792,0.592439,0.738038
0.8,1.0,0.3,0.6,antifragile,0.666033,1.577182,0.569814,0.547623
0.8,1.0,0.3,0.7,antifragile,0.758452,1.720936,0.620278,0.542469
0.8,1.0,0.3,0.8,antifragile,0.782736,1.754052,0.555714,0.389228
0.8,1.0,0.3,0.9,antifragile,0.961256,1.947328,0.527924,0.268331
0.8,1.0,0.3,1.0,antifragile,0.96892,2.009343,0.402258,0.248313
0.8,1.0,0.4,0.0,unification,-0.114431,0.981229,1.034343,1.22085
0.8,1.0,0.4,0.1,antifragile,-0.028688,1.130072,0.916494,1.103373
0.8,1.0,0.4,0.2,antifragile,0.226013,1.143871,0.777347,0.970033
0.8,1.0,0.4,0.3,antifragile,0.220195,1.338648,0.793477,0.988499
0.8,1.0,0.4,0.4,antifragile,0.352828,1.391962,0.79137,0.870178
0.8,1.0,0.4,0.5,antifragile,0.419549,1.480075,0.741652,0.85589
0.8,1.0,0.4,0.6,antifragile,0.489748,1.575985,0.698133,0.797843
0.8,1.0,0.4,0.7,antifragile,0.681585,1.654365,0.603805,0.674255
0.8,1.0,0.4,0.8,antifragile,0.754318,1.728455,0.66069,0.555409
0.8,1.0,0.4,0.9,antifragile,0.820293,1.817984,0.461618,0.423881
0.8,1.0,0.4,1.0,antifragile,1.005229,2.028028,0.551247,0.304759
0.8,1.0,0.5,0.0,unification,-0.214185,1.066469,0.989395,1.383444
0.8,1.0,0.5,0.1,unification,-0.057733,1.127991,0.99656,1.297837
0.8,1.0,0.5,0.2,antifragile,-0.054078,1.260767,0.844671,1.19059
0.8,1.0,0.5,0.3,antifragile,0.127577,1.248718,0.846242,1.117487
0.8,1.0,0.5,0.4,antifragile,0.280067,1.369846,0.840538,1.069071
0.8,1.0,0.5,0.5,antifragile,0.328915,1.467891,0.80482,1.04354
0.8,1.0,0.5,0.6,antifragile,0.418001,1.606571,0.690032,0.787104
0.8,1.0,0.5,0.7,antifragile,0.554539,1.653452,0.721279,0.74503
0.8,1.0,0.5,0.8,antifragile,0.645549,1.819379,0.644979,0.702223
0.8,1.0,0.5,0.9,antifragile,0.823881,1.802608,0.63665,0.579876
0.8,1.0,0.5,1.0,antifragile,0.983771,1.926541,0.796181,0.533394
0.8,1.0,0.6,0.0,unification,-0.272825,1.004211,1.014071,1.528594
0.8,1.0,0.6,0.1,unification,-0.246141,1.098483,1.030374,1.345037
0.8,1.0,0.6,0.2,unification,0.018625,1.145017,0.943447,1.348739
0.8,1.0,0.6,0.3,antifragile,-0.021033,1.313037,0.97919,1.151309
0.8,1.0,0.6,0.4,antifragile,0.191067,1.36606,0.833832,1.126829
0.8,1.0,0.6,0.5,antifragile,0.274943,1.447026,0.890763,1.082249
0.8,1.0,0.6,0.6,antifragile,0.398447,1.531557,0.848182,0.967406
0.8,1.0,0.6,0.7,antifragile,0.449815,1.573875,0.76381,0.869999
0.8,1.0,0.6,0.8,antifragile,0.547113,1.71206,0.846505,0.779647
0.8,1.0,0.6,0.9,antifragile,0.706908,1.803565,0.805325,0.78789
0.8,1.0,0.6,1.0,antifragile,0.786523,1.94639,0.804557,0.561968
0.8,1.0,0.7,0.0,unification,-0.330984,0.837964,1.186481,1.587996
0.8,1.0,0.7,0.1,unification,-0.355351,1.074461,1.152382,1.463637
0.8,1.0,0.7,0.2,unification,-0.143571,1.160192,1.016561,1.267584
0.8,1.0,0.7,0.3,unification,-0.052099,1.171586,1.131924,1.321479
0.8,1.0,0.7,0.4,antifragile,0.075472,1.295651,0.947702,1.256526
0.8,1.0,0.7,0.5,antifragile,0.10369,1.331244,0.930121,1.110734
0.8,1.0,0.7,0.6,antifragile,0.269477,1.4754,0.959207,1.006291
0.8,1.0,0.7,0.7,antifragile,0.377415,1.565933,0.91507,1.012468
0.8,1.0,0.7,0.8,antifragile,0.507814,1.635486,0.866235,0.88934
0.8,1.0,0.7,0.9,antifragile,0.67571,1.785516,0.828969,0.765955
0.8,1.0,0.7,1.0,antifragile,0.69048,1.88794,0.781064,0.740524
0.8,1.0,0.8,0.0,unification,-0.557685,0.849296,1.256254,1.780084
0.8,1.0,0.8,0.1,unification,-0.454554,0.932796,1.135089,1.65127
0.8,1.0,0.8,0.2,unification,-0.190692,1.098026,1.218861,1.498398
0.8,1.0,0.8,0.3,unification,-0.121528,1.136377,1.152987,1.490121
0.8,1.0,0.8,0.4,unification,-0.044596,1.311008,1.10182,1.393681
0.8,1.0,0.8,0.5,antifragile,0.174549,1.389874,1.032531,1.270976
0.8,1.0,0.8,0.6,antifragile,0.233655,1.512135,1.028177,1.133646
0.8,1.0,0.8,0.7,antifragile,0.252487,1.564037,1.019019,1.175239
0.8,1.0,0.8,0.8,antifragile,0.30839,1.693573,1.02135,0.920322
0.8,1.0,0.8,0.9,antifragile,0.519734,1.782889,0.839429,0.93003
0.8,1.0,0.8,1.0,antifragile,0.65801,1.813864,0.851818,0.88104
0.8,1.0,0.9,0.0,unification,-0.61849,0.801655,1.37842,1.892447
0.8,1.0,0.9,0.1,unification,-0.430074,1.018062,1.335984,1.852352
0.8,1.0,0.9,0.2,unification,-0.336711,1.057635,1.29516,1.643598
0.8,1.0,0.9,0.3,unification,-0.268803,1.094996,1.207213,1.693538
0.8,1.0,0.9,0.4,unification,-0.028926,1.218604,1.173973,1.397657
0.8,1.0,0.9,0.5,unification,-0.059713,1.289533,1.133016,1.391516
0.8,1.0,0.9,0.6,antifragile,0.110738,1.463747,1.07861,1.406846
0.8,1.0,0.9,0.7,antifragile,0.227283,1.564414,1.053023,1.277323
0.8,1.0,0.9,0.8,antifragile,0.342676,1.688379,1.067635,1.207685
0.8,1.0,0.9,0.9,antifragile,0.403549,1.769796,0.931192,1.051348
0.8,1.0,0.9,1.0,antifragile,0.554065,1.747365,0.908841,0.948866
0.8,1.0,1.0,0.0,unification,-0.631067,0.812052,1.488187,2.06403
0.8,1.0,1.0,0.1,unification,-0.526478,0.889426,1.418417,1.840215
0.8,1.0,1.0,0.2,unification,-0.433183,1.133113,1.349845,1.815133
0.8,1.0,1.0,0.3,unification,-0.328076,1.084521,1.344045,1.651455
0.8,1.0,1.0,0.4,unification,-0.218309,1.132128,1.357224,1.67936
0.8,1.0,1.0,0.5,unification,-0.138409,1.202208,1.264518,1.542814
0.8,1.0,1.0,0.6,antifragile,0.122189,1.460087,1.231757,1.433588
0.8,1.0,1.0,0.7,antifragile,0.10692,1.500105,1.177752,1.339617
0.8,1.0,1.0,0.8,antifragile,0.161797,1.676411,1.121693,1.311209
0.8,1.0,1.0,0.9,antifragile,0.297128,1.74331,1.132004,1.208024
0.8,1.0,1.0,1.0,antifragile,0.460506,1.784249,1.044909,1.147895
0.9,0.0,0.0,0.0,competitive,1.143829,0.801205,-0.688429,-0.541267
0.9,0.0,0.0,0.1,competitive,1.272513,0.938608,-0.604379,-0.554088
0.9,0.0,0.0,0.2,competitive,1.380081,1.009372,-0.692825,-0.738719
0.9,0.0,0.0,0.3,competitive,1.494964,1.161184,-0.697919,-0.767182
0.9,0.0,0.0,0.4,competitive,1.552967,1.172201,-0.797989,-0.916508
0.9,0.0,0.0,0.5,competitive,1.688734,1.145174,-0.856939,-0.961593
0.9,0.0,0.0,0.6,competitive,1.910083,1.380221,-0.867936,-1.091676
0.9,0.0,0.0,0.7,competitive,1.980977,1.434331,-0.80836,-1.171997
0.9,0.0,0.0,0.8,competitive,2.052082,1.567165,-0.978119,-1.169521
0.9,0.0,0.0,0.9,competitive,2.181425,1.655724,-0.991209,-1.32563
0.9,0.0,0.0,1.0,competitive,2.236203,1.705267,-1.164669,-1.483511
0.9,0.0,0.1,0.0,competitive,1.023947,0.721506,-0.550879,-0.440624
0.9,0.0,0.1,0.1,competitive,1.109682,0.837558,-0.53664,-0.488236
0.9,0.0,0.1,0.2,competitive,1.333247,0.970163,-0.720498,-0.63719
0.9,0.0,0.1,0.3,competitive,1.370756,1.072099,-0.694299,-0.709787
0.9,0.0,0.1,0.4,competitive,1.444601,1.147777,-0.707451,-0.809894
0.9,0.0,0.1,0.5,competitive,1.597313,1.261851,-0.750497,-0.87455
0.9,0.0,0.1,0.6,competitive,1.728579,1.411181,-0.807412,-0.956425
0.9,0.0,0.1,0.7,competitive,1.828296,1.381471,-0.888828,-1.042442
0.9,0.0,0.1,0.8,competitive,1.930474,1.490978,-0.865938,-1.195467
0.9,0.0,0.1,0.9,competitive,2.05584,1.702023,-0.950494,-1.157795
0.9,0.0,0.1,1.0,competitive,2.124597,1.730308,-0.957295,-1.280175
0.9,0.0,0.2,0.0,competitive,0.903343,0.685356,-0.405031,-0.373953
0.9,0.0,0.2,0.1,competitive,1.054066,0.831794,-0.502346,-0.341757
0.9,0.0,0.2,0.2,competitive,1.146463,0.96265,-0.440706,-0.467611
0.9,0.0,0.2,0.3,competitive,1.173401,1.017873,-0.592038,-0.524899
0.9,0.0,0.2,0.4,competitive,1.285297,1.136225,-0.641071,-0.589863
0.9,0.0,0.2,0.5,competitive,1.469077,1.258399,-0.735536,-0.714111
0.9,0.0,0.2,0.6,competitive,1.556408,1.285594,-0.563996,-0.847478
0.9,0.0,0.2,0.7,competitive,1.69637,1.347813,-0.75535,-0.892498
0.9,0.0,0.2,0.8,competitive,1.788271,1.578818,-0.722242,-1.01734
0.9,0.0,0.2,0.9,competitive,1.975835,1.570996,-0.881466,-1.090893
0.9,0.0,0.2,1.0,competitive,1.982202,1.737059,-0.90382,-1.075593
0.9,0.0,0.3,0.0,competitive,0.862044,0.684821,-0.400105,-0.077368
0.9,0.0,0.3,0.1,competitive,0.965515,0.774783,-0.372328,-0.220723
0.9,0.0,0.3,0.2,competitive,1.025595,0.895262,-0.545435,-0.336673
0.9,0.0,0.3,0.3,competitive,1.20071,1.012393,-0.544974,-0.456928
0.9,0.0,0.3,0.4,competitive,1.30737,1.147524,-0.530397,-0.532905
0.9,0.0,0.3,0.5,competitive,1.453511,1.186455,-0.566063,-0.550114
0.9,0.0,0.3,0.6,competitive,1.510185,1.228329,-0.622729,-0.619393
0.9,0.0,0.3,0.7,competitive,1.719634,1.309063,-0.573137,-0.778345
0.9,0.0,0.3,0.8,competitive,1.736023,1.549993,-0.715485,-0.85872
0.9,0.0,0.3,0.9,competitive,1.812861,1.561894,-0.719412,-0.964354
0.9,0.0,0.3,1.0,competitive,2.027518,1.617634,-0.75008,-1.013673
0.9,0.0,0.4,0.0,competitive,0.827186,0.629803,-0.261373,0.081054
0.9,0.0,0.4,0.1,competitive,0.802919,0.719971,-0.225801,-0.131708
0.9,0.0,0.4,0.2,competitive,0.99068,0.843387,-0.287291,-0.29068
0.9,0.0,0.4,0.3,competitive,1.156852,0.881125,-0.488347,-0.349349
0.9,0.0,0.4,0.4,competitive,1.198608,1.014284,-0.488681,-0.426379
0.9,0.0,0.4,0.5,competitive,1.269485,1.098358,-0.478257,-0.496795
0.9,0.0,0.4,0.6,competitive,1.29174,1.238135,-0.492529,-0.563941
0.9,0.0,0.4,0.7,competitive,1.471961,1.372252,-0.638627,-0.651059
0.9,0.0,0.4,0.8,competitive,1.643907,1.483958,-0.581113,-0.708078
0.9,0.0,0.4,0.9,competitive,1.80153,1.4671,-0.571001,-0.958252
0.9,0.0,0.4,1.0,competitive,1.936388,1.577937,-0.670991,-0.817577
0.9,0.0,0.5,0.0,competitive,0.703047,0.653621,-0.161684,0.011003
0.9,0.0,0.5,0.1,antifragile,0.718503,0.743568,-0.25488,-0.01564
0.9,0.0,0.5,0.2,competitive,0.95691,0.882574,-0.331037,-0.062879
0.9,0.0,0.5,0.3,competitive,0.926784,0.840581,-0.369642,-0.172649
0.9,0.0,0.5,0.4,competitive,1.082347,1.037561,-0.365767,-0.199296
0.9,0.0,0.5,0.5,competitive,1.252282,1.058073,-0.359969,-0.383098
0.9,0.0,0.5,0.6,competitive,1.355573,1.180386,-0.378796,-0.388441
0.9,0.0,0.5,0.7,competitive,1.410369,1.280699,-0.321534,-0.573048
0.9,0.0,0.5,0.8,competitive,1.519004,1.361449,-0.582947,-0.647693
0.9,0.0,0.5,0.9,competitive,1.659567,1.513827,-0.644657,-0.705072
0.9,0.0,0.5,1.0,competitive,1.734801,1.526476,-0.555211,-0.803251
0.9,0.0,0.6,0.0,antifragile,0.516505,0.644007,-0.057438,0.221883
0.9,0.0,0.6,0.1,antifragile,0.647958,0.681117,-0.192752,0.12253
0.9,0.0,0.6,0.2,competitive,0.840796,0.788739,-0.200176,0.014346
0.9,0.0,0.6,0.3,competitive,0.948243,0.903414,-0.331909,-0.134074
0.9,0.0,0.6,0.4,antifragile,1.008418,1.028534,-0.221668,-0.091853
0.9,0.0,0.6,0.5,antifragile,1.127467,1.148245,-0.356125,-0.232051
0.9,0.0,0.6,0.6,competitive,1.173953,1.152733,-0.403086,-0.223106
0.9,0.0,0.6,0.7,competitive,1.42205,1.268164,-0.376653,-0.41521
0.9,0.0,0.6,0.8,competitive,1.338167,1.321877,-0.402602,-0.448092
0.9,0.0,0.6,0.9,competitive,1.555396,1.491975,-0.503541,-0.612081
0.9,0.0,0.6,1.0,competitive,1.72198,1.519409,-0.468669,-0.739883
0.9,0.0,0.7,0.0,antifragile,0.466523,0.594859,-0.010307,0.323943
0.9,0.0,0.7,0.1,antifragile,0.619366,0.667008,-0.149452,0.231819
0.9,0.0,0.7,0.2,antifragile,0.72637,0.780311,-0.118256,0.137402
0.9,0.0,0.7,0.3,antifragile,0.758275,0.887639,-0.122858,0.129362
0.9,0.0,0.7,0.4,antifragile,0.881081,0.951101,-0.229613,-0.002678
0.9,0.0,0.7,0.5,competitive,1.190333,1.085182,-0.272782,-0.102631
0.9,0.0,0.7,0.6,antifragile,1.136896,1.141195,-0.351197,-0.158815
0.9,0.0,0.7,0.7,competitive,1.159119,1.146365,-0.214916,-0.278038
0.9,0.0,0.7,0.8,competitive,1.446312,1.284492,-0.460075,-0.397534
0.9,0.0,0.7,0.9,competitive,1.6194,1.349466,-0.306176,-0.412739
0.9,0.0,0.7,1.0,competitive,1.600992,1.47757,-0.480061,-0.486795
0.9,0.0,0.8,0.0,antifragile,0.470964,0.539815,0.086978,0.438721
0.9,0.0,0.8,0.1,antifragile,0.623654,0.636929,0.11166,0.32674
0.9,0.0,0.8,0.2,antifragile,0.622749,0.773575,-0.022899,0.315887
0.9,0.0,0.8,0.3,antifragile,0.686111,0.794725,-0.113766,0.200724
0.9,0.0,0.8,0.4,antifragile,0.83558,0.883548,-0.078383,0.066741
0.9,0.0,0.8,0.5,antifragile,0.84754,0.976421,-0.04238,0.060495
0.9,0.0,0.8,0.6,antifragile,1.022688,1.122252,-0.196707,-0.030619
0.9,0.0,0.8,0.7,competitive,1.219037,1.204676,-0.223973,-0.060675
0.9,0.0,0.8,0.8,competitive,1.311983,1.299742,-0.267889,-0.248295
0.9,0.0,0.8,0.9,antifragile,1.332723,1.41852,-0.246171,-0.283608
0.9,0.0,0.8,1.0,competitive,1.533297,1.435645,-0.37981,-0.454091
0.9,0.0,0.9,0.0,unification,0.302524,0.54416,0.100129,0.581267
0.9,0.0,0.9,0.1,antifragile,0.460123,0.650406,0.012648,0.476166
0.9,0.0,0.9,0.2,antifragile,0.498086,0.641165,0.035852,0.317626
0.9,0.0,0.9,0.3,antifragile,0.62662,0.781751,-0.037157,0.305914
0.9,0.0,0.9,0.4,antifragile,0.755978,0.880991,-0.106721,0.280013
0.9,0.0,0.9,0.5,antifragile,0.901215,0.932878,0.018897,0.182791
0.9,0.0,0.9,0.6,antifragile,0.990564,1.099153,-0.15665,0.057328
0.9,0.0,0.9,0.7,antifragile,1.11588,1.120111,-0.162622,0.020051
0.9,0.0,0.9,0.8,antifragile,1.210493,1.256047,-0.181871,-0.103744
0.9,0.0,0.9,0.9,antifragile,1.347639,1.454503,-0.210366,-0.115899
0.9,0.0,0.9,1.0,antifragile,1.393165,1.410922,-0.30441,-0.310917
0.9,0.0,1.0,0.0,unification,0.210323,0.504305,0.270147,0.684517
0.9,0.0,1.0,0.1,unification,0.318804,0.554898,0.191705,0.654335
0.9,0.0,1.0,0.2,antifragile,0.425043,0.639979,0.207734,0.526071
0.9,0.0,1.0,0.3,antifragile,0.526269,0.740723,0.103907,0.377956
0.9,0.0,1.0,0.4,antifragile,0.642816,0.860998,0.160225,0.343556
0.9,0.0,1.0,0.5,antifragile,0.813244,0.94396,0.078001,0.254057
0.9,0.0,1.0,0.6,antifragile,0.940159,1.100104,0.052231,0.27137
0.9,0.0,1.0,0.7,antifragile,1.004543,1.154247,-0.080979,0.003853
0.9,0.0,1.0,0.8,antifragile,1.117794,1.21195,-0.051847,0.073099
0.9,0.0,1.0,0.9,antifragile,1.161892,1.431958,-0.120593,-0.119208
0.9,0.0,1.0,1.0,antifragile,1.267794,1.301112,-0.141818,-0.166343
0.9,0.1,0.0,0.0,competitive,1.007981,0.822802,-0.530031,-0.391217
0.9,0.1,0.0,0.1,competitive,1.077777,0.89651,-0.531748,-0.534704
0.9,0.1,0.0,0.2,competitive,1.299114,1.020127,-0.516259,-0.579567
0.9,0.1,0.0,0.3,competitive,1.441313,1.165888,-0.606086,-0.712621
0.9,0.1,0.0,0.4,competitive,1.548369,1.245788,-0.72269,-0.8655
0.9,0.1,0.0,0.5,competitive,1.606997,1.405394,-0.760357,-0.89204
0.9,0.1,0.0,0.6,competitive,1.694187,1.480062,-0.846839,-0.962509
0.9,0.1,0.0,0.7,competitive,1.769712,1.548105,-0.802136,-1.032329
0.9,0.1,0.0,0.8,competitive,1.920996,1.654241,-0.77892,-1.048769
0.9,0.1,0.0,0.9,competitive,2.06877,1.779195,-0.921581,-1.165616
0.9,0.1,0.0,1.0,competitive,2.267429,1.713163,-0.941712,-1.321792
0.9,0.1,0.1,0.0,competitive,0.974436,0.891892,-0.403125,-0.305866
0.9,0.1,0.1,0.1,competitive,1.097284,0.900514,-0.460283,-0.349069
0.9,0.1,0.1,0.2,competitive,1.267641,1.032472,-0.499115,-0.36323
0.9,0.1,0.1,0.3,competitive,1.192202,1.100399,-0.587064,-0.56192
0.9,0.1,0.1,0.4,competitive,1.430199,1.249033,-0.61602,-0.601543
0.9,0.1,0.1,0.5,competitive,1.465118,1.230976,-0.626457,-0.730927
0.9,0.1,0.1,0.6,competitive,1.694527,1.496423,-0.700427,-0.895576
0.9,0.1,0.1,0.7,competitive,1.661641,1.443215,-0.699635,-0.90306
0.9,0.1,0.1,0.8,competitive,1.777074,1.669307,-0.716857,-0.887049
0.9,0.1,0.1,0.9,competitive,1.859945,1.738634,-0.797451,-1.079592
0.9,0.1,0.1,1.0,competitive,2.061216,1.735025,-0.83715,-1.097679
0.9,0.1,0.2,0.0,antifragile,0.771849,0.859866,-0.32538,-0.175511
0.9,0.1,0.2,0.1,competitive,1.026781,0.898191,-0.408996,-0.293643
0.9,0.1,0.2,0.2,competitive,1.164977,0.901049,-0.434845,-0.410521
0.9,0.1,0.2,0.3,competitive,1.224389,1.065148,-0.527476,-0.46845
0.9,0.1,0.2,0.4,competitive,1.31222,1.179254,-0.601859,-0.545271
0.9,0.1,0.2,0.5,competitive,1.428023,1.320491,-0.503037,-0.617748
0.9,0.1,0.2,0.6,competitive,1.579955,1.339247,-0.74112,-0.607956
0.9,0.1,0.2,0.7,competitive,1.662883,1.459403,-0.624589,-0.749864
0.9,0.1,0.2,0.8,competitive,1.750365,1.530544,-0.697655,-0.846152
0.9,0.1,0.2,0.9,competitive,1.815936,1.582876,-0.69151,-0.886
0.9,0.1,0.2,1.0,competitive,1.93019,1.703888,-0.829793,-1.085809
0.9,0.1,0.3,0.0,antifragile,0.716082,0.798713,-0.346819,-0.022041
0.9,0.1,0.3,0.1,competitive,0.87674,0.875265,-0.241691,-0.131497
0.9,0.1,0.3,0.2,competitive,1.056687,1.017493,-0.272683,-0.248609
0.9,0.1,0.3,0.3,antifragile,1.011528,1.028758,-0.37108,-0.39767
0.9,0.1,0.3,0.4,competitive,1.223054,1.001363,-0.34271,-0.361129
0.9,0.1,0.3,0.5,competitive,1.289102,1.231335,-0.447491,-0.445854
0.9,0.1,0.3,0.6,competitive,1.44347,1.367249,-0.563393,-0.561458
0.9,0.1,0.3,0.7,competitive,1.639333,1.397413,-0.527931,-0.689762
0.9,0.1,0.3,0.8,competitive,1.767843,1.524264,-0.642936,-0.670482
0.9,0.1,0.3,0.9,competitive,1.716339,1.63919,-0.568501,-0.708666
0.9,0.1,0.3,1.0,competitive,1.891192,1.702442,-0.761345,-0.917834
0.9,0.1,0.4,0.0,antifragile,0.654287,0.705962,-0.201004,0.11931
0.9,0.1,0.4,0.1,antifragile,0.772022,0.833777,-0.220776,-0.036137
0.9,0.1,0.4,0.2,antifragile,0.87432,0.916649,-0.186463,-0.126542
0.9,0.1,0.4,0.3,antifragile,1.022377,1.024192,-0.295991,-0.26301
0.9,0.1,0.4,0.4,competitive,1.153951,1.01968,-0.409629,-0.325235
0.9,0.1,0.4,0.5,competitive,1.23191,1.141819,-0.446772,-0.326001
0.9,0.1,0.4,0.6,competitive,1.348652,1.322883,-0.451475,-0.433179
0.9,0.1,0.4,0.7,competitive,1.500016,1.314332,-0.488079,-0.46536
0.9,0.1,0.4,0.8,competitive,1.570978,1.467472,-0.496929,-0.538849
0.9,0.1,0.4,0.9,competitive,1.678796,1.572278,-0.535837,-0.765797
0.9,0.1,0.4,1.0,competitive,1.815131,1.623942,-0.63811,-0.857323
0.9,0.1,0.5,0.0,antifragile,0.523062,0.566533,-0.141254,0.183268
0.9,0.1,0.5,0.1,antifragile,0.763063,0.778036,-0.117325,0.183969
0.9,0.1,0.5,0.2,antifragile,0.677439,0.889583,-0.154255,0.076182
0.9,0.1,0.5,0.3,antifragile,0.840185,0.936299,-0.256549,-0.114395
0.9,0.1,0.5,0.4,competitive,1.155632,1.031697,-0.203638,-0.099715
0.9,0.1,0.5,0.5,antifragile,1.07799,1.128743,-0.286986,-0.200227
0.9,0.1,0.5,0.6,antifragile,1.276535,1.337657,-0.28448,-0.272153
0.9,0.1,0.5,0.7,competitive,1.418415,1.412639,-0.401151,-0.468977
0.9,0.1,0.5,0.8,competitive,1.449668,1.371318,-0.459149,-0.470009
0.9,0.1,0.5,0.9,antifragile,1.562328,1.567404,-0.43482,-0.541763
0.9,0.1,0.5,1.0,competitive,1.636752,1.58612,-0.585499,-0.616598
0.9,0.1,0.6,0.0,antifragile,0.606108,0.65394,0.008385,0.30342
0.9,0.1,0.6,0.1,antifragile,0.609172,0.803733,-0.040462,0.276965
0.9,0.1,0.6,0.2,antifragile,0.795041,0.890022,-0.083383,0.165291
0.9,0.1,0.6,0.3,antifragile,0.820684,0.954946,-0.145666,0.092506
0.9,0.1,0.6,0.4,competitive,1.001915,0.940694,-0.257874,-0.012233
0.9,0.1,0.6,0.5,antifragile,1.093442,1.134344,-0.265546,-0.050015
0.9,0.1,0.6,0.6,competitive,1.265415,1.171566,-0.281251,-0.178719
0.9,0.1,0.6,0.7,antifragile,1.273712,1.370154,-0.27082,-0.27958
0.9,0.1,0.6,0.8,competitive,1.360515,1.328621,-0.256525,-0.318618
0.9,0.1,0.6,0.9,antifragile,1.495476,1.505437,-0.370383,-0.523277
0.9,0.1,0.6,1.0,antifragile,1.538939,1.584788,-0.41606,-0.520606
0.9,0.1,0.7,0.0,antifragile,0.504877,0.595683,0.041862,0.45765
0.9,0.1,0.7,0.1,antifragile,0.460157,0.712778,0.003759,0.381253
0.9,0.1,0.7,0.2,antifragile,0.630987,0.792925,0.031325,0.321719
0.9,0.1,0.7,0.3,antifragile,0.851657,0.929715,-0.052249,0.168369
0.9,0.1,0.7,0.4,antifragile,0.877343,1.063072,-0.037186,0.079385
0.9,0.1,0.7,0.5,antifragile,0.992629,1.096101,-0.067544,0.04507
0.9,0.1,0.7,0.6,antifragile,1.093201,1.120937,-0.120397,-0.12453
0.9,0.1,0.7,0.7,antifragile,1.19448,1.247461,-0.230488,-0.11087
0.9,0.1,0.7,0.8,competitive,1.299839,1.250329,-0.249892,-0.244416
0.9,0.1,0.7,0.9,competitive,1.472872,1.40288,-0.184154,-0.267164
0.9,0.1,0.7,1.0,antifragile,1.506099,1.539057,-0.351914,-0.379032
0.9,0.1,0.8,0.0,unification,0.290607,0.569133,0.11067,0.615638
0.9,0.1,0.8,0.1,antifragile,0.448474,0.646601,0.112912,0.460356
0.9,0.1,0.8,0.2,antifragile,0.565665,0.702247,0.130098,0.418665
0.9,0.1,0.8,0.3,antifragile,0.637568,0.889385,0.064431,0.272719
0.9,0.1,0.8,0.4,competitive,0.835369,0.830172,0.059477,0.231843
0.9,0.1,0.8,0.5,antifragile,0.929527,1.122021,-0.056373,0.135977
0.9,0.1,0.8,0.6,antifragile,1.005732,1.088318,-0.091584,0.049171
0.9,0.1,0.8,0.7,antifragile,1.040692,1.216543,-0.077348,0.019044
0.9,0.1,0.8,0.8,antifragile,1.20114,1.338119,-0.17021,-0.188068
0.9,0.1,0.8,0.9,antifragile,1.269165,1.477949,-0.135138,-0.227916
0.9,0.1,0.8,1.0,competitive,1.485954,1.464965,-0.260857,-0.27594
0.9,0.1,0.9,0.0,unification,0.226341,0.505391,0.256337,0.743823
0.9,0.1,0.9,0.1,antifragile,0.277312,0.641311,0.258246,0.599363
0.9,0.1,0.9,0.2,antifragile,0.432656,0.687459,0.270018,0.60966
0.9,0.1,0.9,0.3,antifragile,0.555256,0.884014,0.103695,0.44222
0.9,0.1,0.9,0.4,antifragile,0.627002,0.827844,0.060991,0.343749
0.9,0.1,0.9,0.5,antifragile,0.811329,1.047747,0.043865,0.230443
0.9,0.1,0.9,0.6,antifragile,0.867103,1.189555,0.041457,0.266142
0.9,0.1,0.9,0.7,antifragile,1.098848,1.172127,0.011009,0.06489
0.9,0.1,0.9,0.8,antifragile,1.171665,1.341392,-0.175704,0.045139
0.9,0.1,0.9,0.9,antifragile,1.187171,1.37798,-0.142985,-0.014603
0.9,0.1,0.9,1.0,antifragile,1.305825,1.426048,-0.190378,-0.155726
0.9,0.1,1.0,0.0,unification,0.170512,0.564793,0.36068,0.85919
0.9,0.1,1.0,0.1,unification,0.296924,0.640867,0.346669,0.870254
0.9,0.1,1.0,0.2,antifragile,0.410043,0.709325,0.231739,0.675497
0.9,0.1,1.0,0.3,antifragile,0.537694,0.729087,0.277929,0.553663
0.9,0.1,1.0,0.4,antifragile,0.578404,0.911089,0.148665,0.512941
0.9,0.1,1.0,0.5,antifragile,0.642392,1.023798,0.144799,0.404816
0.9,0.1,1.0,0.6,antifragile,0.823735,1.073993,0.117078,0.309637
0.9,0.1,1.0,0.7,antifragile,0.905457,1.081602,0.123243,0.176849
0.9,0.1,1.0,0.8,antifragile,1.110773,1.252883,0.075876,0.202111
0.9,0.1,1.0,0.9,antifragile,1.188111,1.362322,-0.084733,0.055899
0.9,0.1,1.0,1.0,antifragile,1.234276,1.449892,-0.126385,-0.034314
0.9,0.2,0.0,0.0,antifragile,0.828867,0.884985,-0.39371,-0.339096
0.9,0.2,0.0,0.1,competitive,1.071493,1.003129,-0.38936,-0.332268
0.9,0.2,0.0,0.2,competitive,1.210269,1.088531,-0.462241,-0.380002
0.9,0.2,0.0,0.3,competitive,1.330074,1.198031,-0.466356,-0.552598
0.9,0.2,0.0,0.4,competitive,1.372332,1.302958,-0.551483,-0.65093
0.9,0.2,0.0,0.5,competitive,1.552187,1.284372,-0.627033,-0.768934
0.9,0.2,0.0,0.6,competitive,1.596257,1.462301,-0.685501,-0.726152
0.9,0.2,0.0,0.7,competitive,1.767583,1.525281,-0.767022,-0.924172
0.9,0.2,0.0,0.8,competitive,1.838515,1.628252,-0.592876,-1.06271
0.9,0.2,0.0,0.9,competitive,1.967552,1.748503,-0.772457,-1.161969
0.9,0.2,0.0,1.0,competitive,2.072861,1.85902,-0.764515,-1.12584
0.9,0.2,0.1,0.0,competitive,0.945913,0.762689,-0.326749,-0.049775
0.9,0.2,0.1,0.1,competitive,1.048005,0.887328,-0.350593,-0.31237
0.9,0.2,0.1,0.2,antifragile,1.083423,1.154983,-0.347075,-0.420997
0.9,0.2,0.1,0.3,competitive,1.176739,1.150041,-0.448217,-0.414339
0.9,0.2,0.1,0.4,competitive,1.286282,1.226689,-0.5143,-0.533381
0.9,0.2,0.1,0.5,competitive,1.470195,1.354837,-0.550065,-0.543385
0.9,0.2,0.1,0.6,competitive,1.598187,1.434944,-0.567903,-0.596873
0.9,0.2,0.1,0.7,competitive,1.735346,1.454252,-0.535285,-0.683811
0.9,0.2,0.1,0.8,competitive,1.797832,1.601654,-0.652284,-0.769469
0.9,0.2,0.1,0.9,competitive,1.916771,1.747363,-0.558361,-0.990385
0.9,0.2,0.1,1.0,competitive,1.980463,1.8245,-0.725579,-1.117018
0.9,0.2,0.2,0.0,competitive,0.845194,0.792439,-0.268457,-0.067952
0.9,0.2,0.2,0.1,antifragile,0.893489,0.918925,-0.221814,-0.076558
0.9,0.2,0.2,0.2,competitive,1.002033,0.990093,-0.316421,-0.264683
0.9,0.2,0.2,0.3,competitive,1.123582,1.067694,-0.243639,-0.298604
0.9,0.2,0.2,0.4,antifragile,1.208109,1.245293,-0.451603,-0.425578
0.9,0.2,0.2,0.5,competitive,1.36619,1.311769,-0.377562,-0.611479
0.9,0.2,0.2,0.6,competitive,1.495906,1.372832,-0.528513,-0.646157
0.9,0.2,0.2,0.7,antifragile,1.537216,1.574499,-0.461545,-0.563282
0.9,0.2,0.2,0.8,competitive,1.669309,1.595339,-0.628964,-0.808973
0.9,0.2,0.2,0.9,competitive,1.777672,1.616191,-0.632861,-0.812837
0.9,0.2,0.2,1.0,competitive,1.958617,1.780492,-0.698016,-0.99109
0.9,0.2,0.3,0.0,antifragile,0.710995,0.763546,-0.139192,0.064791
0.9,0.2,0.3,0.1,antifragile,0.811478,0.950079,-0.132318,0.008442
0.9,0.2,0.3,0.2,antifragile,0.88024,0.957438,-0.186838,-0.02993
0.9,0.2,0.3,0.3,antifragile,0.971314,1.156376,-0.303987,-0.146561
0.9,0.2,0.3,0.4,competitive,1.285053,1.095515,-0.27974,-0.280698
0.9,0.2,0.3,0.5,competitive,1.277362,1.239051,-0.468973,-0.387691
0.9,0.2,0.3,0.6,antifragile,1.38235,1.432461,-0.364723,-0.361362
0.9,0.2,0.3,0.7,competitive,1.450328,1.431261,-0.407846,-0.53875
0.9,0.2,0.3,0.8,competitive,1.641125,1.484721,-0.421865,-0.544599
0.9,0.2,0.3,0.9,competitive,1.713254,1.695636,-0.53746,-0.731571
0.9,0.2,0.3,1.0,competitive,1.82261,1.708889,-0.529974,-0.75992
0.9,0.2,0.4,0.0,antifragile,0.61163,0.774115,-0.028265,0.194999
0.9,0.2,0.4,0.1,antifragile,0.701157,0.896133,-0.086336,0.137554
0.9,0.2,0.4,0.2,antifragile,0.864129,0.957427,-0.15721,-0.000842
0.9,0.2,0.4,0.3,antifragile,0.940578,1.069088,-0.153579,-0.047805
0.9,0.2,0.4,0.4,antifragile,1.07261,1.084768,-0.243221,-0.106455
0.9,0.2,0.4,0.5,antifragile,1.123328,1.242064,-0.257422,-0.230693
0.9,0.2,0.4,0.6,antifragile,1.30894,1.341359,-0.359873,-0.284192
0.9,0.2,0.4,0.7,competitive,1.359645,1.356806,-0.302887,-0.454292
0.9,0.2,0.4,0.8,antifragile,1.477266,1.534675,-0.383665,-0.511214
0.9,0.2,0.4,0.9,antifragile,1.555314,1.576996,-0.473872,-0.571324
0.9,0.2,0.4,1.0,competitive,1.687732,1.641062,-0.474461,-0.682161
0.9,0.2,0.5,0.0,antifragile,0.538405,0.743106,0.092098,0.357389
0.9,0.2,0.5,0.1,antifragile,0.580588,0.711347,-0.090937,0.214873
0.9,0.2,0.5,0.2,antifragile,0.664602,0.884194,-0.053387,0.126841
0.9,0.2,0.5,0.3,antifragile,0.868937,0.979575,-0.133098,0.1554
0.9,0.2,0.5,0.4,antifragile,0.963348,1.110601,-0.092788,0.028853
0.9,0.2,0.5,0.5,antifragile,1.056696,1.252298,-0.197444,-0.049188
0.9,0.2,0.5,0.6,antifragile,1.123309,1.279663,-0.20387,-0.16696
0.9,0.2,0.5,0.7,antifragile,1.25282,1.307562,-0.231985,-0.280335
0.9,0.2,0.5,0.8,antifragile,1.385463,1.56772,-0.309651,-0.380846
0.9,0.2,0.5,0.9,antifragile,1.424993,1.52586,-0.291209,-0.476271
0.9,0.2,0.5,1.0,competitive,1.656425,1.610375,-0.41846,-0.569736
0.9,0.2,0.6,0.0,antifragile,0.458838,0.679405,0.054468,0.485724
0.9,0.2,0.6,0.1,antifragile,0.569715,0.802022,0.084762,0.322302
0.9,0.2,0.6,0.2,antifragile,0.717929,0.874948,0.0434,0.299146
0.9,0.2,0.6,0.3,antifragile,0.717755,1.06982,-0.011353,0.19667
0.9,0.2,0.6,0.4,antifragile,0.854374,1.127499,0.009609,0.117915
0.9,0.2,0.6,0.5,antifragile,0.911709,1.156777,-0.09325,0.002418
0.9,0.2,0.6,0.6,antifragile,1.045833,1.182288,-0.056443,-0.02292
0.9,0.2,0.6,0.7,antifragile,1.206723,1.322511,-0.151994,-0.134793
0.9,0.2,0.6,0.8,antifragile,1.294942,1.469484,-0.184381,-0.195632
0.9,0.2,0.6,0.9,antifragile,1.380593,1.566563,-0.191122,-0.300182
0.9,0.2,0.6,1.0,competitive,1.64541,1.63098,-0.375886,-0.442445
0.9,0.2,0.7,0.0,antifragile,0.311535,0.682929,0.236592,0.581805
0.9,0.2,0.7,0.1,antifragile,0.46963,0.845754,0.113446,0.486356
0.9,0.2,0.7,0.2,antifragile,0.542379,0.786307,0.013754,0.469826
0.9,0.2,0.7,0.3,antifragile,0.63679,0.92748,0.09653,0.2605
0.9,0.2,0.7,0.4,antifragile,0.743279,1.033913,0.013086,0.171205
0.9,0.2,0.7,0.5,antifragile,0.925359,1.106788,0.001838,0.152847
0.9,0.2,0.7,0.6,antifragile,1.053481,1.242653,-0.08813,0.12311
0.9,0.2,0.7,0.7,antifragile,1.091336,1.279307,-0.133101,-0.137175
0.9,0.2,0.7,0.8,antifragile,1.194576,1.434833,-0.193093,-0.01957
0.9,0.2,0.7,0.9,antifragile,1.222966,1.47084,-0.239377,-0.144096
0.9,0.2,0.7,1.0,antifragile,1.477625,1.591698,-0.276089,-0.334923
0.9,0.2,0.8,0.0,unification,0.267499,0.586193,0.251898,0.696312
0.9,0.2,0.8,0.1,antifragile,0.344371,0.627517,0.173455,0.549666
0.9,0.2,0.8,0.2,antifragile,0.438623,0.814505,0.202445,0.58933
0.9,0.2,0.8,0.3,antifragile,0.514649,0.920321,0.12067,0.543776
0.9,0.2,0.8,0.4,antifragile,0.689705,0.97192,0.133715,0.369853
0.9,0.2,0.8,0.5,antifragile,0.786003,1.124697,0.155519,0.320909
0.9,0.2,0.8,0.6,antifragile,0.907555,1.278833,0.064105,0.135114
0.9,0.2,0.8,0.7,antifragile,1.027746,1.274162,-0.02707,0.120719
0.9,0.2,0.8,0.8,antifragile,1.041049,1.460156,-0.009403,-0.07207
0.9,0.2,0.8,0.9,antifragile,1.275004,1.497163,-0.006735,0.021202
0.9,0.2,0.8,1.0,antifragile,1.449627,1.556111,-0.092959,-0.174019
0.9,0.2,0.9,0.0,unification,0.213921,0.476928,0.30123,0.803306
0.9,0.2,0.9,0.1,unification,0.271989,0.688174,0.388718,0.707496
0.9,0.2,0.9,0.2,antifragile,0.320392,0.755623,0.254697,0.682661
0.9,0.2,0.9,0.3,antifragile,0.57125,0.94175,0.299472,0.541522
0.9,0.2,0.9,0.4,antifragile,0.596913,0.986231,0.166469,0.451127
0.9,0.2,0.9,0.5,antifragile,0.733724,0.991778,0.21963,0.379924
0.9,0.2,0.9,0.6,antifragile,0.852028,1.165341,0.187709,0.208591
0.9,0.2,0.9,0.7,antifragile,0.998022,1.311905,0.099061,0.256065
0.9,0.2,0.9,0.8,antifragile,1.074819,1.299945,0.047707,0.189501
0.9,0.2,0.9,0.9,antifragile,1.065619,1.463552,0.009353,0.091367
0.9,0.2,0.9,1.0,antifragile,1.201404,1.497817,-0.104807,-0.095344
0.9,0.2,1.0,0.0,unification,0.116545,0.520556,0.416881,1.004531
0.9,0.2,1.0,0.1,unification,0.167826,0.693186,0.357531,0.847687
0.9,0.2,1.0,0.2,unification,0.249716,0.767395,0.359654,0.816556
0.9,0.2,1.0,0.3,antifragile,0.412643,0.737702,0.316796,0.618229
0.9,0.2,1.0,0.4,antifragile,0.532325,0.957759,0.322945,0.603857
0.9,0.2,1.0,0.5,antifragile,0.543395,1.035479,0.270357,0.515873
0.9,0.2,1.0,0.6,antifragile,0.739274,1.025604,0.213312,0.434581
0.9,0.2,1.0,0.7,antifragile,0.784364,1.241414,0.145287,0.366456
0.9,0.2,1.0,0.8,antifragile,0.979402,1.32644,0.062961,0.250795
0.9,0.2,1.0,0.9,antifragile,1.171473,1.474777,0.131726,0.198716
0.9,0.2,1.0,1.0,antifragile,1.125597,1.491886,0.028878,0.095765
0.9,0.3,0.0,0.0,antifragile,0.827676,0.992725,-0.419324,-0.137145
0.9,0.3,0.0,0.1,antifragile,1.053811,1.156342,-0.337489,-0.290999
0.9,0.3,0.0,0.2,antifragile,1.126017,1.162991,-0.369512,-0.409152
0.9,0.3,0.0,0.3,competitive,1.257927,1.229967,-0.455409,-0.516242
0.9,0.3,0.0,0.4,competitive,1.463446,1.366602,-0.417031,-0.525749
0.9,0.3,0.0,0.5,competitive,1.484499,1.367386,-0.47503,-0.59285
0.9,0.3,0.0,0.6,antifragile,1.508623,1.509778,-0.545638,-0.728198
0.9,0.3,0.0,0.7,competitive,1.643057,1.524657,-0.51186,-0.696884
0.9,0.3,0.0,0.8,antifragile,1.733684,1.7605,-0.606601,-0.86051
0.9,0.3,0.0,0.9,competitive,1.825235,1.772113,-0.618359,-0.993767
0.9,0.3,0.0,1.0,competitive,1.962916,1.869594,-0.855364,-1.013586
0.9,0.3,0.1,0.0,antifragile,0.841848,0.928229,-0.152858,-0.077201
0.9,0.3,0.1,0.1,competitive,1.010559,0.962761,-0.251224,-0.156161
0.9,0.3,0.1,0.2,antifragile,1.039315,1.088021,-0.285147,-0.258924
0.9,0.3,0.1,0.3,competitive,1.118075,1.083286,-0.279878,-0.361099
0.9,0.3,0.1,0.4,antifragile,1.225467,1.237012,-0.331516,-0.422169
0.9,0.3,0.1,0.5,antifragile,1.237839,1.399038,-0.437362,-0.481168
0.9,0.3,0.1,0.6,competitive,1.511609,1.430622,-0.442544,-0.603583
0.9,0.3,0.1,0.7,competitive,1.629334,1.578948,-0.481154,-0.712045
0.9,0.3,0.1,0.8,competitive,1.72751,1.713854,-0.558307,-0.727306
0.9,0.3,0.1,0.9,antifragile,1.8294,1.875899,-0.540444,-0.82002
0.9,0.3,0.1,1.0,competitive,1.902217,1.85519,-0.561635,-0.949102
0.9,0.3,0.2,0.0,antifragile,0.766634,0.797938,-0.081683,0.11724
0.9,0.3,0.2,0.1,antifragile,0.870309,0.983519,-0.135255,-0.03501
0.9,0.3,0.2,0.2,antifragile,0.883752,1.077486,-0.191551,-0.053816
0.9,0.3,0.2,0.3,antifragile,1.042936,1.167948,-0.220629,-0.15638
0.9,0.3,0.2,0.4,competitive,1.20743,1.207313,-0.239915,-0.279028
0.9,0.3,0.2,0.5,antifragile,1.302131,1.423924,-0.420419,-0.294277
0.9,0.3,0.2,0.6,antifragile,1.374081,1.402227,-0.376876,-0.491571
0.9,0.3,0.2,0.7,competitive,1.515375,1.48826,-0.334784,-0.490404
0.9,0.3,0.2,0.8,competitive,1.611358,1.533193,-0.501128,-0.614008
0.9,0.3,0.2,0.9,antifragile,1.708716,1.77699,-0.620627,-0.732959
0.9,0.3,0.2,1.0,competitive,1.861854,1.808139,-0.538366,-0.860612
0.9,0.3,0.3,0.0,antifragile,0.682926,0.815752,0.024685,0.268288
0.9,0.3,0.3,0.1,antifragile,0.805857,0.933379,-0.094209,0.082385
0.9,0.3,0.3,0.2,antifragile,0.948417,1.019405,-0.057342,0.04912
0.9,0.3,0.3,0.3,antifragile,0.939423,1.112348,-0.09083,-0.058437
0.9,0.3,0.3,0.4,antifragile,1.047309,1.179656,-0.173997,-0.170823
0.9,0.3,0.3,0.5,antifragile,1.209694,1.442207,-0.204095,-0.139795
0.9,0.3,0.3,0.6,antifragile,1.254258,1.444199,-0.207218,-0.246009
0.9,0.3,0.3,0.7,antifragile,1.463964,1.505829,-0.265504,-0.450879
0.9,0.3,0.3,0.8,competitive,1.590356,1.552392,-0.287293,-0.432822
0.9,0.3,0.3,0.9,antifragile,1.67186,1.798279,-0.33738,-0.636329
0.9,0.3,0.3,1.0,competitive,1.759493,1.695532,-0.434556,-0.676121
0.9,0.3,0.4,0.0,antifragile,0.571892,0.76385,0.01535,0.34506
0.9,0.3,0.4,0.1,antifragile,0.708738,0.900131,0.131152,0.217837
0.9,0.3,0.4,0.2,antifragile,0.793987,1.012063,-0.042138,0.21557
0.9,0.3,0.4,0.3,antifragile,0.825484,0.986208,-0.071306,0.052156
0.9,0.3,0.4,0.4,antifragile,1.033142,1.122512,-0.078815,0.000133
0.9,0.3,0.4,0.5,antifragile,1.10614,1.332204,-0.146173,-0.102391
0.9,0.3,0.4,0.6,antifragile,1.222514,1.369902,-0.252664,-0.210524
0.9,0.3,0.4,0.7,antifragile,1.297052,1.44188,-0.240825,-0.26602
0.9,0.3,0.4,0.8,antifragile,1.406303,1.607699,-0.221521,-0.478939
0.9,0.3,0.4,0.9,antifragile,1.458342,1.539763,-0.318691,-0.4618
0.9,0.3,0.4,1.0,antifragile,1.647549,1.797126,-0.347137,-0.560144
0.9,0.3,0.5,0.0,antifragile,0.449784,0.745305,0.066133,0.49289
0.9,0.3,0.5,0.1,antifragile,0.581228,0.937446,0.038148,0.279262
0.9,0.3,0.5,0.2,antifragile,0.623202,0.979943,0.102948,0.289314
0.9,0.3,0.5,0.3,antifragile,0.787181,1.097727,-0.002971,0.242822
0.9,0.3,0.5,0.4,antifragile,0.989251,1.096862,-0.032703,0.035508
0.9,0.3,0.5,0.5,antifragile,0.951741,1.264627,-0.144281,-0.018979
0.9,0.3,0.5,0.6,antifragile,1.162681,1.351172,-0.0616,-0.129678
0.9,0.3,0.5,0.7,antifragile,1.223386,1.529336,-0.173095,-0.174401
0.9,0.3,0.5,0.8,antifragile,1.359085,1.485008,-0.144137,-0.324833
0.9,0.3,0.5,0.9,antifragile,1.318718,1.640722,-0.268991,-0.348287
0.9,0.3,0.5,1.0,antifragile,1.593831,1.751211,-0.321366,-0.379014
0.9,0.3,0.6,0.0,antifragile,0.344989,0.755855,0.223992,0.494827
0.9,0.3,0.6,0.1,antifragile,0.434344,0.709395,0.194259,0.504845
0.9,0.3,0.6,0.2,antifragile,0.544779,0.919215,0.096297,0.46282
0.9,0.3,0.6,0.3,antifragile,0.625702,1.004448,0.040086,0.326741
0.9,0.3,0.6,0.4,antifragile,0.85191,1.011201,0.097701,0.311577
0.9,0.3,0.6,0.5,antifragile,0.916448,1.176262,0.023096,0.117719
0.9,0.3,0.6,0.6,antifragile,1.118215,1.34675,0.030023,0.167752
0.9,0.3,0.6,0.7,antifragile,1.197227,1.39393,-0.053732,0.092989
0.9,0.3,0.6,0.8,antifragile,1.203036,1.486419,-0.145645,-0.200913
0.9,0.3,0.6,0.9,antifragile,1.306012,1.546993,-0.166255,-0.164387
0.9,0.3,0.6,1.0,antifragile,1.459405,1.73555,-0.167452,-0.271047
0.9,0.3,0.7,0.0,antifragile,0.255432,0.797348,0.288831,0.740834
0.9,0.3,0.7,0.1,antifragile,0.32089,0.782827,0.370378,0.644252
0.9,0.3,0.7,0.2,antifragile,0.420014,0.838407,0.310107,0.529417
0.9,0.3,0.7,0.3,antifragile,0.586238,0.946048,0.17413,0.510694
0.9,0.3,0.7,0.4,antifragile,0.674999,1.0499,0.179977,0.303015
0.9,0.3,0.7,0.5,antifragile,0.773251,1.175315,0.111568,0.229539
0.9,0.3,0.7,0.6,antifragile,0.953659,1.280941,-0.028676,0.224025
0.9,0.3,0.7,0.7,antifragile,1.011521,1.405303,0.133985,0.096646
0.9,0.3,0.7,0.8,antifragile,1.117757,1.52894,-0.051956,0.109622
0.9,0.3,0.7,0.9,antifragile,1.236822,1.523654,0.068294,-0.051849
0.9,0.3,0.7,1.0,antifragile,1.451098,1.648689,-0.094868,-0.30126
0.9,0.3,0.8,0.0,unification,0.230585,0.684263,0.38941,0.849595
0.9,0.3,0.8,0.1,unification,0.291914,0.71283,0.373132,0.725465
0.9,0.3,0.8,0.2,antifragile,0.437053,0.840986,0.291567,0.62279
0.9,0.3,0.8,0.3,antifragile,0.465801,0.923872,0.296595,0.527516
0.9,0.3,0.8,0.4,antifragile,0.561229,1.08447,0.228092,0.518401
0.9,0.3,0.8,0.5,antifragile,0.718986,1.111412,0.107839,0.338503
0.9,0.3,0.8,0.6,antifragile,0.796368,1.249047,0.149551,0.258725
0.9,0.3,0.8,0.7,antifragile,0.810963,1.35313,0.158869,0.273234
0.9,0.3,0.8,0.8,antifragile,1.01176,1.476341,0.103301,0.168061
0.9,0.3,0.8,0.9,antifragile,1.139531,1.513363,0.126576,0.138867
0.9,0.3,0.8,1.0,antifragile,1.277586,1.624585,-0.11475,0.030198
0.9,0.3,0.9,0.0,unification,0.127281,0.647254,0.44988,0.948321
0.9,0.3,0.9,0.1,unification,0.273288,0.743098,0.571583,0.900574
0.9,0.3,0.9,0.2,unification,0.264061,0.79946,0.36451,0.817885
0.9,0.3,0.9,0.3,antifragile,0.477678,1.000814,0.343381,0.7134
0.9,0.3,0.9,0.4,antifragile,0.594021,1.087492,0.258474,0.636006
0.9,0.3,0.9,0.5,antifragile,0.580348,1.074912,0.21466,0.488953
0.9,0.3,0.9,0.6,antifragile,0.677515,1.140902,0.194771,0.450155
0.9,0.3,0.9,0.7,antifragile,0.861695,1.212799,0.33707,0.325574
0.9,0.3,0.9,0.8,antifragile,0.903537,1.419128,0.159771,0.224368
0.9,0.3,0.9,0.9,antifragile,1.099531,1.451379,0.105215,0.253281
0.9,0.3,0.9,1.0,antifragile,1.196177,1.610706,0.053894,0.10266
0.9,0.3,1.0,0.0,unification,-0.038541,0.554246,0.544381,1.035275
0.9,0.3,1.0,0.1,unification,0.161902,0.718957,0.410385,1.071209
0.9,0.3,1.0,0.2,antifragile,0.252057,0.84223,0.476453,0.825297
0.9,0.3,1.0,0.3,antifragile,0.263798,0.965362,0.363636,0.742719
0.9,0.3,1.0,0.4,antifragile,0.418359,0.905761,0.431657,0.76054
0.9,0.3,1.0,0.5,antifragile,0.570684,1.039292,0.379438,0.734179
0.9,0.3,1.0,0.6,antifragile,0.5883,1.220834,0.365399,0.554737
0.9,0.3,1.0,0.7,antifragile,0.778319,1.277836,0.236174,0.393386
0.9,0.3,1.0,0.8,antifragile,0.925326,1.292754,0.190343,0.364221
0.9,0.3,1.0,0.9,antifragile,1.004225,1.425032,0.168801,0.352638
0.9,0.3,1.0,1.0,antifragile,1.083339,1.505075,0.184731,0.222929
0.9,0.4,0.0,0.0,antifragile,0.826436,1.012172,-0.176872,-0.017764
0.9,0.4,0.0,0.1,antifragile,0.86358,1.147064,-0.25566,-0.226832
0.9,0.4,0.0,0.2,antifragile,1.005584,1.162524,-0.286749,-0.278258
0.9,0.4,0.0,0.3,antifragile,1.205529,1.231468,-0.40289,-0.332522
0.9,0.4,0.0,0.4,competitive,1.36727,1.316798,-0.374982,-0.420184
0.9,0.4,0.0,0.5,competitive,1.452211,1.447024,-0.421167,-0.466846
0.9,0.4,0.0,0.6,antifragile,1.499432,1.584333,-0.463116,-0.598224
0.9,0.4,0.0,0.7,antifragile,1.651283,1.675451,-0.409566,-0.657705
0.9,0.4,0.0,0.8,antifragile,1.757819,1.764658,-0.516177,-0.702727
0.9,0.4,0.0,0.9,antifragile,1.771247,1.922178,-0.479594,-0.839635
0.9,0.4,0.0,1.0,antifragile,1.915751,1.946618,-0.578643,-0.84405
0.9,0.4,0.1,0.0,antifragile,0.708062,0.879873,-0.097933,0.102627
0.9,0.4,0.1,0.1,antifragile,0.895734,1.055691,-0.156692,-0.022204
0.9,0.4,0.1,0.2,antifragile,0.922242,1.029736,-0.207602,-0.07948
0.9,0.4,0.1,0.3,antifragile,1.051467,1.224573,-0.149658,-0.238199
0.9,0.4,0.1,0.4,antifragile,1.131689,1.351547,-0.280592,-0.310841
0.9,0.4,0.1,0.5,antifragile,1.362462,1.376398,-0.321625,-0.338055
0.9,0.4,0.1,0.6,antifragile,1.392555,1.456327,-0.235799,-0.484713
0.9,0.4,0.1,0.7,antifragile,1.492724,1.641841,-0.256882,-0.550487
0.9,0.4,0.1,0.8,antifragile,1.569029,1.739886,-0.300593,-0.608202
0.9,0.4,0.1,0.9,antifragile,1.710727,1.829565,-0.548769,-0.730751
0.9,0.4,0.1,1.0,antifragile,1.743734,1.887,-0.510649,-0.916877
0.9,0.4,0.2,0.0,antifragile,0.653962,0.950905,-0.00967,0.11358
0.9,0.4,0.2,0.1,antifragile,0.818262,1.109858,-0.01999,0.087293
0.9,0.4,0.2,0.2,antifragile,0.847945,1.131667,-0.0755,0.041776
0.9,0.4,0.2,0.3,antifragile,0.997497,1.168091,-0.161143,-0.079019
0.9,0.4,0.2,0.4,antifragile,1.108376,1.22203,-0.171433,-0.1518
0.9,0.4,0.2,0.5,antifragile,1.170662,1.465136,-0.138398,-0.214222
0.9,0.4,0.2,0.6,antifragile,1.39352,1.533917,-0.233294,-0.343847
0.9,0.4,0.2,0.7,antifragile,1.395238,1.604026,-0.29859,-0.480847
0.9,0.4,0.2,0.8,antifragile,1.505966,1.73138,-0.448704,-0.419847
0.9,0.4,0.2,0.9,antifragile,1.663703,1.763279,-0.345617,-0.526945
0.9,0.4,0.2,1.0,antifragile,1.74667,1.917432,-0.357459,-0.651242
0.9,0.4,0.3,0.0,antifragile,0.499464,0.880112,-0.017066,0.337285
0.9,0.4,0.3,0.1,antifragile,0.644015,0.949236,0.077775,0.166479
0.9,0.4,0.3,0.2,antifragile,0.780606,1.05801,-0.004021,0.159214
0.9,0.4,0.3,0.3,antifragile,0.976172,1.189925,0.032914,0.129774
0.9,0.4,0.3,0.4,antifragile,1.033484,1.172805,-0.086983,-0.079532
0.9,0.4,0.3,0.5,antifragile,1.248183,1.309811,-0.189862,-0.248519
0.9,0.4,0.3,0.6,antifragile,1.163187,1.461142,-0.100638,-0.248509
0.9,0.4,0.3,0.7,antifragile,1.383574,1.546815,-0.219271,-0.271358
0.9,0.4,0.3,0.8,antifragile,1.505879,1.647555,-0.290413,-0.343793
0.9,0.4,0.3,0.9,antifragile,1.565407,1.730486,-0.223923,-0.564457
0.9,0.4,0.3,1.0,antifragile,1.672854,1.874217,-0.387441,-0.609163
0.9,0.4,0.4,0.0,antifragile,0.514906,0.908723,0.237988,0.405351
0.9,0.4,0.4,0.1,antifragile,0.585053,0.961663,0.04464,0.362863
0.9,0.4,0.4,0.2,antifragile,0.691935,1.077266,0.061422,0.332522
0.9,0.4,0.4,0.3,antifragile,0.799017,1.220486,0.08733,0.198885
0.9,0.4,0.4,0.4,antifragile,0.845905,1.164,0.090043,0.143886
0.9,0.4,0.4,0.5,antifragile,1.000746,1.30416,-0.018906,-0.052259
0.9,0.4,0.4,0.6,antifragile,1.101616,1.450627,-0.032685,-0.088405
0.9,0.4,0.4,0.7,antifragile,1.315012,1.567249,-0.148438,-0.218791
0.9,0.4,0.4,0.8,antifragile,1.374728,1.587496,-0.182002,-0.228855
0.9,0.4,0.4,0.9,antifragile,1.490969,1.744596,-0.187241,-0.439695
0.9,0.4,0.4,1.0,antifragile,1.612721,1.759696,-0.214581,-0.416108
0.9,0.4,0.5,0.0,antifragile,0.487203,0.917895,0.232026,0.497768
0.9,0.4,0.5,0.1,antifragile,0.421679,0.923578,0.188013,0.424444
0.9,0.4,0.5,0.2,antifragile,0.568816,1.02756,0.171087,0.370881
0.9,0.4,0.5,0.3,antifragile,0.687156,1.091903,0.146131,0.324064
0.9,0.4,0.5,0.4,antifragile,0.73258,1.203335,0.076897,0.17431
0.9,0.4,0.5,0.5,antifragile,0.906364,1.347807,0.095431,0.14486
0.9,0.4,0.5,0.6,antifragile,0.990145,1.317019,-0.032091,0.05561
0.9,0.4,0.5,0.7,antifragile,1.146664,1.447432,0.01889,-0.010775
0.9,0.4,0.5,0.8,antifragile,1.122436,1.580459,-0.027226,-0.104878
0.9,0.4,0.5,0.9,antifragile,1.394075,1.656826,-0.108263,-0.202218
0.9,0.4,0.5,1.0,antifragile,1.484204,1.736045,-0.090376,-0.213861
0.9,0.4,0.6,0.0,antifragile,0.258449,0.721565,0.272737,0.710248
0.9,0.4,0.6,0.1,antifragile,0.424392,0.895459,0.324758,0.576581
0.9,0.4,0.6,0.2,antifragile,0.405492,0.945136,0.342693,0.53324
0.9,0.4,0.6,0.3,antifragile,0.636227,1.110237,0.177996,0.446174
0.9,0.4,0.6,0.4,antifragile,0.75061,1.113374,0.198193,0.414768
0.9,0.4,0.6,0.5,antifragile,0.814965,1.168882,0.14863,0.232173
0.9,0.4,0.6,0.6,antifragile,0.954054,1.307893,0.103049,0.241361
0.9,0.4,0.6,0.7,antifragile,1.05361,1.362542,0.078786,0.095995
0.9,0.4,0.6,0.8,antifragile,1.175661,1.58866,-0.006253,-0.004402
0.9,0.4,0.6,0.9,antifragile,1.223529,1.644668,-0.011643,-0.087986
0.9,0.4,0.6,1.0,antifragile,1.422354,1.678165,-0.053652,-0.129944
0.9,0.4,0.7,0.0,unification,0.167897,0.676323,0.340232,0.822766
0.9,0.4,0.7,0.1,antifragile,0.389701,0.809514,0.407566,0.608733
0.9,0.4,0.7,0.2,antifragile,0.433664,0.88058,0.325334,0.648943
0.9,0.4,0.7,0.3,antifragile,0.441961,1.187282,0.274734,0.59035
0.9,0.4,0.7,0.4,antifragile,0.709633,1.13966,0.203614,0.480135
0.9,0.4,0.7,0.5,antifragile,0.653118,1.203451,0.308845,0.31944
0.9,0.4,0.7,0.6,antifragile,0.813791,1.40768,0.176288,0.260315
0.9,0.4,0.7,0.7,antifragile,0.98446,1.38656,0.009201,0.151977
0.9,0.4,0.7,0.8,antifragile,1.17785,1.521407,0.178184,0.08354
0.9,0.4,0.7,0.9,antifragile,1.182248,1.591555,0.037635,0.060512
0.9,0.4,0.7,1.0,antifragile,1.239262,1.755474,0.048363,-0.043705
0.9,0.4,0.8,0.0,unification,0.111664,0.694882,0.423823,0.890466
0.9,0.4,0.8,0.1,unification,0.205996,0.78736,0.502379,0.883018
0.9,0.4,0.8,0.2,antifragile,0.297008,0.852151,0.467741,0.779465
0.9,0.4,0.8,0.3,antifragile,0.40392,0.937902,0.356208,0.704598
0.9,0.4,0.8,0.4,antifragile,0.62934,1.079404,0.30835,0.70786
0.9,0.4,0.8,0.5,antifragile,0.636405,1.145295,0.289635,0.492144
0.9,0.4,0.8,0.6,antifragile,0.828528,1.196313,0.299726,0.429452
0.9,0.4,0.8,0.7,antifragile,0.847165,1.358204,0.217466,0.349404
0.9,0.4,0.8,0.8,antifragile,0.962434,1.466725,0.151133,0.369096
0.9,0.4,0.8,0.9,antifragile,1.145463,1.589428,0.127809,0.216073
0.9,0.4,0.8,1.0,antifragile,1.219964,1.665953,0.083349,0.103729
0.9,0.4,0.9,0.0,unification,0.099178,0.679034,0.581816,1.069962
0.9,0.4,0.9,0.1,unification,0.127189,0.742643,0.51794,1.019663
0.9,0.4,0.9,0.2,antifragile,0.295267,0.978292,0.537913,0.900835
0.9,0.4,0.9,0.3,antifragile,0.390089,0.914599,0.507129,0.861938
0.9,0.4,0.9,0.4,antifragile,0.506211,1.138364,0.405079,0.700383
0.9,0.4,0.9,0.5,antifragile,0.554242,1.094222,0.42192,0.673758
0.9,0.4,0.9,0.6,antifragile,0.703078,1.252469,0.405291,0.583759
0.9,0.4,0.9,0.7,antifragile,0.754874,1.192503,0.298458,0.471953
0.9,0.4,0.9,0.8,antifragile,0.897368,1.426039,0.248159,0.34266
0.9,0.4,0.9,0.9,antifragile,0.953352,1.551748,0.289414,0.237438
0.9,0.4,0.9,1.0,antifragile,1.111935,1.664436,0.185556,0.2508
0.9,0.4,1.0,0.0,unification,-0.021083,0.65972,0.655216,1.255753
0.9,0.4,1.0,0.1,unification,0.021627,0.721628,0.665744,1.089926
0.9,0.4,1.0,0.2,unification,0.133809,0.811313,0.590967,1.029848
0.9,0.4,1.0,0.3,antifragile,0.156365,0.920104,0.471752,0.91467
0.9,0.4,1.0,0.4,antifragile,0.381906,1.003627,0.555148,0.867381
0.9,0.4,1.0,0.5,antifragile,0.367196,1.174897,0.492485,0.736539
0.9,0.4,1.0,0.6,antifragile,0.56151,1.105767,0.45089,0.71256
0.9,0.4,1.0,0.7,antifragile,0.661,1.259752,0.407026,0.654733
0.9,0.4,1.0,0.8,antifragile,0.859541,1.441446,0.461007,0.556217
0.9,0.4,1.0,0.9,antifragile,0.972833,1.499354,0.302666,0.481734
0.9,0.4,1.0,1.0,antifragile,0.975948,1.611189,0.249604,0.356963
0.9,0.5,0.0,0.0,antifragile,0.763395,1.043149,-0.055886,0.086627
0.9,0.5,0.0,0.1,antifragile,0.89464,1.060055,-0.097268,-0.045904
0.9,0.5,0.0,0.2,antifragile,0.979706,1.204194,-0.071245,-0.113413
0.9,0.5,0.0,0.3,antifragile,1.129327,1.272392,-0.189037,-0.225735
0.9,0.5,0.0,0.4,antifragile,1.209684,1.355751,-0.300442,-0.31128
0.9,0.5,0.0,0.5,antifragile,1.328055,1.469513,-0.241721,-0.397366
0.9,0.5,0.0,0.6,antifragile,1.322358,1.647597,-0.262532,-0.451991
0.9,0.5,0.0,0.7,antifragile,1.522145,1.689624,-0.386629,-0.4697
0.9,0.5,0.0,0.8,antifragile,1.624969,1.813082,-0.399941,-0.597856
0.9,0.5,0.0,0.9,antifragile,1.797258,1.898331,-0.396972,-0.6611
0.9,0.5,0.0,1.0,antifragile,1.885367,2.037207,-0.438957,-0.773984
0.9,0.5,0.1,0.0,antifragile,0.671968,1.043238,0.008413,0.211528
0.9,0.5,0.1,0.1,antifragile,0.884872,1.112948,-0.069858,0.085492
0.9,0.5,0.1,0.2,antifragile,0.91104,1.15647,-0.098895,-0.053963
0.9,0.5,0.1,0.3,antifragile,0.979586,1.365585,-0.11656,-0.026208
0.9,0.5,0.1,0.4,antifragile,1.086048,1.360636,-0.104152,-0.231685
0.9,0.5,0.1,0.5,antifragile,1.293468,1.501866,-0.117429,-0.252894
0.9,0.5,0.1,0.6,antifragile,1.344819,1.61664,-0.214535,-0.36866
0.9,0.5,0.1,0.7,antifragile,1.382844,1.643859,-0.238651,-0.418141
0.9,0.5,0.1,0.8,antifragile,1.515529,1.793901,-0.313053,-0.52488
0.9,0.5,0.1,0.9,antifragile,1.696969,1.882528,-0.391251,-0.646542
0.9,0.5,0.1,1.0,antifragile,1.704613,1.948469,-0.311078,-0.592631
0.9,0.5,0.2,0.0,antifragile,0.607525,1.060644,0.125081,0.365451
0.9,0.5,0.2,0.1,antifragile,0.65144,0.982195,0.059567,0.218743
0.9,0.5,0.2,0.2,antifragile,0.919243,1.154978,-0.01589,0.188232
0.9,0.5,0.2,0.3,antifragile,0.862021,1.257177,0.038864,0.008418
0.9,0.5,0.2,0.4,antifragile,1.085873,1.40134,-0.027336,0.057584
0.9,0.5,0.2,0.5,antifragile,1.100888,1.479708,-0.071059,-0.146892
0.9,0.5,0.2,0.6,antifragile,1.199611,1.636554,-0.072034,-0.155525
0.9,0.5,0.2,0.7,antifragile,1.308737,1.665397,-0.183402,-0.200098
0.9,0.5,0.2,0.8,antifragile,1.510645,1.770966,-0.164111,-0.374389
0.9,0.5,0.2,0.9,antifragile,1.584359,1.897067,-0.221667,-0.497036
0.9,0.5,0.2,1.0,antifragile,1.732747,1.881029,-0.286478,-0.563684
0.9,0.5,0.3,0.0,antifragile,0.349551,0.938764,0.308639,0.450999
0.9,0.5,0.3,0.1,antifragile,0.738165,1.017339,0.171072,0.344788
0.9,0.5,0.3,0.2,antifragile,0.703017,1.1385,0.195515,0.223058
0.9,0.5,0.3,0.3,antifragile,0.810436,1.245787,0.144004,0.072111
0.9,0.5,0.3,0.4,antifragile,0.850081,1.312031,0.095965,0.070967
0.9,0.5,0.3,0.5,antifragile,1.063448,1.503893,0.000517,-0.001408
0.9,0.5,0.3,0.6,antifragile,1.163593,1.509001,-0.027238,-0.084043
0.9,0.5,0.3,0.7,antifragile,1.237143,1.544779,-0.049336,-0.211988
0.9,0.5,0.3,0.8,antifragile,1.319143,1.630107,-0.136308,-0.243704
0.9,0.5,0.3,0.9,antifragile,1.415015,1.771684,-0.151914,-0.408466
0.9,0.5,0.3,1.0,antifragile,1.542028,1.970232,-0.235431,-0.379579
0.9,0.5,0.4,0.0,antifragile,0.364625,0.905005,0.245135,0.464912
0.9,0.5,0.4,0.1,antifragile,0.477951,1.012092,0.278914,0.482152
0.9,0.5,0.4,0.2,antifragile,0.57113,1.131013,0.168901,0.356964
0.9,0.5,0.4,0.3,antifragile,0.670988,1.158848,0.150221,0.319666
0.9,0.5,0.4,0.4,antifragile,0.762355,1.251982,0.084971,0.241378
0.9,0.5,0.4,0.5,antifragile,0.955127,1.318525,0.109612,0.132382
0.9,0.5,0.4,0.6,antifragile,1.089659,1.432693,0.074522,0.093249
0.9,0.5,0.4,0.7,antifragile,1.163446,1.664892,0.029574,0.05314
0.9,0.5,0.4,0.8,antifragile,1.396092,1.571355,0.022583,-0.094183
0.9,0.5,0.4,0.9,antifragile,1.39217,1.716957,-0.119565,-0.257657
0.9,0.5,0.4,1.0,antifragile,1.601165,1.869369,-0.182959,-0.342631
0.9,0.5,0.5,0.0,antifragile,0.198744,0.919553,0.372264,0.710459
0.9,0.5,0.5,0.1,antifragile,0.410122,1.00239,0.310158,0.614772
0.9,0.5,0.5,0.2,antifragile,0.533702,0.991985,0.253848,0.499855
0.9,0.5,0.5,0.3,antifragile,0.64605,1.214421,0.255787,0.425614
0.9,0.5,0.5,0.4,antifragile,0.755499,1.232147,0.208865,0.420795
0.9,0.5,0.5,0.5,antifragile,0.838847,1.348097,0.137752,0.323042
0.9,0.5,0.5,0.6,antifragile,0.91443,1.426406,0.179125,0.131701
0.9,0.5,0.5,0.7,antifragile,1.113394,1.422546,0.035403,0.085291
0.9,0.5,0.5,0.8,antifragile,1.300482,1.627273,0.058338,0.062386
0.9,0.5,0.5,0.9,antifragile,1.235682,1.563334,0.096693,-0.049767
0.9,0.5,0.5,1.0,antifragile,1.377736,1.812868,0.022607,-0.171463
0.9,0.5,0.6,0.0,antifragile,0.217244,0.926767,0.392822,0.835861
0.9,0.5,0.6,0.1,antifragile,0.258899,0.998161,0.429655,0.690659
0.9,0.5,0.6,0.2,antifragile,0.354971,0.99749,0.384281,0.697922
0.9,0.5,0.6,0.3,antifragile,0.485319,1.068769,0.310148,0.516241
0.9,0.5,0.6,0.4,antifragile,0.624272,1.157741,0.315857,0.445853
0.9,0.5,0.6,0.5,antifragile,0.76054,1.315215,0.18603,0.414681
0.9,0.5,0.6,0.6,antifragile,0.880473,1.405524,0.208335,0.286521
0.9,0.5,0.6,0.7,antifragile,0.98269,1.494785,0.115991,0.293765
0.9,0.5,0.6,0.8,antifragile,1.055212,1.588335,0.19326,0.112911
0.9,0.5,0.6,0.9,antifragile,1.211849,1.570438,-0.00409,0.043721
0.9,0.5,0.6,1.0,antifragile,1.319473,1.830306,0.095058,-0.119602
0.9,0.5,0.7,0.0,unification,0.183413,0.730472,0.583139,0.912414
0.9,0.5,0.7,0.1,unification,0.36579,0.855483,0.496298,0.857915
0.9,0.5,0.7,0.2,antifragile,0.327874,0.930142,0.570205,0.734467
0.9,0.5,0.7,0.3,antifragile,0.417675,1.06953,0.429662,0.645757
0.9,0.5,0.7,0.4,antifragile,0.607674,1.177636,0.381005,0.622905
0.9,0.5,0.7,0.5,antifragile,0.62757,1.235748,0.338898,0.556496
0.9,0.5,0.7,0.6,antifragile,0.767806,1.344145,0.19458,0.390324
0.9,0.5,0.7,0.7,antifragile,0.807473,1.384927,0.278289,0.505943
0.9,0.5,0.7,0.8,antifragile,1.009712,1.566638,0.181975,0.20258
0.9,0.5,0.7,0.9,antifragile,1.212807,1.604731,0.080006,0.182278
0.9,0.5,0.7,1.0,antifragile,1.198512,1.769793,0.218381,0.10345
0.9,0.5,0.8,0.0,unification,0.041346,0.787981,0.760235,1.173925
0.9,0.5,0.8,0.1,unification,0.124202,0.89749,0.674304,1.009672
0.9,0.5,0.8,0.2,antifragile,0.246683,0.920108,0.549931,0.833009
0.9,0.5,0.8,0.3,antifragile,0.404767,1.109546,0.485153,0.782473
0.9,0.5,0.8,0.4,antifragile,0.417193,1.158347,0.464456,0.64783
0.9,0.5,0.8,0.5,antifragile,0.725746,1.141085,0.35301,0.681976
0.9,0.5,0.8,0.6,antifragile,0.722855,1.289285,0.346064,0.572894
0.9,0.5,0.8,0.7,antifragile,0.818906,1.384805,0.394693,0.493593
0.9,0.5,0.8,0.8,antifragile,0.976824,1.512509,0.34551,0.368586
0.9,0.5,0.8,0.9,antifragile,1.047054,1.627891,0.307405,0.320975
0.9,0.5,0.8,1.0,antifragile,1.035558,1.673673,0.229159,0.233319
0.9,0.5,0.9,0.0,unification,-0.018757,0.747434,0.674765,1.230906
0.9,0.5,0.9,0.1,unification,0.009548,0.878163,0.736499,1.099495
0.9,0.5,0.9,0.2,unification,0.127599,0.875198,0.5753,0.968869
0.9,0.5,0.9,0.3,antifragile,0.260977,0.977029,0.509505,0.905821
0.9,0.5,0.9,0.4,antifragile,0.384645,1.083044,0.505254,0.725441
0.9,0.5,0.9,0.5,antifragile,0.547272,1.193019,0.526035,0.769041
0.9,0.5,0.9,0.6,antifragile,0.624868,1.302029,0.47493,0.713165
0.9,0.5,0.9,0.7,antifragile,0.758894,1.454165,0.388404,0.602472
0.9,0.5,0.9,0.8,antifragile,0.739731,1.45593,0.380151,0.542045
0.9,0.5,0.9,0.9,antifragile,0.92411,1.60864,0.332745,0.391115
0.9,0.5,0.9,1.0,antifragile,0.999893,1.704536,0.29108,0.213675
0.9,0.5,1.0,0.0,unification,-0.118213,0.638537,0.80466,1.253544
0.9,0.5,1.0,0.1,unification,-0.039263,0.636479,0.753316,1.181242
0.9,0.5,1.0,0.2,unification,0.006613,0.913209,0.709066,1.127795
0.9,0.5,1.0,0.3,unification,0.143785,1.014728,0.653263,1.129387
0.9,0.5,1.0,0.4,antifragile,0.351478,1.136265,0.683401,0.939687
0.9,0.5,1.0,0.5,antifragile,0.402622,1.149847,0.636908,0.88447
0.9,0.5,1.0,0.6,antifragile,0.497838,1.337901,0.538629,0.768778
0.9,0.5,1.0,0.7,antifragile,0.599903,1.403562,0.524389,0.737923
0.9,0.5,1.0,0.8,antifragile,0.7418,1.335355,0.421559,0.616062
0.9,0.5,1.0,0.9,antifragile,0.855737,1.490785,0.384243,0.529385
0.9,0.5,1.0,1.0,antifragile,1.016314,1.527357,0.262422,0.546767
0.9,0.6,0.0,0.0,antifragile,0.598481,1.059734,-0.015038,0.164872
0.9,0.6,0.0,0.1,antifragile,0.778194,1.255533,0.056034,0.030844
0.9,0.6,0.0,0.2,antifragile,0.799601,1.294984,-0.045981,-0.026155
0.9,0.6,0.0,0.3,antifragile,1.064239,1.277178,-0.078316,-0.043461
0.9,0.6,0.0,0.4,antifragile,1.055985,1.524905,-0.150583,-0.163521
0.9,0.6,0.0,0.5,antifragile,1.190335,1.417994,-0.161029,-0.205386
0.9,0.6,0.0,0.6,antifragile,1.283273,1.61859,-0.205823,-0.303197
0.9,0.6,0.0,0.7,antifragile,1.427013,1.746158,-0.218188,-0.441171
0.9,0.6,0.0,0.8,antifragile,1.639481,1.788735,-0.224852,-0.43621
0.9,0.6,0.0,0.9,antifragile,1.658085,1.938042,-0.273482,-0.603563
0.9,0.6,0.0,1.0,antifragile,1.680195,2.017531,-0.25771,-0.641558
0.9,0.6,0.1,0.0,antifragile,0.588857,1.082812,0.13778,0.306474
0.9,0.6,0.1,0.1,antifragile,0.673439,1.163875,0.078193,0.204236
0.9,0.6,0.1,0.2,antifragile,0.848949,1.225285,0.093263,0.167397
0.9,0.6,0.1,0.3,antifragile,0.911165,1.312524,-0.040988,-0.004819
0.9,0.6,0.1,0.4,antifragile,1.055455,1.454531,-0.064493,-0.01518
0.9,0.6,0.1,0.5,antifragile,1.145817,1.566776,0.053275,-0.091259
0.9,0.6,0.1,0.6,antifragile,1.21046,1.652169,-0.147097,-0.09393
0.9,0.6,0.1,0.7,antifragile,1.293681,1.731926,-0.134907,-0.310684
0.9,0.6,0.1,0.8,antifragile,1.44117,1.87309,-0.146677,-0.382618
0.9,0.6,0.1,0.9,antifragile,1.66161,1.894066,-0.178256,-0.52702
0.9,0.6,0.1,1.0,antifragile,1.620651,2.030488,-0.239597,-0.437663
0.9,0.6,0.2,0.0,antifragile,0.459734,1.043786,0.217713,0.472411
0.9,0.6,0.2,0.1,antifragile,0.64344,1.103624,0.152973,0.328039
0.9,0.6,0.2,0.2,antifragile,0.659361,1.218239,0.009556,0.230944
0.9,0.6,0.2,0.3,antifragile,0.870205,1.339009,0.029395,0.204145
0.9,0.6,0.2,0.4,antifragile,0.877941,1.371084,0.108298,0.041243
0.9,0.6,0.2,0.5,antifragile,1.116347,1.497845,0.053135,0.058861
0.9,0.6,0.2,0.6,antifragile,1.199524,1.620161,-0.042887,-0.135546
0.9,0.6,0.2,0.7,antifragile,1.250886,1.69872,-0.11428,-0.135857
0.9,0.6,0.2,0.8,antifragile,1.393723,1.76091,-0.086924,-0.246744
0.9,0.6,0.2,0.9,antifragile,1.507081,1.902321,0.013572,-0.326546
0.9,0.6,0.2,1.0,antifragile,1.562794,1.864691,-0.240398,-0.457868
0.9,0.6,0.3,0.0,antifragile,0.439472,0.955256,0.335336,0.518397
0.9,0.6,0.3,0.1,antifragile,0.537772,1.113621,0.25489,0.491749
0.9,0.6,0.3,0.2,antifragile,0.60298,1.103406,0.262685,0.405637
0.9,0.6,0.3,0.3,antifragile,0.764673,1.307777,0.18256,0.291243
0.9,0.6,0.3,0.4,antifragile,0.830756,1.372264,0.148063,0.221296
0.9,0.6,0.3,0.5,antifragile,0.918968,1.39862,0.069564,0.15083
0.9,0.6,0.3,0.6,antifragile,1.062857,1.520323,0.108167,0.117891
0.9,0.6,0.3,0.7,antifragile,1.150261,1.5858,0.082256,-0.039229
0.9,0.6,0.3,0.8,antifragile,1.275831,1.785888,-0.018127,-0.105147
0.9,0.6,0.3,0.9,antifragile,1.403013,1.992225,-0.051715,-0.163159
0.9,0.6,0.3,1.0,antifragile,1.492467,1.947502,-0.094799,-0.25523
0.9,0.6,0.4,0.0,antifragile,0.310216,0.965175,0.3622,0.640168
0.9,0.6,0.4,0.1,antifragile,0.330896,1.05329,0.32755,0.704775
0.9,0.6,0.4,0.2,antifragile,0.511384,1.19232,0.377218,0.497699
0.9,0.6,0.4,0.3,antifragile,0.608163,1.218265,0.336745,0.539274
0.9,0.6,0.4,0.4,antifragile,0.693258,1.320714,0.209774,0.321914
0.9,0.6,0.4,0.5,antifragile,0.950343,1.376521,0.11963,0.265101
0.9,0.6,0.4,0.6,antifragile,0.993979,1.488946,0.125932,0.178017
0.9,0.6,0.4,0.7,antifragile,1.017505,1.626088,0.102614,0.15435
0.9,0.6,0.4,0.8,antifragile,1.210921,1.692327,0.068515,-0.096686
0.9,0.6,0.4,0.9,antifragile,1.298794,1.784838,0.042571,-0.094515
0.9,0.6,0.4,1.0,antifragile,1.486415,1.876554,-0.042195,-0.253236
0.9,0.6,0.5,0.0,antifragile,0.202704,0.852648,0.420104,0.789412
0.9,0.6,0.5,0.1,antifragile,0.391914,1.046751,0.3809,0.721834
0.9,0.6,0.5,0.2,antifragile,0.466157,1.124235,0.485183,0.576516
0.9,0.6,0.5,0.3,antifragile,0.510709,1.15687,0.383318,0.413908
0.9,0.6,0.5,0.4,antifragile,0.653567,1.19588,0.324884,0.568504
0.9,0.6,0.5,0.5,antifragile,0.82005,1.318688,0.264068,0.335511
0.9,0.6,0.5,0.6,antifragile,0.949729,1.364909,0.223038,0.260172
0.9,0.6,0.5,0.7,antifragile,0.93634,1.652927,0.126691,0.150286
0.9,0.6,0.5,0.8,antifragile,1.184777,1.660021,0.156225,0.093733
0.9,0.6,0.5,0.9,antifragile,1.214891,1.738542,0.088269,-0.030071
0.9,0.6,0.5,1.0,antifragile,1.327013,1.825148,0.061544,-0.012017
0.9,0.6,0.6,0.0,unification,0.109714,0.864505,0.653685,0.949182
0.9,0.6,0.6,0.1,antifragile,0.218012,0.910142,0.523369,0.884386
0.9,0.6,0.6,0.2,antifragile,0.325495,1.057835,0.459221,0.739613
0.9,0.6,0.6,0.3,antifragile,0.401131,1.16552,0.454184,0.745702
0.9,0.6,0.6,0.4,antifragile,0.577167,1.211098,0.479343,0.604941
0.9,0.6,0.6,0.5,antifragile,0.691175,1.340995,0.374251,0.458409
0.9,0.6,0.6,0.6,antifragile,0.787351,1.425473,0.344273,0.472263
0.9,0.6,0.6,0.7,antifragile,0.94974,1.557001,0.200264,0.309698
0.9,0.6,0.6,0.8,antifragile,0.920339,1.680548,0.240419,0.239083
0.9,0.6,0.6,0.9,antifragile,1.087158,1.784646,0.21153,0.15573
0.9,0.6,0.6,1.0,antifragile,1.237713,1.82655,0.159715,0.139581
0.9,0.6,0.7,0.0,unification,0.104067,0.836147,0.612567,1.067802
0.9,0.6,0.7,0.1,unification,0.121695,0.997809,0.690001,1.002492
0.9,0.6,0.7,0.2,antifragile,0.20345,0.998189,0.561471,0.839466
0.9,0.6,0.7,0.3,antifragile,0.356358,1.128145,0.557879,0.860917
0.9,0.6,0.7,0.4,antifragile,0.480453,1.196537,0.427143,0.72892
0.9,0.6,0.7,0.5,antifragile,0.568924,1.296147,0.423298,0.599713
0.9,0.6,0.7,0.6,antifragile,0.737493,1.398767,0.489717,0.485718
0.9,0.6,0.7,0.7,antifragile,0.874146,1.47197,0.368865,0.481351
0.9,0.6,0.7,0.8,antifragile,0.972959,1.644929,0.383959,0.361244
0.9,0.6,0.7,0.9,antifragile,1.122287,1.717403,0.144524,0.289624
0.9,0.6,0.7,1.0,antifragile,1.12392,1.767319,0.284814,0.218338
0.9,0.6,0.8,0.0,unification,-0.080817,0.873151,0.673745,1.110368
0.9,0.6,0.8,0.1,unification,0.008697,0.915215,0.71637,1.052383
0.9,0.6,0.8,0.2,unification,0.143241,0.987795,0.604575,1.047932
0.9,0.6,0.8,0.3,antifragile,0.361314,1.074124,0.635337,0.92843
0.9,0.6,0.8,0.4,antifragile,0.461381,1.275054,0.560129,0.839628
0.9,0.6,0.8,0.5,antifragile,0.545923,1.290262,0.492428,0.662563
0.9,0.6,0.8,0.6,antifragile,0.583154,1.384412,0.478316,0.615282
0.9,0.6,0.8,0.7,antifragile,0.694006,1.55456,0.401594,0.567284
0.9,0.6,0.8,0.8,antifragile,0.807216,1.655832,0.344399,0.458761
0.9,0.6,0.8,0.9,antifragile,0.946263,1.661482,0.434165,0.464
0.9,0.6,0.8,1.0,antifragile,1.017889,1.763764,0.329436,0.305206
0.9,0.6,0.9,0.0,unification,-0.086099,0.775815,0.902821,1.326895
0.9,0.6,0.9,0.1,unification,0.019458,0.72239,0.787624,1.239798
0.9,0.6,0.9,0.2,unification,0.109414,1.030531,0.774199,1.072685
0.9,0.6,0.9,0.3,antifragile,0.220267,1.090213,0.672867,1.027804
0.9,0.6,0.9,0.4,antifragile,0.342767,1.14362,0.718206,0.97283
0.9,0.6,0.9,0.5,antifragile,0.304455,1.24152,0.603749,0.909458
0.9,0.6,0.9,0.6,antifragile,0.544849,1.286573,0.593625,0.820513
0.9,0.6,0.9,0.7,antifragile,0.65592,1.477573,0.492604,0.700919
0.9,0.6,0.9,0.8,antifragile,0.632327,1.582727,0.50983,0.619411
0.9,0.6,0.9,0.9,antifragile,0.848597,1.644012,0.517034,0.525441
0.9,0.6,0.9,1.0,antifragile,0.985475,1.734893,0.315077,0.4196
0.9,0.6,1.0,0.0,unification,-0.203225,0.791693,0.977954,1.368767
0.9,0.6,1.0,0.1,unification,-0.065029,0.876658,0.890637,1.244008
0.9,0.6,1.0,0.2,unification,-0.031856,0.925416,0.818204,1.15157
0.9,0.6,1.0,0.3,unification,0.091936,0.968467,0.819542,1.198996
0.9,0.6,1.0,0.4,antifragile,0.241154,1.091531,0.751014,1.085805
0.9,0.6,1.0,0.5,antifragile,0.370682,1.178334,0.67214,1.053077
0.9,0.6,1.0,0.6,antifragile,0.476043,1.323297,0.748967,1.02442
0.9,0.6,1.0,0.7,antifragile,0.606533,1.357633,0.671555,0.840512
0.9,0.6,1.0,0.8,antifragile,0.626885,1.452944,0.603464,0.790842
0.9,0.6,1.0,0.9,antifragile,0.833966,1.618706,0.578697,0.654707
0.9,0.6,1.0,1.0,antifragile,0.885826,1.605255,0.538263,0.601586
0.9,0.7,0.0,0.0,antifragile,0.695711,1.123015,0.234564,0.276281
0.9,0.7,0.0,0.1,antifragile,0.794852,1.292474,0.191597,0.218011
0.9,0.7,0.0,0.2,antifragile,0.808888,1.296451,0.046364,0.153382
0.9,0.7,0.0,0.3,antifragile,0.917582,1.429134,0.063492,-0.008688
0.9,0.7,0.0,0.4,antifragile,1.093064,1.509805,0.05811,-0.098269
0.9,0.7,0.0,0.5,antifragile,1.111804,1.580382,-0.012855,-0.130179
0.9,0.7,0.0,0.6,antifragile,1.328217,1.746731,-0.101546,-0.062687
0.9,0.7,0.0,0.7,antifragile,1.365759,1.854561,-0.119228,-0.263764
0.9,0.7,0.0,0.8,antifragile,1.527495,1.809786,-0.057654,-0.419065
0.9,0.7,0.0,0.9,antifragile,1.572545,1.949741,-0.213361,-0.491006
0.9,0.7,0.0,1.0,antifragile,1.640301,2.113062,-0.219238,-0.556915
0.9,0.7,0.1,0.0,antifragile,0.560804,1.178321,0.181998,0.506178
0.9,0.7,0.1,0.1,antifragile,0.618841,1.117453,0.240635,0.334154
0.9,0.7,0.1,0.2,antifragile,0.773027,1.28727,0.19784,0.233239
0.9,0.7,0.1,0.3,antifragile,0.788578,1.412088,0.113752,0.190119
0.9,0.7,0.1,0.4,antifragile,1.024293,1.46201,0.135004,0.08347
0.9,0.7,0.1,0.5,antifragile,1.041767,1.486883,0.05803,-0.008212
0.9,0.7,0.1,0.6,antifragile,1.12646,1.558246,-0.063508,0.004262
0.9,0.7,0.1,0.7,antifragile,1.281891,1.683189,-0.050106,-0.169493
0.9,0.7,0.1,0.8,antifragile,1.412442,1.838339,0.041061,-0.151582
0.9,0.7,0.1,0.9,antifragile,1.519149,1.926688,-0.08087,-0.406445
0.9,0.7,0.1,1.0,antifragile,1.659974,2.048586,-0.200351,-0.454213
0.9,0.7,0.2,0.0,antifragile,0.448673,0.97174,0.300324,0.526707
0.9,0.7,0.2,0.1,antifragile,0.578761,1.235718,0.323937,0.306991
0.9,0.7,0.2,0.2,antifragile,0.584162,1.419782,0.272871,0.24968
0.9,0.7,0.2,0.3,antifragile,0.868639,1.2732,0.253674,0.237685
0.9,0.7,0.2,0.4,antifragile,0.970109,1.364155,0.155735,0.26245
0.9,0.7,0.2,0.5,antifragile,0.942344,1.554317,0.186535,0.133856
0.9,0.7,0.2,0.6,antifragile,1.024446,1.585649,0.085829,0.069368
0.9,0.7,0.2,0.7,antifragile,1.230585,1.730256,0.100108,-0.124582
0.9,0.7,0.2,0.8,antifragile,1.314885,1.811756,0.049761,-0.092386
0.9,0.7,0.2,0.9,antifragile,1.357445,1.9045,0.051724,-0.199802
0.9,0.7,0.2,1.0,antifragile,1.514987,1.944107,-0.027858,-0.369513
0.9,0.7,0.3,0.0,antifragile,0.32108,0.995439,0.449672,0.645065
0.9,0.7,0.3,0.1,antifragile,0.423577,1.069465,0.377578,0.600737
0.9,0.7,0.3,0.2,antifragile,0.532631,1.194324,0.358227,0.555055
0.9,0.7,0.3,0.3,antifragile,0.697231,1.240311,0.34837,0.488393
0.9,0.7,0.3,0.4,antifragile,0.805285,1.279325,0.283238,0.404174
0.9,0.7,0.3,0.5,antifragile,0.857569,1.640007,0.120987,0.257307
0.9,0.7,0.3,0.6,antifragile,1.026169,1.598604,0.1977,0.112993
0.9,0.7,0.3,0.7,antifragile,1.071234,1.713683,0.044313,0.125266
0.9,0.7,0.3,0.8,antifragile,1.204298,1.807614,0.152319,0.181513
0.9,0.7,0.3,0.9,antifragile,1.389936,1.814913,0.178086,-0.225667
0.9,0.7,0.3,1.0,antifragile,1.407813,1.97868,0.0138,-0.160912
0.9,0.7,0.4,0.0,antifragile,0.231562,1.049238,0.490888,0.794218
0.9,0.7,0.4,0.1,antifragile,0.438575,1.128406,0.466506,0.738616
0.9,0.7,0.4,0.2,antifragile,0.553633,1.105771,0.380626,0.60127
0.9,0.7,0.4,0.3,antifragile,0.58086,1.318419,0.356757,0.497918
0.9,0.7,0.4,0.4,antifragile,0.614418,1.317887,0.322212,0.351827
0.9,0.7,0.4,0.5,antifragile,0.761934,1.407524,0.306805,0.459903
0.9,0.7,0.4,0.6,antifragile,0.820327,1.605697,0.358385,0.338244
0.9,0.7,0.4,0.7,antifragile,1.02712,1.715699,0.266645,0.260535
0.9,0.7,0.4,0.8,antifragile,1.125934,1.691984,0.253188,0.250481
0.9,0.7,0.4,0.9,antifragile,1.212979,1.841129,0.1606,-0.038451
0.9,0.7,0.4,1.0,antifragile,1.297586,1.950226,0.110306,-0.049164
0.9,0.7,0.5,0.0,unification,0.151326,0.944189,0.561714,0.946746
0.9,0.7,0.5,0.1,antifragile,0.276426,1.000987,0.580737,0.808828
0.9,0.7,0.5,0.2,antifragile,0.402654,1.137842,0.53971,0.763801
0.9,0.7,0.5,0.3,antifragile,0.477184,1.251353,0.522106,0.676025
0.9,0.7,0.5,0.4,antifragile,0.595213,1.312306,0.349066,0.586687
0.9,0.7,0.5,0.5,antifragile,0.636684,1.396703,0.356699,0.464121
0.9,0.7,0.5,0.6,antifragile,0.777241,1.544277,0.376637,0.420548
0.9,0.7,0.5,0.7,antifragile,0.980473,1.767924,0.345372,0.375403
0.9,0.7,0.5,0.8,antifragile,1.044017,1.742397,0.198783,0.10977
0.9,0.7,0.5,0.9,antifragile,1.034299,1.773771,0.308343,0.172768
0.9,0.7,0.5,1.0,antifragile,1.230467,1.928472,0.217656,0.007242
0.9,0.7,0.6,0.0,unification,0.083445,0.956616,0.790041,1.046023
0.9,0.7,0.6,0.1,antifragile,0.254688,0.98976,0.761323,0.93525
0.9,0.7,0.6,0.2,antifragile,0.312133,1.119332,0.679489,0.947741
0.9,0.7,0.6,0.3,antifragile,0.337878,1.183188,0.671317,0.799955
0.9,0.7,0.6,0.4,antifragile,0.540697,1.241483,0.512705,0.674565
0.9,0.7,0.6,0.5,antifragile,0.6563,1.42688,0.54618,0.570736
0.9,0.7,0.6,0.6,antifragile,0.747433,1.486009,0.322766,0.56316
0.9,0.7,0.6,0.7,antifragile,0.8946,1.658537,0.403233,0.496478
0.9,0.7,0.6,0.8,antifragile,0.967269,1.636993,0.320167,0.367606
0.9,0.7,0.6,0.9,antifragile,1.038212,1.774411,0.304113,0.295623
0.9,0.7,0.6,1.0,antifragile,1.10668,1.941177,0.194005,0.195948
0.9,0.7,0.7,0.0,unification,-0.04018,0.873227,0.727802,1.099447
0.9,0.7,0.7,0.1,unification,0.092018,0.964756,0.749225,1.007501
0.9,0.7,0.7,0.2,antifragile,0.275829,1.066007,0.537917,1.014439
0.9,0.7,0.7,0.3,antifragile,0.276404,1.108339,0.711601,0.966486
0.9,0.7,0.7,0.4,antifragile,0.427088,1.263851,0.635243,0.756104
0.9,0.7,0.7,0.5,antifragile,0.529584,1.41688,0.622003,0.69747
0.9,0.7,0.7,0.6,antifragile,0.639278,1.39386,0.537853,0.62739
0.9,0.7,0.7,0.7,antifragile,0.6965,1.562906,0.453712,0.540266
0.9,0.7,0.7,0.8,antifragile,0.867582,1.565925,0.433899,0.418148
0.9,0.7,0.7,0.9,antifragile,0.892249,1.793535,0.389182,0.374138
0.9,0.7,0.7,1.0,antifragile,1.112547,1.9108,0.382582,0.376036
0.9,0.7,0.8,0.0,unification,-0.147581,0.847719,0.855366,1.316192
0.9,0.7,0.8,0.1,unification,0.038232,0.866524,0.770494,1.190736
0.9,0.7,0.8,0.2,unification,0.051492,1.04649,0.785868,1.13293
0.9,0.7,0.8,0.3,antifragile,0.189865,1.197388,0.745831,1.037489
0.9,0.7,0.8,0.4,antifragile,0.323327,1.262217,0.705697,0.91679
0.9,0.7,0.8,0.5,antifragile,0.518142,1.343098,0.597399,0.784206
0.9,0.7,0.8,0.6,antifragile,0.574441,1.479628,0.6376,0.820634
0.9,0.7,0.8,0.7,antifragile,0.681893,1.510238,0.490926,0.670056
0.9,0.7,0.8,0.8,antifragile,0.799728,1.634303,0.525218,0.592593
0.9,0.7,0.8,0.9,antifragile,0.878693,1.682843,0.491024,0.541612
0.9,0.7,0.8,1.0,antifragile,0.94114,1.835003,0.446765,0.474379
0.9,0.7,0.9,0.0,unification,-0.206826,0.887113,0.967145,1.44538
0.9,0.7,0.9,0.1,unification,-0.081436,1.009199,0.897793,1.348195
0.9,0.7,0.9,0.2,unification,0.01524,0.901701,0.864651,1.305814
0.9,0.7,0.9,0.3,unification,0.145739,1.170553,0.859278,1.195102
0.9,0.7,0.9,0.4,antifragile,0.274442,1.208238,0.765969,1.078574
0.9,0.7,0.9,0.5,antifragile,0.220848,1.364753,0.730086,0.947827
0.9,0.7,0.9,0.6,antifragile,0.431684,1.467858,0.703592,0.927848
0.9,0.7,0.9,0.7,antifragile,0.66431,1.516772,0.645591,0.745008
0.9,0.7,0.9,0.8,antifragile,0.701951,1.536089,0.652996,0.742589
0.9,0.7,0.9,0.9,antifragile,0.800438,1.709793,0.493537,0.666436
0.9,0.7,0.9,1.0,antifragile,0.889091,1.774396,0.56522,0.5826
0.9,0.7,1.0,0.0,unification,-0.332393,0.71853,0.945615,1.555984
0.9,0.7,1.0,0.1,unification,-0.163664,0.852899,1.026537,1.459276
0.9,0.7,1.0,0.2,unification,-0.084282,0.893089,0.922832,1.426034
0.9,0.7,1.0,0.3,unification,0.099877,1.050485,0.948357,1.365722
0.9,0.7,1.0,0.4,unification,0.093131,1.170873,0.874517,1.263751
0.9,0.7,1.0,0.5,antifragile,0.208244,1.265785,0.812084,1.146249
0.9,0.7,1.0,0.6,antifragile,0.42107,1.418865,0.846509,0.990487
0.9,0.7,1.0,0.7,antifragile,0.446353,1.490318,0.775241,0.941864
0.9,0.7,1.0,0.8,antifragile,0.534177,1.339661,0.625292,0.854727
0.9,0.7,1.0,0.9,antifragile,0.675486,1.650554,0.695082,0.897951
0.9,0.7,1.0,1.0,antifragile,0.761509,1.627441,0.578555,0.783837
0.9,0.8,0.0,0.0,antifragile,0.525644,1.220619,0.261857,0.394929
0.9,0.8,0.0,0.1,antifragile,0.54929,1.248463,0.250543,0.378377
0.9,0.8,0.0,0.2,antifragile,0.773053,1.459355,0.202309,0.262126
0.9,0.8,0.0,0.3,antifragile,0.85422,1.420245,0.190483,0.151215
0.9,0.8,0.0,0.4,antifragile,1.048159,1.510528,0.113009,0.017812
0.9,0.8,0.0,0.5,antifragile,1.091919,1.578624,0.089595,-0.063447
0.9,0.8,0.0,0.6,antifragile,1.135819,1.701754,0.086475,-0.094728
0.9,0.8,0.0,0.7,antifragile,1.288862,1.863122,-0.023004,-0.273287
0.9,0.8,0.0,0.8,antifragile,1.350054,1.915704,-0.032448,-0.232063
0.9,0.8,0.0,0.9,antifragile,1.507738,2.075846,-0.051924,-0.415406
0.9,0.8,0.0,1.0,antifragile,1.497635,2.069629,-0.103108,-0.411448
0.9,0.8,0.1,0.0,antifragile,0.429728,1.141012,0.441028,0.545701
0.9,0.8,0.1,0.1,antifragile,0.562493,1.309825,0.244433,0.545484
0.9,0.8,0.1,0.2,antifragile,0.527043,1.283699,0.267043,0.293336
0.9,0.8,0.1,0.3,antifragile,0.756757,1.417441,0.292002,0.325391
0.9,0.8,0.1,0.4,antifragile,0.883678,1.570921,0.247246,0.188753
0.9,0.8,0.1,0.5,antifragile,0.990954,1.578215,0.113726,0.141396
0.9,0.8,0.1,0.6,antifragile,1.020056,1.695628,0.020099,0.038549
0.9,0.8,0.1,0.7,antifragile,1.168651,1.82841,0.083876,-0.056379
0.9,0.8,0.1,0.8,antifragile,1.317609,1.864427,0.026672,-0.163306
0.9,0.8,0.1,0.9,antifragile,1.418742,1.962152,0.037523,-0.308487
0.9,0.8,0.1,1.0,antifragile,1.460043,2.179429,-0.046707,-0.355735
0.9,0.8,0.2,0.0,antifragile,0.343725,1.138355,0.492051,0.63259
0.9,0.8,0.2,0.1,antifragile,0.429366,1.178313,0.435569,0.587274
0.9,0.8,0.2,0.2,antifragile,0.519149,1.264524,0.366735,0.574102
0.9,0.8,0.2,0.3,antifragile,0.666132,1.550435,0.326539,0.330843
0.9,0.8,0.2,0.4,antifragile,0.802561,1.53236,0.323755,0.339834
0.9,0.8,0.2,0.5,antifragile,0.876016,1.560748,0.143628,0.287953
0.9,0.8,0.2,0.6,antifragile,0.986042,1.727319,0.19337,0.157326
0.9,0.8,0.2,0.7,antifragile,1.17746,1.831795,0.222061,-0.018557
0.9,0.8,0.2,0.8,antifragile,1.161148,1.895056,0.105079,-0.006312
0.9,0.8,0.2,0.9,antifragile,1.345371,1.967809,0.047213,-0.043857
0.9,0.8,0.2,1.0,antifragile,1.418777,2.079493,0.049641,-0.083957
0.9,0.8,0.3,0.0,antifragile,0.327425,1.17158,0.62764,0.788285
0.9,0.8,0.3,0.1,antifragile,0.338303,1.103229,0.518311,0.711217
0.9,0.8,0.3,0.2,antifragile,0.472849,1.213546,0.483049,0.605906
0.9,0.8,0.3,0.3,antifragile,0.560873,1.358194,0.421106,0.468691
0.9,0.8,0.3,0.4,antifragile,0.655614,1.47163,0.382613,0.357873
0.9,0.8,0.3,0.5,antifragile,0.83994,1.537528,0.291913,0.336554
0.9,0.8,0.3,0.6,antifragile,0.923261,1.524569,0.326026,0.334337
0.9,0.8,0.3,0.7,antifragile,1.069528,1.787712,0.226003,0.251699
0.9,0.8,0.3,0.8,antifragile,1.148616,1.783235,0.24834,0.136821
0.9,0.8,0.3,0.9,antifragile,1.322026,1.979859,0.150471,0.047034
0.9,0.8,0.3,1.0,antifragile,1.371498,2.027565,0.129758,0.032734
0.9,0.8,0.4,0.0,antifragile,0.133844,1.113319,0.55876,0.900929
0.9,0.8,0.4,0.1,antifragile,0.313229,1.072358,0.55325,0.861748
0.9,0.8,0.4,0.2,antifragile,0.298581,1.275239,0.623928,0.826074
0.9,0.8,0.4,0.3,antifragile,0.511277,1.29361,0.491878,0.679368
0.9,0.8,0.4,0.4,antifragile,0.611479,1.390989,0.549198,0.567691
0.9,0.8,0.4,0.5,antifragile,0.786864,1.509996,0.431895,0.520902
0.9,0.8,0.4,0.6,antifragile,0.850253,1.592772,0.418234,0.444378
0.9,0.8,0.4,0.7,antifragile,1.017662,1.698566,0.310958,0.291118
0.9,0.8,0.4,0.8,antifragile,1.163396,1.696011,0.250504,0.241298
0.9,0.8,0.4,0.9,antifragile,1.124243,1.925943,0.306571,0.128267
0.9,0.8,0.4,1.0,antifragile,1.340187,1.924834,0.193137,0.148623
0.9,0.8,0.5,0.0,antifragile,0.009729,1.012344,0.793412,0.915038
0.9,0.8,0.5,0.1,antifragile,0.168116,1.137379,0.661498,0.962965
0.9,0.8,0.5,0.2,antifragile,0.304401,1.200637,0.594706,0.913312
0.9,0.8,0.5,0.3,antifragile,0.41775,1.222696,0.571717,0.719342
0.9,0.8,0.5,0.4,antifragile,0.525692,1.399533,0.565608,0.732491
0.9,0.8,0.5,0.5,antifragile,0.631674,1.508106,0.508605,0.65509
0.9,0.8,0.5,0.6,antifragile,0.670706,1.495137,0.479331,0.569223
0.9,0.8,0.5,0.7,antifragile,0.831162,1.691906,0.450494,0.347558
0.9,0.8,0.5,0.8,antifragile,1.071169,1.692066,0.347763,0.422478
0.9,0.8,0.5,0.9,antifragile,1.065987,1.81161,0.33152,0.235978
0.9,0.8,0.5,1.0,antifragile,1.134985,1.984465,0.290094,0.141578
0.9,0.8,0.6,0.0,unification,-0.053001,0.952233,0.762546,1.154601
0.9,0.8,0.6,0.1,unification,0.112406,1.030959,0.717014,1.05016
0.9,0.8,0.6,0.2,antifragile,0.274607,1.258747,0.722306,1.036245
0.9,0.8,0.6,0.3,antifragile,0.268005,1.215492,0.702497,0.796818
0.9,0.8,0.6,0.4,antifragile,0.463631,1.311771,0.586106,0.849409
0.9,0.8,0.6,0.5,antifragile,0.607122,1.419349,0.614607,0.767684
0.9,0.8,0.6,0.6,antifragile,0.657,1.480165,0.571176,0.669208
0.9,0.8,0.6,0.7,antifragile,0.618515,1.667879,0.444817,0.581412
0.9,0.8,0.6,0.8,antifragile,0.940888,1.707809,0.427694,0.517957
0.9,0.8,0.6,0.9,antifragile,1.045095,1.75957,0.322019,0.464134
0.9,0.8,0.6,1.0,antifragile,1.127709,1.929244,0.310009,0.349884
0.9,0.8,0.7,0.0,unification,-0.053322,1.03282,0.870928,1.302953
0.9,0.8,0.7,0.1,unification,-0.102633,1.068418,0.89221,1.230192
0.9,0.8,0.7,0.2,unification,0.174381,1.075911,0.794093,1.116046
0.9,0.8,0.7,0.3,antifragile,0.27996,1.266083,0.780885,1.053265
0.9,0.8,0.7,0.4,antifragile,0.362546,1.288175,0.793085,0.932403
0.9,0.8,0.7,0.5,antifragile,0.466477,1.370186,0.732341,0.86502
0.9,0.8,0.7,0.6,antifragile,0.658328,1.488677,0.691868,0.753475
0.9,0.8,0.7,0.7,antifragile,0.649638,1.587898,0.622569,0.662675
0.9,0.8,0.7,0.8,antifragile,0.74646,1.689464,0.584935,0.613185
0.9,0.8,0.7,0.9,antifragile,0.876029,1.713631,0.55002,0.572143
0.9,0.8,0.7,1.0,antifragile,1.04306,1.882507,0.454833,0.428911
0.9,0.8,0.8,0.0,unification,-0.187285,0.889062,0.927741,1.335883
0.9,0.8,0.8,0.1,unification,-0.11278,0.971155,0.945458,1.314516
0.9,0.8,0.8,0.2,unification,0.012425,1.085581,0.968333,1.241682
0.9,0.8,0.8,0.3,unification,0.057566,1.140774,0.9404,1.236706
0.9,0.8,0.8,0.4,antifragile,0.29198,1.305076,0.845648,1.068052
0.9,0.8,0.8,0.5,antifragile,0.398365,1.410311,0.812223,0.965068
0.9,0.8,0.8,0.6,antifragile,0.448764,1.427912,0.779847,0.925157
0.9,0.8,0.8,0.7,antifragile,0.594607,1.583778,0.619399,0.869093
0.9,0.8,0.8,0.8,antifragile,0.657956,1.627502,0.608214,0.744
0.9,0.8,0.8,0.9,antifragile,0.791659,1.675447,0.520545,0.644875
0.9,0.8,0.8,1.0,antifragile,0.945698,1.875873,0.620032,0.560112
0.9,0.8,0.9,0.0,unification,-0.302684,0.849447,1.095224,1.62563
0.9,0.8,0.9,0.1,unification,-0.198018,0.93671,1.016545,1.446737
0.9,0.8,0.9,0.2,unification,-0.094035,1.038717,0.935467,1.411279
0.9,0.8,0.9,0.3,unification,0.118693,1.125802,1.018153,1.284603
0.9,0.8,0.9,0.4,antifragile,0.120129,1.269317,0.84879,1.236197
0.9,0.8,0.9,0.5,antifragile,0.277696,1.309816,0.82953,1.076361
0.9,0.8,0.9,0.6,antifragile,0.42658,1.413864,0.830561,1.03445
0.9,0.8,0.9,0.7,antifragile,0.474395,1.536319,0.8006,0.956926
0.9,0.8,0.9,0.8,antifragile,0.585555,1.560667,0.704824,0.849696
0.9,0.8,0.9,0.9,antifragile,0.705803,1.623045,0.725973,0.796054
0.9,0.8,0.9,1.0,antifragile,0.785903,1.759186,0.620668,0.628816
0.9,0.8,1.0,0.0,unification,-0.391966,0.811025,1.185923,1.693715
0.9,0.8,1.0,0.1,unification,-0.202644,0.920611,1.054444,1.672035
0.9,0.8,1.0,0.2,unification,-0.170928,0.932719,1.071014,1.420507
0.9,0.8,1.0,0.3,unification,-0.049232,1.081235,1.046185,1.462677
0.9,0.8,1.0,0.4,unification,0.048762,1.180193,1.017907,1.291662
0.9,0.8,1.0,0.5,antifragile,0.178223,1.322075,0.90047,1.229968
0.9,0.8,1.0,0.6,antifragile,0.290045,1.456536,0.839526,1.15254
0.9,0.8,1.0,0.7,antifragile,0.462687,1.533567,0.846222,1.071434
0.9,0.8,1.0,0.8,antifragile,0.527971,1.604006,0.888907,1.046573
0.9,0.8,1.0,0.9,antifragile,0.545885,1.595247,0.752816,0.812375
0.9,0.8,1.0,1.0,antifragile,0.790622,1.695205,0.725041,0.776441
0.9,0.9,0.0,0.0,antifragile,0.370646,1.274038,0.376163,0.635352
0.9,0.9,0.0,0.1,antifragile,0.63027,1.309842,0.260239,0.43799
0.9,0.9,0.0,0.2,antifragile,0.784295,1.42641,0.316635,0.339427
0.9,0.9,0.0,0.3,antifragile,0.82436,1.518485,0.299195,0.341805
0.9,0.9,0.0,0.4,antifragile,0.94412,1.616862,0.165657,0.150885
0.9,0.9,0.0,0.5,antifragile,0.969171,1.688137,0.27995,0.21763
0.9,0.9,0.0,0.6,antifragile,1.129584,1.81251,0.089439,0.008861
0.9,0.9,0.0,0.7,antifragile,1.192343,1.848168,0.153986,-0.077548
0.9,0.9,0.0,0.8,antifragile,1.235243,2.01713,0.145175,-0.125587
0.9,0.9,0.0,0.9,antifragile,1.431589,2.025031,0.003135,-0.171452
0.9,0.9,0.0,1.0,antifragile,1.512581,2.265633,0.052481,-0.293017
0.9,0.9,0.1,0.0,antifragile,0.495728,1.243786,0.468479,0.613818
0.9,0.9,0.1,0.1,antifragile,0.4488,1.269865,0.412083,0.523777
0.9,0.9,0.1,0.2,antifragile,0.591772,1.41441,0.502885,0.498835
0.9,0.9,0.1,0.3,antifragile,0.720125,1.372441,0.412931,0.359558
0.9,0.9,0.1,0.4,antifragile,0.81524,1.557844,0.317907,0.250814
0.9,0.9,0.1,0.5,antifragile,0.87215,1.607274,0.260296,0.299122
0.9,0.9,0.1,0.6,antifragile,1.002365,1.716355,0.282478,0.171329
0.9,0.9,0.1,0.7,antifragile,1.231614,1.895556,0.110556,0.110259
0.9,0.9,0.1,0.8,antifragile,1.274308,2.022975,0.160076,0.039819
0.9,0.9,0.1,0.9,antifragile,1.332269,2.049522,0.077253,-0.168722
0.9,0.9,0.1,1.0,antifragile,1.503481,2.130178,0.025962,-0.144274
0.9,0.9,0.2,0.0,antifragile,0.133219,1.104506,0.491963,0.849959
0.9,0.9,0.2,0.1,antifragile,0.358322,1.243945,0.55021,0.745429
0.9,0.9,0.2,0.2,antifragile,0.524766,1.375062,0.481725,0.662656
0.9,0.9,0.2,0.3,antifragile,0.56723,1.4099,0.378161,0.618819
0.9,0.9,0.2,0.4,antifragile,0.660318,1.595541,0.441865,0.459964
0.9,0.9,0.2,0.5,antifragile,0.83835,1.566737,0.455278,0.346915
0.9,0.9,0.2,0.6,antifragile,0.980645,1.687837,0.26343,0.379171
0.9,0.9,0.2,0.7,antifragile,1.009826,1.833092,0.143611,0.191454
0.9,0.9,0.2,0.8,antifragile,1.180203,1.912126,0.250099,0.099448
0.9,0.9,0.2,0.9,antifragile,1.303529,1.935317,0.203164,0.096735
0.9,0.9,0.2,1.0,antifragile,1.295865,2.089676,0.119835,-0.04495
0.9,0.9,0.3,0.0,antifragile,0.181652,1.062801,0.661212,0.918287
0.9,0.9,0.3,0.1,antifragile,0.259537,1.184172,0.587598,0.715976
0.9,0.9,0.3,0.2,antifragile,0.446346,1.359742,0.492489,0.805402
0.9,0.9,0.3,0.3,antifragile,0.530074,1.339892,0.529539,0.624721
0.9,0.9,0.3,0.4,antifragile,0.666166,1.444121,0.606146,0.632927
0.9,0.9,0.3,0.5,antifragile,0.668753,1.666921,0.496492,0.482469
0.9,0.9,0.3,0.6,antifragile,0.873787,1.726233,0.382084,0.446748
0.9,0.9,0.3,0.7,antifragile,0.928364,1.815713,0.373179,0.269633
0.9,0.9,0.3,0.8,antifragile,1.091511,1.851065,0.347727,0.255443
0.9,0.9,0.3,0.9,antifragile,1.243463,1.943211,0.257594,0.23229
0.9,0.9,0.3,1.0,antifragile,1.280159,2.032743,0.278115,0.047819
0.9,0.9,0.4,0.0,antifragile,0.076612,1.203684,0.695599,0.968097
0.9,0.9,0.4,0.1,antifragile,0.261277,1.15104,0.720955,0.986912
0.9,0.9,0.4,0.2,antifragile,0.222509,1.32203,0.636932,0.964943
0.9,0.9,0.4,0.3,antifragile,0.380187,1.438286,0.712336,0.760525
0.9,0.9,0.4,0.4,antifragile,0.520485,1.439298,0.660982,0.708971
0.9,0.9,0.4,0.5,antifragile,0.666637,1.542824,0.568605,0.641858
0.9,0.9,0.4,0.6,antifragile,0.72016,1.733624,0.494815,0.5815
0.9,0.9,0.4,0.7,antifragile,0.796912,1.7742,0.518243,0.458295
0.9,0.9,0.4,0.8,antifragile,1.023795,1.799636,0.448626,0.283963
0.9,0.9,0.4,0.9,antifragile,1.087428,1.890355,0.381562,0.343962
0.9,0.9,0.4,1.0,antifragile,1.276892,1.96088,0.407264,0.259956
0.9,0.9,0.5,0.0,unification,0.016233,1.107898,0.809251,1.139304
0.9,0.9,0.5,0.1,antifragile,0.084521,1.170697,0.785137,1.044209
0.9,0.9,0.5,0.2,antifragile,0.186605,1.230061,0.70754,1.028418
0.9,0.9,0.5,0.3,antifragile,0.389754,1.373692,0.855555,0.930541
0.9,0.9,0.5,0.4,antifragile,0.524761,1.42919,0.656079,0.830956
0.9,0.9,0.5,0.5,antifragile,0.558319,1.508819,0.575874,0.691028
0.9,0.9,0.5,0.6,antifragile,0.716659,1.651706,0.678937,0.635362
0.9,0.9,0.5,0.7,antifragile,0.745698,1.647541,0.602797,0.525394
0.9,0.9,0.5,0.8,antifragile,0.878457,1.815661,0.431826,0.523847
0.9,0.9,0.5,0.9,antifragile,1.040503,1.908839,0.46566,0.398386
0.9,0.9,0.5,1.0,antifragile,1.170011,1.992667,0.428991,0.280668
0.9,0.9,0.6,0.0,unification,-0.229956,1.059815,0.914855,1.246231
0.9,0.9,0.6,0.1,unification,0.125515,1.12197,0.864699,1.25591
0.9,0.9,0.6,0.2,antifragile,0.148397,1.212426,0.804566,1.154817
0.9,0.9,0.6,0.3,antifragile,0.287014,1.259837,0.700255,1.082503
0.9,0.9,0.6,0.4,antifragile,0.381423,1.427105,0.757309,0.998135
0.9,0.9,0.6,0.5,antifragile,0.427357,1.47067,0.662653,0.922874
0.9,0.9,0.6,0.6,antifragile,0.567662,1.586592,0.696665,0.768072
0.9,0.9,0.6,0.7,antifragile,0.721121,1.752901,0.683985,0.608837
0.9,0.9,0.6,0.8,antifragile,0.79549,1.772761,0.657113,0.582546
0.9,0.9,0.6,0.9,antifragile,0.847979,1.90178,0.554039,0.493812
0.9,0.9,0.6,1.0,antifragile,0.996994,1.884445,0.523506,0.424811
0.9,0.9,0.7,0.0,unification,-0.153351,0.959753,1.001775,1.392235
0.9,0.9,0.7,0.1,unification,-0.082731,1.008512,1.011611,1.327916
0.9,0.9,0.7,0.2,unification,-0.059457,1.080732,0.971877,1.242838
0.9,0.9,0.7,0.3,antifragile,0.149004,1.254865,0.904369,1.236529
0.9,0.9,0.7,0.4,antifragile,0.282256,1.365368,0.811436,0.997868
0.9,0.9,0.7,0.5,antifragile,0.393724,1.472763,0.854983,1.075607
0.9,0.9,0.7,0.6,antifragile,0.422006,1.5093,0.793413,0.905059
0.9,0.9,0.7,0.7,antifragile,0.662169,1.625321,0.82005,0.822799
0.9,0.9,0.7,0.8,antifragile,0.781383,1.609657,0.704317,0.736165
0.9,0.9,0.7,0.9,antifragile,0.705318,1.824234,0.578112,0.624017
0.9,0.9,0.7,1.0,antifragile,0.935259,1.913855,0.617816,0.572859
0.9,0.9,0.8,0.0,unification,-0.152281,0.947962,1.090625,1.561046
0.9,0.9,0.8,0.1,unification,-0.161312,0.950801,1.079592,1.519536
0.9,0.9,0.8,0.2,unification,0.027762,1.159469,0.991557,1.383147
0.9,0.9,0.8,0.3,unification,0.149318,1.208802,0.905325,1.395467
0.9,0.9,0.8,0.4,antifragile,0.119094,1.236409,0.940957,1.220439
0.9,0.9,0.8,0.5,antifragile,0.302903,1.453913,0.876916,1.107637
0.9,0.9,0.8,0.6,antifragile,0.36134,1.51184,0.872096,1.075339
0.9,0.9,0.8,0.7,antifragile,0.45511,1.537688,0.849249,0.918549
0.9,0.9,0.8,0.8,antifragile,0.560742,1.602493,0.83537,0.873783
0.9,0.9,0.8,0.9,antifragile,0.747275,1.811871,0.735627,0.773839
0.9,0.9,0.8,1.0,antifragile,0.826486,1.836155,0.596731,0.802281
0.9,0.9,0.9,0.0,unification,-0.358101,0.878123,1.129952,1.717479
0.9,0.9,0.9,0.1,unification,-0.242764,0.95183,1.114821,1.595565
0.9,0.9,0.9,0.2,unification,-0.159332,1.130754,1.196205,1.473902
0.9,0.9,0.9,0.3,unification,-0.044247,1.143504,1.042325,1.311981
0.9,0.9,0.9,0.4,unification,0.134967,1.213292,0.969685,1.329191
0.9,0.9,0.9,0.5,antifragile,0.258872,1.332287,0.960666,1.254676
0.9,0.9,0.9,0.6,antifragile,0.266421,1.463976,0.850475,1.128615
0.9,0.9,0.9,0.7,antifragile,0.471523,1.605783,0.867812,1.019346
0.9,0.9,0.9,0.8,antifragile,0.509382,1.586817,0.840162,0.964498
0.9,0.9,0.9,0.9,antifragile,0.60767,1.747942,0.836839,0.848068
0.9,0.9,0.9,1.0,antifragile,0.787883,1.906262,0.879987,0.829816
0.9,0.9,1.0,0.0,unification,-0.376348,0.913822,1.264522,1.729146
0.9,0.9,1.0,0.1,unification,-0.295237,0.971987,1.304368,1.74201
0.9,0.9,1.0,0.2,unification,-0.177209,1.026085,1.187229,1.52382
0.9,0.9,1.0,0.3,unification,-0.092275,1.210888,1.204596,1.517254
0.9,0.9,1.0,0.4,unification,-0.100687,1.21812,1.091108,1.47044
0.9,0.9,1.0,0.5,unification,-0.001472,1.334772,1.003125,1.437326
0.9,0.9,1.0,0.6,antifragile,0.093254,1.485635,1.007024,1.177655
0.9,0.9,1.0,0.7,antifragile,0.403871,1.597511,1.0375,1.199656
0.9,0.9,1.0,0.8,antifragile,0.396422,1.628255,0.962302,1.082879
0.9,0.9,1.0,0.9,antifragile,0.49711,1.744657,0.904771,1.071297
0.9,0.9,1.0,1.0,antifragile,0.726152,1.857817,0.797385,0.93935
0.9,1.0,0.0,0.0,antifragile,0.394349,1.30046,0.562905,0.657098
0.9,1.0,0.0,0.1,antifragile,0.460479,1.405434,0.498881,0.589075
0.9,1.0,0.0,0.2,antifragile,0.559767,1.554991,0.452452,0.485659
0.9,1.0,0.0,0.3,antifragile,0.717455,1.538418,0.335562,0.419934
0.9,1.0,0.0,0.4,antifragile,0.74242,1.645155,0.28034,0.212284
0.9,1.0,0.0,0.5,antifragile,0.95565,1.679818,0.341711,0.243466
0.9,1.0,0.0,0.6,antifragile,1.042344,1.798647,0.273449,0.117184
0.9,1.0,0.0,0.7,antifragile,1.192241,1.900849,0.22758,0.102236
0.9,1.0,0.0,0.8,antifragile,1.223924,1.930438,0.146952,0.032788
0.9,1.0,0.0,0.9,antifragile,1.36913,2.129608,0.174786,-0.015587
0.9,1.0,0.0,1.0,antifragile,1.371242,2.20361,0.121503,-0.191014
0.9,1.0,0.1,0.0,antifragile,0.324975,1.266244,0.594192,0.700525
0.9,1.0,0.1,0.1,antifragile,0.520423,1.319688,0.569374,0.763114
0.9,1.0,0.1,0.2,antifragile,0.485336,1.479586,0.509672,0.706455
0.9,1.0,0.1,0.3,antifragile,0.637766,1.476227,0.594019,0.56012
0.9,1.0,0.1,0.4,antifragile,0.694556,1.534643,0.479879,0.514204
0.9,1.0,0.1,0.5,antifragile,0.854353,1.716503,0.482931,0.389917
0.9,1.0,0.1,0.6,antifragile,0.912105,1.764253,0.392779,0.300106
0.9,1.0,0.1,0.7,antifragile,1.109398,1.908431,0.358993,0.207406
0.9,1.0,0.1,0.8,antifragile,1.213212,2.022292,0.272083,0.095581
0.9,1.0,0.1,0.9,antifragile,1.291195,2.085604,0.310712,0.030596
0.9,1.0,0.1,1.0,antifragile,1.31383,2.115901,0.193044,-0.028911
0.9,1.0,0.2,0.0,antifragile,0.158737,1.222566,0.651648,0.917939
0.9,1.0,0.2,0.1,antifragile,0.325727,1.227836,0.669782,0.905778
0.9,1.0,0.2,0.2,antifragile,0.405123,1.383822,0.622669,0.744532
0.9,1.0,0.2,0.3,antifragile,0.526202,1.472339,0.491628,0.677647
0.9,1.0,0.2,0.4,antifragile,0.581251,1.588824,0.565059,0.590345
0.9,1.0,0.2,0.5,antifragile,0.700817,1.68077,0.479318,0.455507
0.9,1.0,0.2,0.6,antifragile,0.958179,1.715091,0.474737,0.476288
0.9,1.0,0.2,0.7,antifragile,0.984139,1.824244,0.382437,0.245152
0.9,1.0,0.2,0.8,antifragile,1.079674,1.956512,0.357465,0.301191
0.9,1.0,0.2,0.9,antifragile,1.183133,1.967499,0.405824,0.087577
0.9,1.0,0.2,1.0,antifragile,1.322378,2.173935,0.288085,0.108756
0.9,1.0,0.3,0.0,antifragile,0.110949,1.139136,0.672883,0.950537
0.9,1.0,0.3,0.1,antifragile,0.354823,1.288918,0.799976,1.077966
0.9,1.0,0.3,0.2,antifragile,0.309275,1.340363,0.614919,0.852943
0.9,1.0,0.3,0.3,antifragile,0.421631,1.422887,0.710006,0.818217
0.9,1.0,0.3,0.4,antifragile,0.593464,1.476457,0.618878,0.714615
0.9,1.0,0.3,0.5,antifragile,0.750835,1.638269,0.569247,0.666763
0.9,1.0,0.3,0.6,antifragile,0.754519,1.750934,0.559453,0.501426
0.9,1.0,0.3,0.7,antifragile,0.842862,1.818422,0.473359,0.365084
0.9,1.0,0.3,0.8,antifragile,1.021075,1.943517,0.417861,0.31301
0.9,1.0,0.3,0.9,antifragile,1.119431,2.097604,0.466039,0.330032
0.9,1.0,0.3,1.0,antifragile,1.189776,2.125773,0.36838,0.148696
0.9,1.0,0.4,0.0,unification,0.024783,1.076612,0.822743,1.137745
0.9,1.0,0.4,0.1,antifragile,0.108076,1.213526,0.716686,1.028383
0.9,1.0,0.4,0.2,antifragile,0.313544,1.309558,0.808069,1.010808
0.9,1.0,0.4,0.3,antifragile,0.339586,1.360853,0.712506,1.00292
0.9,1.0,0.4,0.4,antifragile,0.428336,1.586084,0.679234,0.804041
0.9,1.0,0.4,0.5,antifragile,0.568822,1.586195,0.613073,0.734289
0.9,1.0,0.4,0.6,antifragile,0.601392,1.708221,0.63124,0.686421
0.9,1.0,0.4,0.7,antifragile,0.760158,1.821915,0.601533,0.571376
0.9,1.0,0.4,0.8,antifragile,0.993855,1.903541,0.516806,0.556814
0.9,1.0,0.4,0.9,antifragile,1.030511,2.063942,0.407252,0.37997
0.9,1.0,0.4,1.0,antifragile,1.100094,1.97558,0.468295,0.291414
0.9,1.0,0.5,0.0,unification,-0.174946,1.046687,1.014319,1.330437
0.9,1.0,0.5,0.1,antifragile,-0.000586,1.142956,0.948042,1.101721
0.9,1.0,0.5,0.2,antifragile,0.174679,1.183412,0.9471,1.147919
0.9,1.0,0.5,0.3,antifragile,0.162797,1.350976,0.840865,0.930655
0.9,1.0,0.5,0.4,antifragile,0.362823,1.48908,0.681574,0.982306
0.9,1.0,0.5,0.5,antifragile,0.468763,1.605841,0.733276,0.807146
0.9,1.0,0.5,0.6,antifragile,0.527264,1.639395,0.695563,0.828203
0.9,1.0,0.5,0.7,antifragile,0.681035,1.671984,0.642109,0.61379
0.9,1.0,0.5,0.8,antifragile,0.822497,1.873994,0.662515,0.589874
0.9,1.0,0.5,0.9,antifragile,0.880009,1.914463,0.580433,0.494541
0.9,1.0,0.5,1.0,antifragile,1.105481,2.016697,0.539885,0.39743
0.9,1.0,0.6,0.0,unification,-0.201441,0.986348,0.978574,1.503608
0.9,1.0,0.6,0.1,unification,-0.027807,1.128056,0.957172,1.386765
0.9,1.0,0.6,0.2,unification,0.013216,1.154839,0.97376,1.193663
0.9,1.0,0.6,0.3,antifragile,0.100826,1.280379,0.930751,1.149788
0.9,1.0,0.6,0.4,antifragile,0.225777,1.453477,0.828623,0.988218
0.9,1.0,0.6,0.5,antifragile,0.319607,1.5261,0.790822,0.990263
0.9,1.0,0.6,0.6,antifragile,0.55062,1.5885,0.923315,0.913811
0.9,1.0,0.6,0.7,antifragile,0.596185,1.648265,0.732574,0.802573
0.9,1.0,0.6,0.8,antifragile,0.752987,1.780212,0.731619,0.732101
0.9,1.0,0.6,0.9,antifragile,0.873738,1.957681,0.68668,0.683249
0.9,1.0,0.6,1.0,antifragile,0.991178,2.026867,0.643889,0.580461
0.9,1.0,0.7,0.0,unification,-0.174416,1.020631,1.151447,1.501185
0.9,1.0,0.7,0.1,unification,-0.069955,1.132476,1.057733,1.446496
0.9,1.0,0.7,0.2,unification,-0.04592,1.205249,1.045488,1.355161
0.9,1.0,0.7,0.3,antifragile,-0.004402,1.388721,1.008315,1.293561
0.9,1.0,0.7,0.4,antifragile,0.182599,1.440402,0.957411,1.179453
0.9,1.0,0.7,0.5,antifragile,0.28265,1.552566,0.925119,1.108244
0.9,1.0,0.7,0.6,antifragile,0.383227,1.568974,0.929032,0.979183
0.9,1.0,0.7,0.7,antifragile,0.548485,1.715331,0.845781,0.930505
0.9,1.0,0.7,0.8,antifragile,0.550899,1.808207,0.715247,0.863342
0.9,1.0,0.7,0.9,antifragile,0.737605,1.908401,0.710214,0.722742
0.9,1.0,0.7,1.0,antifragile,0.871729,1.95646,0.614144,0.68469
0.9,1.0,0.8,0.0,unification,-0.254613,1.007431,1.14072,1.683484
0.9,1.0,0.8,0.1,unification,-0.18586,0.988749,1.145628,1.639977
0.9,1.0,0.8,0.2,unification,-0.20121,1.156003,1.109241,1.469223
0.9,1.0,0.8,0.3,unification,0.053793,1.326114,1.064877,1.354144
0.9,1.0,0.8,0.4,antifragile,0.158648,1.398746,1.03916,1.352745
0.9,1.0,0.8,0.5,antifragile,0.237376,1.411273,0.970301,1.235282
0.9,1.0,0.8,0.6,antifragile,0.218333,1.532866,0.920383,1.15857
0.9,1.0,0.8,0.7,antifragile,0.368692,1.66647,0.931126,1.059908
0.9,1.0,0.8,0.8,antifragile,0.55846,1.769617,0.868105,0.98177
0.9,1.0,0.8,0.9,antifragile,0.611067,1.800484,0.919027,0.884887
0.9,1.0,0.8,1.0,antifragile,0.754414,1.92614,0.818576,0.782802
0.9,1.0,0.9,0.0,unification,-0.457389,0.99185,1.210634,1.794346
0.9,1.0,0.9,0.1,unification,-0.366046,0.939549,1.240941,1.642278
0.9,1.0,0.9,0.2,unification,-0.281667,1.26479,1.232104,1.643331
0.9,1.0,0.9,0.3,unification,-0.107663,1.170293,1.156725,1.512239
0.9,1.0,0.9,0.4,antifragile,-0.091214,1.414565,1.120529,1.40336
0.9,1.0,0.9,0.5,unification,0.121158,1.351069,1.038107,1.436823
0.9,1.0,0.9,0.6,antifragile,0.199014,1.514092,1.050175,1.266296
0.9,1.0,0.9,0.7,antifragile,0.308066,1.723455,0.967949,1.145305
0.9,1.0,0.9,0.8,antifragile,0.469532,1.640755,1.016061,1.094946
0.9,1.0,0.9,0.9,antifragile,0.561451,1.814776,0.908022,1.065785
0.9,1.0,0.9,1.0,antifragile,0.697488,1.920822,0.809285,0.917567
0.9,1.0,1.0,0.0,unification,-0.530565,0.996884,1.299299,1.878091
0.9,1.0,1.0,0.1,unification,-0.360921,0.958061,1.297116,1.908699
0.9,1.0,1.0,0.2,unification,-0.286711,1.142898,1.326127,1.745854
0.9,1.0,1.0,0.3,unification,-0.190427,1.239333,1.207651,1.741701
0.9,1.0,1.0,0.4,unification,-0.111703,1.341155,1.235295,1.542632
0.9,1.0,1.0,0.5,unification,0.049179,1.391374,1.081721,1.480663
0.9,1.0,1.0,0.6,antifragile,0.072564,1.505374,1.122924,1.443872
0.9,1.0,1.0,0.7,antifragile,0.210161,1.510205,1.03619,1.416005
0.9,1.0,1.0,0.8,antifragile,0.50645,1.770066,0.972994,1.161153
0.9,1.0,1.0,0.9,antifragile,0.411745,1.803707,1.115393,1.19024
0.9,1.0,1.0,1.0,antifragile,0.584498,1.813776,0.955717,1.064432
1.0,0.0,0.0,0.0,competitive,1.294133,0.875047,-0.679941,-0.586246
1.0,0.0,0.0,0.1,competitive,1.365017,0.975227,-0.733952,-0.689795
1.0,0.0,0.0,0.2,competitive,1.430908,1.134226,-0.701266,-0.761494
1.0,0.0,0.0,0.3,competitive,1.5777,1.222938,-0.810736,-0.797983
1.0,0.0,0.0,0.4,competitive,1.695317,1.309308,-0.773326,-0.876615
1.0,0.0,0.0,0.5,competitive,1.792158,1.429071,-0.95339,-1.035048
1.0,0.0,0.0,0.6,competitive,1.951679,1.546489,-0.977572,-1.111366
1.0,0.0,0.0,0.7,competitive,2.020152,1.56039,-1.040809,-1.169963
1.0,0.0,0.0,0.8,competitive,2.06622,1.716889,-0.95251,-1.311925
1.0,0.0,0.0,0.9,competitive,2.176545,1.75339,-1.085996,-1.375484
1.0,0.0,0.0,1.0,competitive,2.354578,1.803487,-1.017047,-1.482059
1.0,0.0,0.1,0.0,competitive,1.206771,0.820507,-0.611932,-0.452485
1.0,0.0,0.1,0.1,competitive,1.276782,0.947303,-0.67965,-0.58034
1.0,0.0,0.1,0.2,competitive,1.346242,1.071651,-0.603437,-0.627035
1.0,0.0,0.1,0.3,competitive,1.519789,1.204113,-0.757552,-0.820217
1.0,0.0,0.1,0.4,competitive,1.600147,1.287748,-0.674485,-0.864011
1.0,0.0,0.1,0.5,competitive,1.764989,1.353051,-0.834441,-0.952299
1.0,0.0,0.1,0.6,competitive,1.790805,1.463664,-0.793862,-1.121212
1.0,0.0,0.1,0.7,competitive,1.955624,1.501323,-0.91901,-1.049175
1.0,0.0,0.1,0.8,competitive,2.136055,1.589107,-0.939781,-1.233774
1.0,0.0,0.1,0.9,competitive,2.171925,1.6855,-0.896197,-1.221984
1.0,0.0,0.1,1.0,competitive,2.245838,1.801186,-0.996764,-1.290445
1.0,0.0,0.2,0.0,competitive,1.011558,0.82257,-0.530133,-0.339415
1.0,0.0,0.2,0.1,competitive,1.245292,0.853724,-0.522204,-0.41678
1.0,0.0,0.2,0.2,competitive,1.26511,1.060314,-0.629156,-0.610618
1.0,0.0,0.2,0.3,competitive,1.228309,1.054179,-0.677209,-0.596415
1.0,0.0,0.2,0.4,competitive,1.539865,1.197097,-0.760505,-0.709026
1.0,0.0,0.2,0.5,competitive,1.609087,1.391878,-0.702158,-0.857823
1.0,0.0,0.2,0.6,competitive,1.714248,1.434824,-0.76895,-0.941189
1.0,0.0,0.2,0.7,competitive,1.88092,1.513173,-0.81785,-0.985318
1.0,0.0,0.2,0.8,competitive,2.000666,1.4993,-0.927714,-1.066741
1.0,0.0,0.2,0.9,competitive,2.075112,1.616796,-0.917236,-1.132068
1.0,0.0,0.2,1.0,competitive,2.187159,1.76616,-0.943653,-1.235291
1.0,0.0,0.3,0.0,competitive,1.034451,0.827987,-0.41381,-0.263901
1.0,0.0,0.3,0.1,competitive,1.06437,0.913821,-0.514375,-0.356326
1.0,0.0,0.3,0.2,competitive,1.214435,0.919606,-0.535471,-0.350386
1.0,0.0,0.3,0.3,competitive,1.317264,1.027644,-0.541368,-0.51005
1.0,0.0,0.3,0.4,competitive,1.462282,1.200457,-0.622357,-0.602495
1.0,0.0,0.3,0.5,competitive,1.487536,1.399483,-0.759569,-0.738014
1.0,0.0,0.3,0.6,competitive,1.695124,1.409331,-0.666983,-0.834596
1.0,0.0,0.3,0.7,competitive,1.776941,1.411017,-0.729941,-0.799656
1.0,0.0,0.3,0.8,competitive,1.885329,1.522466,-0.700754,-0.864355
1.0,0.0,0.3,0.9,competitive,1.921992,1.626012,-0.842933,-0.993132
1.0,0.0,0.3,1.0,competitive,2.111459,1.652465,-0.944209,-1.116603
1.0,0.0,0.4,0.0,competitive,0.957635,0.771878,-0.281141,-0.107788
1.0,0.0,0.4,0.1,competitive,0.957898,0.771178,-0.441458,-0.216008
1.0,0.0,0.4,0.2,competitive,0.98874,0.907946,-0.482493,-0.268913
1.0,0.0,0.4,0.3,competitive,1.217893,1.061001,-0.561135,-0.411751
1.0,0.0,0.4,0.4,competitive,1.376297,1.127047,-0.477653,-0.44706
1.0,0.0,0.4,0.5,competitive,1.449359,1.261434,-0.587824,-0.558356
1.0,0.0,0.4,0.6,competitive,1.516001,1.326102,-0.57129,-0.630331
1.0,0.0,0.4,0.7,competitive,1.717754,1.512481,-0.683924,-0.635578
1.0,0.0,0.4,0.8,competitive,1.769105,1.539038,-0.686696,-0.719044
1.0,0.0,0.4,0.9,competitive,1.897369,1.597615,-0.74087,-0.925064
1.0,0.0,0.4,1.0,competitive,1.96142,1.771016,-0.70585,-0.982004
1.0,0.0,0.5,0.0,antifragile,0.745099,0.772589,-0.253543,-0.073803
1.0,0.0,0.5,0.1,competitive,1.053986,0.820583,-0.229917,-0.05129
1.0,0.0,0.5,0.2,competitive,0.967963,0.924702,-0.428378,-0.151296
1.0,0.0,0.5,0.3,competitive,1.075599,0.999779,-0.3826,-0.215224
1.0,0.0,0.5,0.4,competitive,1.167009,1.07276,-0.533763,-0.283957
1.0,0.0,0.5,0.5,competitive,1.360141,1.141257,-0.404705,-0.376672
1.0,0.0,0.5,0.6,competitive,1.454738,1.271334,-0.546878,-0.524461
1.0,0.0,0.5,0.7,competitive,1.628698,1.403723,-0.607448,-0.505157
1.0,0.0,0.5,0.8,competitive,1.67548,1.439049,-0.496226,-0.70975
1.0,0.0,0.5,0.9,competitive,1.748738,1.58001,-0.618889,-0.777643
1.0,0.0,0.5,1.0,competitive,1.789458,1.676624,-0.727299,-0.842953
1.0,0.0,0.6,0.0,competitive,0.669488,0.635819,-0.203323,0.118395
1.0,0.0,0.6,0.1,antifragile,0.777997,0.833281,-0.279746,0.052375
1.0,0.0,0.6,0.2,competitive,0.928126,0.795469,-0.325885,-0.021978
1.0,0.0,0.6,0.3,competitive,1.03615,0.935592,-0.311302,-0.091615
1.0,0.0,0.6,0.4,competitive,1.179341,1.103322,-0.289546,-0.184618
1.0,0.0,0.6,0.5,competitive,1.190552,1.150213,-0.453453,-0.232748
1.0,0.0,0.6,0.6,competitive,1.438656,1.259694,-0.371884,-0.3053
1.0,0.0,0.6,0.7,competitive,1.495184,1.381333,-0.422564,-0.5148
1.0,0.0,0.6,0.8,competitive,1.602391,1.477704,-0.581725,-0.434389
1.0,0.0,0.6,0.9,competitive,1.754626,1.600036,-0.529555,-0.662429
1.0,0.0,0.6,1.0,competitive,1.746576,1.635039,-0.555159,-0.672875
1.0,0.0,0.7,0.0,competitive,0.705511,0.639464,-0.123001,0.275388
1.0,0.0,0.7,0.1,antifragile,0.67219,0.825094,-0.157502,0.202662
1.0,0.0,0.7,0.2,competitive,0.880716,0.807368,-0.171131,0.104616
1.0,0.0,0.7,0.3,competitive,0.998769,0.940421,-0.367845,-0.026722
1.0,0.0,0.7,0.4,antifragile,0.985013,1.13136,-0.194271,-0.172519
1.0,0.0,0.7,0.5,competitive,1.119473,1.060753,-0.294178,-0.197795
1.0,0.0,0.7,0.6,competitive,1.266726,1.15614,-0.323484,-0.318964
1.0,0.0,0.7,0.7,competitive,1.515154,1.395217,-0.260916,-0.289681
1.0,0.0,0.7,0.8,competitive,1.57785,1.459639,-0.475224,-0.423613
1.0,0.0,0.7,0.9,competitive,1.631202,1.567611,-0.46533,-0.46227
1.0,0.0,0.7,1.0,competitive,1.703367,1.58438,-0.578577,-0.552865
1.0,0.0,0.8,0.0,antifragile,0.505392,0.555756,-0.049646,0.414264
1.0,0.0,0.8,0.1,antifragile,0.673405,0.705777,-0.006591,0.389513
1.0,0.0,0.8,0.2,antifragile,0.735663,0.858687,-0.13337,0.164982
1.0,0.0,0.8,0.3,antifragile,0.812761,0.861772,-0.161887,0.244112
1.0,0.0,0.8,0.4,antifragile,0.94382,0.981178,-0.172319,-0.006035
1.0,0.0,0.8,0.5,antifragile,1.087296,1.127835,-0.14587,0.040693
1.0,0.0,0.8,0.6,competitive,1.208155,1.178832,-0.268277,-0.089624
1.0,0.0,0.8,0.7,competitive,1.297669,1.280463,-0.346727,-0.161467
1.0,0.0,0.8,0.8,competitive,1.424888,1.342186,-0.265549,-0.269573
1.0,0.0,0.8,0.9,antifragile,1.448796,1.522245,-0.413633,-0.38549
1.0,0.0,0.8,1.0,competitive,1.620654,1.613161,-0.422887,-0.419082
1.0,0.0,0.9,0.0,antifragile,0.361321,0.529833,0.066598,0.488742
1.0,0.0,0.9,0.1,antifragile,0.539782,0.717294,-0.015158,0.403233
1.0,0.0,0.9,0.2,antifragile,0.665486,0.668684,0.035379,0.361507
1.0,0.0,0.9,0.3,antifragile,0.774653,0.843034,-0.020547,0.261929
1.0,0.0,0.9,0.4,competitive,0.941307,0.879454,-0.091837,0.187119
1.0,0.0,0.9,0.5,antifragile,1.005564,1.130183,-0.20319,0.030272
1.0,0.0,0.9,0.6,competitive,1.082347,1.060374,-0.059673,0.061671
1.0,0.0,0.9,0.7,antifragile,1.235863,1.289145,-0.151449,-0.100733
1.0,0.0,0.9,0.8,antifragile,1.301949,1.362114,-0.280212,-0.201377
1.0,0.0,0.9,0.9,antifragile,1.403524,1.459086,-0.249427,-0.30354
1.0,0.0,0.9,1.0,antifragile,1.530512,1.532299,-0.404534,-0.302558
1.0,0.0,1.0,0.0,unification,0.344646,0.503073,0.125883,0.676763
1.0,0.0,1.0,0.1,antifragile,0.508894,0.661979,0.205305,0.620769
1.0,0.0,1.0,0.2,antifragile,0.597567,0.704863,0.126558,0.441569
1.0,0.0,1.0,0.3,competitive,0.71734,0.712799,0.00531,0.325114
1.0,0.0,1.0,0.4,antifragile,0.775688,0.853042,-0.008572,0.333354
1.0,0.0,1.0,0.5,antifragile,0.867495,1.008998,-0.039026,0.222645
1.0,0.0,1.0,0.6,antifragile,1.077396,1.085731,-0.063138,0.153011
1.0,0.0,1.0,0.7,antifragile,1.040563,1.219364,-0.134343,0.03038
1.0,0.0,1.0,0.8,antifragile,1.318717,1.37425,-0.208131,0.001766
1.0,0.0,1.0,0.9,antifragile,1.377194,1.412294,-0.264905,-0.162618
1.0,0.0,1.0,1.0,antifragile,1.476394,1.525342,-0.264268,-0.134211
1.0,0.1,0.0,0.0,competitive,1.249671,1.019081,-0.510706,-0.480792
1.0,0.1,0.0,0.1,competitive,1.218258,1.02388,-0.630741,-0.596487
1.0,0.1,0.0,0.2,competitive,1.375959,1.077227,-0.629278,-0.568585
1.0,0.1,0.0,0.3,competitive,1.6241,1.242412,-0.713581,-0.736848
1.0,0.1,0.0,0.4,competitive,1.683059,1.392215,-0.75703,-0.759828
1.0,0.1,0.0,0.5,competitive,1.733081,1.383224,-0.792731,-0.819846
1.0,0.1,0.0,0.6,competitive,1.871085,1.489662,-0.778134,-0.954304
1.0,0.1,0.0,0.7,competitive,1.929502,1.572669,-0.920564,-1.157214
1.0,0.1,0.0,0.8,competitive,2.022287,1.696116,-0.841992,-1.118786
1.0,0.1,0.0,0.9,competitive,2.174825,1.70631,-0.930237,-1.327272
1.0,0.1,0.0,1.0,competitive,2.31866,1.940074,-0.982455,-1.289158
1.0,0.1,0.1,0.0,competitive,1.13571,0.915478,-0.507244,-0.421437
1.0,0.1,0.1,0.1,competitive,1.177247,0.95517,-0.590333,-0.476646
1.0,0.1,0.1,0.2,competitive,1.206923,1.148968,-0.56905,-0.466956
1.0,0.1,0.1,0.3,competitive,1.455098,1.219943,-0.580289,-0.602459
1.0,0.1,0.1,0.4,competitive,1.590253,1.264512,-0.661007,-0.708959
1.0,0.1,0.1,0.5,competitive,1.735853,1.353408,-0.635613,-0.848167
1.0,0.1,0.1,0.6,competitive,1.750014,1.47092,-0.791044,-0.898223
1.0,0.1,0.1,0.7,competitive,1.880153,1.558177,-0.828259,-0.905111
1.0,0.1,0.1,0.8,competitive,1.963941,1.686561,-0.765341,-0.957709
1.0,0.1,0.1,0.9,competitive,1.960696,1.759628,-0.943846,-0.983697
1.0,0.1,0.1,1.0,competitive,2.192538,1.908658,-0.931355,-1.222771
1.0,0.1,0.2,0.0,competitive,1.049969,0.900755,-0.331114,-0.271719
1.0,0.1,0.2,0.1,competitive,1.094097,0.995657,-0.421716,-0.294036
1.0,0.1,0.2,0.2,competitive,1.148844,1.017868,-0.477919,-0.477166
1.0,0.1,0.2,0.3,competitive,1.280698,1.161866,-0.573805,-0.473536
1.0,0.1,0.2,0.4,competitive,1.43052,1.215591,-0.613225,-0.506105
1.0,0.1,0.2,0.5,competitive,1.564206,1.362366,-0.612257,-0.700371
1.0,0.1,0.2,0.6,competitive,1.626782,1.324964,-0.686825,-0.770983
1.0,0.1,0.2,0.7,competitive,1.79243,1.509843,-0.655705,-0.837987
1.0,0.1,0.2,0.8,competitive,1.882427,1.633441,-0.700011,-0.84969
1.0,0.1,0.2,0.9,competitive,1.93565,1.817972,-0.817838,-1.004213
1.0,0.1,0.2,1.0,competitive,2.068553,1.900388,-0.868043,-1.044123
1.0,0.1,0.3,0.0,antifragile,0.794582,0.880692,-0.339565,-0.123724
1.0,0.1,0.3,0.1,competitive,0.980415,0.93167,-0.387748,-0.264545
1.0,0.1,0.3,0.2,competitive,1.085756,1.069921,-0.430133,-0.314529
1.0,0.1,0.3,0.3,competitive,1.237325,1.14943,-0.417493,-0.343105
1.0,0.1,0.3,0.4,competitive,1.405448,1.222459,-0.501805,-0.401328
1.0,0.1,0.3,0.5,competitive,1.419574,1.294791,-0.609654,-0.439306
1.0,0.1,0.3,0.6,competitive,1.66927,1.401249,-0.531827,-0.580022
1.0,0.1,0.3,0.7,competitive,1.68447,1.565774,-0.673241,-0.709242
1.0,0.1,0.3,0.8,competitive,1.680657,1.549448,-0.731284,-0.876891
1.0,0.1,0.3,0.9,competitive,1.87023,1.713244,-0.723262,-0.897255
1.0,0.1,0.3,1.0,competitive,1.968264,1.79702,-0.760226,-1.005328
1.0,0.1,0.4,0.0,competitive,0.861616,0.761384,-0.308591,0.056996
1.0,0.1,0.4,0.1,antifragile,0.84081,0.961468,-0.3363,-0.060992
1.0,0.1,0.4,0.2,antifragile,0.985271,0.995647,-0.35105,-0.199126
1.0,0.1,0.4,0.3,competitive,1.064819,1.062962,-0.341248,-0.201282
1.0,0.1,0.4,0.4,competitive,1.21907,1.149189,-0.413716,-0.319931
1.0,0.1,0.4,0.5,competitive,1.364837,1.258306,-0.463277,-0.419363
1.0,0.1,0.4,0.6,antifragile,1.354241,1.35472,-0.445893,-0.420338
1.0,0.1,0.4,0.7,competitive,1.643821,1.474504,-0.584444,-0.602384
1.0,0.1,0.4,0.8,competitive,1.656909,1.494548,-0.612104,-0.696444
1.0,0.1,0.4,0.9,competitive,1.735262,1.706639,-0.574546,-0.74746
1.0,0.1,0.4,1.0,competitive,1.934085,1.770295,-0.681674,-0.740054
1.0,0.1,0.5,0.0,antifragile,0.686568,0.6866,-0.151935,0.173213
1.0,0.1,0.5,0.1,antifragile,0.819906,0.927234,-0.190969,0.018968
1.0,0.1,0.5,0.2,antifragile,0.915312,0.967432,-0.235975,0.035672
1.0,0.1,0.5,0.3,competitive,1.09674,0.976617,-0.288436,-0.172145
1.0,0.1,0.5,0.4,competitive,1.23793,1.101326,-0.309896,-0.229892
1.0,0.1,0.5,0.5,antifragile,1.176072,1.182234,-0.37247,-0.251572
1.0,0.1,0.5,0.6,competitive,1.41155,1.273463,-0.384335,-0.317511
1.0,0.1,0.5,0.7,competitive,1.520635,1.416914,-0.437596,-0.442378
1.0,0.1,0.5,0.8,competitive,1.674852,1.615067,-0.447756,-0.532329
1.0,0.1,0.5,0.9,competitive,1.713447,1.628631,-0.509731,-0.645812
1.0,0.1,0.5,1.0,competitive,1.923407,1.680403,-0.495222,-0.814894
1.0,0.1,0.6,0.0,antifragile,0.621232,0.718058,-0.063564,0.251784
1.0,0.1,0.6,0.1,antifragile,0.8143,0.817884,-0.166465,0.136702
1.0,0.1,0.6,0.2,antifragile,0.831353,0.961217,-0.109725,0.039885
1.0,0.1,0.6,0.3,antifragile,0.924994,0.966723,-0.209272,0.0631
1.0,0.1,0.6,0.4,antifragile,1.083571,1.142507,-0.197656,-0.099338
1.0,0.1,0.6,0.5,antifragile,1.120953,1.180632,-0.233932,-0.124856
1.0,0.1,0.6,0.6,antifragile,1.298955,1.352444,-0.307718,-0.256592
1.0,0.1,0.6,0.7,antifragile,1.32656,1.463565,-0.359803,-0.34757
1.0,0.1,0.6,0.8,antifragile,1.509867,1.569937,-0.345368,-0.428
1.0,0.1,0.6,0.9,antifragile,1.648488,1.651354,-0.417629,-0.488964
1.0,0.1,0.6,1.0,antifragile,1.630485,1.747288,-0.526416,-0.673536
1.0,0.1,0.7,0.0,antifragile,0.454785,0.657245,0.034298,0.453032
1.0,0.1,0.7,0.1,antifragile,0.672083,0.881776,-0.050157,0.298396
1.0,0.1,0.7,0.2,antifragile,0.671662,0.86121,-0.172101,0.157914
1.0,0.1,0.7,0.3,competitive,0.906506,0.900646,-0.18941,0.05211
1.0,0.1,0.7,0.4,antifragile,1.023818,1.161945,-0.153737,0.102144
1.0,0.1,0.7,0.5,antifragile,1.036797,1.236495,-0.225784,0.003379
1.0,0.1,0.7,0.6,competitive,1.203639,1.174102,-0.274258,-0.106445
1.0,0.1,0.7,0.7,antifragile,1.222518,1.379828,-0.340814,-0.172969
1.0,0.1,0.7,0.8,antifragile,1.35697,1.482159,-0.26917,-0.293403
1.0,0.1,0.7,0.9,antifragile,1.530994,1.629277,-0.389161,-0.396712
1.0,0.1,0.7,1.0,competitive,1.677033,1.671116,-0.402141,-0.515751
1.0,0.1,0.8,0.0,antifragile,0.503681,0.60309,0.20891,0.460223
1.0,0.1,0.8,0.1,antifragile,0.509738,0.777087,0.082456,0.386302
1.0,0.1,0.8,0.2,antifragile,0.759621,0.871487,0.002605,0.3693
1.0,0.1,0.8,0.3,antifragile,0.845534,1.030461,-0.015357,0.201296
1.0,0.1,0.8,0.4,antifragile,0.832075,0.974254,-0.097125,0.181889
1.0,0.1,0.8,0.5,antifragile,1.015697,1.196333,-0.208667,0.094462
1.0,0.1,0.8,0.6,competitive,1.138041,1.0946,-0.122323,0.146504
1.0,0.1,0.8,0.7,antifragile,1.263668,1.345394,-0.19868,-0.06336
1.0,0.1,0.8,0.8,competitive,1.411857,1.407663,-0.165321,-0.136794
1.0,0.1,0.8,0.9,antifragile,1.526329,1.574452,-0.255523,-0.238747
1.0,0.1,0.8,1.0,antifragile,1.539336,1.663846,-0.33451,-0.324313
1.0,0.1,0.9,0.0,unification,0.355329,0.562939,0.19102,0.568733
1.0,0.1,0.9,0.1,antifragile,0.45259,0.758357,0.148445,0.567648
1.0,0.1,0.9,0.2,antifragile,0.541764,0.872443,0.055692,0.510318
1.0,0.1,0.9,0.3,antifragile,0.759943,0.838473,0.039676,0.365079
1.0,0.1,0.9,0.4,antifragile,0.818645,0.962828,-0.038271,0.30232
1.0,0.1,0.9,0.5,antifragile,0.886944,1.097702,0.024635,0.13913
1.0,0.1,0.9,0.6,antifragile,1.019311,1.170451,-0.058817,0.10565
1.0,0.1,0.9,0.7,antifragile,1.075991,1.314653,0.038572,0.044971
1.0,0.1,0.9,0.8,antifragile,1.208693,1.353541,-0.093264,-0.078848
1.0,0.1,0.9,0.9,competitive,1.419981,1.40316,-0.170384,-0.086832
1.0,0.1,0.9,1.0,antifragile,1.503122,1.614614,-0.206699,-0.147321
1.0,0.1,1.0,0.0,unification,0.225452,0.562793,0.244848,0.844176
1.0,0.1,1.0,0.1,unification,0.40831,0.724097,0.216045,0.72584
1.0,0.1,1.0,0.2,antifragile,0.417399,0.764555,0.174131,0.576284
1.0,0.1,1.0,0.3,antifragile,0.588937,0.907343,0.156918,0.574684
1.0,0.1,1.0,0.4,antifragile,0.610686,1.049412,0.072514,0.495799
1.0,0.1,1.0,0.5,antifragile,0.804123,1.088476,0.011159,0.284193
1.0,0.1,1.0,0.6,antifragile,0.964056,1.031797,-0.035759,0.298334
1.0,0.1,1.0,0.7,antifragile,1.024281,1.21589,0.06114,0.268719
1.0,0.1,1.0,0.8,antifragile,1.155021,1.418687,0.020852,0.089184
1.0,0.1,1.0,0.9,antifragile,1.239389,1.454436,-0.167725,0.033397
1.0,0.1,1.0,1.0,antifragile,1.358528,1.547824,-0.1329,-0.122376
1.0,0.2,0.0,0.0,competitive,1.098209,0.92203,-0.494118,-0.415666
1.0,0.2,0.0,0.1,competitive,1.166168,0.972121,-0.531463,-0.420723
1.0,0.2,0.0,0.2,competitive,1.32889,1.234195,-0.597635,-0.553935
1.0,0.2,0.0,0.3,competitive,1.475857,1.27067,-0.58075,-0.509291
1.0,0.2,0.0,0.4,competitive,1.52729,1.345793,-0.679649,-0.714461
1.0,0.2,0.0,0.5,competitive,1.701088,1.493679,-0.598371,-0.766958
1.0,0.2,0.0,0.6,competitive,1.647958,1.591454,-0.704787,-0.869914
1.0,0.2,0.0,0.7,competitive,1.930912,1.641282,-0.721017,-1.008837
1.0,0.2,0.0,0.8,competitive,1.904087,1.72006,-0.805684,-1.012598
1.0,0.2,0.0,0.9,competitive,2.035127,1.920348,-0.87828,-1.129407
1.0,0.2,0.0,1.0,competitive,2.200582,1.954963,-0.847461,-1.096896
1.0,0.2,0.1,0.0,competitive,0.979868,0.970637,-0.389177,-0.185854
1.0,0.2,0.1,0.1,competitive,1.142444,1.060988,-0.499691,-0.342656
1.0,0.2,0.1,0.2,competitive,1.181171,1.122641,-0.506295,-0.430909
1.0,0.2,0.1,0.3,competitive,1.31945,1.220323,-0.519712,-0.536402
1.0,0.2,0.1,0.4,competitive,1.451852,1.289906,-0.574943,-0.577509
1.0,0.2,0.1,0.5,antifragile,1.430921,1.554578,-0.558762,-0.644008
1.0,0.2,0.1,0.6,competitive,1.643908,1.529699,-0.685494,-0.720489
1.0,0.2,0.1,0.7,competitive,1.695811,1.556556,-0.700497,-0.754505
1.0,0.2,0.1,0.8,competitive,1.834907,1.731684,-0.80814,-0.91376
1.0,0.2,0.1,0.9,competitive,2.086759,1.835013,-0.848654,-0.997825
1.0,0.2,0.1,1.0,competitive,2.086799,1.966319,-0.790009,-1.157006
1.0,0.2,0.2,0.0,competitive,0.913183,0.885191,-0.408011,-0.118712
1.0,0.2,0.2,0.1,antifragile,1.030223,1.034066,-0.289125,-0.209037
1.0,0.2,0.2,0.2,antifragile,1.064936,1.068166,-0.380931,-0.219239
1.0,0.2,0.2,0.3,competitive,1.250198,1.19839,-0.43182,-0.365409
1.0,0.2,0.2,0.4,competitive,1.455522,1.295781,-0.473179,-0.448087
1.0,0.2,0.2,0.5,competitive,1.436183,1.316935,-0.587,-0.571339
1.0,0.2,0.2,0.6,competitive,1.639061,1.548355,-0.595799,-0.627908
1.0,0.2,0.2,0.7,competitive,1.696576,1.548754,-0.514566,-0.666899
1.0,0.2,0.2,0.8,competitive,1.818043,1.683426,-0.698151,-0.722152
1.0,0.2,0.2,0.9,competitive,1.939026,1.795463,-0.696898,-0.907561
1.0,0.2,0.2,1.0,competitive,2.044728,1.925112,-0.613758,-0.996768
1.0,0.2,0.3,0.0,competitive,0.822056,0.780283,-0.338056,0.041219
1.0,0.2,0.3,0.1,competitive,0.897335,0.881339,-0.313148,-0.052859
1.0,0.2,0.3,0.2,competitive,1.069195,0.993137,-0.233179,-0.189785
1.0,0.2,0.3,0.3,competitive,1.173745,1.171881,-0.335578,-0.286847
1.0,0.2,0.3,0.4,antifragile,1.268784,1.278468,-0.384966,-0.319954
1.0,0.2,0.3,0.5,competitive,1.435091,1.336437,-0.382332,-0.420521
1.0,0.2,0.3,0.6,competitive,1.561227,1.384701,-0.38981,-0.521582
1.0,0.2,0.3,0.7,competitive,1.705589,1.571764,-0.452488,-0.588046
1.0,0.2,0.3,0.8,competitive,1.744036,1.679016,-0.542121,-0.626785
1.0,0.2,0.3,0.9,antifragile,1.651956,1.707793,-0.57393,-0.724905
1.0,0.2,0.3,1.0,competitive,1.978601,1.822365,-0.634522,-0.791424
1.0,0.2,0.4,0.0,antifragile,0.797577,0.886993,-0.137652,0.267428
1.0,0.2,0.4,0.1,antifragile,0.853968,0.955822,-0.088353,0.131403
1.0,0.2,0.4,0.2,competitive,0.995376,0.994916,-0.204367,-0.004128
1.0,0.2,0.4,0.3,antifragile,1.167603,1.282488,-0.279951,-0.072367
1.0,0.2,0.4,0.4,antifragile,1.139251,1.223757,-0.333375,-0.116538
1.0,0.2,0.4,0.5,antifragile,1.301892,1.339672,-0.327537,-0.266185
1.0,0.2,0.4,0.6,competitive,1.420523,1.38574,-0.454391,-0.436371
1.0,0.2,0.4,0.7,antifragile,1.429465,1.524746,-0.450824,-0.405995
1.0,0.2,0.4,0.8,competitive,1.632033,1.518229,-0.470524,-0.646142
1.0,0.2,0.4,0.9,antifragile,1.67279,1.680487,-0.537268,-0.530754
1.0,0.2,0.4,1.0,competitive,1.87744,1.783609,-0.458656,-0.758723
1.0,0.2,0.5,0.0,antifragile,0.633391,0.857695,-0.100781,0.299252
1.0,0.2,0.5,0.1,antifragile,0.774639,0.939404,0.00487,0.202777
1.0,0.2,0.5,0.2,antifragile,0.876302,0.930132,-0.114486,0.071003
1.0,0.2,0.5,0.3,antifragile,0.973844,1.076328,-0.140424,-0.039531
1.0,0.2,0.5,0.4,antifragile,1.100603,1.142921,-0.294937,-0.092087
1.0,0.2,0.5,0.5,antifragile,1.223195,1.25115,-0.23817,-0.178149
1.0,0.2,0.5,0.6,antifragile,1.258229,1.412865,-0.317566,-0.226269
1.0,0.2,0.5,0.7,antifragile,1.346991,1.486841,-0.293807,-0.312411
1.0,0.2,0.5,0.8,antifragile,1.574627,1.607275,-0.350039,-0.372699
1.0,0.2,0.5,0.9,antifragile,1.621312,1.696064,-0.403911,-0.407469
1.0,0.2,0.5,1.0,competitive,1.763675,1.700727,-0.432348,-0.632561
1.0,0.2,0.6,0.0,antifragile,0.596424,0.817325,0.009546,0.338108
1.0,0.2,0.6,0.1,antifragile,0.676638,0.829802,-0.041923,0.279697
1.0,0.2,0.6,0.2,antifragile,0.811216,0.895803,-0.077724,0.339937
1.0,0.2,0.6,0.3,antifragile,0.98769,1.12549,-0.07781,0.1726
1.0,0.2,0.6,0.4,antifragile,0.980764,1.024762,-0.148511,0.026301
1.0,0.2,0.6,0.5,antifragile,1.111411,1.279149,-0.077454,-0.033411
1.0,0.2,0.6,0.6,antifragile,1.169824,1.340204,-0.167795,-0.125611
1.0,0.2,0.6,0.7,antifragile,1.289824,1.471229,-0.29714,-0.248929
1.0,0.2,0.6,0.8,antifragile,1.460805,1.500739,-0.297628,-0.289205
1.0,0.2,0.6,0.9,antifragile,1.547904,1.586616,-0.303556,-0.420878
1.0,0.2,0.6,1.0,competitive,1.742532,1.70993,-0.329605,-0.423343
1.0,0.2,0.7,0.0,antifragile,0.452256,0.696646,0.161483,0.44387
1.0,0.2,0.7,0.1,antifragile,0.516511,0.870349,0.074961,0.394655
1.0,0.2,0.7,0.2,antifragile,0.665066,0.895225,0.154057,0.39592
1.0,0.2,0.7,0.3,antifragile,0.758784,1.014368,0.034841,0.21121
1.0,0.2,0.7,0.4,antifragile,0.882064,1.110094,-0.079069,0.22982
1.0,0.2,0.7,0.5,antifragile,0.984282,1.214178,-0.069166,0.169307
1.0,0.2,0.7,0.6,antifragile,1.125685,1.421848,-0.133135,-0.006039
1.0,0.2,0.7,0.7,antifragile,1.286848,1.506004,-0.168225,-0.018192
1.0,0.2,0.7,0.8,antifragile,1.392371,1.466961,-0.195905,-0.167034
1.0,0.2,0.7,0.9,antifragile,1.408424,1.608209,-0.230999,-0.231263
1.0,0.2,0.7,1.0,antifragile,1.573492,1.661637,-0.152692,-0.324152
1.0,0.2,0.8,0.0,antifragile,0.444995,0.731903,0.285349,0.601199
1.0,0.2,0.8,0.1,antifragile,0.485554,0.782597,0.141402,0.568376
1.0,0.2,0.8,0.2,antifragile,0.587689,0.828642,0.114864,0.4507
1.0,0.2,0.8,0.3,antifragile,0.754037,0.922654,0.064355,0.34748
1.0,0.2,0.8,0.4,antifragile,0.857248,1.062727,0.102303,0.297646
1.0,0.2,0.8,0.5,antifragile,0.954489,1.240285,-0.050107,0.202641
1.0,0.2,0.8,0.6,antifragile,1.061055,1.289894,-0.09485,0.164826
1.0,0.2,0.8,0.7,antifragile,1.152386,1.381411,-0.081068,-0.11409
1.0,0.2,0.8,0.8,antifragile,1.287273,1.499401,-0.131072,-0.114226
1.0,0.2,0.8,0.9,antifragile,1.343229,1.61475,-0.170392,-0.123874
1.0,0.2,0.8,1.0,antifragile,1.463322,1.675769,-0.255842,-0.220113
1.0,0.2,0.9,0.0,unification,0.344814,0.629146,0.28126,0.817646
1.0,0.2,0.9,0.1,antifragile,0.437335,0.792619,0.274443,0.698651
1.0,0.2,0.9,0.2,antifragile,0.498477,0.920106,0.191574,0.545286
1.0,0.2,0.9,0.3,antifragile,0.550804,0.929168,0.143531,0.474431
1.0,0.2,0.9,0.4,antifragile,0.67122,1.073701,0.087676,0.452423
1.0,0.2,0.9,0.5,antifragile,0.87605,1.27865,0.07227,0.332016
1.0,0.2,0.9,0.6,antifragile,0.912683,1.186422,0.033988,0.2162
1.0,0.2,0.9,0.7,antifragile,1.000798,1.351834,-0.038601,0.198294
1.0,0.2,0.9,0.8,antifragile,1.212792,1.391764,0.044926,0.105059
1.0,0.2,0.9,0.9,antifragile,1.276356,1.441068,-0.150659,0.078633
1.0,0.2,0.9,1.0,antifragile,1.455982,1.704981,-0.012136,-0.016264
1.0,0.2,1.0,0.0,unification,0.211919,0.66799,0.345784,0.90193
1.0,0.2,1.0,0.1,antifragile,0.34728,0.773241,0.333727,0.703519
1.0,0.2,1.0,0.2,antifragile,0.344338,0.8538,0.274732,0.753261
1.0,0.2,1.0,0.3,antifragile,0.469138,0.993079,0.213119,0.708826
1.0,0.2,1.0,0.4,antifragile,0.562425,1.050167,0.173426,0.549557
1.0,0.2,1.0,0.5,antifragile,0.803817,1.160088,0.138845,0.434372
1.0,0.2,1.0,0.6,antifragile,0.781361,1.120401,0.098307,0.337264
1.0,0.2,1.0,0.7,antifragile,0.894685,1.294735,0.09838,0.294336
1.0,0.2,1.0,0.8,antifragile,1.040051,1.371047,0.044159,0.250852
1.0,0.2,1.0,0.9,antifragile,1.156161,1.411065,0.003942,0.10319
1.0,0.2,1.0,1.0,antifragile,1.219247,1.570036,-0.064245,0.036105
1.0,0.3,0.0,0.0,competitive,1.04599,1.008172,-0.329447,-0.255305
1.0,0.3,0.0,0.1,competitive,1.121774,1.114543,-0.404696,-0.393825
1.0,0.3,0.0,0.2,antifragile,1.153547,1.280897,-0.424422,-0.437131
1.0,0.3,0.0,0.3,antifragile,1.408163,1.46322,-0.550003,-0.496948
1.0,0.3,0.0,0.4,competitive,1.498357,1.333492,-0.59133,-0.53236
1.0,0.3,0.0,0.5,competitive,1.572289,1.475316,-0.637035,-0.648685
1.0,0.3,0.0,0.6,competitive,1.614925,1.554053,-0.642787,-0.766943
1.0,0.3,0.0,0.7,competitive,1.739945,1.652505,-0.587751,-0.826606
1.0,0.3,0.0,0.8,competitive,1.905769,1.81681,-0.72795,-0.901826
1.0,0.3,0.0,0.9,competitive,2.036341,1.838816,-0.685165,-0.993216
1.0,0.3,0.0,1.0,competitive,2.138116,2.068312,-0.748882,-1.136171
1.0,0.3,0.1,0.0,antifragile,0.941515,1.000664,-0.325437,-0.216199
1.0,0.3,0.1,0.1,antifragile,1.041743,1.142156,-0.262373,-0.185874
1.0,0.3,0.1,0.2,competitive,1.233502,1.198725,-0.35986,-0.274796
1.0,0.3,0.1,0.3,competitive,1.228349,1.221636,-0.438936,-0.393968
1.0,0.3,0.1,0.4,competitive,1.418308,1.307647,-0.478704,-0.414735
1.0,0.3,0.1,0.5,competitive,1.467158,1.465033,-0.488739,-0.44337
1.0,0.3,0.1,0.6,competitive,1.623015,1.582598,-0.500127,-0.604526
1.0,0.3,0.1,0.7,competitive,1.797411,1.646303,-0.541564,-0.708543
1.0,0.3,0.1,0.8,competitive,1.860171,1.845244,-0.619413,-0.772344
1.0,0.3,0.1,0.9,competitive,1.933811,1.785364,-0.581492,-0.80183
1.0,0.3,0.1,1.0,competitive,2.075985,1.918395,-0.737837,-0.932945
1.0,0.3,0.2,0.0,antifragile,0.791028,0.91601,-0.174533,0.046792
1.0,0.3,0.2,0.1,antifragile,0.938193,1.049667,-0.230595,-0.120803
1.0,0.3,0.2,0.2,antifragile,1.045994,1.074126,-0.228228,-0.020587
1.0,0.3,0.2,0.3,antifragile,1.178004,1.309553,-0.318082,-0.312322
1.0,0.3,0.2,0.4,competitive,1.39756,1.302717,-0.297646,-0.319197
1.0,0.3,0.2,0.5,competitive,1.454359,1.436646,-0.443192,-0.448235
1.0,0.3,0.2,0.6,competitive,1.622612,1.550984,-0.316129,-0.518378
1.0,0.3,0.2,0.7,competitive,1.650691,1.565804,-0.463511,-0.473845
1.0,0.3,0.2,0.8,antifragile,1.685809,1.690481,-0.46362,-0.664269
1.0,0.3,0.2,0.9,competitive,1.929806,1.807953,-0.54156,-0.739157
1.0,0.3,0.2,1.0,competitive,1.891212,1.850069,-0.654488,-1.005393
1.0,0.3,0.3,0.0,antifragile,0.750748,0.864965,-0.126951,0.186004
1.0,0.3,0.3,0.1,antifragile,0.817705,1.059491,-0.21901,0.01575
1.0,0.3,0.3,0.2,antifragile,1.062053,1.098609,-0.115609,0.08277
1.0,0.3,0.3,0.3,antifragile,1.064057,1.181713,-0.328013,-0.10541
1.0,0.3,0.3,0.4,antifragile,1.213963,1.348537,-0.190432,-0.256296
1.0,0.3,0.3,0.5,competitive,1.398555,1.390911,-0.281817,-0.29337
1.0,0.3,0.3,0.6,antifragile,1.376432,1.440059,-0.329485,-0.423208
1.0,0.3,0.3,0.7,antifragile,1.513979,1.574393,-0.398113,-0.549966
1.0,0.3,0.3,0.8,antifragile,1.476645,1.731952,-0.363725,-0.673084
1.0,0.3,0.3,0.9,antifragile,1.765909,1.795862,-0.526203,-0.585107
1.0,0.3,0.3,1.0,antifragile,1.91191,1.932969,-0.412758,-0.664995
1.0,0.3,0.4,0.0,antifragile,0.623427,0.895869,0.004272,0.335948
1.0,0.3,0.4,0.1,antifragile,0.762445,0.958384,-0.137697,0.218655
1.0,0.3,0.4,0.2,antifragile,0.895458,1.041674,-0.056473,0.072992
1.0,0.3,0.4,0.3,antifragile,0.928763,1.24654,-0.238155,0.01219
1.0,0.3,0.4,0.4,antifragile,1.099459,1.193062,-0.158729,-0.114673
1.0,0.3,0.4,0.5,antifragile,1.299179,1.420201,-0.203942,-0.289585
1.0,0.3,0.4,0.6,antifragile,1.297216,1.433362,-0.194482,-0.241101
1.0,0.3,0.4,0.7,antifragile,1.450845,1.610868,-0.213466,-0.262059
1.0,0.3,0.4,0.8,antifragile,1.57231,1.641408,-0.313253,-0.42165
1.0,0.3,0.4,0.9,antifragile,1.6943,1.721611,-0.329827,-0.502674
1.0,0.3,0.4,1.0,antifragile,1.784302,1.785186,-0.428681,-0.567674
1.0,0.3,0.5,0.0,antifragile,0.565885,0.74266,0.008298,0.402091
1.0,0.3,0.5,0.1,antifragile,0.760214,0.943371,0.005553,0.352613
1.0,0.3,0.5,0.2,antifragile,0.795545,1.087154,-0.024786,0.19469
1.0,0.3,0.5,0.3,antifragile,0.946098,1.178625,-0.066041,0.073789
1.0,0.3,0.5,0.4,antifragile,0.931541,1.163127,-0.121662,0.06083
1.0,0.3,0.5,0.5,antifragile,1.041718,1.254981,-0.111122,0.038436
1.0,0.3,0.5,0.6,antifragile,1.289439,1.337918,-0.150413,-0.07721
1.0,0.3,0.5,0.7,antifragile,1.320237,1.513156,-0.193325,-0.18561
1.0,0.3,0.5,0.8,antifragile,1.473856,1.656214,-0.239217,-0.326291
1.0,0.3,0.5,0.9,antifragile,1.542687,1.676041,-0.313053,-0.351914
1.0,0.3,0.5,1.0,antifragile,1.636362,1.863498,-0.379416,-0.454838
1.0,0.3,0.6,0.0,antifragile,0.526791,0.84744,0.062626,0.516663
1.0,0.3,0.6,0.1,antifragile,0.55811,0.853889,0.126144,0.362554
1.0,0.3,0.6,0.2,antifragile,0.71724,1.087799,0.090112,0.328359
1.0,0.3,0.6,0.3,antifragile,0.806965,1.155699,0.01972,0.231732
1.0,0.3,0.6,0.4,antifragile,0.878434,1.160296,0.039662,0.145701
1.0,0.3,0.6,0.5,antifragile,1.062761,1.3318,-0.092801,0.045246
1.0,0.3,0.6,0.6,antifragile,1.173863,1.402023,-0.093942,0.023086
1.0,0.3,0.6,0.7,antifragile,1.305622,1.488053,-0.153444,-0.079138
1.0,0.3,0.6,0.8,antifragile,1.324764,1.592136,-0.164904,-0.210793
1.0,0.3,0.6,0.9,antifragile,1.454762,1.663789,-0.168341,-0.298756
1.0,0.3,0.6,1.0,antifragile,1.544528,1.75632,-0.216802,-0.303634
1.0,0.3,0.7,0.0,antifragile,0.408094,0.825742,0.298112,0.642875
1.0,0.3,0.7,0.1,antifragile,0.464918,0.881129,0.131915,0.569736
1.0,0.3,0.7,0.2,antifragile,0.590417,0.985604,0.155753,0.445849
1.0,0.3,0.7,0.3,antifragile,0.73627,1.068759,0.088476,0.325104
1.0,0.3,0.7,0.4,antifragile,0.852798,1.109681,0.169741,0.359358
1.0,0.3,0.7,0.5,antifragile,0.865508,1.296375,0.096916,0.180695
1.0,0.3,0.7,0.6,antifragile,1.072555,1.353741,0.034092,0.102682
1.0,0.3,0.7,0.7,antifragile,1.215698,1.44783,-0.055854,0.072424
1.0,0.3,0.7,0.8,antifragile,1.320036,1.433184,-0.225203,-0.027916
1.0,0.3,0.7,0.9,antifragile,1.3519,1.578949,-0.138698,0.015556
1.0,0.3,0.7,1.0,antifragile,1.428496,1.784283,-0.198071,-0.287609
1.0,0.3,0.8,0.0,unification,0.274402,0.683931,0.246597,0.723755
1.0,0.3,0.8,0.1,antifragile,0.360488,0.842698,0.29343,0.635547
1.0,0.3,0.8,0.2,antifragile,0.556478,0.911792,0.237322,0.481537
1.0,0.3,0.8,0.3,antifragile,0.639106,1.152603,0.244749,0.496372
1.0,0.3,0.8,0.4,antifragile,0.687096,1.216605,0.15695,0.386328
1.0,0.3,0.8,0.5,antifragile,0.822581,1.333649,0.119092,0.357529
1.0,0.3,0.8,0.6,antifragile,0.954844,1.321739,0.063755,0.321116
1.0,0.3,0.8,0.7,antifragile,1.077203,1.349608,0.064706,0.159262
1.0,0.3,0.8,0.8,antifragile,1.204056,1.49842,-0.022053,0.124707
1.0,0.3,0.8,0.9,antifragile,1.387957,1.517056,-0.030898,-0.032008
1.0,0.3,0.8,1.0,antifragile,1.359406,1.597174,-0.056961,-0.114173
1.0,0.3,0.9,0.0,unification,0.18785,0.780135,0.388029,0.860909
1.0,0.3,0.9,0.1,unification,0.258201,0.769606,0.443321,0.830579
1.0,0.3,0.9,0.2,antifragile,0.499381,0.867971,0.348059,0.767391
1.0,0.3,0.9,0.3,antifragile,0.573966,1.084016,0.310101,0.629908
1.0,0.3,0.9,0.4,antifragile,0.53728,1.12084,0.279882,0.602378
1.0,0.3,0.9,0.5,antifragile,0.725272,1.193321,0.1305,0.37934
1.0,0.3,0.9,0.6,antifragile,0.900648,1.353327,0.23508,0.396923
1.0,0.3,0.9,0.7,antifragile,1.087298,1.365375,0.174912,0.224107
1.0,0.3,0.9,0.8,antifragile,0.937826,1.455932,0.083968,0.216728
1.0,0.3,0.9,0.9,antifragile,1.195692,1.593069,0.137015,0.156894
1.0,0.3,0.9,1.0,antifragile,1.276718,1.544371,-0.043765,0.10215
1.0,0.3,1.0,0.0,unification,0.099821,0.718933,0.527015,1.007216
1.0,0.3,1.0,0.1,unification,0.23066,0.746785,0.56636,0.877201
1.0,0.3,1.0,0.2,antifragile,0.401048,0.916539,0.445757,0.834006
1.0,0.3,1.0,0.3,antifragile,0.381011,0.912597,0.336261,0.773488
1.0,0.3,1.0,0.4,antifragile,0.609531,1.0807,0.347985,0.722122
1.0,0.3,1.0,0.5,antifragile,0.570502,1.049654,0.217615,0.631277
1.0,0.3,1.0,0.6,antifragile,0.684533,1.254508,0.209481,0.507759
1.0,0.3,1.0,0.7,antifragile,0.887917,1.362516,0.195042,0.450369
1.0,0.3,1.0,0.8,antifragile,1.078174,1.508236,0.15688,0.286748
1.0,0.3,1.0,0.9,antifragile,1.12478,1.63877,0.132341,0.286937
1.0,0.3,1.0,1.0,antifragile,1.264189,1.673602,0.158642,0.094159
1.0,0.4,0.0,0.0,antifragile,0.901839,1.082378,-0.178482,-0.058597
1.0,0.4,0.0,0.1,antifragile,1.057699,1.224909,-0.301079,-0.246321
1.0,0.4,0.0,0.2,antifragile,1.10355,1.263137,-0.33733,-0.239829
1.0,0.4,0.0,0.3,antifragile,1.30814,1.367712,-0.357086,-0.395958
1.0,0.4,0.0,0.4,antifragile,1.301043,1.40088,-0.360666,-0.466923
1.0,0.4,0.0,0.5,antifragile,1.434407,1.623353,-0.355091,-0.484774
1.0,0.4,0.0,0.6,antifragile,1.631199,1.66431,-0.481229,-0.621828
1.0,0.4,0.0,0.7,antifragile,1.751436,1.780371,-0.497294,-0.878849
1.0,0.4,0.0,0.8,competitive,1.887559,1.849975,-0.627873,-0.790098
1.0,0.4,0.0,0.9,competitive,1.955125,1.856459,-0.632129,-0.940294
1.0,0.4,0.0,1.0,antifragile,2.001324,2.058519,-0.671109,-0.965336
1.0,0.4,0.1,0.0,antifragile,0.896881,1.023305,-0.116123,0.072757
1.0,0.4,0.1,0.1,antifragile,1.012311,1.169995,-0.152277,-0.060252
1.0,0.4,0.1,0.2,antifragile,1.122443,1.176313,-0.238725,-0.145393
1.0,0.4,0.1,0.3,antifragile,1.186253,1.455119,-0.284571,-0.339126
1.0,0.4,0.1,0.4,antifragile,1.302756,1.466415,-0.358643,-0.336835
1.0,0.4,0.1,0.5,antifragile,1.40634,1.51702,-0.384912,-0.365153
1.0,0.4,0.1,0.6,competitive,1.628371,1.573024,-0.460347,-0.526875
1.0,0.4,0.1,0.7,competitive,1.700351,1.697099,-0.416688,-0.635616
1.0,0.4,0.1,0.8,competitive,1.82919,1.79023,-0.46253,-0.714798
1.0,0.4,0.1,0.9,antifragile,1.805391,1.899819,-0.509796,-0.716861
1.0,0.4,0.1,1.0,antifragile,1.875613,1.947452,-0.589362,-0.838995
1.0,0.4,0.2,0.0,antifragile,0.713523,1.005228,-0.102185,0.123222
1.0,0.4,0.2,0.1,antifragile,0.841267,1.054421,-0.095746,0.100649
1.0,0.4,0.2,0.2,antifragile,1.030671,1.255635,-0.088498,-0.048028
1.0,0.4,0.2,0.3,antifragile,1.193546,1.332806,-0.237493,-0.158433
1.0,0.4,0.2,0.4,antifragile,1.217545,1.434027,-0.241443,-0.258554
1.0,0.4,0.2,0.5,antifragile,1.359524,1.429156,-0.254806,-0.292843
1.0,0.4,0.2,0.6,antifragile,1.362877,1.668865,-0.309164,-0.439299
1.0,0.4,0.2,0.7,antifragile,1.542427,1.588494,-0.331945,-0.421945
1.0,0.4,0.2,0.8,competitive,1.785094,1.774893,-0.422946,-0.539665
1.0,0.4,0.2,0.9,antifragile,1.832017,1.890045,-0.388366,-0.596997
1.0,0.4,0.2,1.0,competitive,1.895317,1.889908,-0.542815,-0.798966
1.0,0.4,0.3,0.0,antifragile,0.620125,0.920882,0.107986,0.219657
1.0,0.4,0.3,0.1,antifragile,0.794993,1.057805,-0.015325,0.173503
1.0,0.4,0.3,0.2,antifragile,0.837201,1.194887,-0.098991,0.049331
1.0,0.4,0.3,0.3,antifragile,0.994677,1.300448,-0.136228,0.004589
1.0,0.4,0.3,0.4,antifragile,1.140142,1.367842,-0.134896,-0.155179
1.0,0.4,0.3,0.5,antifragile,1.236343,1.404264,-0.272999,-0.193132
1.0,0.4,0.3,0.6,antifragile,1.314058,1.69301,-0.17619,-0.215785
1.0,0.4,0.3,0.7,antifragile,1.429614,1.630737,-0.136422,-0.371796
1.0,0.4,0.3,0.8,antifragile,1.572746,1.827065,-0.341185,-0.41751
1.0,0.4,0.3,0.9,antifragile,1.669093,1.785561,-0.306252,-0.565766
1.0,0.4,0.3,1.0,antifragile,1.818793,1.946477,-0.340103,-0.60471
1.0,0.4,0.4,0.0,antifragile,0.609473,0.991309,0.029555,0.319577
1.0,0.4,0.4,0.1,antifragile,0.729088,1.076149,0.066775,0.340998
1.0,0.4,0.4,0.2,antifragile,0.79189,1.193357,0.016369,0.171063
1.0,0.4,0.4,0.3,antifragile,0.991243,1.266343,-0.042515,0.103486
1.0,0.4,0.4,0.4,antifragile,1.060044,1.269973,-0.043974,0.031564
1.0,0.4,0.4,0.5,antifragile,1.150738,1.313934,-0.145351,-0.032317
1.0,0.4,0.4,0.6,antifragile,1.302631,1.503442,-0.103872,-0.204078
1.0,0.4,0.4,0.7,antifragile,1.33757,1.618993,-0.183118,-0.176869
1.0,0.4,0.4,0.8,antifragile,1.457156,1.687644,-0.187319,-0.32687
1.0,0.4,0.4,0.9,antifragile,1.534617,1.818243,-0.308185,-0.314073
1.0,0.4,0.4,1.0,antifragile,1.597895,1.875087,-0.218669,-0.371208
1.0,0.4,0.5,0.0,antifragile,0.495438,0.960199,0.223756,0.480423
1.0,0.4,0.5,0.1,antifragile,0.63336,0.956921,0.066899,0.445213
1.0,0.4,0.5,0.2,antifragile,0.748157,1.035726,0.097863,0.275694
1.0,0.4,0.5,0.3,antifragile,0.806934,1.168176,0.102043,0.224995
1.0,0.4,0.5,0.4,antifragile,0.87691,1.370786,0.049745,0.209801
1.0,0.4,0.5,0.5,antifragile,1.08041,1.427052,0.006827,0.103256
1.0,0.4,0.5,0.6,antifragile,1.166366,1.453045,-0.010666,-0.01823
1.0,0.4,0.5,0.7,antifragile,1.275887,1.588504,-0.072273,-0.140717
1.0,0.4,0.5,0.8,antifragile,1.39006,1.61396,-0.126071,-0.136011
1.0,0.4,0.5,0.9,antifragile,1.579993,1.788885,-0.131802,-0.314388
1.0,0.4,0.5,1.0,antifragile,1.626909,1.799228,-0.154878,-0.398311
1.0,0.4,0.6,0.0,antifragile,0.361143,0.907737,0.353989,0.682893
1.0,0.4,0.6,0.1,antifragile,0.502301,0.915533,0.208608,0.551286
1.0,0.4,0.6,0.2,antifragile,0.62613,1.008556,0.254308,0.525396
1.0,0.4,0.6,0.3,antifragile,0.834248,1.071976,0.109569,0.387542
1.0,0.4,0.6,0.4,antifragile,0.850242,1.227522,0.06719,0.240114
1.0,0.4,0.6,0.5,antifragile,1.061308,1.273651,-0.007876,0.145591
1.0,0.4,0.6,0.6,antifragile,1.07961,1.426348,0.050681,0.084666
1.0,0.4,0.6,0.7,antifragile,1.184404,1.539238,0.068739,0.12395
1.0,0.4,0.6,0.8,antifragile,1.282453,1.672747,-0.041882,-0.011462
1.0,0.4,0.6,0.9,antifragile,1.419243,1.761796,-0.047346,-0.113771
1.0,0.4,0.6,1.0,antifragile,1.516839,1.872141,-0.136732,-0.248805
1.0,0.4,0.7,0.0,antifragile,0.24229,0.856265,0.389615,0.668805
1.0,0.4,0.7,0.1,antifragile,0.399311,0.96755,0.307816,0.672762
1.0,0.4,0.7,0.2,antifragile,0.585632,1.019594,0.294215,0.530954
1.0,0.4,0.7,0.3,antifragile,0.667577,1.053058,0.170162,0.474828
1.0,0.4,0.7,0.4,antifragile,0.787441,1.217624,0.155537,0.458874
1.0,0.4,0.7,0.5,antifragile,0.885938,1.362253,0.110463,0.401714
1.0,0.4,0.7,0.6,antifragile,1.059096,1.450582,0.139394,0.269822
1.0,0.4,0.7,0.7,antifragile,1.106533,1.431342,0.045067,0.154798
1.0,0.4,0.7,0.8,antifragile,1.148481,1.666743,0.060018,0.164117
1.0,0.4,0.7,0.9,antifragile,1.349507,1.620164,0.060349,-0.032533
1.0,0.4,0.7,1.0,antifragile,1.488227,1.860404,0.022585,-0.04133
1.0,0.4,0.8,0.0,unification,0.251669,0.799484,0.534255,0.893619
1.0,0.4,0.8,0.1,antifragile,0.320736,0.917096,0.457442,0.850601
1.0,0.4,0.8,0.2,antifragile,0.395695,1.044015,0.394467,0.692727
1.0,0.4,0.8,0.3,antifragile,0.518778,1.156504,0.396442,0.703489
1.0,0.4,0.8,0.4,antifragile,0.604604,1.169519,0.282848,0.615124
1.0,0.4,0.8,0.5,antifragile,0.820379,1.263808,0.2481,0.49069
1.0,0.4,0.8,0.6,antifragile,0.927384,1.454026,0.272826,0.432353
1.0,0.4,0.8,0.7,antifragile,0.96179,1.429856,0.110463,0.306158
1.0,0.4,0.8,0.8,antifragile,1.086522,1.589784,0.157002,0.212322
1.0,0.4,0.8,0.9,antifragile,1.265353,1.624215,0.007594,0.081205
1.0,0.4,0.8,1.0,antifragile,1.373395,1.843536,0.115531,0.021648
1.0,0.4,0.9,0.0,unification,0.189718,0.697382,0.604219,1.03317
1.0,0.4,0.9,0.1,unification,0.291507,0.766414,0.510242,1.014404
1.0,0.4,0.9,0.2,antifragile,0.377044,0.952765,0.434592,0.801368
1.0,0.4,0.9,0.3,antifragile,0.476918,0.991622,0.429985,0.807979
1.0,0.4,0.9,0.4,antifragile,0.561007,1.166679,0.364305,0.687246
1.0,0.4,0.9,0.5,antifragile,0.738018,1.263232,0.37052,0.608589
1.0,0.4,0.9,0.6,antifragile,0.845663,1.353315,0.304066,0.532086
1.0,0.4,0.9,0.7,antifragile,0.908881,1.454995,0.202931,0.321868
1.0,0.4,0.9,0.8,antifragile,1.027096,1.48753,0.303976,0.287385
1.0,0.4,0.9,0.9,antifragile,1.170571,1.586763,0.166068,0.186379
1.0,0.4,0.9,1.0,antifragile,1.181731,1.731491,0.107341,0.194313
1.0,0.4,1.0,0.0,unification,0.114574,0.652467,0.664637,1.081935
1.0,0.4,1.0,0.1,unification,0.143347,0.754906,0.5014,0.94774
1.0,0.4,1.0,0.2,antifragile,0.249776,0.923061,0.511426,0.870468
1.0,0.4,1.0,0.3,antifragile,0.282152,1.015506,0.529451,0.887389
1.0,0.4,1.0,0.4,antifragile,0.583395,1.108094,0.465772,0.788949
1.0,0.4,1.0,0.5,antifragile,0.560924,1.196788,0.451925,0.748878
1.0,0.4,1.0,0.6,antifragile,0.727878,1.379113,0.392874,0.636338
1.0,0.4,1.0,0.7,antifragile,0.89511,1.359248,0.401402,0.486303
1.0,0.4,1.0,0.8,antifragile,0.916699,1.398179,0.302562,0.51628
1.0,0.4,1.0,0.9,antifragile,0.99311,1.570859,0.238917,0.354246
1.0,0.4,1.0,1.0,antifragile,1.097607,1.681875,0.2885,0.254955
1.0,0.5,0.0,0.0,antifragile,0.886511,1.13611,-0.144782,0.013913
1.0,0.5,0.0,0.1,antifragile,0.965958,1.240882,-0.168525,-0.155288
1.0,0.5,0.0,0.2,antifragile,1.005047,1.208102,-0.225508,-0.128466
1.0,0.5,0.0,0.3,antifragile,1.168497,1.397655,-0.277692,-0.296749
1.0,0.5,0.0,0.4,antifragile,1.42513,1.465097,-0.352612,-0.384747
1.0,0.5,0.0,0.5,antifragile,1.428738,1.571327,-0.310704,-0.461515
1.0,0.5,0.0,0.6,antifragile,1.505601,1.659632,-0.36957,-0.474323
1.0,0.5,0.0,0.7,antifragile,1.685959,1.860377,-0.470626,-0.646993
1.0,0.5,0.0,0.8,antifragile,1.709068,1.884833,-0.498857,-0.714453
1.0,0.5,0.0,0.9,antifragile,1.899223,2.033504,-0.450349,-0.748974
1.0,0.5,0.0,1.0,antifragile,1.941869,2.076063,-0.467965,-0.816922
1.0,0.5,0.1,0.0,antifragile,0.829232,1.137533,-0.056398,0.156687
1.0,0.5,0.1,0.1,antifragile,0.876012,1.214758,-0.018664,0.117691
1.0,0.5,0.1,0.2,antifragile,1.034735,1.299696,-0.050613,-0.088228
1.0,0.5,0.1,0.3,antifragile,1.187292,1.381535,-0.153099,-0.152545
1.0,0.5,0.1,0.4,antifragile,1.16634,1.543579,-0.1798,-0.233459
1.0,0.5,0.1,0.5,antifragile,1.3525,1.548167,-0.32524,-0.308904
1.0,0.5,0.1,0.6,antifragile,1.374652,1.671892,-0.200705,-0.417067
1.0,0.5,0.1,0.7,antifragile,1.594546,1.723005,-0.321021,-0.513898
1.0,0.5,0.1,0.8,antifragile,1.695966,1.917324,-0.350378,-0.528223
1.0,0.5,0.1,0.9,antifragile,1.801684,1.932571,-0.334631,-0.665884
1.0,0.5,0.1,1.0,antifragile,1.806381,1.99393,-0.409213,-0.744347
1.0,0.5,0.2,0.0,antifragile,0.69964,1.043073,0.054045,0.304668
1.0,0.5,0.2,0.1,antifragile,0.881277,1.101533,0.051601,0.174836
1.0,0.5,0.2,0.2,antifragile,0.85384,1.269712,0.057424,0.043096
1.0,0.5,0.2,0.3,antifragile,1.013564,1.259704,-0.080838,0.003009
1.0,0.5,0.2,0.4,antifragile,1.233691,1.388285,-0.066804,-0.074966
1.0,0.5,0.2,0.5,antifragile,1.356704,1.538761,-0.157572,-0.132669
1.0,0.5,0.2,0.6,antifragile,1.379444,1.671784,-0.166937,-0.333773
1.0,0.5,0.2,0.7,antifragile,1.491106,1.744943,-0.271984,-0.330521
1.0,0.5,0.2,0.8,antifragile,1.483206,1.827765,-0.240762,-0.382025
1.0,0.5,0.2,0.9,antifragile,1.720038,1.865688,-0.388269,-0.46794
1.0,0.5,0.2,1.0,antifragile,1.815246,2.029659,-0.270936,-0.680361
1.0,0.5,0.3,0.0,antifragile,0.695153,0.991892,0.171247,0.374342
1.0,0.5,0.3,0.1,antifragile,0.697717,1.039554,0.056379,0.313351
1.0,0.5,0.3,0.2,antifragile,0.842752,1.257601,0.015419,0.242339
1.0,0.5,0.3,0.3,antifragile,0.938308,1.33664,0.035659,0.096425
1.0,0.5,0.3,0.4,antifragile,1.05761,1.423045,0.009324,0.110257
1.0,0.5,0.3,0.5,antifragile,1.123281,1.436681,-0.005667,-0.114318
1.0,0.5,0.3,0.6,antifragile,1.316679,1.544541,-0.141482,-0.138954
1.0,0.5,0.3,0.7,antifragile,1.302431,1.636499,-0.23366,-0.186539
1.0,0.5,0.3,0.8,antifragile,1.48442,1.780721,-0.193055,-0.305884
1.0,0.5,0.3,0.9,antifragile,1.570899,1.922818,-0.318158,-0.462132
1.0,0.5,0.3,1.0,antifragile,1.772911,1.983354,-0.371233,-0.459029
1.0,0.5,0.4,0.0,antifragile,0.435523,1.05002,0.261003,0.604863
1.0,0.5,0.4,0.1,antifragile,0.610051,1.019151,0.147972,0.389116
1.0,0.5,0.4,0.2,antifragile,0.754277,1.083422,0.134733,0.279278
1.0,0.5,0.4,0.3,antifragile,0.819352,1.339149,0.145135,0.281488
1.0,0.5,0.4,0.4,antifragile,0.986822,1.351777,0.052575,0.081371
1.0,0.5,0.4,0.5,antifragile,1.003307,1.466336,-0.04099,0.109488
1.0,0.5,0.4,0.6,antifragile,1.172515,1.540122,-0.055343,0.012538
1.0,0.5,0.4,0.7,antifragile,1.318891,1.605988,-0.091219,-0.104411
1.0,0.5,0.4,0.8,antifragile,1.411049,1.760414,-0.110111,-0.14459
1.0,0.5,0.4,0.9,antifragile,1.498212,1.770167,-0.07814,-0.216002
1.0,0.5,0.4,1.0,antifragile,1.546146,1.943926,-0.119971,-0.365212
1.0,0.5,0.5,0.0,antifragile,0.463582,1.005528,0.31341,0.732152
1.0,0.5,0.5,0.1,antifragile,0.567493,1.050103,0.251647,0.537638
1.0,0.5,0.5,0.2,antifragile,0.616777,1.084326,0.175042,0.447875
1.0,0.5,0.5,0.3,antifragile,0.795165,1.251326,0.188452,0.476018
1.0,0.5,0.5,0.4,antifragile,0.949143,1.284373,0.175221,0.225636
1.0,0.5,0.5,0.5,antifragile,0.988389,1.356346,0.069652,0.231194
1.0,0.5,0.5,0.6,antifragile,1.062277,1.466056,0.025623,0.067812
1.0,0.5,0.5,0.7,antifragile,1.215621,1.675137,0.01015,0.081475
1.0,0.5,0.5,0.8,antifragile,1.276337,1.704943,0.069196,-0.063892
1.0,0.5,0.5,0.9,antifragile,1.468498,1.768997,-0.061007,-0.18291
1.0,0.5,0.5,1.0,antifragile,1.528324,1.911973,-0.062168,-0.253958
1.0,0.5,0.6,0.0,antifragile,0.326638,0.974434,0.324552,0.626241
1.0,0.5,0.6,0.1,antifragile,0.412327,1.040507,0.349144,0.61719
1.0,0.5,0.6,0.2,antifragile,0.55857,1.086666,0.226722,0.562983
1.0,0.5,0.6,0.3,antifragile,0.702234,1.186105,0.189351,0.581291
1.0,0.5,0.6,0.4,antifragile,0.725339,1.313643,0.266756,0.431086
1.0,0.5,0.6,0.5,antifragile,0.873381,1.299182,0.243619,0.266671
1.0,0.5,0.6,0.6,antifragile,1.043606,1.540545,0.083934,0.178178
1.0,0.5,0.6,0.7,antifragile,1.085344,1.625981,0.075116,0.159694
1.0,0.5,0.6,0.8,antifragile,1.189896,1.714284,0.033255,0.033961
1.0,0.5,0.6,0.9,antifragile,1.273377,1.716835,0.078201,-0.032891
1.0,0.5,0.6,1.0,antifragile,1.387451,1.781448,-0.028523,-0.141042
1.0,0.5,0.7,0.0,antifragile,0.19447,0.841294,0.476089,0.816953
1.0,0.5,0.7,0.1,antifragile,0.339691,1.01928,0.402329,0.736795
1.0,0.5,0.7,0.2,antifragile,0.517763,1.065595,0.381268,0.731054
1.0,0.5,0.7,0.3,antifragile,0.570679,1.168495,0.271451,0.578026
1.0,0.5,0.7,0.4,antifragile,0.778122,1.207987,0.313433,0.622097
1.0,0.5,0.7,0.5,antifragile,0.82934,1.369521,0.229919,0.418834
1.0,0.5,0.7,0.6,antifragile,0.889542,1.466856,0.293628,0.370878
1.0,0.5,0.7,0.7,antifragile,0.986457,1.540168,0.216033,0.296843
1.0,0.5,0.7,0.8,antifragile,1.112563,1.583986,0.203851,0.181908
1.0,0.5,0.7,0.9,antifragile,1.247268,1.701167,0.074887,0.134869
1.0,0.5,0.7,1.0,antifragile,1.281679,1.771825,0.145436,0.066309
1.0,0.5,0.8,0.0,unification,0.175839,0.791375,0.566032,0.996316
1.0,0.5,0.8,0.1,antifragile,0.242886,0.935518,0.443455,0.811532
1.0,0.5,0.8,0.2,antifragile,0.389848,1.04308,0.487594,0.86848
1.0,0.5,0.8,0.3,antifragile,0.510578,1.204239,0.493972,0.747923
1.0,0.5,0.8,0.4,antifragile,0.602911,1.236228,0.318309,0.706
1.0,0.5,0.8,0.5,antifragile,0.734267,1.237123,0.432478,0.553594
1.0,0.5,0.8,0.6,antifragile,0.808788,1.407831,0.306406,0.609734
1.0,0.5,0.8,0.7,antifragile,0.911943,1.493778,0.275974,0.362581
1.0,0.5,0.8,0.8,antifragile,1.049592,1.563942,0.26004,0.267852
1.0,0.5,0.8,0.9,antifragile,1.115641,1.649753,0.168397,0.145669
1.0,0.5,0.8,1.0,antifragile,1.132739,1.778896,0.0782,0.236692
1.0,0.5,0.9,0.0,unification,0.04705,0.845429,0.655455,1.071866
1.0,0.5,0.9,0.1,unification,0.153968,0.942034,0.633776,1.083319
1.0,0.5,0.9,0.2,antifragile,0.252177,1.029207,0.529756,1.005544
1.0,0.5,0.9,0.3,antifragile,0.444,1.026298,0.533798,0.815231
1.0,0.5,0.9,0.4,antifragile,0.546393,1.133588,0.496129,0.821937
1.0,0.5,0.9,0.5,antifragile,0.618363,1.328082,0.454661,0.778331
1.0,0.5,0.9,0.6,antifragile,0.669918,1.360802,0.304018,0.60017
1.0,0.5,0.9,0.7,antifragile,0.77565,1.405657,0.282228,0.506346
1.0,0.5,0.9,0.8,antifragile,0.957694,1.593902,0.370097,0.49221
1.0,0.5,0.9,0.9,antifragile,0.998567,1.62787,0.289641,0.370426
1.0,0.5,0.9,1.0,antifragile,1.234005,1.745603,0.278381,0.267857
1.0,0.5,1.0,0.0,unification,-0.007113,0.794417,0.723884,1.2012
1.0,0.5,1.0,0.1,unification,0.098834,0.90216,0.69035,1.026858
1.0,0.5,1.0,0.2,unification,0.18617,0.998927,0.59601,1.133301
1.0,0.5,1.0,0.3,antifragile,0.274364,1.044013,0.615308,0.948935
1.0,0.5,1.0,0.4,antifragile,0.460593,1.218216,0.509995,0.900724
1.0,0.5,1.0,0.5,antifragile,0.619665,1.304971,0.444325,0.883352
1.0,0.5,1.0,0.6,antifragile,0.463949,1.375732,0.442161,0.762997
1.0,0.5,1.0,0.7,antifragile,0.757343,1.446693,0.474284,0.630201
1.0,0.5,1.0,0.8,antifragile,0.825055,1.581528,0.405285,0.541521
1.0,0.5,1.0,0.9,antifragile,0.956096,1.616762,0.347707,0.507156
1.0,0.5,1.0,1.0,antifragile,1.031487,1.801038,0.336192,0.308192
1.0,0.6,0.0,0.0,antifragile,0.813753,1.123484,-0.011376,0.112376
1.0,0.6,0.0,0.1,antifragile,0.943889,1.298319,-0.038932,0.13048
1.0,0.6,0.0,0.2,antifragile,0.98376,1.428283,-0.02033,-0.033133
1.0,0.6,0.0,0.3,antifragile,1.152938,1.502536,-0.145789,-0.160307
1.0,0.6,0.0,0.4,antifragile,1.217298,1.564621,-0.193454,-0.25611
1.0,0.6,0.0,0.5,antifragile,1.298209,1.595809,-0.241985,-0.335846
1.0,0.6,0.0,0.6,antifragile,1.465364,1.701188,-0.225416,-0.291611
1.0,0.6,0.0,0.7,antifragile,1.632477,1.781949,-0.304958,-0.538533
1.0,0.6,0.0,0.8,antifragile,1.689754,1.94265,-0.321302,-0.612469
1.0,0.6,0.0,0.9,antifragile,1.757524,2.072789,-0.350157,-0.688404
1.0,0.6,0.0,1.0,antifragile,1.835803,2.116362,-0.416128,-0.794312
1.0,0.6,0.1,0.0,antifragile,0.694587,1.11077,0.045633,0.223601
1.0,0.6,0.1,0.1,antifragile,0.833716,1.234478,0.097761,0.169891
1.0,0.6,0.1,0.2,antifragile,0.970241,1.258823,0.002591,0.056379
1.0,0.6,0.1,0.3,antifragile,1.076195,1.432705,0.033755,-0.056593
1.0,0.6,0.1,0.4,antifragile,1.114435,1.532061,-0.091488,-0.142178
1.0,0.6,0.1,0.5,antifragile,1.278663,1.585237,-0.102473,-0.264995
1.0,0.6,0.1,0.6,antifragile,1.35533,1.712846,-0.156534,-0.230049
1.0,0.6,0.1,0.7,antifragile,1.467777,1.822382,-0.208473,-0.313335
1.0,0.6,0.1,0.8,antifragile,1.513113,1.764784,-0.182317,-0.463427
1.0,0.6,0.1,0.9,antifragile,1.614831,1.981962,-0.310929,-0.501546
1.0,0.6,0.1,1.0,antifragile,1.834612,2.064128,-0.278551,-0.665546
1.0,0.6,0.2,0.0,antifragile,0.502474,1.107381,0.147102,0.275273
1.0,0.6,0.2,0.1,antifragile,0.760466,1.110082,0.114377,0.323347
1.0,0.6,0.2,0.2,antifragile,0.85284,1.300023,0.05629,0.208425
1.0,0.6,0.2,0.3,antifragile,0.975427,1.35277,-0.016542,0.154415
1.0,0.6,0.2,0.4,antifragile,1.152585,1.554736,-0.13132,0.09257
1.0,0.6,0.2,0.5,antifragile,1.138284,1.665033,-0.091927,-0.111414
1.0,0.6,0.2,0.6,antifragile,1.277497,1.649915,-0.097602,-0.092844
1.0,0.6,0.2,0.7,antifragile,1.45183,1.717806,-0.037984,-0.286531
1.0,0.6,0.2,0.8,antifragile,1.46978,1.986672,-0.141516,-0.342852
1.0,0.6,0.2,0.9,antifragile,1.623196,1.990278,-0.183132,-0.330978
1.0,0.6,0.2,1.0,antifragile,1.676739,2.017309,-0.28451,-0.521533
1.0,0.6,0.3,0.0,antifragile,0.532122,1.011813,0.259532,0.526637
1.0,0.6,0.3,0.1,antifragile,0.578869,1.128498,0.179477,0.399035
1.0,0.6,0.3,0.2,antifragile,0.741769,1.300267,0.213986,0.284579
1.0,0.6,0.3,0.3,antifragile,0.894584,1.418746,0.185477,0.250244
1.0,0.6,0.3,0.4,antifragile,0.967283,1.374819,0.064345,0.080302
1.0,0.6,0.3,0.5,antifragile,1.137006,1.526813,0.040679,0.039127
1.0,0.6,0.3,0.6,antifragile,1.119485,1.670627,0.030101,0.031679
1.0,0.6,0.3,0.7,antifragile,1.212389,1.795939,-0.041281,-0.061133
1.0,0.6,0.3,0.8,antifragile,1.278221,1.84551,-0.078676,-0.196033
1.0,0.6,0.3,0.9,antifragile,1.515086,1.890195,-0.185614,-0.333217
1.0,0.6,0.3,1.0,antifragile,1.631341,2.08057,-0.099657,-0.343484
1.0,0.6,0.4,0.0,antifragile,0.415564,1.133153,0.364045,0.649732
1.0,0.6,0.4,0.1,antifragile,0.483377,1.137777,0.228108,0.639082
1.0,0.6,0.4,0.2,antifragile,0.617951,1.189661,0.217536,0.431492
1.0,0.6,0.4,0.3,antifragile,0.80352,1.315152,0.212117,0.400955
1.0,0.6,0.4,0.4,antifragile,0.804132,1.447407,0.176733,0.244861
1.0,0.6,0.4,0.5,antifragile,0.996588,1.510665,-0.001194,0.26374
1.0,0.6,0.4,0.6,antifragile,1.160437,1.534696,0.05221,0.177681
1.0,0.6,0.4,0.7,antifragile,1.243223,1.714441,0.071794,0.043699
1.0,0.6,0.4,0.8,antifragile,1.266759,1.761768,0.059869,-0.027187
1.0,0.6,0.4,0.9,antifragile,1.4442,1.852603,0.019461,-0.193331
1.0,0.6,0.4,1.0,antifragile,1.614042,1.943732,-0.113577,-0.228491
1.0,0.6,0.5,0.0,antifragile,0.360631,0.999853,0.34886,0.766077
1.0,0.6,0.5,0.1,antifragile,0.508968,1.085946,0.297692,0.649435
1.0,0.6,0.5,0.2,antifragile,0.513357,1.088415,0.307589,0.656207
1.0,0.6,0.5,0.3,antifragile,0.675873,1.266348,0.330501,0.520555
1.0,0.6,0.5,0.4,antifragile,0.716709,1.468454,0.264889,0.450334
1.0,0.6,0.5,0.5,antifragile,0.870249,1.37224,0.209156,0.264885
1.0,0.6,0.5,0.6,antifragile,1.068557,1.49415,0.176328,0.26497
1.0,0.6,0.5,0.7,antifragile,1.141258,1.634952,0.045996,0.07465
1.0,0.6,0.5,0.8,antifragile,1.192138,1.684493,0.091227,0.026874
1.0,0.6,0.5,0.9,antifragile,1.27536,1.778866,-0.024597,-0.022821
1.0,0.6,0.5,1.0,antifragile,1.413305,1.946287,0.011131,-0.115166
1.0,0.6,0.6,0.0,unification,0.292365,0.886334,0.532634,0.889628
1.0,0.6,0.6,0.1,antifragile,0.360111,1.014601,0.461976,0.80743
1.0,0.6,0.6,0.2,antifragile,0.409996,1.180492,0.506941,0.696751
1.0,0.6,0.6,0.3,antifragile,0.655162,1.268748,0.393174,0.579964
1.0,0.6,0.6,0.4,antifragile,0.682948,1.290959,0.387162,0.492773
1.0,0.6,0.6,0.5,antifragile,0.898101,1.456917,0.319702,0.378823
1.0,0.6,0.6,0.6,antifragile,0.953274,1.518984,0.231796,0.327204
1.0,0.6,0.6,0.7,antifragile,0.96794,1.625495,0.211651,0.20932
1.0,0.6,0.6,0.8,antifragile,1.165738,1.826424,0.108799,0.184338
1.0,0.6,0.6,0.9,antifragile,1.332916,1.776131,0.161984,0.124625
1.0,0.6,0.6,1.0,antifragile,1.392913,2.001632,0.010508,0.029544
1.0,0.6,0.7,0.0,unification,0.144951,0.923011,0.587252,0.980293
1.0,0.6,0.7,0.1,antifragile,0.225636,0.969041,0.651281,0.840921
1.0,0.6,0.7,0.2,antifragile,0.451332,1.063248,0.509769,0.923409
1.0,0.6,0.7,0.3,antifragile,0.539742,1.138094,0.448149,0.738707
1.0,0.6,0.7,0.4,antifragile,0.661528,1.307363,0.417057,0.740998
1.0,0.6,0.7,0.5,antifragile,0.799017,1.434933,0.353694,0.437437
1.0,0.6,0.7,0.6,antifragile,0.766047,1.41781,0.341941,0.531896
1.0,0.6,0.7,0.7,antifragile,1.038791,1.65368,0.269515,0.412698
1.0,0.6,0.7,0.8,antifragile,1.070116,1.607026,0.221318,0.293463
1.0,0.6,0.7,0.9,antifragile,1.266497,1.799323,0.15927,0.208758
1.0,0.6,0.7,1.0,antifragile,1.29244,1.862444,0.167192,0.1816
1.0,0.6,0.8,0.0,unification,0.150074,0.950808,0.654988,1.111747
1.0,0.6,0.8,0.1,antifragile,0.174544,1.0378,0.610554,0.938828
1.0,0.6,0.8,0.2,antifragile,0.324125,1.106466,0.569734,1.042658
1.0,0.6,0.8,0.3,antifragile,0.382888,1.245885,0.483049,0.878819
1.0,0.6,0.8,0.4,antifragile,0.479567,1.266346,0.548077,0.751514
1.0,0.6,0.8,0.5,antifragile,0.595105,1.353871,0.657981,0.705113
1.0,0.6,0.8,0.6,antifragile,0.747155,1.481743,0.344197,0.656044
1.0,0.6,0.8,0.7,antifragile,0.885567,1.465806,0.510221,0.525152
1.0,0.6,0.8,0.8,antifragile,0.904161,1.665681,0.304558,0.359481
1.0,0.6,0.8,0.9,antifragile,1.056372,1.733623,0.231272,0.315986
1.0,0.6,0.8,1.0,antifragile,1.128347,1.822132,0.302384,0.277068
1.0,0.6,0.9,0.0,unification,-0.011634,0.763744,0.753596,1.190605
1.0,0.6,0.9,0.1,unification,0.014107,0.99388,0.648452,1.164705
1.0,0.6,0.9,0.2,unification,0.185641,0.997323,0.735994,1.044977
1.0,0.6,0.9,0.3,antifragile,0.293373,1.10325,0.643794,0.982024
1.0,0.6,0.9,0.4,antifragile,0.39491,1.188869,0.592933,0.87248
1.0,0.6,0.9,0.5,antifragile,0.626226,1.303731,0.571709,0.815452
1.0,0.6,0.9,0.6,antifragile,0.635545,1.469966,0.544009,0.763048
1.0,0.6,0.9,0.7,antifragile,0.787495,1.439281,0.497034,0.637629
1.0,0.6,0.9,0.8,antifragile,0.844355,1.788016,0.361318,0.560472
1.0,0.6,0.9,0.9,antifragile,0.971436,1.705906,0.3443,0.491251
1.0,0.6,0.9,1.0,antifragile,1.033813,1.819176,0.362831,0.382791
1.0,0.6,1.0,0.0,unification,-0.103633,0.899207,0.868907,1.37865
1.0,0.6,1.0,0.1,unification,0.031228,0.917011,0.827608,1.254706
1.0,0.6,1.0,0.2,unification,0.230534,1.019394,0.901317,1.310839
1.0,0.6,1.0,0.3,unification,0.20481,1.116976,0.738279,1.161688
1.0,0.6,1.0,0.4,antifragile,0.346563,1.260345,0.592044,0.999501
1.0,0.6,1.0,0.5,antifragile,0.440455,1.261668,0.553402,0.989193
1.0,0.6,1.0,0.6,antifragile,0.504651,1.356284,0.637743,0.921219
1.0,0.6,1.0,0.7,antifragile,0.641724,1.433163,0.519336,0.830734
1.0,0.6,1.0,0.8,antifragile,0.838565,1.596825,0.532351,0.624065
1.0,0.6,1.0,0.9,antifragile,0.913254,1.714286,0.488272,0.615094
1.0,0.6,1.0,1.0,antifragile,0.948413,1.828422,0.37204,0.51917
1.0,0.7,0.0,0.0,antifragile,0.747877,1.27205,0.157683,0.29696
1.0,0.7,0.0,0.1,antifragile,0.819894,1.426196,0.119391,0.137358
1.0,0.7,0.0,0.2,antifragile,0.930581,1.443021,0.001629,0.006128
1.0,0.7,0.0,0.3,antifragile,1.059128,1.386382,0.002917,0.016898
1.0,0.7,0.0,0.4,antifragile,1.151699,1.652498,-0.012398,-0.150946
1.0,0.7,0.0,0.5,antifragile,1.277212,1.664031,-0.111155,-0.127685
1.0,0.7,0.0,0.6,antifragile,1.416271,1.749123,-0.123791,-0.307785
1.0,0.7,0.0,0.7,antifragile,1.470763,1.956959,-0.047655,-0.266049
1.0,0.7,0.0,0.8,antifragile,1.61887,1.984198,-0.16403,-0.434924
1.0,0.7,0.0,0.9,antifragile,1.643707,2.160947,-0.314388,-0.464608
1.0,0.7,0.0,1.0,antifragile,1.86299,2.25799,-0.251874,-0.639392
1.0,0.7,0.1,0.0,antifragile,0.689267,1.161832,0.141126,0.273425
1.0,0.7,0.1,0.1,antifragile,0.738817,1.190569,0.221828,0.201454
1.0,0.7,0.1,0.2,antifragile,0.835997,1.353135,0.118585,0.151635
1.0,0.7,0.1,0.3,antifragile,1.021738,1.473155,0.069116,0.077486
1.0,0.7,0.1,0.4,antifragile,1.102483,1.629864,0.164749,-0.022056
1.0,0.7,0.1,0.5,antifragile,1.178175,1.559646,0.023992,-0.128263
1.0,0.7,0.1,0.6,antifragile,1.308772,1.811744,-0.070598,-0.191607
1.0,0.7,0.1,0.7,antifragile,1.470906,1.880535,-0.146489,-0.223013
1.0,0.7,0.1,0.8,antifragile,1.472315,1.993028,-0.123852,-0.238615
1.0,0.7,0.1,0.9,antifragile,1.578422,2.046355,-0.170612,-0.387265
1.0,0.7,0.1,1.0,antifragile,1.706684,2.01745,-0.176046,-0.482319
1.0,0.7,0.2,0.0,antifragile,0.503436,1.11991,0.216536,0.397083
1.0,0.7,0.2,0.1,antifragile,0.706936,1.268579,0.167434,0.531236
1.0,0.7,0.2,0.2,antifragile,0.708659,1.370729,0.195187,0.256852
1.0,0.7,0.2,0.3,antifragile,0.892484,1.420778,0.123152,0.300958
1.0,0.7,0.2,0.4,antifragile,1.016195,1.56096,0.104236,0.167608
1.0,0.7,0.2,0.5,antifragile,1.093656,1.64496,0.026423,-0.053709
1.0,0.7,0.2,0.6,antifragile,1.272807,1.714262,0.063586,-0.054223
1.0,0.7,0.2,0.7,antifragile,1.303812,1.886016,0.013193,0.005235
1.0,0.7,0.2,0.8,antifragile,1.469579,1.871592,-0.022918,-0.105885
1.0,0.7,0.2,0.9,antifragile,1.546014,2.032271,-0.014361,-0.392272
1.0,0.7,0.2,1.0,antifragile,1.680065,2.162341,-0.163377,-0.307735
1.0,0.7,0.3,0.0,antifragile,0.45474,1.025395,0.399531,0.614522
1.0,0.7,0.3,0.1,antifragile,0.561282,1.237306,0.272541,0.56859
1.0,0.7,0.3,0.2,antifragile,0.629387,1.375644,0.336952,0.521889
1.0,0.7,0.3,0.3,antifragile,0.808212,1.373814,0.203957,0.320971
1.0,0.7,0.3,0.4,antifragile,0.88637,1.455684,0.216243,0.234731
1.0,0.7,0.3,0.5,antifragile,0.973891,1.565956,0.121192,0.17289
1.0,0.7,0.3,0.6,antifragile,1.144192,1.635805,0.059812,0.096089
1.0,0.7,0.3,0.7,antifragile,1.16804,1.84183,0.045067,0.022405
1.0,0.7,0.3,0.8,antifragile,1.357699,1.806895,-0.002236,-0.096501
1.0,0.7,0.3,0.9,antifragile,1.484124,2.056577,0.092797,-0.086335
1.0,0.7,0.3,1.0,antifragile,1.493,2.016178,0.029373,-0.158722
1.0,0.7,0.4,0.0,antifragile,0.404786,1.11529,0.423547,0.825807
1.0,0.7,0.4,0.1,antifragile,0.438448,1.089473,0.445065,0.625861
1.0,0.7,0.4,0.2,antifragile,0.520072,1.3089,0.273586,0.592716
1.0,0.7,0.4,0.3,antifragile,0.672669,1.440068,0.347865,0.538692
1.0,0.7,0.4,0.4,antifragile,0.750781,1.370297,0.266886,0.430586
1.0,0.7,0.4,0.5,antifragile,0.918564,1.607538,0.272321,0.262529
1.0,0.7,0.4,0.6,antifragile,1.048232,1.653597,0.268541,0.183698
1.0,0.7,0.4,0.7,antifragile,1.101838,1.759845,0.235689,0.135033
1.0,0.7,0.4,0.8,antifragile,1.274827,1.836761,0.122878,0.117594
1.0,0.7,0.4,0.9,antifragile,1.360493,1.907872,0.059916,-0.040354
1.0,0.7,0.4,1.0,antifragile,1.430398,2.013104,0.047942,-0.095663
1.0,0.7,0.5,0.0,antifragile,0.225739,1.018972,0.511417,0.826833
1.0,0.7,0.5,0.1,antifragile,0.356029,1.180037,0.558199,0.764349
1.0,0.7,0.5,0.2,antifragile,0.45945,1.225937,0.454215,0.729604
1.0,0.7,0.5,0.3,antifragile,0.585181,1.297899,0.53258,0.545321
1.0,0.7,0.5,0.4,antifragile,0.760056,1.494486,0.357309,0.546996
1.0,0.7,0.5,0.5,antifragile,0.741159,1.516244,0.387975,0.446025
1.0,0.7,0.5,0.6,antifragile,0.936911,1.696712,0.330954,0.390412
1.0,0.7,0.5,0.7,antifragile,1.004471,1.582756,0.268653,0.270277
1.0,0.7,0.5,0.8,antifragile,1.193127,1.806234,0.212219,0.186533
1.0,0.7,0.5,0.9,antifragile,1.209515,1.802748,0.125719,0.044868
1.0,0.7,0.5,1.0,antifragile,1.37271,1.908349,0.106205,0.111473
1.0,0.7,0.6,0.0,antifragile,0.181271,1.007404,0.615775,1.000597
1.0,0.7,0.6,0.1,antifragile,0.268678,1.091743,0.547901,0.830353
1.0,0.7,0.6,0.2,antifragile,0.463649,1.150892,0.61503,0.781761
1.0,0.7,0.6,0.3,antifragile,0.447072,1.386795,0.421018,0.621769
1.0,0.7,0.6,0.4,antifragile,0.552681,1.378106,0.388111,0.62187
1.0,0.7,0.6,0.5,antifragile,0.633328,1.534373,0.435994,0.501707
1.0,0.7,0.6,0.6,antifragile,0.729224,1.529812,0.407509,0.533836
1.0,0.7,0.6,0.7,antifragile,0.94322,1.644928,0.306071,0.410218
1.0,0.7,0.6,0.8,antifragile,1.109076,1.757843,0.276306,0.349037
1.0,0.7,0.6,0.9,antifragile,1.249718,1.845669,0.259246,0.187428
1.0,0.7,0.6,1.0,antifragile,1.289015,1.908673,0.286093,0.184307
1.0,0.7,0.7,0.0,unification,0.181851,0.942,0.803518,1.127228
1.0,0.7,0.7,0.1,antifragile,0.19831,1.127905,0.608974,1.031675
1.0,0.7,0.7,0.2,antifragile,0.307181,1.180878,0.597816,0.91803
1.0,0.7,0.7,0.3,antifragile,0.405964,1.240476,0.583933,0.9244
1.0,0.7,0.7,0.4,antifragile,0.427175,1.38832,0.516389,0.766055
1.0,0.7,0.7,0.5,antifragile,0.590664,1.447308,0.480431,0.678753
1.0,0.7,0.7,0.6,antifragile,0.784156,1.571768,0.530999,0.575386
1.0,0.7,0.7,0.7,antifragile,0.899118,1.666675,0.424388,0.604272
1.0,0.7,0.7,0.8,antifragile,0.943086,1.737547,0.395247,0.375106
1.0,0.7,0.7,0.9,antifragile,1.148247,1.81967,0.361863,0.428987
1.0,0.7,0.7,1.0,antifragile,1.205751,1.922018,0.303321,0.214754
1.0,0.7,0.8,0.0,unification,-0.014029,0.927428,0.78991,1.308932
1.0,0.7,0.8,0.1,unification,0.161457,1.000619,0.743826,1.225039
1.0,0.7,0.8,0.2,unification,0.138801,1.113626,0.639692,1.192172
1.0,0.7,0.8,0.3,antifragile,0.373615,1.195188,0.663211,0.943912
1.0,0.7,0.8,0.4,antifragile,0.544568,1.200339,0.641372,0.896441
1.0,0.7,0.8,0.5,antifragile,0.503562,1.397436,0.503964,0.893491
1.0,0.7,0.8,0.6,antifragile,0.666281,1.550753,0.52077,0.797229
1.0,0.7,0.8,0.7,antifragile,0.776738,1.653646,0.533372,0.643318
1.0,0.7,0.8,0.8,antifragile,0.934984,1.90427,0.408441,0.553956
1.0,0.7,0.8,0.9,antifragile,0.930316,1.810736,0.436289,0.572133
1.0,0.7,0.8,1.0,antifragile,1.092169,1.932593,0.281017,0.397589
1.0,0.7,0.9,0.0,unification,-0.12849,0.929614,0.927566,1.335003
1.0,0.7,0.9,0.1,unification,0.052029,0.977154,0.832365,1.300567
1.0,0.7,0.9,0.2,unification,0.084801,1.040046,0.833363,1.161132
1.0,0.7,0.9,0.3,unification,0.308984,1.096246,0.796767,1.110412
1.0,0.7,0.9,0.4,antifragile,0.350321,1.287368,0.637705,1.081104
1.0,0.7,0.9,0.5,antifragile,0.443485,1.333287,0.778227,0.922556
1.0,0.7,0.9,0.6,antifragile,0.531818,1.510646,0.643174,0.905496
1.0,0.7,0.9,0.7,antifragile,0.689171,1.612757,0.692623,0.732107
1.0,0.7,0.9,0.8,antifragile,0.772056,1.579869,0.568999,0.691256
1.0,0.7,0.9,0.9,antifragile,0.968138,1.753569,0.505789,0.609787
1.0,0.7,0.9,1.0,antifragile,1.003292,1.868402,0.481323,0.541947
1.0,0.7,1.0,0.0,unification,-0.186394,0.892504,0.985856,1.473682
1.0,0.7,1.0,0.1,unification,-0.069084,0.951204,0.853649,1.38071
1.0,0.7,1.0,0.2,unification,0.083032,1.097308,0.891928,1.269338
1.0,0.7,1.0,0.3,antifragile,0.203937,1.2426,0.864669,1.234861
1.0,0.7,1.0,0.4,antifragile,0.221804,1.244302,0.770257,1.140046
1.0,0.7,1.0,0.5,antifragile,0.43946,1.384157,0.737853,1.069392
1.0,0.7,1.0,0.6,antifragile,0.484758,1.413334,0.647826,1.021401
1.0,0.7,1.0,0.7,antifragile,0.654095,1.499629,0.642344,0.940389
1.0,0.7,1.0,0.8,antifragile,0.671703,1.555666,0.612799,0.8778
1.0,0.7,1.0,0.9,antifragile,0.788831,1.687585,0.571451,0.667459
1.0,0.7,1.0,1.0,antifragile,0.859122,1.801883,0.484862,0.620079
1.0,0.8,0.0,0.0,antifragile,0.663174,1.27884,0.212967,0.300084
1.0,0.8,0.0,0.1,antifragile,0.739433,1.372262,0.211034,0.261351
1.0,0.8,0.0,0.2,antifragile,0.834805,1.454155,0.122314,0.139078
1.0,0.8,0.0,0.3,antifragile,0.995349,1.545922,0.044622,0.073438
1.0,0.8,0.0,0.4,antifragile,1.080515,1.563799,0.023654,0.05159
1.0,0.8,0.0,0.5,antifragile,1.175506,1.695077,0.074136,-0.047524
1.0,0.8,0.0,0.6,antifragile,1.344769,1.790736,-0.03422,-0.15054
1.0,0.8,0.0,0.7,antifragile,1.431341,2.039289,-0.055794,-0.180809
1.0,0.8,0.0,0.8,antifragile,1.644415,2.105806,-0.09213,-0.262619
1.0,0.8,0.0,0.9,antifragile,1.646377,2.113052,-0.097948,-0.36082
1.0,0.8,0.0,1.0,antifragile,1.775356,2.201623,-0.204146,-0.55034
1.0,0.8,0.1,0.0,antifragile,0.568115,1.236827,0.346521,0.412041
1.0,0.8,0.1,0.1,antifragile,0.675206,1.309875,0.262125,0.462262
1.0,0.8,0.1,0.2,antifragile,0.844081,1.465783,0.229688,0.30553
1.0,0.8,0.1,0.3,antifragile,0.9502,1.595512,0.264941,0.254459
1.0,0.8,0.1,0.4,antifragile,1.001998,1.639584,0.182758,0.124995
1.0,0.8,0.1,0.5,antifragile,1.100384,1.85237,0.084979,0.102596
1.0,0.8,0.1,0.6,antifragile,1.19428,1.788782,0.018905,-0.070973
1.0,0.8,0.1,0.7,antifragile,1.360871,1.914915,0.11702,-0.108699
1.0,0.8,0.1,0.8,antifragile,1.447776,1.982856,-0.063636,-0.165534
1.0,0.8,0.1,0.9,antifragile,1.541541,2.008221,0.000366,-0.308724
1.0,0.8,0.1,1.0,antifragile,1.67653,2.193306,-0.08449,-0.415217
1.0,0.8,0.2,0.0,antifragile,0.539809,1.153566,0.267191,0.652427
1.0,0.8,0.2,0.1,antifragile,0.62079,1.225258,0.349719,0.579002
1.0,0.8,0.2,0.2,antifragile,0.760597,1.410624,0.351345,0.475843
1.0,0.8,0.2,0.3,antifragile,0.793142,1.420551,0.25694,0.411212
1.0,0.8,0.2,0.4,antifragile,0.96574,1.580172,0.213329,0.356735
1.0,0.8,0.2,0.5,antifragile,1.026201,1.696869,0.129673,0.182198
1.0,0.8,0.2,0.6,antifragile,1.18431,1.691528,0.148066,0.120446
1.0,0.8,0.2,0.7,antifragile,1.311425,1.9038,0.194658,0.056591
1.0,0.8,0.2,0.8,antifragile,1.394481,1.902233,0.020794,0.014031
1.0,0.8,0.2,0.9,antifragile,1.437326,2.017908,-0.085379,-0.101988
1.0,0.8,0.2,1.0,antifragile,1.514049,2.098985,0.044716,-0.350439
1.0,0.8,0.3,0.0,antifragile,0.447937,1.113538,0.467655,0.696208
1.0,0.8,0.3,0.1,antifragile,0.423504,1.212056,0.393636,0.588451
1.0,0.8,0.3,0.2,antifragile,0.677125,1.296523,0.300648,0.461778
1.0,0.8,0.3,0.3,antifragile,0.731782,1.353297,0.346091,0.578478
1.0,0.8,0.3,0.4,antifragile,0.829096,1.551204,0.288517,0.394331
1.0,0.8,0.3,0.5,antifragile,0.91921,1.645436,0.357857,0.288648
1.0,0.8,0.3,0.6,antifragile,1.000605,1.721223,0.283007,0.208079
1.0,0.8,0.3,0.7,antifragile,1.163327,1.845568,0.30263,0.186126
1.0,0.8,0.3,0.8,antifragile,1.216364,1.805439,0.162519,0.019743
1.0,0.8,0.3,0.9,antifragile,1.345711,1.9602,0.089737,-0.056261
1.0,0.8,0.3,1.0,antifragile,1.474215,2.071362,0.039144,-0.088499
1.0,0.8,0.4,0.0,antifragile,0.289872,1.120224,0.557531,0.815248
1.0,0.8,0.4,0.1,antifragile,0.47184,1.316616,0.581925,0.686789
1.0,0.8,0.4,0.2,antifragile,0.476919,1.3454,0.442495,0.654947
1.0,0.8,0.4,0.3,antifragile,0.551434,1.386884,0.398922,0.48545
1.0,0.8,0.4,0.4,antifragile,0.787572,1.520835,0.333219,0.563396
1.0,0.8,0.4,0.5,antifragile,0.846345,1.652963,0.396713,0.396234
1.0,0.8,0.4,0.6,antifragile,0.983445,1.725561,0.372777,0.399872
1.0,0.8,0.4,0.7,antifragile,1.163915,1.83263,0.240774,0.273865
1.0,0.8,0.4,0.8,antifragile,1.117547,1.940469,0.197186,0.291557
1.0,0.8,0.4,0.9,antifragile,1.265379,1.972803,0.176766,0.059154
1.0,0.8,0.4,1.0,antifragile,1.363483,2.081584,0.160882,-0.011349
1.0,0.8,0.5,0.0,unification,0.215325,1.057858,0.644751,1.073291
1.0,0.8,0.5,0.1,antifragile,0.281346,1.164831,0.547259,0.883083
1.0,0.8,0.5,0.2,antifragile,0.438729,1.24857,0.50829,0.833075
1.0,0.8,0.5,0.3,antifragile,0.553364,1.400699,0.463045,0.798527
1.0,0.8,0.5,0.4,antifragile,0.615606,1.414615,0.536227,0.711764
1.0,0.8,0.5,0.5,antifragile,0.734233,1.518364,0.467115,0.493377
1.0,0.8,0.5,0.6,antifragile,0.987579,1.603394,0.422808,0.466963
1.0,0.8,0.5,0.7,antifragile,0.924012,1.70321,0.421386,0.408363
1.0,0.8,0.5,0.8,antifragile,1.045194,1.817004,0.284318,0.349052
1.0,0.8,0.5,0.9,antifragile,1.236116,1.966367,0.297688,0.251332
1.0,0.8,0.5,1.0,antifragile,1.217552,2.048757,0.298422,0.14655
1.0,0.8,0.6,0.0,unification,0.112648,1.0182,0.70153,1.083835
1.0,0.8,0.6,0.1,antifragile,0.231151,1.120746,0.59883,1.064887
1.0,0.8,0.6,0.2,antifragile,0.356111,1.257763,0.603158,0.915387
1.0,0.8,0.6,0.3,antifragile,0.465949,1.336322,0.575103,0.919982
1.0,0.8,0.6,0.4,antifragile,0.507644,1.280747,0.574366,0.776495
1.0,0.8,0.6,0.5,antifragile,0.662899,1.54509,0.502151,0.736306
1.0,0.8,0.6,0.6,antifragile,0.701691,1.618929,0.45871,0.650338
1.0,0.8,0.6,0.7,antifragile,0.840275,1.718547,0.454257,0.524791
1.0,0.8,0.6,0.8,antifragile,0.953505,1.828284,0.411431,0.44717
1.0,0.8,0.6,0.9,antifragile,1.178721,1.910802,0.320246,0.443051
1.0,0.8,0.6,1.0,antifragile,1.258955,2.032701,0.320868,0.296985
1.0,0.8,0.7,0.0,unification,-0.082869,1.092312,0.859816,1.226147
1.0,0.8,0.7,0.1,unification,0.173547,1.140942,0.724531,1.158946
1.0,0.8,0.7,0.2,antifragile,0.258751,1.198308,0.724038,1.110063
1.0,0.8,0.7,0.3,antifragile,0.3588,1.393891,0.66234,1.000473
1.0,0.8,0.7,0.4,antifragile,0.413977,1.428874,0.599282,0.90941
1.0,0.8,0.7,0.5,antifragile,0.629031,1.492599,0.565467,0.857254
1.0,0.8,0.7,0.6,antifragile,0.69801,1.580739,0.526612,0.644482
1.0,0.8,0.7,0.7,antifragile,0.90258,1.651341,0.485353,0.655733
1.0,0.8,0.7,0.8,antifragile,0.849095,1.799907,0.562553,0.502106
1.0,0.8,0.7,0.9,antifragile,0.995063,1.891542,0.394094,0.424456
1.0,0.8,0.7,1.0,antifragile,1.114162,2.063037,0.37236,0.37086
1.0,0.8,0.8,0.0,unification,0.053979,1.019758,0.815287,1.348323
1.0,0.8,0.8,0.1,unification,0.069248,1.147334,0.929643,1.303004
1.0,0.8,0.8,0.2,unification,0.185846,1.105048,0.785372,1.125136
1.0,0.8,0.8,0.3,antifragile,0.311525,1.283831,0.785316,1.182177
1.0,0.8,0.8,0.4,antifragile,0.396909,1.416906,0.777817,1.062693
1.0,0.8,0.8,0.5,antifragile,0.427867,1.503712,0.723657,0.914555
1.0,0.8,0.8,0.6,antifragile,0.624224,1.614292,0.655091,0.812522
1.0,0.8,0.8,0.7,antifragile,0.664829,1.575238,0.611569,0.794511
1.0,0.8,0.8,0.8,antifragile,0.896686,1.699711,0.597962,0.681132
1.0,0.8,0.8,0.9,antifragile,0.91957,1.75851,0.489458,0.685732
1.0,0.8,0.8,1.0,antifragile,1.080463,1.944143,0.523093,0.547172
1.0,0.8,0.9,0.0,unification,-0.182412,0.924645,0.954207,1.493445
1.0,0.8,0.9,0.1,unification,-0.10753,1.0068,0.970303,1.382353
1.0,0.8,0.9,0.2,unification,-0.027529,1.116039,0.932275,1.3208
1.0,0.8,0.9,0.3,antifragile,0.085512,1.281615,0.852676,1.246953
1.0,0.8,0.9,0.4,antifragile,0.332236,1.318811,0.729547,1.232776
1.0,0.8,0.9,0.5,antifragile,0.279616,1.403372,0.849784,1.025136
1.0,0.8,0.9,0.6,antifragile,0.468093,1.504164,0.735967,0.931986
1.0,0.8,0.9,0.7,antifragile,0.578207,1.663737,0.67844,0.915124
1.0,0.8,0.9,0.8,antifragile,0.674358,1.774222,0.711882,0.800519
1.0,0.8,0.9,0.9,antifragile,0.862067,1.876094,0.574909,0.667205
1.0,0.8,0.9,1.0,antifragile,0.958697,1.83036,0.507389,0.554839
1.0,0.8,1.0,0.0,unification,-0.242577,0.808226,1.049831,1.438484
1.0,0.8,1.0,0.1,unification,-0.118107,1.030244,1.019378,1.584082
1.0,0.8,1.0,0.2,unification,0.009775,1.060431,0.946128,1.484182
1.0,0.8,1.0,0.3,unification,0.114238,1.181547,0.862023,1.401463
1.0,0.8,1.0,0.4,unification,0.193338,1.287103,0.768042,1.296641
1.0,0.8,1.0,0.5,antifragile,0.296948,1.357992,0.828174,1.190542
1.0,0.8,1.0,0.6,antifragile,0.433398,1.460893,0.857966,1.042385
1.0,0.8,1.0,0.7,antifragile,0.487383,1.609314,0.769777,1.10084
1.0,0.8,1.0,0.8,antifragile,0.643847,1.611599,0.671549,0.96922
1.0,0.8,1.0,0.9,antifragile,0.709642,1.810838,0.682986,0.857099
1.0,0.8,1.0,1.0,antifragile,0.833229,1.872774,0.706468,0.760957
1.0,0.9,0.0,0.0,antifragile,0.60805,1.220069,0.355781,0.481151
1.0,0.9,0.0,0.1,antifragile,0.671894,1.280445,0.211569,0.406368
1.0,0.9,0.0,0.2,antifragile,0.812675,1.515468,0.254638,0.250072
1.0,0.9,0.0,0.3,antifragile,0.853598,1.484543,0.221231,0.320284
1.0,0.9,0.0,0.4,antifragile,1.010405,1.646988,0.176281,0.133216
1.0,0.9,0.0,0.5,antifragile,1.038185,1.792708,0.12957,0.046471
1.0,0.9,0.0,0.6,antifragile,1.334415,1.869936,0.18613,-0.071357
1.0,0.9,0.0,0.7,antifragile,1.269495,1.929508,0.113664,-0.152929
1.0,0.9,0.0,0.8,antifragile,1.383696,2.082014,-0.004174,-0.171277
1.0,0.9,0.0,0.9,antifragile,1.53142,2.113834,0.057969,-0.326633
1.0,0.9,0.0,1.0,antifragile,1.633226,2.278084,-0.204331,-0.333361
1.0,0.9,0.1,0.0,antifragile,0.574424,1.313262,0.367945,0.568835
1.0,0.9,0.1,0.1,antifragile,0.598217,1.383258,0.460698,0.598445
1.0,0.9,0.1,0.2,antifragile,0.694238,1.433435,0.300919,0.467224
1.0,0.9,0.1,0.3,antifragile,0.868995,1.558414,0.299939,0.455653
1.0,0.9,0.1,0.4,antifragile,0.959,1.547355,0.258286,0.275073
1.0,0.9,0.1,0.5,antifragile,1.021528,1.808088,0.203511,0.130766
1.0,0.9,0.1,0.6,antifragile,1.109491,1.873725,0.112255,0.070352
1.0,0.9,0.1,0.7,antifragile,1.29736,1.866982,0.088136,-0.074755
1.0,0.9,0.1,0.8,antifragile,1.320222,2.003877,0.088137,-0.120836
1.0,0.9,0.1,0.9,antifragile,1.45589,2.173984,0.076696,-0.053279
1.0,0.9,0.1,1.0,antifragile,1.55135,2.19754,0.027709,-0.270724
1.0,0.9,0.2,0.0,antifragile,0.393671,1.139116,0.486465,0.773886
1.0,0.9,0.2,0.1,antifragile,0.600184,1.402439,0.471294,0.669059
1.0,0.9,0.2,0.2,antifragile,0.631525,1.397285,0.377042,0.572414
1.0,0.9,0.2,0.3,antifragile,0.719494,1.561964,0.265972,0.466323
1.0,0.9,0.2,0.4,antifragile,0.895461,1.64382,0.295849,0.324548
1.0,0.9,0.2,0.5,antifragile,0.942693,1.749259,0.330815,0.310773
1.0,0.9,0.2,0.6,antifragile,1.087103,1.817873,0.294967,0.266871
1.0,0.9,0.2,0.7,antifragile,1.142756,1.855709,0.261445,0.109462
1.0,0.9,0.2,0.8,antifragile,1.177679,2.066369,0.197702,0.060471
1.0,0.9,0.2,0.9,antifragile,1.375755,2.13186,0.080839,-0.034823
1.0,0.9,0.2,1.0,antifragile,1.509114,2.21255,0.019575,-0.090308
1.0,0.9,0.3,0.0,antifragile,0.284067,1.167423,0.511923,0.966629
1.0,0.9,0.3,0.1,antifragile,0.408593,1.307283,0.497409,0.693531
1.0,0.9,0.3,0.2,antifragile,0.565731,1.322501,0.575179,0.775027
1.0,0.9,0.3,0.3,antifragile,0.596227,1.461939,0.342842,0.512849
1.0,0.9,0.3,0.4,antifragile,0.776594,1.642726,0.390911,0.483476
1.0,0.9,0.3,0.5,antifragile,0.775941,1.61849,0.456432,0.445502
1.0,0.9,0.3,0.6,antifragile,0.875243,1.798325,0.468559,0.325299
1.0,0.9,0.3,0.7,antifragile,1.041683,1.89408,0.360321,0.30108
1.0,0.9,0.3,0.8,antifragile,1.169145,1.938974,0.183786,0.113511
1.0,0.9,0.3,0.9,antifragile,1.313035,2.028272,0.242321,0.078069
1.0,0.9,0.3,1.0,antifragile,1.408089,2.15097,0.227306,0.047435
1.0,0.9,0.4,0.0,antifragile,0.214142,1.154786,0.673206,0.940799
1.0,0.9,0.4,0.1,antifragile,0.379313,1.231896,0.627007,0.903811
1.0,0.9,0.4,0.2,antifragile,0.450501,1.368446,0.588167,0.892241
1.0,0.9,0.4,0.3,antifragile,0.548764,1.437436,0.644878,0.686114
1.0,0.9,0.4,0.4,antifragile,0.744743,1.44523,0.494914,0.556514
1.0,0.9,0.4,0.5,antifragile,0.696894,1.662643,0.489276,0.524584
1.0,0.9,0.4,0.6,antifragile,0.956685,1.791718,0.432421,0.379571
1.0,0.9,0.4,0.7,antifragile,1.032943,1.805866,0.409611,0.424885
1.0,0.9,0.4,0.8,antifragile,1.074938,1.988939,0.336025,0.32694
1.0,0.9,0.4,0.9,antifragile,1.242758,2.065616,0.402211,0.173891
1.0,0.9,0.4,1.0,antifragile,1.258358,2.09893,0.427182,0.197529
1.0,0.9,0.5,0.0,unification,0.097495,1.112615,0.759244,1.11865
1.0,0.9,0.5,0.1,antifragile,0.267059,1.259144,0.779835,1.120143
1.0,0.9,0.5,0.2,antifragile,0.338323,1.309314,0.661787,0.921158
1.0,0.9,0.5,0.3,antifragile,0.473447,1.446779,0.726309,0.814551
1.0,0.9,0.5,0.4,antifragile,0.582931,1.467967,0.620244,0.89863
1.0,0.9,0.5,0.5,antifragile,0.66816,1.727624,0.518152,0.656986
1.0,0.9,0.5,0.6,antifragile,0.767869,1.708743,0.512294,0.633198
1.0,0.9,0.5,0.7,antifragile,0.757615,1.746007,0.574724,0.439619
1.0,0.9,0.5,0.8,antifragile,0.987169,1.920625,0.437726,0.382507
1.0,0.9,0.5,0.9,antifragile,1.137255,2.026792,0.370152,0.36037
1.0,0.9,0.5,1.0,antifragile,1.268039,2.134023,0.378503,0.340473
1.0,0.9,0.6,0.0,unification,0.037366,1.045849,0.834076,1.290603
1.0,0.9,0.6,0.1,unification,0.100328,1.077904,0.827987,1.122806
1.0,0.9,0.6,0.2,antifragile,0.367406,1.298324,0.826859,1.035475
1.0,0.9,0.6,0.3,antifragile,0.394696,1.398576,0.793972,0.984568
1.0,0.9,0.6,0.4,antifragile,0.448818,1.526931,0.64929,0.849133
1.0,0.9,0.6,0.5,antifragile,0.582797,1.553694,0.645836,0.771603
1.0,0.9,0.6,0.6,antifragile,0.750999,1.720275,0.646532,0.756593
1.0,0.9,0.6,0.7,antifragile,0.712598,1.765815,0.60789,0.702035
1.0,0.9,0.6,0.8,antifragile,0.904805,1.920176,0.540368,0.420851
1.0,0.9,0.6,0.9,antifragile,1.020039,1.907993,0.454394,0.517602
1.0,0.9,0.6,1.0,antifragile,1.149873,2.019079,0.411169,0.401902
1.0,0.9,0.7,0.0,unification,-0.064218,1.094829,0.888684,1.335971
1.0,0.9,0.7,0.1,unification,-0.000978,1.127325,0.998889,1.233177
1.0,0.9,0.7,0.2,antifragile,0.141328,1.208796,0.840837,1.181381
1.0,0.9,0.7,0.3,antifragile,0.335916,1.324716,0.81571,1.006296
1.0,0.9,0.7,0.4,antifragile,0.341762,1.494286,0.727209,1.05338
1.0,0.9,0.7,0.5,antifragile,0.448718,1.526353,0.815745,0.967253
1.0,0.9,0.7,0.6,antifragile,0.507392,1.791068,0.638069,0.938314
1.0,0.9,0.7,0.7,antifragile,0.692688,1.66356,0.627444,0.727334
1.0,0.9,0.7,0.8,antifragile,0.797592,1.822987,0.633902,0.746021
1.0,0.9,0.7,0.9,antifragile,0.94572,1.918875,0.53387,0.575986
1.0,0.9,0.7,1.0,antifragile,1.019794,1.94134,0.657545,0.51712
1.0,0.9,0.8,0.0,unification,-0.132249,1.085884,0.885923,1.591937
1.0,0.9,0.8,0.1,unification,-0.077945,1.075833,0.947856,1.444216
1.0,0.9,0.8,0.2,antifragile,0.182218,1.296977,0.910904,1.220087
1.0,0.9,0.8,0.3,antifragile,0.164282,1.278023,0.812758,1.254143
1.0,0.9,0.8,0.4,antifragile,0.295221,1.430028,0.891584,1.174236
1.0,0.9,0.8,0.5,antifragile,0.401781,1.581998,0.7905,1.023074
1.0,0.9,0.8,0.6,antifragile,0.503412,1.6219,0.809114,0.952986
1.0,0.9,0.8,0.7,antifragile,0.609027,1.755238,0.669617,1.022354
1.0,0.9,0.8,0.8,antifragile,0.719967,1.774778,0.713489,0.8266
1.0,0.9,0.8,0.9,antifragile,0.812254,1.896919,0.608317,0.685056
1.0,0.9,0.8,1.0,antifragile,0.874761,1.982037,0.606185,0.529313
1.0,0.9,0.9,0.0,unification,-0.269049,0.988563,1.142966,1.540906
1.0,0.9,0.9,0.1,unification,-0.140049,1.029991,1.096258,1.486586
1.0,0.9,0.9,0.2,unification,0.01094,1.162082,0.934805,1.431502
1.0,0.9,0.9,0.3,unification,0.035779,1.33097,1.070911,1.381885
1.0,0.9,0.9,0.4,antifragile,0.172969,1.371114,0.954506,1.319231
1.0,0.9,0.9,0.5,antifragile,0.305583,1.485408,0.816042,1.192088
1.0,0.9,0.9,0.6,antifragile,0.381982,1.562141,0.808093,1.115573
1.0,0.9,0.9,0.7,antifragile,0.566901,1.64335,0.776699,1.038695
1.0,0.9,0.9,0.8,antifragile,0.722863,1.846082,0.799794,0.938911
1.0,0.9,0.9,0.9,antifragile,0.689239,1.910694,0.623858,0.899582
1.0,0.9,0.9,1.0,antifragile,0.866332,1.818403,0.716831,0.747177
1.0,0.9,1.0,0.0,unification,-0.347436,0.941507,1.184051,1.728903
1.0,0.9,1.0,0.1,unification,-0.288783,1.070145,1.126018,1.724343
1.0,0.9,1.0,0.2,unification,-0.061997,1.193629,1.19808,1.5968
1.0,0.9,1.0,0.3,unification,-0.002314,1.112074,1.077045,1.561538
1.0,0.9,1.0,0.4,unification,0.159732,1.309623,1.027993,1.362208
1.0,0.9,1.0,0.5,antifragile,0.240287,1.40448,1.056968,1.311016
1.0,0.9,1.0,0.6,antifragile,0.34788,1.483588,0.924114,1.162222
1.0,0.9,1.0,0.7,antifragile,0.515857,1.594336,0.912985,1.057552
1.0,0.9,1.0,0.8,antifragile,0.493404,1.702483,0.849433,1.062237
1.0,0.9,1.0,0.9,antifragile,0.765556,1.709136,0.873923,0.98991
1.0,0.9,1.0,1.0,antifragile,0.744094,1.883318,0.841004,0.876886
1.0,1.0,0.0,0.0,antifragile,0.483902,1.297567,0.408196,0.539184
1.0,1.0,0.0,0.1,antifragile,0.654225,1.405791,0.350298,0.523734
1.0,1.0,0.0,0.2,antifragile,0.679189,1.617337,0.372055,0.440253
1.0,1.0,0.0,0.3,antifragile,0.840391,1.663546,0.36552,0.346465
1.0,1.0,0.0,0.4,antifragile,0.889203,1.722317,0.292967,0.178393
1.0,1.0,0.0,0.5,antifragile,0.944762,1.764365,0.152453,0.150677
1.0,1.0,0.0,0.6,antifragile,1.121356,1.924433,0.245462,0.104467
1.0,1.0,0.0,0.7,antifragile,1.291722,2.062297,0.153694,-0.125341
1.0,1.0,0.0,0.8,antifragile,1.292779,2.13492,0.139809,-0.045243
1.0,1.0,0.0,0.9,antifragile,1.632125,2.21597,0.085225,-0.147695
1.0,1.0,0.0,1.0,antifragile,1.540489,2.337745,0.041433,-0.165862
1.0,1.0,0.1,0.0,antifragile,0.329974,1.315227,0.503621,0.671677
1.0,1.0,0.1,0.1,antifragile,0.551133,1.394123,0.561527,0.613456
1.0,1.0,0.1,0.2,antifragile,0.61037,1.605732,0.387456,0.515818
1.0,1.0,0.1,0.3,antifragile,0.585508,1.577657,0.449539,0.49049
1.0,1.0,0.1,0.4,antifragile,0.857211,1.651186,0.36548,0.365122
1.0,1.0,0.1,0.5,antifragile,0.959726,1.79871,0.31746,0.301191
1.0,1.0,0.1,0.6,antifragile,1.06511,1.851251,0.298976,0.151145
1.0,1.0,0.1,0.7,antifragile,1.189069,1.924462,0.253724,0.153271
1.0,1.0,0.1,0.8,antifragile,1.243705,2.126642,0.304413,0.012498
1.0,1.0,0.1,0.9,antifragile,1.392763,2.230596,0.085095,-0.038331
1.0,1.0,0.1,1.0,antifragile,1.494897,2.310023,0.122743,-0.102402
1.0,1.0,0.2,0.0,antifragile,0.278842,1.32758,0.56392,0.893541
1.0,1.0,0.2,0.1,antifragile,0.43381,1.257278,0.583152,0.795348
1.0,1.0,0.2,0.2,antifragile,0.478532,1.42765,0.544441,0.654422
1.0,1.0,0.2,0.3,antifragile,0.666479,1.554538,0.434015,0.711419
1.0,1.0,0.2,0.4,antifragile,0.743008,1.666213,0.54862,0.553145
1.0,1.0,0.2,0.5,antifragile,0.897375,1.80789,0.447572,0.452571
1.0,1.0,0.2,0.6,antifragile,1.008357,1.841563,0.43374,0.373722
1.0,1.0,0.2,0.7,antifragile,0.975018,1.987541,0.300328,0.267146
1.0,1.0,0.2,0.8,antifragile,1.116387,2.010835,0.281783,0.196833
1.0,1.0,0.2,0.9,antifragile,1.280615,2.026706,0.235484,0.065972
1.0,1.0,0.2,1.0,antifragile,1.451654,2.237403,0.181667,0.013852
1.0,1.0,0.3,0.0,antifragile,0.321683,1.303517,0.609526,1.098756
1.0,1.0,0.3,0.1,antifragile,0.39919,1.41927,0.589006,0.869287
1.0,1.0,0.3,0.2,antifragile,0.479425,1.378921,0.651392,0.886663
1.0,1.0,0.3,0.3,antifragile,0.543341,1.615168,0.620125,0.627066
1.0,1.0,0.3,0.4,antifragile,0.626555,1.680413,0.49339,0.688961
1.0,1.0,0.3,0.5,antifragile,0.810579,1.735624,0.476136,0.565057
1.0,1.0,0.3,0.6,antifragile,0.974123,1.795498,0.495506,0.565316
1.0,1.0,0.3,0.7,antifragile,1.013115,1.885468,0.399924,0.275814
1.0,1.0,0.3,0.8,antifragile,1.049428,2.021913,0.433492,0.273695
1.0,1.0,0.3,0.9,antifragile,1.267848,2.144704,0.306461,0.180211
1.0,1.0,0.3,1.0,antifragile,1.262693,2.232197,0.305187,0.169384
1.0,1.0,0.4,0.0,antifragile,0.137015,1.162972,0.828987,1.000924
1.0,1.0,0.4,0.1,antifragile,0.233144,1.266283,0.826277,1.102488
1.0,1.0,0.4,0.2,antifragile,0.381158,1.371059,0.796058,0.895081
1.0,1.0,0.4,0.3,antifragile,0.400797,1.395644,0.675117,0.759251
1.0,1.0,0.4,0.4,antifragile,0.650944,1.560978,0.565681,0.815783
1.0,1.0,0.4,0.5,antifragile,0.733794,1.768171,0.505024,0.579494
1.0,1.0,0.4,0.6,antifragile,0.878035,1.639689,0.489226,0.592766
1.0,1.0,0.4,0.7,antifragile,0.843528,1.885565,0.452567,0.569504
1.0,1.0,0.4,0.8,antifragile,1.05589,1.983754,0.452251,0.368326
1.0,1.0,0.4,0.9,antifragile,1.123265,2.003407,0.525848,0.350964
1.0,1.0,0.4,1.0,antifragile,1.196495,2.238293,0.387692,0.319938
1.0,1.0,0.5,0.0,antifragile,0.118424,1.196824,0.81153,1.195975
1.0,1.0,0.5,0.1,antifragile,0.339455,1.242441,0.822132,1.116406
1.0,1.0,0.5,0.2,antifragile,0.223019,1.400198,0.728055,1.01346
1.0,1.0,0.5,0.3,antifragile,0.395434,1.44747,0.763154,0.968449
1.0,1.0,0.5,0.4,antifragile,0.431389,1.628229,0.772151,0.83722
1.0,1.0,0.5,0.5,antifragile,0.623838,1.62547,0.729168,0.842947
1.0,1.0,0.5,0.6,antifragile,0.772803,1.697636,0.56726,0.622075
1.0,1.0,0.5,0.7,antifragile,0.953759,1.885307,0.657248,0.558312
1.0,1.0,0.5,0.8,antifragile,0.961775,1.848918,0.577756,0.546024
1.0,1.0,0.5,0.9,antifragile,1.025086,2.002896,0.573789,0.433853
1.0,1.0,0.5,1.0,antifragile,1.217668,2.122632,0.493683,0.402514
1.0,1.0,0.6,0.0,unification,-0.017017,1.151423,1.06763,1.40644
1.0,1.0,0.6,0.1,antifragile,-0.057834,1.224589,0.994303,1.224344
1.0,1.0,0.6,0.2,antifragile,0.180232,1.333967,0.959604,1.127664
1.0,1.0,0.6,0.3,antifragile,0.244836,1.450276,0.857235,1.121103
1.0,1.0,0.6,0.4,antifragile,0.416113,1.514075,0.828015,1.020268
1.0,1.0,0.6,0.5,antifragile,0.497545,1.61183,0.733018,0.889604
1.0,1.0,0.6,0.6,antifragile,0.647879,1.644658,0.754444,0.826809
1.0,1.0,0.6,0.7,antifragile,0.724842,1.796137,0.705162,0.829008
1.0,1.0,0.6,0.8,antifragile,0.930177,1.952381,0.643926,0.70997
1.0,1.0,0.6,0.9,antifragile,0.848902,2.025394,0.619484,0.507765
1.0,1.0,0.6,1.0,antifragile,1.030945,2.10388,0.579084,0.54786
1.0,1.0,0.7,0.0,unification,-0.046515,1.097541,0.988101,1.516097
1.0,1.0,0.7,0.1,unification,0.044393,1.263377,1.028538,1.489992
1.0,1.0,0.7,0.2,antifragile,0.076304,1.374967,0.906988,1.191693
1.0,1.0,0.7,0.3,antifragile,0.141157,1.361273,0.925035,1.173368
1.0,1.0,0.7,0.4,antifragile,0.316389,1.517341,0.902634,1.128112
1.0,1.0,0.7,0.5,antifragile,0.480131,1.539978,0.83294,1.022501
1.0,1.0,0.7,0.6,antifragile,0.562639,1.653726,0.825008,1.005817
1.0,1.0,0.7,0.7,antifragile,0.614656,1.690083,0.753739,0.840219
1.0,1.0,0.7,0.8,antifragile,0.71788,1.741442,0.643979,0.834999
1.0,1.0,0.7,0.9,antifragile,0.813129,2.017797,0.649219,0.734315
1.0,1.0,0.7,1.0,antifragile,0.95734,2.087482,0.632327,0.635663
1.0,1.0,0.8,0.0,unification,-0.158458,1.093553,1.09559,1.506341
1.0,1.0,0.8,0.1,unification,-0.115447,1.186515,1.097699,1.471108
1.0,1.0,0.8,0.2,unification,0.007583,1.292992,1.119677,1.418702
1.0,1.0,0.8,0.3,antifragile,0.232848,1.427663,1.018414,1.358081
1.0,1.0,0.8,0.4,antifragile,0.289446,1.401838,0.929884,1.195602
1.0,1.0,0.8,0.5,antifragile,0.317243,1.501999,0.912252,1.173266
1.0,1.0,0.8,0.6,antifragile,0.371077,1.708311,0.949594,1.067004
1.0,1.0,0.8,0.7,antifragile,0.624093,1.754424,0.904957,0.937173
1.0,1.0,0.8,0.8,antifragile,0.643182,1.861411,0.801804,0.911206
1.0,1.0,0.8,0.9,antifragile,0.764466,1.943673,0.775573,0.912904
1.0,1.0,0.8,1.0,antifragile,0.830529,2.024726,0.765196,0.687816
1.0,1.0,0.9,0.0,unification,-0.327185,1.043693,1.290145,1.73182
1.0,1.0,0.9,0.1,unification,-0.1621,1.171173,1.03721,1.644019
1.0,1.0,0.9,0.2,unification,-0.111785,1.300158,1.169933,1.598737
1.0,1.0,0.9,0.3,unification,0.045981,1.325239,1.136778,1.468934
1.0,1.0,0.9,0.4,unification,0.194214,1.361549,1.106893,1.366862
1.0,1.0,0.9,0.5,antifragile,0.273973,1.431413,1.028485,1.292444
1.0,1.0,0.9,0.6,antifragile,0.347733,1.516623,0.976644,1.221484
1.0,1.0,0.9,0.7,antifragile,0.37092,1.642465,0.942884,1.150345
1.0,1.0,0.9,0.8,antifragile,0.567469,1.797246,0.896345,1.017758
1.0,1.0,0.9,0.9,antifragile,0.671088,1.819921,0.825767,0.957879
1.0,1.0,0.9,1.0,antifragile,0.851797,1.978918,0.918072,0.971498
1.0,1.0,1.0,0.0,unification,-0.396515,0.979312,1.413301,1.8873
1.0,1.0,1.0,0.1,unification,-0.268069,1.058925,1.238625,1.714975
1.0,1.0,1.0,0.2,unification,-0.1056,1.215077,1.204485,1.656386
1.0,1.0,1.0,0.3,unification,-0.119564,1.281508,1.188535,1.481225
1.0,1.0,1.0,0.4,unification,-0.00821,1.346172,1.194274,1.482311
1.0,1.0,1.0,0.5,antifragile,0.060282,1.419953,1.186222,1.406361
1.0,1.0,1.0,0.6,antifragile,0.208077,1.486321,1.06122,1.346487
1.0,1.0,1.0,0.7,antifragile,0.392055,1.801338,0.958187,1.236539
1.0,1.0,1.0,0.8,antifragile,0.494622,1.738121,0.876718,1.195566
1.0,1.0,1.0,0.9,antifragile,0.558432,1.801802,0.895327,1.162558
1.0,1.0,1.0,1.0,antifragile,0.764951,1.895442,0.81341,1.044918
