system,step,escape,recovery,discipline,basin,truth,constraint,correction,coherence,inside_kernel,novelty,discoveries,survivability,extinct
strict_viability,0,0.05,0.92,0.95,0.34188,1.0,1.0,0.988294,0.991407,True,0.0,0,0.747244,False
strict_viability,1,0.05,0.92,0.95,0.343103,0.998103,0.999899,0.983552,0.98763,True,0.0,0,0.746232,False
strict_viability,2,0.05,0.92,0.95,0.349525,0.99856,1.0,0.986887,0.990158,True,0.0,0,0.749544,False
strict_viability,3,0.05,0.92,0.95,0.352675,0.992853,1.0,0.98701,0.988772,True,0.0,0,0.749564,False
strict_viability,4,0.05,0.92,0.95,0.347428,1.0,0.999073,0.984858,0.988753,True,0.0,0,0.748386,False
strict_viability,5,0.05,0.92,0.95,0.351886,1.0,1.0,0.987931,0.991141,True,0.0,0,0.750964,False
strict_viability,6,0.05,0.92,0.95,0.348835,0.996927,0.995117,0.992015,0.992962,True,0.0,0,0.749163,False
strict_viability,7,0.05,0.92,0.95,0.348123,0.991985,0.990328,0.996176,0.990737,True,0.0,0,0.747456,False
strict_viability,8,0.05,0.92,0.95,0.352669,0.98825,0.992032,0.996999,0.989382,True,0.0,0,0.74877,False
strict_viability,9,0.05,0.92,0.95,0.35984,0.98997,0.996362,0.997501,0.991793,True,0.0,0,0.752944,False
strict_viability,10,0.05,0.92,0.95,0.36509,0.98155,0.994561,0.994759,0.985036,True,0.0,0,0.751905,False
strict_viability,11,0.05,0.92,0.95,0.363089,0.991113,0.989541,1.0,0.989638,True,0.0,0,0.753248,False
strict_viability,12,0.05,0.92,0.95,0.36061,0.992376,0.993396,1.0,0.992385,True,0.0,0,0.753557,False
strict_viability,13,0.05,0.92,0.95,0.35802,0.989847,0.998756,0.998852,0.992229,True,0.0,0,0.752903,False
strict_viability,14,0.05,0.92,0.95,0.349154,0.984658,1.0,0.999744,0.988704,True,0.0,0,0.748525,False
strict_viability,15,0.05,0.92,0.95,0.345936,0.986103,1.0,0.997896,0.989468,True,0.0,0,0.747396,False
strict_viability,16,0.05,0.92,0.95,0.340841,0.984372,0.99771,0.990789,0.986327,True,0.0,0,0.743364,False
strict_viability,17,0.05,0.92,0.95,0.337285,0.98495,1.0,0.993764,0.987657,True,0.0,0,0.743105,False
strict_viability,18,0.05,0.92,0.95,0.336697,0.982895,0.999522,0.983841,0.982272,True,0.0,0,0.74039,False
strict_viability,19,0.05,0.92,0.95,0.326316,0.977462,1.0,0.978929,0.976712,True,0.0,0,0.734199,False
strict_viability,20,0.05,0.92,0.95,0.33691,0.97605,1.0,0.974005,0.973321,True,0.0,0,0.736874,False
strict_viability,21,0.05,0.92,0.95,0.32951,0.974787,1.0,0.964478,0.967072,True,0.0,0,0.731751,False
strict_viability,22,0.05,0.92,0.95,0.331611,0.972034,0.991324,0.966055,0.967306,True,0.0,0,0.730741,False
strict_viability,23,0.05,0.92,0.95,0.333673,0.973066,1.0,0.965712,0.967064,True,0.0,0,0.733195,False
strict_viability,24,0.05,0.92,0.95,0.335307,0.975253,1.0,0.971827,0.971691,True,0.0,0,0.735621,False
strict_viability,25,0.05,0.92,0.95,0.347213,0.968918,0.996161,0.967174,0.966136,True,0.0,0,0.736996,False
strict_viability,26,0.05,0.92,0.95,0.3364,0.973729,0.994952,0.959407,0.963617,True,0.0,0,0.732146,False
strict_viability,27,0.05,0.92,0.95,0.339108,0.979604,1.0,0.978197,0.977465,True,0.0,0,0.739433,False
strict_viability,28,0.05,0.92,0.95,0.331392,0.967468,1.0,0.974021,0.968556,True,0.0,0,0.732663,False
strict_viability,29,0.05,0.92,0.95,0.326695,0.967671,1.0,0.9758,0.969486,True,0.0,0,0.731275,False
strict_viability,30,0.05,0.92,0.95,0.31861,0.958664,0.997082,0.976257,0.963987,True,0.0,0,0.72546,False
strict_viability,31,0.05,0.92,0.95,0.319852,0.965892,0.99418,0.969911,0.966039,True,0.0,0,0.726069,False
strict_viability,32,0.05,0.92,0.95,0.31425,0.979761,0.989439,0.975911,0.976866,True,0.0,0,0.727723,False
strict_viability,33,0.05,0.92,0.95,0.321903,0.982722,0.98884,0.976442,0.978366,True,0.0,0,0.73131,False
strict_viability,34,0.05,0.92,0.95,0.325671,0.980549,0.981845,0.969533,0.972614,True,0.0,0,0.729434,False
strict_viability,35,0.05,0.92,0.95,0.338504,0.982135,0.981718,0.972229,0.974806,True,0.0,0,0.735214,False
strict_viability,36,0.05,0.92,0.95,0.340459,0.980244,0.988945,0.975696,0.976956,True,0.0,0,0.737661,False
strict_viability,37,0.05,0.92,0.95,0.342125,0.973534,0.981092,0.986384,0.975854,True,0.0,0,0.737036,False
strict_viability,38,0.05,0.92,0.95,0.340889,0.972087,0.990469,0.98018,0.974518,True,0.0,0,0.736965,False
strict_viability,39,0.05,0.92,0.95,0.346235,0.970618,0.990745,0.979838,0.973408,True,0.0,0,0.738601,False
strict_viability,40,0.05,0.92,0.95,0.357695,0.972108,0.994907,0.968186,0.968386,True,0.0,0,0.741739,False
strict_viability,41,0.05,0.92,0.95,0.351149,0.965693,0.989802,0.967206,0.964862,True,0.0,0,0.736618,False
strict_viability,42,0.05,0.92,0.95,0.340738,0.966981,0.987225,0.966296,0.965248,True,0.0,0,0.732349,False
strict_viability,43,0.05,0.92,0.95,0.345243,0.976069,0.98671,0.963205,0.96716,True,0.0,0,0.7354,False
strict_viability,44,0.05,0.92,0.95,0.347383,0.977899,0.980631,0.964933,0.968667,True,0.0,0,0.735872,False
strict_viability,45,0.05,0.92,0.95,0.367723,0.989872,0.976135,0.964338,0.967913,True,0.0,0,0.744773,False
strict_viability,46,0.05,0.92,0.95,0.363197,0.992091,0.984139,0.961112,0.967948,True,0.0,0,0.744446,False
strict_viability,47,0.05,0.92,0.95,0.346219,0.99137,0.978275,0.959187,0.965045,True,0.0,0,0.736191,False
strict_viability,48,0.05,0.92,0.95,0.35541,0.991082,0.968428,0.951699,0.956685,True,0.0,0,0.735808,False
strict_viability,49,0.05,0.92,0.95,0.345311,0.984789,0.980467,0.970685,0.973632,True,0.0,0,0.737696,False
strict_viability,50,0.05,0.92,0.95,0.342565,0.987328,0.991468,0.965708,0.971901,True,0.0,0,0.738185,False
strict_viability,51,0.05,0.92,0.95,0.348983,0.990345,0.989485,0.966009,0.972363,True,0.0,0,0.740908,False
strict_viability,52,0.05,0.92,0.95,0.347278,0.989057,0.991217,0.963771,0.970757,True,0.0,0,0.739834,False
strict_viability,53,0.05,0.92,0.95,0.35558,0.990342,0.99361,0.965257,0.972304,True,0.0,0,0.744044,False
strict_viability,54,0.05,0.92,0.95,0.350007,0.992552,0.993232,0.978935,0.982642,True,0.0,0,0.745412,False
strict_viability,55,0.05,0.92,0.95,0.353294,0.988214,0.986776,0.98676,0.98667,True,0.0,0,0.746297,False
strict_viability,56,0.05,0.92,0.95,0.357335,0.978126,0.992766,0.989913,0.981548,True,0.0,0,0.746921,False
strict_viability,57,0.05,0.92,0.95,0.353763,0.980412,0.993314,0.988485,0.98288,True,0.0,0,0.746034,False
strict_viability,58,0.05,0.92,0.95,0.351947,0.981958,1.0,0.973455,0.97573,True,0.0,0,0.743864,False
strict_viability,59,0.05,0.92,0.95,0.353559,0.984315,0.997769,0.96377,0.970068,True,0.0,0,0.742463,False
strict_viability,60,0.05,0.92,0.95,0.367578,0.975617,1.0,0.962965,0.966463,True,0.0,0,0.746081,False
strict_viability,61,0.05,0.92,0.95,0.359355,0.974396,1.0,0.967654,0.968839,True,0.0,0,0.743678,False
strict_viability,62,0.05,0.92,0.95,0.368974,0.977855,1.0,0.971329,0.972632,True,0.0,0,0.748926,False
strict_viability,63,0.05,0.92,0.95,0.366801,0.978967,0.995815,0.97819,0.977412,True,0.0,0,0.749081,False
strict_viability,64,0.05,0.92,0.95,0.37326,0.9785,1.0,0.983397,0.979479,True,0.0,0,0.753182,False
strict_viability,65,0.05,0.92,0.95,0.379306,0.96976,0.999598,0.9769,0.971273,True,0.0,0,0.75194,False
strict_viability,66,0.05,0.92,0.95,0.391596,0.974559,0.995418,0.971561,0.971494,True,0.0,0,0.756,False
strict_viability,67,0.05,0.92,0.95,0.382064,0.971352,0.997437,0.979409,0.973463,True,0.0,0,0.753499,False
strict_viability,68,0.05,0.92,0.95,0.363933,0.9741,0.997952,0.982555,0.976476,True,0.0,0,0.747999,False
strict_viability,69,0.05,0.92,0.95,0.347628,0.971388,1.0,0.973628,0.970628,True,0.0,0,0.739731,False
strict_viability,70,0.05,0.92,0.95,0.350774,0.977388,0.996574,0.979359,0.977116,True,0.0,0,0.742972,False
strict_viability,71,0.05,0.92,0.95,0.352837,0.979523,0.998307,0.974844,0.975606,True,0.0,0,0.743638,False
strict_viability,72,0.05,0.92,0.95,0.351817,0.982483,1.0,0.969303,0.973241,True,0.0,0,0.743029,False
strict_viability,73,0.05,0.92,0.95,0.363869,0.978585,0.995066,0.971505,0.973329,True,0.0,0,0.746338,False
strict_viability,74,0.05,0.92,0.95,0.36416,0.987248,1.0,0.977473,0.980401,True,0.0,0,0.75058,False
strict_viability,75,0.05,0.92,0.95,0.382982,0.986428,0.987979,0.987824,0.986818,True,0.0,0,0.75764,False
strict_viability,76,0.05,0.92,0.95,0.384045,0.994722,0.978752,0.980707,0.978681,True,0.0,0,0.755903,False
strict_viability,77,0.05,0.92,0.95,0.377891,0.99753,0.982582,0.982985,0.981789,True,0.0,0,0.755451,False
strict_viability,78,0.05,0.92,0.95,0.359611,0.997936,0.980312,0.98629,0.981959,True,0.0,0,0.748652,False
strict_viability,79,0.05,0.92,0.95,0.360917,1.0,0.982321,0.989911,0.984589,True,0.0,0,0.750704,False
strict_viability,80,0.05,0.92,0.95,0.27968,1.0,0.987814,0.987874,0.987025,True,0.0,0,0.72083,False
strict_viability,81,0.05,0.92,0.95,0.277753,0.999295,0.993183,0.976306,0.981331,True,0.0,0,0.718635,False
strict_viability,82,0.05,0.92,0.95,0.266096,0.985316,0.989333,0.981566,0.982709,True,0.0,0,0.711897,False
strict_viability,83,0.05,0.92,0.95,0.267878,0.992324,0.997643,0.981744,0.984954,True,0.0,0,0.715626,False
strict_viability,84,0.05,0.92,0.95,0.267293,1.0,0.998271,0.977308,0.983093,True,0.0,0,0.716054,False
strict_viability,85,0.05,0.92,0.95,0.255649,0.994671,0.996179,0.98286,0.986175,True,0.0,0,0.711441,False
strict_viability,86,0.05,0.92,0.95,0.244791,0.9972,0.990059,0.98626,0.987318,True,0.0,0,0.707282,False
strict_viability,87,0.05,0.92,0.95,0.230344,1.0,0.986749,0.983499,0.984016,True,0.0,0,0.700917,False
strict_viability,88,0.05,0.92,0.95,0.22531,1.0,0.98604,0.986002,0.98508,True,0.0,0,0.699355,False
strict_viability,89,0.05,0.92,0.95,0.236075,0.997943,0.977628,0.992856,0.98214,True,0.0,0,0.702168,False
strict_viability,90,0.05,0.92,0.95,0.245192,1.0,0.977562,0.995179,0.982716,True,0.0,0,0.706385,False
strict_viability,91,0.05,0.92,0.95,0.262008,1.0,0.979245,1.0,0.984766,True,0.0,0,0.713999,False
strict_viability,92,0.05,0.92,0.95,0.264872,0.999845,0.981797,0.995,0.985731,True,0.0,0,0.714935,False
strict_viability,93,0.05,0.92,0.95,0.248488,0.993146,0.979631,0.993402,0.983259,True,0.0,0,0.706593,False
strict_viability,94,0.05,0.92,0.95,0.257536,0.987594,0.982373,0.991172,0.983976,True,0.0,0,0.709299,False
strict_viability,95,0.05,0.92,0.95,0.259219,0.991708,0.980905,0.997839,0.984201,True,0.0,0,0.711375,False
strict_viability,96,0.05,0.92,0.95,0.25947,1.0,0.982859,1.0,0.987418,True,0.0,0,0.714003,False
strict_viability,97,0.05,0.92,0.95,0.264316,0.999659,0.982388,0.995323,0.986221,True,0.0,0,0.7149,False
strict_viability,98,0.05,0.92,0.95,0.257704,1.0,0.989467,0.997673,0.991873,True,0.0,0,0.71473,False
strict_viability,99,0.05,0.92,0.95,0.261535,0.998148,0.99542,0.986759,0.989316,True,0.0,0,0.71509,False
strict_viability,100,0.05,0.92,0.95,0.245809,0.989237,1.0,0.992557,0.990106,True,0.0,0,0.709241,False
strict_viability,101,0.05,0.92,0.95,0.233989,0.971797,0.996739,1.0,0.978804,True,0.0,0,0.700709,False
strict_viability,102,0.05,0.92,0.95,0.229712,0.975495,0.987478,0.998216,0.979175,True,0.0,0,0.697877,False
strict_viability,103,0.05,0.92,0.95,0.229223,0.981029,0.989949,1.0,0.983739,True,0.0,0,0.69993,False
strict_viability,104,0.05,0.92,0.95,0.236606,0.991414,0.984452,0.994674,0.986556,True,0.0,0,0.703207,False
strict_viability,105,0.05,0.92,0.95,0.235275,1.0,0.982298,1.0,0.987006,True,0.0,0,0.704659,False
strict_viability,106,0.05,0.92,0.95,0.237541,1.0,0.980697,0.994353,0.984795,True,0.0,0,0.704176,False
strict_viability,107,0.05,0.92,0.95,0.24136,0.990605,0.985143,0.991302,0.986676,True,0.0,0,0.704535,False
strict_viability,108,0.05,0.92,0.95,0.222406,0.986189,0.975503,0.986625,0.9784,True,0.0,0,0.693154,False
strict_viability,109,0.05,0.92,0.95,0.221172,0.985113,0.975337,0.988276,0.978227,True,0.0,0,0.692672,False
strict_viability,110,0.05,0.92,0.95,0.227027,0.989568,0.978441,0.991993,0.981652,True,0.0,0,0.697189,False
strict_viability,111,0.05,0.92,0.95,0.243507,0.989382,0.977293,0.98773,0.980252,True,0.0,0,0.702447,False
strict_viability,112,0.05,0.92,0.95,0.233751,0.984391,0.9776,0.99013,0.979687,True,0.0,0,0.698165,False
strict_viability,113,0.05,0.92,0.95,0.227827,0.990295,0.982758,0.98949,0.984642,True,0.0,0,0.698409,False
strict_viability,114,0.05,0.92,0.95,0.232415,0.991735,0.974624,0.989421,0.978817,True,0.0,0,0.698239,False
strict_viability,115,0.05,0.92,0.95,0.225417,0.99314,0.966712,0.997779,0.974246,True,0.0,0,0.69503,False
strict_viability,116,0.05,0.92,0.95,0.223597,0.995542,0.953324,0.990912,0.963857,True,0.0,0,0.690153,False
strict_viability,117,0.05,0.92,0.95,0.21522,0.999972,0.966811,0.984145,0.972132,True,0.0,0,0.690241,False
strict_viability,118,0.05,0.92,0.95,0.217303,1.0,0.960546,0.98615,0.96834,True,0.0,0,0.689735,False
strict_viability,119,0.05,0.92,0.95,0.204289,0.992314,0.959274,0.983472,0.966483,True,0.0,0,0.68258,False
strict_viability,120,0.05,0.92,0.95,0.206423,0.981911,0.963678,0.980539,0.968329,True,0.0,0,0.682122,False
strict_viability,121,0.05,0.92,0.95,0.201602,0.978674,0.968095,0.985743,0.971339,True,0.0,0,0.681592,False
strict_viability,122,0.05,0.92,0.95,0.188317,0.982589,0.962916,0.987614,0.968647,True,0.0,0,0.676255,False
strict_viability,123,0.05,0.92,0.95,0.192088,0.97831,0.956414,0.992296,0.963122,True,0.0,0,0.67574,False
strict_viability,124,0.05,0.92,0.95,0.187376,0.987716,0.955174,0.992737,0.964389,True,0.0,0,0.675633,False
strict_viability,125,0.05,0.92,0.95,0.182619,0.990938,0.953417,0.990501,0.963337,True,0.0,0,0.673649,False
strict_viability,126,0.05,0.92,0.95,0.174494,0.976753,0.964582,1.0,0.967956,True,0.0,0,0.671903,False
strict_viability,127,0.05,0.92,0.95,0.159199,0.975639,0.964005,0.99886,0.967186,True,0.0,0,0.665534,False
strict_viability,128,0.05,0.92,0.95,0.164036,0.97957,0.956198,1.0,0.963378,True,0.0,0,0.666377,False
strict_viability,129,0.05,0.92,0.95,0.165611,0.978204,0.956756,1.0,0.963314,True,0.0,0,0.666823,False
strict_viability,130,0.05,0.92,0.95,0.155645,0.968522,0.959135,0.997657,0.961164,True,0.0,0,0.661135,False
strict_viability,131,0.05,0.92,0.95,0.154452,0.979543,0.953829,1.0,0.961734,True,0.0,0,0.662107,False
strict_viability,132,0.05,0.92,0.95,0.147699,0.981266,0.96259,0.998057,0.968325,True,0.0,0,0.661947,False
strict_viability,133,0.05,0.92,0.95,0.147759,0.976455,0.961741,0.99763,0.966087,True,0.0,0,0.660622,False
strict_viability,134,0.05,0.92,0.95,0.135034,0.980105,0.959837,0.982318,0.965487,True,0.0,0,0.653885,False
strict_viability,135,0.05,0.92,0.95,0.137413,0.976462,0.953229,0.987902,0.960269,True,0.0,0,0.6531,False
strict_viability,136,0.05,0.92,0.95,0.156673,0.979742,0.957061,0.98729,0.963778,True,0.0,0,0.662034,False
strict_viability,137,0.05,0.92,0.95,0.161874,0.987904,0.955316,0.985087,0.963571,True,0.0,0,0.664832,False
strict_viability,138,0.05,0.92,0.95,0.1684,0.997284,0.954002,0.983019,0.962794,True,0.0,0,0.668381,False
strict_viability,139,0.05,0.92,0.95,0.166634,1.0,0.941972,0.978605,0.953159,True,0.0,0,0.66426,False
strict_viability,140,0.05,0.92,0.95,0.148272,0.994218,0.93835,0.978088,0.950263,True,0.0,0,0.655169,False
strict_viability,141,0.05,0.92,0.95,0.146511,0.988219,0.939993,0.985088,0.952372,True,0.0,0,0.654949,False
strict_viability,142,0.05,0.92,0.95,0.139426,0.99195,0.940596,0.989453,0.953904,True,0.0,0,0.653832,False
strict_viability,143,0.05,0.92,0.95,0.14524,0.985999,0.942436,0.988529,0.954338,True,0.0,0,0.655224,False
strict_viability,144,0.05,0.92,0.95,0.132932,0.990564,0.942184,0.982764,0.95381,True,0.0,0,0.650453,False
strict_viability,145,0.05,0.92,0.95,0.142156,0.977184,0.935066,0.977782,0.946346,True,0.0,0,0.648675,False
strict_viability,146,0.05,0.92,0.95,0.144617,0.982522,0.930316,0.97178,0.942406,True,0.0,0,0.648403,False
strict_viability,147,0.05,0.92,0.95,0.145283,0.986377,0.931434,0.974358,0.94401,True,0.0,0,0.650105,False
strict_viability,148,0.05,0.92,0.95,0.151705,0.991658,0.923922,0.9617,0.935536,True,0.0,0,0.649355,False
strict_viability,149,0.05,0.92,0.95,0.161407,0.985803,0.915213,0.963527,0.929803,True,0.0,0,0.649988,False
strict_viability,150,0.05,0.92,0.95,0.175988,0.989358,0.915713,0.959343,0.929104,True,0.0,0,0.655589,False
strict_viability,151,0.05,0.92,0.95,0.173794,0.98361,0.930719,0.971363,0.942682,True,0.0,0,0.659734,False
strict_viability,152,0.05,0.92,0.95,0.166627,0.989268,0.936788,0.974941,0.948173,True,0.0,0,0.660281,False
strict_viability,153,0.05,0.92,0.95,0.17191,0.994054,0.942645,0.977792,0.953261,True,0.0,0,0.665214,False
strict_viability,154,0.05,0.92,0.95,0.172779,0.990908,0.936813,0.988598,0.950878,True,0.0,0,0.665155,False
strict_viability,155,0.05,0.92,0.95,0.183852,0.992732,0.946951,0.989038,0.95859,True,0.0,0,0.672503,False
strict_viability,156,0.05,0.92,0.95,0.175305,0.995348,0.949022,0.981575,0.958805,True,0.0,0,0.669079,False
strict_viability,157,0.05,0.92,0.95,0.174867,1.0,0.956028,0.982237,0.964069,True,0.0,0,0.671736,False
strict_viability,158,0.05,0.92,0.95,0.175421,0.998783,0.95095,0.981902,0.960375,True,0.0,0,0.670323,False
strict_viability,159,0.05,0.92,0.95,0.165618,1.0,0.954877,0.971765,0.959725,True,0.0,0,0.666027,False
strict_viability,160,0.05,0.92,0.95,0.093784,1.0,0.962485,0.972907,0.965024,True,0.0,0,0.640895,False
strict_viability,161,0.05,0.92,0.95,0.085314,1.0,0.965968,0.981504,0.970666,True,0.0,0,0.640184,False
strict_viability,162,0.05,0.92,0.95,0.084456,0.992535,0.96515,0.983403,0.970685,True,0.0,0,0.638635,False
strict_viability,163,0.05,0.92,0.95,0.080033,0.994292,0.963248,0.980169,0.968449,True,0.0,0,0.636207,False
strict_viability,164,0.05,0.92,0.95,0.077017,0.995941,0.966071,0.973971,0.967919,True,0.0,0,0.634935,False
strict_viability,165,0.05,0.92,0.95,0.088719,0.989099,0.954463,0.963638,0.956613,True,0.0,0,0.633257,False
strict_viability,166,0.05,0.92,0.95,0.089167,0.988744,0.963215,0.948772,0.952863,True,0.0,0,0.632408,False
strict_viability,167,0.05,0.92,0.95,0.101858,0.98234,0.96212,0.945904,0.950786,True,0.0,0,0.63523,False
strict_viability,168,0.05,0.92,0.95,0.099448,0.991474,0.974364,0.94563,0.954412,True,0.0,0,0.638559,False
strict_viability,169,0.05,0.92,0.95,0.099933,1.0,0.97463,0.948167,0.956278,True,0.0,0,0.640905,False
strict_viability,170,0.05,0.92,0.95,0.125564,1.0,0.971203,0.95565,0.960001,True,0.0,0,0.651522,False
strict_viability,171,0.05,0.92,0.95,0.121845,1.0,0.972317,0.95875,0.962431,True,0.0,0,0.651035,False
strict_viability,172,0.05,0.92,0.95,0.124738,1.0,0.961587,0.964077,0.960303,True,0.0,0,0.650693,False
strict_viability,173,0.05,0.92,0.95,0.1134,0.99965,0.963327,0.961073,0.959657,True,0.0,0,0.646137,False
strict_viability,174,0.05,0.92,0.95,0.102862,0.997219,0.960999,0.962047,0.959114,True,0.0,0,0.641347,False
strict_viability,175,0.05,0.92,0.95,0.094999,1.0,0.962633,0.951917,0.953998,True,0.0,0,0.637122,False
strict_viability,176,0.05,0.92,0.95,0.095101,0.998674,0.963216,0.953298,0.955173,True,0.0,0,0.637361,False
strict_viability,177,0.05,0.92,0.95,0.102882,0.99205,0.957368,0.948242,0.949846,True,0.0,0,0.636726,False
strict_viability,178,0.05,0.92,0.95,0.113041,0.989718,0.943731,0.939684,0.938422,True,0.0,0,0.635143,False
strict_viability,179,0.05,0.92,0.95,0.10878,0.987599,0.945774,0.939756,0.939624,True,0.0,0,0.633664,False
strict_viability,180,0.05,0.92,0.95,0.103571,0.982824,0.950393,0.932482,0.937523,True,0.0,0,0.630387,False
strict_viability,181,0.05,0.92,0.95,0.104592,0.982493,0.96152,0.930923,0.940313,True,0.0,0,0.632834,False
strict_viability,182,0.05,0.92,0.95,0.102988,0.975394,0.963179,0.92669,0.937501,True,0.0,0,0.630315,False
strict_viability,183,0.05,0.92,0.95,0.106365,0.97952,0.960632,0.934975,0.942858,True,0.0,0,0.633685,False
strict_viability,184,0.05,0.92,0.95,0.118055,0.983356,0.97008,0.925784,0.938817,True,0.0,0,0.638747,False
strict_viability,185,0.05,0.92,0.95,0.111319,0.984607,0.967615,0.927177,0.939324,True,0.0,0,0.636225,False
strict_viability,186,0.05,0.92,0.95,0.110161,0.987586,0.967264,0.929976,0.94133,True,0.0,0,0.63689,False
strict_viability,187,0.05,0.92,0.95,0.113948,0.994977,0.978202,0.934088,0.947262,True,0.0,0,0.642916,False
strict_viability,188,0.05,0.92,0.95,0.104941,0.994612,0.984546,0.941406,0.953905,True,0.0,0,0.642392,False
strict_viability,189,0.05,0.92,0.95,0.112232,0.99773,0.992245,0.945029,0.958227,True,0.0,0,0.648135,False
strict_viability,190,0.05,0.92,0.95,0.115119,0.980219,0.994792,0.924909,0.941053,True,0.0,0,0.641661,False
strict_viability,191,0.05,0.92,0.95,0.118933,0.983722,0.987985,0.923054,0.939714,True,0.0,0,0.642095,False
strict_viability,192,0.05,0.92,0.95,0.115261,0.997703,0.988361,0.92798,0.945081,True,0.0,0,0.644618,False
strict_viability,193,0.05,0.92,0.95,0.116509,0.991763,0.988077,0.930085,0.945966,True,0.0,0,0.644373,False
strict_viability,194,0.05,0.92,0.95,0.114662,0.987575,0.994007,0.932544,0.94793,True,0.0,0,0.644564,False
strict_viability,195,0.05,0.92,0.95,0.114013,0.989314,0.997901,0.928718,0.945807,True,0.0,0,0.644541,False
strict_viability,196,0.05,0.92,0.95,0.12305,0.987184,0.989468,0.933676,0.948197,True,0.0,0,0.647055,False
strict_viability,197,0.05,0.92,0.95,0.111005,0.988974,0.99422,0.938058,0.952221,True,0.0,0,0.644751,False
strict_viability,198,0.05,0.92,0.95,0.09997,0.991315,0.992591,0.937156,0.951726,True,0.0,0,0.640501,False
strict_viability,199,0.05,0.92,0.95,0.112005,1.0,1.0,0.938521,0.954873,True,0.0,0,0.648539,False
strict_viability,200,0.05,0.92,0.95,0.118339,1.0,1.0,0.945443,0.959954,True,0.0,0,0.652525,False
strict_viability,201,0.05,0.92,0.95,0.112705,0.997513,1.0,0.947218,0.960908,True,0.0,0,0.6503,False
strict_viability,202,0.05,0.92,0.95,0.118266,0.995344,1.0,0.951191,0.963484,True,0.0,0,0.652888,False
strict_viability,203,0.05,0.92,0.95,0.130004,0.99249,0.990069,0.946492,0.958385,True,0.0,0,0.653777,False
strict_viability,204,0.05,0.92,0.95,0.130621,0.991088,0.988368,0.951933,0.961956,True,0.0,0,0.654644,False
strict_viability,205,0.05,0.92,0.95,0.13335,0.993834,0.99244,0.940833,0.954739,True,0.0,0,0.654488,False
strict_viability,206,0.05,0.92,0.95,0.116108,0.994249,0.992655,0.949012,0.960823,True,0.0,0,0.649924,False
strict_viability,207,0.05,0.92,0.95,0.11793,0.991432,0.995803,0.947486,0.959694,True,0.0,0,0.650327,False
strict_viability,208,0.05,0.92,0.95,0.126019,0.988361,1.0,0.953241,0.96364,True,0.0,0,0.654883,False
strict_viability,209,0.05,0.92,0.95,0.134011,0.992928,1.0,0.950173,0.962323,True,0.0,0,0.658154,False
strict_viability,210,0.05,0.92,0.95,0.129909,0.996411,0.994266,0.954402,0.965274,True,0.0,0,0.657137,False
strict_viability,211,0.05,0.92,0.95,0.128477,0.997184,1.0,0.947607,0.961144,True,0.0,0,0.656317,False
strict_viability,212,0.05,0.92,0.95,0.129875,0.999742,1.0,0.951962,0.964704,True,0.0,0,0.658345,False
strict_viability,213,0.05,0.92,0.95,0.141708,0.997012,1.0,0.949643,0.962612,True,0.0,0,0.661774,False
strict_viability,214,0.05,0.92,0.95,0.133332,0.999838,1.0,0.9508,0.963864,True,0.0,0,0.659413,False
strict_viability,215,0.05,0.92,0.95,0.124615,0.998467,0.990443,0.946907,0.959351,True,0.0,0,0.653047,False
strict_viability,216,0.05,0.92,0.95,0.135367,1.0,0.987231,0.957229,0.966248,True,0.0,0,0.659103,False
strict_viability,217,0.05,0.92,0.95,0.134357,1.0,0.988014,0.959268,0.9679,True,0.0,0,0.659344,False
strict_viability,218,0.05,0.92,0.95,0.123372,0.990738,0.99232,0.95892,0.967581,True,0.0,0,0.65419,False
strict_viability,219,0.05,0.92,0.95,0.12364,0.995806,0.993649,0.956306,0.966507,True,0.0,0,0.654949,False
strict_viability,220,0.05,0.92,0.95,0.123304,1.0,0.996821,0.963555,0.972782,True,0.0,0,0.657915,False
strict_viability,221,0.05,0.92,0.95,0.132545,1.0,1.0,0.967846,0.976398,True,0.0,0,0.663033,False
strict_viability,222,0.05,0.92,0.95,0.13835,0.991865,0.995232,0.976703,0.981083,True,0.0,0,0.664719,False
strict_viability,223,0.05,0.92,0.95,0.15045,0.990497,0.988472,0.976011,0.979549,True,0.0,0,0.667573,False
strict_viability,224,0.05,0.92,0.95,0.151282,0.997605,0.986676,0.978895,0.981202,True,0.0,0,0.669447,False
strict_viability,225,0.05,0.92,0.95,0.155084,0.997701,0.982606,0.97816,0.979047,True,0.0,0,0.669815,False
strict_viability,226,0.05,0.92,0.95,0.153123,1.0,0.982576,0.9774,0.978441,True,0.0,0,0.669299,False
strict_viability,227,0.05,0.92,0.95,0.146169,0.998422,0.979022,0.986418,0.981159,True,0.0,0,0.667322,False
strict_viability,228,0.05,0.92,0.95,0.156677,0.998843,0.97992,0.986322,0.981682,True,0.0,0,0.671601,False
strict_viability,229,0.05,0.92,0.95,0.170627,0.984962,0.968558,0.983504,0.972707,True,0.0,0,0.670887,False
strict_viability,230,0.05,0.92,0.95,0.176348,0.988285,0.967265,0.990149,0.97308,True,0.0,0,0.674402,False
strict_viability,231,0.05,0.92,0.95,0.17802,0.994438,0.969955,0.987098,0.97511,True,0.0,0,0.676445,False
strict_viability,232,0.05,0.92,0.95,0.179105,0.994625,0.97976,0.972808,0.974662,True,0.0,0,0.676602,False
strict_viability,233,0.05,0.92,0.95,0.169809,0.992619,0.978884,0.964639,0.969004,True,0.0,0,0.670728,False
strict_viability,234,0.05,0.92,0.95,0.163122,1.0,0.990374,0.963307,0.971357,True,0.0,0,0.67168,False
strict_viability,235,0.05,0.92,0.95,0.154128,0.988551,0.989983,0.958502,0.966675,True,0.0,0,0.664896,False
strict_viability,236,0.05,0.92,0.95,0.141527,0.984348,0.991197,0.962035,0.96861,True,0.0,0,0.660297,False
strict_viability,237,0.05,0.92,0.95,0.131163,0.98998,0.986679,0.967055,0.972637,True,0.0,0,0.657745,False
strict_viability,238,0.05,0.92,0.95,0.120352,0.988406,0.989301,0.971794,0.976324,True,0.0,0,0.654931,False
strict_viability,239,0.05,0.92,0.95,0.132806,0.994824,0.988105,0.977203,0.980539,True,0.0,0,0.661866,False
strict_viability,240,0.05,0.92,0.95,0.06869,0.987623,0.982929,0.986846,0.984053,True,0.0,0,0.637046,False
strict_viability,241,0.05,0.92,0.95,0.058309,0.985104,0.986,0.986655,0.985379,True,0.0,0,0.633334,False
strict_viability,242,0.05,0.92,0.95,0.053116,0.98131,0.981174,1.0,0.979978,True,0.0,0,0.631028,False
strict_viability,243,0.05,0.92,0.95,0.06041,0.978977,0.980664,0.995719,0.978723,True,0.0,0,0.632539,False
strict_viability,244,0.05,0.92,0.95,0.049586,0.96879,0.967788,0.988684,0.966908,True,0.0,0,0.621871,False
strict_viability,245,0.05,0.92,0.95,0.04943,0.977539,0.971291,0.993744,0.972815,True,0.0,0,0.625435,False
strict_viability,246,0.05,0.92,0.95,0.053822,0.982634,0.968756,0.997303,0.97299,True,0.0,0,0.628084,False
strict_viability,247,0.05,0.92,0.95,0.049625,0.976457,0.962657,0.997909,0.966679,True,0.0,0,0.623607,False
strict_viability,248,0.05,0.92,0.95,0.043485,0.977374,0.967283,1.0,0.969925,True,0.0,0,0.622954,False
strict_viability,249,0.05,0.92,0.95,0.053901,0.972095,0.978438,0.996814,0.973539,True,0.0,0,0.627957,False
strict_viability,250,0.05,0.92,0.95,0.054645,0.970521,0.968286,0.995887,0.967591,True,0.0,0,0.625285,False
strict_viability,251,0.05,0.92,0.95,0.062583,0.980571,0.964526,0.997832,0.969416,True,0.0,0,0.629925,False
strict_viability,252,0.05,0.92,0.95,0.057756,0.985843,0.965437,1.0,0.971701,True,0.0,0,0.629782,False
strict_viability,253,0.05,0.92,0.95,0.06595,0.986884,0.971324,0.997317,0.976097,True,0.0,0,0.634295,False
strict_viability,254,0.05,0.92,0.95,0.065226,0.98229,0.97622,1.0,0.977595,True,0.0,0,0.634629,False
strict_viability,255,0.05,0.92,0.95,0.077722,0.991556,0.974736,1.0,0.979838,True,0.0,0,0.641047,False
strict_viability,256,0.05,0.92,0.95,0.078109,0.988229,0.98527,1.0,0.985759,True,0.0,0,0.643202,False
strict_viability,257,0.05,0.92,0.95,0.087858,0.975585,0.97366,1.0,0.972891,True,0.0,0,0.640997,False
strict_viability,258,0.05,0.92,0.95,0.090061,0.968413,0.974368,1.0,0.969279,True,0.0,0,0.640237,False
strict_viability,259,0.05,0.92,0.95,0.091619,0.966795,0.972826,0.987225,0.968331,True,0.0,0,0.638358,False
strict_viability,260,0.05,0.92,0.95,0.098583,0.958411,0.969733,0.980691,0.96188,True,0.0,0,0.63725,False
strict_viability,261,0.05,0.92,0.95,0.099211,0.947244,0.974393,0.985836,0.955401,True,0.0,0,0.63626,False
strict_viability,262,0.05,0.92,0.95,0.079565,0.942964,0.982615,0.969624,0.951038,True,0.0,0,0.626711,False
strict_viability,263,0.05,0.92,0.95,0.070325,0.949628,0.979124,0.973026,0.956453,True,0.0,0,0.624897,False
strict_viability,264,0.05,0.92,0.95,0.085215,0.950032,0.982053,0.964984,0.95457,True,0.0,0,0.629803,False
strict_viability,265,0.05,0.92,0.95,0.079331,0.948277,0.982497,0.956735,0.950132,True,0.0,0,0.625644,False
strict_viability,266,0.05,0.92,0.95,0.08727,0.9517,0.973527,0.957385,0.953012,True,0.0,0,0.628099,False
strict_viability,267,0.05,0.92,0.95,0.072447,0.946806,0.979639,0.960378,0.950824,True,0.0,0,0.622842,False
strict_viability,268,0.05,0.92,0.95,0.087523,0.95133,0.984242,0.977918,0.959043,True,0.0,0,0.633655,False
strict_viability,269,0.05,0.92,0.95,0.081339,0.955464,0.987383,0.975469,0.961578,True,0.0,0,0.632577,False
strict_viability,270,0.05,0.92,0.95,0.100018,0.95886,0.983396,0.981754,0.96515,True,0.0,0,0.640876,False
strict_viability,271,0.05,0.92,0.95,0.098195,0.963558,0.976179,0.984457,0.967427,True,0.0,0,0.640382,False
strict_viability,272,0.05,0.92,0.95,0.102125,0.962474,0.973904,0.982496,0.965987,True,0.0,0,0.640823,False
strict_viability,273,0.05,0.92,0.95,0.099302,0.96918,0.964345,0.988232,0.965154,True,0.0,0,0.63994,False
strict_viability,274,0.05,0.92,0.95,0.102518,0.963411,0.973465,0.996084,0.966039,True,0.0,0,0.642971,False
strict_viability,275,0.05,0.92,0.95,0.0906,0.969564,0.976748,0.986579,0.971702,True,0.0,0,0.639489,False
strict_viability,276,0.05,0.92,0.95,0.093716,0.97388,0.97856,0.988758,0.97512,True,0.0,0,0.642492,False
strict_viability,277,0.05,0.92,0.95,0.103724,0.957519,0.977346,0.988132,0.963556,True,0.0,0,0.641656,False
strict_viability,278,0.05,0.92,0.95,0.104678,0.966379,0.971556,0.990533,0.96733,True,0.0,0,0.64336,False
strict_viability,279,0.05,0.92,0.95,0.099502,0.976326,0.969217,0.993611,0.971011,True,0.0,0,0.643635,False
strict_viability,280,0.05,0.92,0.95,0.114601,0.980704,0.969113,0.99727,0.972541,True,0.0,0,0.650838,False
strict_viability,281,0.05,0.92,0.95,0.124261,0.979382,0.968883,0.994408,0.971987,True,0.0,0,0.653763,False
strict_viability,282,0.05,0.92,0.95,0.130019,0.981581,0.973796,0.994535,0.976033,True,0.0,0,0.657734,False
strict_viability,283,0.05,0.92,0.95,0.126868,0.995553,0.965232,1.0,0.973797,True,0.0,0,0.658007,False
strict_viability,284,0.05,0.92,0.95,0.12025,1.0,0.972324,1.0,0.979685,True,0.0,0,0.658276,False
strict_viability,285,0.05,0.92,0.95,0.118713,0.998744,0.975559,1.0,0.981882,True,0.0,0,0.658311,False
strict_viability,286,0.05,0.92,0.95,0.111621,1.0,0.981872,1.0,0.986694,True,0.0,0,0.657556,False
strict_viability,287,0.05,0.92,0.95,0.109654,0.994426,0.977247,0.990187,0.981076,True,0.0,0,0.652925,False
strict_viability,288,0.05,0.92,0.95,0.109186,0.991966,0.960246,0.983019,0.96706,True,0.0,0,0.646559,False
strict_viability,289,0.05,0.92,0.95,0.104069,0.994388,0.953182,0.992198,0.963832,True,0.0,0,0.644676,False
strict_viability,290,0.05,0.92,0.95,0.106589,1.0,0.963788,0.99061,0.971757,True,0.0,0,0.649282,False
strict_viability,291,0.05,0.92,0.95,0.104185,1.0,0.964323,0.988541,0.971646,True,0.0,0,0.648162,False
strict_viability,292,0.05,0.92,0.95,0.103471,1.0,0.966016,0.999622,0.975004,True,0.0,0,0.65015,False
strict_viability,293,0.05,0.92,0.95,0.111375,0.995652,0.961988,1.0,0.971441,True,0.0,0,0.651271,False
strict_viability,294,0.05,0.92,0.95,0.111897,0.988074,0.95505,0.991437,0.964232,True,0.0,0,0.646792,False
strict_viability,295,0.05,0.92,0.95,0.112973,0.995208,0.956417,0.97815,0.963098,True,0.0,0,0.646735,False
strict_viability,296,0.05,0.92,0.95,0.111871,1.0,0.949078,0.97651,0.957508,True,0.0,0,0.644957,False
strict_viability,297,0.05,0.92,0.95,0.11567,1.0,0.951405,0.979246,0.959961,True,0.0,0,0.647497,False
strict_viability,298,0.05,0.92,0.95,0.109395,1.0,0.944732,0.981884,0.955984,True,0.0,0,0.643804,False
strict_viability,299,0.05,0.92,0.95,0.104664,0.999864,0.942776,0.976038,0.952992,True,0.0,0,0.640452,False
strict_viability,300,0.05,0.92,0.95,0.096032,1.0,0.937718,0.981081,0.950773,True,0.0,0,0.636726,False
strict_viability,301,0.05,0.92,0.95,0.091702,0.996252,0.947674,0.983672,0.958368,True,0.0,0,0.637472,False
strict_viability,302,0.05,0.92,0.95,0.095892,0.98373,0.949101,0.996183,0.959406,True,0.0,0,0.638943,False
strict_viability,303,0.05,0.92,0.95,0.096635,0.987543,0.956113,0.984321,0.963992,True,0.0,0,0.640063,False
strict_viability,304,0.05,0.92,0.95,0.098517,0.983654,0.965398,0.982935,0.970154,True,0.0,0,0.642295,False
strict_viability,305,0.05,0.92,0.95,0.088573,0.967683,0.965108,0.982354,0.965258,True,0.0,0,0.634921,False
strict_viability,306,0.05,0.92,0.95,0.097404,0.975914,0.965209,0.970114,0.966693,True,0.0,0,0.638235,False
strict_viability,307,0.05,0.92,0.95,0.102047,0.978546,0.972218,0.964087,0.966587,True,0.0,0,0.640878,False
strict_viability,308,0.05,0.92,0.95,0.094572,0.983732,0.962989,0.959662,0.959742,True,0.0,0,0.635869,False
strict_viability,309,0.05,0.92,0.95,0.092685,0.989296,0.965602,0.960331,0.961036,True,0.0,0,0.636872,False
strict_viability,310,0.05,0.92,0.95,0.090991,0.978956,0.96189,0.964916,0.962268,True,0.0,0,0.634489,False
strict_viability,311,0.05,0.92,0.95,0.078655,0.975288,0.959627,0.963853,0.960633,True,0.0,0,0.628389,False
strict_viability,312,0.05,0.92,0.95,0.073828,0.971712,0.965556,0.969871,0.966854,True,0.0,0,0.628567,False
strict_viability,313,0.05,0.92,0.95,0.070891,0.973462,0.961766,0.96396,0.962082,True,0.0,0,0.625684,False
strict_viability,314,0.05,0.92,0.95,0.066013,0.967336,0.963969,0.969499,0.965001,True,0.0,0,0.62425,False
strict_viability,315,0.05,0.92,0.95,0.066414,0.967068,0.967179,0.970404,0.966902,True,0.0,0,0.625286,False
strict_viability,316,0.05,0.92,0.95,0.056515,0.968305,0.974408,0.958072,0.961199,True,0.0,0,0.620638,False
strict_viability,317,0.05,0.92,0.95,0.066232,0.968407,0.978534,0.955203,0.959262,True,0.0,0,0.624457,False
strict_viability,318,0.05,0.92,0.95,0.053465,0.955359,0.984881,0.950736,0.950802,True,0.0,0,0.616759,False
strict_viability,319,0.05,0.92,0.95,0.042573,0.948336,0.984325,0.947945,0.945702,True,0.0,0,0.610253,False
strict_viability,320,0.05,0.92,0.95,0.00382,0.951925,0.986261,0.959087,0.953186,True,0.0,0,0.59898,False
strict_viability,321,0.05,0.92,0.95,0.003581,0.960269,0.994291,0.951874,0.953223,True,0.0,0,0.600831,False
strict_viability,322,0.05,0.92,0.95,0.014646,0.964597,0.995646,0.952118,0.955231,True,0.0,0,0.606333,False
strict_viability,323,0.05,0.92,0.95,0.017152,0.964223,0.995531,0.954131,0.956313,True,0.0,0,0.607609,False
strict_viability,324,0.05,0.92,0.95,0.021609,0.98286,0.985013,0.957552,0.964543,True,0.0,0,0.612231,False
strict_viability,325,0.05,0.92,0.95,0.026428,0.983691,0.990067,0.965972,0.971246,True,0.0,0,0.617105,False
strict_viability,326,0.05,0.92,0.95,0.035684,0.970151,0.999929,0.969318,0.967697,True,0.0,0,0.620003,False
strict_viability,327,0.05,0.92,0.95,0.026125,0.966127,1.0,0.970204,0.965943,True,0.0,0,0.615572,False
strict_viability,328,0.05,0.92,0.95,0.035001,0.956627,1.0,0.971213,0.960629,True,0.0,0,0.616739,False
strict_viability,329,0.05,0.92,0.95,0.023432,0.961042,0.985515,0.97603,0.965632,True,0.0,0,0.611805,False
strict_viability,330,0.05,0.92,0.95,0.02406,0.961581,0.992999,0.97573,0.96585,True,0.0,0,0.613471,False
strict_viability,331,0.05,0.92,0.95,0.020207,0.970455,0.996442,0.974198,0.970615,True,0.0,0,0.614582,False
strict_viability,332,0.05,0.92,0.95,0.00787,0.973738,0.985998,0.979539,0.975502,True,0.0,0,0.609939,False
strict_viability,333,0.05,0.92,0.95,0.027165,0.967982,0.985833,0.990988,0.973222,True,0.0,0,0.617535,False
strict_viability,334,0.05,0.92,0.95,0.021796,0.970357,0.986301,0.99297,0.975145,True,0.0,0,0.616514,False
strict_viability,335,0.05,0.92,0.95,0.021281,0.961723,0.987553,0.995896,0.969359,True,0.0,0,0.614705,False
strict_viability,336,0.05,0.92,0.95,0.008561,0.968887,0.990141,0.991673,0.974728,True,0.0,0,0.61168,False
strict_viability,337,0.05,0.92,0.95,0.0,0.963736,0.987231,0.999311,0.970871,True,0.0,0,0.607582,False
strict_viability,338,0.05,0.92,0.95,0.005322,0.961674,0.98913,0.998485,0.969818,True,0.0,0,0.609333,False
strict_viability,339,0.05,0.92,0.95,0.001243,0.953473,0.981188,0.995343,0.961887,True,0.0,0,0.603486,False
strict_viability,340,0.05,0.92,0.95,0.004725,0.952177,0.996042,0.985066,0.961919,True,0.0,0,0.605814,False
strict_viability,341,0.05,0.92,0.95,0.0,0.950756,0.997018,0.971595,0.957043,True,0.0,0,0.601468,False
strict_viability,342,0.05,0.92,0.95,0.015423,0.949621,0.998673,0.978659,0.958534,True,0.0,0,0.60859,False
strict_viability,343,0.05,0.92,0.95,0.010976,0.937589,1.0,0.978667,0.95007,True,0.0,0,0.603959,False
strict_viability,344,0.05,0.92,0.95,0.012188,0.936097,0.996829,0.982992,0.949881,True,0.0,0,0.604163,False
strict_viability,345,0.05,0.92,0.95,0.020767,0.929768,0.992955,0.995077,0.946846,True,0.0,0,0.606914,False
strict_viability,346,0.05,0.92,0.95,0.021748,0.926386,0.990007,0.995675,0.943989,True,0.0,0,0.605888,False
strict_viability,347,0.05,0.92,0.95,0.021221,0.928572,0.989042,0.987163,0.944396,True,0.0,0,0.604765,False
strict_viability,348,0.05,0.92,0.95,0.028738,0.922662,0.988258,0.982658,0.939289,True,0.0,0,0.605173,False
strict_viability,349,0.05,0.92,0.95,0.025829,0.934016,0.991675,0.975345,0.946387,True,0.0,0,0.606554,False
strict_viability,350,0.05,0.92,0.95,0.019831,0.932679,0.993826,0.973189,0.944976,True,0.0,0,0.60395,False
strict_viability,351,0.05,0.92,0.95,0.013835,0.931133,0.990087,0.970658,0.943109,True,0.0,0,0.600142,False
strict_viability,352,0.05,0.92,0.95,0.019066,0.94361,1.0,0.965419,0.949942,True,0.0,0,0.606246,False
strict_viability,353,0.05,0.92,0.95,0.009856,0.94076,0.99622,0.960189,0.946193,True,0.0,0,0.600371,False
strict_viability,354,0.05,0.92,0.95,0.008902,0.935368,1.0,0.955965,0.940863,True,0.0,0,0.598487,False
strict_viability,355,0.05,0.92,0.95,0.005491,0.937881,0.992228,0.967619,0.947022,True,0.0,0,0.598615,False
strict_viability,356,0.05,0.92,0.95,0.008066,0.9318,0.993742,0.961933,0.940995,True,0.0,0,0.597253,False
strict_viability,357,0.05,0.92,0.95,0.01474,0.934569,0.979325,0.957258,0.941519,True,0.0,0,0.597101,False
strict_viability,358,0.05,0.92,0.95,0.024643,0.943331,0.970439,0.960444,0.948557,True,0.0,0,0.602132,False
strict_viability,359,0.05,0.92,0.95,0.011576,0.945108,0.973034,0.959913,0.949655,True,0.0,0,0.598011,False
strict_viability,360,0.05,0.92,0.95,0.00917,0.944912,0.973014,0.957823,0.948821,True,0.0,0,0.596665,False
strict_viability,361,0.05,0.92,0.95,0.009053,0.94934,0.972056,0.956723,0.951331,True,0.0,0,0.597393,False
strict_viability,362,0.05,0.92,0.95,0.0,0.953834,0.972953,0.958355,0.954779,True,0.0,0,0.595565,False
strict_viability,363,0.05,0.92,0.95,0.0,0.943477,0.975466,0.959653,0.948432,True,0.0,0,0.593573,False
strict_viability,364,0.05,0.92,0.95,0.0,0.949284,0.981852,0.963856,0.953675,True,0.0,0,0.596985,False
strict_viability,365,0.05,0.92,0.95,0.0,0.955532,0.989767,0.968887,0.95942,True,0.0,0,0.600929,False
strict_viability,366,0.05,0.92,0.95,0.00559,0.962127,0.999449,0.964633,0.960924,True,0.0,0,0.605568,False
strict_viability,367,0.05,0.92,0.95,0.011769,0.963691,0.992763,0.968259,0.964054,True,0.0,0,0.607877,False
strict_viability,368,0.05,0.92,0.95,0.012672,0.966178,0.991444,0.978151,0.969819,True,0.0,0,0.610507,False
strict_viability,369,0.05,0.92,0.95,0.008174,0.967333,0.996993,0.96987,0.966655,True,0.0,0,0.608465,False
strict_viability,370,0.05,0.92,0.95,0.0,0.968581,0.99038,0.968533,0.967087,True,0.0,0,0.604258,False
strict_viability,371,0.05,0.92,0.95,0.0,0.97098,0.988894,0.973579,0.9711,True,0.0,0,0.60561,False
strict_viability,372,0.05,0.92,0.95,0.0,0.970903,0.995514,0.97679,0.97215,True,0.0,0,0.607364,False
strict_viability,373,0.05,0.92,0.95,0.005445,0.965332,1.0,0.983682,0.970968,True,0.0,0,0.61006,False
strict_viability,374,0.05,0.92,0.95,0.006903,0.965194,1.0,0.981983,0.970312,True,0.0,0,0.610273,False
strict_viability,375,0.05,0.92,0.95,0.014078,0.962944,0.996303,0.975397,0.966515,True,0.0,0,0.610552,False
strict_viability,376,0.05,0.92,0.95,0.0,0.968516,1.0,0.984741,0.973492,True,0.0,0,0.609016,False
strict_viability,377,0.05,0.92,0.95,0.005999,0.978063,0.997259,0.985841,0.980353,True,0.0,0,0.613498,False
strict_viability,378,0.05,0.92,0.95,0.008333,0.972388,0.998545,0.97693,0.972921,True,0.0,0,0.611455,False
strict_viability,379,0.05,0.92,0.95,0.016729,0.968578,0.991771,0.964736,0.964877,True,0.0,0,0.610068,False
strict_viability,380,0.05,0.92,0.95,0.012276,0.960283,0.994754,0.963172,0.959465,True,0.0,0,0.606551,False
strict_viability,381,0.05,0.92,0.95,0.008039,0.96799,0.99854,0.963578,0.963488,True,0.0,0,0.60755,False
strict_viability,382,0.05,0.92,0.95,0.0,0.969215,0.999471,0.961931,0.963057,True,0.0,0,0.604601,False
strict_viability,383,0.05,0.92,0.95,0.0,0.973265,1.0,0.945654,0.954114,True,0.0,0,0.602073,False
strict_viability,384,0.05,0.92,0.95,0.0,0.97043,1.0,0.945501,0.953042,True,0.0,0,0.601412,False
strict_viability,385,0.05,0.92,0.95,0.0,0.977543,0.988471,0.954029,0.961133,True,0.0,0,0.602783,False
strict_viability,386,0.05,0.92,0.95,0.0,0.974768,0.982739,0.960707,0.964996,True,0.0,0,0.60265,False
strict_viability,387,0.05,0.92,0.95,0.0,0.973159,0.978116,0.969733,0.970744,True,0.0,0,0.603481,False
strict_viability,388,0.05,0.92,0.95,0.013034,0.973823,0.971849,0.966644,0.968198,True,0.0,0,0.606688,False
strict_viability,389,0.05,0.92,0.95,0.003037,0.975235,0.965388,0.954636,0.957936,True,0.0,0,0.599067,False
strict_viability,390,0.05,0.92,0.95,0.0,0.97152,0.961048,0.95087,0.953979,True,0.0,0,0.595461,False
strict_viability,391,0.05,0.92,0.95,0.000651,0.973909,0.951643,0.948528,0.94842,True,0.0,0,0.593451,False
strict_viability,392,0.05,0.92,0.95,0.0,0.980197,0.945984,0.948467,0.944977,True,0.0,0,0.592895,False
strict_viability,393,0.05,0.92,0.95,0.001515,0.976992,0.946098,0.94871,0.945376,True,0.0,0,0.592996,False
strict_viability,394,0.05,0.92,0.95,0.005595,0.979163,0.947302,0.947778,0.945409,True,0.0,0,0.595028,False
strict_viability,395,0.05,0.92,0.95,0.003909,0.977994,0.949627,0.959639,0.952436,True,0.0,0,0.597099,False
strict_viability,396,0.05,0.92,0.95,0.010267,0.967344,0.952553,0.970389,0.956807,True,0.0,0,0.600154,False
strict_viability,397,0.05,0.92,0.95,0.011832,0.965032,0.954267,0.969831,0.957512,True,0.0,0,0.600648,False
strict_viability,398,0.05,0.92,0.95,0.009713,0.967349,0.951136,0.965964,0.955246,True,0.0,0,0.598883,False
strict_viability,399,0.05,0.92,0.95,0.013039,0.971672,0.9541,0.972851,0.958919,True,0.0,0,0.602863,False
strict_viability,400,0.05,0.92,0.95,0.003336,0.974407,0.955028,0.970541,0.959541,True,0.0,0,0.599587,False
strict_viability,401,0.05,0.92,0.95,0.0,0.971236,0.959081,0.973,0.962512,True,0.0,0,0.599178,False
strict_viability,402,0.05,0.92,0.95,0.009181,0.971597,0.953733,0.981002,0.959164,True,0.0,0,0.602488,False
strict_viability,403,0.05,0.92,0.95,0.0,0.983175,0.959175,0.981553,0.965326,True,0.0,0,0.602879,False
strict_viability,404,0.05,0.92,0.95,0.001474,0.983548,0.956528,0.985638,0.963969,True,0.0,0,0.60344,False
strict_viability,405,0.05,0.92,0.95,0.001792,0.979338,0.958707,0.985682,0.964787,True,0.0,0,0.603299,False
strict_viability,406,0.05,0.92,0.95,0.0,0.983394,0.944426,0.987375,0.955262,True,0.0,0,0.599871,False
strict_viability,407,0.05,0.92,0.95,0.010666,0.980968,0.950172,0.9854,0.958863,True,0.0,0,0.604678,False
strict_viability,408,0.05,0.92,0.95,0.016761,0.978805,0.957756,0.979908,0.963493,True,0.0,0,0.607756,False
strict_viability,409,0.05,0.92,0.95,0.024342,0.983448,0.970615,0.975974,0.972206,True,0.0,0,0.614282,False
strict_viability,410,0.05,0.92,0.95,0.016587,0.987944,0.974548,0.977362,0.975049,True,0.0,0,0.613388,False
strict_viability,411,0.05,0.92,0.95,0.022922,0.980984,0.982322,0.995235,0.980718,True,0.0,0,0.619124,False
strict_viability,412,0.05,0.92,0.95,0.023552,0.985095,0.979934,0.984527,0.981221,True,0.0,0,0.618235,False
strict_viability,413,0.05,0.92,0.95,0.015009,0.976893,0.990914,0.986663,0.979834,True,0.0,0,0.615621,False
strict_viability,414,0.05,0.92,0.95,0.012737,0.976599,0.996994,0.986898,0.979753,True,0.0,0,0.615823,False
strict_viability,415,0.05,0.92,0.95,0.011369,0.9753,0.988649,0.975454,0.974483,True,0.0,0,0.611332,False
strict_viability,416,0.05,0.92,0.95,0.012021,0.968379,0.988808,0.976567,0.970782,True,0.0,0,0.610075,False
strict_viability,417,0.05,0.92,0.95,0.0049,0.97184,0.991491,0.970399,0.969732,True,0.0,0,0.607485,False
strict_viability,418,0.05,0.92,0.95,0.013279,0.97741,0.991193,0.968544,0.971128,True,0.0,0,0.611526,False
strict_viability,419,0.05,0.92,0.95,0.017222,0.979308,0.995253,0.970348,0.972882,True,0.0,0,0.61456,False
strict_viability,420,0.05,0.92,0.95,0.018178,0.984682,1.0,0.966476,0.972072,True,0.0,0,0.616106,False
strict_viability,421,0.05,0.92,0.95,0.030726,0.986715,0.989713,0.963273,0.969852,True,0.0,0,0.618674,False
strict_viability,422,0.05,0.92,0.95,0.028689,0.984071,0.99845,0.958171,0.966064,True,0.0,0,0.617827,False
strict_viability,423,0.05,0.92,0.95,0.03058,0.986926,1.0,0.964986,0.971691,True,0.0,0,0.620968,False
strict_viability,424,0.05,0.92,0.95,0.034695,0.985792,1.0,0.966758,0.972608,True,0.0,0,0.622686,False
strict_viability,425,0.05,0.92,0.95,0.041075,0.98958,1.0,0.962974,0.970933,True,0.0,0,0.625062,False
strict_viability,426,0.05,0.92,0.95,0.041051,0.991075,1.0,0.961024,0.969861,True,0.0,0,0.62492,False
strict_viability,427,0.05,0.92,0.95,0.049799,0.99195,1.0,0.96001,0.969308,True,0.0,0,0.628193,False
strict_viability,428,0.05,0.92,0.95,0.043609,0.9901,1.0,0.966376,0.9735,True,0.0,0,0.626902,False
strict_viability,429,0.05,0.92,0.95,0.053882,0.989849,0.998007,0.983683,0.985526,True,0.0,0,0.634268,False
strict_viability,430,0.05,0.92,0.95,0.048326,0.986011,0.992415,0.989827,0.987182,True,0.0,0,0.631518,False
strict_viability,431,0.05,0.92,0.95,0.049545,0.98608,0.997048,0.985075,0.984791,True,0.0,0,0.631875,False
strict_viability,432,0.05,0.92,0.95,0.051539,0.990134,0.999139,0.980698,0.983591,True,0.0,0,0.632983,False
strict_viability,433,0.05,0.92,0.95,0.045788,0.987322,0.993503,0.989127,0.987778,True,0.0,0,0.630959,False
strict_viability,434,0.05,0.92,0.95,0.050828,0.995214,1.0,0.979222,0.983927,True,0.0,0,0.633615,False
strict_viability,435,0.05,0.92,0.95,0.046099,0.990263,0.993535,0.978093,0.98165,True,0.0,0,0.629332,False
strict_viability,436,0.05,0.92,0.95,0.048979,0.990887,0.996629,0.981845,0.984614,True,0.0,0,0.631977,False
strict_viability,437,0.05,0.92,0.95,0.046192,1.0,0.998144,0.971254,0.978634,True,0.0,0,0.63063,False
strict_viability,438,0.05,0.92,0.95,0.032468,1.0,0.997473,0.969369,0.977148,True,0.0,0,0.624852,False
strict_viability,439,0.05,0.92,0.95,0.03706,1.0,0.991968,0.964361,0.972469,True,0.0,0,0.624344,False
strict_viability,440,0.05,0.92,0.95,0.038644,0.988862,0.991145,0.965593,0.972053,True,0.0,0,0.622915,False
strict_viability,441,0.05,0.92,0.95,0.032336,0.985984,0.990369,0.967245,0.972676,True,0.0,0,0.620167,False
strict_viability,442,0.05,0.92,0.95,0.041183,0.984669,0.987942,0.970926,0.974913,True,0.0,0,0.623639,False
strict_viability,443,0.05,0.92,0.95,0.03791,0.989905,0.994208,0.979612,0.982703,True,0.0,0,0.626616,False
strict_viability,444,0.05,0.92,0.95,0.031178,0.990313,0.994462,0.97968,0.982861,True,0.0,0,0.624206,False
strict_viability,445,0.05,0.92,0.95,0.019494,0.991181,0.99003,0.980851,0.983425,True,0.0,0,0.619356,False
strict_viability,446,0.05,0.92,0.95,0.010897,0.992871,0.991257,0.984943,0.986782,True,0.0,0,0.61759,False
strict_viability,447,0.05,0.92,0.95,0.013315,0.996011,0.985073,0.977706,0.979871,True,0.0,0,0.616118,False
strict_viability,448,0.05,0.92,0.95,0.006127,0.989876,0.985319,0.977883,0.980158,True,0.0,0,0.612386,False
strict_viability,449,0.05,0.92,0.95,0.003887,0.997578,0.980956,0.970233,0.97336,True,0.0,0,0.610249,False
strict_viability,450,0.05,0.92,0.95,0.008026,0.993933,0.972076,0.966724,0.967573,True,0.0,0,0.608381,False
strict_viability,451,0.05,0.92,0.95,0.017551,0.987909,0.972468,0.971846,0.971092,True,0.0,0,0.612127,False
strict_viability,452,0.05,0.92,0.95,0.026021,0.981203,0.975346,0.974233,0.974329,True,0.0,0,0.615379,False
strict_viability,453,0.05,0.92,0.95,0.030629,0.967545,0.971432,0.975892,0.968724,True,0.0,0,0.613526,False
strict_viability,454,0.05,0.92,0.95,0.03465,0.973326,0.976002,0.975383,0.973931,True,0.0,0,0.617471,False
strict_viability,455,0.05,0.92,0.95,0.031206,0.976683,0.970232,0.979963,0.97219,True,0.0,0,0.616161,False
strict_viability,456,0.05,0.92,0.95,0.032421,0.959051,0.963522,0.991925,0.959125,True,0.0,0,0.612348,False
strict_viability,457,0.05,0.92,0.95,0.016748,0.967781,0.964777,0.998815,0.964046,True,0.0,0,0.609744,False
strict_viability,458,0.05,0.92,0.95,0.020616,0.970997,0.970096,1.0,0.968558,True,0.0,0,0.613458,False
strict_viability,459,0.05,0.92,0.95,0.008173,0.974611,0.977908,1.0,0.974592,True,0.0,0,0.61151,False
strict_viability,460,0.05,0.92,0.95,0.017693,0.980995,0.994054,0.9955,0.984638,True,0.0,0,0.619759,False
strict_viability,461,0.05,0.92,0.95,0.015444,0.978665,0.988906,0.979069,0.978189,True,0.0,0,0.614484,False
strict_viability,462,0.05,0.92,0.95,0.018599,0.976393,1.0,0.979823,0.976553,True,0.0,0,0.61718,False
strict_viability,463,0.05,0.92,0.95,0.02089,0.982112,1.0,0.988685,0.983986,True,0.0,0,0.621213,False
strict_viability,464,0.05,0.92,0.95,0.025059,0.984886,0.99827,0.99148,0.9869,True,0.0,0,0.623726,False
strict_viability,465,0.05,0.92,0.95,0.023096,0.987889,1.0,0.998596,0.990898,True,0.0,0,0.625308,False
strict_viability,466,0.05,0.92,0.95,0.004229,0.991379,0.986683,1.0,0.988,True,0.0,0,0.616218,False
strict_viability,467,0.05,0.92,0.95,0.012426,0.986244,0.977797,1.0,0.980236,True,0.0,0,0.615878,False
strict_viability,468,0.05,0.92,0.95,0.008694,0.987195,0.995116,1.0,0.989619,True,0.0,0,0.618874,False
strict_viability,469,0.05,0.92,0.95,0.015645,0.996484,0.994133,0.987671,0.989596,True,0.0,0,0.621282,False
strict_viability,470,0.05,0.92,0.95,0.022339,0.990779,0.993264,0.983918,0.985961,True,0.0,0,0.62168,False
strict_viability,471,0.05,0.92,0.95,0.028535,0.994985,0.997211,0.984212,0.987311,True,0.0,0,0.625705,False
strict_viability,472,0.05,0.92,0.95,0.019253,0.982028,0.998201,0.986664,0.983184,True,0.0,0,0.619873,False
strict_viability,473,0.05,0.92,0.95,0.032024,0.992026,0.992271,0.98498,0.986886,True,0.0,0,0.625666,False
strict_viability,474,0.05,0.92,0.95,0.052479,1.0,0.999236,0.983137,0.987515,True,0.0,0,0.635946,False
strict_viability,475,0.05,0.92,0.95,0.058991,0.993396,0.99783,0.982991,0.98612,True,0.0,0,0.63679,False
strict_viability,476,0.05,0.92,0.95,0.056353,0.978973,1.0,0.979345,0.977754,True,0.0,0,0.632068,False
strict_viability,477,0.05,0.92,0.95,0.055859,0.978008,1.0,0.970813,0.972387,True,0.0,0,0.629868,False
strict_viability,478,0.05,0.92,0.95,0.061532,0.975032,0.990347,0.975764,0.974385,True,0.0,0,0.630683,False
strict_viability,479,0.05,0.92,0.95,0.061372,0.964071,0.994894,0.966585,0.963304,True,0.0,0,0.626853,False
strict_viability,480,0.05,0.92,0.95,0.0,0.958268,0.992407,0.966561,0.960055,True,0.0,0,0.601647,False
strict_viability,481,0.05,0.92,0.95,0.00491,0.956936,0.998532,0.969325,0.960109,True,0.0,0,0.604768,False
strict_viability,482,0.05,0.92,0.95,0.0,0.948437,1.0,0.968185,0.954152,True,0.0,0,0.600763,False
strict_viability,483,0.05,0.92,0.95,0.0,0.944692,1.0,0.958993,0.94797,True,0.0,0,0.59806,False
strict_viability,484,0.05,0.92,0.95,0.00908,0.954613,0.99553,0.956521,0.952861,True,0.0,0,0.602732,False
strict_viability,485,0.05,0.92,0.95,0.0,0.944907,0.99399,0.96722,0.95165,True,0.0,0,0.59861,False
strict_viability,486,0.05,0.92,0.95,0.001007,0.953484,1.0,0.964815,0.955932,True,0.0,0,0.601796,False
strict_viability,487,0.05,0.92,0.95,0.015784,0.945849,1.0,0.959838,0.949053,True,0.0,0,0.604514,False
strict_viability,488,0.05,0.92,0.95,0.014043,0.941844,0.994101,0.96279,0.947993,True,0.0,0,0.602356,False
strict_viability,489,0.05,0.92,0.95,0.013205,0.944138,0.997718,0.958158,0.947387,True,0.0,0,0.602381,False
strict_viability,490,0.05,0.92,0.95,0.01996,0.961558,0.995535,0.956757,0.956612,True,0.0,0,0.608601,False
strict_viability,491,0.05,0.92,0.95,0.026713,0.959585,0.99326,0.961396,0.958268,True,0.0,0,0.611251,False
strict_viability,492,0.05,0.92,0.95,0.023628,0.961424,0.999453,0.959011,0.957553,True,0.0,0,0.611105,False
strict_viability,493,0.05,0.92,0.95,0.008496,0.95511,0.991591,0.959404,0.954864,True,0.0,0,0.602535,False
strict_viability,494,0.05,0.92,0.95,0.003074,0.951911,0.989219,0.968646,0.956956,True,0.0,0,0.601017,False
strict_viability,495,0.05,0.92,0.95,0.003403,0.950693,0.986967,0.971622,0.957124,True,0.0,0,0.600954,False
strict_viability,496,0.05,0.92,0.95,0.0,0.9525,0.975197,0.973806,0.958338,True,0.0,0,0.598319,False
strict_viability,497,0.05,0.92,0.95,0.0,0.964928,0.970708,0.975954,0.966703,True,0.0,0,0.601052,False
strict_viability,498,0.05,0.92,0.95,0.0,0.965372,0.972294,0.981816,0.967431,True,0.0,0,0.602326,False
strict_viability,499,0.05,0.92,0.95,0.000182,0.971379,0.968975,0.986997,0.968993,True,0.0,0,0.603792,False
strict_viability,500,0.05,0.92,0.95,0.009107,0.985564,0.969242,0.974261,0.970553,True,0.0,0,0.608189,False
strict_viability,501,0.05,0.92,0.95,0.019162,0.989348,0.971726,0.981142,0.974619,True,0.0,0,0.614589,False
strict_viability,502,0.05,0.92,0.95,0.029104,0.995207,0.981766,0.983902,0.981945,True,0.0,0,0.622494,False
strict_viability,503,0.05,0.92,0.95,0.026847,0.991753,0.992594,0.985717,0.987418,True,0.0,0,0.623875,False
strict_viability,504,0.05,0.92,0.95,0.028037,0.988499,0.992898,0.994793,0.989823,True,0.0,0,0.625355,False
strict_viability,505,0.05,0.92,0.95,0.014545,0.987578,1.0,0.993678,0.989441,True,0.0,0,0.621139,False
strict_viability,506,0.05,0.92,0.95,0.02989,0.992072,0.99958,0.991653,0.991339,True,0.0,0,0.627648,False
strict_viability,507,0.05,0.92,0.95,0.025754,0.999217,1.0,0.99339,0.995029,True,0.0,0,0.628124,False
strict_viability,508,0.05,0.92,0.95,0.024554,1.0,0.994808,0.983871,0.987179,True,0.0,0,0.624599,False
strict_viability,509,0.05,0.92,0.95,0.029804,1.0,0.997421,0.982467,0.986726,True,0.0,0,0.626814,False
strict_viability,510,0.05,0.92,0.95,0.029639,0.997077,0.995633,0.995156,0.995261,True,0.0,0,0.628704,False
strict_viability,511,0.05,0.92,0.95,0.033838,0.987097,0.995124,0.99271,0.988785,True,0.0,0,0.627292,False
strict_viability,512,0.05,0.92,0.95,0.03715,0.985232,0.982686,0.997982,0.982945,True,0.0,0,0.626013,False
strict_viability,513,0.05,0.92,0.95,0.049271,0.987861,0.98352,1.0,0.984532,True,0.0,0,0.631715,False
strict_viability,514,0.05,0.92,0.95,0.05854,0.982603,0.985259,1.0,0.982783,True,0.0,0,0.634394,False
strict_viability,515,0.05,0.92,0.95,0.062494,0.996801,0.989573,1.0,0.991751,True,0.0,0,0.640305,False
strict_viability,516,0.05,0.92,0.95,0.062109,0.999192,0.985014,0.994217,0.987815,True,0.0,0,0.638487,False
strict_viability,517,0.05,0.92,0.95,0.073287,0.993271,0.991304,0.993882,0.991884,True,0.0,0,0.643242,False
strict_viability,518,0.05,0.92,0.95,0.077169,0.999454,0.992081,1.0,0.994109,True,0.0,0,0.647094,False
strict_viability,519,0.05,0.92,0.95,0.082363,0.994472,1.0,1.0,0.995942,True,0.0,0,0.649816,False
antifragile_escape,0,0.9,0.56,0.48,0.340735,0.995064,1.0,1.0,0.996377,True,0.0,0,0.748156,False
antifragile_escape,1,0.9,0.56,0.48,0.352641,0.991898,1.0,0.999473,0.993977,True,0.0,0,0.751749,False
antifragile_escape,2,0.9,0.56,0.48,0.365672,0.986672,0.994043,0.998304,0.988922,True,0.0,0,0.753917,False
antifragile_escape,3,0.9,0.56,0.48,0.358625,0.976925,0.999102,0.99472,0.982097,True,0.0,0,0.749075,False
antifragile_escape,4,0.9,0.56,0.48,0.347371,0.973303,0.999074,1.0,0.980276,True,0.0,0,0.744662,False
antifragile_escape,5,0.9,0.56,0.48,0.36423,0.969719,0.994994,1.0,0.976972,True,0.0,0,0.749292,False
antifragile_escape,6,0.9,0.56,0.48,0.363414,0.969382,1.0,1.0,0.977525,True,0.0,0,0.749889,False
antifragile_escape,7,0.9,0.56,0.48,0.366674,0.970523,0.994083,0.999666,0.977355,True,0.0,0,0.750201,False
antifragile_escape,8,0.9,0.56,0.48,0.379396,0.978345,0.992223,0.998389,0.982527,True,0.0,0,0.75655,False
antifragile_escape,9,0.9,0.56,0.48,0.378314,0.982301,0.991848,0.992604,0.984932,True,0.0,0,0.756263,False
antifragile_escape,10,0.9,0.56,0.48,0.393491,0.98171,1.0,0.989667,0.984094,True,0.0,0,0.762879,False
antifragile_escape,11,0.9,0.56,0.48,0.416232,0.975724,0.988613,0.997589,0.979681,True,0.0,0,0.768973,False
antifragile_escape,12,0.9,0.56,0.48,0.419667,0.972684,0.990445,0.991933,0.977588,True,0.0,0,0.769018,False
antifragile_escape,13,0.9,0.56,0.48,0.426865,0.96717,0.986432,0.990007,0.972678,True,0.0,0,0.769179,False
antifragile_escape,14,0.9,0.56,0.48,0.427085,0.968526,0.984301,0.988575,0.973138,True,0.0,0,0.768978,False
antifragile_escape,15,0.9,0.56,0.48,0.425439,0.973289,0.993224,0.986012,0.97717,True,0.0,0,0.770941,False
antifragile_escape,16,0.9,0.56,0.48,0.427122,0.976006,1.0,0.989338,0.980105,True,0.0,0,0.774107,False
antifragile_escape,17,0.9,0.56,0.48,0.434354,0.983873,0.99867,0.995521,0.987279,True,0.0,0,0.779759,False
antifragile_escape,18,0.9,0.56,0.48,0.42607,0.985036,0.988158,0.99417,0.985899,True,0.0,0,0.774573,False
antifragile_escape,19,0.9,0.56,0.48,0.414391,0.977653,0.982198,0.993905,0.978766,True,0.0,0,0.76684,False
antifragile_escape,20,0.9,0.56,0.48,0.429184,0.983817,0.985518,0.994898,0.983936,True,0.0,0,0.774928,False
antifragile_escape,21,0.9,0.56,0.48,0.425889,0.989277,0.97913,1.0,0.982226,True,0.0,0,0.774018,False
antifragile_escape,22,0.9,0.56,0.48,0.431176,0.98843,0.981941,0.982831,0.981959,True,0.0,0,0.773945,False
antifragile_escape,23,0.9,0.56,0.48,0.433869,0.988353,0.986534,0.982719,0.983873,True,0.0,0,0.775995,False
antifragile_escape,24,0.9,0.56,0.48,0.436338,0.988987,0.987487,0.984029,0.98507,True,0.0,0,0.777546,False
antifragile_escape,25,0.9,0.56,0.48,0.431249,0.990257,0.995472,0.973934,0.978756,True,0.0,0,0.775107,False
antifragile_escape,26,0.9,0.56,0.48,0.430166,0.988223,0.990132,0.973428,0.977582,True,0.0,0,0.773157,False
antifragile_escape,27,0.9,0.56,0.48,0.423651,0.981437,0.982514,0.984313,0.981746,True,0.0,0,0.770112,False
antifragile_escape,28,0.9,0.56,0.48,0.427046,0.979384,0.97719,0.98321,0.977813,True,0.0,0,0.769448,False
antifragile_escape,29,0.9,0.56,0.48,0.441782,0.97467,0.981523,0.97855,0.975863,True,0.0,0,0.774092,False
antifragile_escape,30,0.9,0.56,0.48,0.453538,0.982127,0.988161,0.976151,0.977979,True,0.0,0,0.781015,False
antifragile_escape,31,0.9,0.56,0.48,0.463136,0.984826,0.986031,0.966904,0.971819,True,0.0,0,0.782731,False
antifragile_escape,32,0.9,0.56,0.48,0.475369,0.977938,0.990138,0.969542,0.972019,True,0.0,0,0.787272,False
antifragile_escape,33,0.9,0.56,0.48,0.485944,0.974204,0.980629,0.966938,0.96917,True,0.0,0,0.7882,False
antifragile_escape,34,0.9,0.56,0.48,0.485208,0.970545,0.970081,0.978102,0.969784,True,0.0,0,0.787,False
antifragile_escape,35,0.9,0.56,0.48,0.494967,0.976929,0.974127,0.977065,0.97489,True,0.0,0,0.793054,False
antifragile_escape,36,0.9,0.56,0.48,0.495147,0.99319,0.97797,0.974732,0.975124,True,0.0,0,0.796442,False
antifragile_escape,37,0.9,0.56,0.48,0.49066,1.0,0.974435,0.978233,0.974649,True,0.0,0,0.79576,False
antifragile_escape,38,0.9,0.56,0.48,0.497338,1.0,0.975001,0.978321,0.975019,True,0.0,0,0.798456,False
antifragile_escape,39,0.9,0.56,0.48,0.497342,1.0,0.97484,0.974032,0.97271,True,0.0,0,0.797551,False
antifragile_escape,40,0.9,0.56,0.48,0.509745,1.0,0.978695,0.972995,0.974018,True,0.0,0,0.80297,False
antifragile_escape,41,0.9,0.56,0.48,0.508197,0.998442,0.984931,0.97877,0.980398,True,0.0,0,0.804798,False
antifragile_escape,42,0.9,0.56,0.48,0.504953,0.999125,0.995584,0.967693,0.975519,True,0.0,0,0.803469,False
antifragile_escape,43,0.9,0.56,0.48,0.497544,0.995336,0.993484,0.965803,0.973394,True,0.0,0,0.799074,False
antifragile_escape,44,0.9,0.56,0.48,0.501202,0.992216,0.984837,0.971153,0.975318,True,0.0,0,0.799326,False
antifragile_escape,45,0.9,0.56,0.48,0.511547,0.983124,0.986927,0.975774,0.978007,True,0.0,0,0.802966,False
antifragile_escape,46,0.9,0.56,0.48,0.515221,0.982757,0.998236,0.987796,0.984117,True,0.0,0,0.808748,False
antifragile_escape,47,0.9,0.56,0.48,0.538772,0.977604,1.0,0.993858,0.982456,True,0.0,0,0.817737,False
antifragile_escape,48,0.9,0.56,0.48,0.546318,0.977398,1.0,0.995362,0.982635,True,0.0,0,0.820799,False
antifragile_escape,49,0.9,0.56,0.48,0.550521,0.976834,1.0,0.998936,0.982846,True,0.0,0,0.822821,False
antifragile_escape,50,0.9,0.56,0.48,0.548805,0.971016,0.996594,0.995232,0.977627,True,0.0,0,0.819363,False
antifragile_escape,51,0.9,0.56,0.48,0.560213,0.970653,1.0,1.0,0.978459,True,0.0,0,0.825013,False
antifragile_escape,52,0.9,0.56,0.48,0.557237,0.980681,0.999634,1.0,0.985769,True,0.0,0,0.826499,False
antifragile_escape,53,0.9,0.56,0.48,0.553719,0.972248,1.0,0.9953,0.978874,True,0.0,0,0.822225,False
antifragile_escape,54,0.9,0.56,0.48,0.54863,0.965247,1.0,1.0,0.974491,True,0.0,0,0.819163,False
antifragile_escape,55,0.9,0.56,0.48,0.556808,0.954867,0.995935,0.993558,0.965453,True,0.0,0,0.817684,False
antifragile_escape,56,0.9,0.56,0.48,0.561344,0.942295,0.988081,0.990461,0.954771,True,0.0,0,0.814016,False
antifragile_escape,57,0.9,0.56,0.48,0.568116,0.945259,0.993678,0.995163,0.958328,True,0.0,0,0.819215,False
antifragile_escape,58,0.9,0.56,0.48,0.5717,0.948153,0.996871,0.996107,0.961007,True,0.0,0,0.822126,False
antifragile_escape,59,0.9,0.56,0.48,0.572641,0.944264,0.999462,0.99562,0.958392,True,0.0,0,0.821868,False
antifragile_escape,60,0.9,0.56,0.48,0.571135,0.941377,0.995499,0.988443,0.954686,True,0.0,0,0.818613,False
antifragile_escape,61,0.9,0.56,0.48,0.575364,0.937349,1.0,0.985307,0.95148,True,0.0,0,0.819482,False
antifragile_escape,62,0.9,0.56,0.48,0.587134,0.935355,0.997547,0.985842,0.949977,True,0.0,0,0.823048,False
antifragile_escape,63,0.9,0.56,0.48,0.590894,0.929427,1.0,0.98321,0.945292,True,0.0,0,0.822921,False
antifragile_escape,64,0.9,0.56,0.48,0.594485,0.9174,1.0,0.995206,0.938689,True,0.0,0,0.823008,False
antifragile_escape,65,0.9,0.56,0.48,0.612733,0.912901,1.0,0.990968,0.934717,True,0.0,0,0.828062,False
antifragile_escape,66,0.9,0.56,0.48,0.606149,0.910741,0.995943,0.996537,0.933481,True,0.0,0,0.825072,False
antifragile_escape,67,0.9,0.56,0.48,0.611963,0.904388,0.994152,0.992128,0.927987,True,0.0,0,0.82454,False
antifragile_escape,68,0.9,0.56,0.48,0.624989,0.9126,0.989736,0.975845,0.930859,True,0.0,0,0.828238,False
antifragile_escape,69,0.9,0.56,0.48,0.639962,0.911906,0.985432,0.986174,0.931559,True,0.0,0,0.834558,False
antifragile_escape,70,0.9,0.56,0.48,0.643758,0.911872,0.984925,0.987808,0.931669,True,0.0,0,0.836145,False
antifragile_escape,71,0.9,0.56,0.48,0.650737,0.917955,0.992236,0.981029,0.935948,True,0.0,0,0.840773,False
antifragile_escape,72,0.9,0.56,0.48,0.651981,0.904467,0.97962,0.975292,0.923841,True,0.0,0,0.83429,False
antifragile_escape,73,0.9,0.56,0.48,0.656491,0.907446,0.991725,0.968162,0.925599,True,0.0,0,0.837932,False
antifragile_escape,74,0.9,0.56,0.48,0.662527,0.904842,0.992057,0.959186,0.92146,True,0.0,0,0.838063,False
antifragile_escape,75,0.9,0.56,0.48,0.660674,0.918896,0.992018,0.966155,0.933289,True,0.0,0,0.842277,False
antifragile_escape,76,0.9,0.56,0.48,0.664028,0.916981,0.992889,0.968726,0.932618,True,0.0,0,0.843643,False
antifragile_escape,77,0.9,0.56,0.48,0.656871,0.913903,0.992278,0.965678,0.929625,True,0.0,0,0.839474,False
antifragile_escape,78,0.9,0.56,0.48,0.659753,0.924862,0.991256,0.967907,0.937966,True,0.0,0,0.84367,False
antifragile_escape,79,0.9,0.56,0.48,0.659777,0.927597,1.0,0.969868,0.94058,True,0.0,0,0.846334,False
antifragile_escape,80,0.9,0.56,0.48,0.668503,0.938781,0.999646,0.9848,0.952384,True,0.0,0,0.855106,False
antifragile_escape,81,0.9,0.56,0.48,0.665971,0.932721,1.0,0.990014,0.949048,True,0.0,0,0.853446,False
antifragile_escape,82,0.9,0.56,0.48,0.679563,0.938165,1.0,0.980923,0.951054,True,0.0,0,0.858559,False
antifragile_escape,83,0.9,0.56,0.48,0.679463,0.927535,1.0,0.979674,0.943129,True,0.0,0,0.855482,False
antifragile_escape,84,0.9,0.56,0.48,0.701941,0.926836,0.997473,0.980785,0.942741,True,0.0,0,0.863552,False
antifragile_escape,85,0.9,0.56,0.48,0.701007,0.924484,1.0,0.983433,0.94176,True,0.0,0,0.863482,False
antifragile_escape,86,0.9,0.56,0.48,0.700357,0.913696,0.992648,0.992765,0.934711,True,0.0,0,0.86043,False
antifragile_escape,87,0.9,0.56,0.48,0.697859,0.914365,0.992871,0.997322,0.935801,True,0.0,0,0.86041,False
antifragile_escape,88,0.9,0.56,0.48,0.694731,0.917681,0.992412,1.0,0.938457,True,0.0,0,0.86043,False
antifragile_escape,89,0.9,0.56,0.48,0.701189,0.925844,0.995482,1.0,0.944924,True,0.0,0,0.865681,False
antifragile_escape,90,0.9,0.56,0.48,0.69811,0.926866,1.0,0.999286,0.946221,True,0.0,0,0.865564,False
antifragile_escape,91,0.9,0.56,0.48,0.697772,0.929504,0.997759,1.0,0.947945,True,0.0,0,0.865814,False
antifragile_escape,92,0.9,0.56,0.48,0.708484,0.939427,1.0,0.994395,0.954711,True,0.0,0,0.872101,False
antifragile_escape,93,0.9,0.56,0.48,0.711477,0.937908,0.99317,0.991854,0.952426,True,0.0,0,0.871106,False
antifragile_escape,94,0.9,0.56,0.48,0.709703,0.93723,1.0,0.993209,0.952905,True,0.0,0,0.871786,False
antifragile_escape,95,0.9,0.56,0.48,0.714667,0.93672,1.0,0.994881,0.952805,True,0.0,0,0.873803,False
antifragile_escape,96,0.9,0.56,0.48,0.73488,0.932888,1.0,0.996228,0.950204,True,0.0,0,0.880671,False
antifragile_escape,97,0.9,0.56,0.48,0.744646,0.941809,0.994857,0.996249,0.956098,True,0.0,0,0.885772,False
antifragile_escape,98,0.9,0.56,0.48,0.738176,0.949238,0.992159,0.989669,0.9603,True,0.0,0,0.883748,False
antifragile_escape,99,0.9,0.56,0.48,0.737596,0.947408,0.996749,0.982901,0.958024,True,0.0,0,0.882804,False
antifragile_escape,100,0.9,0.56,0.48,0.742429,0.954255,1.0,0.979246,0.961937,True,0.0,0,0.886416,False
antifragile_escape,101,0.9,0.56,0.48,0.739756,0.966109,0.993197,0.987624,0.972382,True,0.0,0,0.888736,False
antifragile_escape,102,0.9,0.56,0.48,0.759462,0.970321,0.987235,0.984733,0.974427,True,0.0,0,0.895749,False
antifragile_escape,103,0.9,0.56,0.48,0.771483,0.970479,0.987753,0.989582,0.975289,True,0.0,0,0.901221,False
antifragile_escape,104,0.9,0.56,0.48,0.764735,0.966179,0.989404,0.997079,0.973055,True,0.0,0,0.898962,False
antifragile_escape,105,0.9,0.56,0.48,0.774571,0.968566,0.994104,0.993136,0.975224,True,0.0,0,0.903684,False
antifragile_escape,106,0.9,0.56,0.48,0.771578,0.96169,0.996221,0.994384,0.970615,True,0.0,0,0.901311,False
antifragile_escape,107,0.9,0.56,0.48,0.779547,0.963896,0.999635,0.994238,0.972552,True,0.0,0,0.905563,False
antifragile_escape,108,0.9,0.56,0.48,0.777338,0.966822,1.0,0.990333,0.973876,True,0.0,0,0.904928,False
antifragile_escape,109,0.9,0.56,0.48,0.775949,0.964314,0.99325,0.998117,0.972544,True,0.0,0,0.903664,False
antifragile_escape,110,0.9,0.56,0.48,0.783848,0.976846,0.992247,1.0,0.981518,True,0.0,0,0.910081,False
antifragile_escape,111,0.9,0.56,0.48,0.78949,0.974913,0.994633,1.0,0.980681,True,0.0,0,0.912206,False
antifragile_escape,112,0.9,0.56,0.48,0.807304,0.97684,0.996361,0.994546,0.981764,True,0.0,0,0.919,False
antifragile_escape,113,0.9,0.56,0.48,0.809831,0.973644,0.991774,1.0,0.979114,True,0.0,0,0.919005,False
antifragile_escape,114,0.9,0.56,0.48,0.801776,0.969972,0.991626,1.0,0.976445,True,0.0,0,0.914936,False
antifragile_escape,115,0.9,0.56,0.48,0.810789,0.966691,0.993832,0.994744,0.974027,True,0.0,0,0.917141,False
antifragile_escape,116,0.9,0.56,0.48,0.807047,0.960214,1.0,0.998978,0.970656,True,0.0,0,0.915852,False
antifragile_escape,117,0.9,0.56,0.48,0.810961,0.965654,0.989432,1.0,0.97282,True,0.0,0,0.916819,False
antifragile_escape,118,0.9,0.56,0.48,0.819578,0.968608,0.983717,0.991012,0.973182,True,0.0,0,0.918382,False
antifragile_escape,119,0.9,0.56,0.48,0.827698,0.973363,0.975829,0.985301,0.97379,True,0.0,0,0.920177,False
antifragile_escape,120,0.9,0.56,0.48,0.828439,0.965713,0.96777,0.980658,0.965759,True,0.0,0,0.916017,False
antifragile_escape,121,0.9,0.56,0.48,0.822594,0.96569,0.974753,0.973227,0.967856,True,0.0,0,0.91426,False
antifragile_escape,122,0.9,0.56,0.48,0.834392,0.963853,0.971806,0.980733,0.96627,True,0.0,0,0.918743,False
antifragile_escape,123,0.9,0.56,0.48,0.846828,0.967135,0.970301,0.983988,0.967592,True,0.0,0,0.924403,False
antifragile_escape,124,0.9,0.56,0.48,0.858595,0.96449,0.971131,0.983933,0.966325,True,0.0,0,0.928388,False
antifragile_escape,125,0.9,0.56,0.48,0.853994,0.971287,0.974495,0.976346,0.972266,True,0.0,0,0.928119,False
antifragile_escape,126,0.9,0.56,0.48,0.875467,0.977861,0.983556,0.977322,0.977183,True,0.0,0,0.93982,False
antifragile_escape,127,0.9,0.56,0.48,0.864314,0.979826,0.980327,0.972279,0.974348,True,0.0,0,0.934308,False
antifragile_escape,128,0.9,0.56,0.48,0.872838,0.971504,0.978019,0.981882,0.973495,True,0.0,0,0.936876,False
antifragile_escape,129,0.9,0.56,0.48,0.883397,0.969155,0.981725,0.988821,0.972988,True,0.0,0,0.942042,False
antifragile_escape,130,0.9,0.56,0.48,0.89427,0.96285,0.988765,0.983924,0.96895,True,0.0,0,0.945136,False
antifragile_escape,131,0.9,0.56,0.48,0.899936,0.966488,0.991007,0.979176,0.970381,True,0.0,0,0.947855,False
antifragile_escape,132,0.9,0.56,0.48,0.910515,0.96826,0.998079,0.979316,0.971423,True,0.0,0,0.953612,False
antifragile_escape,133,0.9,0.56,0.48,0.921844,0.96666,1.0,0.975837,0.96888,True,0.0,0,0.957182,False
antifragile_escape,134,0.9,0.56,0.48,0.918431,0.965289,1.0,0.969757,0.965243,True,0.0,0,0.954351,False
antifragile_escape,135,0.9,0.56,0.48,0.934926,0.963027,1.0,0.953853,0.955339,True,0.0,0,0.956797,False
antifragile_escape,136,0.9,0.56,0.48,0.936022,0.95884,1.0,0.9528,0.952721,True,0.0,0,0.955998,False
antifragile_escape,137,0.9,0.56,0.48,0.936605,0.948146,0.993208,0.959492,0.950682,True,0.0,0,0.953764,False
antifragile_escape,138,0.9,0.56,0.48,0.934074,0.946764,1.0,0.964897,0.95177,True,0.0,0,0.954664,False
antifragile_escape,139,0.9,0.56,0.48,0.94811,0.943365,1.0,0.957432,0.946466,True,0.0,0,0.957704,False
antifragile_escape,140,0.9,0.56,0.48,0.948461,0.938304,0.998697,0.959931,0.944407,True,0.0,0,0.956794,False
antifragile_escape,141,0.9,0.56,0.48,0.956493,0.936015,1.0,0.963369,0.94418,True,0.0,0,0.960123,False
antifragile_escape,142,0.9,0.56,0.48,0.956562,0.938178,1.0,0.976458,0.94989,True,0.0,0,0.963056,False
antifragile_escape,143,0.9,0.56,0.48,0.96797,0.957921,1.0,0.979827,0.964643,True,0.0,0,0.973187,False
antifragile_escape,144,0.9,0.56,0.48,0.963498,0.956082,0.996963,0.984108,0.964543,True,0.0,0,0.971198,False
antifragile_escape,145,0.9,0.56,0.48,0.968204,0.963468,1.0,0.98345,0.96961,True,0.0,0,0.975378,False
antifragile_escape,146,0.9,0.56,0.48,0.980886,0.968827,0.990362,0.981895,0.972832,True,0.0,0,0.979596,False
antifragile_escape,147,0.9,0.56,0.48,0.990716,0.974899,0.992255,0.985761,0.978219,True,0.0,0,0.985953,False
antifragile_escape,148,0.9,0.56,0.48,0.988926,0.973823,0.992521,0.985832,0.977484,True,0.0,0,0.985048,False
antifragile_escape,149,0.9,0.56,0.48,0.989346,0.974673,0.990979,0.984629,0.977723,True,0.0,0,0.984944,False
antifragile_escape,150,0.9,0.56,0.48,0.984314,0.965402,0.989067,0.989515,0.971754,True,0.0,0,0.980986,False
antifragile_escape,151,0.9,0.56,0.48,0.994171,0.95727,0.987887,0.99126,0.965809,True,0.0,0,0.982587,False
antifragile_escape,152,0.9,0.56,0.48,1.0,0.952605,0.988514,0.993954,0.962765,True,0.0,0,0.984087,False
antifragile_escape,153,0.9,0.56,0.48,0.997154,0.951463,0.972516,0.990343,0.957934,True,0.0,0,0.978835,False
antifragile_escape,154,0.9,0.56,0.48,0.992598,0.953408,0.972719,0.976977,0.958985,True,0.0,0,0.975745,False
antifragile_escape,155,0.9,0.56,0.48,0.988771,0.957236,0.965563,0.977609,0.959694,True,0.0,0,0.973865,False
antifragile_escape,156,0.9,0.56,0.48,0.994796,0.958822,0.964707,0.96883,0.960629,True,0.0,0,0.975169,False
antifragile_escape,157,0.9,0.56,0.48,0.993725,0.959579,0.961749,0.973192,0.959764,True,0.0,0,0.974873,False
antifragile_escape,158,0.9,0.56,0.48,0.989605,0.958703,0.963854,0.975667,0.960039,True,0.0,0,0.973908,False
antifragile_escape,159,0.9,0.56,0.48,0.987853,0.959072,0.967119,0.976003,0.96152,True,0.0,0,0.974121,False
antifragile_escape,160,0.9,0.56,0.48,0.991206,0.855867,0.851203,0.883525,0.851406,True,0.713719,1,0.909793,False
antifragile_escape,161,0.9,0.56,0.48,0.986429,0.862195,0.857726,0.880385,0.858439,True,0.713719,1,0.910695,False
antifragile_escape,162,0.9,0.56,0.48,0.975163,0.86193,0.862908,0.887679,0.860712,True,0.713719,1,0.908593,False
antifragile_escape,163,0.9,0.56,0.48,0.987178,0.855542,0.858109,0.894138,0.854286,True,0.713719,1,0.911278,False
antifragile_escape,164,0.9,0.56,0.48,0.987845,0.8684,0.863851,0.895971,0.864011,True,0.713719,1,0.916303,False
antifragile_escape,165,0.9,0.56,0.48,0.975265,0.871756,0.864371,0.891375,0.866148,True,0.713719,1,0.911834,False
antifragile_escape,166,0.9,0.56,0.48,0.979786,0.879936,0.867849,0.900874,0.87129,True,0.713719,1,0.917597,False
antifragile_escape,167,0.9,0.56,0.48,0.982463,0.888675,0.864569,0.919704,0.8718,True,0.713719,1,0.922294,False
antifragile_escape,168,0.9,0.56,0.48,0.98911,0.894007,0.878486,0.926033,0.882681,True,0.713719,1,0.930477,False
antifragile_escape,169,0.9,0.56,0.48,1.0,0.894039,0.881511,0.919807,0.884901,True,0.713719,1,0.93456,False
antifragile_escape,170,0.9,0.56,0.48,0.998389,0.896717,0.882128,0.932929,0.885772,True,0.713719,1,0.936483,False
antifragile_escape,171,0.9,0.56,0.48,1.0,0.899125,0.882198,0.94088,0.886439,True,0.713719,1,0.938734,False
antifragile_escape,172,0.9,0.56,0.48,1.0,0.906974,0.881277,0.941812,0.888935,True,0.713719,1,0.940411,False
antifragile_escape,173,0.9,0.56,0.48,1.0,0.920443,0.887931,0.951723,0.897895,True,0.713719,1,0.946496,False
antifragile_escape,174,0.9,0.56,0.48,1.0,0.916343,0.888761,0.957303,0.896867,True,0.713719,1,0.946565,False
antifragile_escape,175,0.9,0.56,0.48,0.992299,0.910093,0.882655,0.961088,0.890322,True,0.713719,1,0.941159,False
antifragile_escape,176,0.9,0.56,0.48,1.0,0.900479,0.893481,0.967469,0.892128,True,0.713719,1,0.945414,False
antifragile_escape,177,0.9,0.56,0.48,1.0,0.909003,0.898871,0.960252,0.899871,True,0.713719,1,0.947837,False
antifragile_escape,178,0.9,0.56,0.48,0.9865,0.909449,0.907681,0.961142,0.905015,True,0.713719,1,0.945115,False
antifragile_escape,179,0.9,0.56,0.48,0.997215,0.917072,0.917351,0.967149,0.913848,True,0.713719,1,0.9542,False
antifragile_escape,180,0.9,0.56,0.48,1.0,0.920291,0.919508,0.96637,0.916767,True,0.713719,1,0.956468,False
antifragile_escape,181,0.9,0.56,0.48,0.995958,0.920161,0.922534,0.975674,0.917673,True,0.713719,1,0.956864,False
antifragile_escape,182,0.9,0.56,0.48,1.0,0.928202,0.922664,0.979719,0.921692,True,0.713719,1,0.960919,False
antifragile_escape,183,0.9,0.56,0.48,1.0,0.933424,0.917037,0.981085,0.920757,True,0.713719,1,0.960926,False
antifragile_escape,184,0.9,0.56,0.48,1.0,0.937415,0.921938,0.975236,0.925834,True,0.713719,1,0.962317,False
antifragile_escape,185,0.9,0.56,0.48,0.992449,0.934888,0.929923,0.977862,0.929262,True,0.713719,1,0.961209,False
antifragile_escape,186,0.9,0.56,0.48,0.999621,0.935804,0.931372,0.982237,0.93025,True,0.713719,1,0.965091,False
antifragile_escape,187,0.9,0.56,0.48,1.0,0.935189,0.923203,0.977062,0.925526,True,0.713719,1,0.962362,False
antifragile_escape,188,0.9,0.56,0.48,1.0,0.928517,0.915466,0.976839,0.917835,True,0.713719,1,0.958815,False
antifragile_escape,189,0.9,0.56,0.48,1.0,0.93776,0.919235,0.98012,0.924044,True,0.713719,1,0.962361,False
antifragile_escape,190,0.9,0.56,0.48,1.0,0.936971,0.925996,0.975625,0.928105,True,0.713719,1,0.963294,False
antifragile_escape,191,0.9,0.56,0.48,1.0,0.937282,0.929874,0.974504,0.930621,True,0.713719,1,0.964193,False
antifragile_escape,192,0.9,0.56,0.48,1.0,0.944805,0.926683,0.978415,0.93175,True,0.713719,1,0.965656,False
antifragile_escape,193,0.9,0.56,0.48,0.994123,0.95209,0.917896,0.984399,0.928381,True,0.713719,1,0.963585,False
antifragile_escape,194,0.9,0.56,0.48,0.99603,0.955487,0.922992,0.979747,0.932978,True,0.713719,1,0.96574,False
antifragile_escape,195,0.9,0.56,0.48,1.0,0.948823,0.923482,0.988431,0.93086,True,0.713719,1,0.967099,False
antifragile_escape,196,0.9,0.56,0.48,1.0,0.942684,0.927926,0.993763,0.930814,True,0.713719,1,0.967534,False
antifragile_escape,197,0.9,0.56,0.48,1.0,0.945987,0.928904,0.990235,0.933075,True,0.713719,1,0.968082,False
antifragile_escape,198,0.9,0.56,0.48,1.0,0.948162,0.933643,0.982401,0.93736,True,0.713719,1,0.968744,False
antifragile_escape,199,0.9,0.56,0.48,1.0,0.949649,0.934573,0.9846,0.938463,True,0.713719,1,0.96962,False
antifragile_escape,200,0.9,0.56,0.48,0.995411,0.951855,0.931058,0.98162,0.937207,True,0.713719,1,0.967072,False
antifragile_escape,201,0.9,0.56,0.48,1.0,0.963605,0.935098,0.979721,0.943792,True,0.713719,1,0.972182,False
antifragile_escape,202,0.9,0.56,0.48,1.0,0.960891,0.92572,0.988495,0.936533,True,0.713719,1,0.970363,False
antifragile_escape,203,0.9,0.56,0.48,1.0,0.953321,0.935925,0.989141,0.94063,True,0.713719,1,0.97142,False
antifragile_escape,204,0.9,0.56,0.48,0.990418,0.963044,0.9419,0.989121,0.948272,True,0.713719,1,0.971518,False
antifragile_escape,205,0.9,0.56,0.48,0.987894,0.960292,0.940258,0.978217,0.94641,True,0.713719,1,0.968018,False
antifragile_escape,206,0.9,0.56,0.48,1.0,0.956862,0.943518,0.977051,0.947427,True,0.713719,1,0.972547,False
antifragile_escape,207,0.9,0.56,0.48,0.998579,0.952407,0.950938,0.977118,0.949946,True,0.713719,1,0.972852,False
antifragile_escape,208,0.9,0.56,0.48,1.0,0.947783,0.959261,0.981351,0.950958,True,0.713719,1,0.974772,False
antifragile_escape,209,0.9,0.56,0.48,1.0,0.94489,0.959296,0.980688,0.949124,True,0.713719,1,0.973945,False
antifragile_escape,210,0.9,0.56,0.48,1.0,0.953988,0.961518,0.97299,0.956191,True,0.713719,1,0.975753,False
antifragile_escape,211,0.9,0.56,0.48,1.0,0.954348,0.958388,0.971875,0.955167,True,0.713719,1,0.974975,False
antifragile_escape,212,0.9,0.56,0.48,1.0,0.952885,0.967408,0.972737,0.957212,True,0.713719,1,0.976701,False
antifragile_escape,213,0.9,0.56,0.48,1.0,0.958928,0.972361,0.977011,0.962916,True,0.713719,1,0.979963,False
antifragile_escape,214,0.9,0.56,0.48,1.0,0.971225,0.967461,0.977487,0.968543,True,0.713719,1,0.982037,False
antifragile_escape,215,0.9,0.56,0.48,1.0,0.969212,0.969987,0.976915,0.969095,True,0.713719,1,0.982115,False
antifragile_escape,216,0.9,0.56,0.48,1.0,0.963212,0.960169,0.978189,0.960496,True,0.713719,1,0.978415,False
antifragile_escape,217,0.9,0.56,0.48,1.0,0.967336,0.949354,0.97045,0.954477,True,0.713719,1,0.975405,False
antifragile_escape,218,0.9,0.56,0.48,0.995222,0.971642,0.946226,0.971508,0.952968,True,0.713719,1,0.973768,False
antifragile_escape,219,0.9,0.56,0.48,1.0,0.973018,0.94459,0.965765,0.950873,True,0.713719,1,0.974481,False
antifragile_escape,220,0.9,0.56,0.48,0.993898,0.976112,0.961435,0.974537,0.965102,True,0.713719,1,0.978687,False
antifragile_escape,221,0.9,0.56,0.48,0.996813,0.964948,0.954257,0.982733,0.957329,True,0.713719,1,0.976708,False
antifragile_escape,222,0.9,0.56,0.48,0.994819,0.964641,0.948781,0.975711,0.95365,True,0.713719,1,0.973485,False
antifragile_escape,223,0.9,0.56,0.48,0.991287,0.960888,0.945098,0.979321,0.949881,True,0.713719,1,0.970857,False
antifragile_escape,224,0.9,0.56,0.48,0.993459,0.965236,0.945322,0.978057,0.951424,True,0.713719,1,0.972513,False
antifragile_escape,225,0.9,0.56,0.48,1.0,0.965035,0.946877,0.973796,0.952374,True,0.713719,1,0.97476,False
antifragile_escape,226,0.9,0.56,0.48,1.0,0.96839,0.95065,0.975995,0.955985,True,0.713719,1,0.976785,False
antifragile_escape,227,0.9,0.56,0.48,1.0,0.97462,0.957085,0.975861,0.961901,True,0.713719,1,0.979755,False
antifragile_escape,228,0.9,0.56,0.48,1.0,0.978912,0.959618,0.977816,0.964595,True,0.713719,1,0.981581,False
antifragile_escape,229,0.9,0.56,0.48,1.0,0.996397,0.958161,0.978677,0.964465,True,0.713719,1,0.984571,False
antifragile_escape,230,0.9,0.56,0.48,0.999696,1.0,0.954943,0.97625,0.961422,True,0.713719,1,0.98382,False
antifragile_escape,231,0.9,0.56,0.48,0.997235,0.98975,0.959617,0.993514,0.968066,True,0.713719,1,0.985095,False
antifragile_escape,232,0.9,0.56,0.48,0.987501,0.995351,0.956047,1.0,0.967041,True,0.713719,1,0.982547,False
antifragile_escape,233,0.9,0.56,0.48,0.986046,0.994374,0.961455,0.998635,0.9707,True,0.713719,1,0.98304,False
antifragile_escape,234,0.9,0.56,0.48,0.988056,0.986853,0.964593,0.987942,0.970651,True,0.713719,1,0.981511,False
antifragile_escape,235,0.9,0.56,0.48,0.997731,0.988929,0.968829,0.987788,0.974013,True,0.713719,1,0.986706,False
antifragile_escape,236,0.9,0.56,0.48,1.0,0.991823,0.975005,0.99253,0.979568,True,0.713719,1,0.990531,False
antifragile_escape,237,0.9,0.56,0.48,0.992849,0.994505,0.978772,0.999219,0.983401,True,0.713719,1,0.990371,False
antifragile_escape,238,0.9,0.56,0.48,0.989197,0.997372,0.978761,0.98792,0.981559,True,0.713719,1,0.987695,False
antifragile_escape,239,0.9,0.56,0.48,0.977978,0.991752,0.987287,0.999106,0.988573,True,0.713719,1,0.986362,False
antifragile_escape,240,0.9,0.56,0.48,1.0,0.891228,0.888105,0.913577,0.887995,True,1.612855,2,0.93474,False
antifragile_escape,241,0.9,0.56,0.48,1.0,0.891111,0.894631,0.906408,0.891823,True,1.612855,2,0.93535,False
antifragile_escape,242,0.9,0.56,0.48,1.0,0.883288,0.890364,0.913278,0.884763,True,1.612855,2,0.933288,False
antifragile_escape,243,0.9,0.56,0.48,1.0,0.881083,0.891189,0.916784,0.88358,True,1.612855,2,0.933388,False
antifragile_escape,244,0.9,0.56,0.48,0.982599,0.878423,0.894276,0.917822,0.883082,True,1.612855,2,0.926938,False
antifragile_escape,245,0.9,0.56,0.48,0.988339,0.878977,0.893187,0.91796,0.883016,True,1.612855,2,0.929035,False
antifragile_escape,246,0.9,0.56,0.48,0.988548,0.876957,0.894904,0.920668,0.882261,True,1.612855,2,0.929348,False
antifragile_escape,247,0.9,0.56,0.48,0.989746,0.885121,0.904356,0.92184,0.891026,True,1.612855,2,0.93419,False
antifragile_escape,248,0.9,0.56,0.48,0.990713,0.885838,0.911356,0.924758,0.893595,True,1.612855,2,0.936664,False
antifragile_escape,249,0.9,0.56,0.48,0.985312,0.88227,0.925954,0.925166,0.893782,True,1.612855,2,0.936676,False
antifragile_escape,250,0.9,0.56,0.48,1.0,0.886269,0.930874,0.925805,0.897367,True,1.612855,2,0.944382,False
antifragile_escape,251,0.9,0.56,0.48,1.0,0.880201,0.931701,0.929035,0.893523,True,1.612855,2,0.94343,False
antifragile_escape,252,0.9,0.56,0.48,1.0,0.868544,0.932476,0.946863,0.887028,True,1.612855,2,0.943188,False
antifragile_escape,253,0.9,0.56,0.48,0.997113,0.874668,0.929348,0.939782,0.890327,True,1.612855,2,0.942034,False
antifragile_escape,254,0.9,0.56,0.48,1.0,0.865891,0.923837,0.941024,0.88293,True,1.612855,2,0.939846,False
antifragile_escape,255,0.9,0.56,0.48,1.0,0.861232,0.929615,0.935077,0.880083,True,1.612855,2,0.938873,False
antifragile_escape,256,0.9,0.56,0.48,0.989874,0.857396,0.933499,0.946335,0.879046,True,1.612855,2,0.936486,False
antifragile_escape,257,0.9,0.56,0.48,0.997977,0.860297,0.928644,0.944446,0.880088,True,1.612855,2,0.939073,False
antifragile_escape,258,0.9,0.56,0.48,0.991347,0.865445,0.923303,0.947452,0.882819,True,1.612855,2,0.937268,False
antifragile_escape,259,0.9,0.56,0.48,0.997318,0.86515,0.933246,0.950425,0.884974,True,1.612855,2,0.941949,False
antifragile_escape,260,0.9,0.56,0.48,0.994873,0.86813,0.928668,0.948915,0.886066,True,1.612855,2,0.940651,False
antifragile_escape,261,0.9,0.56,0.48,0.992666,0.863422,0.921585,0.935877,0.880327,True,1.612855,2,0.935176,False
antifragile_escape,262,0.9,0.56,0.48,1.0,0.856508,0.914913,0.94788,0.87432,True,1.612855,2,0.936477,False
antifragile_escape,263,0.9,0.56,0.48,1.0,0.863174,0.920556,0.939767,0.880176,True,1.612855,2,0.93826,False
antifragile_escape,264,0.9,0.56,0.48,0.990654,0.880534,0.912544,0.934661,0.890359,True,1.612855,2,0.936898,False
antifragile_escape,265,0.9,0.56,0.48,0.982281,0.890991,0.928793,0.933087,0.901547,True,1.612855,2,0.939646,False
antifragile_escape,266,0.9,0.56,0.48,0.967985,0.891663,0.92829,0.930491,0.901678,True,1.612855,2,0.933896,False
antifragile_escape,267,0.9,0.56,0.48,0.974747,0.895725,0.927799,0.925243,0.903884,True,1.612855,2,0.936638,False
antifragile_escape,268,0.9,0.56,0.48,0.978447,0.903099,0.933955,0.918178,0.907702,True,1.612855,2,0.939949,False
antifragile_escape,269,0.9,0.56,0.48,0.976003,0.89866,0.939781,0.92189,0.905801,True,1.612855,2,0.939561,False
antifragile_escape,270,0.9,0.56,0.48,0.982775,0.901899,0.948159,0.926239,0.909372,True,1.612855,2,0.945263,False
antifragile_escape,271,0.9,0.56,0.48,0.998218,0.904512,0.947349,0.922658,0.909917,True,1.612855,2,0.95102,False
antifragile_escape,272,0.9,0.56,0.48,1.0,0.90608,0.956229,0.912353,0.905925,True,1.612855,2,0.951656,False
antifragile_escape,273,0.9,0.56,0.48,1.0,0.903559,0.97139,0.913674,0.904145,True,1.612855,2,0.953903,False
antifragile_escape,274,0.9,0.56,0.48,1.0,0.893433,0.967391,0.921266,0.901438,True,1.612855,2,0.952098,False
antifragile_escape,275,0.9,0.56,0.48,0.996969,0.903379,0.976072,0.925911,0.909295,True,1.612855,2,0.955892,False
antifragile_escape,276,0.9,0.56,0.48,0.998653,0.900447,0.970572,0.921096,0.905695,True,1.612855,2,0.953909,False
antifragile_escape,277,0.9,0.56,0.48,0.993975,0.893016,0.972466,0.92405,0.902055,True,1.612855,2,0.951111,False
antifragile_escape,278,0.9,0.56,0.48,0.992229,0.89689,0.974882,0.924016,0.90445,True,1.612855,2,0.951862,False
antifragile_escape,279,0.9,0.56,0.48,1.0,0.900875,0.97384,0.92336,0.906759,True,1.612855,2,0.95553,False
antifragile_escape,280,0.9,0.56,0.48,0.997153,0.899086,0.967609,0.927502,0.907506,True,1.612855,2,0.953674,False
antifragile_escape,281,0.9,0.56,0.48,0.993488,0.902765,0.962039,0.927093,0.909954,True,1.612855,2,0.952178,False
antifragile_escape,282,0.9,0.56,0.48,1.0,0.900598,0.968853,0.927048,0.908282,True,1.612855,2,0.955282,False
antifragile_escape,283,0.9,0.56,0.48,0.993574,0.904065,0.974835,0.930118,0.911498,True,1.612855,2,0.955356,False
antifragile_escape,284,0.9,0.56,0.48,1.0,0.9041,0.97342,0.934306,0.913155,True,1.612855,2,0.958335,False
antifragile_escape,285,0.9,0.56,0.48,1.0,0.90815,0.97548,0.939715,0.917735,True,1.612855,2,0.960742,False
antifragile_escape,286,0.9,0.56,0.48,1.0,0.909272,0.985013,0.946702,0.920712,True,1.612855,2,0.963995,False
antifragile_escape,287,0.9,0.56,0.48,1.0,0.912222,0.987477,0.939607,0.920001,True,1.612855,2,0.963891,False
antifragile_escape,288,0.9,0.56,0.48,0.996501,0.908154,0.98386,0.944599,0.919261,True,1.612855,2,0.961788,False
antifragile_escape,289,0.9,0.56,0.48,1.0,0.902609,0.981406,0.949208,0.916912,True,1.612855,2,0.962041,False
antifragile_escape,290,0.9,0.56,0.48,0.997803,0.905487,0.994964,0.950098,0.919134,True,1.612855,2,0.964556,False
antifragile_escape,291,0.9,0.56,0.48,1.0,0.907893,0.994155,0.950888,0.921045,True,1.612855,2,0.966018,False
antifragile_escape,292,0.9,0.56,0.48,0.995899,0.908802,0.993278,0.948454,0.920846,True,1.612855,2,0.964101,False
antifragile_escape,293,0.9,0.56,0.48,0.999987,0.915926,0.992815,0.951858,0.926833,True,1.612855,2,0.968049,False
antifragile_escape,294,0.9,0.56,0.48,1.0,0.919828,0.998151,0.957083,0.931165,True,1.612855,2,0.970968,False
antifragile_escape,295,0.9,0.56,0.48,1.0,0.922869,1.0,0.954012,0.93203,True,1.612855,2,0.971522,False
antifragile_escape,296,0.9,0.56,0.48,1.0,0.926873,0.995055,0.954464,0.934995,True,1.612855,2,0.971771,False
antifragile_escape,297,0.9,0.56,0.48,0.985878,0.926989,0.994208,0.954395,0.935073,True,1.612855,2,0.966273,False
antifragile_escape,298,0.9,0.56,0.48,0.979751,0.923472,0.978649,0.952403,0.932354,True,1.612855,2,0.959906,False
antifragile_escape,299,0.9,0.56,0.48,0.979272,0.931618,0.984231,0.953803,0.938219,True,1.612855,2,0.963095,False
antifragile_escape,300,0.9,0.56,0.48,0.991081,0.93284,0.97963,0.944411,0.93538,True,1.612855,2,0.965319,False
antifragile_escape,301,0.9,0.56,0.48,1.0,0.947815,0.980399,0.940909,0.941737,True,1.612855,2,0.971814,False
antifragile_escape,302,0.9,0.56,0.48,1.0,0.93825,0.984086,0.946973,0.939545,True,1.612855,2,0.971342,False
antifragile_escape,303,0.9,0.56,0.48,1.0,0.94285,0.985423,0.943344,0.940245,True,1.612855,2,0.971987,False
antifragile_escape,304,0.9,0.56,0.48,1.0,0.948625,0.971197,0.952113,0.948879,True,1.612855,2,0.972729,False
antifragile_escape,305,0.9,0.56,0.48,1.0,0.952985,0.975113,0.949195,0.949382,True,1.612855,2,0.973871,False
antifragile_escape,306,0.9,0.56,0.48,0.997131,0.950253,0.982362,0.956039,0.951007,True,1.612855,2,0.974747,False
antifragile_escape,307,0.9,0.56,0.48,0.994862,0.947355,0.987104,0.9509,0.94652,True,1.612855,2,0.972959,False
antifragile_escape,308,0.9,0.56,0.48,1.0,0.947857,0.993417,0.950037,0.945936,True,1.612855,2,0.975947,False
antifragile_escape,309,0.9,0.56,0.48,0.995782,0.954982,0.988947,0.953115,0.951683,True,1.612855,2,0.975942,False
antifragile_escape,310,0.9,0.56,0.48,0.99096,0.95221,0.997461,0.955244,0.950749,True,1.612855,2,0.97533,False
antifragile_escape,311,0.9,0.56,0.48,0.997002,0.95227,1.0,0.957832,0.95192,True,1.612855,2,0.978596,False
antifragile_escape,312,0.9,0.56,0.48,1.0,0.942159,1.0,0.970625,0.950856,True,1.612855,2,0.979579,False
antifragile_escape,313,0.9,0.56,0.48,0.989734,0.940918,1.0,0.973457,0.950921,True,1.612855,2,0.975858,False
antifragile_escape,314,0.9,0.56,0.48,0.987852,0.938717,1.0,0.982006,0.951713,True,1.612855,2,0.976039,False
antifragile_escape,315,0.9,0.56,0.48,0.9951,0.931929,0.992032,0.985559,0.946943,True,1.612855,2,0.976062,False
antifragile_escape,316,0.9,0.56,0.48,0.996895,0.935088,0.985363,0.979696,0.947605,True,1.612855,2,0.975371,False
antifragile_escape,317,0.9,0.56,0.48,1.0,0.942729,0.989292,0.980536,0.953678,True,1.612855,2,0.97948,False
antifragile_escape,318,0.9,0.56,0.48,0.996538,0.939374,0.983077,0.977852,0.950204,True,1.612855,2,0.97565,False
antifragile_escape,319,0.9,0.56,0.48,1.0,0.927963,0.978694,0.985513,0.942235,True,1.612855,2,0.974238,False
antifragile_escape,320,0.9,0.56,0.48,0.992264,0.94351,0.978938,0.988103,0.953839,True,1.612855,2,0.975896,False
antifragile_escape,321,0.9,0.56,0.48,0.992923,0.940252,0.992081,0.994356,0.954325,True,1.612855,2,0.97886,False
antifragile_escape,322,0.9,0.56,0.48,1.0,0.935403,0.999901,0.989408,0.950885,True,1.612855,2,0.980978,False
antifragile_escape,323,0.9,0.56,0.48,0.990485,0.924424,1.0,0.984761,0.94199,True,1.612855,2,0.973686,False
antifragile_escape,324,0.9,0.56,0.48,0.99841,0.938626,1.0,0.983515,0.952002,True,1.612855,2,0.980281,False
antifragile_escape,325,0.9,0.56,0.48,1.0,0.946562,0.997939,0.984043,0.957737,True,1.612855,2,0.982705,False
antifragile_escape,326,0.9,0.56,0.48,1.0,0.94681,0.997259,0.992635,0.959547,True,1.612855,2,0.984047,False
antifragile_escape,327,0.9,0.56,0.48,1.0,0.958168,0.994994,1.0,0.968533,True,1.612855,2,0.987793,False
antifragile_escape,328,0.9,0.56,0.48,1.0,0.951833,0.990956,1.0,0.963162,True,1.612855,2,0.985281,False
antifragile_escape,329,0.9,0.56,0.48,1.0,0.948766,0.996563,1.0,0.9619,True,1.612855,2,0.985587,False
antifragile_escape,330,0.9,0.56,0.48,0.995912,0.958217,1.0,1.0,0.96933,True,1.612855,2,0.987245,False
antifragile_escape,331,0.9,0.56,0.48,1.0,0.958564,1.0,1.0,0.969585,True,1.612855,2,0.988892,False
antifragile_escape,332,0.9,0.56,0.48,0.994631,0.954285,0.993708,0.995488,0.964995,True,1.612855,2,0.983766,False
antifragile_escape,333,0.9,0.56,0.48,0.998015,0.956473,0.996837,0.991812,0.96644,True,1.612855,2,0.985668,False
antifragile_escape,334,0.9,0.56,0.48,0.999473,0.954725,0.999793,0.980954,0.962782,True,1.612855,2,0.98448,False
antifragile_escape,335,0.9,0.56,0.48,1.0,0.945188,1.0,0.990394,0.958214,True,1.612855,2,0.983775,False
antifragile_escape,336,0.9,0.56,0.48,1.0,0.952977,0.997199,0.995789,0.964545,True,1.612855,2,0.986188,False
antifragile_escape,337,0.9,0.56,0.48,0.999779,0.949103,0.99931,1.0,0.962547,True,1.612855,2,0.986136,False
antifragile_escape,338,0.9,0.56,0.48,0.993209,0.943604,1.0,1.0,0.958604,True,1.612855,2,0.982301,False
antifragile_escape,339,0.9,0.56,0.48,0.993714,0.949307,0.998563,0.99773,0.962295,True,1.612855,2,0.983385,False
antifragile_escape,340,0.9,0.56,0.48,1.0,0.935065,1.0,0.994992,0.95161,True,1.612855,2,0.981804,False
antifragile_escape,341,0.9,0.56,0.48,1.0,0.932053,0.99592,0.994308,0.948819,True,1.612855,2,0.980096,False
antifragile_escape,342,0.9,0.56,0.48,1.0,0.923941,0.990805,1.0,0.942771,True,1.612855,2,0.977787,False
antifragile_escape,343,0.9,0.56,0.48,1.0,0.923864,0.987029,1.0,0.942028,True,1.612855,2,0.977004,False
antifragile_escape,344,0.9,0.56,0.48,1.0,0.931933,0.982949,0.996432,0.946826,True,1.612855,2,0.977798,False
antifragile_escape,345,0.9,0.56,0.48,1.0,0.934825,0.995833,0.998519,0.951391,True,1.612855,2,0.981478,False
antifragile_escape,346,0.9,0.56,0.48,1.0,0.936329,0.996175,1.0,0.95272,True,1.612855,2,0.982177,False
antifragile_escape,347,0.9,0.56,0.48,1.0,0.941255,0.992998,0.994314,0.955188,True,1.612855,2,0.981992,False
antifragile_escape,348,0.9,0.56,0.48,0.997873,0.943008,0.984161,0.995124,0.955028,True,1.612855,2,0.980003,False
antifragile_escape,349,0.9,0.56,0.48,0.997933,0.950395,0.987304,0.99863,0.961271,True,1.612855,2,0.983161,False
antifragile_escape,350,0.9,0.56,0.48,1.0,0.944216,0.996724,1.0,0.958588,True,1.612855,2,0.9844,False
antifragile_escape,351,0.9,0.56,0.48,0.99676,0.946219,0.993962,1.0,0.959613,True,1.612855,2,0.983155,False
antifragile_escape,352,0.9,0.56,0.48,0.984051,0.954004,0.993594,0.997091,0.964954,True,1.612855,2,0.979894,False
antifragile_escape,353,0.9,0.56,0.48,0.990519,0.949543,0.980189,0.999591,0.958928,True,1.612855,2,0.978763,False
antifragile_escape,354,0.9,0.56,0.48,0.992522,0.943644,0.981111,0.990812,0.954569,True,1.612855,2,0.976876,False
antifragile_escape,355,0.9,0.56,0.48,0.990116,0.949813,0.979305,0.988305,0.9585,True,1.612855,2,0.976868,False
antifragile_escape,356,0.9,0.56,0.48,0.996536,0.95283,0.977493,0.984956,0.960091,True,1.612855,2,0.979247,False
antifragile_escape,357,0.9,0.56,0.48,1.0,0.956445,0.976859,0.984427,0.962531,True,1.612855,2,0.981318,False
antifragile_escape,358,0.9,0.56,0.48,0.991162,0.953759,0.970494,0.995361,0.958677,True,1.612855,2,0.977399,False
antifragile_escape,359,0.9,0.56,0.48,0.977141,0.945583,0.970279,0.992618,0.953165,True,1.612855,2,0.969515,False
antifragile_escape,360,0.9,0.56,0.48,0.996299,0.948525,0.97371,0.98861,0.95622,True,1.612855,2,0.977748,False
antifragile_escape,361,0.9,0.56,0.48,0.996855,0.947833,0.977891,0.97906,0.955977,True,1.612855,2,0.977221,False
antifragile_escape,362,0.9,0.56,0.48,1.0,0.956542,0.971872,0.973931,0.960854,True,1.612855,2,0.978767,False
antifragile_escape,363,0.9,0.56,0.48,1.0,0.957789,0.969637,0.968358,0.960748,True,1.612855,2,0.977797,False
antifragile_escape,364,0.9,0.56,0.48,1.0,0.955823,0.966119,0.97826,0.958939,True,1.612855,2,0.977979,False
antifragile_escape,365,0.9,0.56,0.48,1.0,0.953489,0.968251,0.978354,0.95802,True,1.612855,2,0.977845,False
antifragile_escape,366,0.9,0.56,0.48,1.0,0.95359,0.973352,0.974266,0.958962,True,1.612855,2,0.978322,False
antifragile_escape,367,0.9,0.56,0.48,0.996665,0.961916,0.975743,0.976972,0.965741,True,1.612855,2,0.980176,False
antifragile_escape,368,0.9,0.56,0.48,1.0,0.967254,0.967688,0.97325,0.967077,True,1.612855,2,0.980594,False
antifragile_escape,369,0.9,0.56,0.48,1.0,0.96892,0.959978,0.972641,0.962663,True,1.612855,2,0.978891,False
antifragile_escape,370,0.9,0.56,0.48,1.0,0.959597,0.963936,0.975445,0.960642,True,1.612855,2,0.978075,False
antifragile_escape,371,0.9,0.56,0.48,1.0,0.957851,0.969551,0.967541,0.960639,True,1.612855,2,0.977665,False
antifragile_escape,372,0.9,0.56,0.48,1.0,0.945728,0.969925,0.962055,0.95067,True,1.612855,2,0.973586,False
antifragile_escape,373,0.9,0.56,0.48,0.994978,0.949337,0.97063,0.971201,0.955074,True,1.612855,2,0.974263,False
antifragile_escape,374,0.9,0.56,0.48,0.992429,0.948849,0.96314,0.974203,0.953242,True,1.612855,2,0.972058,False
antifragile_escape,375,0.9,0.56,0.48,1.0,0.94612,0.962256,0.971254,0.951039,True,1.612855,2,0.973608,False
antifragile_escape,376,0.9,0.56,0.48,1.0,0.946856,0.969514,0.968115,0.952683,True,1.612855,2,0.974805,False
antifragile_escape,377,0.9,0.56,0.48,1.0,0.947826,0.968222,0.9833,0.954093,True,1.612855,2,0.977042,False
antifragile_escape,378,0.9,0.56,0.48,1.0,0.944347,0.979558,0.988948,0.954632,True,1.612855,2,0.979312,False
antifragile_escape,379,0.9,0.56,0.48,1.0,0.946984,0.976859,0.993714,0.956095,True,1.612855,2,0.980143,False
antifragile_escape,380,0.9,0.56,0.48,1.0,0.947771,0.979899,0.995214,0.957491,True,1.612855,2,0.981209,False
antifragile_escape,381,0.9,0.56,0.48,0.998472,0.958958,0.97399,0.997873,0.96332,True,1.612855,2,0.982651,False
antifragile_escape,382,0.9,0.56,0.48,1.0,0.954341,0.970089,0.992096,0.959014,True,1.612855,2,0.980373,False
antifragile_escape,383,0.9,0.56,0.48,0.992616,0.952365,0.957761,0.993693,0.952348,True,1.612855,2,0.974415,False
antifragile_escape,384,0.9,0.56,0.48,0.984311,0.959812,0.950743,0.998599,0.952076,True,1.612855,2,0.971991,False
antifragile_escape,385,0.9,0.56,0.48,1.0,0.965097,0.94566,0.993124,0.9514,True,1.612855,2,0.977142,False
antifragile_escape,386,0.9,0.56,0.48,1.0,0.964765,0.954358,0.988766,0.95705,True,1.612855,2,0.978716,False
antifragile_escape,387,0.9,0.56,0.48,1.0,0.970311,0.954295,0.987253,0.959181,True,1.612855,2,0.979746,False
antifragile_escape,388,0.9,0.56,0.48,0.99515,0.972803,0.954364,0.987952,0.960032,True,1.612855,2,0.978564,False
antifragile_escape,389,0.9,0.56,0.48,0.989251,0.971919,0.95639,0.983964,0.961164,True,1.612855,2,0.976106,False
antifragile_escape,390,0.9,0.56,0.48,1.0,0.97421,0.968011,0.975285,0.969777,True,1.612855,2,0.982513,False
antifragile_escape,391,0.9,0.56,0.48,1.0,0.969228,0.970442,0.969129,0.969093,True,1.612855,2,0.98111,False
antifragile_escape,392,0.9,0.56,0.48,1.0,0.971465,0.959904,0.963934,0.961029,True,1.612855,2,0.977921,False
antifragile_escape,393,0.9,0.56,0.48,1.0,0.95586,0.968147,0.965461,0.958673,True,1.612855,2,0.976527,False
antifragile_escape,394,0.9,0.56,0.48,1.0,0.95266,0.964641,0.968288,0.956189,True,1.612855,2,0.975417,False
antifragile_escape,395,0.9,0.56,0.48,1.0,0.955746,0.968108,0.973658,0.959474,True,1.612855,2,0.977743,False
antifragile_escape,396,0.9,0.56,0.48,1.0,0.952209,0.970644,0.97281,0.957365,True,1.612855,2,0.977191,False
antifragile_escape,397,0.9,0.56,0.48,1.0,0.934708,0.972293,0.977196,0.945267,True,1.612855,2,0.9735,False
antifragile_escape,398,0.9,0.56,0.48,0.996414,0.938663,0.97222,0.987496,0.94879,True,1.612855,2,0.9747,False
antifragile_escape,399,0.9,0.56,0.48,0.989258,0.941734,0.975391,0.994008,0.951989,True,1.612855,2,0.9744,False
antifragile_escape,400,0.9,0.56,0.48,0.996416,0.827304,0.862892,0.916102,0.83775,True,2.268589,3,0.911658,False
antifragile_escape,401,0.9,0.56,0.48,1.0,0.831581,0.873308,0.915975,0.844335,True,2.268589,3,0.916437,False
antifragile_escape,402,0.9,0.56,0.48,1.0,0.843892,0.865551,0.914871,0.849525,True,2.268589,3,0.917725,False
antifragile_escape,403,0.9,0.56,0.48,1.0,0.848392,0.86643,0.921083,0.852365,True,2.268589,3,0.919903,False
antifragile_escape,404,0.9,0.56,0.48,1.0,0.853345,0.876131,0.933972,0.85897,True,2.268589,3,0.925138,False
antifragile_escape,405,0.9,0.56,0.48,1.0,0.855895,0.881903,0.934572,0.862971,True,2.268589,3,0.9272,False
antifragile_escape,406,0.9,0.56,0.48,0.995137,0.866502,0.877377,0.933262,0.867521,True,2.268589,3,0.926809,False
antifragile_escape,407,0.9,0.56,0.48,1.0,0.866582,0.875784,0.931265,0.866925,True,2.268589,3,0.928034,False
antifragile_escape,408,0.9,0.56,0.48,0.981101,0.863181,0.894607,0.936158,0.872577,True,2.268589,3,0.924992,False
antifragile_escape,409,0.9,0.56,0.48,0.984366,0.866267,0.901749,0.948446,0.876882,True,2.268589,3,0.93031,False
antifragile_escape,410,0.9,0.56,0.48,0.983648,0.873611,0.899485,0.943256,0.881019,True,2.268589,3,0.930722,False
antifragile_escape,411,0.9,0.56,0.48,0.974727,0.870709,0.894389,0.946248,0.876968,True,2.268589,3,0.925825,False
antifragile_escape,412,0.9,0.56,0.48,0.953177,0.86698,0.893628,0.943669,0.874404,True,2.268589,3,0.916159,False
antifragile_escape,413,0.9,0.56,0.48,0.951869,0.874873,0.895599,0.944519,0.880177,True,2.268589,3,0.918249,False
antifragile_escape,414,0.9,0.56,0.48,0.954999,0.872735,0.898665,0.944189,0.880092,True,2.268589,3,0.919549,False
antifragile_escape,415,0.9,0.56,0.48,0.966534,0.87779,0.897963,0.946156,0.882924,True,2.268589,3,0.925331,False
antifragile_escape,416,0.9,0.56,0.48,0.963193,0.880608,0.896237,0.941542,0.884164,True,2.268589,3,0.923761,False
antifragile_escape,417,0.9,0.56,0.48,0.963924,0.88635,0.894102,0.957812,0.885541,True,2.268589,3,0.927131,False
antifragile_escape,418,0.9,0.56,0.48,0.977959,0.893349,0.907295,0.953917,0.896174,True,2.268589,3,0.93683,False
antifragile_escape,419,0.9,0.56,0.48,0.98074,0.892763,0.912462,0.955729,0.897963,True,2.268589,3,0.939179,False
antifragile_escape,420,0.9,0.56,0.48,0.994907,0.897157,0.918971,0.950959,0.903581,True,2.268589,3,0.946532,False
antifragile_escape,421,0.9,0.56,0.48,1.0,0.899778,0.91682,0.948192,0.904553,True,2.268589,3,0.948281,False
antifragile_escape,422,0.9,0.56,0.48,0.997928,0.894044,0.909447,0.948037,0.897872,True,2.268589,3,0.944311,False
antifragile_escape,423,0.9,0.56,0.48,1.0,0.897879,0.912814,0.944597,0.901871,True,2.268589,3,0.946393,False
antifragile_escape,424,0.9,0.56,0.48,1.0,0.904178,0.91396,0.952158,0.905836,True,2.268589,3,0.949267,False
antifragile_escape,425,0.9,0.56,0.48,1.0,0.903117,0.90477,0.954706,0.900516,True,2.268589,3,0.94714,False
antifragile_escape,426,0.9,0.56,0.48,1.0,0.907549,0.904545,0.950753,0.903005,True,2.268589,3,0.947643,False
antifragile_escape,427,0.9,0.56,0.48,1.0,0.905995,0.913073,0.946421,0.906847,True,2.268589,3,0.948753,False
antifragile_escape,428,0.9,0.56,0.48,1.0,0.913049,0.912629,0.949195,0.910389,True,2.268589,3,0.950756,False
antifragile_escape,429,0.9,0.56,0.48,0.981635,0.909315,0.914036,0.948052,0.909133,True,2.268589,3,0.943048,False
antifragile_escape,430,0.9,0.56,0.48,0.994271,0.909163,0.909375,0.951019,0.906456,True,2.268589,3,0.947077,False
antifragile_escape,431,0.9,0.56,0.48,0.996622,0.909193,0.924602,0.938535,0.913924,True,2.268589,3,0.949865,False
antifragile_escape,432,0.9,0.56,0.48,1.0,0.906286,0.931479,0.944619,0.913942,True,2.268589,3,0.952717,False
antifragile_escape,433,0.9,0.56,0.48,1.0,0.907451,0.932193,0.945234,0.914974,True,2.268589,3,0.953266,False
antifragile_escape,434,0.9,0.56,0.48,1.0,0.913784,0.926141,0.940004,0.917539,True,2.268589,3,0.952892,False
antifragile_escape,435,0.9,0.56,0.48,1.0,0.916976,0.93062,0.932603,0.920828,True,2.268589,3,0.953631,False
antifragile_escape,436,0.9,0.56,0.48,0.998729,0.919612,0.937106,0.928002,0.922168,True,2.268589,3,0.954307,False
antifragile_escape,437,0.9,0.56,0.48,1.0,0.938333,0.940146,0.939051,0.938543,True,2.268589,3,0.962218,False
antifragile_escape,438,0.9,0.56,0.48,1.0,0.933606,0.947677,0.931257,0.93135,True,2.268589,3,0.960769,False
antifragile_escape,439,0.9,0.56,0.48,1.0,0.919006,0.94666,0.936528,0.924355,True,2.268589,3,0.957856,False
antifragile_escape,440,0.9,0.56,0.48,1.0,0.915494,0.939869,0.937343,0.9216,True,2.268589,3,0.955785,False
antifragile_escape,441,0.9,0.56,0.48,1.0,0.924514,0.935947,0.94045,0.927935,True,2.268589,3,0.957898,False
antifragile_escape,442,0.9,0.56,0.48,0.991146,0.918079,0.937274,0.953505,0.923978,True,2.268589,3,0.954967,False
antifragile_escape,443,0.9,0.56,0.48,0.980941,0.901022,0.942901,0.953839,0.913239,True,2.268589,3,0.94779,False
antifragile_escape,444,0.9,0.56,0.48,0.977495,0.905063,0.949097,0.952059,0.91714,True,2.268589,3,0.948542,False
antifragile_escape,445,0.9,0.56,0.48,0.981298,0.91018,0.950009,0.958842,0.921685,True,2.268589,3,0.952567,False
antifragile_escape,446,0.9,0.56,0.48,0.97427,0.923802,0.947361,0.956238,0.930833,True,2.268589,3,0.952606,False
antifragile_escape,447,0.9,0.56,0.48,0.978408,0.922975,0.948288,0.956858,0.93048,True,2.268589,3,0.95424,False
antifragile_escape,448,0.9,0.56,0.48,0.963148,0.93577,0.948418,0.961187,0.939639,True,2.268589,3,0.952473,False
antifragile_escape,449,0.9,0.56,0.48,0.96298,0.932995,0.958247,0.958433,0.939736,True,2.268589,3,0.953305,False
antifragile_escape,450,0.9,0.56,0.48,0.961377,0.931593,0.957593,0.966951,0.939331,True,2.268589,3,0.953469,False
antifragile_escape,451,0.9,0.56,0.48,0.954451,0.92125,0.951899,0.962729,0.930361,True,2.268589,3,0.946284,False
antifragile_escape,452,0.9,0.56,0.48,0.952178,0.910705,0.946734,0.970662,0.921754,True,2.268589,3,0.94267,False
antifragile_escape,453,0.9,0.56,0.48,0.957278,0.906439,0.938561,0.964402,0.916314,True,2.268589,3,0.940839,False
antifragile_escape,454,0.9,0.56,0.48,0.967823,0.913687,0.943549,0.960674,0.9228,True,2.268589,3,0.947306,False
antifragile_escape,455,0.9,0.56,0.48,0.968852,0.914171,0.956878,0.950873,0.924596,True,2.268589,3,0.949027,False
antifragile_escape,456,0.9,0.56,0.48,0.982146,0.907058,0.953861,0.948662,0.918723,True,2.268589,3,0.951241,False
antifragile_escape,457,0.9,0.56,0.48,0.972979,0.912452,0.958763,0.952718,0.923839,True,2.268589,3,0.950792,False
antifragile_escape,458,0.9,0.56,0.48,0.977271,0.908771,0.957576,0.966566,0.92272,True,2.268589,3,0.953351,False
antifragile_escape,459,0.9,0.56,0.48,0.971371,0.911641,0.950296,0.960027,0.922892,True,2.268589,3,0.94942,False
antifragile_escape,460,0.9,0.56,0.48,0.971416,0.918995,0.954741,0.963948,0.929414,True,2.268589,3,0.952893,False
antifragile_escape,461,0.9,0.56,0.48,0.970686,0.922214,0.951858,0.962985,0.93106,True,2.268589,3,0.952739,False
antifragile_escape,462,0.9,0.56,0.48,0.971496,0.925095,0.962358,0.962679,0.935048,True,2.268589,3,0.955891,False
antifragile_escape,463,0.9,0.56,0.48,0.97957,0.91776,0.956483,0.958409,0.928301,True,2.268589,3,0.955174,False
antifragile_escape,464,0.9,0.56,0.48,0.982448,0.92306,0.964867,0.961073,0.933621,True,2.268589,3,0.959742,False
antifragile_escape,465,0.9,0.56,0.48,0.96939,0.924991,0.96571,0.962934,0.935423,True,2.268589,3,0.955756,False
antifragile_escape,466,0.9,0.56,0.48,0.982915,0.931172,0.96061,0.960582,0.938998,True,2.268589,3,0.96119,False
antifragile_escape,467,0.9,0.56,0.48,0.980312,0.935524,0.963523,0.954825,0.941345,True,2.268589,3,0.960984,False
antifragile_escape,468,0.9,0.56,0.48,0.98473,0.926413,0.96393,0.957398,0.935337,True,2.268589,3,0.960735,False
antifragile_escape,469,0.9,0.56,0.48,0.98563,0.932823,0.96576,0.950342,0.938204,True,2.268589,3,0.961917,False
antifragile_escape,470,0.9,0.56,0.48,0.998211,0.941315,0.968368,0.96029,0.94702,True,2.268589,3,0.971146,False
antifragile_escape,471,0.9,0.56,0.48,1.0,0.936998,0.979377,0.964286,0.945313,True,2.268589,3,0.973385,False
antifragile_escape,472,0.9,0.56,0.48,0.998254,0.939773,0.969755,0.969184,0.94767,True,2.268589,3,0.972458,False
antifragile_escape,473,0.9,0.56,0.48,1.0,0.937824,0.968761,0.965247,0.945522,True,2.268589,3,0.971782,False
antifragile_escape,474,0.9,0.56,0.48,1.0,0.947353,0.9715,0.965776,0.952786,True,2.268589,3,0.974937,False
antifragile_escape,475,0.9,0.56,0.48,1.0,0.943406,0.971594,0.955515,0.947025,True,2.268589,3,0.972115,False
antifragile_escape,476,0.9,0.56,0.48,1.0,0.944996,0.959401,0.96004,0.948908,True,2.268589,3,0.971066,False
antifragile_escape,477,0.9,0.56,0.48,0.998293,0.949833,0.961724,0.957895,0.952272,True,2.268589,3,0.97181,False
antifragile_escape,478,0.9,0.56,0.48,1.0,0.94836,0.955819,0.956725,0.950449,True,2.268589,3,0.970747,False
antifragile_escape,479,0.9,0.56,0.48,1.0,0.940891,0.962619,0.94114,0.93956,True,2.268589,3,0.967139,False
antifragile_escape,480,0.9,0.56,0.48,0.998638,0.942939,0.966722,0.949054,0.944333,True,2.268589,3,0.969409,False
antifragile_escape,481,0.9,0.56,0.48,1.0,0.945232,0.957105,0.961456,0.948769,True,2.268589,3,0.970877,False
antifragile_escape,482,0.9,0.56,0.48,1.0,0.948645,0.959599,0.959244,0.95151,True,2.268589,3,0.971959,False
antifragile_escape,483,0.9,0.56,0.48,0.991117,0.949257,0.957008,0.955979,0.95116,True,2.268589,3,0.967728,False
antifragile_escape,484,0.9,0.56,0.48,1.0,0.948192,0.962535,0.95714,0.950928,True,2.268589,3,0.972042,False
antifragile_escape,485,0.9,0.56,0.48,1.0,0.94741,0.959089,0.960551,0.950685,True,2.268589,3,0.971729,False
antifragile_escape,486,0.9,0.56,0.48,0.990875,0.938532,0.962439,0.956433,0.943836,True,2.268589,3,0.965868,False
antifragile_escape,487,0.9,0.56,0.48,1.0,0.932111,0.954706,0.967333,0.938999,True,2.268589,3,0.967734,False
antifragile_escape,488,0.9,0.56,0.48,1.0,0.927838,0.952531,0.96083,0.935156,True,2.268589,3,0.965201,False
antifragile_escape,489,0.9,0.56,0.48,0.997386,0.935813,0.951058,0.955338,0.940281,True,2.268589,3,0.965224,False
antifragile_escape,490,0.9,0.56,0.48,0.979993,0.936347,0.950996,0.961162,0.940844,True,2.268589,3,0.959583,False
antifragile_escape,491,0.9,0.56,0.48,0.992888,0.942518,0.959469,0.961607,0.947273,True,2.268589,3,0.967953,False
antifragile_escape,492,0.9,0.56,0.48,0.984718,0.947923,0.955636,0.952451,0.949313,True,2.268589,3,0.964094,False
antifragile_escape,493,0.9,0.56,0.48,0.988362,0.943998,0.958762,0.942533,0.942201,True,2.268589,3,0.963093,False
antifragile_escape,494,0.9,0.56,0.48,1.0,0.950518,0.953275,0.943642,0.945702,True,2.268589,3,0.968277,False
antifragile_escape,495,0.9,0.56,0.48,1.0,0.952378,0.960762,0.940362,0.944051,True,2.268589,3,0.969302,False
antifragile_escape,496,0.9,0.56,0.48,1.0,0.951674,0.959192,0.941968,0.944952,True,2.268589,3,0.969226,False
antifragile_escape,497,0.9,0.56,0.48,0.995213,0.957432,0.954133,0.941796,0.9454,True,2.268589,3,0.967562,False
antifragile_escape,498,0.9,0.56,0.48,1.0,0.945552,0.960378,0.938875,0.94063,True,2.268589,3,0.967385,False
antifragile_escape,499,0.9,0.56,0.48,0.999775,0.946326,0.972637,0.938409,0.940021,True,2.268589,3,0.969508,False
antifragile_escape,500,0.9,0.56,0.48,1.0,0.949871,0.973593,0.944703,0.945363,True,2.268589,3,0.971926,False
antifragile_escape,501,0.9,0.56,0.48,0.995728,0.947022,0.974709,0.944462,0.943757,True,2.268589,3,0.969764,False
antifragile_escape,502,0.9,0.56,0.48,1.0,0.942205,0.970801,0.936933,0.937332,True,2.268589,3,0.967992,False
antifragile_escape,503,0.9,0.56,0.48,1.0,0.946217,0.963332,0.938162,0.940316,True,2.268589,3,0.967899,False
antifragile_escape,504,0.9,0.56,0.48,1.0,0.953725,0.977922,0.933692,0.939742,True,2.268589,3,0.971182,False
antifragile_escape,505,0.9,0.56,0.48,0.996578,0.964269,0.984609,0.934178,0.94341,True,2.268589,3,0.973492,False
antifragile_escape,506,0.9,0.56,0.48,0.993646,0.97031,0.982631,0.933908,0.944701,True,2.268589,3,0.973226,False
antifragile_escape,507,0.9,0.56,0.48,0.995742,0.969482,0.983035,0.939976,0.948884,True,2.268589,3,0.975297,False
antifragile_escape,508,0.9,0.56,0.48,1.0,0.9749,0.982168,0.936905,0.947788,True,2.268589,3,0.977174,False
antifragile_escape,509,0.9,0.56,0.48,1.0,0.966856,0.980549,0.937645,0.946474,True,2.268589,3,0.97538,False
antifragile_escape,510,0.9,0.56,0.48,1.0,0.970385,0.98917,0.940447,0.949613,True,2.268589,3,0.978336,False
antifragile_escape,511,0.9,0.56,0.48,0.996107,0.971037,0.98946,0.933412,0.94481,True,2.268589,3,0.975465,False
antifragile_escape,512,0.9,0.56,0.48,0.997121,0.974085,0.992435,0.931229,0.944117,True,2.268589,3,0.976546,False
antifragile_escape,513,0.9,0.56,0.48,0.999264,0.957376,0.989675,0.939051,0.944245,True,2.268589,3,0.974966,False
antifragile_escape,514,0.9,0.56,0.48,1.0,0.967723,0.985314,0.940258,0.948672,True,2.268589,3,0.977023,False
antifragile_escape,515,0.9,0.56,0.48,1.0,0.967855,0.985881,0.949555,0.955158,True,2.268589,3,0.979229,False
antifragile_escape,516,0.9,0.56,0.48,0.996595,0.964602,0.989128,0.946799,0.952093,True,2.268589,3,0.97718,False
antifragile_escape,517,0.9,0.56,0.48,0.999769,0.956414,0.999038,0.948903,0.949352,True,2.268589,3,0.978662,False
antifragile_escape,518,0.9,0.56,0.48,0.99778,0.945932,0.99246,0.956002,0.947809,True,2.268589,3,0.975644,False
antifragile_escape,519,0.9,0.56,0.48,1.0,0.946439,0.990016,0.951125,0.945925,True,2.268589,3,0.975231,False
fixed_gv_escape,0,0.82,0.88,0.86,0.35177,1.0,1.0,0.989555,0.992333,True,0.0,0,0.75129,False
fixed_gv_escape,1,0.82,0.88,0.86,0.349698,0.999521,0.999638,1.0,0.999546,True,0.0,0,0.752679,False
fixed_gv_escape,2,0.82,0.88,0.86,0.354809,1.0,0.99964,1.0,0.999736,True,0.0,0,0.754731,False
fixed_gv_escape,3,0.82,0.88,0.86,0.358941,1.0,1.0,1.0,1.0,True,0.0,0,0.756398,False
fixed_gv_escape,4,0.82,0.88,0.86,0.369717,1.0,0.992969,0.9964,0.994017,True,0.0,0,0.758005,False
fixed_gv_escape,5,0.82,0.88,0.86,0.375016,0.99713,0.987572,0.989382,0.987837,True,0.0,0,0.756806,False
fixed_gv_escape,6,0.82,0.88,0.86,0.376416,0.9884,0.981951,0.987345,0.983498,True,0.0,0,0.75395,False
fixed_gv_escape,7,0.82,0.88,0.86,0.382734,0.993199,0.979211,0.985113,0.980967,True,0.0,0,0.756105,False
fixed_gv_escape,8,0.82,0.88,0.86,0.380302,0.988712,0.98703,0.990877,0.987535,True,0.0,0,0.757375,False
fixed_gv_escape,9,0.82,0.88,0.86,0.390987,0.977196,0.995552,0.99351,0.981771,True,0.0,0,0.760574,False
fixed_gv_escape,10,0.82,0.88,0.86,0.397365,0.978192,0.994038,0.995913,0.982624,True,0.0,0,0.763343,False
fixed_gv_escape,11,0.82,0.88,0.86,0.407588,0.969345,0.990972,1.0,0.975839,True,0.0,0,0.764841,False
fixed_gv_escape,12,0.82,0.88,0.86,0.408958,0.964994,0.993265,0.995582,0.972794,True,0.0,0,0.764007,False
fixed_gv_escape,13,0.82,0.88,0.86,0.419029,0.961879,0.998204,1.0,0.971766,True,0.0,0,0.768658,False
fixed_gv_escape,14,0.82,0.88,0.86,0.423433,0.982501,1.0,1.0,0.987155,True,0.0,0,0.776214,False
fixed_gv_escape,15,0.82,0.88,0.86,0.425937,0.991598,1.0,1.0,0.993833,True,0.0,0,0.779604,False
fixed_gv_escape,16,0.82,0.88,0.86,0.419172,0.99478,0.992552,0.991075,0.991508,True,0.0,0,0.774736,False
fixed_gv_escape,17,0.82,0.88,0.86,0.426637,1.0,0.995764,0.99454,0.994779,True,0.0,0,0.779969,False
fixed_gv_escape,18,0.82,0.88,0.86,0.429078,0.990957,0.983874,0.999152,0.986022,True,0.0,0,0.776723,False
fixed_gv_escape,19,0.82,0.88,0.86,0.439338,0.997886,0.980655,1.0,0.985482,True,0.0,0,0.781343,False
fixed_gv_escape,20,0.82,0.88,0.86,0.42785,0.998691,0.978425,0.997359,0.983625,True,0.0,0,0.776129,False
fixed_gv_escape,21,0.82,0.88,0.86,0.418924,1.0,0.973121,1.0,0.98027,True,0.0,0,0.771985,False
fixed_gv_escape,22,0.82,0.88,0.86,0.425238,0.994331,0.969355,1.0,0.97658,True,0.0,0,0.772244,False
fixed_gv_escape,23,0.82,0.88,0.86,0.432361,0.989121,0.972333,1.0,0.977478,True,0.0,0,0.774656,False
fixed_gv_escape,24,0.82,0.88,0.86,0.447336,0.985014,0.972933,1.0,0.976571,True,0.0,0,0.779606,False
fixed_gv_escape,25,0.82,0.88,0.86,0.444484,0.980618,0.979696,1.0,0.978814,True,0.0,0,0.779218,False
fixed_gv_escape,26,0.82,0.88,0.86,0.462196,0.982023,0.978454,1.0,0.978811,True,0.0,0,0.785978,False
fixed_gv_escape,27,0.82,0.88,0.86,0.457616,0.976375,0.982069,0.998936,0.977651,True,0.0,0,0.783583,False
fixed_gv_escape,28,0.82,0.88,0.86,0.469477,0.981657,0.990601,0.98738,0.983402,True,0.0,0,0.789649,False
fixed_gv_escape,29,0.82,0.88,0.86,0.478314,0.973062,0.986961,0.982726,0.975972,True,0.0,0,0.789262,False
fixed_gv_escape,30,0.82,0.88,0.86,0.494617,0.986027,0.982477,0.986417,0.983467,True,0.0,0,0.7984,False
fixed_gv_escape,31,0.82,0.88,0.86,0.500998,0.988852,0.984839,0.996961,0.985931,True,0.0,0,0.80353,False
fixed_gv_escape,32,0.82,0.88,0.86,0.495797,0.993969,0.99066,0.998944,0.991631,True,0.0,0,0.804484,False
fixed_gv_escape,33,0.82,0.88,0.86,0.500581,0.995358,0.991675,0.986867,0.988345,True,0.0,0,0.80465,False
fixed_gv_escape,34,0.82,0.88,0.86,0.498515,0.988382,1.0,0.990297,0.98857,True,0.0,0,0.804615,False
fixed_gv_escape,35,0.82,0.88,0.86,0.497277,0.990517,1.0,0.985634,0.986981,True,0.0,0,0.803685,False
fixed_gv_escape,36,0.82,0.88,0.86,0.507501,0.979193,0.999655,0.983501,0.979963,True,0.0,0,0.804329,False
fixed_gv_escape,37,0.82,0.88,0.86,0.506768,0.98066,1.0,0.982065,0.980091,True,0.0,0,0.804191,False
fixed_gv_escape,38,0.82,0.88,0.86,0.526006,0.977955,1.0,0.98265,0.978809,True,0.0,0,0.810942,False
fixed_gv_escape,39,0.82,0.88,0.86,0.535288,0.980477,0.999606,0.97944,0.978627,True,0.0,0,0.814381,False
fixed_gv_escape,40,0.82,0.88,0.86,0.545747,0.981,0.997719,0.978568,0.978527,True,0.0,0,0.817976,False
fixed_gv_escape,41,0.82,0.88,0.86,0.558828,0.977582,0.993777,0.981505,0.978424,True,0.0,0,0.822021,False
fixed_gv_escape,42,0.82,0.88,0.86,0.571276,0.970761,0.992385,0.976491,0.972104,True,0.0,0,0.823812,False
fixed_gv_escape,43,0.82,0.88,0.86,0.587391,0.963126,0.982906,0.972244,0.965888,True,0.0,0,0.825515,False
fixed_gv_escape,44,0.82,0.88,0.86,0.595637,0.966887,0.990487,0.96252,0.962856,True,0.0,0,0.828965,False
fixed_gv_escape,45,0.82,0.88,0.86,0.596421,0.972295,0.982839,0.963704,0.966295,True,0.0,0,0.829438,False
fixed_gv_escape,46,0.82,0.88,0.86,0.608947,0.963637,0.983552,0.958311,0.959266,True,0.0,0,0.831169,False
fixed_gv_escape,47,0.82,0.88,0.86,0.618444,0.97248,0.980848,0.965158,0.96738,True,0.0,0,0.837816,False
fixed_gv_escape,48,0.82,0.88,0.86,0.608578,0.977002,0.987189,0.964679,0.968467,True,0.0,0,0.836085,False
fixed_gv_escape,49,0.82,0.88,0.86,0.619402,0.970513,0.986514,0.965526,0.966574,True,0.0,0,0.8388,False
fixed_gv_escape,50,0.82,0.88,0.86,0.617669,0.967314,0.987523,0.972626,0.96855,True,0.0,0,0.838978,False
fixed_gv_escape,51,0.82,0.88,0.86,0.608889,0.970213,0.981388,0.979582,0.972897,True,0.0,0,0.836555,False
fixed_gv_escape,52,0.82,0.88,0.86,0.606772,0.967594,0.981504,0.98215,0.971376,True,0.0,0,0.835477,False
fixed_gv_escape,53,0.82,0.88,0.86,0.610006,0.960613,0.98644,0.982382,0.966839,True,0.0,0,0.835826,False
fixed_gv_escape,54,0.82,0.88,0.86,0.607624,0.952213,0.986654,0.9907,0.961844,True,0.0,0,0.834012,False
fixed_gv_escape,55,0.82,0.88,0.86,0.609306,0.948462,0.997611,0.984809,0.959266,True,0.0,0,0.834815,False
fixed_gv_escape,56,0.82,0.88,0.86,0.617147,0.938914,1.0,0.989022,0.953378,True,0.0,0,0.836389,False
fixed_gv_escape,57,0.82,0.88,0.86,0.624892,0.939828,0.993621,0.98852,0.953381,True,0.0,0,0.838278,False
fixed_gv_escape,58,0.82,0.88,0.86,0.632061,0.946522,1.0,0.991104,0.959322,True,0.0,0,0.84443,False
fixed_gv_escape,59,0.82,0.88,0.86,0.632964,0.9453,1.0,0.989059,0.958032,True,0.0,0,0.844112,False
fixed_gv_escape,60,0.82,0.88,0.86,0.627754,0.941695,1.0,0.994716,0.956425,True,0.0,0,0.842083,False
fixed_gv_escape,61,0.82,0.88,0.86,0.636399,0.940294,1.0,1.0,0.956174,True,0.0,0,0.845826,False
fixed_gv_escape,62,0.82,0.88,0.86,0.646046,0.953586,0.995777,0.994085,0.964572,True,0.0,0,0.851303,False
fixed_gv_escape,63,0.82,0.88,0.86,0.64729,0.940888,0.994662,0.991,0.954665,True,0.0,0,0.847669,False
fixed_gv_escape,64,0.82,0.88,0.86,0.653389,0.939105,0.998366,0.995616,0.954481,True,0.0,0,0.850957,False
fixed_gv_escape,65,0.82,0.88,0.86,0.652725,0.927628,0.991873,0.991297,0.944638,True,0.0,0,0.845684,False
fixed_gv_escape,66,0.82,0.88,0.86,0.648442,0.926776,0.984771,0.992591,0.943093,True,0.0,0,0.842621,False
fixed_gv_escape,67,0.82,0.88,0.86,0.654941,0.929106,0.975994,0.9891,0.942842,True,0.0,0,0.843411,False
fixed_gv_escape,68,0.82,0.88,0.86,0.654995,0.931739,0.985286,0.994308,0.946971,True,0.0,0,0.846802,False
fixed_gv_escape,69,0.82,0.88,0.86,0.663702,0.937683,0.980903,0.999577,0.950688,True,0.0,0,0.851576,False
fixed_gv_escape,70,0.82,0.88,0.86,0.655702,0.942334,0.982793,0.998224,0.954418,True,0.0,0,0.849971,False
fixed_gv_escape,71,0.82,0.88,0.86,0.65323,0.947771,0.983062,0.999277,0.958426,True,0.0,0,0.850687,False
fixed_gv_escape,72,0.82,0.88,0.86,0.647273,0.944014,0.970324,1.0,0.952007,True,0.0,0,0.844785,False
fixed_gv_escape,73,0.82,0.88,0.86,0.651614,0.947964,0.974852,0.992776,0.956211,True,0.0,0,0.847454,False
fixed_gv_escape,74,0.82,0.88,0.86,0.668256,0.959853,0.981551,0.995023,0.966494,True,0.0,0,0.858672,False
fixed_gv_escape,75,0.82,0.88,0.86,0.677285,0.960141,0.985482,0.99138,0.967482,True,0.0,0,0.862471,False
fixed_gv_escape,76,0.82,0.88,0.86,0.681878,0.962847,0.988892,0.98817,0.969675,True,0.0,0,0.865131,False
fixed_gv_escape,77,0.82,0.88,0.86,0.698156,0.978926,0.991919,0.98059,0.978905,True,0.0,0,0.874803,False
fixed_gv_escape,78,0.82,0.88,0.86,0.705509,0.987622,0.98489,0.980442,0.981803,True,0.0,0,0.878224,False
fixed_gv_escape,79,0.82,0.88,0.86,0.715706,0.985942,0.975973,0.984772,0.978447,True,0.0,0,0.880394,False
fixed_gv_escape,80,0.82,0.88,0.86,0.718325,0.988806,0.973866,0.980166,0.97574,True,0.0,0,0.880557,False
fixed_gv_escape,81,0.82,0.88,0.86,0.724705,0.992093,0.983683,0.974448,0.977283,True,0.0,0,0.884724,False
fixed_gv_escape,82,0.82,0.88,0.86,0.729248,0.988951,0.988885,0.974111,0.978049,True,0.0,0,0.886866,False
fixed_gv_escape,83,0.82,0.88,0.86,0.733055,0.990313,0.994835,0.977267,0.981141,True,0.0,0,0.890442,False
fixed_gv_escape,84,0.82,0.88,0.86,0.738897,0.989482,0.990697,0.9797,0.982442,True,0.0,0,0.892264,False
fixed_gv_escape,85,0.82,0.88,0.86,0.755696,0.997859,0.99478,0.982596,0.986143,True,0.0,0,0.90174,False
fixed_gv_escape,86,0.82,0.88,0.86,0.748887,0.996628,0.99555,0.984509,0.987574,True,0.0,0,0.899509,False
fixed_gv_escape,87,0.82,0.88,0.86,0.759537,0.992579,0.991588,0.993691,0.991889,True,0.0,0,0.903918,False
fixed_gv_escape,88,0.82,0.88,0.86,0.759691,0.992164,0.991231,0.994075,0.991484,True,0.0,0,0.903842,False
fixed_gv_escape,89,0.82,0.88,0.86,0.783251,0.993544,0.995477,0.984138,0.986843,True,0.0,0,0.91186,False
fixed_gv_escape,90,0.82,0.88,0.86,0.796362,0.996157,0.969281,0.988671,0.975077,True,0.0,0,0.911819,False
fixed_gv_escape,91,0.82,0.88,0.86,0.783674,1.0,0.953596,0.994648,0.965128,True,0.0,0,0.90451,False
fixed_gv_escape,92,0.82,0.88,0.86,0.768154,1.0,0.96193,0.996996,0.971619,True,0.0,0,0.90122,False
fixed_gv_escape,93,0.82,0.88,0.86,0.768141,0.988832,0.967254,1.0,0.973809,True,0.0,0,0.900846,False
fixed_gv_escape,94,0.82,0.88,0.86,0.755518,0.980086,0.963187,0.990442,0.968357,True,0.0,0,0.891751,False
fixed_gv_escape,95,0.82,0.88,0.86,0.761945,0.972118,0.968983,0.994343,0.968886,True,0.0,0,0.894412,False
fixed_gv_escape,96,0.82,0.88,0.86,0.763845,0.961278,0.967945,0.994562,0.962373,True,0.0,0,0.892245,False
fixed_gv_escape,97,0.82,0.88,0.86,0.770156,0.963936,0.967346,0.996446,0.963509,True,0.0,0,0.895414,False
fixed_gv_escape,98,0.82,0.88,0.86,0.772672,0.966952,0.967235,0.992675,0.96537,True,0.0,0,0.896588,False
fixed_gv_escape,99,0.82,0.88,0.86,0.77151,0.970287,0.968414,0.991077,0.967863,True,0.0,0,0.897034,False
fixed_gv_escape,100,0.82,0.88,0.86,0.770725,0.961328,0.971684,0.992741,0.964141,True,0.0,0,0.895498,False
fixed_gv_escape,101,0.82,0.88,0.86,0.769754,0.973891,0.970278,0.987714,0.970907,True,0.0,0,0.897246,False
fixed_gv_escape,102,0.82,0.88,0.86,0.759162,0.983891,0.979419,0.991697,0.98069,True,0.0,0,0.898398,False
fixed_gv_escape,103,0.82,0.88,0.86,0.776933,0.982277,0.978439,1.0,0.978923,True,0.0,0,0.905634,False
fixed_gv_escape,104,0.82,0.88,0.86,0.797821,0.984315,0.976721,0.996329,0.978927,True,0.0,0,0.913116,False
fixed_gv_escape,105,0.82,0.88,0.86,0.798873,0.991666,0.981031,0.996564,0.984242,True,0.0,0,0.916285,False
fixed_gv_escape,106,0.82,0.88,0.86,0.803968,0.997999,0.9842,0.99767,0.987825,True,0.0,0,0.920516,False
fixed_gv_escape,107,0.82,0.88,0.86,0.814185,0.979269,0.986983,1.0,0.981479,True,0.0,0,0.921093,False
fixed_gv_escape,108,0.82,0.88,0.86,0.815534,0.97986,0.984609,1.0,0.98085,True,0.0,0,0.921209,False
fixed_gv_escape,109,0.82,0.88,0.86,0.820033,0.985264,0.985183,1.0,0.984228,True,0.0,0,0.9244,False
fixed_gv_escape,110,0.82,0.88,0.86,0.824875,0.975455,0.982379,1.0,0.977162,True,0.0,0,0.923122,False
fixed_gv_escape,111,0.82,0.88,0.86,0.810894,0.976405,0.991146,1.0,0.980912,True,0.0,0,0.920008,False
fixed_gv_escape,112,0.82,0.88,0.86,0.799306,0.979846,0.995386,0.98931,0.982745,True,0.0,0,0.915711,False
fixed_gv_escape,113,0.82,0.88,0.86,0.808712,0.98726,0.99903,0.993561,0.989196,True,0.0,0,0.922645,False
fixed_gv_escape,114,0.82,0.88,0.86,0.81894,0.97674,0.990053,0.989343,0.980181,True,0.0,0,0.92135,False
fixed_gv_escape,115,0.82,0.88,0.86,0.825325,0.979405,0.997062,0.996562,0.984032,True,0.0,0,0.92699,False
fixed_gv_escape,116,0.82,0.88,0.86,0.830513,0.974952,0.996023,0.998599,0.980854,True,0.0,0,0.927877,False
fixed_gv_escape,117,0.82,0.88,0.86,0.853083,0.979122,0.992571,1.0,0.98322,True,0.0,0,0.937063,False
fixed_gv_escape,118,0.82,0.88,0.86,0.857424,0.976842,1.0,0.99937,0.982915,True,0.0,0,0.939514,False
fixed_gv_escape,119,0.82,0.88,0.86,0.870334,0.981066,0.999674,1.0,0.986058,True,0.0,0,0.945587,False
fixed_gv_escape,120,0.82,0.88,0.86,0.876153,0.98235,1.0,1.0,0.987044,True,0.0,0,0.948207,False
fixed_gv_escape,121,0.82,0.88,0.86,0.877207,0.973669,0.992897,0.996893,0.979202,True,0.0,0,0.94439,False
fixed_gv_escape,122,0.82,0.88,0.86,0.894639,0.977696,0.987643,0.992621,0.980713,True,0.0,0,0.950376,False
fixed_gv_escape,123,0.82,0.88,0.86,0.906932,0.978552,0.985369,0.999598,0.980387,True,0.0,0,0.95573,False
fixed_gv_escape,124,0.82,0.88,0.86,0.913348,0.992848,0.987051,0.994957,0.988778,True,0.0,0,0.961402,False
fixed_gv_escape,125,0.82,0.88,0.86,0.912868,0.984704,0.991656,1.0,0.986805,True,0.0,0,0.961051,False
fixed_gv_escape,126,0.82,0.88,0.86,0.91313,0.979406,0.991014,0.996626,0.98292,True,0.0,0,0.959143,False
fixed_gv_escape,127,0.82,0.88,0.86,0.931548,0.982839,0.994725,1.0,0.986421,True,0.0,0,0.96832,False
fixed_gv_escape,128,0.82,0.88,0.86,0.931523,0.985003,0.993273,1.0,0.987545,True,0.0,0,0.968574,False
fixed_gv_escape,129,0.82,0.88,0.86,0.931742,0.977489,0.994358,0.998774,0.982411,True,0.0,0,0.966712,False
fixed_gv_escape,130,0.82,0.88,0.86,0.939083,0.983974,1.0,0.996465,0.987636,True,0.0,0,0.971988,False
fixed_gv_escape,131,0.82,0.88,0.86,0.933488,0.98572,1.0,0.991706,0.987498,True,0.0,0,0.969493,False
fixed_gv_escape,132,0.82,0.88,0.86,0.920938,0.991718,0.995376,0.991754,0.99149,True,0.0,0,0.965458,False
fixed_gv_escape,133,0.82,0.88,0.86,0.919559,0.990295,0.995451,0.994886,0.991582,True,0.0,0,0.965141,False
fixed_gv_escape,134,0.82,0.88,0.86,0.928701,0.996367,1.0,0.998462,0.997011,True,0.0,0,0.971678,False
fixed_gv_escape,135,0.82,0.88,0.86,0.940054,1.0,1.0,0.989781,0.992499,True,0.0,0,0.97489,False
fixed_gv_escape,136,0.82,0.88,0.86,0.941135,1.0,0.999872,0.996917,0.997719,True,0.0,0,0.976903,False
fixed_gv_escape,137,0.82,0.88,0.86,0.954009,1.0,0.993654,0.999908,0.995329,True,0.0,0,0.980808,False
fixed_gv_escape,138,0.82,0.88,0.86,0.944096,0.998275,1.0,1.0,0.998734,True,0.0,0,0.978294,False
fixed_gv_escape,139,0.82,0.88,0.86,0.948794,1.0,1.0,1.0,1.0,True,0.0,0,0.980542,False
fixed_gv_escape,140,0.82,0.88,0.86,0.960958,0.996987,0.996118,1.0,0.996288,True,0.0,0,0.983478,False
fixed_gv_escape,141,0.82,0.88,0.86,0.973295,0.994907,0.995931,0.999641,0.995098,True,0.0,0,0.987564,False
fixed_gv_escape,142,0.82,0.88,0.86,0.989003,0.997273,1.0,1.0,0.997998,True,0.0,0,0.99509,False
fixed_gv_escape,143,0.82,0.88,0.86,0.998913,1.0,1.0,1.0,1.0,True,0.0,0,0.999587,False
fixed_gv_escape,144,0.82,0.88,0.86,1.0,1.0,1.0,1.0,1.0,True,0.0,0,1.0,False
fixed_gv_escape,145,0.82,0.88,0.86,1.0,0.998033,0.999027,1.0,0.998337,True,0.0,0,0.999271,False
fixed_gv_escape,146,0.82,0.88,0.86,1.0,0.998409,0.993865,1.0,0.995215,True,0.0,0,0.998035,False
fixed_gv_escape,147,0.82,0.88,0.86,1.0,0.999678,0.9975,0.999079,0.997971,True,0.0,0,0.99912,False
fixed_gv_escape,148,0.82,0.88,0.86,1.0,1.0,0.998403,1.0,0.998828,True,0.0,0,0.999572,False
fixed_gv_escape,149,0.82,0.88,0.86,1.0,1.0,1.0,0.992774,0.994696,True,0.0,0,0.998352,False
fixed_gv_escape,150,0.82,0.88,0.86,0.995623,0.99938,1.0,0.996544,0.997362,True,0.0,0,0.997425,False
fixed_gv_escape,151,0.82,0.88,0.86,1.0,0.995247,0.998535,0.99653,0.99562,True,0.0,0,0.997869,False
fixed_gv_escape,152,0.82,0.88,0.86,0.99399,0.988664,1.0,0.998109,0.991376,True,0.0,0,0.994376,False
fixed_gv_escape,153,0.82,0.88,0.86,0.982552,0.980112,1.0,0.981495,0.979495,True,0.0,0,0.984739,False
fixed_gv_escape,154,0.82,0.88,0.86,0.971246,0.985784,0.994668,0.988358,0.986431,True,0.0,0,0.982297,False
fixed_gv_escape,155,0.82,0.88,0.86,0.95634,0.990394,0.983984,0.991278,0.985789,True,0.0,0,0.975871,False
fixed_gv_escape,156,0.82,0.88,0.86,0.960659,0.98522,0.98916,0.982856,0.983535,True,0.0,0,0.976063,False
fixed_gv_escape,157,0.82,0.88,0.86,0.960665,0.977259,0.999064,0.98298,0.978588,True,0.0,0,0.975838,False
fixed_gv_escape,158,0.82,0.88,0.86,0.973715,0.973171,0.998583,0.98423,0.976485,True,0.0,0,0.979898,False
fixed_gv_escape,159,0.82,0.88,0.86,0.980496,0.975055,0.997427,0.984413,0.977834,True,0.0,0,0.982793,False
fixed_gv_escape,160,0.82,0.88,0.86,1.0,0.948975,0.967416,0.961543,0.952773,True,0.707784,1,0.973899,False
fixed_gv_escape,161,0.82,0.88,0.86,0.997277,0.959537,0.96718,0.966954,0.961539,True,0.707784,1,0.976532,False
fixed_gv_escape,162,0.82,0.88,0.86,1.0,0.959815,0.965302,0.969057,0.961499,True,0.707784,1,0.977569,False
fixed_gv_escape,163,0.82,0.88,0.86,0.986289,0.966586,0.967829,0.968127,0.966947,True,0.707784,1,0.974556,False
fixed_gv_escape,164,0.82,0.88,0.86,0.97781,0.968959,0.9785,0.970327,0.969015,True,0.707784,1,0.974238,False
fixed_gv_escape,165,0.82,0.88,0.86,0.982891,0.969595,0.984347,0.974882,0.971087,True,0.707784,1,0.978222,False
fixed_gv_escape,166,0.82,0.88,0.86,0.990533,0.964511,0.976299,0.974525,0.967367,True,0.707784,1,0.978266,False
fixed_gv_escape,167,0.82,0.88,0.86,0.980687,0.969831,0.981609,0.975591,0.97159,True,0.707784,1,0.977094,False
fixed_gv_escape,168,0.82,0.88,0.86,0.976132,0.976916,0.973108,0.98273,0.974221,True,0.707784,1,0.976423,False
fixed_gv_escape,169,0.82,0.88,0.86,0.978645,0.967378,0.973056,0.986943,0.968807,True,0.707784,1,0.975592,False
fixed_gv_escape,170,0.82,0.88,0.86,0.985915,0.968917,0.970023,0.992473,0.967913,True,0.707784,1,0.978753,False
fixed_gv_escape,171,0.82,0.88,0.86,0.991968,0.979591,0.979586,0.995044,0.978547,True,0.707784,1,0.986332,False
fixed_gv_escape,172,0.82,0.88,0.86,0.990162,0.978402,0.983478,0.990353,0.979915,True,0.707784,1,0.985639,False
fixed_gv_escape,173,0.82,0.88,0.86,1.0,0.978696,0.97592,0.982582,0.976744,True,0.707784,1,0.986602,False
fixed_gv_escape,174,0.82,0.88,0.86,1.0,0.984613,0.97346,0.988102,0.97675,True,0.707784,1,0.987998,False
fixed_gv_escape,175,0.82,0.88,0.86,0.99742,0.982681,0.967095,1.0,0.971835,True,0.707784,1,0.9866,False
fixed_gv_escape,176,0.82,0.88,0.86,1.0,0.979993,0.961797,0.998597,0.967359,True,0.707784,1,0.985409,False
fixed_gv_escape,177,0.82,0.88,0.86,0.999114,0.975386,0.963906,1.0,0.966966,True,0.707784,1,0.984772,False
fixed_gv_escape,178,0.82,0.88,0.86,1.0,0.980008,0.969334,0.993082,0.972553,True,0.707784,1,0.986619,False
fixed_gv_escape,179,0.82,0.88,0.86,0.994609,0.972631,0.975051,0.995035,0.972372,True,0.707784,1,0.984524,False
fixed_gv_escape,180,0.82,0.88,0.86,0.977147,0.985807,0.970454,1.0,0.975165,True,0.707784,1,0.980463,False
fixed_gv_escape,181,0.82,0.88,0.86,0.973928,0.973027,0.973537,0.993392,0.971925,True,0.707784,1,0.97618,False
fixed_gv_escape,182,0.82,0.88,0.86,0.966228,0.978522,0.97862,1.0,0.977128,True,0.707784,1,0.976708,False
fixed_gv_escape,183,0.82,0.88,0.86,0.971258,0.971448,0.977269,0.996887,0.972617,True,0.707784,1,0.976125,False
fixed_gv_escape,184,0.82,0.88,0.86,0.982675,0.978273,0.972912,1.0,0.973773,True,0.707784,1,0.981482,False
fixed_gv_escape,185,0.82,0.88,0.86,0.983358,0.974691,0.970387,1.0,0.970588,True,0.707784,1,0.980261,False
fixed_gv_escape,186,0.82,0.88,0.86,0.988035,0.973897,0.985975,1.0,0.977558,True,0.707784,1,0.985537,False
fixed_gv_escape,187,0.82,0.88,0.86,0.989126,0.973416,0.987282,0.995793,0.977658,True,0.707784,1,0.985523,False
fixed_gv_escape,188,0.82,0.88,0.86,1.0,0.966353,0.980905,0.993023,0.970826,True,0.707784,1,0.986029,False
fixed_gv_escape,189,0.82,0.88,0.86,1.0,0.9734,0.987159,0.991652,0.97747,True,0.707784,1,0.989028,False
fixed_gv_escape,190,0.82,0.88,0.86,0.991666,0.978909,0.990501,0.999625,0.982473,True,0.707784,1,0.989171,False
fixed_gv_escape,191,0.82,0.88,0.86,0.993812,0.980579,0.996145,0.990815,0.98369,True,0.707784,1,0.990216,False
fixed_gv_escape,192,0.82,0.88,0.86,0.996928,0.974826,0.983756,0.990279,0.977569,True,0.707784,1,0.987325,False
fixed_gv_escape,193,0.82,0.88,0.86,1.0,0.977733,0.996028,0.990321,0.981531,True,0.707784,1,0.991706,False
fixed_gv_escape,194,0.82,0.88,0.86,0.99967,0.975331,0.992085,0.978256,0.97568,True,0.707784,1,0.988047,False
fixed_gv_escape,195,0.82,0.88,0.86,0.997817,0.971283,0.985249,0.9777,0.973225,True,0.707784,1,0.985011,False
fixed_gv_escape,196,0.82,0.88,0.86,1.0,0.962202,0.983577,0.97218,0.96523,True,0.707784,1,0.982173,False
fixed_gv_escape,197,0.82,0.88,0.86,1.0,0.959547,0.984518,0.970173,0.962715,True,0.707784,1,0.981282,False
fixed_gv_escape,198,0.82,0.88,0.86,1.0,0.964812,0.968993,0.970691,0.966065,True,0.707784,1,0.979909,False
fixed_gv_escape,199,0.82,0.88,0.86,1.0,0.954813,0.968068,0.964384,0.957673,True,0.707784,1,0.976053,False
fixed_gv_escape,200,0.82,0.88,0.86,1.0,0.951598,0.969256,0.949837,0.949443,True,0.707784,1,0.972664,False
fixed_gv_escape,201,0.82,0.88,0.86,1.0,0.958163,0.958555,0.949095,0.951557,True,0.707784,1,0.972069,False
fixed_gv_escape,202,0.82,0.88,0.86,0.991668,0.960826,0.960228,0.960949,0.9604,True,0.707784,1,0.972405,False
fixed_gv_escape,203,0.82,0.88,0.86,0.993576,0.967163,0.953495,0.960827,0.955748,True,0.707784,1,0.972482,False
fixed_gv_escape,204,0.82,0.88,0.86,0.995744,0.973264,0.958252,0.957541,0.956856,True,0.707784,1,0.974934,False
fixed_gv_escape,205,0.82,0.88,0.86,1.0,0.9691,0.960409,0.95769,0.958263,True,0.707784,1,0.97638,False
fixed_gv_escape,206,0.82,0.88,0.86,0.990235,0.978516,0.956982,0.965149,0.959338,True,0.707784,1,0.97492,False
fixed_gv_escape,207,0.82,0.88,0.86,0.988511,0.986456,0.96427,0.967475,0.964411,True,0.707784,1,0.977941,False
fixed_gv_escape,208,0.82,0.88,0.86,0.989482,0.986823,0.961401,0.973901,0.96522,True,0.707784,1,0.978856,False
fixed_gv_escape,209,0.82,0.88,0.86,1.0,0.985334,0.962713,0.979257,0.967643,True,0.707784,1,0.983862,False
fixed_gv_escape,210,0.82,0.88,0.86,1.0,0.985606,0.969224,0.975919,0.9712,True,0.707784,1,0.985042,False
fixed_gv_escape,211,0.82,0.88,0.86,1.0,0.991237,0.969573,0.987511,0.974735,True,0.707784,1,0.988165,False
fixed_gv_escape,212,0.82,0.88,0.86,1.0,0.99048,0.96261,0.981675,0.968368,True,0.707784,1,0.985195,False
fixed_gv_escape,213,0.82,0.88,0.86,1.0,0.990575,0.960854,0.989598,0.968624,True,0.707784,1,0.986036,False
fixed_gv_escape,214,0.82,0.88,0.86,1.0,0.985747,0.959088,1.0,0.967199,True,0.707784,1,0.986134,False
fixed_gv_escape,215,0.82,0.88,0.86,1.0,0.990496,0.966392,0.996571,0.973409,True,0.707784,1,0.988569,False
fixed_gv_escape,216,0.82,0.88,0.86,1.0,0.983827,0.967501,0.989991,0.972374,True,0.707784,1,0.986523,False
fixed_gv_escape,217,0.82,0.88,0.86,0.998775,0.987188,0.96657,0.986408,0.971946,True,0.707784,1,0.985942,False
fixed_gv_escape,218,0.82,0.88,0.86,0.992879,0.990155,0.974388,0.986352,0.977921,True,0.707784,1,0.986352,False
fixed_gv_escape,219,0.82,0.88,0.86,0.999147,0.978287,0.978398,1.0,0.976884,True,0.707784,1,0.989105,False
fixed_gv_escape,220,0.82,0.88,0.86,1.0,0.983418,0.988935,1.0,0.984924,True,0.707784,1,0.993214,False
fixed_gv_escape,221,0.82,0.88,0.86,1.0,0.99936,0.993011,0.993072,0.992616,True,0.707784,1,0.996771,False
fixed_gv_escape,222,0.82,0.88,0.86,0.993035,1.0,0.987491,0.993731,0.9894,True,0.707784,1,0.992952,False
fixed_gv_escape,223,0.82,0.88,0.86,0.991943,1.0,0.988497,0.990569,0.988767,True,0.707784,1,0.992199,False
fixed_gv_escape,224,0.82,0.88,0.86,0.980249,0.992492,0.989523,0.996741,0.990401,True,0.707784,1,0.987649,False
fixed_gv_escape,225,0.82,0.88,0.86,0.996094,0.988419,0.988417,0.990364,0.988287,True,0.707784,1,0.991591,False
fixed_gv_escape,226,0.82,0.88,0.86,1.0,0.978204,0.986697,0.998249,0.980734,True,0.707784,1,0.991125,False
fixed_gv_escape,227,0.82,0.88,0.86,1.0,0.986204,0.987576,1.0,0.985986,True,0.707784,1,0.993599,False
fixed_gv_escape,228,0.82,0.88,0.86,1.0,0.986258,0.984765,0.99448,0.98487,True,0.707784,1,0.992196,False
fixed_gv_escape,229,0.82,0.88,0.86,0.992306,0.985165,0.98585,0.991632,0.985084,True,0.707784,1,0.988898,False
fixed_gv_escape,230,0.82,0.88,0.86,1.0,0.984893,0.983673,0.997982,0.983344,True,0.707784,1,0.992061,False
fixed_gv_escape,231,0.82,0.88,0.86,1.0,0.986346,0.982686,0.987342,0.983756,True,0.707784,1,0.990704,False
fixed_gv_escape,232,0.82,0.88,0.86,0.988594,0.989043,0.975046,0.995265,0.979264,True,0.707784,1,0.986051,False
fixed_gv_escape,233,0.82,0.88,0.86,0.989921,0.984317,0.979548,0.990584,0.980975,True,0.707784,1,0.986064,False
fixed_gv_escape,234,0.82,0.88,0.86,1.0,0.986928,0.978768,0.994722,0.981269,True,0.707784,1,0.990839,False
fixed_gv_escape,235,0.82,0.88,0.86,1.0,0.982429,0.991844,0.991407,0.984872,True,0.707784,1,0.992351,False
fixed_gv_escape,236,0.82,0.88,0.86,1.0,0.987813,0.996501,0.998553,0.990332,True,0.707784,1,0.995814,False
fixed_gv_escape,237,0.82,0.88,0.86,1.0,0.999267,0.995057,0.998806,0.996107,True,0.707784,1,0.998344,False
fixed_gv_escape,238,0.82,0.88,0.86,1.0,1.0,0.989183,0.99319,0.990329,True,0.707784,1,0.995939,False
fixed_gv_escape,239,0.82,0.88,0.86,1.0,1.0,0.986814,0.994157,0.989072,True,0.707784,1,0.995497,False
fixed_gv_escape,240,0.82,0.88,0.86,1.0,0.964877,0.964626,0.976251,0.963976,True,1.316935,2,0.979663,False
fixed_gv_escape,241,0.82,0.88,0.86,1.0,0.960591,0.970082,0.969956,0.963098,True,1.316935,2,0.978887,False
fixed_gv_escape,242,0.82,0.88,0.86,1.0,0.970717,0.961973,0.96766,0.963704,True,1.316935,2,0.979001,False
fixed_gv_escape,243,0.82,0.88,0.86,1.0,0.963223,0.965456,0.968596,0.963885,True,1.316935,2,0.978432,False
fixed_gv_escape,244,0.82,0.88,0.86,1.0,0.971364,0.958917,0.963396,0.960184,True,1.316935,2,0.977548,False
fixed_gv_escape,245,0.82,0.88,0.86,1.0,0.966501,0.960327,0.956234,0.957433,True,1.316935,2,0.975594,False
fixed_gv_escape,246,0.82,0.88,0.86,1.0,0.964923,0.960055,0.950803,0.953616,True,1.316935,2,0.974042,False
fixed_gv_escape,247,0.82,0.88,0.86,1.0,0.966441,0.955271,0.950429,0.951682,True,1.316935,2,0.97317,False
fixed_gv_escape,248,0.82,0.88,0.86,0.995167,0.975637,0.955794,0.963301,0.957957,True,1.316935,2,0.975638,False
fixed_gv_escape,249,0.82,0.88,0.86,0.998159,0.980233,0.94112,0.965661,0.948619,True,1.316935,2,0.974171,False
fixed_gv_escape,250,0.82,0.88,0.86,1.0,0.98663,0.936132,0.974171,0.947387,True,1.316935,2,0.976167,False
fixed_gv_escape,251,0.82,0.88,0.86,0.996044,0.988224,0.936882,0.984197,0.949953,True,1.316935,2,0.976798,False
fixed_gv_escape,252,0.82,0.88,0.86,1.0,0.993991,0.945383,0.989386,0.95763,True,1.316935,2,0.982517,False
fixed_gv_escape,253,0.82,0.88,0.86,1.0,0.995182,0.954501,0.989167,0.964377,True,1.316935,2,0.985151,False
fixed_gv_escape,254,0.82,0.88,0.86,1.0,1.0,0.955853,0.98678,0.965153,True,1.316935,2,0.986021,False
fixed_gv_escape,255,0.82,0.88,0.86,1.0,1.0,0.955281,0.989177,0.965294,True,1.316935,2,0.986271,False
fixed_gv_escape,256,0.82,0.88,0.86,0.997965,1.0,0.958251,0.987258,0.966987,True,1.316935,2,0.985967,False
fixed_gv_escape,257,0.82,0.88,0.86,1.0,1.0,0.95788,0.992185,0.967805,True,1.316935,2,0.987461,False
fixed_gv_escape,258,0.82,0.88,0.86,0.993394,1.0,0.960054,1.0,0.970678,True,1.316935,2,0.986781,False
fixed_gv_escape,259,0.82,0.88,0.86,1.0,1.0,0.962266,0.993978,0.971346,True,1.316935,2,0.988926,False
fixed_gv_escape,260,0.82,0.88,0.86,0.9963,0.999714,0.950795,0.990897,0.962373,True,1.316935,2,0.983896,False
fixed_gv_escape,261,0.82,0.88,0.86,0.997856,0.995752,0.950262,1.0,0.962869,True,1.316935,2,0.985012,False
fixed_gv_escape,262,0.82,0.88,0.86,0.996654,0.995473,0.951624,0.995392,0.963276,True,1.316935,2,0.984154,False
fixed_gv_escape,263,0.82,0.88,0.86,1.0,0.993094,0.946546,0.995275,0.959201,True,1.316935,2,0.983578,False
fixed_gv_escape,264,0.82,0.88,0.86,0.987498,0.993062,0.9534,0.998128,0.964532,True,1.316935,2,0.981094,False
fixed_gv_escape,265,0.82,0.88,0.86,1.0,1.0,0.971636,1.0,0.97918,True,1.316935,2,0.992396,False
fixed_gv_escape,266,0.82,0.88,0.86,1.0,0.996645,0.973155,0.996114,0.97933,True,1.316935,2,0.99154,False
fixed_gv_escape,267,0.82,0.88,0.86,0.998065,0.992626,0.976463,0.995407,0.981066,True,1.316935,2,0.990786,False
fixed_gv_escape,268,0.82,0.88,0.86,0.9897,0.98597,0.97189,0.998035,0.976217,True,1.316935,2,0.985372,False
fixed_gv_escape,269,0.82,0.88,0.86,1.0,0.990919,0.979187,1.0,0.982794,True,1.316935,2,0.992554,False
fixed_gv_escape,270,0.82,0.88,0.86,1.0,0.996715,0.982085,1.0,0.986314,True,1.316935,2,0.994542,False
fixed_gv_escape,271,0.82,0.88,0.86,1.0,0.994981,0.989553,1.0,0.991219,True,1.316935,2,0.996162,False
fixed_gv_escape,272,0.82,0.88,0.86,1.0,0.988107,0.983027,0.998594,0.9844,True,1.316935,2,0.992735,False
fixed_gv_escape,273,0.82,0.88,0.86,0.990813,0.992373,0.987627,1.0,0.989001,True,1.316935,2,0.991589,False
fixed_gv_escape,274,0.82,0.88,0.86,0.993776,0.992425,0.998136,0.982995,0.985878,True,1.316935,2,0.99186,False
fixed_gv_escape,275,0.82,0.88,0.86,0.9971,0.986145,0.996643,0.982762,0.983493,True,1.316935,2,0.991406,False
fixed_gv_escape,276,0.82,0.88,0.86,1.0,0.990341,0.995329,0.980574,0.983539,True,1.316935,2,0.992725,False
fixed_gv_escape,277,0.82,0.88,0.86,1.0,0.980196,0.998242,0.978466,0.978034,True,1.316935,2,0.990468,False
fixed_gv_escape,278,0.82,0.88,0.86,1.0,0.987827,0.99223,0.976901,0.980175,True,1.316935,2,0.990797,False
fixed_gv_escape,279,0.82,0.88,0.86,0.997638,0.995714,1.0,0.970724,0.977839,True,1.316935,2,0.991573,False
fixed_gv_escape,280,0.82,0.88,0.86,1.0,0.99936,0.989441,0.962007,0.970174,True,1.316935,2,0.989086,False
fixed_gv_escape,281,0.82,0.88,0.86,0.987688,0.996699,0.990739,0.965671,0.972943,True,1.316935,2,0.985007,False
fixed_gv_escape,282,0.82,0.88,0.86,0.988042,1.0,0.992735,0.962847,0.971528,True,1.316935,2,0.98553,False
fixed_gv_escape,283,0.82,0.88,0.86,0.994387,1.0,0.997677,0.971278,0.978579,True,1.316935,2,0.990857,False
fixed_gv_escape,284,0.82,0.88,0.86,0.993474,0.998588,0.996887,0.966115,0.974512,True,1.316935,2,0.988903,False
fixed_gv_escape,285,0.82,0.88,0.86,1.0,0.996797,1.0,0.968496,0.976398,True,1.316935,2,0.992181,False
fixed_gv_escape,286,0.82,0.88,0.86,0.992526,0.996022,0.999652,0.973208,0.979679,True,1.316935,2,0.990192,False
fixed_gv_escape,287,0.82,0.88,0.86,0.975806,0.989654,0.999296,0.974417,0.979083,True,1.316935,2,0.982726,False
fixed_gv_escape,288,0.82,0.88,0.86,0.983748,0.990462,0.999124,0.98183,0.984471,True,1.316935,2,0.987542,False
fixed_gv_escape,289,0.82,0.88,0.86,0.985906,0.98422,1.0,0.984744,0.983434,True,1.316935,2,0.98768,False
fixed_gv_escape,290,0.82,0.88,0.86,0.98827,0.987764,0.998496,0.982007,0.983615,True,1.316935,2,0.988584,False
fixed_gv_escape,291,0.82,0.88,0.86,0.994262,0.985993,0.995819,0.974545,0.978063,True,1.316935,2,0.98835,False
fixed_gv_escape,292,0.82,0.88,0.86,0.996092,0.984494,0.997141,0.979817,0.980931,True,1.316935,2,0.990095,False
fixed_gv_escape,293,0.82,0.88,0.86,1.0,0.983528,0.993827,0.974175,0.977021,True,1.316935,2,0.989551,False
fixed_gv_escape,294,0.82,0.88,0.86,1.0,0.979317,0.994593,0.969178,0.97215,True,1.316935,2,0.987647,False
fixed_gv_escape,295,0.82,0.88,0.86,1.0,0.977108,0.989738,0.963564,0.967719,True,1.316935,2,0.985057,False
fixed_gv_escape,296,0.82,0.88,0.86,1.0,0.975395,0.98876,0.971116,0.972036,True,1.316935,2,0.986148,False
fixed_gv_escape,297,0.82,0.88,0.86,1.0,0.990817,0.972869,0.971421,0.97087,True,1.316935,2,0.985967,False
fixed_gv_escape,298,0.82,0.88,0.86,1.0,0.98859,0.978575,0.971626,0.973678,True,1.316935,2,0.986959,False
fixed_gv_escape,299,0.82,0.88,0.86,1.0,0.99203,0.972132,0.962622,0.96518,True,1.316935,2,0.984138,False
fixed_gv_escape,300,0.82,0.88,0.86,0.998141,0.991451,0.970604,0.967062,0.967226,True,1.316935,2,0.983919,False
fixed_gv_escape,301,0.82,0.88,0.86,1.0,0.982604,0.963205,0.965683,0.96317,True,1.316935,2,0.981021,False
fixed_gv_escape,302,0.82,0.88,0.86,0.989504,0.988056,0.95782,0.975699,0.963308,True,1.316935,2,0.978464,False
fixed_gv_escape,303,0.82,0.88,0.86,0.990798,0.991058,0.951727,0.98019,0.960229,True,1.316935,2,0.978659,False
fixed_gv_escape,304,0.82,0.88,0.86,0.98538,0.989597,0.95042,0.978849,0.958906,True,1.316935,2,0.975755,False
fixed_gv_escape,305,0.82,0.88,0.86,0.982378,1.0,0.943996,0.989193,0.957111,True,1.316935,2,0.976563,False
fixed_gv_escape,306,0.82,0.88,0.86,0.98565,0.997059,0.943659,0.994334,0.957478,True,1.316935,2,0.97798,False
fixed_gv_escape,307,0.82,0.88,0.86,0.998454,0.99472,0.9465,0.989816,0.958594,True,1.316935,2,0.982438,False
fixed_gv_escape,308,0.82,0.88,0.86,0.992564,0.992257,0.949645,0.978659,0.958415,True,1.316935,2,0.978739,False
fixed_gv_escape,309,0.82,0.88,0.86,1.0,0.999227,0.947685,0.970935,0.954702,True,1.316935,2,0.980939,False
fixed_gv_escape,310,0.82,0.88,0.86,0.984741,1.0,0.948015,0.982818,0.958563,True,1.316935,2,0.977466,False
fixed_gv_escape,311,0.82,0.88,0.86,0.995366,0.999397,0.94763,0.975128,0.956076,True,1.316935,2,0.979951,False
fixed_gv_escape,312,0.82,0.88,0.86,1.0,1.0,0.955291,0.972331,0.960214,True,1.316935,2,0.983304,False
fixed_gv_escape,313,0.82,0.88,0.86,0.992332,1.0,0.951999,0.982064,0.961188,True,1.316935,2,0.981278,False
fixed_gv_escape,314,0.82,0.88,0.86,0.994607,1.0,0.955457,0.980776,0.963239,True,1.316935,2,0.98283,False
fixed_gv_escape,315,0.82,0.88,0.86,0.997763,0.997785,0.961005,0.980504,0.966994,True,1.316935,2,0.985042,False
fixed_gv_escape,316,0.82,0.88,0.86,1.0,0.997469,0.965139,0.978381,0.96905,True,1.316935,2,0.986529,False
fixed_gv_escape,317,0.82,0.88,0.86,1.0,1.0,0.971516,0.97672,0.972218,True,1.316935,2,0.98828,False
fixed_gv_escape,318,0.82,0.88,0.86,1.0,0.997877,0.968598,0.988671,0.974658,True,1.316935,2,0.989338,False
fixed_gv_escape,319,0.82,0.88,0.86,1.0,0.989552,0.972674,1.0,0.977839,True,1.316935,2,0.990541,False
fixed_gv_escape,320,0.82,0.88,0.86,1.0,0.982867,0.98001,0.995379,0.980412,True,1.316935,2,0.99032,False
fixed_gv_escape,321,0.82,0.88,0.86,0.993404,0.992736,0.987555,0.995332,0.989126,True,1.316935,2,0.991988,False
fixed_gv_escape,322,0.82,0.88,0.86,1.0,0.990765,0.981307,0.984903,0.982345,True,1.316935,2,0.990741,False
fixed_gv_escape,323,0.82,0.88,0.86,0.991643,0.987312,0.986349,0.983116,0.984067,True,1.316935,2,0.987807,False
fixed_gv_escape,324,0.82,0.88,0.86,0.989136,0.988094,0.998295,0.981545,0.983453,True,1.316935,2,0.988852,False
fixed_gv_escape,325,0.82,0.88,0.86,0.979892,0.997581,0.995484,0.988416,0.990495,True,1.316935,2,0.988348,False
fixed_gv_escape,326,0.82,0.88,0.86,0.988065,1.0,0.992909,0.995325,0.993576,True,1.316935,2,0.992763,False
fixed_gv_escape,327,0.82,0.88,0.86,0.997568,0.997659,0.995224,0.992697,0.993471,True,1.316935,2,0.995989,False
fixed_gv_escape,328,0.82,0.88,0.86,0.992251,0.999216,0.995637,0.989681,0.991501,True,1.316935,2,0.993664,False
fixed_gv_escape,329,0.82,0.88,0.86,0.996603,0.995542,0.994998,0.983965,0.986968,True,1.316935,2,0.993198,False
fixed_gv_escape,330,0.82,0.88,0.86,1.0,0.997318,1.0,0.972584,0.979478,True,1.316935,2,0.993216,False
fixed_gv_escape,331,0.82,0.88,0.86,1.0,0.989129,0.99858,0.974662,0.979097,True,1.316935,2,0.991732,False
fixed_gv_escape,332,0.82,0.88,0.86,0.994174,0.991862,0.99871,0.977527,0.981864,True,1.316935,2,0.990767,False
fixed_gv_escape,333,0.82,0.88,0.86,1.0,0.991492,1.0,0.973477,0.978924,True,1.316935,2,0.992226,False
fixed_gv_escape,334,0.82,0.88,0.86,1.0,0.989787,1.0,0.972499,0.977781,True,1.316935,2,0.991645,False
fixed_gv_escape,335,0.82,0.88,0.86,0.978777,0.997736,1.0,0.98467,0.988392,True,1.316935,2,0.987989,False
fixed_gv_escape,336,0.82,0.88,0.86,0.971716,0.995288,1.0,0.9791,0.983855,True,1.316935,2,0.983541,False
fixed_gv_escape,337,0.82,0.88,0.86,0.992912,0.998303,0.999935,0.971974,0.979179,True,1.316935,2,0.990567,False
fixed_gv_escape,338,0.82,0.88,0.86,0.996802,0.99662,1.0,0.969323,0.976974,True,1.316935,2,0.991119,False
fixed_gv_escape,339,0.82,0.88,0.86,1.0,0.98807,1.0,0.969641,0.975289,True,1.316935,2,0.990637,False
fixed_gv_escape,340,0.82,0.88,0.86,1.0,0.98762,0.992726,0.975135,0.97888,True,1.316935,2,0.990447,False
fixed_gv_escape,341,0.82,0.88,0.86,0.999389,0.988008,0.993677,0.965664,0.972171,True,1.316935,2,0.988324,False
fixed_gv_escape,342,0.82,0.88,0.86,1.0,0.986107,0.992524,0.967696,0.973165,True,1.316935,2,0.988411,False
fixed_gv_escape,343,0.82,0.88,0.86,0.995036,0.986317,0.998719,0.962384,0.969655,True,1.316935,2,0.986512,False
fixed_gv_escape,344,0.82,0.88,0.86,0.987263,0.992387,0.998204,0.958441,0.968106,True,1.316935,2,0.983821,False
fixed_gv_escape,345,0.82,0.88,0.86,0.987521,0.985399,0.992058,0.950961,0.960831,True,1.316935,2,0.979634,False
fixed_gv_escape,346,0.82,0.88,0.86,1.0,0.98145,0.9951,0.947453,0.957639,True,1.316935,2,0.983339,False
fixed_gv_escape,347,0.82,0.88,0.86,0.995071,0.982257,0.995568,0.963039,0.968938,True,1.316935,2,0.985234,False
fixed_gv_escape,348,0.82,0.88,0.86,0.993608,0.986914,1.0,0.954399,0.964142,True,1.316935,2,0.984528,False
fixed_gv_escape,349,0.82,0.88,0.86,0.994993,0.984814,0.998003,0.947978,0.958938,True,1.316935,2,0.982794,False
fixed_gv_escape,350,0.82,0.88,0.86,0.986892,0.984081,1.0,0.949399,0.95987,True,1.316935,2,0.980254,False
fixed_gv_escape,351,0.82,0.88,0.86,0.979383,0.983191,0.995458,0.952189,0.961469,True,1.316935,2,0.977005,False
fixed_gv_escape,352,0.82,0.88,0.86,0.989167,0.984402,0.996737,0.962308,0.969043,True,1.316935,2,0.983497,False
fixed_gv_escape,353,0.82,0.88,0.86,0.98664,0.981596,0.995682,0.962923,0.968662,True,1.316935,2,0.981882,False
fixed_gv_escape,354,0.82,0.88,0.86,0.973736,0.978797,0.997974,0.964883,0.96902,True,1.316935,2,0.977204,False
fixed_gv_escape,355,0.82,0.88,0.86,0.99266,0.984006,1.0,0.970565,0.97463,True,1.316935,2,0.987167,False
fixed_gv_escape,356,0.82,0.88,0.86,1.0,0.990206,1.0,0.97024,0.976289,True,1.316935,2,0.991225,False
fixed_gv_escape,357,0.82,0.88,0.86,1.0,0.994235,0.995678,0.97001,0.976633,True,1.316935,2,0.991182,False
fixed_gv_escape,358,0.82,0.88,0.86,1.0,0.99309,0.998545,0.979681,0.983701,True,1.316935,2,0.993694,False
fixed_gv_escape,359,0.82,0.88,0.86,1.0,0.985852,1.0,0.986829,0.98541,True,1.316935,2,0.993859,False
fixed_gv_escape,360,0.82,0.88,0.86,1.0,0.979276,0.998268,0.9959,0.983965,True,1.316935,2,0.99346,False
fixed_gv_escape,361,0.82,0.88,0.86,1.0,0.983107,1.0,0.986529,0.983681,True,1.316935,2,0.993115,False
fixed_gv_escape,362,0.82,0.88,0.86,0.998804,0.980946,0.992668,0.980417,0.97987,True,1.316935,2,0.989639,False
fixed_gv_escape,363,0.82,0.88,0.86,0.993186,0.985974,0.988916,0.973742,0.977292,True,1.316935,2,0.98649,False
fixed_gv_escape,364,0.82,0.88,0.86,0.999159,0.984742,0.989463,0.978728,0.980577,True,1.316935,2,0.989728,False
fixed_gv_escape,365,0.82,0.88,0.86,0.999958,0.978947,0.990244,0.982207,0.979764,True,1.316935,2,0.989519,False
fixed_gv_escape,366,0.82,0.88,0.86,0.996114,0.97528,0.989297,0.978189,0.975788,True,1.316935,2,0.986188,False
fixed_gv_escape,367,0.82,0.88,0.86,0.986553,0.966563,0.987624,0.977806,0.970017,True,1.316935,2,0.979939,False
fixed_gv_escape,368,0.82,0.88,0.86,0.984979,0.965187,0.985645,0.979401,0.969468,True,1.316935,2,0.978894,False
fixed_gv_escape,369,0.82,0.88,0.86,1.0,0.969188,0.981244,0.980603,0.972304,True,1.316935,2,0.985039,False
fixed_gv_escape,370,0.82,0.88,0.86,1.0,0.966535,0.986426,0.981451,0.970953,True,1.316935,2,0.985451,False
fixed_gv_escape,371,0.82,0.88,0.86,1.0,0.968748,0.985271,0.985062,0.973114,True,1.316935,2,0.986406,False
fixed_gv_escape,372,0.82,0.88,0.86,1.0,0.970181,0.98329,0.982765,0.973595,True,1.316935,2,0.986043,False
fixed_gv_escape,373,0.82,0.88,0.86,1.0,0.966179,0.990394,0.975538,0.968896,True,1.316935,2,0.985026,False
fixed_gv_escape,374,0.82,0.88,0.86,1.0,0.954307,1.0,0.97374,0.960101,True,1.316935,2,0.983311,False
fixed_gv_escape,375,0.82,0.88,0.86,1.0,0.960072,1.0,0.980533,0.966344,True,1.316935,2,0.986049,False
fixed_gv_escape,376,0.82,0.88,0.86,1.0,0.964435,1.0,0.986539,0.971196,True,1.316935,2,0.988257,False
fixed_gv_escape,377,0.82,0.88,0.86,1.0,0.962085,1.0,0.987114,0.969686,True,1.316935,2,0.987734,False
fixed_gv_escape,378,0.82,0.88,0.86,0.997772,0.967007,0.998481,0.996985,0.975168,True,1.316935,2,0.989539,False
fixed_gv_escape,379,0.82,0.88,0.86,1.0,0.955039,0.998014,0.999541,0.966664,True,1.316935,2,0.987485,False
fixed_gv_escape,380,0.82,0.88,0.86,1.0,0.954228,0.998368,1.0,0.966176,True,1.316935,2,0.987408,False
fixed_gv_escape,381,0.82,0.88,0.86,1.0,0.953635,0.992944,1.0,0.964854,True,1.316935,2,0.986167,False
fixed_gv_escape,382,0.82,0.88,0.86,1.0,0.954252,0.998416,1.0,0.966201,True,1.316935,2,0.987424,False
fixed_gv_escape,383,0.82,0.88,0.86,0.997735,0.95185,1.0,0.999747,0.964622,True,1.316935,2,0.986192,False
fixed_gv_escape,384,0.82,0.88,0.86,0.987536,0.958324,0.996719,1.0,0.968932,True,1.316935,2,0.983443,False
fixed_gv_escape,385,0.82,0.88,0.86,0.980345,0.959336,0.995796,1.0,0.969524,True,1.316935,2,0.980798,False
fixed_gv_escape,386,0.82,0.88,0.86,0.972989,0.964008,1.0,0.998882,0.973427,True,1.316935,2,0.979912,False
fixed_gv_escape,387,0.82,0.88,0.86,0.979617,0.967185,1.0,1.0,0.975913,True,1.316935,2,0.983457,False
fixed_gv_escape,388,0.82,0.88,0.86,0.990819,0.975196,1.0,0.991035,0.980027,True,1.316935,2,0.988395,False
fixed_gv_escape,389,0.82,0.88,0.86,0.995654,0.969093,0.997839,0.982855,0.973284,True,1.316935,2,0.98679,False
fixed_gv_escape,390,0.82,0.88,0.86,1.0,0.96017,1.0,0.983044,0.967199,True,1.316935,2,0.986521,False
fixed_gv_escape,391,0.82,0.88,0.86,1.0,0.956588,0.995375,0.980337,0.963861,True,1.316935,2,0.984264,False
fixed_gv_escape,392,0.82,0.88,0.86,1.0,0.956781,0.992977,0.978834,0.963537,True,1.316935,2,0.983618,False
fixed_gv_escape,393,0.82,0.88,0.86,0.997114,0.954764,1.0,0.982012,0.963119,True,1.316935,2,0.983817,False
fixed_gv_escape,394,0.82,0.88,0.86,1.0,0.950697,1.0,0.981301,0.960058,True,1.316935,2,0.983715,False
fixed_gv_escape,395,0.82,0.88,0.86,1.0,0.955614,1.0,0.984486,0.9644,True,1.316935,2,0.985567,False
fixed_gv_escape,396,0.82,0.88,0.86,1.0,0.964236,1.0,0.995774,0.973107,True,1.316935,2,0.989744,False
fixed_gv_escape,397,0.82,0.88,0.86,1.0,0.966847,1.0,0.988397,0.973405,True,1.316935,2,0.989217,False
fixed_gv_escape,398,0.82,0.88,0.86,1.0,0.965371,1.0,0.988882,0.972481,True,1.316935,2,0.988908,False
fixed_gv_escape,399,0.82,0.88,0.86,1.0,0.967441,0.991797,0.999969,0.974658,True,1.316935,2,0.989617,False
fixed_gv_escape,400,0.82,0.88,0.86,1.0,0.966389,0.989119,1.0,0.973267,True,1.316935,2,0.988783,False
fixed_gv_escape,401,0.82,0.88,0.86,1.0,0.966779,0.993169,1.0,0.974473,True,1.316935,2,0.989727,False
fixed_gv_escape,402,0.82,0.88,0.86,1.0,0.965155,0.994893,1.0,0.973623,True,1.316935,2,0.989643,False
fixed_gv_escape,403,0.82,0.88,0.86,0.998327,0.970489,0.989612,0.996565,0.976184,True,1.316935,2,0.988844,False
fixed_gv_escape,404,0.82,0.88,0.86,0.99303,0.977492,0.984118,0.992477,0.979484,True,1.316935,2,0.986926,False
fixed_gv_escape,405,0.82,0.88,0.86,0.991746,0.977056,0.978535,0.997706,0.976438,True,1.316935,2,0.985721,False
fixed_gv_escape,406,0.82,0.88,0.86,1.0,0.980988,0.979637,0.994631,0.979329,True,1.316935,2,0.98968,False
fixed_gv_escape,407,0.82,0.88,0.86,1.0,0.986163,0.976105,0.995035,0.979194,True,1.316935,2,0.990016,False
fixed_gv_escape,408,0.82,0.88,0.86,0.994254,0.987655,0.974348,0.989473,0.978094,True,1.316935,2,0.986875,False
fixed_gv_escape,409,0.82,0.88,0.86,0.985024,0.985806,0.974627,0.984545,0.97741,True,1.316935,2,0.982313,False
fixed_gv_escape,410,0.82,0.88,0.86,0.989299,0.990148,0.975016,0.988483,0.97879,True,1.316935,2,0.985505,False
fixed_gv_escape,411,0.82,0.88,0.86,0.986282,0.991136,0.968209,0.992074,0.974426,True,1.316935,2,0.983291,False
fixed_gv_escape,412,0.82,0.88,0.86,0.996908,0.989378,0.975563,0.985582,0.978555,True,1.316935,2,0.987923,False
fixed_gv_escape,413,0.82,0.88,0.86,1.0,0.996729,0.986316,0.986275,0.985592,True,1.316935,2,0.993297,False
fixed_gv_escape,414,0.82,0.88,0.86,1.0,1.0,0.981084,0.989218,0.983515,True,1.316935,2,0.993108,False
fixed_gv_escape,415,0.82,0.88,0.86,0.994307,1.0,0.973792,0.992112,0.979303,True,1.316935,2,0.989531,False
fixed_gv_escape,416,0.82,0.88,0.86,0.993577,0.994186,0.971754,0.98656,0.976251,True,1.316935,2,0.986697,False
fixed_gv_escape,417,0.82,0.88,0.86,0.997673,0.992529,0.98267,0.982658,0.982,True,1.316935,2,0.990064,False
fixed_gv_escape,418,0.82,0.88,0.86,0.992624,0.993196,0.990303,0.98998,0.989931,True,1.316935,2,0.991616,False
fixed_gv_escape,419,0.82,0.88,0.86,1.0,0.995933,0.987362,0.993984,0.989308,True,1.316935,2,0.994868,False
fixed_gv_escape,420,0.82,0.88,0.86,1.0,0.999456,0.991784,0.985404,0.987331,True,1.316935,2,0.99486,False
fixed_gv_escape,421,0.82,0.88,0.86,0.995146,0.995934,1.0,0.984334,0.987781,True,1.316935,2,0.993764,False
fixed_gv_escape,422,0.82,0.88,0.86,1.0,0.990373,0.997315,0.992311,0.990847,True,1.316935,2,0.995609,False
fixed_gv_escape,423,0.82,0.88,0.86,0.990787,0.993933,0.995019,1.0,0.994072,True,1.316935,2,0.993799,False
fixed_gv_escape,424,0.82,0.88,0.86,1.0,1.0,0.990067,0.998841,0.992533,True,1.316935,2,0.997154,False
fixed_gv_escape,425,0.82,0.88,0.86,0.996421,1.0,0.989024,0.997406,0.991495,True,1.316935,2,0.995281,False
fixed_gv_escape,426,0.82,0.88,0.86,1.0,1.0,0.985769,0.994155,0.988343,True,1.316935,2,0.995221,False
fixed_gv_escape,427,0.82,0.88,0.86,1.0,0.997367,0.988151,0.983446,0.98474,True,1.316935,2,0.993244,False
fixed_gv_escape,428,0.82,0.88,0.86,1.0,0.993065,0.986836,0.97882,0.981284,True,1.316935,2,0.991171,False
fixed_gv_escape,429,0.82,0.88,0.86,1.0,0.994339,0.984342,0.979377,0.980731,True,1.316935,2,0.990963,False
fixed_gv_escape,430,0.82,0.88,0.86,1.0,0.988892,0.98316,0.964653,0.97011,True,1.316935,2,0.986434,False
fixed_gv_escape,431,0.82,0.88,0.86,1.0,0.994216,0.991593,0.974068,0.979023,True,1.316935,2,0.991298,False
fixed_gv_escape,432,0.82,0.88,0.86,0.999657,0.988171,0.998732,0.975254,0.979225,True,1.316935,2,0.991555,False
fixed_gv_escape,433,0.82,0.88,0.86,1.0,1.0,0.997831,0.984032,0.987944,True,1.316935,2,0.995927,False
fixed_gv_escape,434,0.82,0.88,0.86,0.995096,0.99709,0.991699,0.977145,0.981484,True,1.316935,2,0.990697,False
fixed_gv_escape,435,0.82,0.88,0.86,0.996803,0.997494,0.995293,0.966704,0.974576,True,1.316935,2,0.989775,False
fixed_gv_escape,436,0.82,0.88,0.86,0.997291,1.0,0.999162,0.975955,0.982234,True,1.316935,2,0.993321,False
fixed_gv_escape,437,0.82,0.88,0.86,0.983582,1.0,1.0,0.97049,0.978339,True,1.316935,2,0.98703,False
fixed_gv_escape,438,0.82,0.88,0.86,0.983973,0.991943,1.0,0.968016,0.975108,True,1.316935,2,0.984995,False
fixed_gv_escape,439,0.82,0.88,0.86,0.983553,0.999604,0.999755,0.969476,0.977509,True,1.316935,2,0.986662,False
fixed_gv_escape,440,0.82,0.88,0.86,0.990536,1.0,1.0,0.974537,0.98131,True,1.316935,2,0.990596,False
fixed_gv_escape,441,0.82,0.88,0.86,0.982774,0.994743,0.99877,0.970966,0.977732,True,1.316935,2,0.98555,False
fixed_gv_escape,442,0.82,0.88,0.86,0.971076,0.986826,0.997269,0.971444,0.976164,True,1.316935,2,0.979288,False
fixed_gv_escape,443,0.82,0.88,0.86,0.974988,0.984629,1.0,0.971354,0.975378,True,1.316935,2,0.980763,False
fixed_gv_escape,444,0.82,0.88,0.86,0.979893,0.97669,0.999456,0.964822,0.968108,True,1.316935,2,0.979314,False
fixed_gv_escape,445,0.82,0.88,0.86,0.977212,0.9797,0.991419,0.965994,0.970206,True,1.316935,2,0.977806,False
fixed_gv_escape,446,0.82,0.88,0.86,0.987753,0.97574,0.991789,0.968146,0.970181,True,1.316935,2,0.981464,False
fixed_gv_escape,447,0.82,0.88,0.86,0.979183,0.97102,1.0,0.967489,0.967123,True,1.316935,2,0.978376,False
fixed_gv_escape,448,0.82,0.88,0.86,0.977802,0.9553,1.0,0.973349,0.960609,True,1.316935,2,0.975061,False
fixed_gv_escape,449,0.82,0.88,0.86,0.977316,0.962218,0.989499,0.96624,0.962431,True,1.316935,2,0.973455,False
fixed_gv_escape,450,0.82,0.88,0.86,0.974578,0.961619,0.98224,0.968566,0.963527,True,1.316935,2,0.971456,False
fixed_gv_escape,451,0.82,0.88,0.86,0.982251,0.964003,0.984027,0.960856,0.960906,True,1.316935,2,0.97373,False
fixed_gv_escape,452,0.82,0.88,0.86,0.982884,0.964113,0.990808,0.957745,0.958714,True,1.316935,2,0.974512,False
fixed_gv_escape,453,0.82,0.88,0.86,0.99772,0.969735,0.985208,0.945929,0.953225,True,1.316935,2,0.97784,False
fixed_gv_escape,454,0.82,0.88,0.86,1.0,0.966196,0.992705,0.942425,0.949652,True,1.316935,2,0.9785,False
fixed_gv_escape,455,0.82,0.88,0.86,1.0,0.960555,0.992273,0.950733,0.952786,True,1.316935,2,0.978946,False
fixed_gv_escape,456,0.82,0.88,0.86,1.0,0.968572,0.992557,0.93823,0.947558,True,1.316935,2,0.978062,False
fixed_gv_escape,457,0.82,0.88,0.86,1.0,0.960238,0.990826,0.942163,0.947338,True,1.316935,2,0.976775,False
fixed_gv_escape,458,0.82,0.88,0.86,0.99868,0.957602,0.990794,0.94605,0.948695,True,1.316935,2,0.9765,False
fixed_gv_escape,459,0.82,0.88,0.86,1.0,0.954113,0.991798,0.950383,0.949531,True,1.316935,2,0.977261,False
fixed_gv_escape,460,0.82,0.88,0.86,1.0,0.95642,0.996784,0.953076,0.951876,True,1.316935,2,0.979233,False
fixed_gv_escape,461,0.82,0.88,0.86,0.998221,0.953978,1.0,0.958334,0.953138,True,1.316935,2,0.979583,False
fixed_gv_escape,462,0.82,0.88,0.86,1.0,0.941152,0.996556,0.965384,0.948422,True,1.316935,2,0.977752,False
fixed_gv_escape,463,0.82,0.88,0.86,1.0,0.924867,0.994309,0.96848,0.938193,True,1.316935,2,0.973622,False
fixed_gv_escape,464,0.82,0.88,0.86,1.0,0.925919,0.99349,0.961458,0.936831,True,1.316935,2,0.972517,False
fixed_gv_escape,465,0.82,0.88,0.86,0.993187,0.917114,0.98718,0.971697,0.933119,True,1.316935,2,0.968196,False
fixed_gv_escape,466,0.82,0.88,0.86,0.998226,0.916586,0.976831,0.978185,0.932785,True,1.316935,2,0.969021,False
fixed_gv_escape,467,0.82,0.88,0.86,0.997068,0.918827,0.978928,0.974498,0.934172,True,1.316935,2,0.969012,False
fixed_gv_escape,468,0.82,0.88,0.86,0.993939,0.916835,0.974938,0.981104,0.933015,True,1.316935,2,0.967533,False
fixed_gv_escape,469,0.82,0.88,0.86,0.999627,0.920346,0.981473,0.980887,0.936525,True,1.316935,2,0.971893,False
fixed_gv_escape,470,0.82,0.88,0.86,1.0,0.925406,0.973026,0.965646,0.936905,True,1.316935,2,0.969337,False
fixed_gv_escape,471,0.82,0.88,0.86,1.0,0.930556,0.970707,0.975643,0.941806,True,1.316935,2,0.971834,False
fixed_gv_escape,472,0.82,0.88,0.86,1.0,0.936263,0.981922,0.974491,0.947222,True,1.316935,2,0.975369,False
fixed_gv_escape,473,0.82,0.88,0.86,0.991295,0.94754,0.985007,0.977995,0.956357,True,1.316935,2,0.976233,False
fixed_gv_escape,474,0.82,0.88,0.86,0.997175,0.941342,0.984293,0.972824,0.950719,True,1.316935,2,0.975823,False
fixed_gv_escape,475,0.82,0.88,0.86,0.997234,0.939626,0.976417,0.983216,0.950144,True,1.316935,2,0.975505,False
fixed_gv_escape,476,0.82,0.88,0.86,0.998711,0.946032,0.97997,0.985387,0.955659,True,1.316935,2,0.978824,False
fixed_gv_escape,477,0.82,0.88,0.86,1.0,0.951715,0.985106,0.986814,0.960811,True,1.316935,2,0.982079,False
fixed_gv_escape,478,0.82,0.88,0.86,1.0,0.950335,0.987912,0.989703,0.960555,True,1.316935,2,0.98271,False
fixed_gv_escape,479,0.82,0.88,0.86,0.996817,0.949742,0.985331,0.981271,0.958594,True,1.316935,2,0.979513,False
fixed_gv_escape,480,0.82,0.88,0.86,1.0,0.958885,0.98911,0.966251,0.960478,True,1.316935,2,0.981172,False
fixed_gv_escape,481,0.82,0.88,0.86,0.998815,0.96287,0.98936,0.966134,0.962764,True,1.316935,2,0.981742,False
fixed_gv_escape,482,0.82,0.88,0.86,1.0,0.97208,0.98957,0.973691,0.971738,True,1.316935,2,0.986022,False
fixed_gv_escape,483,0.82,0.88,0.86,1.0,0.96222,0.996591,0.971754,0.96454,True,1.316935,2,0.984376,False
fixed_gv_escape,484,0.82,0.88,0.86,0.9955,0.956274,1.0,0.966882,0.958556,True,1.316935,2,0.980809,False
fixed_gv_escape,485,0.82,0.88,0.86,0.999727,0.9551,0.999731,0.960095,0.95467,True,1.316935,2,0.98074,False
fixed_gv_escape,486,0.82,0.88,0.86,0.994345,0.95411,1.0,0.962849,0.955409,True,1.316935,2,0.979039,False
fixed_gv_escape,487,0.82,0.88,0.86,1.0,0.955481,0.996747,0.968474,0.958924,True,1.316935,2,0.982058,False
fixed_gv_escape,488,0.82,0.88,0.86,0.993955,0.967939,0.996743,0.968956,0.966536,True,1.316935,2,0.982984,False
fixed_gv_escape,489,0.82,0.88,0.86,1.0,0.965777,0.987574,0.96584,0.964343,True,1.316935,2,0.982542,False
fixed_gv_escape,490,0.82,0.88,0.86,1.0,0.965301,0.996196,0.97138,0.966267,True,1.316935,2,0.985015,False
fixed_gv_escape,491,0.82,0.88,0.86,1.0,0.968346,0.991322,0.972289,0.968792,True,1.316935,2,0.985116,False
fixed_gv_escape,492,0.82,0.88,0.86,0.989784,0.968185,0.989771,0.979311,0.971597,True,1.316935,2,0.982245,False
fixed_gv_escape,493,0.82,0.88,0.86,0.990012,0.966274,0.995846,0.979687,0.970326,True,1.316935,2,0.982982,False
fixed_gv_escape,494,0.82,0.88,0.86,0.99859,0.964851,0.997412,0.978188,0.96879,True,1.316935,2,0.985873,False
fixed_gv_escape,495,0.82,0.88,0.86,0.991212,0.960992,1.0,0.986214,0.968673,True,1.316935,2,0.98395,False
fixed_gv_escape,496,0.82,0.88,0.86,1.0,0.961352,0.988697,0.968628,0.963064,True,1.316935,2,0.982184,False
fixed_gv_escape,497,0.82,0.88,0.86,1.0,0.962147,0.992844,0.966298,0.962205,True,1.316935,2,0.982645,False
fixed_gv_escape,498,0.82,0.88,0.86,0.999975,0.963515,0.994449,0.962601,0.960939,True,1.316935,2,0.982501,False
fixed_gv_escape,499,0.82,0.88,0.86,0.998284,0.95942,0.991366,0.970202,0.962384,True,1.316935,2,0.981804,False
fixed_gv_escape,500,0.82,0.88,0.86,0.996008,0.966227,1.0,0.972378,0.967051,True,1.316935,2,0.984583,False
fixed_gv_escape,501,0.82,0.88,0.86,1.0,0.963633,1.0,0.965533,0.962182,True,1.316935,2,0.98409,False
fixed_gv_escape,502,0.82,0.88,0.86,0.99827,0.962336,0.995501,0.964872,0.961425,True,1.316935,2,0.982207,False
fixed_gv_escape,503,0.82,0.88,0.86,1.0,0.95231,0.991162,0.956838,0.952025,True,1.316935,2,0.978025,False
fixed_gv_escape,504,0.82,0.88,0.86,1.0,0.955318,0.98671,0.959648,0.955418,True,1.316935,2,0.978566,False
fixed_gv_escape,505,0.82,0.88,0.86,0.994174,0.961146,0.992028,0.966584,0.961811,True,1.316935,2,0.980097,False
fixed_gv_escape,506,0.82,0.88,0.86,1.0,0.959381,0.996194,0.964548,0.959542,True,1.316935,2,0.982185,False
fixed_gv_escape,507,0.82,0.88,0.86,0.983911,0.958821,0.996858,0.96318,0.958505,True,1.316935,2,0.975774,False
fixed_gv_escape,508,0.82,0.88,0.86,0.977891,0.956707,0.991526,0.960931,0.956534,True,1.316935,2,0.971595,False
fixed_gv_escape,509,0.82,0.88,0.86,0.992995,0.953836,0.987449,0.955192,0.952287,True,1.316935,2,0.974771,False
fixed_gv_escape,510,0.82,0.88,0.86,1.0,0.954622,0.979459,0.948732,0.949619,True,1.316935,2,0.974911,False
fixed_gv_escape,511,0.82,0.88,0.86,1.0,0.943623,0.978163,0.960021,0.948611,True,1.316935,2,0.974158,False
fixed_gv_escape,512,0.82,0.88,0.86,1.0,0.949253,0.97233,0.959496,0.952335,True,1.316935,2,0.974495,False
fixed_gv_escape,513,0.82,0.88,0.86,0.99566,0.944997,0.982223,0.954879,0.947317,True,1.316935,2,0.972612,False
fixed_gv_escape,514,0.82,0.88,0.86,0.995448,0.946538,0.986142,0.952678,0.946992,True,1.316935,2,0.973166,False
fixed_gv_escape,515,0.82,0.88,0.86,0.982357,0.950822,0.971757,0.952774,0.950425,True,1.316935,2,0.966799,False
fixed_gv_escape,516,0.82,0.88,0.86,0.990615,0.944547,0.965609,0.950097,0.945841,True,1.316935,2,0.966776,False
fixed_gv_escape,517,0.82,0.88,0.86,1.0,0.947372,0.954477,0.951554,0.948656,True,1.316935,2,0.969389,False
fixed_gv_escape,518,0.82,0.88,0.86,1.0,0.952145,0.957221,0.949797,0.95042,True,1.316935,2,0.970708,False
fixed_gv_escape,519,0.82,0.88,0.86,1.0,0.9479,0.955069,0.954218,0.949678,True,1.316935,2,0.970086,False
gv_learning_escape,0,0.62,0.9,0.88,0.352176,1.0,0.991333,1.0,0.993638,True,0.0,0,0.751503,False
gv_learning_escape,1,0.62,0.9,0.88,0.364489,0.996757,0.990156,1.0,0.992156,True,0.0,0,0.755209,False
gv_learning_escape,2,0.62,0.9,0.88,0.358099,1.0,0.983995,0.999612,0.988199,True,0.0,0,0.751726,False
gv_learning_escape,3,0.62,0.9,0.88,0.36272,0.998862,0.98339,0.998214,0.987415,True,0.0,0,0.752879,False
gv_learning_escape,4,0.62,0.9,0.88,0.382401,0.997577,0.987495,0.996263,0.989975,True,0.0,0,0.760899,False
gv_learning_escape,5,0.62,0.9,0.88,0.381238,0.988355,0.986925,0.993938,0.987167,True,0.0,0,0.758032,False
gv_learning_escape,6,0.62,0.9,0.88,0.374144,0.985259,0.981947,1.0,0.982398,True,0.0,0,0.75416,False
gv_learning_escape,7,0.62,0.9,0.88,0.381123,0.991544,0.981639,0.991739,0.984298,True,0.0,0,0.756959,False
gv_learning_escape,8,0.62,0.9,0.88,0.390481,0.984247,0.984569,0.992685,0.983848,True,0.0,0,0.759807,False
gv_learning_escape,9,0.62,0.9,0.88,0.396733,0.979141,0.979202,0.997205,0.977957,True,0.0,0,0.760224,False
gv_learning_escape,10,0.62,0.9,0.88,0.377212,0.983691,0.97364,1.0,0.976544,True,0.0,0,0.752845,False
gv_learning_escape,11,0.62,0.9,0.88,0.379826,0.990179,0.975393,1.0,0.979927,True,0.0,0,0.755728,False
gv_learning_escape,12,0.62,0.9,0.88,0.382241,0.994527,0.975025,1.0,0.98074,True,0.0,0,0.75746,False
gv_learning_escape,13,0.62,0.9,0.88,0.401276,1.0,0.977504,1.0,0.983488,True,0.0,0,0.766454,False
gv_learning_escape,14,0.62,0.9,0.88,0.394258,0.992128,0.985752,1.0,0.987673,True,0.0,0,0.764357,False
gv_learning_escape,15,0.62,0.9,0.88,0.396827,0.97806,0.985057,0.995482,0.980115,True,0.0,0,0.761136,False
gv_learning_escape,16,0.62,0.9,0.88,0.407267,0.982211,0.987901,0.98664,0.98351,True,0.0,0,0.765532,False
gv_learning_escape,17,0.62,0.9,0.88,0.414782,0.990242,1.0,0.976905,0.981003,True,0.0,0,0.770348,False
gv_learning_escape,18,0.62,0.9,0.88,0.411324,0.991585,1.0,0.976228,0.980906,True,0.0,0,0.769169,False
gv_learning_escape,19,0.62,0.9,0.88,0.404993,0.985603,0.993855,0.974815,0.978131,True,0.0,0,0.76405,False
gv_learning_escape,20,0.62,0.9,0.88,0.407084,0.985064,0.989329,0.980851,0.982139,True,0.0,0,0.765259,False
gv_learning_escape,21,0.62,0.9,0.88,0.418066,0.984364,0.98952,0.978078,0.98001,True,0.0,0,0.768696,False
gv_learning_escape,22,0.62,0.9,0.88,0.426243,0.982388,0.992961,0.973892,0.97645,True,0.0,0,0.771054,False
gv_learning_escape,23,0.62,0.9,0.88,0.424084,0.988053,0.993548,0.98384,0.985102,True,0.0,0,0.77379,False
gv_learning_escape,24,0.62,0.9,0.88,0.414755,0.984732,0.985444,0.976053,0.978447,True,0.0,0,0.7663,False
gv_learning_escape,25,0.62,0.9,0.88,0.417201,0.982335,0.983581,0.973223,0.975789,True,0.0,0,0.765747,False
gv_learning_escape,26,0.62,0.9,0.88,0.413797,0.974959,0.988874,0.972772,0.972807,True,0.0,0,0.763658,False
gv_learning_escape,27,0.62,0.9,0.88,0.412068,0.980824,0.995718,0.970502,0.97355,True,0.0,0,0.765059,False
gv_learning_escape,28,0.62,0.9,0.88,0.420479,0.984877,0.987389,0.964661,0.970328,True,0.0,0,0.766281,False
gv_learning_escape,29,0.62,0.9,0.88,0.427722,0.983782,0.986813,0.955625,0.963471,True,0.0,0,0.766645,False
gv_learning_escape,30,0.62,0.9,0.88,0.426378,0.980259,0.987936,0.960524,0.966425,True,0.0,0,0.766743,False
gv_learning_escape,31,0.62,0.9,0.88,0.428698,0.987573,0.983336,0.951718,0.960611,True,0.0,0,0.766183,False
gv_learning_escape,32,0.62,0.9,0.88,0.418396,0.988053,0.979178,0.941513,0.952432,True,0.0,0,0.759196,False
gv_learning_escape,33,0.62,0.9,0.88,0.416576,0.978604,0.985223,0.938983,0.950249,True,0.0,0,0.757275,False
gv_learning_escape,34,0.62,0.9,0.88,0.413188,0.976032,0.987757,0.944465,0.953878,True,0.0,0,0.757184,False
gv_learning_escape,35,0.62,0.9,0.88,0.41495,0.979959,0.992617,0.947418,0.957149,True,0.0,0,0.760241,False
gv_learning_escape,36,0.62,0.9,0.88,0.405868,0.984185,0.993103,0.946592,0.957495,True,0.0,0,0.757564,False
gv_learning_escape,37,0.62,0.9,0.88,0.396925,0.994548,0.993186,0.95018,0.961793,True,0.0,0,0.757064,False
gv_learning_escape,38,0.62,0.9,0.88,0.386069,0.993882,0.995409,0.955806,0.966128,True,0.0,0,0.754527,False
gv_learning_escape,39,0.62,0.9,0.88,0.371009,0.984824,1.0,0.950643,0.960944,True,0.0,0,0.746655,False
gv_learning_escape,40,0.62,0.9,0.88,0.366016,0.984208,1.0,0.947277,0.958382,True,0.0,0,0.743868,False
gv_learning_escape,41,0.62,0.9,0.88,0.369102,0.98747,0.998394,0.95289,0.963098,True,0.0,0,0.746691,False
gv_learning_escape,42,0.62,0.9,0.88,0.370531,0.998243,0.994775,0.958958,0.968898,True,0.0,0,0.750067,False
gv_learning_escape,43,0.62,0.9,0.88,0.364463,0.999581,0.994984,0.955132,0.966268,True,0.0,0,0.747188,False
gv_learning_escape,44,0.62,0.9,0.88,0.368113,0.999159,0.994731,0.956005,0.966822,True,0.0,0,0.748643,False
gv_learning_escape,45,0.62,0.9,0.88,0.371712,0.995322,1.0,0.948935,0.961828,True,0.0,0,0.748679,False
gv_learning_escape,46,0.62,0.9,0.88,0.370146,1.0,0.992079,0.953099,0.964302,True,0.0,0,0.74838,False
gv_learning_escape,47,0.62,0.9,0.88,0.375295,1.0,0.999624,0.951871,0.964621,True,0.0,0,0.751561,False
gv_learning_escape,48,0.62,0.9,0.88,0.362862,1.0,0.994872,0.952269,0.964195,True,0.0,0,0.745985,False
gv_learning_escape,49,0.62,0.9,0.88,0.368581,0.989821,0.995923,0.946413,0.95865,True,0.0,0,0.74503,False
gv_learning_escape,50,0.62,0.9,0.88,0.380299,0.993669,1.0,0.95746,0.96778,True,0.0,0,0.753552,False
gv_learning_escape,51,0.62,0.9,0.88,0.39477,0.985075,1.0,0.95584,0.964715,True,0.0,0,0.75691,False
gv_learning_escape,52,0.62,0.9,0.88,0.402166,0.991215,1.0,0.95852,0.968075,True,0.0,0,0.761604,False
gv_learning_escape,53,0.62,0.9,0.88,0.408861,0.993314,1.0,0.96105,0.970333,True,0.0,0,0.765151,False
gv_learning_escape,54,0.62,0.9,0.88,0.398323,0.992737,0.991697,0.963938,0.971453,True,0.0,0,0.760087,False
gv_learning_escape,55,0.62,0.9,0.88,0.397011,0.99373,0.996497,0.952667,0.96393,True,0.0,0,0.75815,False
gv_learning_escape,56,0.62,0.9,0.88,0.402407,0.976545,0.990747,0.960763,0.965609,True,0.0,0,0.757407,False
gv_learning_escape,57,0.62,0.9,0.88,0.407881,0.982577,0.992329,0.965332,0.970591,True,0.0,0,0.762095,False
gv_learning_escape,58,0.62,0.9,0.88,0.411288,0.979332,1.0,0.975553,0.975828,True,0.0,0,0.766246,False
gv_learning_escape,59,0.62,0.9,0.88,0.410503,0.97426,1.0,0.979587,0.975186,True,0.0,0,0.765522,False
gv_learning_escape,60,0.62,0.9,0.88,0.407914,0.977625,0.993488,0.984034,0.979511,True,0.0,0,0.765114,False
gv_learning_escape,61,0.62,0.9,0.88,0.423442,0.982581,0.985401,0.985721,0.983368,True,0.0,0,0.77115,False
gv_learning_escape,62,0.62,0.9,0.88,0.418973,0.982774,0.994342,0.989873,0.984948,True,0.0,0,0.771867,False
gv_learning_escape,63,0.62,0.9,0.88,0.41559,0.977379,1.0,0.983017,0.978626,True,0.0,0,0.76891,False
gv_learning_escape,64,0.62,0.9,0.88,0.417545,0.984307,1.0,0.986295,0.98427,True,0.0,0,0.772036,False
gv_learning_escape,65,0.62,0.9,0.88,0.429745,1.0,1.0,0.987324,0.990696,True,0.0,0,0.780412,False
gv_learning_escape,66,0.62,0.9,0.88,0.427125,0.998718,0.996792,0.987627,0.990266,True,0.0,0,0.778599,False
gv_learning_escape,67,0.62,0.9,0.88,0.439583,0.997805,0.989644,0.996041,0.991516,True,0.0,0,0.78321,False
gv_learning_escape,68,0.62,0.9,0.88,0.428251,1.0,0.996124,0.98161,0.98585,True,0.0,0,0.777765,False
gv_learning_escape,69,0.62,0.9,0.88,0.429847,1.0,0.993152,0.977197,0.981996,True,0.0,0,0.776756,False
gv_learning_escape,70,0.62,0.9,0.88,0.428581,1.0,0.986698,0.969801,0.974996,True,0.0,0,0.773238,False
gv_learning_escape,71,0.62,0.9,0.88,0.433081,1.0,0.983922,0.965982,0.971491,True,0.0,0,0.773493,False
gv_learning_escape,72,0.62,0.9,0.88,0.423377,1.0,0.992351,0.972214,0.978227,True,0.0,0,0.773004,False
gv_learning_escape,73,0.62,0.9,0.88,0.419325,0.99874,0.984822,0.967319,0.9727,True,0.0,0,0.768533,False
gv_learning_escape,74,0.62,0.9,0.88,0.427,0.992482,0.989357,0.971074,0.976279,True,0.0,0,0.772095,False
gv_learning_escape,75,0.62,0.9,0.88,0.434033,0.99907,0.992555,0.977865,0.982291,True,0.0,0,0.778201,False
gv_learning_escape,76,0.62,0.9,0.88,0.435539,0.998866,0.991327,0.981225,0.98433,True,0.0,0,0.77923,False
gv_learning_escape,77,0.62,0.9,0.88,0.441157,0.99784,0.987185,0.9884,0.987094,True,0.0,0,0.781771,False
gv_learning_escape,78,0.62,0.9,0.88,0.435488,0.996746,0.977129,0.988978,0.980761,True,0.0,0,0.776931,False
gv_learning_escape,79,0.62,0.9,0.88,0.433372,1.0,0.970913,0.993563,0.977555,True,0.0,0,0.775851,False
gv_learning_escape,80,0.8,0.9,0.88,0.58919,0.979356,0.94271,0.968858,0.950544,True,0.785118,1,0.81957,False
gv_learning_escape,81,0.652142,0.9,0.88,0.586303,0.975689,0.942557,0.969225,0.950302,True,0.785118,1,0.817807,False
gv_learning_escape,82,0.652142,0.9,0.88,0.579009,0.972361,0.943409,0.969022,0.950604,True,0.785118,1,0.814598,False
gv_learning_escape,83,0.652142,0.9,0.88,0.583476,0.96355,0.9477,0.973272,0.952549,True,0.785118,1,0.81631,False
gv_learning_escape,84,0.652142,0.9,0.88,0.576377,0.975247,0.942928,0.978078,0.951865,True,0.785118,1,0.81545,False
gv_learning_escape,85,0.652142,0.9,0.88,0.583792,0.986268,0.948096,0.975417,0.956276,True,0.785118,1,0.821338,False
gv_learning_escape,86,0.652142,0.9,0.88,0.581352,0.987682,0.941972,0.969991,0.950553,True,0.785118,1,0.818117,False
gv_learning_escape,87,0.652142,0.9,0.88,0.586905,0.977855,0.946784,0.96602,0.95267,True,0.785118,1,0.819022,False
gv_learning_escape,88,0.652142,0.9,0.88,0.586698,0.971811,0.948915,0.961593,0.952813,True,0.785118,1,0.817637,False
gv_learning_escape,89,0.652142,0.9,0.88,0.589311,0.971789,0.954075,0.956773,0.954255,True,0.785118,1,0.819053,False
gv_learning_escape,90,0.652142,0.9,0.88,0.595186,0.96608,0.948922,0.963155,0.953015,True,0.785118,1,0.820075,False
gv_learning_escape,91,0.652142,0.9,0.88,0.587764,0.963433,0.945108,0.974974,0.950719,True,0.785118,1,0.817471,False
gv_learning_escape,92,0.652142,0.9,0.88,0.587006,0.968042,0.9387,0.971726,0.946929,True,0.785118,1,0.815949,False
gv_learning_escape,93,0.652142,0.9,0.88,0.593232,0.968464,0.942119,0.973087,0.94963,True,0.785118,1,0.819521,False
gv_learning_escape,94,0.652142,0.9,0.88,0.593472,0.9669,0.945334,0.9764,0.95183,True,0.785118,1,0.820637,False
gv_learning_escape,95,0.652142,0.9,0.88,0.586652,0.961949,0.949449,0.985973,0.952908,True,0.785118,1,0.819365,False
gv_learning_escape,96,0.652142,0.9,0.88,0.585967,0.964494,0.944221,0.994269,0.95019,True,0.785118,1,0.819456,False
gv_learning_escape,97,0.652142,0.9,0.88,0.58322,0.964612,0.942816,1.0,0.949113,True,0.785118,1,0.818854,False
gv_learning_escape,98,0.652142,0.9,0.88,0.587071,0.969169,0.940172,1.0,0.949016,True,0.785118,1,0.82065,False
gv_learning_escape,99,0.652142,0.9,0.88,0.577247,0.971656,0.941782,1.0,0.950942,True,0.785118,1,0.817886,False
gv_learning_escape,100,0.652142,0.9,0.88,0.581929,0.980573,0.936539,0.997947,0.949718,True,0.785118,1,0.819892,False
gv_learning_escape,101,0.652142,0.9,0.88,0.588385,0.983941,0.95506,1.0,0.963862,True,0.785118,1,0.82827,False
gv_learning_escape,102,0.652142,0.9,0.88,0.588537,0.97849,0.954589,1.0,0.961928,True,0.785118,1,0.82703,False
gv_learning_escape,103,0.652142,0.9,0.88,0.594372,0.977881,0.953777,0.998921,0.961182,True,0.785118,1,0.82875,False
gv_learning_escape,104,0.652142,0.9,0.88,0.603706,0.97254,0.959807,0.995051,0.963414,True,0.785118,1,0.832148,False
gv_learning_escape,105,0.652142,0.9,0.88,0.604779,0.9828,0.958565,0.996278,0.965951,True,0.785118,1,0.834655,False
gv_learning_escape,106,0.652142,0.9,0.88,0.600396,0.982905,0.95827,0.993312,0.965673,True,0.785118,1,0.832506,False
gv_learning_escape,107,0.652142,0.9,0.88,0.6119,0.979852,0.962983,0.995411,0.96816,True,0.785118,1,0.837769,False
gv_learning_escape,108,0.652142,0.9,0.88,0.618662,0.972006,0.967918,0.992512,0.968332,True,0.785118,1,0.839429,False
gv_learning_escape,109,0.652142,0.9,0.88,0.610917,0.973622,0.97449,0.987906,0.973115,True,0.785118,1,0.837889,False
gv_learning_escape,110,0.652142,0.9,0.88,0.617162,0.97733,0.960689,1.0,0.965645,True,0.785118,1,0.839242,False
gv_learning_escape,111,0.652142,0.9,0.88,0.625346,0.977183,0.950795,1.0,0.958903,True,0.785118,1,0.839736,False
gv_learning_escape,112,0.652142,0.9,0.88,0.632306,0.976589,0.953773,0.99535,0.960787,True,0.785118,1,0.842385,False
gv_learning_escape,113,0.652142,0.9,0.88,0.625408,0.9908,0.968657,1.0,0.975304,True,0.785118,1,0.847394,False
gv_learning_escape,114,0.652142,0.9,0.88,0.62734,0.998089,0.969067,0.990679,0.97548,True,0.785118,1,0.84823,False
gv_learning_escape,115,0.652142,0.9,0.88,0.638979,0.997961,0.96269,0.987455,0.970134,True,0.785118,1,0.850389,False
gv_learning_escape,116,0.652142,0.9,0.88,0.649148,0.988406,0.965587,0.982788,0.970675,True,0.785118,1,0.852466,False
gv_learning_escape,117,0.652142,0.9,0.88,0.653664,0.986768,0.9717,0.975725,0.97265,True,0.785118,1,0.854236,False
gv_learning_escape,118,0.652142,0.9,0.88,0.637171,0.974079,0.98338,0.988991,0.976923,True,0.785118,1,0.850157,False
gv_learning_escape,119,0.652142,0.9,0.88,0.633189,0.973105,0.989145,0.986252,0.976901,True,0.785118,1,0.84912,False
gv_learning_escape,120,0.652142,0.9,0.88,0.635696,0.970539,0.98633,0.988445,0.97498,True,0.785118,1,0.849181,False
gv_learning_escape,121,0.652142,0.9,0.88,0.641918,0.968637,0.987525,0.997112,0.97437,True,0.785118,1,0.852558,False
gv_learning_escape,122,0.652142,0.9,0.88,0.651885,0.958873,0.985096,0.997369,0.966798,True,0.785118,1,0.853278,False
gv_learning_escape,123,0.652142,0.9,0.88,0.638814,0.959591,0.994305,0.992742,0.968606,True,0.785118,1,0.849667,False
gv_learning_escape,124,0.652142,0.9,0.88,0.644076,0.961971,1.0,0.995662,0.97143,True,0.785118,1,0.853868,False
gv_learning_escape,125,0.652142,0.9,0.88,0.643805,0.958726,0.998646,0.988844,0.967634,True,0.785118,1,0.851527,False
gv_learning_escape,126,0.652142,0.9,0.88,0.643326,0.955995,1.0,0.982333,0.964074,True,0.785118,1,0.849759,False
gv_learning_escape,127,0.652142,0.9,0.88,0.642108,0.964336,0.997644,0.986681,0.971106,True,0.785118,1,0.851826,False
gv_learning_escape,128,0.652142,0.9,0.88,0.650668,0.966119,0.987737,0.993153,0.97241,True,0.785118,1,0.854679,False
gv_learning_escape,129,0.652142,0.9,0.88,0.659593,0.971328,0.983484,0.98788,0.974947,True,0.785118,1,0.857808,False
gv_learning_escape,130,0.652142,0.9,0.88,0.659775,0.97785,0.982935,0.994402,0.979178,True,0.785118,1,0.860374,False
gv_learning_escape,131,0.652142,0.9,0.88,0.664688,0.976303,0.984867,1.0,0.978729,True,0.785118,1,0.86304,False
gv_learning_escape,132,0.652142,0.9,0.88,0.671546,0.977328,0.986091,1.0,0.979872,True,0.785118,1,0.866187,False
gv_learning_escape,133,0.652142,0.9,0.88,0.67479,0.979329,0.982318,0.998962,0.979528,True,0.785118,1,0.866915,False
gv_learning_escape,134,0.652142,0.9,0.88,0.684203,0.984475,0.97622,1.0,0.978519,True,0.785118,1,0.870345,False
gv_learning_escape,135,0.652142,0.9,0.88,0.678916,0.992983,0.985748,1.0,0.987965,True,0.785118,1,0.872715,False
gv_learning_escape,136,0.652142,0.9,0.88,0.687664,1.0,0.990566,0.992034,0.990677,True,0.785118,1,0.87738,False
gv_learning_escape,137,0.652142,0.9,0.88,0.698798,0.996943,0.984685,0.995314,0.987694,True,0.785118,1,0.880103,False
gv_learning_escape,138,0.652142,0.9,0.88,0.704046,1.0,0.981769,0.988765,0.983795,True,0.785118,1,0.880738,False
gv_learning_escape,139,0.652142,0.9,0.88,0.702388,1.0,0.974283,0.987605,0.97837,True,0.785118,1,0.877948,False
gv_learning_escape,140,0.652142,0.9,0.88,0.709844,0.99527,0.968084,0.98809,0.974037,True,0.785118,1,0.878361,False
gv_learning_escape,141,0.652142,0.9,0.88,0.715694,0.992346,0.970876,0.99748,0.977106,True,0.785118,1,0.882243,False
gv_learning_escape,142,0.652142,0.9,0.88,0.705237,0.993806,0.984057,0.989835,0.98583,True,0.785118,1,0.880882,False
gv_learning_escape,143,0.652142,0.9,0.88,0.706035,0.994577,0.985725,0.996995,0.988314,True,0.785118,1,0.882925,False
gv_learning_escape,144,0.652142,0.9,0.88,0.718862,0.994042,0.984074,0.993074,0.986582,True,0.785118,1,0.886648,False
gv_learning_escape,145,0.652142,0.9,0.88,0.723676,1.0,0.987325,0.997413,0.990265,True,0.785118,1,0.891185,False
gv_learning_escape,146,0.652142,0.9,0.88,0.72433,1.0,0.999776,1.0,0.999836,True,0.785118,1,0.895186,False
gv_learning_escape,147,0.652142,0.9,0.88,0.72722,1.0,0.995262,0.991311,0.992505,True,0.785118,1,0.893375,False
gv_learning_escape,148,0.652142,0.9,0.88,0.730227,0.998248,0.986595,0.991361,0.988002,True,0.785118,1,0.892109,False
gv_learning_escape,149,0.652142,0.9,0.88,0.723453,0.996082,0.985091,0.987933,0.985743,True,0.785118,1,0.888123,False
gv_learning_escape,150,0.652142,0.9,0.88,0.710838,0.984291,0.985581,0.98889,0.984607,True,0.785118,1,0.881293,False
gv_learning_escape,151,0.652142,0.9,0.88,0.709135,0.979278,0.985991,0.98659,0.981136,True,0.785118,1,0.879079,False
gv_learning_escape,152,0.652142,0.9,0.88,0.70915,0.979612,1.0,0.985844,0.981234,True,0.785118,1,0.881573,False
gv_learning_escape,153,0.652142,0.9,0.88,0.716929,0.984642,1.0,0.987453,0.985024,True,0.785118,1,0.886115,False
gv_learning_escape,154,0.652142,0.9,0.88,0.714929,0.987079,1.0,0.995113,0.989536,True,0.785118,1,0.887408,False
gv_learning_escape,155,0.652142,0.9,0.88,0.724385,0.982271,0.998437,1.0,0.986757,True,0.785118,1,0.890204,False
gv_learning_escape,156,0.652142,0.9,0.88,0.720826,0.979928,1.0,1.0,0.985267,True,0.785118,1,0.888533,False
gv_learning_escape,157,0.652142,0.9,0.88,0.72509,0.982037,0.998167,1.0,0.986542,True,0.785118,1,0.890356,False
gv_learning_escape,158,0.652142,0.9,0.88,0.719418,0.980489,1.0,0.999223,0.98557,True,0.785118,1,0.888026,False
gv_learning_escape,159,0.652142,0.9,0.88,0.730103,0.987724,0.997302,1.0,0.990531,True,0.785118,1,0.893608,False
gv_learning_escape,160,0.652142,0.9,0.88,0.725548,0.988856,0.997576,0.994199,0.990492,True,0.785118,1,0.891313,False
gv_learning_escape,161,0.652142,0.9,0.88,0.719636,0.991937,0.985846,0.988312,0.986572,True,0.785118,1,0.886215,False
gv_learning_escape,162,0.652142,0.9,0.88,0.725597,0.981375,0.986482,0.998517,0.982683,True,0.785118,1,0.887655,False
gv_learning_escape,163,0.652142,0.9,0.88,0.713758,0.983752,0.980974,0.991405,0.981628,True,0.785118,1,0.881471,False
gv_learning_escape,164,0.652142,0.9,0.88,0.726193,0.987862,0.977283,0.995906,0.980534,True,0.785118,1,0.88677,False
gv_learning_escape,165,0.652142,0.9,0.88,0.722778,0.983301,0.978468,0.994818,0.979699,True,0.785118,1,0.884612,False
gv_learning_escape,166,0.652142,0.9,0.88,0.723989,0.983961,0.982387,0.995877,0.982289,True,0.785118,1,0.886356,False
gv_learning_escape,167,0.652142,0.9,0.88,0.729811,0.989423,0.979606,0.995651,0.982613,True,0.785118,1,0.889058,False
gv_learning_escape,168,0.652142,0.9,0.88,0.723598,1.0,0.972213,0.993716,0.97853,True,0.785118,1,0.886509,False
gv_learning_escape,169,0.652142,0.9,0.88,0.74371,0.99698,0.970084,0.991689,0.976362,True,0.785118,1,0.892681,False
gv_learning_escape,170,0.652142,0.9,0.88,0.743691,0.996278,0.949851,0.992294,0.961616,True,0.785118,1,0.887221,False
gv_learning_escape,171,0.652142,0.9,0.88,0.754608,1.0,0.950304,0.997434,0.96316,True,0.785118,1,0.893026,False
gv_learning_escape,172,0.652142,0.9,0.88,0.763355,0.996565,0.944761,0.996401,0.958518,True,0.785118,1,0.894032,False
gv_learning_escape,173,0.652142,0.9,0.88,0.767412,1.0,0.942009,1.0,0.957433,True,0.785118,1,0.89607,False
gv_learning_escape,174,0.652142,0.9,0.88,0.771823,1.0,0.947805,1.0,0.961687,True,0.785118,1,0.8993,False
gv_learning_escape,175,0.652142,0.9,0.88,0.781474,1.0,0.945946,0.988989,0.958487,True,0.785118,1,0.900707,False
gv_learning_escape,176,0.652142,0.9,0.88,0.781433,0.999213,0.950986,0.986597,0.961574,True,0.785118,1,0.901493,False
gv_learning_escape,177,0.652142,0.9,0.88,0.783241,1.0,0.95271,0.979605,0.960977,True,0.785118,1,0.901581,False
gv_learning_escape,178,0.652142,0.9,0.88,0.786963,0.993223,0.944826,0.984061,0.956194,True,0.785118,1,0.900407,False
gv_learning_escape,179,0.652142,0.9,0.88,0.786627,0.995199,0.947693,0.988178,0.959227,True,0.785118,1,0.902091,False
gv_learning_escape,180,0.652142,0.9,0.88,0.768389,0.993907,0.952448,0.986087,0.962192,True,0.785118,1,0.895847,False
gv_learning_escape,181,0.652142,0.9,0.88,0.777003,0.994585,0.962993,0.993287,0.971215,True,0.785118,1,0.903231,False
gv_learning_escape,182,0.652142,0.9,0.88,0.778027,0.977653,0.9622,0.985379,0.966886,True,0.785118,1,0.898803,False
gv_learning_escape,183,0.652142,0.9,0.88,0.781859,0.982532,0.971771,0.985682,0.974932,True,0.785118,1,0.903868,False
gv_learning_escape,184,0.652142,0.9,0.88,0.786327,0.975221,0.969287,0.983897,0.971036,True,0.785118,1,0.903086,False
gv_learning_escape,185,0.652142,0.9,0.88,0.781358,0.974214,0.969289,0.981715,0.97073,True,0.785118,1,0.900674,False
gv_learning_escape,186,0.652142,0.9,0.88,0.789097,0.982026,0.96827,0.989506,0.972458,True,0.785118,1,0.906136,False
gv_learning_escape,187,0.652142,0.9,0.88,0.780598,0.975309,0.969325,0.997051,0.970435,True,0.785118,1,0.902701,False
gv_learning_escape,188,0.652142,0.9,0.88,0.779393,0.974791,0.973728,0.994278,0.972902,True,0.785118,1,0.90285,False
gv_learning_escape,189,0.652142,0.9,0.88,0.771239,0.972154,0.98162,0.995004,0.974958,True,0.785118,1,0.901046,False
gv_learning_escape,190,0.652142,0.9,0.88,0.783736,0.96952,0.990719,1.0,0.975903,True,0.785118,1,0.907771,False
gv_learning_escape,191,0.652142,0.9,0.88,0.774357,0.984217,0.993335,0.998057,0.986987,True,0.785118,1,0.908381,False
gv_learning_escape,192,0.652142,0.9,0.88,0.782584,0.99258,0.989571,1.0,0.990325,True,0.785118,1,0.913008,False
gv_learning_escape,193,0.652142,0.9,0.88,0.790523,0.992676,0.991585,0.999122,0.991634,True,0.785118,1,0.916439,False
gv_learning_escape,194,0.652142,0.9,0.88,0.786186,0.997649,1.0,0.99581,0.996362,True,0.785118,1,0.917304,False
gv_learning_escape,195,0.652142,0.9,0.88,0.792252,0.997772,0.99084,0.988132,0.988798,True,0.785118,1,0.916,False
gv_learning_escape,196,0.652142,0.9,0.88,0.777748,1.0,0.993335,0.988326,0.989823,True,0.785118,1,0.911489,False
gv_learning_escape,197,0.652142,0.9,0.88,0.765766,0.999986,1.0,0.984502,0.988622,True,0.785118,1,0.907453,False
gv_learning_escape,198,0.652142,0.9,0.88,0.764535,1.0,1.0,0.982914,0.987459,True,0.785118,1,0.906626,False
gv_learning_escape,199,0.652142,0.9,0.88,0.778488,1.0,1.0,0.979341,0.984836,True,0.785118,1,0.911114,False
gv_learning_escape,200,0.652142,0.9,0.88,0.783286,1.0,1.0,0.976959,0.983087,True,0.785118,1,0.912393,False
gv_learning_escape,201,0.652142,0.9,0.88,0.782354,1.0,0.998782,0.968706,0.97686,True,0.785118,1,0.909917,False
gv_learning_escape,202,0.652142,0.9,0.88,0.771149,1.0,0.991911,0.971492,0.977605,True,0.785118,1,0.904902,False
gv_learning_escape,203,0.652142,0.9,0.88,0.773239,1.0,0.993116,0.956132,0.966709,True,0.785118,1,0.902455,False
gv_learning_escape,204,0.652142,0.9,0.88,0.779249,1.0,1.0,0.949335,0.96281,True,0.785118,1,0.904559,False
gv_learning_escape,205,0.652142,0.9,0.88,0.769328,1.0,1.0,0.953034,0.965526,True,0.785118,1,0.901633,False
gv_learning_escape,206,0.652142,0.9,0.88,0.782982,1.0,1.0,0.957254,0.968623,True,0.785118,1,0.907783,False
gv_learning_escape,207,0.652142,0.9,0.88,0.791728,1.0,0.998856,0.956493,0.967908,True,0.785118,1,0.910709,False
gv_learning_escape,208,0.652142,0.9,0.88,0.807649,0.995504,0.997312,0.959969,0.969647,True,0.785118,1,0.916367,False
gv_learning_escape,209,0.652142,0.9,0.88,0.806079,1.0,0.999929,0.964418,0.973872,True,0.785118,1,0.91818,False
gv_learning_escape,210,0.652142,0.9,0.88,0.805095,0.999469,0.992411,0.964505,0.97263,True,0.785118,1,0.916221,False
gv_learning_escape,211,0.652142,0.9,0.88,0.813686,1.0,0.990988,0.96502,0.972731,True,0.785118,1,0.919409,False
gv_learning_escape,212,0.652142,0.9,0.88,0.807208,1.0,0.995469,0.955428,0.966608,True,0.785118,1,0.915677,False
gv_learning_escape,213,0.652142,0.9,0.88,0.796424,0.999294,0.988631,0.96542,0.972428,True,0.785118,1,0.912318,False
gv_learning_escape,214,0.652142,0.9,0.88,0.785832,1.0,0.986507,0.957482,0.966251,True,0.785118,1,0.906185,False
gv_learning_escape,215,0.652142,0.9,0.88,0.772508,0.993783,0.983481,0.963634,0.969664,True,0.785118,1,0.900729,False
gv_learning_escape,216,0.652142,0.9,0.88,0.783939,0.993059,0.969438,0.967125,0.96658,True,0.785118,1,0.902533,False
gv_learning_escape,217,0.652142,0.9,0.88,0.796418,0.996055,0.963263,0.965009,0.961972,True,0.785118,1,0.905854,False
gv_learning_escape,218,0.652142,0.9,0.88,0.787693,0.989292,0.970076,0.963524,0.965002,True,0.785118,1,0.902703,False
gv_learning_escape,219,0.652142,0.9,0.88,0.802525,0.992396,0.968728,0.957798,0.9607,True,0.785118,1,0.907337,False
gv_learning_escape,220,0.652142,0.9,0.88,0.804938,1.0,0.975074,0.956002,0.961713,True,0.785118,1,0.910636,False
gv_learning_escape,221,0.652142,0.9,0.88,0.819117,1.0,0.964598,0.960687,0.960065,True,0.785118,1,0.914596,False
gv_learning_escape,222,0.652142,0.9,0.88,0.813459,1.0,0.957616,0.959126,0.955559,True,0.785118,1,0.91043,False
gv_learning_escape,223,0.652142,0.9,0.88,0.812069,0.999571,0.952857,0.969853,0.957684,True,0.785118,1,0.910725,False
gv_learning_escape,224,0.652142,0.9,0.88,0.829034,0.998624,0.95105,0.981353,0.960295,True,0.785118,1,0.918599,False
gv_learning_escape,225,0.652142,0.9,0.88,0.830216,1.0,0.945165,0.986208,0.957328,True,0.785118,1,0.918561,False
gv_learning_escape,226,0.652142,0.9,0.88,0.84298,1.0,0.954692,0.98598,0.964126,True,0.785118,1,0.925909,False
gv_learning_escape,227,0.652142,0.9,0.88,0.862468,0.99084,0.94756,0.989813,0.958931,True,0.785118,1,0.930295,False
gv_learning_escape,228,0.652142,0.9,0.88,0.866593,0.997124,0.937238,0.987136,0.951566,True,0.785118,1,0.929877,False
gv_learning_escape,229,0.652142,0.9,0.88,0.875445,0.987931,0.931548,0.990626,0.946884,True,0.785118,1,0.930489,False
gv_learning_escape,230,0.652142,0.9,0.88,0.876782,0.991733,0.936931,0.989628,0.951214,True,0.785118,1,0.93303,False
gv_learning_escape,231,0.652142,0.9,0.88,0.883909,0.995672,0.944281,0.991827,0.957394,True,0.785118,1,0.93882,False
gv_learning_escape,232,0.652142,0.9,0.88,0.892041,0.9958,0.94314,0.990317,0.956327,True,0.785118,1,0.941388,False
gv_learning_escape,233,0.652142,0.9,0.88,0.90176,0.987423,0.93897,0.988649,0.952016,True,0.785118,1,0.942073,False
gv_learning_escape,234,0.652142,0.9,0.88,0.912803,0.977974,0.949001,0.997103,0.957885,True,0.785118,1,0.948261,False
gv_learning_escape,235,0.652142,0.9,0.88,0.89524,0.978235,0.957342,1.0,0.963722,True,0.785118,1,0.944242,False
gv_learning_escape,236,0.652142,0.9,0.88,0.911864,0.965553,0.956477,0.997497,0.958222,True,0.785118,1,0.94711,False
gv_learning_escape,237,0.652142,0.9,0.88,0.924859,0.972363,0.949745,1.0,0.956568,True,0.785118,1,0.952214,False
gv_learning_escape,238,0.652142,0.9,0.88,0.914098,0.960832,0.957556,0.998919,0.956477,True,0.785118,1,0.947293,False
gv_learning_escape,239,0.652142,0.9,0.88,0.915041,0.96425,0.958396,0.989642,0.959235,True,0.785118,1,0.94745,False
gv_learning_escape,240,0.652142,0.9,0.88,0.925683,0.963364,0.957936,0.992125,0.95839,True,0.785118,1,0.951498,False
gv_learning_escape,241,0.652142,0.9,0.88,0.930873,0.956533,0.958838,0.985361,0.955792,True,0.785118,1,0.951144,False
gv_learning_escape,242,0.652142,0.9,0.88,0.946648,0.958258,0.961379,0.973754,0.958775,True,0.785118,1,0.956639,False
gv_learning_escape,243,0.652142,0.9,0.88,0.952946,0.960738,0.949671,0.975824,0.952967,True,0.785118,1,0.956964,False
gv_learning_escape,244,0.652142,0.9,0.88,0.965825,0.958043,0.937804,0.970605,0.943998,True,0.785118,1,0.95743,False
gv_learning_escape,245,0.652142,0.9,0.88,0.974327,0.943064,0.937073,0.980085,0.937239,True,0.785118,1,0.95835,False
gv_learning_escape,246,0.652142,0.9,0.88,0.984106,0.935007,0.929443,0.989336,0.928297,True,0.785118,1,0.959464,False
gv_learning_escape,247,0.652142,0.9,0.88,0.987541,0.930345,0.932271,0.982796,0.927829,True,0.785118,1,0.959467,False
gv_learning_escape,248,0.652142,0.9,0.88,1.0,0.935443,0.930594,0.968136,0.930553,True,0.785118,1,0.963092,False
gv_learning_escape,249,0.652142,0.9,0.88,1.0,0.931301,0.930556,0.973072,0.928088,True,0.785118,1,0.962735,False
gv_learning_escape,250,0.652142,0.9,0.88,1.0,0.931037,0.933173,0.970155,0.929524,True,0.785118,1,0.962922,False
gv_learning_escape,251,0.652142,0.9,0.88,1.0,0.934321,0.948067,0.973728,0.938158,True,0.785118,1,0.967731,False
gv_learning_escape,252,0.652142,0.9,0.88,0.994038,0.939541,0.945365,0.976928,0.939984,True,0.785118,1,0.966586,False
gv_learning_escape,253,0.652142,0.9,0.88,0.997046,0.95589,0.955654,0.984718,0.953822,True,0.785118,1,0.975275,False
gv_learning_escape,254,0.652142,0.9,0.88,1.0,0.948657,0.965273,0.979252,0.953764,True,0.785118,1,0.976054,False
gv_learning_escape,255,0.652142,0.9,0.88,1.0,0.957674,0.959445,0.97683,0.957303,True,0.785118,1,0.976714,False
gv_learning_escape,256,0.652142,0.9,0.88,1.0,0.964131,0.981338,0.980076,0.968526,True,0.785118,1,0.983618,False
gv_learning_escape,257,0.652142,0.9,0.88,0.992237,0.96331,0.976285,0.983509,0.967264,True,0.785118,1,0.97994,False
gv_learning_escape,258,0.652142,0.9,0.88,0.99114,0.976375,0.972619,0.983312,0.973671,True,0.785118,1,0.981956,False
gv_learning_escape,259,0.652142,0.9,0.88,1.0,0.984785,0.976053,0.990143,0.978724,True,0.785118,1,0.989018,False
gv_learning_escape,260,0.652142,0.9,0.88,1.0,0.990693,0.985884,0.980443,0.982114,True,0.785118,1,0.9909,False
gv_learning_escape,261,0.652142,0.9,0.88,1.0,0.975078,0.989281,0.987418,0.978568,True,0.785118,1,0.989251,False
gv_learning_escape,262,0.652142,0.9,0.88,0.999167,0.969418,0.986489,0.984859,0.973717,True,0.785118,1,0.986473,False
gv_learning_escape,263,0.652142,0.9,0.88,0.995874,0.968755,0.985216,0.996581,0.973808,True,0.785118,1,0.986525,False
gv_learning_escape,264,0.652142,0.9,0.88,1.0,0.966278,0.982144,0.986462,0.970918,True,0.785118,1,0.985331,False
gv_learning_escape,265,0.652142,0.9,0.88,0.992953,0.968442,0.989164,0.976169,0.970657,True,0.785118,1,0.982834,False
gv_learning_escape,266,0.652142,0.9,0.88,0.984626,0.967851,0.99596,0.974238,0.969123,True,0.785118,1,0.980332,False
gv_learning_escape,267,0.652142,0.9,0.88,0.998876,0.971611,0.991527,0.976003,0.972452,True,0.785118,1,0.986272,False
gv_learning_escape,268,0.652142,0.9,0.88,1.0,0.975597,0.98359,0.97781,0.976135,True,0.785118,1,0.986683,False
gv_learning_escape,269,0.652142,0.9,0.88,1.0,0.981354,0.986972,0.97669,0.978099,True,0.785118,1,0.988407,False
gv_learning_escape,270,0.652142,0.9,0.88,0.995624,0.974018,0.968211,0.977003,0.969974,True,0.785118,1,0.981116,False
gv_learning_escape,271,0.652142,0.9,0.88,1.0,0.963009,0.965329,0.980549,0.963017,True,0.785118,1,0.97994,False
gv_learning_escape,272,0.652142,0.9,0.88,1.0,0.960832,0.966224,0.984733,0.961896,True,0.785118,1,0.98016,False
gv_learning_escape,273,0.652142,0.9,0.88,1.0,0.957182,0.96454,0.989035,0.958678,True,0.785118,1,0.979416,False
gv_learning_escape,274,0.652142,0.9,0.88,1.0,0.956216,0.965037,0.983325,0.958596,True,0.785118,1,0.978522,False
gv_learning_escape,275,0.652142,0.9,0.88,1.0,0.96338,0.955385,0.986064,0.957231,True,0.785118,1,0.978294,False
gv_learning_escape,276,0.652142,0.9,0.88,1.0,0.962033,0.95113,0.986989,0.953959,True,0.785118,1,0.977023,False
gv_learning_escape,277,0.652142,0.9,0.88,1.0,0.962148,0.946173,0.989935,0.950716,True,0.785118,1,0.976175,False
gv_learning_escape,278,0.652142,0.9,0.88,1.0,0.964006,0.957944,0.986505,0.959041,True,0.785118,1,0.979147,False
gv_learning_escape,279,0.652142,0.9,0.88,0.996736,0.971794,0.966669,0.985172,0.967915,True,0.785118,1,0.981757,False
gv_learning_escape,280,0.652142,0.9,0.88,1.0,0.967419,0.965474,0.992436,0.964674,True,0.785118,1,0.982623,False
gv_learning_escape,281,0.652142,0.9,0.88,0.994144,0.96761,0.967783,0.989629,0.966219,True,0.785118,1,0.98064,False
gv_learning_escape,282,0.652142,0.9,0.88,0.998622,0.968259,0.975943,0.987764,0.970503,True,0.785118,1,0.98418,False
gv_learning_escape,283,0.652142,0.9,0.88,0.987889,0.966537,0.982995,0.997571,0.971592,True,0.785118,1,0.982564,False
gv_learning_escape,284,0.652142,0.9,0.88,0.983379,0.970996,0.979792,0.996036,0.973458,True,0.785118,1,0.981086,False
gv_learning_escape,285,0.652142,0.9,0.88,0.981635,0.960117,0.972622,0.99622,0.963596,True,0.785118,1,0.976017,False
gv_learning_escape,286,0.652142,0.9,0.88,0.981866,0.953021,0.983324,1.0,0.962252,True,0.785118,1,0.977121,False
gv_learning_escape,287,0.652142,0.9,0.88,0.975834,0.948151,0.98539,0.994238,0.958952,True,0.785118,1,0.973122,False
gv_learning_escape,288,0.652142,0.9,0.88,0.992871,0.946984,0.984134,0.988764,0.957399,True,0.785118,1,0.978207,False
gv_learning_escape,289,0.652142,0.9,0.88,0.969373,0.945998,0.984359,0.985151,0.956304,True,0.785118,1,0.968503,False
gv_learning_escape,290,0.652142,0.9,0.88,0.981598,0.939226,0.997412,0.97708,0.950745,True,0.785118,1,0.972483,False
gv_learning_escape,291,0.652142,0.9,0.88,0.985405,0.938119,0.995038,0.9776,0.950013,True,0.785118,1,0.973288,False
gv_learning_escape,292,0.652142,0.9,0.88,0.980652,0.938664,0.99057,0.971016,0.948557,True,0.785118,1,0.969679,False
gv_learning_escape,293,0.652142,0.9,0.88,0.974061,0.938075,0.993462,0.972653,0.948647,True,0.785118,1,0.967829,False
gv_learning_escape,294,0.652142,0.9,0.88,0.958986,0.942842,0.993706,0.978408,0.953541,True,0.785118,1,0.964395,False
gv_learning_escape,295,0.652142,0.9,0.88,0.960275,0.945678,0.98944,0.982771,0.956266,True,0.785118,1,0.965566,False
gv_learning_escape,296,0.652142,0.9,0.88,0.969098,0.94725,0.98685,0.981918,0.957029,True,0.785118,1,0.968707,False
gv_learning_escape,297,0.652142,0.9,0.88,0.982085,0.968313,0.994584,0.979096,0.971499,True,0.785118,1,0.980167,False
gv_learning_escape,298,0.652142,0.9,0.88,0.99008,0.96376,0.98719,0.979375,0.968496,True,0.785118,1,0.980733,False
gv_learning_escape,299,0.652142,0.9,0.88,0.979794,0.960576,0.991029,0.980275,0.966575,True,0.785118,1,0.976838,False
gv_learning_escape,300,0.652142,0.9,0.88,0.971112,0.975931,0.982084,0.968721,0.970937,True,0.785118,1,0.973599,False
gv_learning_escape,301,0.652142,0.9,0.88,0.964645,0.976457,0.982206,0.968532,0.970966,True,0.785118,1,0.971235,False
gv_learning_escape,302,0.652142,0.9,0.88,0.970714,0.975294,0.989388,0.968441,0.970295,True,0.785118,1,0.974532,False
gv_learning_escape,303,0.652142,0.9,0.88,0.959821,0.97504,0.982107,0.961335,0.965498,True,0.785118,1,0.967465,False
gv_learning_escape,304,0.652142,0.9,0.88,0.948209,0.984299,0.983629,0.96229,0.968052,True,0.785118,1,0.965433,False
gv_learning_escape,305,0.652142,0.9,0.88,0.956932,0.984777,0.980028,0.964677,0.969203,True,0.785118,1,0.968658,False
gv_learning_escape,306,0.652142,0.9,0.88,0.946458,0.978535,0.982755,0.96577,0.969549,True,0.785118,1,0.96424,False
gv_learning_escape,307,0.652142,0.9,0.88,0.941707,0.982659,0.982615,0.96119,0.966894,True,0.785118,1,0.962192,False
gv_learning_escape,308,0.652142,0.9,0.88,0.943787,0.979431,0.983414,0.961635,0.966778,True,0.785118,1,0.962594,False
gv_learning_escape,309,0.652142,0.9,0.88,0.943095,0.972249,0.984385,0.958027,0.962398,True,0.785118,1,0.960182,False
gv_learning_escape,310,0.652142,0.9,0.88,0.943778,0.977527,0.985991,0.956163,0.962558,True,0.785118,1,0.961439,False
gv_learning_escape,311,0.652142,0.9,0.88,0.951473,0.963855,0.991216,0.946299,0.951414,True,0.785118,1,0.960124,False
gv_learning_escape,312,0.652142,0.9,0.88,0.949967,0.978014,1.0,0.95223,0.960154,True,0.785118,1,0.965561,False
gv_learning_escape,313,0.652142,0.9,0.88,0.937678,0.979647,0.996705,0.948835,0.958224,True,0.785118,1,0.959885,False
gv_learning_escape,314,0.652142,0.9,0.88,0.936518,0.985504,0.985193,0.950896,0.960059,True,0.785118,1,0.958935,False
gv_learning_escape,315,0.652142,0.9,0.88,0.935849,0.987788,0.978955,0.953429,0.961007,True,0.785118,1,0.958437,False
gv_learning_escape,316,0.652142,0.9,0.88,0.933173,0.98535,0.978691,0.950289,0.95852,True,0.785118,1,0.956196,False
gv_learning_escape,317,0.652142,0.9,0.88,0.933556,0.982143,0.988901,0.954346,0.96242,True,0.785118,1,0.958638,False
gv_learning_escape,318,0.652142,0.9,0.88,0.937332,0.976545,0.98663,0.953864,0.960699,True,0.785118,1,0.958382,False
gv_learning_escape,319,0.652142,0.9,0.88,0.943039,0.97425,0.984919,0.951905,0.958665,True,0.785118,1,0.959312,False
gv_learning_escape,320,0.652142,0.9,0.88,0.940347,0.962649,0.975794,0.957975,0.959061,True,0.785118,1,0.955455,False
gv_learning_escape,321,0.652142,0.9,0.88,0.937501,0.971499,0.981006,0.958162,0.962258,True,0.785118,1,0.957315,False
gv_learning_escape,322,0.652142,0.9,0.88,0.941556,0.977662,0.983988,0.955419,0.961943,True,0.785118,1,0.96008,False
gv_learning_escape,323,0.652142,0.9,0.88,0.960015,0.979873,0.989708,0.960063,0.966068,True,0.785118,1,0.969667,False
gv_learning_escape,324,0.652142,0.9,0.88,0.963493,0.985891,0.994344,0.962904,0.969755,True,0.785118,1,0.973747,False
gv_learning_escape,325,0.652142,0.9,0.88,0.969186,0.985934,0.992673,0.980145,0.981899,True,0.785118,1,0.979488,False
gv_learning_escape,326,0.652142,0.9,0.88,0.979463,0.981201,0.993691,0.996182,0.984787,True,0.785118,1,0.985316,False
gv_learning_escape,327,0.652142,0.9,0.88,0.97628,0.981688,0.988806,1.0,0.983758,True,0.785118,1,0.983726,False
gv_learning_escape,328,0.652142,0.9,0.88,0.984121,0.974289,0.978318,0.998626,0.974692,True,0.785118,1,0.982206,False
gv_learning_escape,329,0.652142,0.9,0.88,0.998876,0.965921,0.972775,1.0,0.967055,True,0.785118,1,0.984585,False
gv_learning_escape,330,0.652142,0.9,0.88,0.989337,0.979234,0.967623,0.998822,0.970949,True,0.785118,1,0.982731,False
gv_learning_escape,331,0.652142,0.9,0.88,0.997628,0.982662,0.963682,0.996905,0.969515,True,0.785118,1,0.985349,False
gv_learning_escape,332,0.652142,0.9,0.88,1.0,0.976198,0.976935,0.992447,0.975492,True,0.785118,1,0.987565,False
gv_learning_escape,333,0.652142,0.9,0.88,0.993329,0.969159,0.972415,0.986862,0.969606,True,0.785118,1,0.981461,False
gv_learning_escape,334,0.652142,0.9,0.88,0.988106,0.974304,0.968586,0.981913,0.970294,True,0.785118,1,0.979103,False
gv_learning_escape,335,0.652142,0.9,0.88,0.998657,0.976403,0.968977,0.973884,0.970467,True,0.785118,1,0.982458,False
gv_learning_escape,336,0.652142,0.9,0.88,0.991038,0.984987,0.973138,0.969537,0.970277,True,0.785118,1,0.981225,False
gv_learning_escape,337,0.652142,0.9,0.88,0.987044,0.980145,0.976746,0.968771,0.971169,True,0.785118,1,0.979485,False
gv_learning_escape,338,0.652142,0.9,0.88,0.999656,0.988627,0.981506,0.967219,0.971551,True,0.785118,1,0.98649,False
gv_learning_escape,339,0.652142,0.9,0.88,0.999474,0.998767,0.984514,0.969826,0.974326,True,0.785118,1,0.989485,False
gv_learning_escape,340,0.652142,0.9,0.88,1.0,0.990203,0.996032,0.96966,0.975684,True,0.785118,1,0.990357,False
gv_learning_escape,341,0.652142,0.9,0.88,0.996591,0.980607,1.0,0.964386,0.969289,True,0.785118,1,0.986542,False
gv_learning_escape,342,0.652142,0.9,0.88,1.0,0.977186,0.998391,0.957687,0.963626,True,0.785118,1,0.985315,False
gv_learning_escape,343,0.652142,0.9,0.88,1.0,0.982572,0.996854,0.95535,0.963625,True,0.785118,1,0.985681,False
gv_learning_escape,344,0.652142,0.9,0.88,1.0,0.980607,1.0,0.951036,0.960101,True,0.785118,1,0.984866,False
gv_learning_escape,345,0.652142,0.9,0.88,1.0,0.974206,1.0,0.952492,0.95906,True,0.785118,1,0.983793,False
gv_learning_escape,346,0.652142,0.9,0.88,1.0,0.964907,1.0,0.952497,0.955369,True,0.785118,1,0.981677,False
gv_learning_escape,347,0.652142,0.9,0.88,1.0,0.959649,0.987876,0.949462,0.951851,True,0.785118,1,0.977701,False
gv_learning_escape,348,0.652142,0.9,0.88,1.0,0.960858,0.993858,0.949344,0.951985,True,0.785118,1,0.978995,False
gv_learning_escape,349,0.652142,0.9,0.88,1.0,0.96873,0.995921,0.944596,0.951928,True,0.785118,1,0.980112,False
gv_learning_escape,350,0.652142,0.9,0.88,1.0,0.966982,0.979073,0.950147,0.955318,True,0.785118,1,0.977949,False
gv_learning_escape,351,0.652142,0.9,0.88,1.0,0.965605,0.976281,0.9495,0.954439,True,0.785118,1,0.977002,False
gv_learning_escape,352,0.652142,0.9,0.88,1.0,0.965302,0.982721,0.950617,0.95506,True,0.785118,1,0.978338,False
gv_learning_escape,353,0.652142,0.9,0.88,1.0,0.958239,0.984662,0.94292,0.947285,True,0.785118,1,0.975405,False
gv_learning_escape,354,0.652142,0.9,0.88,0.986459,0.958504,0.994803,0.944015,0.947616,True,0.785118,1,0.972326,False
gv_learning_escape,355,0.652142,0.9,0.88,1.0,0.962235,0.990375,0.942013,0.948018,True,0.785118,1,0.977114,False
gv_learning_escape,356,0.652142,0.9,0.88,0.997545,0.960076,0.99659,0.949997,0.951874,True,0.785118,1,0.978492,False
gv_learning_escape,357,0.652142,0.9,0.88,0.993609,0.95855,1.0,0.95843,0.955694,True,0.785118,1,0.978974,False
gv_learning_escape,358,0.652142,0.9,0.88,0.992492,0.957361,1.0,0.955647,0.953564,True,0.785118,1,0.97769,False
gv_learning_escape,359,0.652142,0.9,0.88,0.99178,0.942974,1.0,0.955949,0.945563,True,0.785118,1,0.973912,False
gv_learning_escape,360,0.652142,0.9,0.88,0.994433,0.937242,0.998451,0.944791,0.936999,True,0.785118,1,0.97102,False
gv_learning_escape,361,0.652142,0.9,0.88,1.0,0.937735,1.0,0.934728,0.931915,True,0.785118,1,0.971484,False
gv_learning_escape,362,0.652142,0.9,0.88,0.998804,0.945431,1.0,0.940638,0.939137,True,0.785118,1,0.974109,False
gv_learning_escape,363,0.652142,0.9,0.88,0.998468,0.955161,0.993735,0.936023,0.941238,True,0.785118,1,0.974211,False
gv_learning_escape,364,0.652142,0.9,0.88,0.989039,0.96001,0.99454,0.944469,0.948553,True,0.785118,1,0.973706,False
gv_learning_escape,365,0.652142,0.9,0.88,0.992096,0.964325,0.990736,0.941981,0.948743,True,0.785118,1,0.974634,False
gv_learning_escape,366,0.652142,0.9,0.88,0.99447,0.963005,0.990531,0.953376,0.955588,True,0.785118,1,0.977678,False
gv_learning_escape,367,0.652142,0.9,0.88,0.993303,0.953926,0.990575,0.958786,0.953947,True,0.785118,1,0.976169,False
gv_learning_escape,368,0.652142,0.9,0.88,0.996777,0.961112,0.99526,0.966762,0.961675,True,0.785118,1,0.98167,False
gv_learning_escape,369,0.652142,0.9,0.88,1.0,0.961319,0.987447,0.971791,0.964393,True,0.785118,1,0.982556,False
gv_learning_escape,370,0.652142,0.9,0.88,1.0,0.970225,0.999515,0.976399,0.971331,True,0.785118,1,0.987809,False
gv_learning_escape,371,0.652142,0.9,0.88,0.991529,0.973012,0.996215,0.978411,0.974119,True,0.785118,1,0.985114,False
gv_learning_escape,372,0.652142,0.9,0.88,0.997911,0.973278,1.0,0.962752,0.96535,True,0.785118,1,0.985024,False
gv_learning_escape,373,0.652142,0.9,0.88,1.0,0.98534,1.0,0.974035,0.977423,True,0.785118,1,0.991017,False
gv_learning_escape,374,0.652142,0.9,0.88,1.0,0.988978,0.999981,0.970159,0.975906,True,0.785118,1,0.990944,False
gv_learning_escape,375,0.652142,0.9,0.88,0.993711,0.992495,1.0,0.968937,0.975895,True,0.785118,1,0.989018,False
gv_learning_escape,376,0.652142,0.9,0.88,0.991844,0.989332,1.0,0.974598,0.979124,True,0.785118,1,0.988919,False
gv_learning_escape,377,0.652142,0.9,0.88,0.982429,0.981942,1.0,0.967148,0.971611,True,0.785118,1,0.982066,False
gv_learning_escape,378,0.652142,0.9,0.88,0.997973,0.992226,1.0,0.972435,0.978357,True,0.785118,1,0.991374,False
gv_learning_escape,379,0.652142,0.9,0.88,0.981906,0.989685,1.0,0.97128,0.976891,True,0.785118,1,0.984474,False
gv_learning_escape,380,0.652142,0.9,0.88,0.9842,0.9908,0.998352,0.969049,0.975508,True,0.785118,1,0.984771,False
gv_learning_escape,381,0.652142,0.9,0.88,0.988978,0.986443,1.0,0.973944,0.977751,True,0.785118,1,0.987053,False
gv_learning_escape,382,0.652142,0.9,0.88,0.982555,0.976673,0.999975,0.992157,0.981371,True,0.785118,1,0.985834,False
gv_learning_escape,383,0.652142,0.9,0.88,0.980728,0.979955,1.0,0.984194,0.980718,True,0.785118,1,0.984542,False
gv_learning_escape,384,0.652142,0.9,0.88,0.981997,0.980042,1.0,0.991559,0.983581,True,0.785118,1,0.986414,False
gv_learning_escape,385,0.652142,0.9,0.88,0.97095,0.982608,0.987738,0.990018,0.984154,True,0.785118,1,0.980324,False
gv_learning_escape,386,0.652142,0.9,0.88,0.978191,0.98941,0.991846,1.0,0.989903,True,0.785118,1,0.987127,False
gv_learning_escape,387,0.652142,0.9,0.88,0.983985,0.987115,0.997844,0.999631,0.990165,True,0.785118,1,0.989975,False
gv_learning_escape,388,0.652142,0.9,0.88,0.982347,0.995964,1.0,0.999447,0.996952,True,0.785118,1,0.992122,False
gv_learning_escape,389,0.652142,0.9,0.88,0.987045,0.998227,0.998759,0.995255,0.996103,True,0.785118,1,0.993403,False
gv_learning_escape,390,0.652142,0.9,0.88,0.976189,1.0,0.991387,0.994099,0.992106,True,0.785118,1,0.987628,False
gv_learning_escape,391,0.652142,0.9,0.88,0.985513,0.989352,0.991107,0.997043,0.989704,True,0.785118,1,0.989328,False
gv_learning_escape,392,0.652142,0.9,0.88,0.998874,0.984757,0.979093,1.0,0.980445,True,0.785118,1,0.990718,False
gv_learning_escape,393,0.652142,0.9,0.88,0.987414,0.984286,0.987135,0.99242,0.985082,True,0.785118,1,0.987222,False
gv_learning_escape,394,0.652142,0.9,0.88,0.98332,0.985303,0.980225,0.992909,0.981715,True,0.785118,1,0.98427,False
gv_learning_escape,395,0.652142,0.9,0.88,0.974012,1.0,0.977876,0.990165,0.981654,True,0.785118,1,0.982564,False
gv_learning_escape,396,0.652142,0.9,0.88,0.991135,1.0,0.971366,0.991759,0.977478,True,0.785118,1,0.987621,False
gv_learning_escape,397,0.652142,0.9,0.88,1.0,0.990189,0.967449,0.991999,0.973717,True,0.785118,1,0.988101,False
gv_learning_escape,398,0.652142,0.9,0.88,1.0,0.999612,0.972814,0.99612,0.979404,True,0.785118,1,0.992022,False
gv_learning_escape,399,0.652142,0.9,0.88,1.0,0.994806,0.984095,1.0,0.987338,True,0.785118,1,0.994683,False
gv_learning_escape,400,0.652142,0.9,0.88,1.0,0.976472,0.983426,1.0,0.978244,True,0.785118,1,0.990171,False
gv_learning_escape,401,0.652142,0.9,0.88,0.992851,0.975451,0.96873,1.0,0.96997,True,0.785118,1,0.983632,False
gv_learning_escape,402,0.652142,0.9,0.88,1.0,0.983321,0.966869,1.0,0.9719,True,0.785118,1,0.987662,False
gv_learning_escape,403,0.652142,0.9,0.88,1.0,0.976963,0.971647,0.990153,0.972975,True,0.785118,1,0.986128,False
gv_learning_escape,404,0.652142,0.9,0.88,1.0,0.976421,0.974174,0.986566,0.974472,True,0.785118,1,0.986163,False
gv_learning_escape,405,0.652142,0.9,0.88,1.0,0.978561,0.976171,0.993007,0.976258,True,0.785118,1,0.988024,False
gv_learning_escape,406,0.652142,0.9,0.88,1.0,0.983652,0.965974,0.982506,0.970512,True,0.785118,1,0.984945,False
gv_learning_escape,407,0.652142,0.9,0.88,1.0,0.987646,0.967166,0.986548,0.972458,True,0.785118,1,0.986678,False
gv_learning_escape,408,0.652142,0.9,0.88,1.0,0.979989,0.970522,0.975702,0.972114,True,0.785118,1,0.984344,False
gv_learning_escape,409,0.652142,0.9,0.88,0.990857,0.978318,0.97682,0.977832,0.977126,True,0.785118,1,0.982602,False
gv_learning_escape,410,0.652142,0.9,0.88,0.981454,0.968832,0.978256,0.981892,0.971649,True,0.785118,1,0.977491,False
gv_learning_escape,411,0.652142,0.9,0.88,0.988884,0.969743,0.9773,0.976024,0.971548,True,0.785118,1,0.979473,False
gv_learning_escape,412,0.652142,0.9,0.88,0.980921,0.965625,0.978549,0.976072,0.968655,True,0.785118,1,0.97559,False
gv_learning_escape,413,0.652142,0.9,0.88,0.972764,0.965957,0.970682,0.974499,0.96741,True,0.785118,1,0.970764,False
gv_learning_escape,414,0.652142,0.9,0.88,0.982131,0.964331,0.970458,0.972721,0.966158,True,0.785118,1,0.973592,False
gv_learning_escape,415,0.652142,0.9,0.88,0.979523,0.963163,0.971831,0.976934,0.965811,True,0.785118,1,0.973186,False
gv_learning_escape,416,0.652142,0.9,0.88,0.980114,0.953999,0.975957,0.973485,0.959466,True,0.785118,1,0.971259,False
gv_learning_escape,417,0.652142,0.9,0.88,0.993254,0.95432,0.970575,0.97422,0.959019,True,0.785118,1,0.975391,False
gv_learning_escape,418,0.652142,0.9,0.88,0.993339,0.952375,0.974883,0.978017,0.958717,True,0.785118,1,0.976344,False
gv_learning_escape,419,0.652142,0.9,0.88,0.982715,0.956613,0.97107,0.979996,0.961037,True,0.785118,1,0.972939,False
gv_learning_escape,420,0.652142,0.9,0.88,0.970212,0.958467,0.975068,0.984449,0.96353,True,0.785118,1,0.970163,False
gv_learning_escape,421,0.652142,0.9,0.88,0.957003,0.967437,0.97832,0.977719,0.970247,True,0.785118,1,0.967208,False
gv_learning_escape,422,0.652142,0.9,0.88,0.961461,0.972542,0.976075,0.983374,0.973496,True,0.785118,1,0.970598,False
gv_learning_escape,423,0.652142,0.9,0.88,0.95573,0.961021,0.971444,0.992946,0.963838,True,0.785118,1,0.965694,False
gv_learning_escape,424,0.652142,0.9,0.88,0.960215,0.958418,0.971014,0.996008,0.961868,True,0.785118,1,0.967045,False
gv_learning_escape,425,0.652142,0.9,0.88,0.958244,0.968337,0.965653,0.99164,0.965291,True,0.785118,1,0.966915,False
gv_learning_escape,426,0.652142,0.9,0.88,0.963118,0.965584,0.967197,0.995551,0.964413,True,0.785118,1,0.968992,False
gv_learning_escape,427,0.652142,0.9,0.88,0.964716,0.966421,0.977395,0.992396,0.969687,True,0.785118,1,0.971777,False
gv_learning_escape,428,0.652142,0.9,0.88,0.969327,0.973936,0.980273,0.992053,0.975706,True,0.785118,1,0.976074,False
gv_learning_escape,429,0.652142,0.9,0.88,0.971468,0.982155,0.97349,0.990835,0.976141,True,0.785118,1,0.977028,False
gv_learning_escape,430,0.652142,0.9,0.88,0.968495,0.984205,0.976984,0.993721,0.979144,True,0.785118,1,0.977661,False
gv_learning_escape,431,0.652142,0.9,0.88,0.957936,0.986277,0.974674,1.0,0.978185,True,0.785118,1,0.974369,False
gv_learning_escape,432,0.652142,0.9,0.88,0.97647,0.981069,0.978888,1.0,0.978594,True,0.785118,1,0.981282,False
gv_learning_escape,433,0.652142,0.9,0.88,0.976244,0.98934,0.979556,1.0,0.982535,True,0.785118,1,0.983278,False
gv_learning_escape,434,0.652142,0.9,0.88,0.98401,0.988113,0.982988,1.0,0.984311,True,0.785118,1,0.986839,False
gv_learning_escape,435,0.652142,0.9,0.88,0.986253,0.993207,0.982331,0.991269,0.984909,True,0.785118,1,0.98734,False
gv_learning_escape,436,0.652142,0.9,0.88,0.98239,0.985476,0.976754,0.993244,0.979433,True,0.785118,1,0.983095,False
gv_learning_escape,437,0.652142,0.9,0.88,0.967937,0.983631,0.984502,0.990749,0.983599,True,0.785118,1,0.978817,False
gv_learning_escape,438,0.652142,0.9,0.88,0.978889,0.98892,0.99112,0.974405,0.978512,True,0.785118,1,0.982223,False
gv_learning_escape,439,0.652142,0.9,0.88,0.986589,1.0,0.986706,0.964631,0.97138,True,0.785118,1,0.984125,False
gv_learning_escape,440,0.652142,0.9,0.88,0.986995,1.0,0.993575,0.965221,0.973422,True,0.785118,1,0.985843,False
gv_learning_escape,441,0.652142,0.9,0.88,0.993785,0.998462,0.991737,0.972539,0.978243,True,0.785118,1,0.989419,False
gv_learning_escape,442,0.652142,0.9,0.88,1.0,0.997501,0.979159,0.972515,0.974077,True,0.785118,1,0.98884,False
gv_learning_escape,443,0.652142,0.9,0.88,1.0,0.993553,0.979691,0.967145,0.970962,True,0.785118,1,0.9871,False
gv_learning_escape,444,0.652142,0.9,0.88,1.0,0.987938,0.980332,0.973907,0.975851,True,0.785118,1,0.987738,False
gv_learning_escape,445,0.652142,0.9,0.88,1.0,0.990136,0.985296,0.982968,0.983595,True,0.785118,1,0.991225,False
gv_learning_escape,446,0.652142,0.9,0.88,0.987911,0.987275,0.989937,0.979742,0.981981,True,0.785118,1,0.986306,False
gv_learning_escape,447,0.652142,0.9,0.88,0.990014,0.988187,0.997003,0.979283,0.982008,True,0.785118,1,0.98848,False
gv_learning_escape,448,0.652142,0.9,0.88,0.999816,0.979726,0.995385,0.98491,0.981137,True,0.785118,1,0.991074,False
gv_learning_escape,449,0.652142,0.9,0.88,1.0,0.970909,0.985391,0.990004,0.975186,True,0.785118,1,0.987757,False
gv_learning_escape,450,0.652142,0.9,0.88,1.0,0.974228,0.990322,0.985435,0.977602,True,0.785118,1,0.988892,False
gv_learning_escape,451,0.652142,0.9,0.88,1.0,0.980464,0.983631,0.984706,0.981403,True,0.785118,1,0.989164,False
gv_learning_escape,452,0.652142,0.9,0.88,1.0,0.981027,0.980872,0.99268,0.980159,True,0.785118,1,0.989736,False
gv_learning_escape,453,0.652142,0.9,0.88,1.0,0.972076,0.977192,0.996007,0.973012,True,0.785118,1,0.987071,False
gv_learning_escape,454,0.652142,0.9,0.88,1.0,0.976261,0.990437,0.991645,0.980178,True,0.785118,1,0.990457,False
gv_learning_escape,455,0.652142,0.9,0.88,0.994204,0.972787,0.984892,0.99247,0.976493,True,0.785118,1,0.986305,False
gv_learning_escape,456,0.652142,0.9,0.88,1.0,0.97667,0.998216,0.990569,0.980904,True,0.785118,1,0.991868,False
gv_learning_escape,457,0.652142,0.9,0.88,1.0,0.966374,0.993742,0.993987,0.973685,True,0.785118,1,0.988821,False
gv_learning_escape,458,0.652142,0.9,0.88,1.0,0.960348,0.993874,1.0,0.969927,True,0.785118,1,0.988151,False
gv_learning_escape,459,0.652142,0.9,0.88,0.995967,0.954112,0.98921,1.0,0.964456,True,0.785118,1,0.984,False
gv_learning_escape,460,0.652142,0.9,0.88,1.0,0.950754,0.976285,1.0,0.958587,True,0.785118,1,0.981898,False
gv_learning_escape,461,0.652142,0.9,0.88,1.0,0.947769,0.971105,1.0,0.954799,True,0.785118,1,0.979973,False
gv_learning_escape,462,0.652142,0.9,0.88,1.0,0.950232,0.974168,0.989493,0.957565,True,0.785118,1,0.979829,False
gv_learning_escape,463,0.652142,0.9,0.88,0.982521,0.962178,0.984146,0.992181,0.968723,True,0.785118,1,0.978849,False
gv_learning_escape,464,0.652142,0.9,0.88,0.972717,0.962054,0.9954,0.993216,0.970611,True,0.785118,1,0.977498,False
gv_learning_escape,465,0.652142,0.9,0.88,0.961261,0.971531,0.995124,0.982889,0.974993,True,0.785118,1,0.973881,False
gv_learning_escape,466,0.652142,0.9,0.88,0.953649,0.971637,0.996522,0.980409,0.974097,True,0.785118,1,0.970804,False
gv_learning_escape,467,0.652142,0.9,0.88,0.956888,0.978905,0.994488,0.999298,0.983498,True,0.785118,1,0.97675,False
gv_learning_escape,468,0.652142,0.9,0.88,0.95227,0.973411,0.993396,0.989003,0.977981,True,0.785118,1,0.971706,False
gv_learning_escape,469,0.652142,0.9,0.88,0.939636,0.975219,0.985497,0.987062,0.978128,True,0.785118,1,0.965555,False
gv_learning_escape,470,0.652142,0.9,0.88,0.960677,0.969532,0.985052,0.983127,0.973365,True,0.785118,1,0.971324,False
gv_learning_escape,471,0.652142,0.9,0.88,0.957566,0.975436,0.982594,0.997154,0.97738,True,0.785118,1,0.973208,False
gv_learning_escape,472,0.652142,0.9,0.88,0.952094,0.974009,0.978331,1.0,0.974448,True,0.785118,1,0.970151,False
gv_learning_escape,473,0.652142,0.9,0.88,0.943975,0.971279,0.983112,1.0,0.974779,True,0.785118,1,0.967474,False
gv_learning_escape,474,0.652142,0.9,0.88,0.950822,0.971686,0.988411,0.993133,0.976589,True,0.785118,1,0.970359,False
gv_learning_escape,475,0.652142,0.9,0.88,0.956924,0.966544,0.988385,0.994067,0.972914,True,0.785118,1,0.971437,False
gv_learning_escape,476,0.652142,0.9,0.88,0.967035,0.97259,0.98992,0.991602,0.9774,True,0.785118,1,0.976837,False
gv_learning_escape,477,0.652142,0.9,0.88,0.964874,0.972275,1.0,0.99296,0.97841,True,0.785118,1,0.978085,False
gv_learning_escape,478,0.652142,0.9,0.88,0.961839,0.979269,1.0,0.997785,0.984451,True,0.785118,1,0.979591,False
gv_learning_escape,479,0.652142,0.9,0.88,0.972721,0.987552,1.0,0.997168,0.990378,True,0.785118,1,0.985842,False
gv_learning_escape,480,0.832142,0.9,0.88,0.996096,0.96236,0.976469,0.969401,0.964514,True,1.454948,2,0.978963,False
gv_learning_escape,481,0.684572,0.9,0.88,0.991131,0.960717,0.975931,0.9706,0.963725,True,1.454948,2,0.976757,False
gv_learning_escape,482,0.684572,0.9,0.88,0.99333,0.961596,0.974007,0.966887,0.963175,True,1.454948,2,0.976819,False
gv_learning_escape,483,0.684572,0.9,0.88,0.979233,0.961572,0.972012,0.970443,0.964102,True,1.454948,2,0.971708,False
gv_learning_escape,484,0.684572,0.9,0.88,0.977973,0.962168,0.979314,0.973367,0.965574,True,1.454948,2,0.973237,False
gv_learning_escape,485,0.684572,0.9,0.88,0.976811,0.968676,0.972761,0.973734,0.969861,True,1.454948,2,0.973353,False
gv_learning_escape,486,0.684572,0.9,0.88,0.976463,0.985837,0.971143,0.97726,0.972957,True,1.454948,2,0.976884,False
gv_learning_escape,487,0.684572,0.9,0.88,0.983424,0.991508,0.968524,0.977648,0.971195,True,1.454948,2,0.979921,False
gv_learning_escape,488,0.684572,0.9,0.88,0.977007,0.997996,0.966192,0.963871,0.962786,True,1.454948,2,0.975293,False
gv_learning_escape,489,0.684572,0.9,0.88,0.973328,0.996581,0.977102,0.964158,0.967953,True,1.454948,2,0.976264,False
gv_learning_escape,490,0.684572,0.9,0.88,0.966241,0.98688,0.976825,0.967464,0.970317,True,1.454948,2,0.972522,False
gv_learning_escape,491,0.684572,0.9,0.88,0.965129,0.987415,0.966532,0.97125,0.967465,True,1.454948,2,0.97053,False
gv_learning_escape,492,0.684572,0.9,0.88,0.983657,0.987856,0.96193,0.971851,0.9648,True,1.454948,2,0.976586,False
gv_learning_escape,493,0.684572,0.9,0.88,0.989873,0.9884,0.95557,0.962923,0.957007,True,1.454948,2,0.975716,False
gv_learning_escape,494,0.684572,0.9,0.88,1.0,0.989241,0.961849,0.970168,0.964006,True,1.454948,2,0.982701,False
gv_learning_escape,495,0.684572,0.9,0.88,0.996222,0.990752,0.970293,0.974287,0.970918,True,1.454948,2,0.984463,False
gv_learning_escape,496,0.684572,0.9,0.88,0.99526,0.989829,0.970516,0.974789,0.971338,True,1.454948,2,0.984092,False
gv_learning_escape,497,0.684572,0.9,0.88,0.979221,0.990333,0.970968,0.967354,0.967643,True,1.454948,2,0.976685,False
gv_learning_escape,498,0.684572,0.9,0.88,0.976163,0.988495,0.982975,0.974443,0.977057,True,1.454948,2,0.979476,False
gv_learning_escape,499,0.684572,0.9,0.88,0.981948,0.98787,0.995508,0.980061,0.982452,True,1.454948,2,0.985251,False
gv_learning_escape,500,0.684572,0.9,0.88,0.973485,0.991653,0.995314,0.972115,0.977705,True,1.454948,2,0.980999,False
gv_learning_escape,501,0.684572,0.9,0.88,0.974071,0.9951,0.998112,0.969344,0.976545,True,1.454948,2,0.981819,False
gv_learning_escape,502,0.684572,0.9,0.88,0.972827,0.992657,0.994978,0.977095,0.981495,True,1.454948,2,0.982021,False
gv_learning_escape,503,0.684572,0.9,0.88,0.986544,1.0,0.990704,0.960291,0.969251,True,1.454948,2,0.983964,False
gv_learning_escape,504,0.684572,0.9,0.88,0.986547,0.994803,0.987465,0.959053,0.967336,True,1.454948,2,0.982044,False
gv_learning_escape,505,0.684572,0.9,0.88,0.990564,1.0,0.990825,0.958487,0.96797,True,1.454948,2,0.985108,False
gv_learning_escape,506,0.684572,0.9,0.88,0.997796,1.0,0.997094,0.958226,0.968919,True,1.454948,2,0.989061,False
gv_learning_escape,507,0.684572,0.9,0.88,1.0,0.997696,0.990376,0.954704,0.964962,True,1.454948,2,0.987307,False
gv_learning_escape,508,0.684572,0.9,0.88,1.0,1.0,0.982543,0.952547,0.961706,True,1.454948,2,0.985619,False
gv_learning_escape,509,0.684572,0.9,0.88,1.0,0.996831,0.980515,0.94557,0.956129,True,1.454948,2,0.983038,False
gv_learning_escape,510,0.684572,0.9,0.88,1.0,0.993007,0.979571,0.954046,0.961806,True,1.454948,2,0.984047,False
gv_learning_escape,511,0.684572,0.9,0.88,0.996005,1.0,0.98067,0.959512,0.966006,True,1.454948,2,0.985255,False
gv_learning_escape,512,0.684572,0.9,0.88,0.998461,0.99791,0.986268,0.967762,0.973428,True,1.454948,2,0.988865,False
gv_learning_escape,513,0.684572,0.9,0.88,0.991715,1.0,0.984553,0.964247,0.970488,True,1.454948,2,0.985524,False
gv_learning_escape,514,0.684572,0.9,0.88,1.0,1.0,0.983507,0.970399,0.974341,True,1.454948,2,0.989808,False
gv_learning_escape,515,0.684572,0.9,0.88,0.998155,0.995752,0.986488,0.970836,0.975619,True,1.454948,2,0.989093,False
gv_learning_escape,516,0.684572,0.9,0.88,1.0,0.993004,0.996466,0.963337,0.971631,True,1.454948,2,0.989568,False
gv_learning_escape,517,0.684572,0.9,0.88,0.997138,0.987372,0.993657,0.975115,0.978837,True,1.454948,2,0.989474,False
gv_learning_escape,518,0.684572,0.9,0.88,0.993543,0.976798,0.983529,0.97268,0.973868,True,1.454948,2,0.983445,False
gv_learning_escape,519,0.684572,0.9,0.88,0.994489,0.963896,0.983497,0.979707,0.968484,True,1.454948,2,0.981814,False
