seed,probe_index,true_recovery_time,mean_risk,recovery_core_risk,ac_risk,rl_risk,pr_risk,va_risk,bd_risk
0,120,1.0743511113676965,0.2231726692188066,0.3214365528461385,0.3529235884625874,0.08760374515883074,0.5852097565258556,0.0,0.09012625594675916
0,170,1.2675745837390786,0.21562946247924283,0.30859903909067543,0.40685556564580194,0.10007034624255984,0.2631207542836955,0.1789537668613428,0.1291468793628141
0,220,1.5044948573296935,0.15879696288945788,0.3058517610244429,0.40822914678258515,0.10040900322585944,0.23874681432284617,0.0,0.04659985011599865
0,270,1.804454873038303,0.290907413065415,0.3778446934676988,0.4734677987227398,0.11797024516771681,0.42847635294750464,0.36964529339045216,0.06497737509866186
0,320,2.199273117867479,0.22862830942058424,0.3967107879796934,0.49435418079427884,0.12430033616705227,0.46015463640908716,0.0,0.06433239373250288
0,370,2.745624788447456,0.2626208181012778,0.3895425350776234,0.4830059439544788,0.12081287944424568,0.46357165895916475,0.0,0.24571360814849974
0,420,3.555585707820449,0.36024212374945314,0.456683799182347,0.528555858207029,0.13557358978224499,0.7043792454171229,0.3333259312253378,0.09937599411553111
0,470,4.886657343860002,0.4801403908548775,0.6310112159743834,0.7447004623934937,0.2533099983584448,0.8057562596578393,0.37203070922897274,0.2249045246356367
1,120,1.0743511113676965,0.17692953630660685,0.22414740811017178,0.2088614323153487,0.06002097432310172,0.5588353676012475,0.0,0.05692990729333636
1,170,1.2675745837390786,0.18724737654695478,0.19573189134738095,0.22857675492176832,0.06345647881918393,0.28481145793015994,0.31895058579893265,0.040441605264729064
1,220,1.5044948573296935,0.1567613483685431,0.22140454480141086,0.2672231218735316,0.0704388399620991,0.28973974457844764,0.11478122551612302,0.04162380991251424
1,270,1.804454873038303,0.19205488063419243,0.23470019079598464,0.26660623192337796,0.07032435369951451,0.3810357547805283,0.0,0.24230806276754135
1,320,2.199273117867479,0.29865229052771936,0.2619989197595376,0.30176536289624467,0.07703534066506112,0.41120577903683664,0.4888242794683345,0.21443069057211972
1,370,2.745624788447456,0.20901099156874398,0.3351034319893595,0.41472445526883994,0.10202614304321433,0.4050814871150129,0.0,0.12322287241665253
1,420,3.555585707820449,0.24940677916332055,0.37409851972152997,0.5171048320607213,0.13166389568643166,0.20613097708992834,0.31250678307081103,0.07962740790871026
1,470,4.886657343860002,0.4773682695004034,0.6307771274552043,0.7627109518181762,0.26963178901398555,0.7049507274053479,0.31908047614662716,0.3304674031178799
2,120,1.0743511113676965,0.13896041444517404,0.23728759863514085,0.28863853195587375,0.07448345011223068,0.30322411289039286,0.0,0.028455977267372923
2,170,1.2675745837390786,0.16300272471574478,0.26694592457299526,0.3274240019474487,0.08220308841133528,0.3329383420112817,0.0,0.07244819120865831
2,220,1.5044948573296935,0.2067496464116906,0.23457469814053758,0.25377149222703266,0.06796613135046692,0.4354684664446751,0.18557777374380602,0.09096436829247223
2,270,1.804454873038303,0.4543518229193088,0.4610048114024506,0.4965533153649684,0.12498993536431491,0.8788355889492724,0.5243002434508834,0.24708003146710467
2,320,2.199273117867479,0.31835410847288576,0.5373760474518905,0.658655562081367,0.19321634841476054,0.6258574873292019,0.07988799679053393,0.03415314774856559
2,370,2.745624788447456,0.333825110953388,0.5336751735758053,0.6322939475597211,0.1790828103883756,0.7301873496191916,0.0,0.1275614471996519
2,420,3.555585707820449,0.3590978274950474,0.5566494239422807,0.6752376470492584,0.20296714405439964,0.6717669979941719,0.09310470343373767,0.15241264494366902
2,470,4.886657343860002,0.5186492826418861,0.6627300987005992,0.7846362034925966,0.291940881186873,0.7930877087221531,0.47984188465089017,0.24373973515691838
3,120,1.0743511113676965,0.1678216341621494,0.21172538471674668,0.21755751369277299,0.06152740430143511,0.4387268361714942,0.11876970973382628,0.0025267069112184792
3,170,1.2675745837390786,0.19420135020764864,0.3090599979973948,0.35436020588833794,0.08791662074435935,0.49643146185534814,0.0,0.03229846255019775
3,220,1.5044948573296935,0.21081788189880016,0.38374132922198695,0.5018838643840704,0.12668065131396344,0.3396056517536927,0.0129406787707389,0.0729785632715354
3,270,1.804454873038303,0.29685146016460384,0.44408315707075385,0.5539036520489143,0.14476713411539355,0.5036612154170457,0.19886510016704528,0.08306019907462026
3,320,2.199273117867479,0.29303368538703856,0.4631923503765034,0.5665936419417953,0.1496752989554757,0.5721156031503822,0.10105437901263037,0.07572950387490918
3,370,2.745624788447456,0.33218638778755744,0.4811420565036033,0.611183789593468,0.16881695469207203,0.48151696049669657,0.260008405791193,0.13940582836435755
3,420,3.555585707820449,0.3361842171815512,0.5392907160222108,0.7021914357333823,0.22048324069302772,0.4190336293928304,0.0,0.33921278008851596
3,470,4.886657343860002,0.4135065572050813,0.6360088910267799,0.8071711852069908,0.31824885953565585,0.48095976679114316,0.4158096243878342,0.04534335010378243
4,120,1.0743511113676965,0.2409629813628368,0.24382534935394537,0.27854478855754683,0.07255965139048814,0.390390422478635,0.341543003076896,0.12177704131061817
4,170,1.2675745837390786,0.24436329666673373,0.37615982908454604,0.45779789279094985,0.11346520210395661,0.48743195255991334,0.11236989358146077,0.050751542297387986
4,220,1.5044948573296935,0.22147246061736608,0.34271617180368213,0.42393557149107575,0.10436520087890733,0.4150901912620657,0.0,0.1639713394547816
4,270,1.804454873038303,0.24939978654844727,0.3707321161961241,0.4737106225977792,0.11804164502280923,0.37996887587836226,0.07344938492189645,0.20182840432138927
4,320,2.199273117867479,0.3908959326510556,0.5145446073947053,0.5887951313409452,0.1588115861231154,0.8104308803957293,0.19866661869877122,0.19777544669671676
4,370,2.745624788447456,0.29838231320435715,0.48898693066677085,0.5696921104613156,0.1509071281351536,0.7296325490412868,0.0,0.04167977838402992
4,420,3.555585707820449,0.4730801510638153,0.5771916404851338,0.6902038497822537,0.212418724893094,0.7330976626167209,0.45680510235411864,0.272875415672889
4,470,4.886657343860002,0.4579708405696315,0.6506924547397134,0.7775467427137711,0.2844047905879321,0.7537547430964515,0.4121760700409355,0.06197185640906744
5,120,1.0743511113676965,0.2100770866200768,0.2982884596388663,0.32486460244921056,0.08167620539383236,0.5530043121392128,0.0,0.09084031311812824
5,170,1.2675745837390786,0.28911910433051424,0.31772960812178647,0.36938132822247094,0.09124705684109857,0.488593646520195,0.31312324714181305,0.18325024292699355
5,220,1.5044948573296935,0.23357661785812675,0.329349954040578,0.3988481644763501,0.09811862687380568,0.4367426575754433,0.18998458561592235,0.04418905474911228
5,270,1.804454873038303,0.22686590588934114,0.37977848737268777,0.4848311728692606,0.12136591818947917,0.3902553606917444,0.058332382824299644,0.07954469487192217
5,320,2.199273117867479,0.35275518155904273,0.5174801154884686,0.6168154076961663,0.17147203410420953,0.6968190822981098,0.02882391254206529,0.24984547115466238
5,370,2.745624788447456,0.4392947844146544,0.5850911959128559,0.7205169946608081,0.23376158958847015,0.6289373447950233,0.41058069000113717,0.2026773030278336
5,420,3.555585707820449,0.389638507027915,0.6349711490098999,0.782920082092672,0.2900865914188133,0.6179830126639553,0.0,0.2572028489641345
5,470,4.886657343860002,0.4208491989590322,0.5273977335867328,0.6414149866696927,0.18379696452128957,0.6439966696972985,0.4439651139846096,0.19107225992227084
6,120,1.0743511113676965,0.26203591264047793,0.29147996290037476,0.3555844941175784,0.08818401398759956,0.373888419552852,0.3076752011715228,0.1848474343728368
6,170,1.2675745837390786,0.18848089137148719,0.31391185561964063,0.40939090752876084,0.10069633375031739,0.28735485109869874,0.0,0.14496236447965893
6,220,1.5044948573296935,0.29815176322660575,0.41816543080221824,0.5271670672218239,0.13509172960042948,0.4539483871267769,0.2605365629596902,0.11401506922430837
6,270,1.804454873038303,0.35411694199188937,0.5186891873134011,0.6166782561255894,0.17140667367634121,0.7055371014597478,0.0,0.2769626786977686
6,320,2.199273117867479,0.30565938329915654,0.4526808305077738,0.5416885754392654,0.1402398610083342,0.6173847999475403,0.1368272959737198,0.09215638412692306
6,370,2.745624788447456,0.3042832726082298,0.4526804089117607,0.5700886770611624,0.1510657637220495,0.48573841163033915,0.17720831851612673,0.13731519211147136
6,420,3.555585707820449,0.31070923278407925,0.48750591767616347,0.5967644129425452,0.16227631829122058,0.5925212689188747,0.03926349871008661,0.16272066505766902
6,470,4.886657343860002,0.4771097306967773,0.6332965247517441,0.759332612776954,0.26644259017028726,0.740575396953333,0.3961096369877709,0.22308841659554124
7,120,1.0743511113676965,0.16755161158619117,0.23521187283670492,0.2759822214758727,0.07207628858522797,0.34402311869916224,0.0,0.1456764291706929
7,170,1.2675745837390786,0.16788562036552862,0.22582495119450668,0.26388544475178677,0.06982069111056877,0.3335900771052831,0.031117066360521473,0.14101482249948305
7,220,1.5044948573296935,0.2808674778322568,0.32876102481296765,0.4034148234463597,0.09922703057415228,0.41270248734409165,0.32574571405993913,0.16324733373674116
7,270,1.804454873038303,0.33626423927646293,0.48600588514137966,0.5979956024054973,0.16282087056775496,0.5766887070409501,0.17218206761497723,0.1716339487531351
7,320,2.199273117867479,0.36090622660425414,0.5172785522907094,0.5920847445911728,0.16022931899749815,0.8131358385775412,0.0,0.23908123085505883
7,370,2.745624788447456,0.29006549059480824,0.44034106871037737,0.5500678551423119,0.14332527691768493,0.49646024263712696,0.2096009055406305,0.050873172736286776
7,420,3.555585707820449,0.26940344052481213,0.46622194308642817,0.5918579934400248,0.1601310387342334,0.47382924892569966,0.05915502427257513,0.062043897251527924
7,470,4.886657343860002,0.3787256893569407,0.5728560066072972,0.6916072915899443,0.2133392580639425,0.6970454475823001,0.0,0.2916364495485164
8,120,1.0743511113676965,0.19262861881947066,0.27759601681806,0.2895232495283051,0.07465362532256958,0.5681244051362304,0.0,0.030841814110248222
8,170,1.2675745837390786,0.15596275578276952,0.23898268791443414,0.2694109506914091,0.07084574537343857,0.3974978743748603,0.0,0.04205920847413969
8,220,1.5044948573296935,0.2957300912399313,0.38031057996440953,0.4647345430184001,0.11543493014498518,0.4840741441141543,0.37070726653884145,0.04369957238327549
8,270,1.804454873038303,0.2841288265119262,0.4452083845858305,0.5216774764474418,0.1332079858146773,0.6593326817579741,0.0,0.106425988539538
8,320,2.199273117867479,0.3908763731400128,0.4818219002277772,0.5736823554374625,0.15251355525899168,0.6632273210036783,0.29596750745524647,0.2689911265446847
8,370,2.745624788447456,0.33462921877633267,0.5538896633044679,0.6566424867717204,0.19208031030655937,0.7458939577653054,0.0,0.07852933903807813
8,420,3.555585707820449,0.3983272774164049,0.5393125525948822,0.6532066456296028,0.19016405194889396,0.6656503481993138,0.3756409535281402,0.10697438777607349
8,470,4.886657343860002,0.30843863050007564,0.5323293514660483,0.649252002800508,0.18799312583060535,0.6385324555206148,0.0,0.06641556834865003
9,120,1.0743511113676965,0.22264214879371505,0.1465142459545246,0.11580025357774626,0.044328431539801705,0.439679906152843,0.2775021274730106,0.23590002522517373
9,170,1.2675745837390786,0.13463391353729523,0.1850396215726971,0.1930185623190308,0.057307611059694286,0.36601054277570033,0.0,0.056832851532050754
9,220,1.5044948573296935,0.22829938345196474,0.31947435746245756,0.34820593697885593,0.08658299507092448,0.592700310049419,0.10909879274808454,0.00490888241253995
9,270,1.804454873038303,0.4578686072865358,0.5413262763057511,0.63994989170843,0.18302769541859454,0.7439961161736298,0.5644500019288263,0.15791933120319768
9,320,2.199273117867479,0.33646031632737833,0.5823896447805365,0.7010104623203498,0.21966798768389084,0.7124424697823594,0.0,0.04918066185029146
9,370,2.745624788447456,0.3992798747384536,0.5751745767934864,0.6739630353903133,0.2021917532641455,0.8016587816217466,0.3169465027313818,0.0016393006846807667
9,420,3.555585707820449,0.3455827847515778,0.607678910292647,0.7258446355020556,0.23785778368175636,0.751384553806497,0.0,0.012826950767579892
9,470,4.886657343860002,0.44799557666541306,0.6401858159532162,0.7621661714420765,0.26911331987904963,0.7707185541213862,0.20531407151041148,0.23266576637414182
10,120,1.0743511113676965,0.2516530820708637,0.31294737649642324,0.324007893943436,0.08150042946138836,0.6544502184334304,0.0,0.1983068685160635
10,170,1.2675745837390786,0.35138510339905554,0.3668368101743018,0.3981616302039923,0.09795305060384019,0.6896771293396425,0.3575344652523146,0.21359924159548815
10,220,1.5044948573296935,0.3115547332938413,0.4186611892095187,0.5247662991328317,0.1342638246012352,0.4682363571967396,0.267369902018915,0.1631372835194851
10,270,1.804454873038303,0.2829884770674272,0.46241215896483895,0.5841763675798827,0.15684986680971968,0.48462581142986283,0.0,0.1892903395176706
10,320,2.199273117867479,0.4038970367470681,0.5069302704975461,0.6289240942435524,0.17738525764814905,0.5681966635958494,0.49062273682372004,0.15435643142406985
10,370,2.745624788447456,0.29522843961693734,0.48481383537990225,0.6083157419947285,0.1674870126614032,0.5196842467847624,0.0,0.1806551966437927
10,420,3.555585707820449,0.4177599577683777,0.4780302544450651,0.5691564806460117,0.15069321756631437,0.6590870777725304,0.5341516658727237,0.17571134698430813
10,470,4.886657343860002,0.36746403612525,0.5482505749674511,0.6596501469577637,0.19378130039132535,0.6934344112997435,0.0,0.29045432197741783
11,120,1.0743511113676965,0.24762643817014082,0.2431929348272846,0.2851553571052643,0.07381592967526429,0.3576382543020664,0.29597075842695775,0.2255518913411514
11,170,1.2675745837390786,0.21761042977963294,0.3372180769764813,0.41405751440345495,0.10185888480809147,0.42212564754923676,0.10746673988477251,0.04254336225260913
11,220,1.5044948573296935,0.26624926055207354,0.43643824655443914,0.514471387647478,0.13078471635755773,0.6337282325104197,0.0,0.052261966244912306
11,270,1.804454873038303,0.42782003560788534,0.46764920080938766,0.5581645041678502,0.14639111862962484,0.6410181243418084,0.5869201079022992,0.2066063229978442
11,320,2.199273117867479,0.27853107346135636,0.460767684407436,0.5606712319496023,0.1473577463994139,0.5835033909188078,0.0,0.10112299803895775
11,370,2.745624788447456,0.3181134400498531,0.4205614650175544,0.5268353802567052,0.13497696572158147,0.47143996955424017,0.3482727273451074,0.10904215737163114
11,420,3.555585707820449,0.2281891766592969,0.4493820607845407,0.5848897857003346,0.15715070681766585,0.3944034177328235,0.0,0.004501973045660579
11,470,4.886657343860002,0.4230478760886527,0.5397552346447949,0.6405547234507103,0.1833447022579715,0.7305748333991725,0.4685617250829329,0.09220339625247631
12,120,1.0743511113676965,0.2172739378883895,0.3776437661451205,0.47202991224055457,0.11754846718832734,0.433591346691373,0.0,0.06319996332169275
12,170,1.2675745837390786,0.18742072106531363,0.28578224120867257,0.3389449337049043,0.08460826551521972,0.408421430712834,0.0,0.1051289753936101
12,220,1.5044948573296935,0.2866422294290413,0.37340447919369646,0.4521344058916785,0.1118848839469736,0.4943507644796401,0.268177519100953,0.10666357372596136
12,270,1.804454873038303,0.3628479739831473,0.4694823968048235,0.5357155972167076,0.13809258167264848,0.7568659537109123,0.24234763136009174,0.1412181059553762
12,320,2.199273117867479,0.2623548985570883,0.44846742513808746,0.5426206096283354,0.14057878324373851,0.5850024236676776,0.0006993462525713978,0.04287332999311877
12,370,2.745624788447456,0.2737681890019777,0.42879895892502345,0.5315702556115685,0.13662697125959256,0.5046670849545616,0.0,0.1959766331841657
12,420,3.555585707820449,0.3420590421934914,0.5246151937592263,0.6358972436027442,0.18092399119028557,0.6523056653333886,0.1927592850541333,0.04840902578690531
12,470,4.886657343860002,0.46572176802982357,0.6846049804835909,0.796762427542786,0.305624659996813,0.8676090597247735,0.055194157250538,0.3034185356342074
13,120,1.0743511113676965,0.23454358562284297,0.31195273446486793,0.344275017741839,0.08574016914014981,0.5596845435648474,0.0,0.1830181976673787
13,170,1.2675745837390786,0.30457325660146484,0.3057275230511679,0.3260378245161015,0.08191739939779341,0.5975031899470579,0.44460203732124015,0.07280583182513123
13,220,1.5044948573296935,0.3361365161745321,0.44734859548996675,0.5186543805420601,0.13218463980838413,0.6873987147508975,0.1738485144140769,0.16859633135724206
13,270,1.804454873038303,0.30130044195676237,0.44622195711024903,0.5152966420691535,0.13105944495135102,0.695194070872795,0.0,0.16495205189051243
13,320,2.199273117867479,0.2814724783761503,0.4076484640407092,0.469614004800778,0.11684369817822671,0.6444609107712387,0.0,0.17644377813050816
13,370,2.745624788447456,0.42820841941888554,0.5205557835405394,0.6292684724252936,0.17755767282324098,0.6573685458636871,0.3888651459523892,0.28798226002981664
13,420,3.555585707820449,0.27623208274358413,0.478998179202983,0.5906232859050093,0.15959733390675224,0.5648324945552622,0.0,0.0661072993508971
13,470,4.886657343860002,0.3456945140785372,0.5206939055834046,0.6860273511944935,0.2097149258692278,0.3776584226626766,0.44779106264516744,0.007280808021120522
14,120,1.0743511113676965,0.2420022122551871,0.2643456631207685,0.2995662860293288,0.07660372403429849,0.4363664032973107,0.26454624131883575,0.13292840659616156
14,170,1.2675745837390786,0.14117025050828585,0.24303140449801303,0.29717230701326125,0.0761357657477929,0.3046271923540538,0.0,0.027915987426321287
14,220,1.5044948573296935,0.2917954067156304,0.32143522284008363,0.4095285118654943,0.10073042125888021,0.33690340270711294,0.5232218380770561,0.08859285966960861
14,270,1.804454873038303,0.2430585176746917,0.4083069221414838,0.530832962683343,0.13636836987477674,0.37143368041855884,0.0,0.17665757539677984
14,320,2.199273117867479,0.3252185933498807,0.4475708240128454,0.5523211976395922,0.14417001221364611,0.5342373491711909,0.37600912608285364,0.019355281642120636
14,370,2.745624788447456,0.26964570993390735,0.48733682242395254,0.6268669671979669,0.176360331577046,0.44751039473940657,0.0,0.09749085615511732
14,420,3.555585707820449,0.41631461803496583,0.6185495594258728,0.7436816833120404,0.2524346178444924,0.7282126331835028,0.3485179127654121,0.00872624306938119
14,470,4.886657343860002,0.35444876713168627,0.5840953746710021,0.7144589041343868,0.2292369754401139,0.6540719222022776,0.0,0.174476033881653
15,120,1.0743511113676965,0.27211774920607723,0.36584597421439824,0.5128467152117517,0.1302459351960943,0.17050974192215762,0.3150868921388371,0.23189946156154562
15,170,1.2675745837390786,0.2148105919797511,0.3825543799460219,0.4917321032510499,0.12348404558692272,0.3776273773244092,0.0,0.08120943373637379
15,220,1.5044948573296935,0.19597724912345657,0.2892113679622283,0.35178492591113253,0.08735643982002983,0.37534201640360887,0.14178784514700504,0.02361501833550661
15,270,1.804454873038303,0.44855558251040284,0.5129224583657873,0.5769364914118628,0.15384069003806955,0.8553359400610157,0.4269383722676309,0.22972641877343536
15,320,2.199273117867479,0.35085349866502213,0.5916465439756978,0.6997898468377793,0.21883025225328057,0.7804338187314004,0.0,0.05521357550265027
15,370,2.745624788447456,0.315191391957398,0.5608014889689791,0.7064926715985728,0.22349242915763678,0.5402185248028419,0.0,0.10575333422793876
15,420,3.555585707820449,0.39994271653559077,0.5831119329561731,0.6793032482570915,0.2054705966836219,0.8277488988734186,0.0,0.2871908388638219
15,470,4.886657343860002,0.26919547540313776,0.474601248236163,0.6138924011171604,0.1700866532406229,0.4249609617047403,0.0,0.13703736095316532
16,120,1.0743511113676965,0.2678133130329125,0.2954014516746389,0.31450906468667883,0.07957080268304728,0.5786887479457985,0.3268586091759328,0.03943934067310506
16,170,1.2675745837390786,0.26902726234796764,0.4035418334132272,0.48906200229084007,0.12265935237261139,0.5295986263038023,0.11684082482366154,0.086975505948923
16,220,1.5044948573296935,0.33744719528043365,0.4872267083719818,0.5652750817696406,0.14915515627444842,0.7384858016105689,0.0,0.23431993674751028
16,270,1.804454873038303,0.27286653514104275,0.4014102698973903,0.4748841662990232,0.11838741680396714,0.579219439446564,0.0,0.19184165315565938
16,320,2.199273117867479,0.26594891177173785,0.2960955728723381,0.37033421287585366,0.09146207033597464,0.3401968504188819,0.2878812630928973,0.23987016213508183
16,370,2.745624788447456,0.3707911070362234,0.4905799948614379,0.6246063242761261,0.17524376574134615,0.48003505906950517,0.4649149366634646,0.10915544943067501
16,420,3.555585707820449,0.28920341752068335,0.5348038825074714,0.701954008113945,0.2203189637522649,0.3903449113402543,0.0,0.13339920439695252
16,470,4.886657343860002,0.45493125096383,0.5916446835427125,0.7177153258365258,0.23165185784328124,0.6873501571998447,0.5173900295725593,0.12054888436693934
17,120,1.0743511113676965,0.18652594741293263,0.175526082489752,0.1647762999696969,0.052544010683447495,0.42349533224714664,0.08220272057519296,0.20961137358917914
17,170,1.2675745837390786,0.1146731006808801,0.14720442404212752,0.13351211806118268,0.047313469447563206,0.36845857229018064,0.0,0.02408134360547398
17,220,1.5044948573296935,0.2556629496950603,0.31068500928673776,0.37624835276365576,0.09280692150160541,0.4115617816876198,0.178279713582163,0.2194179789402576
17,270,1.804454873038303,0.19087027578997254,0.3419829444971278,0.45316492878689374,0.11217060754795105,0.28027556892002503,0.0,0.10874027369499284
17,320,2.199273117867479,0.441038839817056,0.517932322327941,0.5680317718342087,0.15024536747556383,0.9303461157234987,0.5169697086587808,0.03960123539322824
17,370,2.745624788447456,0.5758085631865927,0.690135762803274,0.8154678563870426,0.328954647048713,0.7907759147258027,0.6714274956379799,0.2724169021334255
17,420,3.555585707820449,0.43418928427118886,0.6921202509015916,0.8209527137417545,0.3363721562615507,0.7697038906076754,0.0,0.24391766074496357
17,470,4.886657343860002,0.42008454425954184,0.6225213929900408,0.7252880475203987,0.237424572407827,0.8532828091722988,0.0,0.28442729219718454
18,120,1.0743511113676965,0.1334263409640319,0.18757662654270615,0.19613621042259877,0.05783870936772362,0.3695681529814401,0.0,0.043588632048396914
18,170,1.2675745837390786,0.2563128836506233,0.3122857678445419,0.35443229135875276,0.08793234529580307,0.5176220447022631,0.2473501855567508,0.07422755133954684
18,220,1.5044948573296935,0.3348027478812082,0.42841952203413625,0.4949396648774351,0.12448348488076544,0.6688990125832256,0.29474423969679586,0.09094733736781879
18,270,1.804454873038303,0.23669398966532168,0.4314755421794443,0.5390413838614813,0.13928295673083824,0.48819981786563993,0.0,0.01694578986864903
18,320,2.199273117867479,0.3642232781831602,0.5285014366290371,0.6340883370993573,0.17999629165955466,0.6869957430302278,0.2928967223480293,0.027139296778631805
18,370,2.745624788447456,0.410952762639831,0.5873743001027526,0.7286837034440082,0.2400870929770168,0.6009486986139568,0.3459321381758783,0.13911217998829473
18,420,3.555585707820449,0.3420811675499895,0.6109305123434554,0.7532028785668747,0.2608101501091096,0.6253749845070221,0.0,0.07101782456694106
18,470,4.886657343860002,0.3495482349651695,0.5714090366816474,0.6772566483650562,0.20420457991409224,0.7600260178939375,0.0,0.10625392865276162
19,120,1.0743511113676965,0.30197248539206256,0.3564075827856795,0.4382496319574535,0.10811201241488066,0.44286533671658157,0.4230598707675729,0.09757557510382442
19,170,1.2675745837390786,0.2035884233502563,0.3521672934174798,0.4467230759589559,0.1103976487383429,0.3768935710501371,0.0,0.08392782100384555
19,220,1.5044948573296935,0.24796937715506812,0.3296475777549095,0.3957812870701354,0.0973810794390767,0.4522235710203941,0.17140811635858344,0.1230528318871511
19,270,1.804454873038303,0.22876277006822923,0.40747416344706944,0.5011501194650197,0.1264462953932184,0.5011501194650197,0.0,0.015067316017888355
19,320,2.199273117867479,0.32110430832372955,0.4548862225404812,0.5670761572133078,0.14986624403225535,0.5144931146962182,0.30525129067629087,0.06883473500057535
19,370,2.745624788447456,0.38378818472865933,0.5159206546298089,0.612587040841689,0.16947307320616511,0.7066677454883613,0.12194086553934669,0.30827219856773447
19,420,3.555585707820449,0.36818071785545936,0.5446499027486316,0.6570687646521646,0.19232004466936115,0.6821908852666173,0.06693152785828693,0.24239236683086696
19,470,4.886657343860002,0.3645110219174697,0.6035253356445188,0.7591424830349568,0.2662649300306559,0.5431574221058719,0.0,0.25399027441586364
20,120,1.0743511113676965,0.18094003069002904,0.2785590538168929,0.33402176582104126,0.08357366884899675,0.3816838474134596,0.0,0.10542087136664757
20,170,1.2675745837390786,0.19771829683352865,0.33481082326483,0.4159079572464601,0.10232363678908707,0.3979009314645481,0.0,0.07245895866754803
20,220,1.5044948573296935,0.2878157500673503,0.35232966295232065,0.42119217689121413,0.10366281439121139,0.4913243547985957,0.3674949923616534,0.05540441189407652
20,270,1.804454873038303,0.18534360884139664,0.39256826190188826,0.5472929302154859,0.14229384249847232,0.19079362098652464,0.0,0.046337650506500405
20,320,2.199273117867479,0.34779723603282026,0.46877902332894683,0.5589584505819759,0.1466963677172407,0.6448657403363407,0.12491872368812262,0.2635468978404214
20,370,2.745624788447456,0.41350421678915267,0.5289005373986849,0.6342786196539947,0.180093554238289,0.6887331803114389,0.20293027136745434,0.36148545837458634
20,420,3.555585707820449,0.4662900156242792,0.5773447640954232,0.6860199306667952,0.20971016874448978,0.7553684233948248,0.4249237221787665,0.2554278331365193
20,470,4.886657343860002,0.414348211033763,0.6691253703921056,0.7842690840305471,0.29154255619398195,0.8378552061685458,0.0,0.1580742087757403
21,120,1.0743511113676965,0.28051433827178884,0.28544798925588344,0.31707481054037623,0.0800885755585865,0.501206393613407,0.42353336437484124,0.08066854727173334
21,170,1.2675745837390786,0.2583645995572447,0.3939177840090964,0.4565178893366926,0.1131058724576669,0.6115372152844277,0.0,0.11066202070743647
21,220,1.5044948573296935,0.2882332364013833,0.4268358543051439,0.524338535140215,0.1341169799487656,0.5246899215588239,0.09868252500634245,0.1593382203527698
21,270,1.804454873038303,0.23419591495957146,0.4429261313321568,0.5704043022810081,0.15119218042792792,0.4192366990437997,0.0,0.030146393045121678
21,320,2.199273117867479,0.2752525372736369,0.43574141628875396,0.5515636924514594,0.14388531494951595,0.4588791472033289,0.0,0.22193453176388023
21,370,2.745624788447456,0.5062884140226681,0.6013882355734925,0.7236424229556009,0.23615098480204455,0.7211002373308056,0.4655661438267813,0.3849822811981084
21,420,3.555585707820449,0.5270197279712633,0.7071696651125193,0.821028920389439,0.33647721453462287,0.869553394968002,0.4811986673796025,0.12684044258465021
21,470,4.886657343860002,0.46073407232629293,0.7509616776571013,0.8769552650325532,0.432340267777789,0.7780230112874815,0.17410567447980152,0.04224614305383945
22,120,1.0743511113676965,0.17759808169245042,0.3172113940974629,0.3889187746917032,0.0957501522258476,0.39948394150652744,0.0,0.0038375400381738256
22,170,1.2675745837390786,0.1692777272693618,0.31243275257677955,0.4360980642733986,0.10753981623196662,0.1592597330316584,0.047491880849990786,0.09599914195979464
22,220,1.5044948573296935,0.16045762405800565,0.33025880317218204,0.4457695497540859,0.11013783953316858,0.23508408957625537,0.0,0.011296641426518428
22,270,1.804454873038303,0.26427924237626427,0.37586462167581497,0.4637574634424536,0.11515515922775377,0.4588090253560291,0.20031928617323191,0.08335527768185302
22,320,2.199273117867479,0.4126029459601549,0.4892027434471872,0.5802589101809356,0.15521180805792856,0.6816296354942919,0.3747112100675746,0.2712031660000439
22,370,2.745624788447456,0.42905847313798356,0.5690942206543588,0.6672931425980965,0.19820590536794513,0.794445725023431,0.19331469131304502,0.2920329013873999
22,420,3.555585707820449,0.31357956895703876,0.4929644492399158,0.6042445040853824,0.1656242401563759,0.5934112449972826,0.0,0.20461785554615308
22,470,4.886657343860002,0.6176405528636874,0.7295280970504492,0.8416749016965716,0.36715916666124837,0.8848890957812948,0.7206217822547195,0.2738578179246026
23,120,1.0743511113676965,0.19401694651313026,0.31802244117252626,0.421115184922903,0.10364317316852767,0.2629502461776836,0.13563623565487415,0.046739892641662895
23,170,1.2675745837390786,0.20118527542758907,0.36507428146181636,0.5029856349949285,0.12703354215313034,0.2101634328438442,0.0,0.16574376714604222
23,220,1.5044948573296935,0.284941073449163,0.3563579994272777,0.4425370197438061,0.10926201448683115,0.4234685597285752,0.19610850664324442,0.25332926664335786
23,270,1.804454873038303,0.40647660029224253,0.5646474601370797,0.654647459966797,0.19096417950299116,0.8274529285416913,0.32636616862097134,0.0329522648287619
23,320,2.199273117867479,0.33491253236823065,0.6108126506097701,0.7638172887320139,0.27068971547695486,0.5656656566754871,0.0,0.07439000095669768
23,370,2.745624788447456,0.3449308267210072,0.5508429679403497,0.6833720205215656,0.20802308349285714,0.5920932316946402,0.0,0.2411657978959728
23,420,3.555585707820449,0.37613705086953697,0.4719498817197044,0.5662127991978896,0.14952481735463596,0.6322733190820782,0.33886971113106434,0.19380460758201679
23,470,4.886657343860002,0.43113893868900705,0.6197383341929646,0.7417008974794981,0.2507464595410741,0.746874538799982,0.045730210313265074,0.3706425873112156
24,120,1.0743511113676965,0.1571802849047708,0.23245711715607154,0.27985606187877965,0.07280776514244025,0.30894359162129137,0.0,0.12429400588134265
24,170,1.2675745837390786,0.14914425389869326,0.21253600163342795,0.24413993547302382,0.0662245641893261,0.32997266201521447,0.0,0.1053841078159019
24,220,1.5044948573296935,0.3201671888160072,0.3503894011071934,0.42180133461179037,0.1038183510317845,0.4756934172144871,0.4364971495989578,0.16302569162301606
24,270,1.804454873038303,0.2586648956482699,0.43794206072236014,0.554052407950127,0.14482343179250856,0.4620317200277122,0.0,0.13241691847100168
24,320,2.199273117867479,0.37993510852202944,0.5453556631916262,0.6397286420096651,0.18291193218429191,0.7719366329316948,0.09353058606425424,0.21156774942024115
24,370,2.745624788447456,0.3178690562216385,0.4900005933080027,0.576096971308472,0.15349682353412042,0.706454697595929,0.07205972707228758,0.08123706159738364
24,420,3.555585707820449,0.4212217031173296,0.5790426164999217,0.7107275823703583,0.2265179746544398,0.6398438227606454,0.2383475363428098,0.2906715994583945
24,470,4.886657343860002,0.3713261604611945,0.5900778906799281,0.7008988668569078,0.21959119173725972,0.7642718175431231,0.0,0.17186892616868177
25,120,1.0743511113676965,0.3050875896221429,0.4292862683224674,0.4840562149170454,0.12113074594594153,0.7237990192383654,0.0,0.19645196800936193
25,170,1.2675745837390786,0.25348781551540667,0.33556551600635803,0.3802167746100166,0.09371950636016946,0.5600371643353715,0.2281602650837964,0.005305367187679155
25,220,1.5044948573296935,0.2460061443539662,0.391562116647798,0.46307415596704493,0.1149599612053337,0.5665175517749177,0.0,0.08547905282253465
25,270,1.804454873038303,0.31307741502823083,0.4009483249043096,0.4728905137623469,0.1178007001448299,0.5850922774046268,0.15336074447023773,0.23624283935911283
25,320,2.199273117867479,0.19970207463183112,0.3505599124177514,0.4624663458790521,0.11478664446888032,0.29588962515400064,0.0,0.12536775765722252
25,370,2.745624788447456,0.38161427079412924,0.4997678481948263,0.6186380651103102,0.17234399784429344,0.5699933977837788,0.42443724800282334,0.12265864522944059
25,420,3.555585707820449,0.30026793981338973,0.491374938985659,0.5978206858962459,0.16274335129972917,0.6133112641531941,0.0,0.12746439771777962
25,470,4.886657343860002,0.3929362139374878,0.5221201991294778,0.6171470402524278,0.17163022164858133,0.7261627971058389,0.44088825120185127,0.008852759478739647
26,120,1.0743511113676965,0.1647303503705669,0.2621580008634682,0.3001732559477519,0.07672268604888477,0.4191558385506392,0.0,0.02759997130555869
26,170,1.2675745837390786,0.2779223194823639,0.27618720608965924,0.33351687334259617,0.08346814689856108,0.3680669690630751,0.3778484428802634,0.2267111652273237
26,220,1.5044948573296935,0.18629423275391083,0.27865120780472147,0.3448679643640149,0.0858668602916638,0.33509142742264386,0.08016202385879478,0.08548288783243685
26,270,1.804454873038303,0.2506897904041104,0.3687229129649434,0.4348412871593057,0.10720708510951149,0.5401091292798812,0.042957018218704346,0.1283344322531491
26,320,2.199273117867479,0.25899774747111737,0.4072638378968102,0.4644051943207763,0.11534054054256482,0.6652372411246885,0.0,0.05000576136755708
26,370,2.745624788447456,0.2858091751121215,0.43773858435682395,0.5504802114558283,0.14347937808349043,0.47720408641636247,0.10428430119701115,0.15359789840791505
26,420,3.555585707820449,0.2488277188770894,0.3862056674658933,0.5020180632738928,0.1267235708800819,0.35542624521024835,0.08854853775145988,0.17142217726976428
26,470,4.886657343860002,0.5313127307431067,0.6253222658742961,0.7496421177558752,0.25762614436030795,0.7408697275379602,0.6338709140610206,0.2745547500003698
27,120,1.0743511113676965,0.19092002834269,0.17541812408242313,0.20932386274185888,0.06010075372507995,0.23199078670691886,0.40354539497149244,0.04963934356809996
27,170,1.2675745837390786,0.14327962163038088,0.2615616124973996,0.33319576621632674,0.08340109149344133,0.2719591992949548,0.0,0.027842051147181524
27,220,1.5044948573296935,0.3475155970695547,0.4084046970888986,0.4816472517612498,0.12040311796918957,0.5954371102656758,0.3479596534020031,0.1921308519496554
27,270,1.804454873038303,0.2813156592942024,0.4109425232031645,0.5244199359107453,0.13414490802286727,0.4183622310066697,0.27094779039735906,0.0587034311333704
27,320,2.199273117867479,0.22779431505779027,0.42493590942761067,0.5588730469986007,0.14666349231087739,0.3529747210048725,0.0,0.0804603149746006
27,370,2.745624788447456,0.30292577240210417,0.48832156475406807,0.6250363362704258,0.17545537467215033,0.462906128825167,0.10126176523353725,0.14996925700924058
27,420,3.555585707820449,0.43928996335747106,0.6144513077782958,0.720950107657392,0.2340904285727221,0.8223909069378671,0.3041412844147384,0.11487708920463613
27,470,4.886657343860002,0.39277078145074207,0.638882864350078,0.7327795579271459,0.24336207913820485,0.9224973987282622,0.0,0.06521487146009752
28,120,1.0743511113676965,0.15359179101083578,0.2607316717632618,0.3257682359538502,0.0818619277313698,0.29870165505406154,0.05876705735371579,0.002860078961181567
28,170,1.2675745837390786,0.2189786564267801,0.3827485637707204,0.4913975843505254,0.12338036516327389,0.38043281246391136,0.0,0.09968252015618995
28,220,1.5044948573296935,0.27603677470825316,0.3999441845215843,0.4850606544017493,0.12143566067665945,0.5236591780757994,0.0,0.25002838038705744
28,270,1.804454873038303,0.2659626225055163,0.3644628539510427,0.43745274499390696,0.10789970531435822,0.5001085375073933,0.10197534158329546,0.1823767831286276
28,320,2.199273117867479,0.2802323754571356,0.4469164585988109,0.5494078564693134,0.14307907785661655,0.5433465016871244,0.0,0.16532844127262347
28,370,2.745624788447456,0.2517234725861813,0.3878086165873006,0.47846970639082886,0.11945113927029904,0.47242671956818993,0.025866138378925596,0.16240365932266287
28,420,3.555585707820449,0.3752407277241837,0.47787141356149776,0.5967248736645238,0.16225887197241928,0.5284784757978578,0.4872627564385815,0.1014786607475362
28,470,4.886657343860002,0.32201491281286626,0.5328104658543202,0.6824486030154193,0.2074395877798133,0.47654271400076886,0.0,0.24364365926832965
29,120,1.0743511113676965,0.19146799558103844,0.26456653301239086,0.3088607066375193,0.07843968461472739,0.39760125250798306,0.0,0.17243833414496246
29,170,1.2675745837390786,0.12601441175719136,0.15302481831562062,0.17504260825595497,0.054267431867056626,0.22954930263522333,0.10844000980999613,0.06277270621772568
29,220,1.5044948573296935,0.17300048004377236,0.23663430988932802,0.2836734936125902,0.07353312234462173,0.3203128875707899,0.0,0.18748289669085993
29,270,1.804454873038303,0.20410366058138943,0.29614857348472307,0.32629919983290523,0.08197120903452015,0.5325083421756661,0.0,0.0797395518638555
29,320,2.199273117867479,0.3426783665857833,0.4089784878861088,0.4685066410947172,0.11652227585079544,0.6582928951105314,0.35188389620796456,0.11818612466490797
29,370,2.745624788447456,0.5104276282081358,0.6429619079084361,0.7506513024498053,0.258522153025476,0.8529372545478935,0.509631984302996,0.18039544671450813
29,420,3.555585707820449,0.3444292851811508,0.5605051838395092,0.6773225436512859,0.2042451585266426,0.6870024534471804,0.0,0.15357627028064513
29,470,4.886657343860002,0.4042809388916271,0.4969067257108619,0.6013774303955216,0.16432975038413744,0.6333188658500974,0.37437661121734067,0.24800203661103826
30,120,1.0743511113676965,0.23400742362650623,0.3192941786576373,0.3976097171360564,0.09782014028739561,0.37515542202769736,0.06090225245249714,0.23854958622888467
30,170,1.2675745837390786,0.18922854698278832,0.3098524322963951,0.38661559180202776,0.09520868188124021,0.36053937829912264,0.01674138006308712,0.0870377028684639
30,220,1.5044948573296935,0.24975659804443748,0.32084471746086424,0.39856102706994534,0.0980493425953789,0.38130510380034877,0.2768013411586382,0.09406617559787622
30,270,1.804454873038303,0.22009189429834777,0.41696043608862127,0.5306538250589439,0.1363056320195981,0.4299448869890363,0.0,0.0035551274241604203
30,320,2.199273117867479,0.37920662541115907,0.5594122077997166,0.7055395674419354,0.22282016011849104,0.5358895153662179,0.0936707514247872,0.3381131327043637
30,370,2.745624788447456,0.3463304205199197,0.5671765663558948,0.6891743858370862,0.2117473445552739,0.6715673247654973,0.0,0.15916304744174092
30,420,3.555585707820449,0.5460333005296983,0.6547080785488809,0.7698288636141433,0.2765585816517191,0.8244740997831014,0.7169363231222816,0.14236863447724646
30,470,4.886657343860002,0.41013696008829725,0.6752788648535222,0.7919938821736281,0.300118596311877,0.8336859098091741,0.0,0.12488641214680696
31,120,1.0743511113676965,0.3202010655932813,0.3871592890434547,0.41206821469653065,0.10136165459033752,0.7638529771863464,0.14973460966353758,0.17398787182965447
31,170,1.2675745837390786,0.2831410707097969,0.3585792004191712,0.4494964922039605,0.11115715130716297,0.4072801151333614,0.24901229300486494,0.19875930189963475
31,220,1.5044948573296935,0.22827964110894383,0.38271294543153267,0.4620180961106204,0.11465901526368494,0.5122488929949279,0.0,0.05247220117548601
31,270,1.804454873038303,0.16855082145175918,0.2566334413612593,0.35547588224842896,0.08816026399089738,0.14205230676318403,0.0,0.25706565425628547
31,320,2.199273117867479,0.29397377132750363,0.3887024969397602,0.50090691234186,0.126368731501607,0.37710777772828363,0.41750167339703426,0.047983761668733305
31,370,2.745624788447456,0.4529713740722385,0.5972871701012703,0.6907488448287452,0.21277547008418818,0.864293304553174,0.4812956533793047,0.015743597515779917
31,420,3.555585707820449,0.4087686657565679,0.6262155136494983,0.7277657635416224,0.23936270010303606,0.8647692033251062,0.0,0.21194566181307484
31,470,4.886657343860002,0.46447000508976144,0.6126706923065662,0.7305934167452166,0.24160531729885315,0.7594220862314861,0.49704111319913535,0.09368809197411598
32,120,1.0743511113676965,0.20282212111894715,0.3053514411368403,0.3592039230076107,0.08897865679820982,0.4505628208848097,0.0,0.11536520490410551
32,170,1.2675745837390786,0.3655776590986828,0.38168278585158044,0.45692567258334715,0.11322020945761091,0.5281488662477962,0.4308606789006342,0.2987328683040257
32,220,1.5044948573296935,0.19027122320566742,0.2919507840192108,0.3196664815674617,0.08061414618045193,0.5333157235574723,0.0,0.017759764722951155
32,270,1.804454873038303,0.47039104854617914,0.4678353846528225,0.5235573031393409,0.13384931475379636,0.8015911605384587,0.6505906073775406,0.24236685692175897
32,320,2.199273117867479,0.3125358316262544,0.5504068195122156,0.6715633889738107,0.200744010134701,0.6485518906283593,0.0,0.041819868394400994
32,370,2.745624788447456,0.49314282547433946,0.6319926790157955,0.7465639803023957,0.25492388112334474,0.8021554703568125,0.4189440256287422,0.24312676996040217
32,420,3.555585707820449,0.35164309823501777,0.5916656619478958,0.7184231788299573,0.23218205967593974,0.6837749315395764,0.0,0.1238353211296156
32,470,4.886657343860002,0.37624040437582346,0.605751069492353,0.7335167066487759,0.24395902261757108,0.6976752656579649,0.04591453009752222,0.16013649685728326
33,120,1.0743511113676965,0.10326044041967816,0.10527273133136117,0.0734207268991296,0.03687928928636908,0.3466698191352743,0.0,0.059332366777617884
33,170,1.2675745837390786,0.34454056240058367,0.3467556523696446,0.4286972408730544,0.10559613681273516,0.4209218242841881,0.5727338002683025,0.1947538097646384
33,220,1.5044948573296935,0.2612312001153342,0.4144384567765293,0.5167802013680828,0.13155512251176615,0.4765437021849206,0.0,0.18127697451190128
33,270,1.804454873038303,0.33574032803487663,0.44445407909826795,0.5029048954894625,0.12700764132675457,0.7397282098193461,0.04933162451967066,0.2597292690191495
33,320,2.199273117867479,0.3311776363536231,0.47561464019601507,0.5693470028707902,0.15076925856030243,0.6420941588897688,0.12080232068025265,0.1728754407670009
33,370,2.745624788447456,0.29597431076964414,0.5115052721833706,0.6405694139813845,0.18335241184755036,0.5421701388843488,0.0,0.11377958913493702
33,420,3.555585707820449,0.4568665728314764,0.6179346029643971,0.7372533454711594,0.24702111462108578,0.7588487801761997,0.3311658330837114,0.21004379080522617
33,470,4.886657343860002,0.42597644034892623,0.6631012022856475,0.7854950596512392,0.292876273111387,0.790567321447049,0.2537893117577483,0.007154235777207196
34,120,1.0743511113676965,0.14900214679331275,0.21541241000478523,0.2898187259803042,0.07471051723839217,0.15229030071336425,0.10785438386146562,0.12033680617303744
34,170,1.2675745837390786,0.24589877859786108,0.36997653758552473,0.4811565582724182,0.12025553191372429,0.34145813095761846,0.1844497192425354,0.10217395260300888
34,220,1.5044948573296935,0.23429288258154984,0.4149398064658696,0.530150176667558,0.13612943920779852,0.41878227108923416,0.03986201975576875,0.046540506187389696
34,270,1.804454873038303,0.19234866675571577,0.3700035661432355,0.48933093579591636,0.12274211912102351,0.3047964992361988,0.010128533098998527,0.03474524652644162
34,320,2.199273117867479,0.24942384742749554,0.3987924955796625,0.4960365501764745,0.12482747826715967,0.4664246393799192,0.0,0.15983056931392425
34,370,2.745624788447456,0.4159229773033988,0.5585691729179431,0.6811831518556133,0.2066439913513214,0.6546552264449652,0.44093157189728427,0.09620094496780951
34,420,3.555585707820449,0.31665187636082087,0.5784331192633115,0.725919089999241,0.23791582879934836,0.5560180537595324,0.0,0.06340640924598262
34,470,4.886657343860002,0.3302607930001334,0.562286353786072,0.6925980335342502,0.21399277975159947,0.6215289248508132,0.06696491946368277,0.05621930740032122
35,120,1.0743511113676965,0.2664543759903669,0.33528682321696496,0.3134250456315577,0.07935279628339265,0.8492906451145479,0.0,0.09020339292233637
35,170,1.2675745837390786,0.21404943538495758,0.2848310961977545,0.3203181197370846,0.08074670334178535,0.48302365680038295,0.0,0.186158697045535
35,220,1.5044948573296935,0.21155810502929312,0.27906677568264143,0.34338417724621917,0.08555012175312038,0.3443249259775325,0.1863435530041858,0.09818774716540768
35,270,1.804454873038303,0.2522023745709034,0.34302914232803805,0.40763474554852275,0.1002623125751021,0.489218112367659,0.0,0.26389670236323304
35,320,2.199273117867479,0.2039682159801511,0.30290856323815385,0.342849794577592,0.08543628742879161,0.5055974308960048,0.04819679007893629,0.037760776919430805
35,370,2.745624788447456,0.41209117959495883,0.5260332250041795,0.6320046633472853,0.1789361688152209,0.6806425652800204,0.45897761024813255,0.10989489028413513
35,420,3.555585707820449,0.33892713530985724,0.5509731378625506,0.6653155119342938,0.19704670465807728,0.6834810302497006,0.0,0.14879242970721462
35,470,4.886657343860002,0.6071335410565127,0.7031968284652945,0.8117702918386982,0.3241093217636153,0.9007154861411454,0.8103991893147922,0.18867341622431244
36,120,1.0743511113676965,0.26067153958304706,0.29894839729136596,0.3576611905167556,0.08863919142776466,0.41461256749580944,0.43676546689981943,0.005679281575086126
36,170,1.2675745837390786,0.18047373000170713,0.3182400865489822,0.40445384913194515,0.09948094398779528,0.33798360715244213,0.0,0.060450249736353046
36,220,1.5044948573296935,0.23475936198096967,0.31208607790495,0.37008393213663404,0.09140555139850626,0.4478955384889537,0.15415634176121606,0.11025544611953808
36,270,1.804454873038303,0.21494027972595758,0.37191024091737335,0.45225247856973416,0.11191757996640361,0.48386239189287994,0.0,0.02666894820077015
36,320,2.199273117867479,0.22954181622751704,0.3962240270486892,0.4875746586997022,0.12220280017257368,0.4875235452381632,0.0,0.050408077027146225
36,370,2.745624788447456,0.37273233657091404,0.44780984655387135,0.5573804306927974,0.14609048578706174,0.5123931112761833,0.4339451180961108,0.2138525370024169
36,420,3.555585707820449,0.40171789197942553,0.5554491826831544,0.6782265808295582,0.2048031009560084,0.6487497263094493,0.1970972217276582,0.2797128300744536
36,470,4.886657343860002,0.3050336801483355,0.508369379013844,0.6401286900178103,0.18312132487643706,0.5234122252269912,0.0,0.1785061606204391
37,120,1.0743511113676965,0.1502833657016735,0.22852172896978903,0.26815183141433163,0.07061139963307328,0.33318520141947827,0.0,0.07946839604148426
37,170,1.2675745837390786,0.2584093030298308,0.3181147733218321,0.3918810217732972,0.09645089625975944,0.39248957461942613,0.1759142797144394,0.23531074278223163
37,220,1.5044948573296935,0.29704856573802996,0.38165210158741103,0.46461832873511166,0.11540161375115043,0.4935380060570431,0.31622946454844125,0.0954554155984032
37,270,1.804454873038303,0.30708199177672185,0.4639907313121774,0.585267697963271,0.1573103867788893,0.49001677226328266,0.2982892573529755,0.004525844525190781
37,320,2.199273117867479,0.392552815288993,0.5873107750086279,0.6719181190836434,0.20095704083179888,0.8928042890032812,0.129484548551285,0.06760007897495635
37,370,2.745624788447456,0.27791482059084693,0.49282980731856657,0.6177394685680673,0.1719133230958314,0.528051969358456,0.0,0.07186934193188
37,420,3.555585707820449,0.46390768925819365,0.5573115763777615,0.6359869546277166,0.18097017943094762,0.8698457249559641,0.32915070843222116,0.303584878844119
37,470,4.886657343860002,0.46492109574816726,0.5854397465833341,0.6734205482750386,0.20186309197499774,0.8728109641637438,0.2926085738178038,0.28390230050925236
38,120,1.0743511113676965,0.21410231592591983,0.27242992430801527,0.3299423238290886,0.08272411051348783,0.3585566825479345,0.2134180031466545,0.08587045959243389
38,170,1.2675745837390786,0.22164192974003152,0.32337331575373324,0.37407393850593684,0.09231037886064042,0.5056757195667402,0.0,0.13614961176684004
38,220,1.5044948573296935,0.30063367342042674,0.33592409464569134,0.4135532308151645,0.10173260385800276,0.4157267012806132,0.28054052598813284,0.2916153051602203
38,270,1.804454873038303,0.28524269926153,0.36515299292903713,0.41312629452523075,0.10162581642850377,0.612471747378485,0.0,0.29898963797543066
38,320,2.199273117867479,0.4431717058977907,0.4478289310444526,0.48406997923327966,0.12113491825440781,0.8473547596058854,0.5327056581425824,0.23059321425279788
38,370,2.745624788447456,0.36299719962487803,0.5080081720716328,0.5697312314152037,0.15092276749001599,0.8562582756667109,0.0,0.23807372355245948
38,420,3.555585707820449,0.41767233888015126,0.5346406783379303,0.63838654840087,0.18221199034165358,0.7070383447466323,0.5243665459114801,0.03635826500012018
38,470,4.886657343860002,0.45792837357612937,0.6331596994699835,0.7290836682094453,0.24040381165624247,0.9040569708683711,0.04238307909558692,0.37371433805100085
39,120,1.0743511113676965,0.1316008184024712,0.28307614831170297,0.42497386536917103,0.1046323235367187,0.012891654706804645,0.0,0.11550624839966162
39,170,1.2675745837390786,0.22534009748703915,0.26194403579957404,0.32168502316999614,0.08102530056473023,0.32451131170929215,0.23631797245672792,0.16316087953444947
39,220,1.5044948573296935,0.24272711861680016,0.29219405757196504,0.36471797439852915,0.0902013467922288,0.3387529082319358,0.32244998327560004,0.0975133803857069
39,270,1.804454873038303,0.24839830180889697,0.38287941779776363,0.4737988519595272,0.11806760029350549,0.4605547103244729,0.05961368359959218,0.12995666286738727
39,320,2.199273117867479,0.268297641390194,0.395159245949333,0.42048394352935936,0.10348228393736258,0.7799887256491781,0.0,0.03753325383507011
39,370,2.745624788447456,0.297729508992302,0.3271683799283548,0.36002462649946376,0.08915970909369497,0.5924245117016854,0.2961259900524136,0.15091270761425213
39,420,3.555585707820449,0.41300713367913,0.492911993457536,0.5925876074292087,0.16044757009788968,0.6483169098369227,0.47493129664302514,0.1887522843886038
39,470,4.886657343860002,0.3907772672885958,0.5910737008717036,0.7255374099921843,0.23761850546830976,0.6423108567287708,0.07335177560121553,0.2750677886524988
40,120,1.0743511113676965,0.1921852783344033,0.29234475689405665,0.3717950249467552,0.09179258748918229,0.308797300358053,0.1582362109235712,0.030305267954454762
40,170,1.2675745837390786,0.21374728906748985,0.35761776928832695,0.4627940737600946,0.11488005921342836,0.3414754015260877,0.0,0.1495869108378386
40,220,1.5044948573296935,0.2433917948307255,0.3344410853464076,0.3793261320671004,0.09351397040409049,0.5564460900341647,0.17609427747349737,0.011578504174774462
40,270,1.804454873038303,0.3292531801378363,0.3900292001355119,0.46517753990606836,0.11556202887621136,0.5468811264854536,0.35301850223936915,0.16562670318207884
40,320,2.199273117867479,0.3168250440132284,0.4202034684887687,0.46145170421565274,0.11449797650965343,0.7647196788797583,0.0,0.24345586046107737
40,370,2.745624788447456,0.4582208496187451,0.5175239388671657,0.5709764986217286,0.15142172237291018,0.9138840606726736,0.458711031888294,0.196110934538119
40,420,3.555585707820449,0.30787257575515153,0.5014397573315654,0.6036350796158713,0.1653478969107003,0.6528115688957836,0.02886909982133401,0.08869923353206843
40,470,4.886657343860002,0.3863651396362294,0.5121383357177891,0.6563297354923706,0.19190470322394604,0.4690954574425352,0.38189915075075176,0.2325966512715434
41,120,1.0743511113676965,0.1908307391446379,0.32766034770554414,0.45500678387170557,0.11268329974316182,0.1765696829782024,0.05755597497873732,0.1523379541513824
41,170,1.2675745837390786,0.14207220356137995,0.20219668183966805,0.23949204120874612,0.0653921692106979,0.2810227654116393,0.0,0.12445404197581644
41,220,1.5044948573296935,0.28557537854430226,0.2533752924853019,0.290699848202969,0.07488034157386847,0.4015686544670225,0.45822194433602526,0.20250610414162595
41,270,1.804454873038303,0.19148553570456223,0.3411777878854808,0.43149951650697926,0.10632767826883072,0.3713077227605708,0.012765479281112824,0.035527281705317604
41,320,2.199273117867479,0.25933929222231333,0.46984910363454724,0.6023765448661823,0.16477924688919587,0.44818909995025935,0.06618003235725689,0.015171537048672246
41,370,2.745624788447456,0.4167326882260423,0.6280828750550348,0.765955035228036,0.2727532003654213,0.6688103588457193,0.21712659952180924,0.15901824716922563
41,420,3.555585707820449,0.3225164482866651,0.5728836499361473,0.694534366008237,0.21527893366894724,0.6822886460931216,0.0,0.020480295663019676
41,470,4.886657343860002,0.34848410469553326,0.4946788772259883,0.6244213660121926,0.17515285996446273,0.508252284183714,0.3542222208711583,0.08037179244613846
42,120,1.0743511113676965,0.2988648890561861,0.3454664619045978,0.3927844001418752,0.09666557719370239,0.5708628501403138,0.2041221783835303,0.22988943942150875
42,170,1.2675745837390786,0.41540866926633513,0.4654959306461115,0.5334136623316128,0.13727626383660085,0.7408577819199578,0.539081593512742,0.12641404473076223
42,220,1.5044948573296935,0.24358665097838167,0.4372217569480939,0.5387506067919743,0.13917835836566483,0.5278453552099547,0.0,0.012158934524314602
42,270,1.804454873038303,0.31633178638811915,0.433952325734002,0.5354485004099022,0.1379975464915536,0.5212255924344822,0.3165797127743426,0.07040757983031531
42,320,2.199273117867479,0.27811914311300284,0.4551690330072604,0.5805181411174275,0.1553194840087203,0.45352184889749214,0.0,0.2012362415413741
42,370,2.745624788447456,0.29385222680576895,0.4774584045481002,0.5426144443211498,0.14057653784473445,0.7783040232948445,0.0,0.007766128568115982
42,420,3.555585707820449,0.5409615047751931,0.6330576264003519,0.7374348176999769,0.24717138460647592,0.8586925975249784,0.6548335159645735,0.2066752080799611
42,470,4.886657343860002,0.38834030698578603,0.6945541297800841,0.8258734893362266,0.3432725876613154,0.7547459284201294,0.0,0.01780952951125858
43,120,1.0743511113676965,0.1624848209788618,0.15718982671014953,0.16353369371387694,0.05233584747032205,0.306570990761619,0.23657363321263358,0.0534099397358575
43,170,1.2675745837390786,0.16160985526976704,0.23808146300385252,0.27998806434452106,0.07283277144363964,0.34586954357486666,0.031238104220877028,0.07812079276493078
43,220,1.5044948573296935,0.22813018384590417,0.3147070592958065,0.34258524646197386,0.08537997985651535,0.5854061096966223,0.0,0.12727958321440924
43,270,1.804454873038303,0.26946268436837134,0.3432456946060531,0.41200718433230954,0.1013464389163945,0.4713651618504586,0.27468698320042384,0.08790765354227015
43,320,2.199273117867479,0.2515518320915059,0.3902933270488807,0.469150445852209,0.11670902283472728,0.5308386921924899,0.0,0.14106099957810336
43,370,2.745624788447456,0.2380930141833244,0.364192946561019,0.4720646968588882,0.1175586501305973,0.34376310608691196,0.11587336391538894,0.14120525392483574
43,420,3.555585707820449,0.36732074241188944,0.47222103589581715,0.5989107580513741,0.16322728366445538,0.4804517343258592,0.4120277410393748,0.18198619497838397
43,470,4.886657343860002,0.5018561903883121,0.6279674170032052,0.7333600593763874,0.24383197493557218,0.8466225842898656,0.5067095415455579,0.17875679179417725
44,120,1.0743511113676965,0.20456095388661658,0.18973315806066418,0.17275789716863688,0.053883255698168986,0.4840507055662655,0.2098825019419972,0.10223040905801417
44,170,1.2675745837390786,0.24208814883303137,0.34337265244284876,0.42363282123743273,0.10428744602276241,0.4208073212979907,0.19715331094904576,0.0645598446579253
44,220,1.5044948573296935,0.23882067812396449,0.3743572166896896,0.4819594056804073,0.12049711483933567,0.36704863047740854,0.10371706551354953,0.12088117410912147
44,270,1.804454873038303,0.19030569904218164,0.3134898565429078,0.3879204809628214,0.09551509754134213,0.3790586238658631,0.0,0.0890342928408816
44,320,2.199273117867479,0.23596125202245738,0.24857314524767193,0.3041660380233482,0.07750847164103869,0.3113093634893557,0.38874370469484454,0.09807868226369998
44,370,2.745624788447456,0.38324732482199036,0.5172897950717388,0.6275521248178493,0.17670075323545364,0.6438888791477719,0.45214779001006433,0.015947076898812473
44,420,3.555585707820449,0.3191081637319054,0.5664426708633802,0.7457550366693229,0.2542212796626505,0.3695621929741595,0.0,0.22600230935339438
44,470,4.886657343860002,0.4316664298321558,0.6664805511003236,0.8001951994908438,0.3096938047094723,0.726266534856328,0.31531084429463807,0.006865765809497049
45,120,1.0743511113676965,0.29988726027898976,0.3419636990316126,0.35863610238037413,0.08885358068966132,0.6971242828731519,0.21072701909756653,0.14409531635419504
45,170,1.2675745837390786,0.23272744314140778,0.3105138560437236,0.3548424097399038,0.08802185373336491,0.5040196451096007,0.0,0.21675330712416963
45,220,1.5044948573296935,0.19657004160721733,0.27742669946816606,0.32628445736113854,0.08196817325166261,0.40775987825711524,0.0,0.1668376991661703
45,270,1.804454873038303,0.28414257418784555,0.28645153974040755,0.3160038220993817,0.07987214257721753,0.5125414055764944,0.34828830183946036,0.1640071988466738
45,320,2.199273117867479,0.3174879401424831,0.4651120275455143,0.559166024790791,0.146776312213466,0.6194555641178213,0.20777812868859946,0.05426367090173778
45,370,2.745624788447456,0.3147829031046508,0.5115813463225507,0.6477482317828053,0.18717716992192945,0.507587431815901,0.06411546214231756,0.16728621986030068
45,420,3.555585707820449,0.28079054967701406,0.4482046943822385,0.5708338888117145,0.15136446946699955,0.45242162485639936,0.09141342204320435,0.13791934320675248
45,470,4.886657343860002,0.4231239141287464,0.5774683532891949,0.7349785740825769,0.24514975433612296,0.5012918017041198,0.47491248700489597,0.15928695351601618
46,120,1.0743511113676965,0.18476648563833503,0.2618600429176387,0.30046958879424124,0.07678081199239473,0.41588724428663504,0.0,0.1306947831184041
46,170,1.2675745837390786,0.30304589593189907,0.3077118379561889,0.35975137742337915,0.08909939278685064,0.46390775536965845,0.3957173578485328,0.20675359623107414
46,220,1.5044948573296935,0.19644778396873117,0.3429639600634256,0.43235962459816646,0.10655328570819766,0.3793990925165087,0.013026762063046426,0.05090015495773659
46,270,1.804454873038303,0.25397529102416183,0.38553799380278636,0.4617942560733983,0.11459534169662844,0.5320840315639349,0.0,0.1614028257868475
46,320,2.199273117867479,0.43057575813126975,0.5468591775420393,0.6866495226321996,0.2101143707655233,0.5489391418089246,0.43136254186646517,0.2758132135832365
46,370,2.745624788447456,0.3079008496286934,0.5267167997229247,0.6374798016025822,0.18174129328522504,0.6586239696004613,0.0,0.06165918365519851
46,420,3.555585707820449,0.4277348082852521,0.5151450039346972,0.6258017559666671,0.17583294295634788,0.6380380974374003,0.5698852308332412,0.12911601423260444
46,470,4.886657343860002,0.3803936914307461,0.583709896412096,0.7137358930467073,0.228706152039017,0.6552788171621164,0.09420899897202495,0.21003859593386487
47,120,1.0743511113676965,0.16522227328119762,0.2986772552489829,0.4204563900933336,0.10347526707206933,0.13689736283310316,0.027702647242094258,0.13757969916538781
47,170,1.2675745837390786,0.14792799220661623,0.26660098175920427,0.36902371395725564,0.0911664811075914,0.1493008873863535,0.0,0.13014887858188062
47,220,1.5044948573296935,0.16498104057907192,0.13619265878732595,0.14444624668602268,0.04914372378919796,0.24825986552275248,0.33859057164648987,0.04446479525089664
47,270,1.804454873038303,0.16441143087309448,0.21865860896939257,0.2747907631667744,0.07185222590042384,0.2388072972948132,0.0,0.23660686800346098
47,320,2.199273117867479,0.4138471920480403,0.49740759379325056,0.6032357082365559,0.16516715098043933,0.6278292073747147,0.6010167583917073,0.07198713525678424
47,370,2.745624788447456,0.2888816892517904,0.501787001406791,0.6529346960565847,0.19001358494210108,0.416818583582099,0.0,0.18464158167816747
47,420,3.555585707820449,0.44419296046727264,0.5897505682283516,0.6800757126800022,0.20595152758680502,0.8681150581576599,0.43142659943962425,0.03539590447227159
47,470,4.886657343860002,0.38191007990461845,0.6603458689465331,0.7757351133502399,0.282530437422688,0.8284812772047814,0.0,0.022803571545382817
48,120,1.0743511113676965,0.15607904374337037,0.2515862681402625,0.29204659093225893,0.07514040370721875,0.3838214176940167,0.0,0.029386806383357444
48,170,1.2675745837390786,0.18156387711493424,0.23638164815187043,0.28903826526233733,0.0745603070275026,0.2954574149172827,0.0,0.24876339836754857
48,220,1.5044948573296935,0.14967534134930446,0.19887636993130742,0.24056370038766417,0.06558364639850978,0.25428158732720996,0.038397231483784044,0.1495505411493544
48,270,1.804454873038303,0.35120810868502356,0.4081353310396977,0.4821044753331454,0.12054082793634291,0.5915829257048315,0.4446641649266283,0.11714814952416985
48,320,2.199273117867479,0.28391883044795463,0.46256876048305673,0.595059741743952,0.1615264971978162,0.43434194091487655,0.0,0.22866597238312847
48,370,2.745624788447456,0.3035728633988805,0.4754862252467528,0.6237478579351895,0.17482240392236403,0.3835460633669875,0.08253876783857272,0.253209223931289
48,420,3.555585707820449,0.39168725493124684,0.5892607745624211,0.7142678258678279,0.22909650166682316,0.6895063575001242,0.0,0.3255655896214591
48,470,4.886657343860002,0.3576681159106746,0.5095997579762451,0.6310641378952903,0.17846059919684498,0.5756408362657315,0.2657095003425797,0.13746550585292638
49,120,1.0743511113676965,0.27859824562254987,0.38635079442168624,0.4382104339346006,0.10810155876543448,0.6426609624637817,0.0,0.20401827294893282
49,170,1.2675745837390786,0.20764659585527961,0.2435101526652956,0.2723146727521306,0.07138793149052869,0.41516244094256716,0.19271824575435925,0.08664968833681219
49,220,1.5044948573296935,0.13031665562650355,0.2018930211491119,0.27793293604621894,0.07244405957106781,0.11348163085742402,0.08886030047406768,0.09886435118373926
49,270,1.804454873038303,0.24209935999918342,0.34104102004066705,0.4261229950118073,0.10492879360145135,0.3942334975547992,0.1753627462126699,0.10984876761518936
49,320,2.199273117867479,0.3064742747245723,0.5085852860546122,0.6283940160877961,0.17712034010522215,0.581791942504193,0.0,0.14506507492565035
49,370,2.745624788447456,0.3117114280558716,0.45373450872719323,0.5322835808176258,0.13687775824327253,0.6676328045053309,0.0,0.2217629967131285
49,420,3.555585707820449,0.22617817649504418,0.3699389098186576,0.4527038446822623,0.11204266723589529,0.46870624133550953,0.0,0.09743812922155382
49,470,4.886657343860002,0.365623980410055,0.47814861530546,0.546782576263578,0.14210519533609234,0.7636851380886007,0.1433952537148202,0.23215173864718375
50,120,1.0743511113676965,0.1718490719627229,0.27124823212568205,0.3542560371507828,0.08789390191089619,0.24480756238325574,0.0,0.17228785836867977
50,170,1.2675745837390786,0.19594073852646954,0.3255382327749527,0.4104127037612457,0.1009497319466196,0.3603545168770024,0.10795998678346197,2.675326401802014e-05
50,220,1.5044948573296935,0.2915336741208372,0.4294603543327302,0.5150241987433611,0.13096866928750772,0.5846911184322441,0.05635213205137157,0.17063225208970145
50,270,1.804454873038303,0.3190324778992621,0.47821828846918674,0.5802012351541692,0.15518786552524655,0.6086705399691572,0.07365785605099706,0.17744489279674036
50,320,2.199273117867479,0.3132738880424105,0.44349665678325423,0.5452906160518636,0.14155556251739032,0.53955597681859,0.0,0.3399672848242088
50,370,2.745624788447456,0.33067178698355787,0.4488087762660821,0.542333439911594,0.1404742453397484,0.5886010065612576,0.29825429279538707,0.08369595030980237
50,420,3.555585707820449,0.5230911302886916,0.6497152477110779,0.7617153339316197,0.26868548296890993,0.8367645107325236,0.5725932407906772,0.17569708301972797
50,470,4.886657343860002,0.46215039106419614,0.708777682381007,0.8420337584465223,0.3677347035546418,0.7441583428295547,0.17541974908308844,0.18140540140717343
51,120,1.0743511113676965,0.24837694861442197,0.23554238137352337,0.21369703828601005,0.060857013687097616,0.6140660332009529,0.18130574418702572,0.17195891371102356
51,170,1.2675745837390786,0.23528419712305465,0.3629973847869495,0.43628591986680176,0.10758964569607254,0.4955228096190021,0.0,0.1370226104333967
51,220,1.5044948573296935,0.1901094117525807,0.3136056058995261,0.3744316661506464,0.09239190031302025,0.4389908742058878,0.0,0.04473261809334905
51,270,1.804454873038303,0.3774497756552506,0.39589193869501704,0.4845698795458142,0.12128656502060287,0.498855798082519,0.4310582569731003,0.3514783786542165
51,320,2.199273117867479,0.40416318048686445,0.5146415025872755,0.6131907943985248,0.1697564765868088,0.6952527120097223,0.2702319286959314,0.27238399074333497
51,370,2.745624788447456,0.32697656135984215,0.5305190985695573,0.6290453565560304,0.17744594096924104,0.7248693292908582,0.0,0.103522179983081
51,420,3.555585707820449,0.37852224898776415,0.5609429432127143,0.665336368414043,0.19705887693240132,0.7498426862079215,0.0,0.28037331338445515
51,470,4.886657343860002,0.41194837006079565,0.6055411503745841,0.7199106371942692,0.2333024341538994,0.7684610634636515,0.33652085651981645,0.001546858972341747
52,120,1.0743511113676965,0.1839384951955409,0.2956505597898693,0.36532569274287496,0.09033701008017858,0.3591392774939979,0.0,0.104890495660653
52,170,1.2675745837390786,0.27193338659894684,0.30849795326211704,0.33945930722790785,0.08471695894172537,0.5576208612662732,0.199024694484641,0.17884511107418655
52,220,1.5044948573296935,0.18955573757896427,0.24070670550649115,0.2532516865858814,0.06787154605713608,0.4785853802711888,0.0,0.14807007498061509
52,270,1.804454873038303,0.19405863345276234,0.2554677239077553,0.28230901563553557,0.07327333182153273,0.4517598771403386,0.0,0.16295094266640475
52,320,2.199273117867479,0.3008215223406058,0.3440538682722656,0.41272637041894134,0.10152588872989166,0.47357715892285235,0.2281533424619141,0.28812485116942954
52,370,2.745624788447456,0.31848680250495015,0.47791472549701447,0.5956609390951816,0.16179039374110926,0.5338037573641883,0.14573794791218175,0.15544097441208993
52,420,3.555585707820449,0.3451122404058288,0.5512019329273697,0.6510779455676349,0.18899093345010598,0.755382881495082,0.021672742574248227,0.10843669894207286
52,470,4.886657343860002,0.5644705861983372,0.6839632894195891,0.7992108572606833,0.3085177430416277,0.8487155953518147,0.46746084507793306,0.3984478902596267
53,120,1.0743511113676965,0.10373480052370958,0.13184130197855845,0.1404600855024647,0.04847704704088773,0.2363065927790513,0.0,0.09343027729614417
53,170,1.2675745837390786,0.2877025590751255,0.290943157156057,0.3458821694887788,0.08608392177080748,0.41261916680058564,0.31356861635119726,0.2803589209642583
53,220,1.5044948573296935,0.21046670081922225,0.32757266445640265,0.3972153597159078,0.09772528016232862,0.43208085724183887,0.0,0.12531200697603595
53,270,1.804454873038303,0.2838617866436326,0.39965960320501226,0.49358536452114865,0.12406032717880566,0.4832886846508112,0.29782902095427055,0.0205455359131268
53,320,2.199273117867479,0.24544199468587058,0.4072444070598426,0.5275241070829125,0.13521540301004875,0.37950728038388626,0.0,0.18496318295250525
53,370,2.745624788447456,0.35132676229371657,0.4100140780792836,0.5076487812331736,0.12854041334242483,0.4885980400251546,0.5771623550755131,0.05468422179231669
53,420,3.555585707820449,0.26963130887618436,0.4720868510754345,0.6299570848296976,0.17790315404206913,0.33091207778065823,0.0,0.20938422772849674
53,470,4.886657343860002,0.454432356547189,0.6280811967244918,0.768232065017433,0.27497953751099,0.6559804889085636,0.4543688309527142,0.11860086034624406
54,120,1.0743511113676965,0.15960521193467336,0.29080387375640754,0.41565347344309256,0.10225959317286526,0.1056459426489047,0.17141548949169094,0.003051560916813356
54,170,1.2675745837390786,0.21249947603121555,0.313340018099418,0.41394479165904563,0.10183064333081704,0.26343654847524267,0.16577813803332786,0.11750725865764466
54,220,1.5044948573296935,0.20969951069239828,0.2962120891939199,0.37647010068874387,0.09285769712752012,0.31410402999195697,0.0,0.2650657256537704
54,270,1.804454873038303,0.13822823436091075,0.22910222962984364,0.311767457206938,0.07902029384634046,0.14857787896063823,0.07352780640011936,0.07824773539051766
54,320,2.199273117867479,0.2495303983237819,0.38900296569589426,0.4596441713251658,0.11398575205979744,0.5648001659056364,0.0,0.10922190232830975
54,370,2.745624788447456,0.2862617904759153,0.46276484685601793,0.6308359575406575,0.17834549589802418,0.2645126557141162,0.2988279591704168,0.0587868840563619
54,420,3.555585707820449,0.2798867306974331,0.47682985456509164,0.6150262804682342,0.17062217797716195,0.4343902785990711,0.0,0.17939491644269812
54,470,4.886657343860002,0.33994334965950435,0.46983185458805576,0.5706660148131176,0.15129711100954557,0.5973864529853254,0.09503077890984546,0.2853363905796876
55,120,1.0743511113676965,0.21971683508546627,0.3097547500762526,0.3544692592915175,0.08794041033309263,0.5005872794537929,0.0,0.1555872263489283
55,170,1.2675745837390786,0.24534148945517548,0.34176407877869885,0.3403003398023653,0.08489492605112725,0.7757342892299859,0.0,0.0257778921923989
55,220,1.5044948573296935,0.27161561197574463,0.3167384015523687,0.3694445673875877,0.09126131224707568,0.4817088870536479,0.30571975556718933,0.10994353762322284
55,270,1.804454873038303,0.2458630688676105,0.36971101787362604,0.44996009056274544,0.11128466724203023,0.4794253115031415,0.0,0.18864527503013528
55,320,2.199273117867479,0.2896000223115206,0.44580797513239157,0.5143006509712683,0.13072796670962172,0.6969706191481675,0.0,0.10600087472854558
55,370,2.745624788447456,0.41051849930102635,0.5575746853153858,0.6599779520194137,0.19396803987275402,0.7539726942369938,0.24378406075356573,0.20088974962240458
55,420,3.555585707820449,0.240899176316176,0.45219355302405123,0.6008002482687235,0.16407085644476826,0.33797126634416697,0.0,0.10165351052322125
55,470,4.886657343860002,0.40563300384547707,0.5272663981469385,0.6498474277637271,0.1883176504642894,0.6018568591508665,0.5656061636416143,0.02253691820688808
56,120,1.0743511113676965,0.21583390088500778,0.2983352085066138,0.3264279844140844,0.08199773219989126,0.5465265653879359,0.0,0.12421722242312727
56,170,1.2675745837390786,0.3119015454591965,0.30929042501421283,0.3436438948024636,0.08560549233694603,0.5446847669899878,0.4898240859350427,0.0957494872315422
56,220,1.5044948573296935,0.3010137493196555,0.4473346312676716,0.5439601604554078,0.14106774501064678,0.5712773249451011,0.19861777432347938,0.05014574186364262
56,270,1.804454873038303,0.22047895006859514,0.4140151765895626,0.567614024979145,0.15007947652223197,0.239512616476784,0.0,0.1451886323648145
56,320,2.199273117867479,0.37386832076720183,0.5366512893925838,0.6876646757466605,0.21076861105179368,0.4757355412109272,0.12235117349969749,0.3728216023269304
56,370,2.745624788447456,0.4333287594387554,0.5647324351673269,0.7134017119274882,0.22846145042183552,0.5305069693691663,0.4546149876243527,0.23965867785093387
56,420,3.555585707820449,0.30962926080929676,0.5220419971528928,0.6287742531336032,0.17731031379632234,0.6696657788243351,0.0,0.07239595829222312
56,470,4.886657343860002,0.4474793540212717,0.6020938315119082,0.7472313320627255,0.2555058571897968,0.5991904531788246,0.27477999472203707,0.36068913295297444
57,120,1.0743511113676965,0.22624002798894088,0.3342857986808344,0.4100030727447119,0.10084806925126188,0.42047958480794534,0.0,0.19986941314078532
57,170,1.2675745837390786,0.24960156716871706,0.3767312852608217,0.481766523962762,0.12043902349910418,0.38374410005592363,0.22756259522741762,0.03449559309837791
57,220,1.5044948573296935,0.25577209537444656,0.42929798994310514,0.5250400071333298,0.1343578901318887,0.5378967542009009,0.0,0.08156582540611323
57,270,1.804454873038303,0.2560773106188581,0.30969969037081485,0.40195218151407586,0.09887068432222956,0.292071402545413,0.30823793897795626,0.17925434573461596
57,320,2.199273117867479,0.27876854856737476,0.3835759857416281,0.5062775381304176,0.12809505419807665,0.3185713287590558,0.26856310645020487,0.17233571529911873
57,370,2.745624788447456,0.2707124841498018,0.4623003516038053,0.6225465510017406,0.1742351898863168,0.3014241568745448,0.0,0.255356522986407
57,420,3.555585707820449,0.5532348545973409,0.6304717842038535,0.7073973622021064,0.22413346753035868,1.0,0.5436617413393654,0.29098170191487416
57,470,4.886657343860002,0.4133519173345941,0.6556979265738806,0.8065544584965033,0.31747658514966204,0.6159740345904205,0.0,0.32675450843638465
58,120,1.0743511113676965,0.11949540795497318,0.15312756540244726,0.16832689626167707,0.053139272136898064,0.2589773974081101,0.0,0.11703347396818065
58,170,1.2675745837390786,0.2336918648312273,0.23256072712527073,0.30804086700990774,0.07827648826064659,0.18778056569442958,0.41235606410849657,0.18200533908265593
58,220,1.5044948573296935,0.25685654050492124,0.3905826457151893,0.4944832858114654,0.12434069455371088,0.418716670599216,0.1714476826394048,0.07529436892080887
58,270,1.804454873038303,0.28810836663704076,0.4526064829261458,0.5952661484841246,0.1616170326967331,0.36695023774325164,0.0,0.3167084142610943
58,320,2.199273117867479,0.2997345343279365,0.41709840275722354,0.5430430725238018,0.14073275400087826,0.37392913828481933,0.29771332668311945,0.14325438014706393
58,370,2.745624788447456,0.2867315940209208,0.41832916289739364,0.5227179144836501,0.1335624693880958,0.4753853124011975,0.15352328331889642,0.14846899051276397
58,420,3.555585707820449,0.3199157885767402,0.46205715382735707,0.5420246819038201,0.14036196036812543,0.6783456972868911,0.20465552660652597,0.03419107671833843
58,470,4.886657343860002,0.2940629304789367,0.5305109848420585,0.6801993957652607,0.20602869008411995,0.47256116574581397,0.10701885946095124,0.004506541338537673
59,120,1.0743511113676965,0.1655768166617377,0.3231842299259122,0.42644661866282263,0.10501244551342281,0.27375431566575303,0.0,0.02267070346669009
59,170,1.2675745837390786,0.2542240161547581,0.41564502557126787,0.5587340249156575,0.146609997672406,0.2916807413584792,0.09280091282207192,0.18129440400517582
59,220,1.5044948573296935,0.2801147097510167,0.4181804812466166,0.5535007257569183,0.14461478776053416,0.33284232568221406,0.3135993555190506,0.05601635403636662
59,270,1.804454873038303,0.17539753203612754,0.3333400570927824,0.4543896352761865,0.1125112230825217,0.21718980104293428,0.0,0.09289700077899521
59,320,2.199273117867479,0.2488225558062485,0.3841195780158046,0.4498687178779417,0.11125952181528243,0.5758897789014599,0.06345005690530758,0.04364470353125116
59,370,2.745624788447456,0.24627499266957717,0.4536593423402687,0.5666929980049216,0.149714590478513,0.5080993061179172,0.0,0.006868068746534117
59,420,3.555585707820449,0.4589841220550593,0.5769408490512365,0.7160947668277741,0.23044513722632143,0.597818030986612,0.6248776423153499,0.1256850329192385
59,470,4.886657343860002,0.4125354390833743,0.6435380773425399,0.7643539688090135,0.27120535176198535,0.7808290541109029,0.0,0.24628882073496994
60,120,1.0743511113676965,0.19799811122691283,0.26483407602204045,0.33586564361993776,0.08395994958434339,0.28216468302661313,0.1495780458669832,0.13842223403668663
60,170,1.2675745837390786,0.18450031229315406,0.299806830855359,0.36929922882766353,0.09122855295541654,0.36946770213271163,0.0,0.09250607754997864
60,220,1.5044948573296935,0.1795571988837315,0.3012777830384114,0.3694466704731273,0.0912617863603239,0.37862889442969383,0.0,0.05844864315551246
60,270,1.804454873038303,0.34535378773173514,0.42320542614243695,0.4779353523377181,0.11929191158626173,0.7108082456216043,0.21078915699214607,0.20794427212094546
60,320,2.199273117867479,0.33775121845053163,0.48559933022567847,0.5732823426704675,0.15235148290289546,0.6902803593178276,0.0,0.2728419073614674
60,370,2.745624788447456,0.3607115165529432,0.5299060799363212,0.6505278197040721,0.18868949315296024,0.6161134321709197,0.16293337824001253,0.18529345949675124
60,420,3.555585707820449,0.3892403392523051,0.5857466682895247,0.7131798904738335,0.22829924911834876,0.6717594781709163,0.09642555232486305,0.23653752617356405
60,470,4.886657343860002,0.35087482501986544,0.6011324544855692,0.7304298367426222,0.241474675798383,0.6833725566026679,0.014316553044506297,0.08478050291114769
61,120,1.0743511113676965,0.13584118482525204,0.1928900943975999,0.21584840267081806,0.06123027703717421,0.3204898902387703,0.0,0.08163735417949769
61,170,1.2675745837390786,0.1733886663363699,0.16884400582903442,0.1688620110830522,0.05322904981651211,0.3614635781671671,0.11909169136711883,0.16429700124799929
61,220,1.5044948573296935,0.23565023632280732,0.2856224612917308,0.2835567559453278,0.07351087305151627,0.6474045964110335,0.08003653820015921,0.0937424180059997
61,270,1.804454873038303,0.24659156470519142,0.31003880617002566,0.4036532489653495,0.09928523918828103,0.2868369799583048,0.19601181139317803,0.24717054402084382
61,320,2.199273117867479,0.19539772508395928,0.3108058269293404,0.4157845642494187,0.10229257847992879,0.23841295839804677,0.17032162378904436,0.05017690050335777
61,370,2.745624788447456,0.28451600323937004,0.4584348034732271,0.6100410387923398,0.16828527727272524,0.3355924058642792,0.10234791631694251,0.20631337795056348
61,420,3.555585707820449,0.488116818044902,0.6847453547379782,0.8073842815500482,0.3185164383545517,0.8045711747954094,0.3851326438465229,0.12497955167797747
61,470,4.886657343860002,0.5215323566363543,0.7258391683489188,0.862545466962246,0.4034414912386086,0.7163434357461269,0.3888007946333438,0.23653059460144654
62,120,1.0743511113676965,0.21518124263656238,0.34966758416553534,0.43363119333180844,0.10688775145577167,0.41844620201671556,0.0,0.1169410663785162
62,170,1.2675745837390786,0.3146185325405175,0.377954501296797,0.479216120043221,0.119673970776217,0.4033755771787342,0.41098454221891556,0.15984245248549978
62,220,1.5044948573296935,0.24713370022414435,0.39805555433548867,0.48315857206238,0.12085901180831582,0.5196377209732117,0.0,0.11201319627681428
62,270,1.804454873038303,0.28410528586191663,0.4220112643600282,0.4733870900438577,0.11794652463490651,0.7232825278332469,0.07698778207065271,0.028922504726919374
62,320,2.199273117867479,0.3125954125179253,0.45445083824986554,0.5490102502104409,0.1429310245256884,0.5954128799478592,0.0,0.27562290790563815
62,370,2.745624788447456,0.302818933379643,0.4210557141467383,0.5209010056630904,0.13294420323851996,0.5018603995950273,0.0,0.3583890584015773
62,420,3.555585707820449,0.4505562790839431,0.5699045071684827,0.7047090870114477,0.22223693733622674,0.6101321375170499,0.5128510567573312,0.20285217679765943
62,470,4.886657343860002,0.38776226045811113,0.6101033482418223,0.7681422324994469,0.2748911425192433,0.5366348207489557,0.0,0.3591431065229096
63,120,1.0743511113676965,0.3049340384382034,0.3058637095044565,0.31523513647083723,0.07971707112794557,0.6452890655997853,0.27552429602460726,0.20890462296784162
63,170,1.2675745837390786,0.2087054018976359,0.2927923130083096,0.34843743236859126,0.08663284643415126,0.41381094652411343,0.0,0.1946457841613235
63,220,1.5044948573296935,0.2148442021275742,0.3679019037999336,0.4463729113381736,0.1103021609160193,0.4833507784534975,0.0,0.03419515993018074
63,270,1.804454873038303,0.3337365397537308,0.4557845108896836,0.5622959906873185,0.14798878200796628,0.5427314731686728,0.32108682443356373,0.09457962847113255
63,320,2.199273117867479,0.38756865201392066,0.5190993366922703,0.6263011368788066,0.17607990600676626,0.6619911870886315,0.31651729521471383,0.1569537348806853
63,370,2.745624788447456,0.3165561001625629,0.5009263631065248,0.5673086477109174,0.14995836305507093,0.8203438914413775,0.0,0.04516959860544878
63,420,3.555585707820449,0.27119672662473704,0.3977612048454041,0.4777261272759603,0.11922963356097638,0.5421208005972257,0.0,0.2169070716895226
63,470,4.886657343860002,0.5056942576697353,0.5832835429776105,0.6945611740246923,0.21529682331366362,0.7514842182291953,0.626200355672764,0.2409287171083615
64,120,1.0743511113676965,0.17171040122338807,0.2755968976077634,0.32781926493943137,0.08228469417420192,0.38889443400369417,0.0,0.059553612999612926
64,170,1.2675745837390786,0.33231180894476386,0.41375488227180424,0.4719642300319784,0.11752924196692238,0.6746268917392444,0.10826272000152859,0.28917596098414555
64,220,1.5044948573296935,0.24686487178068967,0.3352775111964294,0.35326926992058016,0.08767894220284977,0.6759747579557924,0.0,0.1174013888242259
64,270,1.804454873038303,0.2798693084253432,0.2922597723975998,0.2974115541608796,0.07618244321554091,0.6317815273145788,0.30101320699844814,0.09295781043726858
64,320,2.199273117867479,0.24375132919573442,0.396123040823359,0.47538349352536446,0.11853489271536566,0.5417281435286595,0.0,0.08311011620928244
64,370,2.745624788447456,0.25779894643642876,0.47395475380115926,0.6001799369224602,0.16379324883964508,0.4859898629184791,0.0,0.03903168350155939
64,420,3.555585707820449,0.3272493963491738,0.4627600503722491,0.5746069293408849,0.15288905119322194,0.5318241997960851,0.17459578340686022,0.20233101800881692
64,470,4.886657343860002,0.3963401269308953,0.5572353949184313,0.6332687769130297,0.1795782407505393,0.882530457219858,0.11704912841987192,0.16927403135117758
65,120,1.0743511113676965,0.14658910467970837,0.2721280173924056,0.3591470930512679,0.08896613169937195,0.22932152424534602,0.0,0.05551077440255603
65,170,1.2675745837390786,0.246738006993648,0.39392063979605685,0.4977887462983206,0.1253793514994136,0.4260170276147407,0.1429872128754005,0.041517696680364646
65,220,1.5044948573296935,0.3765666921236085,0.568404739062864,0.6655348572126852,0.19717477530146776,0.7986008727325736,0.0,0.22152295537131594
65,270,1.804454873038303,0.27287020529761963,0.4932669330234912,0.6059689963118432,0.16640971469558397,0.5872207104165953,0.0,0.004751605064075681
65,320,2.199273117867479,0.377037128350859,0.5414506058852202,0.628156682705068,0.17700191188325975,0.8020407886090968,0.1084895786337211,0.16949667992314954
65,370,2.745624788447456,0.48664276871417583,0.6698049275409119,0.7879576952330694,0.2955861216777732,0.8208918665441803,0.3326725294756834,0.19610563064017295
65,420,3.555585707820449,0.3853720811719861,0.5988171114108569,0.7085437596264851,0.2249498855544807,0.7830225616423049,0.0,0.2103441990366599
65,470,4.886657343860002,0.4535513737008001,0.6213502064539427,0.7017294292125767,0.22016375097395846,0.9684774078860469,0.22594385525154692,0.1514424251798715
66,120,1.0743511113676965,0.14834671795809548,0.1754522937862127,0.14682944810398768,0.04954214186050987,0.49979392972461745,0.028847801995609212,0.016720268105753222
66,170,1.2675745837390786,0.3012225056847811,0.3874842416411573,0.46125133966249854,0.11444106912073371,0.5474878037564986,0.27201898850995154,0.11091332737422299
66,220,1.5044948573296935,0.20635749770944906,0.36377601033107554,0.4779955843155269,0.11930984726809546,0.31434131949823696,0.11423830184132033,0.00590243562406545
66,270,1.804454873038303,0.3210540054706022,0.44134380452618505,0.4998190765125272,0.12602250040985885,0.73297822344136,0.0,0.2464502269892651
66,320,2.199273117867479,0.32460422355788465,0.497556895291585,0.5770951400123551,0.15390578909634967,0.7521557600672303,0.0,0.13986442861348813
66,370,2.745624788447456,0.3433712582879495,0.5015207349418722,0.574357759890351,0.15278773403719903,0.7913943033224123,0.014033835716327658,0.1842826584734576
66,420,3.555585707820449,0.4108972445689794,0.5470049537349311,0.6472361957056048,0.18690052071983343,0.7462540408773995,0.42272671305057086,0.051368752491488534
66,470,4.886657343860002,0.3669038975942887,0.5383376501524382,0.6970444039598827,0.2169639029146233,0.43913354698568496,0.20519829002304624,0.2761793440882062
67,120,1.0743511113676965,0.17869747064102093,0.2675404937508163,0.33553500951578485,0.08389057805395317,0.30164562351904745,0.01536652010616979,0.15704962201014938
67,170,1.2675745837390786,0.3965798712363948,0.44855755389475704,0.5307453082759949,0.1363376668445262,0.640173014786857,0.43371374284747,0.24192962342712598
67,220,1.5044948573296935,0.3408956419507581,0.508651314866852,0.5923874016877301,0.16036062837740217,0.7541914450657559,0.0,0.1975387346229025
67,270,1.804454873038303,0.37184851285814946,0.479940543663554,0.5610646027130839,0.14751019959072664,0.7094948809201468,0.3607093356567119,0.08046354541007816
67,320,2.199273117867479,0.34873139188888946,0.5308537146410739,0.6614425996355522,0.19480567338334187,0.5685782434260478,0.09590566182468929,0.22292478117481607
67,370,2.745624788447456,0.3156870086666845,0.5283051983679095,0.6819725309727419,0.20713973415093,0.44891164164354547,0.0,0.24041113656620483
67,420,3.555585707820449,0.5104197304556143,0.6255439125544102,0.7588253765618411,0.26596904867354787,0.691709496326124,0.479832211338191,0.35576251937836734
67,470,4.886657343860002,0.43043938459704234,0.6761292103129952,0.7940489181989225,0.3024709976661698,0.8272140665139949,0.11243638292317826,0.11602655768294645
68,120,1.0743511113676965,0.23780869557242465,0.26191892195253813,0.28453908873573863,0.07369823272085496,0.48513940353920804,0.307171383728412,0.03849536913790952
68,170,1.2675745837390786,0.15568267275137188,0.2594925845021332,0.31431993623445975,0.07953273521672932,0.3401162597151668,0.0,0.04444443259050357
68,220,1.5044948573296935,0.2826523283953876,0.37989102482533976,0.48554376342173944,0.12158263812943937,0.38779404826624186,0.19767935963191208,0.2206618325276053
68,270,1.804454873038303,0.24631216780947449,0.43057542753823963,0.5265794716285352,0.1348885050772456,0.5393707886120475,0.0,0.030722073729544053
68,320,2.199273117867479,0.35980229328753255,0.4661470321899947,0.5900610430205889,0.1593551128849654,0.48181085437600013,0.42061173647878125,0.14717271967732748
68,370,2.745624788447456,0.46447595414963916,0.6271977715720026,0.7547404625717865,0.26220474803709015,0.7253487134643878,0.3947695148201391,0.18531633185479213
68,420,3.555585707820449,0.35624661205064634,0.612874646923141,0.7566179003202258,0.26392403274965404,0.6194859902906139,0.0,0.14120513689273795
68,470,4.886657343860002,0.28304898452095195,0.47843563349755175,0.5932080522438142,0.16071741823843066,0.5488763172777035,0.0,0.11244313484481128
69,120,1.0743511113676965,0.20509718657487483,0.3283307696020058,0.3911446613182038,0.09627624569743176,0.4638327425781703,0.0,0.0742322832805683
69,170,1.2675745837390786,0.18377799956664825,0.2169140112970369,0.2517172786866355,0.06759274443736263,0.3265697198380997,0.2397602382767785,0.033250016594364995
69,220,1.5044948573296935,0.25063127732581986,0.33486585060291973,0.3724069048330133,0.09193135146535492,0.5895924655784867,0.17175487883948448,0.027470785912760087
69,270,1.804454873038303,0.2670280544022511,0.42275809599570024,0.49075712454239273,0.12318215045950232,0.6500552243692604,0.0,0.07114577264010014
69,320,2.199273117867479,0.23380010794324138,0.3506386176690572,0.3935385108706664,0.09684513901172798,0.6020281759581692,0.0,0.07658871387564326
69,370,2.745624788447456,0.3533812514032677,0.4573086866592868,0.5737712972637936,0.15254962312693332,0.4993900167951818,0.5260116714284908,0.01518364840193931
69,420,3.555585707820449,0.3156681140325287,0.5216814884841852,0.6415460247393363,0.18386599704982143,0.6052491625208536,0.0,0.14767938585263207
69,470,4.886657343860002,0.5186987253463464,0.6410226532072536,0.7391024595767881,0.2485591514427662,0.9028092640032612,0.5868637831553323,0.11615896855358487
70,120,1.0743511113676965,0.1074436268576838,0.20667182227117975,0.26854007784456324,0.07068361107930787,0.18584581863076555,0.007765626441292084,0.00438300029249028
70,170,1.2675745837390786,0.14065937738234313,0.22577207348533399,0.2838601528276168,0.07356870709826913,0.2470920334279777,0.055731773926327555,0.043044219631524494
70,220,1.5044948573296935,0.23043962650409497,0.2722431647307239,0.2681826955586203,0.07061713859596808,0.6245284183103982,0.0,0.18886988005548844
70,270,1.804454873038303,0.2663154291990828,0.2825929058929439,0.31484328188236166,0.07963810649091507,0.49184940093865437,0.25803687041406786,0.18720948626941492
70,320,2.199273117867479,0.3128816490729737,0.4295123081815598,0.5126216351167716,0.13017150914963826,0.5959763321605817,0.0,0.325638768937877
70,370,2.745624788447456,0.3978052216095598,0.5266788589990689,0.6748105992883578,0.2027068577288762,0.4741052332922342,0.6360633109837606,0.0013401067545701917
70,420,3.555585707820449,0.3332337829399865,0.58428134479357,0.7476877496546812,0.2559051160178857,0.47794943997526573,0.0,0.18462660905209993
70,470,4.886657343860002,0.3636224665363971,0.5836904705754231,0.753090505957231,0.26070869804106755,0.4443932832721178,0.0,0.3599198454115694
71,120,1.0743511113676965,0.14944912788897796,0.2246840785643819,0.28018137855587644,0.07286940224532645,0.2557193391301631,0.07598588363131797,0.062489635882205796
71,170,1.2675745837390786,0.3192096029762029,0.372482193770984,0.43886603034678506,0.1082765416291247,0.5472896010375453,0.35649067819333347,0.1451251636742258
71,220,1.5044948573296935,0.2144905866096835,0.3701219213914251,0.4827463163062261,0.12073445351586909,0.33527012152481417,0.0,0.13370204170150823
71,270,1.804454873038303,0.20291553227536907,0.3665066526295049,0.48248615861462607,0.1206559273064518,0.312339837560775,0.0,0.0990957378949926
71,320,2.199273117867479,0.2801561067045326,0.393526559189608,0.45812262255896874,0.11355656487576737,0.6017589629018996,0.0850196694383305,0.14232271374769712
71,370,2.745624788447456,0.29822081853319904,0.437761469417756,0.5084601628200196,0.12880482877454436,0.6698944302140543,0.0,0.1839446708573771
71,420,3.555585707820449,0.41913220511419513,0.5744362353958495,0.693695571551308,0.21472033627309317,0.6969253893119435,0.48403885620048026,0.006280872234150969
71,470,4.886657343860002,0.3676067836128884,0.5969992665734704,0.7147726086605446,0.22946789185149152,0.7384581894284716,0.0,0.1553352281239343
72,120,1.0743511113676965,0.355945155209926,0.3673539397129776,0.408082158669666,0.10037270840123291,0.6494097827391319,0.4034379958029841,0.21842313043661488
72,170,1.2675745837390786,0.2872152899881365,0.422693148974296,0.4974190553617035,0.12526266980415945,0.619506988708227,0.02318191628294941,0.1707058197836432
72,220,1.5044948573296935,0.20098417200884486,0.34210439093341427,0.421968037541248,0.1038609575381888,0.419722193494122,0.0,0.05936967147066552
72,270,1.804454873038303,0.4003640858000324,0.4824504316189146,0.5761934902831994,0.1535363048125079,0.6556684083057862,0.3610567943982136,0.25536543120045474
72,320,2.199273117867479,0.32548226187934304,0.5547946803422154,0.668195135028025,0.19873800184417645,0.6946206590957088,0.0,0.06585751342880519
72,370,2.745624788447456,0.3099165735461482,0.4953163006304287,0.6069551411818309,0.16686122876310605,0.5961860582036911,0.0,0.17958043958211312
72,420,3.555585707820449,0.3591042562765477,0.49536168021683874,0.5923715367338608,0.16035374160607296,0.6656688185000271,0.07260805365472356,0.30451913088805405
72,470,4.886657343860002,0.4067055282662445,0.5225135508118528,0.6542462296623514,0.19074086597954087,0.5485373101303788,0.3384268262753253,0.3015764092836263
73,120,1.0743511113676965,0.2248293470984847,0.28357688201178577,0.3258603447060259,0.08188087712104519,0.4506030393860596,0.15563219785266835,0.11017027642662447
73,170,1.2675745837390786,0.30338105863063397,0.378778583844681,0.46891032885887585,0.11663933268705762,0.4551503557172738,0.28401674368026386,0.19218853220969878
73,220,1.5044948573296935,0.24856329225397533,0.4067076330937099,0.5227569704214624,0.13357579894406324,0.39773000736544417,0.0,0.18875368453890684
73,270,1.804454873038303,0.3739714259233149,0.4717311844637013,0.6065125248136859,0.1666583615692483,0.4410605278878512,0.5025418267570465,0.15308388858874256
73,320,2.199273117867479,0.2993313836953148,0.5227541339586735,0.666644736513214,0.19782471786744582,0.4887407505592243,0.0,0.14344671353669014
73,370,2.745624788447456,0.2986804226064732,0.5022859430953724,0.6410557147744355,0.18360788892811009,0.4783369466578906,0.0,0.19040156267192976
73,420,3.555585707820449,0.3608503069555624,0.5403176594906766,0.6319983817603504,0.1789329865249193,0.7759025586882433,0.1152213810012821,0.10219622680301688
73,470,4.886657343860002,0.6156809362874892,0.7407400870982324,0.8435719004367599,0.3702193482451498,0.9469473984992605,0.5480743768358819,0.3695916574203939
74,120,1.0743511113676965,0.12542338508664835,0.14085124988090883,0.1425909095249247,0.04883347758058487,0.28725556513871864,0.06411264176391496,0.08432433142509865
74,170,1.2675745837390786,0.16137341661381333,0.27987856443847653,0.3371444592116106,0.08422869998736704,0.37689809276445607,0.0,0.00859583110563289
74,220,1.5044948573296935,0.35037185659700004,0.40683828061478666,0.4807525733976311,0.12013418387960795,0.5890212707087069,0.5334465297751867,0.02850472522386771
74,270,1.804454873038303,0.1794827442070065,0.30874787613690713,0.4124937944858432,0.10146782163695367,0.23923096024108526,0.0,0.14422114467115033
74,320,2.199273117867479,0.2027441472636292,0.2929544793201447,0.36650018116323024,0.09059971238265185,0.33602961684362387,0.16841825022716472,0.05217297570147528
74,370,2.745624788447456,0.24747848712202095,0.4237473683773272,0.550495047848974,0.14348492659555123,0.383860720127033,0.14483477643606413,0.014716964602482285
74,420,3.555585707820449,0.4073753400041305,0.5750305501466273,0.7281154010099218,0.2396382083368298,0.521678383043112,0.4450153304409308,0.10242937718985823
74,470,4.886657343860002,0.41671321168072417,0.637345456626864,0.7831149923707825,0.29029621120663296,0.6326827226849084,0.0,0.37747213214129716
75,120,1.0743511113676965,0.1934903153152219,0.2755090678955573,0.3329657476404817,0.0833530842473913,0.36594232166280305,0.0,0.18519042302543343
75,170,1.2675745837390786,0.24320207600290825,0.287244668585467,0.31173788790393286,0.07901437174773374,0.5363222860411591,0.16151311631551335,0.1274227180062022
75,220,1.5044948573296935,0.1907527994362407,0.2993022379725777,0.35959969731147345,0.08906592676569136,0.40850625262847184,0.006125818150551576,0.09046630232501529
75,270,1.804454873038303,0.25835820341038646,0.38290885516313267,0.47694142141606843,0.11899639366554915,0.4466326926473624,0.22156472935581562,0.02765577996713675
75,320,2.199273117867479,0.21999373447528034,0.37263862600400405,0.48154846238514026,0.12037338803715258,0.35744134375754477,0.03581870592783798,0.10478677226872601
75,370,2.745624788447456,0.3031965409244627,0.44951365587565256,0.5710985387654656,0.15147074030643126,0.4599123169317695,0.25343501247804134,0.08006609614060578
75,420,3.555585707820449,0.276941687788554,0.49793226046257727,0.6092490810853585,0.16791819039537836,0.6026884280834508,0.0,0.004852739378582549
75,470,4.886657343860002,0.4583351833083654,0.6101600529017486,0.7282971554277827,0.23978162596109354,0.7549090210320368,0.48347174919355906,0.08521636492735474
76,120,1.0743511113676965,0.36021705501405604,0.47757472442063015,0.564414761767294,0.14881707438289526,0.6781439917635331,0.4072220718074283,0.0024873753491296835
76,170,1.2675745837390786,0.2689174799626618,0.46373955154853097,0.5624982830594121,0.1480675999776473,0.5948245447898127,0.0,0.03919697198643657
76,220,1.5044948573296935,0.28794228641487274,0.3714693387584046,0.46768104418949485,0.11628329586465946,0.4119325885236187,0.13464153915247468,0.309172964344116
76,270,1.804454873038303,0.18339359235821018,0.2945398439395467,0.3456549451723896,0.08603525104780918,0.43758709382773775,0.0,0.047690671743114366
76,320,2.199273117867479,0.30280733518128056,0.36094535591448856,0.4266035390236145,0.10505303224653739,0.5247998295912372,0.3776004527522041,0.07997982229280964
76,370,2.745624788447456,0.2711662760621828,0.49635256635771396,0.6343805228142431,0.18014567307337548,0.4712522293388284,0.0,0.07005295508446685
76,420,3.555585707820449,0.36862712453320395,0.5605980039494283,0.6958849511047748,0.2161830607702918,0.5934751206266029,0.30484124868459184,0.032751241479758275
76,470,4.886657343860002,0.40109111088979377,0.5812200516329558,0.7047786439465469,0.2222856943266558,0.6852096112224242,0.0,0.3931816049533421
77,120,1.0743511113676965,0.19396201951014685,0.3384249065827976,0.4372716204692182,0.10785151247267644,0.3273270412206508,0.0817586413857938,0.015601282002394967
77,170,1.2675745837390786,0.1801848044242111,0.32135770212178644,0.40167768549894356,0.09880394960366301,0.37100068947669707,0.0,0.029441697541751854
77,220,1.5044948573296935,0.3048658969743,0.4241207587139145,0.4986844389352514,0.12566259211746778,0.6232963154893116,0.2319788767823019,0.04470726154716742
77,270,1.804454873038303,0.30097405825008605,0.43542877469369223,0.5072542038612264,0.1284120670898714,0.6598215706965901,0.0,0.20938244960274222
77,320,2.199273117867479,0.1807413947479098,0.29983857898611194,0.3486724633565439,0.08668348400137182,0.45976153314561774,0.0,0.008589493236015433
77,370,2.745624788447456,0.35947625667041994,0.469662853545167,0.5861791923153491,0.15769643426946367,0.5235415305906107,0.47225349187706467,0.05771063429961154
77,420,3.555585707820449,0.411310750727844,0.6104233458556314,0.751743380528653,0.259497435811328,0.6300197239040508,0.2514933409974298,0.1637998723977584
77,470,4.886657343860002,0.3306854410096277,0.5886920398555334,0.7238284070121962,0.23629438146672077,0.635476001876904,0.0,0.0578284146923177
78,120,1.0743511113676965,0.31856442603039375,0.32028630423906,0.37316369875804034,0.09210324422276006,0.4890818261903054,0.5738163842087215,0.06465697677214155
78,170,1.2675745837390786,0.2697742731678991,0.457130589867873,0.5632396811539442,0.1483569424063791,0.547316970492745,0.013780355381567633,0.07617741640485964
78,220,1.5044948573296935,0.2881024130615562,0.4620344404756398,0.5605147070707569,0.1472971421573629,0.5926755379589664,0.0,0.14002467812069452
78,270,1.804454873038303,0.329876042865446,0.44356587432637046,0.5330039202992519,0.13713160457438023,0.5965374733548282,0.26047091356273644,0.1222363025360329
78,320,2.199273117867479,0.2905773944039014,0.46404745889478555,0.573042234822365,0.15225431003174672,0.547723603289532,0.0,0.17986682387586306
78,370,2.745624788447456,0.3713197225398319,0.5563362531236173,0.6756124907739905,0.2031960273160779,0.667798345534691,0.1930800009471375,0.11691174812726257
78,420,3.555585707820449,0.25874367690674455,0.4917856628516853,0.6430248543670015,0.1846476888481059,0.3987255201297195,0.0,0.06732032118889597
78,470,4.886657343860002,0.5376555621566607,0.6280553333691984,0.7164704198798194,0.23072398220054213,0.9366139059411418,0.6197758530569901,0.18469364970480961
79,120,1.0743511113676965,0.2353929684201786,0.24829968139116665,0.3008749839703815,0.07686038036440801,0.32373063945223846,0.33252519877853404,0.14297363953533104
79,170,1.2675745837390786,0.2182374911363641,0.2927560254719991,0.3556564598687284,0.08819975368358557,0.38208140753243747,0.17190123697804982,0.09334859761901904
79,220,1.5044948573296935,0.18786257013215985,0.2768947232390617,0.31709826732596835,0.08009332079181364,0.4440828843035154,0.0,0.0980383782395019
79,270,1.804454873038303,0.2999818915942748,0.33276631839981863,0.4116858386260449,0.10126636135661171,0.4029214992335921,0.296420031698823,0.287615727056302
79,320,2.199273117867479,0.19587670193279255,0.2781318933740499,0.3481155871004331,0.08656354525970511,0.31747769865909203,0.09434378568683666,0.1328828929578959
79,370,2.745624788447456,0.21502086420671276,0.3181581584883551,0.4218785916817256,0.10383809440476177,0.26047653252086256,0.21589236007665047,0.0730187423495634
79,420,3.555585707820449,0.29714863994216856,0.4679772344341017,0.5757924745616944,0.15337235821654793,0.5610577342863207,0.05933537240078057,0.13618526024549904
79,470,4.886657343860002,0.41711300657468886,0.5876798084402659,0.7720284580891177,0.27875818049878776,0.3651545897473225,0.5318541390823726,0.1377696654558439
80,120,1.0743511113676965,0.1671990087447352,0.24069111799497186,0.2876513541389456,0.07429386790954962,0.3301789235614474,0.0,0.14387089811373344
80,170,1.2675745837390786,0.33585649695366826,0.36905080992565564,0.41201590554948875,0.10134861308899923,0.643360755491417,0.42998126776229395,0.09257594287614235
80,220,1.5044948573296935,0.32652122689452057,0.4578664300521589,0.5001321133075112,0.1261220147319161,0.841711055897821,0.0,0.16464095053535466
80,270,1.804454873038303,0.258340969585751,0.38517726164447535,0.47627413303428545,0.1187984702588063,0.4647544283946837,0.0,0.23187781624097947
80,320,2.199273117867479,0.29378922088204373,0.4511800947307101,0.5787215501105879,0.15457531359844168,0.4353555750983129,0.07685083232458445,0.22344283327829184
80,370,2.745624788447456,0.2748180677628863,0.40695292453483783,0.4689595077729751,0.11665360221292442,0.6427587954521442,0.0,0.1457184333763878
80,420,3.555585707820449,0.27187368973286913,0.38257433870414914,0.4725526426432398,0.11770159963271443,0.46411568806684433,0.16205363865386213,0.14294487966768488
80,470,4.886657343860002,0.31026311160158215,0.4426484338084931,0.5658768299927,0.14939223370494492,0.4384951825775797,0.18978801460679517,0.20776329712589103
81,120,1.0743511113676965,0.21173566286858492,0.37401301552130445,0.49736770187222956,0.12524647196339922,0.2952051760474461,0.0,0.1408589644598498
81,170,1.2675745837390786,0.325753173284705,0.4375305797993721,0.5131977292109297,0.13036210782819324,0.6468094354384398,0.18518397069158898,0.15321262325437335
81,220,1.5044948573296935,0.2769391404509095,0.42297891283550804,0.478479841091086,0.1194541616111664,0.7068497851870994,0.0,0.07991191436519574
81,270,1.804454873038303,0.23898033354475254,0.3717157919594379,0.4786367999687442,0.11950098078772509,0.36438977854173404,0.1952342489675306,0.03713985945802889
81,320,2.199273117867479,0.36103831397194075,0.506030798226174,0.5820797504848764,0.1559702740607235,0.785269196133782,0.0,0.281872349180322
81,370,2.745624788447456,0.28354206508382834,0.41051296638623586,0.4856549977856425,0.1216165088899761,0.5914389366157091,0.0,0.21899988212781385
81,420,3.555585707820449,0.4477737424772412,0.5703094292261953,0.7186661256033222,0.2323644726671633,0.5401242379827413,0.37409923588795835,0.3736146402450211
81,470,4.886657343860002,0.5365781847410844,0.6888670428885796,0.8221134800132914,0.33797846438507906,0.7406955918955669,0.4862340662557818,0.2958693211557024
82,120,1.0743511113676965,0.16992319047495336,0.2076619043766467,0.21641513019326297,0.06132874302406843,0.41653760336447876,0.0,0.15533447579295667
82,170,1.2675745837390786,0.2099104601555581,0.21877842742036635,0.265366229718198,0.07009455154302335,0.2802336780246113,0.2656922099169009,0.16816563157505704
82,220,1.5044948573296935,0.13530927778662089,0.21755583317929555,0.25079922576814906,0.06742622046556435,0.3347982840134336,0.0,0.023522658685957487
82,270,1.804454873038303,0.26377875933543987,0.38584923875056304,0.5050153040812178,0.1276867616874805,0.3394557725330818,0.3111286846009368,0.035607273774482584
82,320,2.199273117867479,0.2922849988544168,0.4538866445849549,0.5788114569501952,0.1546124392353173,0.45297773737338964,0.0,0.27502336071318156
82,370,2.745624788447456,0.3072604558671183,0.4276098241214651,0.5101593638390883,0.12936073016973437,0.5944934885038567,0.23677848533116908,0.06551021149174296
82,420,3.555585707820449,0.3181120844030666,0.49368611576702004,0.6018127645691728,0.1645253948773756,0.6097807220411496,0.0,0.2144415405276352
82,470,4.886657343860002,0.46305459990691916,0.6131040408223983,0.7200720647745088,0.23342453431312937,0.8180311225294052,0.3148963870787985,0.22884889083875426
83,120,1.0743511113676965,0.12160334477540147,0.0686680779809899,0.05180035138087091,0.032675911995756035,0.19612592769018888,0.28347603432172774,0.04393849848846376
83,170,1.2675745837390786,0.08051269430100402,0.045836573331651746,0.002910372174332543,0.021253216365647698,0.2585136395709353,0.0,0.11988624339410459
83,220,1.5044948573296935,0.34130336077083384,0.3048141140524302,0.33079373117765165,0.0829008488275167,0.5707510875930669,0.5149692247591156,0.20710191149681811
83,270,1.804454873038303,0.35059720206386197,0.5184937395974936,0.6264993427372971,0.17617806412106551,0.6569974528323257,0.0,0.29331115062862134
83,320,2.199273117867479,0.3332956514994442,0.5124811543522805,0.6085035673239053,0.16757365794975487,0.7032373298033239,0.12162193324760784,0.06554176917262922
83,370,2.745624788447456,0.34563718889987893,0.5185213458503524,0.658850084022047,0.19332664998704518,0.4991975529357524,0.24671541003570563,0.13009624751884452
83,420,3.555585707820449,0.246639747646978,0.46639747251405966,0.590748944272955,0.15965153816345856,0.48023480939614704,0.0,0.0025634464023290837
83,470,4.886657343860002,0.4921380033014544,0.6049938809138463,0.7675181629818563,0.2742783406724213,0.5060893197108483,0.6860270511323946,0.22677714200975174
84,120,1.0743511113676965,0.16033741223532055,0.18751732058285908,0.20881611538872769,0.06001315806597318,0.31482907888752787,0.20994805412697815,0.008080654707395829
84,170,1.2675745837390786,0.1651655837665384,0.20793448241192414,0.23116109307476618,0.06391244755933367,0.35506476451487334,0.0,0.17568961368371883
84,220,1.5044948573296935,0.4190099263848216,0.49255719262187875,0.5338304601892662,0.13742361329301966,0.9193534212337606,0.36194876673684595,0.1424933704712158
84,270,1.804454873038303,0.3670162264190414,0.5627804338366105,0.6794989685180968,0.20559228980868927,0.6912198684905343,0.2469341557798166,0.011835849498070261
84,320,2.199273117867479,0.32791264736371667,0.5667873582569891,0.6789086948027181,0.20522560601564155,0.7209049324763191,0.0,0.03452400352390439
84,370,2.745624788447456,0.34162657168593036,0.5393678556814484,0.6294505987907846,0.17764895292247962,0.7819017211757185,0.0,0.11913158554066927
84,420,3.555585707820449,0.3699459239708341,0.48446338980632075,0.62950387065421,0.17767566504894672,0.41561434101038686,0.43005665540565696,0.19687908773496976
84,470,4.886657343860002,0.41796897186339577,0.6067897454588592,0.7175658001346509,0.2315401018351595,0.7891015994618588,0.08681815343048982,0.26481920445481966
85,120,1.0743511113676965,0.25417436406711985,0.3226518966127799,0.3893912188879596,0.09586158476788131,0.4336784605868924,0.3138423680811613,0.03809818801170484
85,170,1.2675745837390786,0.2608787803844558,0.41588842929107417,0.5172351427245132,0.131707589922352,0.48413630783852146,0.0,0.17131486143689223
85,220,1.5044948573296935,0.31568801269996116,0.405874056885133,0.464307844661796,0.11531265739149377,0.6564079049345466,0.19571711485524446,0.1466945416567249
85,270,1.804454873038303,0.30624081701759354,0.4078986724704152,0.4915483198506416,0.12342707113398899,0.54741941851022,0.2554365427001901,0.11337273289292693
85,320,2.199273117867479,0.1692499419513613,0.3506259129130792,0.48251991989680243,0.12066611446038933,0.20631621573266945,0.0,0.03674745966694537
85,370,2.745624788447456,0.3140115891150205,0.4365248225252779,0.5923840010924926,0.16035915218870445,0.2733642254840418,0.3327956871920118,0.2111548796178515
85,420,3.555585707820449,0.36248599960901257,0.5114059412130341,0.6310461885968187,0.178451540978097,0.5877689520694571,0.2021813749780308,0.21298194142265936
85,470,4.886657343860002,0.3601131960196021,0.556656551110646,0.664477419972848,0.1965585035941878,0.7255364881892679,0.20097329812637488,0.013020270215332141
86,120,1.0743511113676965,0.1768691258302179,0.24751635238996625,0.2671116506159188,0.07041814444712657,0.4642988393908889,0.06288564267798358,0.019631352019171766
86,170,1.2675745837390786,0.2057983707105003,0.23209253320672696,0.24160787516724103,0.06577046872045345,0.4712346061751267,0.0,0.2503789034896804
86,220,1.5044948573296935,0.32755491922250857,0.3984301617234408,0.4631495567743007,0.11498148231241956,0.6119670472050368,0.28985054561838075,0.1578259642024049
86,270,1.804454873038303,0.2665584021009455,0.41168152772498473,0.5014820889540389,0.1265522604185989,0.5276947283194112,0.06398203143913717,0.11308090137354143
86,320,2.199273117867479,0.27322857171202275,0.45547223996821184,0.5584752408582688,0.14651048800057564,0.5583964896873777,0.0,0.10276064001389185
86,370,2.745624788447456,0.5083448876641813,0.6409513785590473,0.7544436111360839,0.261934563616677,0.8186771398215187,0.6138208512009984,0.09284827254562822
86,420,3.555585707820449,0.41414540387819343,0.6613631762092267,0.7654586112710178,0.2722717376639803,0.8934671668708066,0.0,0.13952950358516258
86,470,4.886657343860002,0.4547419757517215,0.661434440578012,0.7674856698150901,0.274246495385158,0.8825427656177894,0.1897125516077085,0.15972239633286112
87,120,1.0743511113676965,0.27046069847807075,0.28345874966702206,0.356548514974105,0.08839505818865712,0.31620584090263204,0.36952754426796997,0.22162653405698995
87,170,1.2675745837390786,0.21200478146139767,0.37478596508974493,0.47717458704372095,0.11906564268220943,0.3914320146197332,0.0,0.07235166296132478
87,220,1.5044948573296935,0.22758262374394134,0.34731710348913725,0.43081716173041307,0.10614905583488798,0.41526361661444966,0.18062095022687163,0.00506233431308456
87,270,1.804454873038303,0.3326669893802265,0.41769538928741906,0.5100620228674502,0.12932880531170377,0.5288398282601536,0.3180202194949113,0.17708407096691337
87,320,2.199273117867479,0.3303556993049236,0.5517034029363086,0.6498764344991275,0.18833348102572034,0.7646278132026803,0.0,0.04894076779709
87,370,2.745624788447456,0.38944681300278255,0.5532789658175877,0.678456060311017,0.20494509484300827,0.6331270394681698,0.18069940925897732,0.2500064611327404
87,420,3.555585707820449,0.3328736510801943,0.535642112719952,0.6789887100738906,0.20527525427932503,0.5128671540385757,0.0,0.26723713700918006
87,470,4.886657343860002,0.27834135605974236,0.47196067662161434,0.5990712529520273,0.16329870310253403,0.4779549938317633,0.0,0.15138183041238706
88,120,1.0743511113676965,0.19418197034726734,0.2901099881345187,0.3446547493664558,0.08582128601508376,0.41241211340582895,0.06603253067086445,0.061989172278103744
88,170,1.2675745837390786,0.2728873575787407,0.34861069297488223,0.4108477588968771,0.10105781771301048,0.5122505547233558,0.23589455936222115,0.10438609719823899
88,220,1.5044948573296935,0.23305642975540977,0.379094555071291,0.448051934771889,0.11076084501994166,0.5504878863544811,0.0,0.05598148263073721
88,270,1.804454873038303,0.3077670842170008,0.4927749305632667,0.6134432376518463,0.16987517229700833,0.5482679659860462,0.17509669541595574,0.03215234973414749
88,320,2.199273117867479,0.3432013678711175,0.4624512280821095,0.5563412736490418,0.14569329777601092,0.6148209296578777,0.11531053420305526,0.28384080406960155
88,370,2.745624788447456,0.3386864822369483,0.5266876044327483,0.6442799846634868,0.18531494388812642,0.6252725177508308,0.1304077682313869,0.1081571966509105
88,420,3.555585707820449,0.49998867882368075,0.6607125746785606,0.7839238297583819,0.2911687759571605,0.7837738855616089,0.3609129134710588,0.2801639893701938
88,470,4.886657343860002,0.40012919865004803,0.6871726031924394,0.8333511524100546,0.35423286686947864,0.6573579668602471,0.14373594823477176,0.011968058875688303
89,120,1.0743511113676965,0.3960709735437529,0.45103585578463556,0.47084578155219714,0.11720242504884326,0.9281852039407099,0.24565701926397276,0.21846443791304138
89,170,1.2675745837390786,0.3420165031754408,0.5378672737685826,0.6397923567962854,0.1829452584004304,0.7217036339380247,0.0,0.16564126674246327
89,220,1.5044948573296935,0.30196422636257914,0.42579377022261605,0.5186742947009866,0.13219134883642425,0.5436090412861205,0.15115035911949903,0.16419608786986517
89,270,1.804454873038303,0.2855505562213924,0.4033613789065291,0.46064672851389765,0.11426954085653429,0.6560397105603794,0.0,0.19679680117615073
89,320,2.199273117867479,0.31887964349884623,0.44645148538403606,0.5351579074864371,0.13789424592313937,0.6058878627425932,0.31476020810357996,0.0006979932384812981
89,370,2.745624788447456,0.32038009178224225,0.5123602372955489,0.6056031368642524,0.1662426379123897,0.7162513046593334,0.0,0.113803379475236
89,420,3.555585707820449,0.34608001191465815,0.4769420077711546,0.6225304682284802,0.17422734752377167,0.39911259968749035,0.2831109941887303,0.2514186499448182
89,470,4.886657343860002,0.2551677773051294,0.47327991573610284,0.6162660411244141,0.1712104423566918,0.4047845364818763,0.0021569513679595698,0.08142091519470529
90,120,1.0743511113676965,0.16472833401918358,0.2470787111415879,0.30636536057946995,0.0779437260057122,0.2918237552831858,0.08964119512427238,0.05786763310327758
90,170,1.2675745837390786,0.24595305679140028,0.359772962729048,0.4376598500786135,0.10795483927661131,0.4679222857515144,0.1381032717533055,0.07812503709695673
90,220,1.5044948573296935,0.2746800247763659,0.42835801800758416,0.520781567465849,0.1329036855866379,0.5510877075427686,0.0,0.1686271632865739
90,270,1.804454873038303,0.4011178260044139,0.4988297078478311,0.5982408036849961,0.16292962472015315,0.6610187963786339,0.43479286415512974,0.1486070410831567
90,320,2.199273117867479,0.39360588802609675,0.5771955545079112,0.6890208575391686,0.21164749668756522,0.7391411054167909,0.0843041335484086,0.24391584693855017
90,370,2.745624788447456,0.3453303312256252,0.5562302734895911,0.6677656441714821,0.19848437368769933,0.7063319570985137,0.0,0.15406968117043085
90,420,3.555585707820449,0.2747423637940091,0.4424456473102765,0.5702688747792867,0.15113792060045905,0.41666561528393165,0.08093484405650564,0.15470456424986267
90,470,4.886657343860002,0.3193654281103222,0.501270026262465,0.6571762140356213,0.19238054298667728,0.3924610806294857,0.18216456092089373,0.17264474197893298
91,120,1.0743511113676965,0.197443243401267,0.25323795756047135,0.27260425461884075,0.07144213766341023,0.47876580248876244,0.0,0.16440402223532158
91,170,1.2675745837390786,0.27619993251397623,0.31378517529167127,0.33826514189630397,0.08446479218877867,0.5980659473779615,0.35807261132243295,0.0021311697844040856
91,220,1.5044948573296935,0.20071611634272885,0.3257419872233781,0.3933973478907795,0.09681150208820888,0.4366713531123877,0.0,0.0767003786222682
91,270,1.804454873038303,0.2747889750009267,0.3919745555959605,0.46032261071113867,0.11417770769633917,0.5815770816346167,0.13517078831688234,0.08269668664565655
91,320,2.199273117867479,0.2890423132198886,0.4838851446490695,0.5782532016709832,0.15438211128271384,0.6555846388386748,0.0,0.056991614307071226
91,370,2.745624788447456,0.47179921236141853,0.621637346118369,0.7327702445464556,0.24335455201280864,0.8075770759152899,0.5347250199373635,0.04056916939517474
91,420,3.555585707820449,0.3766230269710563,0.6177789748694449,0.731773614422535,0.24255120238532546,0.7871800374639508,0.0,0.12161028058347034
91,470,4.886657343860002,0.40620117629126246,0.5547020820809974,0.6842699984550706,0.2085928990956003,0.6132790548936996,0.34866445708104854,0.17619947193089303
92,120,1.0743511113676965,0.22949978795444279,0.2883107841406121,0.3317791008210571,0.08310576961843541,0.45644587495579336,0.09252250713428745,0.18364568724264074
92,170,1.2675745837390786,0.1889541161143628,0.25982022509652314,0.28137888312299175,0.07309657366490396,0.48479167871001405,0.0,0.1055034450739043
92,220,1.5044948573296935,0.17458605781149422,0.21043536068684981,0.2299701564490525,0.06370214982327216,0.3768515290773351,0.0,0.2024064537078114
92,270,1.804454873038303,0.24687807802246065,0.3767541884863844,0.46159673983513216,0.11453918930717755,0.47440898172340495,0.021246648296622483,0.1625988309499663
92,320,2.199273117867479,0.36091164086848765,0.5003177208697758,0.6305265271165882,0.17818957743305508,0.516362734943727,0.32034718606888624,0.1591321787801816
92,370,2.745624788447456,0.2613276309023004,0.4544756902757401,0.5761406492525414,0.15351468838769156,0.46941752418194893,0.0,0.10756529268931991
92,420,3.555585707820449,0.35874044473714284,0.520190013342087,0.6316398199622026,0.17875147202844477,0.6434550223843621,0.26337672645349675,0.07647918285720767
92,470,4.886657343860002,0.34703639728356733,0.5863814778108378,0.7100171136467973,0.22600596103125314,0.6924647957663074,0.0,0.10669411597347889
93,120,1.0743511113676965,0.11530978225923871,0.08972171863446787,0.09305526033678657,0.040411195796106525,0.15857175655579536,0.09396893186115707,0.19054176674634804
93,170,1.2675745837390786,0.30804737800378956,0.3496803469250834,0.41008748984769205,0.10086901153213701,0.5227373342228926,0.4602875839447099,0.046255470471516125
93,220,1.5044948573296935,0.29876055759277637,0.4131880143222414,0.49727390070548116,0.12521689183617501,0.5567963395993933,0.3015089028346183,0.013006752988213743
93,270,1.804454873038303,0.26164728033821677,0.4427673722015723,0.5519533090331765,0.14403165487828018,0.5039164870806426,0.0,0.10833495069898447
93,320,2.199273117867479,0.25747368918552166,0.43107766309122725,0.5847704171004219,0.1571003157244587,0.27293555933239644,0.0,0.2725621537703311
93,370,2.745624788447456,0.26656169531119456,0.40491493829290026,0.4801368046600405,0.11994949560370938,0.578969877306324,0.0,0.15375229898589882
93,420,3.555585707820449,0.4285277838760243,0.5467619836534001,0.6454569738804258,0.18594386148065445,0.7533455596998742,0.3475806003638149,0.21031192395535248
93,470,4.886657343860002,0.33631091185609224,0.5907998034465454,0.7226352104833286,0.23537678531527595,0.6558298721848617,0.0,0.06771269129699498
94,120,1.0743511113676965,0.19630273263777304,0.31725878258889456,0.37187964685564645,0.09181176692300108,0.47452035163170936,0.0,0.04330189777850835
94,170,1.2675745837390786,0.22428543815268337,0.3284070334495806,0.39189180898637543,0.09645345704474051,0.461057225310468,0.0,0.17202469942183274
94,220,1.5044948573296935,0.23647578090177168,0.3509012634759935,0.4421155522879895,0.10914838060843024,0.3889655796739486,0.17300433754413247,0.06914505439435759
94,270,1.804454873038303,0.33259334570469373,0.44220099215220143,0.49373080349927667,0.12410568781869225,0.7662405873197492,0.08393751775713343,0.19495213212861728
94,320,2.199273117867479,0.3010015010268555,0.4722522393468856,0.5753785576396283,0.15320338463906558,0.591495057355615,0.0,0.18493050549996848
94,370,2.745624788447456,0.4068374210423772,0.5310275627920069,0.6185302951072602,0.1722922656342496,0.7789087954605893,0.3765551655201941,0.08790058348959306
94,420,3.555585707820449,0.405095206291955,0.5805588195080266,0.7171947936409055,0.23126317516705297,0.6161743302114665,0.4464647084237898,0.014379024016560327
94,470,4.886657343860002,0.3320257399255569,0.6107385679503244,0.75687635596555,0.2641621466611116,0.6038147847047769,0.0,0.03527541229634579
95,120,1.0743511113676965,0.26236976472162754,0.29199604346051955,0.3454880509538778,0.08599951752527779,0.4213555567124896,0.186623778452627,0.2723819199638652
95,170,1.2675745837390786,0.2821909976984928,0.40515922275175215,0.49313618129148307,0.12392035731924878,0.5219828309803339,0.0,0.27191561890139837
95,220,1.5044948573296935,0.3137939911163024,0.46201061557512285,0.5753538686490872,0.15319331376538825,0.5233331062954897,0.007792625056065594,0.30929704181548123
95,270,1.804454873038303,0.3572996173915038,0.512787045792815,0.6164377501983989,0.17129214426645967,0.6673423973810717,0.0,0.33142579511158865
95,320,2.199273117867479,0.4070953514048883,0.5198460832757145,0.6454160040515238,0.18592191711299388,0.5741066771103449,0.4315087851086137,0.1985233736409654
95,370,2.745624788447456,0.3855307712259096,0.5891678569404384,0.6946344774735073,0.2153457521537221,0.7903382161193566,0.0,0.22733541038296212
95,420,3.555585707820449,0.4738683773334083,0.6340895749363257,0.7438551527729312,0.2525833274047966,0.8308710094757855,0.25789192176567677,0.2841404752478509
95,470,4.886657343860002,0.31634786364499534,0.5820904225679384,0.7283957915689767,0.239859514023956,0.5672537941370893,0.0,0.04623021849495457
96,120,1.0743511113676965,0.20843762685594092,0.24397138777003763,0.23619634198193395,0.06480495584465318,0.5736822907980931,0.0,0.16750454565502437
96,170,1.2675745837390786,0.14424995554913028,0.18599517293434362,0.19385565946367322,0.05745008640957816,0.36879503769163435,0.020528524364543332,0.08062046981622228
96,220,1.5044948573296935,0.3757965079078047,0.4360195343482663,0.5060324006355408,0.1280156357079767,0.669307900266318,0.3712718009652691,0.20435480196391898
96,270,1.804454873038303,0.26611807860954895,0.4328129209161675,0.5352065550228458,0.13791153237633058,0.5147406987225162,0.0,0.14273160692605225
96,320,2.199273117867479,0.35181186637322004,0.48583596582514044,0.5775691146556303,0.1541004991643461,0.6717958149378381,0.14908047695933047,0.20651342614895518
96,370,2.745624788447456,0.3758151596309675,0.530980701080356,0.6557446890724983,0.19157684165850852,0.5975978481481993,0.12167536185280214,0.3124810574228293
96,420,3.555585707820449,0.3313338256866313,0.5361907616140011,0.650862932188664,0.18887303308619752,0.6563649601950221,0.0,0.1605682029632729
96,470,4.886657343860002,0.28854560814716346,0.5325100060667606,0.6598087242572122,0.19387160319319097,0.5877124714275703,0.0,0.0013352418578436165
97,120,1.0743511113676965,0.09765963907653208,0.13184899248119092,0.1452212228813602,0.04927329225354715,0.21598623792658678,0.03276204893806156,0.045055393383104714
97,170,1.2675745837390786,0.2526882778107592,0.30001136131804745,0.35925337272442726,0.0889895565782568,0.41474632359217956,0.14916482671426878,0.2512873094446638
97,220,1.5044948573296935,0.24788671363709097,0.38674405378088084,0.45116437032733203,0.11161666660036795,0.5876084328959308,0.0,0.08904409836182414
97,270,1.804454873038303,0.33908109160345046,0.45953228585425915,0.5330177743680005,0.1371364925821369,0.7029166539194976,0.18272355381290784,0.13961098333470934
97,320,2.199273117867479,0.30578634546441624,0.4891641713666508,0.6146969199373513,0.17046637763490347,0.5181961666367613,0.15213120595396845,0.07344105715909688
97,370,2.745624788447456,0.2800097090064604,0.4990189802258632,0.610635805118801,0.16856170444615948,0.6033138069536182,0.0,0.017537228513723302
97,420,3.555585707820449,0.4594822700197015,0.5711636050320638,0.6642149619995007,0.19640598882891713,0.8235542041675601,0.4498260537258718,0.16341014137665721
97,470,4.886657343860002,0.40336917081684653,0.6289882702140348,0.7567062020997969,0.2640053455957466,0.7264214170348001,0.18769787095407386,0.0820150183998154
98,120,1.0743511113676965,0.20716985743419009,0.2435683790001815,0.2799618479981907,0.07282780463949001,0.3825621269426307,0.24428565642827083,0.056211851162368154
98,170,1.2675745837390786,0.30726323817631185,0.4532681641400346,0.5714791391766603,0.15162374667286005,0.48316495977215645,0.1350479131818344,0.19500043207804818
98,220,1.5044948573296935,0.26081707394649,0.4119887565567524,0.5048515041715176,0.12763389386160884,0.5144625372562641,0.0,0.1571374344430594
98,270,1.804454873038303,0.44308459426680213,0.480522581096752,0.5575355429523751,0.1461498950858363,0.7297585436924524,0.6322787286320382,0.14970026097130862
98,320,2.199273117867479,0.3208226536930225,0.5525091824776445,0.7038578041932941,0.2216415578350489,0.4985607366860385,0.17568783850638425,0.004365331244346571
98,370,2.745624788447456,0.29362704456145405,0.47738607837123526,0.5872099958476527,0.1581345739927813,0.5701762490963224,0.0,0.15261440387051362
98,420,3.555585707820449,0.3656588507178321,0.4428160637839069,0.5454346754552913,0.14160851331786228,0.5343542012084438,0.40059874756384206,0.2062981160437214
98,470,4.886657343860002,0.5346101206045395,0.6901580746427579,0.7973872171453477,0.3063585875235125,0.9009073164978082,0.36847607677736494,0.29992140507866427
99,120,1.0743511113676965,0.34254657208325695,0.3758306367372629,0.4239365278990801,0.10436544660727909,0.6358490556399679,0.28132864209457265,0.2672531881753851
99,170,1.2675745837390786,0.2251441867830947,0.3300962229036144,0.35736387341020637,0.08857389939300497,0.6235628267282624,0.013158196892227858,0.0430621374917719
99,220,1.5044948573296935,0.1725039302599753,0.31986819319907417,0.42259303932339,0.10402085921843007,0.2687143653362175,0.028794967671932792,0.03839641974990604
99,270,1.804454873038303,0.31500818782714557,0.4612754309066227,0.6109738915280464,0.16871912029831593,0.35007543943477293,0.2591558318575925,0.1861166560169999
99,320,2.199273117867479,0.34736830678165587,0.5082321603309206,0.6457713807308432,0.1861123910396365,0.49494156088337027,0.4034584446789202,0.006557756575509166
99,370,2.745624788447456,0.3666813543177184,0.5871956017862678,0.7034713683657309,0.22137210312114675,0.7317983665769512,0.0,0.17676493352476352
99,420,3.555585707820449,0.3402590974727878,0.5787141815593703,0.6981751630469244,0.2177296098805631,0.7025112084071664,0.0,0.08287950602928518
99,470,4.886657343860002,0.44804268574893485,0.6591993869958751,0.7861942540905645,0.29364145175762013,0.7604831440142096,0.0,0.3998945788822802
