system,step,escape,basin,truth,constraint,coherence,option_density,discoveries,survivability
antifragile_escape,0,0.9,0.34528,1.0,1.0,0.991573,0.5,0,0.754262
antifragile_escape,1,0.9,0.349903,0.998103,0.999899,0.987744,0.5,0,0.754151
antifragile_escape,2,0.9,0.359725,0.998536,1.0,0.990078,0.5,0,0.757653
antifragile_escape,3,0.9,0.366275,0.992811,1.0,0.988581,0.5,0,0.758273
antifragile_escape,4,0.9,0.364428,1.0,0.999073,0.988484,0.5,0,0.758594
antifragile_escape,5,0.9,0.372286,1.0,1.0,0.990706,0.5,0,0.761575
antifragile_escape,6,0.9,0.372635,0.996927,0.995117,0.992341,0.5,0,0.760911
antifragile_escape,7,0.9,0.375323,0.991946,0.990266,0.990794,0.5,0,0.760198
antifragile_escape,8,0.9,0.383269,0.988111,0.99185,0.989345,0.5,0,0.761939
antifragile_escape,9,0.9,0.39384,0.989685,0.996083,0.991519,0.5,0,0.766264
antifragile_escape,10,0.9,0.40249,0.981144,0.994242,0.984726,0.5,0,0.765672
antifragile_escape,11,0.9,0.403889,0.990484,0.98916,0.989276,0.5,0,0.768088
antifragile_escape,12,0.9,0.40481,0.991647,0.99289,0.991828,0.5,0,0.769583
antifragile_escape,13,0.9,0.40562,0.989036,0.998177,0.991684,0.5,0,0.770136
antifragile_escape,14,0.9,0.400154,0.983735,1.0,0.988252,0.5,0,0.767673
antifragile_escape,15,0.9,0.400336,0.985005,1.0,0.988861,0.5,0,0.767804
antifragile_escape,16,0.9,0.398641,0.98312,0.99771,0.985639,0.5,0,0.765335
antifragile_escape,17,0.9,0.398485,0.983526,1.0,0.986816,0.5,0,0.766261
antifragile_escape,18,0.9,0.401297,0.981309,0.999522,0.981505,0.5,0,0.764726
antifragile_escape,19,0.9,0.394316,0.975692,1.0,0.975825,0.5,0,0.760551
antifragile_escape,20,0.9,0.40831,0.974031,1.0,0.972269,0.5,0,0.763122
antifragile_escape,21,0.9,0.40431,0.972506,1.0,0.965922,0.5,0,0.759785
antifragile_escape,22,0.9,0.409811,0.96948,0.991324,0.96562,0.5,0,0.759321
antifragile_escape,23,0.9,0.415273,0.970209,1.0,0.965116,0.5,0,0.762393
antifragile_escape,24,0.9,0.420307,0.972113,1.0,0.969273,0.5,0,0.765331
antifragile_escape,25,0.9,0.435613,0.965527,0.996161,0.963423,0.5,0,0.766443
antifragile_escape,26,0.9,0.4282,0.970013,0.994903,0.960765,0.5,0,0.763653
antifragile_escape,27,0.9,0.434308,0.97563,1.0,0.973913,0.5,0,0.77107
antifragile_escape,28,0.9,0.429992,0.963315,1.0,0.964901,0.5,0,0.766037
antifragile_escape,29,0.9,0.428695,0.96319,1.0,0.965517,0.5,0,0.765908
antifragile_escape,30,0.9,0.42401,0.953863,0.997082,0.959859,0.5,0,0.76174
antifragile_escape,31,0.9,0.428652,0.960664,0.994144,0.961386,0.5,0,0.763131
antifragile_escape,32,0.9,0.42645,0.974205,0.98933,0.971821,0.5,0,0.766022
antifragile_escape,33,0.9,0.437503,0.977021,0.988599,0.973296,0.5,0,0.769707
antifragile_escape,34,0.9,0.444671,0.974741,0.981469,0.967882,0.5,0,0.768517
antifragile_escape,35,0.9,0.460904,0.976196,0.981121,0.969944,0.5,0,0.773798
antifragile_escape,36,0.9,0.466259,0.974197,0.988128,0.971194,0.5,0,0.776736
antifragile_escape,37,0.9,0.471325,0.967356,0.980152,0.97101,0.5,0,0.776724
antifragile_escape,38,0.9,0.473489,0.965697,0.98931,0.968475,0.5,0,0.777624
antifragile_escape,39,0.9,0.482235,0.964002,0.989489,0.967204,0.5,0,0.77959
antifragile_escape,40,0.9,0.497095,0.965251,0.993558,0.962056,0.5,0,0.782675
antifragile_escape,41,0.9,0.493949,0.958619,0.988416,0.958194,0.5,0,0.77906
antifragile_escape,42,0.9,0.486938,0.959614,0.985738,0.958255,0.5,0,0.776657
antifragile_escape,43,0.9,0.494843,0.96843,0.98509,0.960255,0.5,0,0.780175
antifragile_escape,44,0.9,0.500383,0.970108,0.978876,0.961762,0.5,0,0.781258
antifragile_escape,45,0.9,0.524123,0.981955,0.974171,0.962348,0.5,0,0.789154
antifragile_escape,46,0.9,0.522997,0.984202,0.981912,0.961585,0.5,0,0.790122
antifragile_escape,47,0.9,0.509419,0.983536,0.975892,0.958755,0.5,0,0.784505
antifragile_escape,48,0.9,0.52201,0.983293,0.965818,0.95062,0.5,0,0.784257
antifragile_escape,49,0.9,0.515311,0.97704,0.97751,0.966066,0.5,0,0.787439
antifragile_escape,50,0.9,0.515965,0.979539,0.988323,0.963809,0.5,0,0.789127
antifragile_escape,51,0.9,0.525783,0.982549,0.986294,0.96431,0.5,0,0.792118
antifragile_escape,52,0.9,0.527478,0.981292,0.987956,0.962444,0.5,0,0.792144
antifragile_escape,53,0.9,0.53918,0.982592,0.990303,0.963767,0.5,0,0.796382
antifragile_escape,54,0.9,0.537007,0.984832,0.989909,0.973773,0.5,0,0.798919
antifragile_escape,55,0.9,0.543694,0.980551,0.983432,0.977841,0.5,0,0.800274
antifragile_escape,56,0.9,0.551135,0.970464,0.989322,0.973517,0.5,0,0.801466
antifragile_escape,57,0.9,0.550963,0.972626,0.989846,0.974401,0.5,0,0.801844
antifragile_escape,58,0.9,0.552547,0.974078,0.998874,0.966582,0.5,0,0.801439
antifragile_escape,59,0.9,0.557559,0.976362,0.996664,0.961084,0.5,0,0.801017
antifragile_escape,60,0.9,0.574978,0.967622,1.0,0.95712,0.5,0,0.804319
antifragile_escape,61,0.9,0.570155,0.96625,1.0,0.959214,0.5,0,0.803504
antifragile_escape,62,0.9,0.583174,0.969546,1.0,0.962764,0.5,0,0.808586
antifragile_escape,63,0.9,0.584401,0.970542,0.995815,0.967326,0.5,0,0.809709
antifragile_escape,64,0.9,0.59426,0.969975,1.0,0.969554,0.5,0,0.814006
antifragile_escape,65,0.9,0.603706,0.961132,0.999598,0.961441,0.5,0,0.813235
antifragile_escape,66,0.9,0.619396,0.965719,0.995413,0.961188,0.5,0,0.81702
antifragile_escape,67,0.9,0.613264,0.962364,0.997375,0.963358,0.5,0,0.816238
antifragile_escape,68,0.9,0.598533,0.964928,0.997858,0.966278,0.5,0,0.813385
antifragile_escape,69,0.9,0.585628,0.962068,1.0,0.960146,0.5,0,0.807836
antifragile_escape,70,0.9,0.592174,0.967891,0.996574,0.966356,0.5,0,0.81152
antifragile_escape,71,0.9,0.597637,0.969927,0.998264,0.964744,0.5,0,0.812981
antifragile_escape,72,0.9,0.600017,0.972817,1.0,0.962483,0.5,0,0.813533
antifragile_escape,73,0.9,0.615469,0.968888,0.995066,0.962286,0.5,0,0.816486
antifragile_escape,74,0.9,0.61916,0.977472,1.0,0.96931,0.5,0,0.821496
antifragile_escape,75,0.9,0.641382,0.976682,0.987979,0.975648,0.5,0,0.827409
antifragile_escape,76,0.9,0.645845,0.984997,0.978601,0.97203,0.5,0,0.827188
antifragile_escape,77,0.9,0.643091,0.987928,0.982165,0.974677,0.5,0,0.828177
antifragile_escape,78,0.9,0.628211,0.988491,0.979684,0.976111,0.5,0,0.824235
antifragile_escape,79,0.9,0.632917,0.993278,0.981458,0.978947,0.5,0,0.827516
antifragile_escape,80,0.9,0.63508,0.99459,0.986744,0.979651,0.5,0,0.829162
antifragile_escape,81,0.9,0.636553,0.993991,0.991981,0.972593,0.5,0,0.828183
antifragile_escape,82,0.9,0.628296,0.980107,0.988069,0.973244,0.5,0,0.823369
antifragile_escape,83,0.9,0.633478,0.987032,0.996269,0.975547,0.5,0,0.82784
antifragile_escape,84,0.9,0.636293,0.995408,0.996895,0.974157,0.5,0,0.829549
antifragile_escape,85,0.9,0.628049,0.990169,0.994808,0.976953,0.5,0,0.826917
antifragile_escape,86,0.9,0.620591,0.992719,0.988666,0.978907,0.5,0,0.824826
antifragile_escape,87,0.9,0.609544,0.998431,0.985258,0.976261,0.5,0,0.821506
antifragile_escape,88,0.9,0.60791,1.0,0.984412,0.977597,0.5,0,0.821642
antifragile_escape,89,0.9,0.622075,0.997943,0.975856,0.977306,0.5,0,0.824492
antifragile_escape,90,0.9,0.634592,1.0,0.975542,0.978081,0.5,0,0.828698
antifragile_escape,91,0.9,0.654808,1.0,0.976983,0.981413,0.5,0,0.835831
antifragile_escape,92,0.9,0.661072,0.999845,0.979318,0.981242,0.5,0,0.837379
antifragile_escape,93,0.9,0.648088,0.993144,0.976971,0.979345,0.5,0,0.83171
antifragile_escape,94,0.9,0.660536,0.987505,0.979508,0.98029,0.5,0,0.834495
antifragile_escape,95,0.9,0.665619,0.991465,0.977875,0.981224,0.5,0,0.837257
antifragile_escape,96,0.9,0.66927,1.0,0.979647,0.984971,0.5,0,0.841642
antifragile_escape,97,0.9,0.677516,0.999659,0.979023,0.983506,0.5,0,0.843046
antifragile_escape,98,0.9,0.674304,1.0,0.985946,0.988964,0.5,0,0.84439
antifragile_escape,99,0.9,0.681535,0.998148,0.991835,0.98687,0.5,0,0.845582
antifragile_escape,100,0.9,0.669209,0.989214,1.0,0.989096,0.5,0,0.842941
antifragile_escape,101,0.9,0.660789,0.971638,0.996739,0.979068,0.5,0,0.836817
antifragile_escape,102,0.9,0.659912,0.974985,0.987437,0.979095,0.5,0,0.835289
antifragile_escape,103,0.9,0.662823,0.98022,0.989751,0.983367,0.5,0,0.838189
antifragile_escape,104,0.9,0.673606,0.990381,0.984131,0.986179,0.5,0,0.841724
antifragile_escape,105,0.9,0.675675,0.998992,0.981787,0.986739,0.5,0,0.844138
antifragile_escape,106,0.9,0.681341,1.0,0.979973,0.984529,0.5,0,0.844637
antifragile_escape,107,0.9,0.68856,0.990605,0.984191,0.986067,0.5,0,0.845536
antifragile_escape,108,0.9,0.673006,0.98607,0.974382,0.977707,0.5,0,0.837021
antifragile_escape,109,0.9,0.675172,0.984823,0.973929,0.977305,0.5,0,0.837452
antifragile_escape,110,0.9,0.684427,0.989096,0.97675,0.980484,0.5,0,0.842131
antifragile_escape,111,0.9,0.704307,0.988788,0.975363,0.978864,0.5,0,0.846675
antifragile_escape,112,0.9,0.697951,0.983675,0.975422,0.978128,0.5,0,0.844168
antifragile_escape,113,0.9,0.695427,0.989396,0.98034,0.982765,0.5,0,0.845843
antifragile_escape,114,0.9,0.703415,0.990731,0.972037,0.976915,0.5,0,0.846101
antifragile_escape,115,0.9,0.699817,0.992052,0.963856,0.972305,0.5,0,0.844295
antifragile_escape,116,0.9,0.701397,0.994389,0.950105,0.961802,0.5,0,0.840597
antifragile_escape,117,0.9,0.69642,0.998785,0.963067,0.969628,0.5,0,0.842444
antifragile_escape,118,0.9,0.701903,1.0,0.956456,0.965625,0.5,0,0.842747
antifragile_escape,119,0.9,0.692289,0.992314,0.954768,0.96337,0.5,0,0.837758
antifragile_escape,120,0.9,0.697823,0.981814,0.958747,0.964739,0.5,0,0.837925
antifragile_escape,121,0.9,0.696402,0.978351,0.962802,0.967693,0.5,0,0.838587
antifragile_escape,122,0.9,0.686517,0.982004,0.957326,0.964671,0.5,0,0.835336
antifragile_escape,123,0.9,0.693688,0.977517,0.950466,0.959138,0.5,0,0.835185
antifragile_escape,124,0.9,0.692376,0.986665,0.948793,0.95989,0.5,0,0.8363
antifragile_escape,125,0.9,0.691019,0.989753,0.946596,0.958468,0.5,0,0.835635
antifragile_escape,126,0.9,0.686294,0.975477,0.957308,0.963251,0.5,0,0.835654
antifragile_escape,127,0.9,0.674399,0.974095,0.956428,0.96219,0.5,0,0.831652
antifragile_escape,128,0.9,0.682636,0.977749,0.948315,0.957997,0.5,0,0.832789
antifragile_escape,129,0.9,0.687611,0.976162,0.948476,0.957615,0.5,0,0.83388
antifragile_escape,130,0.9,0.681045,0.966245,0.950473,0.955376,0.5,0,0.830066
antifragile_escape,131,0.9,0.683252,0.976914,0.944821,0.955358,0.5,0,0.831866
antifragile_escape,132,0.9,0.679899,0.978431,0.953178,0.961492,0.5,0,0.833207
antifragile_escape,133,0.9,0.683359,0.973439,0.952041,0.959099,0.5,0,0.832732
antifragile_escape,134,0.9,0.674034,0.976852,0.949845,0.958026,0.5,0,0.82837
antifragile_escape,135,0.9,0.679813,0.973022,0.942927,0.952598,0.5,0,0.828045
antifragile_escape,136,0.9,0.702473,0.976072,0.946372,0.95573,0.5,0,0.835844
antifragile_escape,137,0.9,0.711074,0.984052,0.944295,0.955495,0.5,0,0.839004
antifragile_escape,138,0.9,0.721,0.993354,0.942634,0.954899,0.5,0,0.842818
antifragile_escape,139,0.9,0.722634,0.999197,0.930248,0.945416,0.5,0,0.840406
antifragile_escape,140,0.9,0.707672,0.993431,0.926124,0.941998,0.5,0,0.833934
antifragile_escape,141,0.9,0.709311,0.987375,0.92723,0.943519,0.5,0,0.834494
antifragile_escape,142,0.9,0.705626,0.990973,0.927327,0.944694,0.5,0,0.834774
antifragile_escape,143,0.9,0.71484,0.98494,0.928679,0.944692,0.5,0,0.836387
antifragile_escape,144,0.9,0.705932,0.98935,0.927971,0.943808,0.5,0,0.833748
antifragile_escape,145,0.9,0.718556,0.975874,0.920403,0.935927,0.5,0,0.83193
antifragile_escape,146,0.9,0.724417,0.980951,0.915122,0.93165,0.5,0,0.832272
antifragile_escape,147,0.9,0.728483,0.984617,0.91566,0.932803,0.5,0,0.834577
antifragile_escape,148,0.9,0.738305,0.98976,0.907594,0.924287,0.5,0,0.834228
antifragile_escape,149,0.9,0.751407,0.983837,0.898246,0.917849,0.5,0,0.834543
antifragile_escape,150,0.9,0.769388,0.987252,0.89801,0.916685,0.5,0,0.83946
antifragile_escape,151,0.9,0.770594,0.981411,0.912301,0.929216,0.5,0,0.844213
antifragile_escape,152,0.9,0.766827,0.986906,0.917858,0.934283,0.5,0,0.846151
antifragile_escape,153,0.9,0.77551,0.991602,0.923289,0.939028,0.5,0,0.851289
antifragile_escape,154,0.9,0.779779,0.98843,0.917114,0.936398,0.5,0,0.85176
antifragile_escape,155,0.9,0.794252,0.990188,0.926842,0.94366,0.5,0,0.858798
antifragile_escape,156,0.9,0.789105,0.992762,0.928638,0.943691,0.5,0,0.857247
antifragile_escape,157,0.9,0.792067,1.0,0.935402,0.948936,0.5,0,0.861289
antifragile_escape,158,0.9,0.796021,0.998783,0.930174,0.945117,0.5,0,0.860722
antifragile_escape,159,0.9,0.789618,1.0,0.93389,0.944661,0.5,0,0.858531
antifragile_escape,160,0.9,0.801184,1.0,0.941341,0.949895,0.5,0,0.863846
antifragile_escape,161,0.9,0.796114,1.0,0.944766,0.954967,0.5,0,0.864655
antifragile_escape,162,0.9,0.798656,0.992535,0.943934,0.954669,0.5,0,0.864051
antifragile_escape,163,0.9,0.797633,0.994198,0.942009,0.952505,0.5,0,0.863058
antifragile_escape,164,0.9,0.798017,0.995777,0.944785,0.952379,0.5,0,0.863175
antifragile_escape,165,0.9,0.813119,0.988887,0.933168,0.941084,0.5,0,0.861452
antifragile_escape,166,0.9,0.816967,0.988399,0.941763,0.939469,0.5,0,0.86197
antifragile_escape,167,0.9,0.833058,0.98186,0.940625,0.937424,0.5,0,0.864443
antifragile_escape,168,0.9,0.834048,0.99078,0.952813,0.942257,0.5,0,0.869002
antifragile_escape,169,0.9,0.837933,1.0,0.953178,0.943236,0.5,0,0.872173
antifragile_escape,170,0.9,0.866964,1.0,0.949852,0.945614,0.5,0,0.880827
antifragile_escape,171,0.9,0.866645,1.0,0.951022,0.947676,0.5,0,0.881521
antifragile_escape,172,0.9,0.872938,1.0,0.94036,0.94414,0.5,0,0.881538
antifragile_escape,173,0.9,0.865,0.99965,0.942033,0.943634,0.5,0,0.8791
antifragile_escape,174,0.9,0.857862,0.997215,0.93966,0.942678,0.5,0,0.876202
antifragile_escape,175,0.9,0.853399,1.0,0.94122,0.938295,0.5,0,0.87396
antifragile_escape,176,0.9,0.856901,0.998674,0.941752,0.939159,0.5,0,0.875018
antifragile_escape,177,0.9,0.868082,0.992034,0.935862,0.933546,0.5,0,0.874567
antifragile_escape,178,0.9,0.881641,0.989602,0.922109,0.92162,0.5,0,0.872941
antifragile_escape,179,0.9,0.88078,0.987355,0.923867,0.922469,0.5,0,0.872658
antifragile_escape,180,0.9,0.878971,0.982429,0.928232,0.920787,0.5,0,0.870913
antifragile_escape,181,0.9,0.883392,0.981889,0.939169,0.924397,0.5,0,0.874196
antifragile_escape,182,0.9,0.885188,0.974582,0.94078,0.922067,0.5,0,0.872813
antifragile_escape,183,0.9,0.891965,0.978413,0.938208,0.925851,0.5,0,0.876307
antifragile_escape,184,0.9,0.907055,0.982013,0.9476,0.922956,0.5,0,0.881356
antifragile_escape,185,0.9,0.903719,0.983081,0.945198,0.922647,0.5,0,0.880235
antifragile_escape,186,0.9,0.905961,0.985895,0.944879,0.923937,0.5,0,0.881729
antifragile_escape,187,0.9,0.913148,0.993164,0.955843,0.930026,0.5,0,0.88818
antifragile_escape,188,0.9,0.907541,0.99277,0.962351,0.936702,0.5,0,0.889329
antifragile_escape,189,0.9,0.918232,0.995857,0.97029,0.941302,0.5,0,0.895247
antifragile_escape,190,0.9,0.924519,0.978354,0.97317,0.926102,0.5,0,0.890095
antifragile_escape,191,0.9,0.931733,0.981644,0.966721,0.923496,0.5,0,0.89094
antifragile_escape,192,0.9,0.931461,0.995461,0.967362,0.927558,0.5,0,0.894472
antifragile_escape,193,0.9,0.936109,0.989536,0.967343,0.928364,0.5,0,0.894989
antifragile_escape,194,0.9,0.937662,0.985288,0.97353,0.930782,0.5,0,0.896299
antifragile_escape,195,0.9,0.940413,0.986915,0.977749,0.928654,0.5,0,0.897353
antifragile_escape,196,0.9,0.95285,0.984697,0.969684,0.930092,0.5,0,0.899693
antifragile_escape,197,0.9,0.944205,0.986374,0.974692,0.934074,0.5,0,0.899429
antifragile_escape,198,0.9,0.93657,0.988627,0.973372,0.933098,0.5,0,0.897191
antifragile_escape,199,0.9,0.952005,0.999617,0.981783,0.936433,0.5,0,0.905525
antifragile_escape,200,0.9,0.961739,1.0,0.982925,0.941392,0.5,0,0.909911
antifragile_escape,201,0.9,0.959505,0.997513,0.987063,0.943102,0.5,0,0.909972
antifragile_escape,202,0.9,0.968466,0.995313,0.991854,0.946375,0.5,0,0.913791
antifragile_escape,203,0.9,0.983604,0.9924,0.982083,0.940887,0.5,0,0.914504
antifragile_escape,204,0.9,0.987621,0.990906,0.980413,0.944167,0.5,0,0.91608
antifragile_escape,205,0.9,0.99375,0.993543,0.984494,0.937126,0.5,0,0.916811
antifragile_escape,206,0.9,0.979908,0.993886,0.98477,0.942875,0.5,0,0.914684
antifragile_escape,207,0.9,0.98513,0.991004,0.98798,0.941865,0.5,0,0.91588
antifragile_escape,208,0.9,0.996619,0.987834,0.993049,0.946094,0.5,0,0.920615
antifragile_escape,209,0.9,1.0,0.992263,0.993797,0.944588,0.5,0,0.921931
antifragile_escape,210,0.9,0.999299,0.995671,0.988185,0.947091,0.5,0,0.922128
antifragile_escape,211,0.9,1.0,0.996413,1.0,0.943997,0.5,0,0.923387
antifragile_escape,212,0.9,1.0,0.998951,1.0,0.947383,0.5,0,0.924751
antifragile_escape,213,0.9,1.0,0.996232,1.0,0.945222,0.5,0,0.92371
antifragile_escape,214,0.9,0.995024,0.999036,1.0,0.946369,0.5,0,0.923081
antifragile_escape,215,0.9,0.989707,0.99768,0.990443,0.941843,0.5,0,0.918602
antifragile_escape,216,0.9,1.0,1.0,0.987111,0.948724,0.5,0,0.923345
antifragile_escape,217,0.9,1.0,1.0,0.987735,0.950277,0.5,0,0.923884
antifragile_escape,218,0.9,0.992415,0.990738,0.991895,0.949658,0.5,0,0.920724
antifragile_escape,219,0.9,0.996083,0.995689,0.993136,0.948619,0.5,0,0.922425
antifragile_escape,220,0.9,0.999147,1.0,0.996238,0.95482,0.5,0,0.926225
antifragile_escape,221,0.9,1.0,1.0,0.999902,0.958486,0.5,0,0.928083
antifragile_escape,222,0.9,1.0,0.991865,0.995136,0.963087,0.5,0,0.927387
antifragile_escape,223,0.9,1.0,0.990395,0.988318,0.961595,0.5,0,0.925657
antifragile_escape,224,0.9,1.0,0.997385,0.986379,0.964078,0.5,0,0.927234
antifragile_escape,225,0.9,1.0,0.997455,0.982147,0.962678,0.5,0,0.926255
antifragile_escape,226,0.9,1.0,1.0,0.981907,0.962313,0.5,0,0.92656
antifragile_escape,227,0.9,0.996446,0.998422,0.978146,0.967333,0.5,0,0.926313
antifragile_escape,228,0.9,1.0,0.998823,0.978798,0.967699,0.5,0,0.927566
antifragile_escape,229,0.9,1.0,0.984928,0.967204,0.96196,0.5,0,0.921987
antifragile_escape,230,0.9,1.0,0.988062,0.965541,0.964914,0.5,0,0.923435
antifragile_escape,231,0.9,1.0,0.994072,0.967853,0.96431,0.5,0,0.924535
antifragile_escape,232,0.9,1.0,0.994196,0.97732,0.958856,0.5,0,0.923927
antifragile_escape,233,0.9,0.994103,0.99213,0.976237,0.952875,0.5,0,0.920024
antifragile_escape,234,0.9,0.990817,1.0,0.987514,0.955022,0.5,0,0.922648
antifragile_escape,235,0.9,0.985223,0.988551,0.987057,0.950298,0.5,0,0.917793
antifragile_escape,236,0.9,0.976021,0.984204,0.988202,0.952295,0.5,0,0.915295
antifragile_escape,237,0.9,0.969058,0.989641,0.983632,0.955935,0.5,0,0.914537
antifragile_escape,238,0.9,0.961646,0.987947,0.986145,0.959595,0.5,0,0.913621
antifragile_escape,239,0.9,0.977501,0.994229,0.984877,0.963914,0.5,0,0.920141
antifragile_escape,240,0.9,0.996785,0.986974,0.979614,0.969173,0.5,0,0.925094
antifragile_escape,241,0.9,0.989804,0.984312,0.982535,0.969649,0.5,0,0.923254
antifragile_escape,242,0.9,0.98801,0.980345,0.9776,0.977961,0.5,0,0.923874
antifragile_escape,243,0.9,0.998705,0.977796,0.976924,0.975508,0.5,0,0.925529
antifragile_escape,244,0.9,0.99128,0.967368,0.963877,0.964943,0.5,0,0.917156
antifragile_escape,245,0.9,0.994525,0.975751,0.967051,0.969074,0.5,0,0.921279
antifragile_escape,246,0.9,1.0,0.980598,0.964237,0.968265,0.5,0,0.923546
antifragile_escape,247,0.9,0.999204,0.974242,0.957833,0.962872,0.5,0,0.920494
antifragile_escape,248,0.9,0.996463,0.974906,0.962083,0.966253,0.5,0,0.921513
antifragile_escape,249,0.9,1.0,0.96939,0.972928,0.970501,0.5,0,0.923632
antifragile_escape,250,0.9,1.0,0.967517,0.962612,0.964079,0.5,0,0.920591
antifragile_escape,251,0.9,1.0,0.977255,0.958563,0.964244,0.5,0,0.921902
antifragile_escape,252,0.9,0.998572,0.982348,0.959144,0.966525,0.5,0,0.924094
antifragile_escape,253,0.9,1.0,0.983278,0.96472,0.970534,0.5,0,0.925843
antifragile_escape,254,0.9,1.0,0.978589,0.969384,0.97234,0.5,0,0.926548
antifragile_escape,255,0.9,1.0,0.987705,0.967734,0.974083,0.5,0,0.928385
antifragile_escape,256,0.9,1.0,0.984348,0.978087,0.979986,0.5,0,0.930624
antifragile_escape,257,0.9,1.0,0.971631,0.966432,0.967257,0.5,0,0.924922
antifragile_escape,258,0.9,1.0,0.964228,0.96695,0.963727,0.5,0,0.923259
antifragile_escape,259,0.9,1.0,0.962295,0.965231,0.962461,0.5,0,0.920917
antifragile_escape,260,0.9,1.0,0.95358,0.961944,0.956116,0.5,0,0.917192
antifragile_escape,261,0.9,1.0,0.941984,0.966375,0.950016,0.5,0,0.915759
antifragile_escape,262,0.9,0.983754,0.937142,0.974432,0.946714,0.5,0,0.909427
antifragile_escape,263,0.9,0.977914,0.943202,0.970882,0.951116,0.5,0,0.909135
antifragile_escape,264,0.9,0.996204,0.943097,0.973709,0.949724,0.5,0,0.913576
antifragile_escape,265,0.9,0.99372,0.940848,0.974091,0.945497,0.5,0,0.910997
antifragile_escape,266,0.9,1.0,0.943765,0.965065,0.947537,0.5,0,0.911917
antifragile_escape,267,0.9,0.988576,0.938419,0.971009,0.944736,0.5,0,0.90879
antifragile_escape,268,0.9,1.0,0.942437,0.975525,0.951599,0.5,0,0.916399
antifragile_escape,269,0.9,0.997217,0.946132,0.978639,0.954116,0.5,0,0.916828
antifragile_escape,270,0.9,1.0,0.949149,0.974664,0.956721,0.5,0,0.918472
antifragile_escape,271,0.9,1.0,0.953519,0.967409,0.95811,0.5,0,0.918425
antifragile_escape,272,0.9,1.0,0.952173,0.965005,0.956411,0.5,0,0.917296
antifragile_escape,273,0.9,1.0,0.958608,0.955292,0.955441,0.5,0,0.91726
antifragile_escape,274,0.9,1.0,0.952658,0.96414,0.956054,0.5,0,0.918789
antifragile_escape,275,0.9,0.991482,0.95856,0.967272,0.961331,0.5,0,0.917527
antifragile_escape,276,0.9,0.997998,0.962709,0.968977,0.964547,0.5,0,0.921042
antifragile_escape,277,0.9,1.0,0.946238,0.96768,0.953291,0.5,0,0.916971
antifragile_escape,278,0.9,1.0,0.954784,0.961794,0.956549,0.5,0,0.918121
antifragile_escape,279,0.9,0.998225,0.964534,0.959288,0.960309,0.5,0,0.919744
antifragile_escape,280,0.9,1.0,0.968846,0.958991,0.961898,0.5,0,0.921594
antifragile_escape,281,0.9,1.0,0.967512,0.95857,0.961179,0.5,0,0.920854
antifragile_escape,282,0.9,1.0,0.969684,0.963293,0.964976,0.5,0,0.922568
antifragile_escape,283,0.9,1.0,0.983657,0.954604,0.963953,0.5,0,0.924327
antifragile_escape,284,0.9,0.996783,0.997353,0.961467,0.971863,0.5,0,0.92831
antifragile_escape,285,0.9,0.998645,0.996148,0.964566,0.973888,0.5,0,0.929416
antifragile_escape,286,0.9,0.994953,1.0,0.970787,0.97897,0.5,0,0.930805
antifragile_escape,287,0.9,0.996386,0.994426,0.96615,0.973378,0.5,0,0.92752
antifragile_escape,288,0.9,0.999318,0.991895,0.94908,0.95951,0.5,0,0.922273
antifragile_escape,289,0.9,0.997601,0.994218,0.941734,0.95609,0.5,0,0.921554
antifragile_escape,290,0.9,1.0,1.0,0.951975,0.963732,0.5,0,0.925825
antifragile_escape,291,0.9,1.0,1.0,0.952285,0.963478,0.5,0,0.925589
antifragile_escape,292,0.9,1.0,1.0,0.953764,0.966565,0.5,0,0.92754
antifragile_escape,293,0.9,1.0,0.995652,0.949548,0.963015,0.5,0,0.925698
antifragile_escape,294,0.9,1.0,0.988019,0.942375,0.955604,0.5,0,0.921116
antifragile_escape,295,0.9,1.0,0.995004,0.943424,0.954556,0.5,0,0.920829
antifragile_escape,296,0.9,1.0,1.0,0.93579,0.94891,0.5,0,0.919447
antifragile_escape,297,0.9,1.0,1.0,0.937736,0.950926,0.5,0,0.920333
antifragile_escape,298,0.9,0.997124,1.0,0.930719,0.946597,0.5,0,0.918032
antifragile_escape,299,0.9,0.995794,0.999864,0.928341,0.9434,0.5,0,0.916096
antifragile_escape,300,0.9,0.990562,1.0,0.922845,0.940731,0.5,0,0.913918
antifragile_escape,301,0.9,0.989631,0.996252,0.932308,0.947723,0.5,0,0.915811
antifragile_escape,302,0.9,0.997221,0.983683,0.933376,0.948671,0.5,0,0.91746
antifragile_escape,303,0.9,1.0,0.987291,0.940056,0.952545,0.5,0,0.91913
antifragile_escape,304,0.9,1.0,0.983251,0.949103,0.958326,0.5,0,0.920539
antifragile_escape,305,0.9,0.993456,0.967081,0.948696,0.95473,0.5,0,0.9152
antifragile_escape,306,0.9,1.0,0.974918,0.948679,0.954711,0.5,0,0.916947
antifragile_escape,307,0.9,1.0,0.977266,0.955574,0.957244,0.5,0,0.918152
antifragile_escape,308,0.9,0.995925,0.982207,0.94632,0.949338,0.5,0,0.914707
antifragile_escape,309,0.9,0.997437,0.987595,0.948794,0.950693,0.5,0,0.916735
antifragile_escape,310,0.9,0.999144,0.977154,0.944978,0.950266,0.5,0,0.915094
antifragile_escape,311,0.9,0.990208,0.973255,0.942567,0.948165,0.5,0,0.911032
antifragile_escape,312,0.9,0.988781,0.969408,0.948321,0.953505,0.5,0,0.912294
antifragile_escape,313,0.9,0.989244,0.970847,0.944435,0.949237,0.5,0,0.910728
antifragile_escape,314,0.9,0.987766,0.964438,0.946496,0.951486,0.5,0,0.910423
antifragile_escape,315,0.9,0.991567,0.963815,0.949594,0.953707,0.5,0,0.912274
antifragile_escape,316,0.9,0.985068,0.964701,0.956755,0.953657,0.5,0,0.910385
antifragile_escape,317,0.9,0.998185,0.964474,0.960904,0.952651,0.5,0,0.914249
antifragile_escape,318,0.9,0.988817,0.951105,0.967326,0.946151,0.5,0,0.909007
antifragile_escape,319,0.9,0.981326,0.943603,0.966924,0.940807,0.5,0,0.904452
antifragile_escape,320,0.9,1.0,0.854868,0.868062,0.859207,0.525,1,0.861587
antifragile_escape,321,0.9,1.0,0.864509,0.878235,0.866922,0.525,1,0.865343
antifragile_escape,322,0.9,1.0,0.870213,0.881793,0.870966,0.525,1,0.86764
antifragile_escape,323,0.9,1.0,0.871243,0.883855,0.872762,0.525,1,0.868767
antifragile_escape,324,0.9,1.0,0.891252,0.875469,0.876951,0.525,1,0.871887
antifragile_escape,325,0.9,1.0,0.893663,0.882481,0.884834,0.525,1,0.875657
antifragile_escape,326,0.9,1.0,0.881681,0.894327,0.885201,0.525,1,0.876206
antifragile_escape,327,0.9,0.993841,0.879015,0.897274,0.883961,0.525,1,0.87462
antifragile_escape,328,0.9,1.0,0.870795,0.90513,0.879224,0.525,1,0.875961
antifragile_escape,329,0.9,0.991831,0.876346,0.892505,0.881651,0.525,1,0.873397
antifragile_escape,330,0.9,0.995859,0.878055,0.901629,0.885057,0.525,1,0.876981
antifragile_escape,331,0.9,0.995406,0.888082,0.906775,0.892951,0.525,1,0.880478
antifragile_escape,332,0.9,0.986469,0.892607,0.898043,0.894229,0.525,1,0.878138
antifragile_escape,333,0.9,1.0,0.888111,0.899426,0.891582,0.525,1,0.882553
antifragile_escape,334,0.9,0.99803,0.891647,0.901409,0.894478,0.525,1,0.883726
antifragile_escape,335,0.9,1.0,0.884183,0.904152,0.890721,0.525,1,0.883473
antifragile_escape,336,0.9,0.99068,0.892384,0.908218,0.89759,0.525,1,0.883536
antifragile_escape,337,0.9,0.982274,0.888341,0.90679,0.894275,0.525,1,0.880855
antifragile_escape,338,0.9,0.990996,0.8873,0.910105,0.894812,0.525,1,0.883818
antifragile_escape,339,0.9,0.990317,0.880073,0.903575,0.887766,0.525,1,0.880072
antifragile_escape,340,0.9,0.997199,0.879629,0.919712,0.891586,0.525,1,0.884184
antifragile_escape,341,0.9,0.991776,0.879028,0.922134,0.889576,0.525,1,0.881252
antifragile_escape,342,0.9,1.0,0.878679,0.92522,0.891092,0.525,1,0.885171
antifragile_escape,343,0.9,0.998952,0.867402,0.930531,0.883715,0.525,1,0.883023
antifragile_escape,344,0.9,1.0,0.866499,0.928722,0.883707,0.525,1,0.883447
antifragile_escape,345,0.9,1.0,0.860729,0.926143,0.880624,0.525,1,0.88313
antifragile_escape,346,0.9,1.0,0.857816,0.924415,0.878327,0.525,1,0.882212
antifragile_escape,347,0.9,1.0,0.860418,0.92461,0.879555,0.525,1,0.881962
antifragile_escape,348,0.9,1.0,0.854943,0.924951,0.875284,0.525,1,0.880089
antifragile_escape,349,0.9,1.0,0.866651,0.929461,0.883427,0.525,1,0.883205
antifragile_escape,350,0.9,0.997403,0.865803,0.932726,0.8829,0.525,1,0.882674
antifragile_escape,351,0.9,0.994807,0.864719,0.930107,0.88152,0.525,1,0.880889
antifragile_escape,352,0.9,1.0,0.87763,0.945083,0.890294,0.525,1,0.88786
antifragile_escape,353,0.9,0.99419,0.875363,0.942378,0.88727,0.525,1,0.884412
antifragile_escape,354,0.9,0.996636,0.870506,0.948561,0.882772,0.525,1,0.884343
antifragile_escape,355,0.9,0.996625,0.873476,0.941797,0.888319,0.525,1,0.885768
antifragile_escape,356,0.9,1.0,0.867875,0.944202,0.883116,0.525,1,0.884895
antifragile_escape,357,0.9,1.0,0.871037,0.930677,0.883717,0.525,1,0.882595
antifragile_escape,358,0.9,1.0,0.88022,0.922484,0.890578,0.525,1,0.884024
antifragile_escape,359,0.9,0.990333,0.88252,0.925646,0.892401,0.525,1,0.882505
antifragile_escape,360,0.9,0.991328,0.882859,0.926215,0.89225,0.525,1,0.882726
antifragile_escape,361,0.9,0.99461,0.88781,0.925834,0.895484,0.525,1,0.884768
antifragile_escape,362,0.9,0.982843,0.892871,0.927285,0.899574,0.525,1,0.883373
antifragile_escape,363,0.9,0.97082,0.883128,0.930353,0.893362,0.525,1,0.878258
antifragile_escape,364,0.9,0.970723,0.889404,0.937314,0.899209,0.525,1,0.881864
antifragile_escape,365,0.9,0.957462,0.896187,0.945873,0.905651,0.525,1,0.882339
antifragile_escape,366,0.9,0.966452,0.903385,0.956287,0.908943,0.525,1,0.887967
antifragile_escape,367,0.9,0.97603,0.905623,0.950439,0.912062,0.525,1,0.890857
antifragile_escape,368,0.9,0.980334,0.908791,0.949859,0.917451,0.525,1,0.894414
antifragile_escape,369,0.9,0.979235,0.910644,0.956115,0.916169,0.525,1,0.894486
antifragile_escape,370,0.9,0.966534,0.912592,0.950265,0.917213,0.525,1,0.890245
antifragile_escape,371,0.9,0.965001,0.915693,0.949444,0.921224,0.525,1,0.891364
antifragile_escape,372,0.9,0.963066,0.916333,0.956697,0.922869,0.525,1,0.892882
antifragile_escape,373,0.9,0.971911,0.911466,0.966021,0.921977,0.525,1,0.896941
antifragile_escape,374,0.9,0.976769,0.911947,0.970758,0.922008,0.525,1,0.899111
antifragile_escape,375,0.9,0.987344,0.910302,0.967634,0.918879,0.525,1,0.900113
antifragile_escape,376,0.9,0.976317,0.916439,0.979122,0.926246,0.525,1,0.902258
antifragile_escape,377,0.9,0.985716,0.926609,0.976791,0.933541,0.525,1,0.907376
antifragile_escape,378,0.9,0.99145,0.921666,0.978443,0.927087,0.525,1,0.906613
antifragile_escape,379,0.9,1.0,0.918502,0.972044,0.920261,0.525,1,0.905057
antifragile_escape,380,0.9,0.998947,0.910794,0.97531,0.914984,0.525,1,0.903175
antifragile_escape,381,0.9,0.998111,0.91897,0.979412,0.919868,0.525,1,0.905817
antifragile_escape,382,0.9,0.992423,0.920752,0.980699,0.920114,0.525,1,0.904639
antifragile_escape,383,0.9,0.98978,0.925365,0.984389,0.913429,0.525,1,0.902666
antifragile_escape,384,0.9,0.968999,0.923131,0.990847,0.91201,0.525,1,0.897421
antifragile_escape,385,0.9,0.963849,0.930799,0.979497,0.921089,0.525,1,0.897432
antifragile_escape,386,0.9,0.95791,0.928657,0.973796,0.924225,0.525,1,0.895549
antifragile_escape,387,0.9,0.947756,0.927634,0.96913,0.928682,0.525,1,0.893325
antifragile_escape,388,0.9,0.96419,0.928852,0.962764,0.928333,0.525,1,0.896626
antifragile_escape,389,0.9,0.957593,0.930816,0.956126,0.922992,0.525,1,0.891888
antifragile_escape,390,0.9,0.946771,0.927659,0.951531,0.919577,0.525,1,0.886614
antifragile_escape,391,0.9,0.950822,0.930549,0.941823,0.919202,0.525,1,0.886203
antifragile_escape,392,0.9,0.946226,0.937358,0.935747,0.920053,0.525,1,0.885147
antifragile_escape,393,0.9,0.95114,0.934743,0.935381,0.919847,0.525,1,0.885995
antifragile_escape,394,0.9,0.958621,0.937453,0.936116,0.919676,0.525,1,0.888582
antifragile_escape,395,0.9,0.960334,0.936838,0.937996,0.928404,0.525,1,0.891763
antifragile_escape,396,0.9,0.970093,0.926717,0.940515,0.929659,0.525,1,0.894588
antifragile_escape,397,0.9,0.975058,0.924791,0.941867,0.928299,0.525,1,0.895681
antifragile_escape,398,0.9,0.976339,0.927455,0.938403,0.928941,0.525,1,0.895544
antifragile_escape,399,0.9,0.983065,0.932149,0.941001,0.934304,0.525,1,0.900238
antifragile_escape,400,0.9,1.0,0.843537,0.840666,0.840895,0.55,2,0.853711
antifragile_escape,401,0.9,0.999984,0.842608,0.846393,0.843166,0.55,2,0.855345
antifragile_escape,402,0.9,1.0,0.845128,0.842738,0.842115,0.55,2,0.856186
antifragile_escape,403,0.9,0.993484,0.858826,0.849773,0.852481,0.55,2,0.859618
antifragile_escape,404,0.9,0.998358,0.861425,0.848756,0.852721,0.55,2,0.861997
antifragile_escape,405,0.9,1.0,0.859401,0.8525,0.854048,0.55,2,0.863144
antifragile_escape,406,0.9,0.991826,0.865548,0.839779,0.848295,0.55,2,0.859394
antifragile_escape,407,0.9,1.0,0.865222,0.846876,0.852862,0.55,2,0.86342
antifragile_escape,408,0.9,1.0,0.865088,0.855857,0.858605,0.55,2,0.865243
antifragile_escape,409,0.9,1.0,0.871693,0.870181,0.870184,0.55,2,0.870115
antifragile_escape,410,0.9,0.995645,0.87817,0.875713,0.876297,0.55,2,0.872136
antifragile_escape,411,0.9,1.0,0.87321,0.885103,0.876966,0.55,2,0.876555
antifragile_escape,412,0.9,1.0,0.879194,0.884397,0.880702,0.55,2,0.876869
antifragile_escape,413,0.9,0.994857,0.87288,0.896997,0.880152,0.55,2,0.876931
antifragile_escape,414,0.9,0.995985,0.874334,0.904804,0.882632,0.55,2,0.87942
antifragile_escape,415,0.9,0.998017,0.874744,0.898228,0.880452,0.55,2,0.877421
antifragile_escape,416,0.9,1.0,0.869482,0.900016,0.877326,0.55,2,0.877266
antifragile_escape,417,0.9,0.996279,0.874484,0.904298,0.879856,0.55,2,0.877614
antifragile_escape,418,0.9,1.0,0.881607,0.905602,0.884291,0.55,2,0.880625
antifragile_escape,419,0.9,1.0,0.885098,0.911229,0.887489,0.55,2,0.883003
antifragile_escape,420,0.9,1.0,0.892058,0.918193,0.889734,0.55,2,0.885451
antifragile_escape,421,0.9,1.0,0.895714,0.90951,0.890561,0.55,2,0.88439
antifragile_escape,422,0.9,1.0,0.894685,0.919689,0.887251,0.55,2,0.885148
antifragile_escape,423,0.9,1.0,0.899092,0.924241,0.893667,0.55,2,0.88846
antifragile_escape,424,0.9,1.0,0.899515,0.926102,0.895389,0.55,2,0.889409
antifragile_escape,425,0.9,1.0,0.904815,0.927816,0.895938,0.55,2,0.890403
antifragile_escape,426,0.9,1.0,0.90784,0.94247,0.896066,0.55,2,0.893478
antifragile_escape,427,0.9,1.0,0.910234,0.957624,0.896452,0.55,2,0.896668
antifragile_escape,428,0.9,0.99721,0.909884,0.959949,0.900528,0.55,2,0.897597
antifragile_escape,429,0.9,1.0,0.911081,0.958741,0.911109,0.55,2,0.901833
antifragile_escape,430,0.9,0.997844,0.908658,0.953893,0.913191,0.55,2,0.901043
antifragile_escape,431,0.9,1.0,0.910067,0.959186,0.912266,0.55,2,0.902312
antifragile_escape,432,0.9,1.0,0.915436,0.961981,0.913518,0.55,2,0.903538
antifragile_escape,433,0.9,0.997649,0.913964,0.957062,0.917431,0.55,2,0.903332
antifragile_escape,434,0.9,1.0,0.923134,0.97478,0.917136,0.55,2,0.907738
antifragile_escape,435,0.9,0.998671,0.919535,0.968809,0.915543,0.55,2,0.905431
antifragile_escape,436,0.9,1.0,0.921422,0.972306,0.918831,0.55,2,0.907728
antifragile_escape,437,0.9,1.0,0.935689,0.974256,0.919613,0.55,2,0.909584
antifragile_escape,438,0.9,0.989676,0.937054,0.974029,0.919437,0.55,2,0.906747
antifragile_escape,439,0.9,0.997668,0.942644,0.968952,0.918489,0.55,2,0.908453
antifragile_escape,440,0.9,1.0,0.932631,0.968479,0.916384,0.55,2,0.907196
antifragile_escape,441,0.9,0.997093,0.930714,0.968035,0.917139,0.55,2,0.906328
antifragile_escape,442,0.9,1.0,0.930306,0.965925,0.919763,0.55,2,0.907528
antifragile_escape,443,0.9,1.0,0.936414,0.97247,0.92786,0.55,2,0.911907
antifragile_escape,444,0.9,0.996669,0.937744,0.973077,0.928954,0.55,2,0.91156
antifragile_escape,445,0.9,0.988384,0.93952,0.968995,0.931083,0.55,2,0.909318
antifragile_escape,446,0.9,0.983187,0.942111,0.970508,0.935117,0.55,2,0.909673
antifragile_escape,447,0.9,0.989005,0.946156,0.964621,0.932701,0.55,2,0.909913
antifragile_escape,448,0.9,0.985217,0.940948,0.96508,0.931425,0.55,2,0.907953
antifragile_escape,449,0.9,0.986378,0.949482,0.960928,0.92936,0.55,2,0.907987
antifragile_escape,450,0.9,0.993916,0.946749,0.952201,0.926064,0.55,2,0.907292
antifragile_escape,451,0.9,1.0,0.941573,0.952631,0.928914,0.55,2,0.909164
antifragile_escape,452,0.9,1.0,0.935623,0.955551,0.928847,0.55,2,0.90897
antifragile_escape,453,0.9,1.0,0.922622,0.951714,0.92379,0.55,2,0.905606
antifragile_escape,454,0.9,1.0,0.928874,0.956311,0.927064,0.55,2,0.907967
antifragile_escape,455,0.9,0.999956,0.932767,0.950624,0.932151,0.55,2,0.908865
antifragile_escape,456,0.9,1.0,0.915702,0.943924,0.92388,0.55,2,0.905122
antifragile_escape,457,0.9,0.987727,0.924765,0.945103,0.931242,0.55,2,0.905335
antifragile_escape,458,0.9,0.994995,0.928418,0.950364,0.935654,0.55,2,0.911253
antifragile_escape,459,0.9,0.985953,0.932501,0.958186,0.940924,0.55,2,0.912437
antifragile_escape,460,0.9,0.998872,0.93939,0.97444,0.948857,0.55,2,0.920688
antifragile_escape,461,0.9,1.0,0.937637,0.969601,0.943693,0.55,2,0.917274
antifragile_escape,462,0.9,1.0,0.9359,0.981809,0.942854,0.55,2,0.919171
antifragile_escape,463,0.9,1.0,0.942115,0.983841,0.949987,0.55,2,0.922598
antifragile_escape,464,0.9,1.0,0.945447,0.982428,0.953135,0.55,2,0.923693
antifragile_escape,465,0.9,1.0,0.949033,0.990319,0.957908,0.55,2,0.927225
antifragile_escape,466,0.9,0.984533,0.953133,0.977192,0.96071,0.55,2,0.922719
antifragile_escape,467,0.9,0.99613,0.948639,0.968324,0.955144,0.55,2,0.923114
antifragile_escape,468,0.9,0.995798,0.950153,0.98555,0.960905,0.55,2,0.927715
antifragile_escape,469,0.9,1.0,0.960007,0.984692,0.966277,0.55,2,0.929693
antifragile_escape,470,0.9,1.0,0.954972,0.983934,0.961845,0.55,2,0.927665
antifragile_escape,471,0.9,1.0,0.959764,0.987979,0.965458,0.55,2,0.929717
antifragile_escape,472,0.9,0.994119,0.947434,0.989115,0.957431,0.55,2,0.925379
antifragile_escape,473,0.9,1.0,0.957884,0.98334,0.964068,0.55,2,0.928458
antifragile_escape,474,0.9,1.0,0.96759,0.990383,0.97028,0.55,2,0.931991
antifragile_escape,475,0.9,1.0,0.961621,0.989141,0.966306,0.55,2,0.93019
antifragile_escape,476,0.9,1.0,0.947738,0.99238,0.955767,0.55,2,0.926563
antifragile_escape,477,0.9,1.0,0.94712,0.997272,0.952146,0.55,2,0.925859
antifragile_escape,478,0.9,1.0,0.944472,0.987672,0.952283,0.55,2,0.924239
antifragile_escape,479,0.9,1.0,0.933795,0.99215,0.941988,0.55,2,0.920767
antifragile_escape,480,0.9,0.9965,0.928134,0.989652,0.938177,0.55,2,0.917826
antifragile_escape,481,0.9,1.0,0.926866,0.995736,0.938155,0.55,2,0.91997
antifragile_escape,482,0.9,0.996672,0.918415,0.997564,0.932043,0.55,2,0.916949
antifragile_escape,483,0.9,0.995987,0.914608,1.0,0.926232,0.55,2,0.914682
antifragile_escape,484,0.9,1.0,0.924422,0.99553,0.931497,0.55,2,0.917061
antifragile_escape,485,0.9,0.984983,0.914736,0.993933,0.928928,0.55,2,0.911757
antifragile_escape,486,0.9,0.989391,0.92321,1.0,0.933614,0.55,2,0.915855
antifragile_escape,487,0.9,1.0,0.915582,1.0,0.926732,0.55,2,0.915999
antifragile_escape,488,0.9,1.0,0.911488,0.994101,0.92505,0.55,2,0.914316
antifragile_escape,489,0.9,1.0,0.913644,0.997644,0.924682,0.55,2,0.914709
antifragile_escape,490,0.9,1.0,0.930958,0.995434,0.934838,0.55,2,0.91844
antifragile_escape,491,0.9,1.0,0.929101,0.993104,0.935638,0.55,2,0.918299
antifragile_escape,492,0.9,1.0,0.931028,0.999215,0.935454,0.55,2,0.919406
antifragile_escape,493,0.9,0.988267,0.924823,0.991351,0.93198,0.55,2,0.913183
antifragile_escape,494,0.9,0.986245,0.921652,0.988878,0.933207,0.55,2,0.912824
antifragile_escape,495,0.9,0.989974,0.920422,0.986496,0.933213,0.55,2,0.913556
antifragile_escape,496,0.9,0.986313,0.9222,0.974571,0.934508,0.55,2,0.911108
antifragile_escape,497,0.9,0.987673,0.934624,0.969782,0.943428,0.55,2,0.914181
antifragile_escape,498,0.9,0.99047,0.93522,0.971017,0.945005,0.55,2,0.916179
antifragile_escape,499,0.9,0.994052,0.941381,0.967375,0.949419,0.55,2,0.918789
antifragile_escape,500,0.9,1.0,0.955794,0.967282,0.957812,0.55,2,0.92252
antifragile_escape,501,0.9,1.0,0.959979,0.969416,0.962515,0.55,2,0.925037
antifragile_escape,502,0.9,1.0,0.96628,0.979146,0.967965,0.55,2,0.928909
antifragile_escape,503,0.9,1.0,0.963332,0.989795,0.966538,0.55,2,0.930347
antifragile_escape,504,0.9,1.0,0.960532,0.990061,0.96742,0.55,2,0.931093
antifragile_escape,505,0.9,0.989908,0.960014,1.0,0.967115,0.55,2,0.929814
antifragile_escape,506,0.9,1.0,0.964892,0.99958,0.969723,0.55,2,0.933531
antifragile_escape,507,0.9,0.999264,0.97247,1.0,0.975271,0.55,2,0.935654
antifragile_escape,508,0.9,1.0,0.979283,0.994808,0.974328,0.55,2,0.934915
antifragile_escape,509,0.9,1.0,0.982571,0.997356,0.974653,0.55,2,0.935839
antifragile_escape,510,0.9,1.0,0.97999,0.995537,0.980872,0.55,2,0.937317
antifragile_escape,511,0.9,1.0,0.970307,0.994975,0.973883,0.55,2,0.934361
antifragile_escape,512,0.9,1.0,0.968609,0.982478,0.972919,0.55,2,0.932338
antifragile_escape,513,0.9,1.0,0.971378,0.983098,0.975251,0.55,2,0.934216
antifragile_escape,514,0.9,1.0,0.96629,0.984637,0.972309,0.55,2,0.933553
antifragile_escape,515,0.9,1.0,0.980588,0.988778,0.983264,0.55,2,0.938478
antifragile_escape,516,0.9,1.0,0.983256,0.984103,0.983109,0.55,2,0.937404
antifragile_escape,517,0.9,1.0,0.977638,0.990222,0.981537,0.55,2,0.937256
antifragile_escape,518,0.9,1.0,0.984042,0.99091,0.986292,0.55,2,0.939846
antifragile_escape,519,0.9,1.0,0.979355,1.0,0.985138,0.55,2,0.940501
antifragile_escape,520,0.9,0.990735,0.974824,1.0,0.981876,0.55,2,0.936699
antifragile_escape,521,0.9,1.0,0.972055,1.0,0.979807,0.55,2,0.938483
antifragile_escape,522,0.9,1.0,0.967217,0.994043,0.975238,0.55,2,0.935852
antifragile_escape,523,0.9,0.992953,0.957852,0.999102,0.968722,0.55,2,0.931891
antifragile_escape,524,0.9,0.981698,0.954604,0.999074,0.967188,0.55,2,0.9286
antifragile_escape,525,0.9,0.998558,0.951386,0.994994,0.964224,0.55,2,0.931651
antifragile_escape,526,0.9,0.997741,0.951408,1.0,0.96502,0.55,2,0.932423
antifragile_escape,527,0.9,1.0,0.952902,0.994083,0.965117,0.55,2,0.932231
antifragile_escape,528,0.9,1.0,0.961069,0.992223,0.9705,0.55,2,0.933859
antifragile_escape,529,0.9,0.998918,0.965364,0.991848,0.972886,0.55,2,0.933854
antifragile_escape,530,0.9,1.0,0.965105,1.0,0.972923,0.55,2,0.93523
antifragile_escape,531,0.9,1.0,0.959444,0.988613,0.96853,0.55,2,0.932585
antifragile_escape,532,0.9,1.0,0.956724,0.990445,0.966369,0.55,2,0.931487
antifragile_escape,533,0.9,1.0,0.951522,0.986432,0.961751,0.55,2,0.929043
antifragile_escape,534,0.9,1.0,0.953185,0.984301,0.96242,0.55,2,0.928867
antifragile_escape,535,0.9,0.998354,0.958249,0.993224,0.966798,0.55,2,0.931142
antifragile_escape,536,0.9,1.0,0.96126,1.0,0.970134,0.55,2,0.934164
antifragile_escape,537,0.9,1.0,0.969417,0.99867,0.977118,0.55,2,0.936972
antifragile_escape,538,0.9,0.991716,0.970863,0.988158,0.976296,0.55,2,0.93276
antifragile_escape,539,0.9,0.980038,0.963757,0.982198,0.969777,0.55,2,0.926324
antifragile_escape,540,0.9,0.994831,0.970194,0.985518,0.975187,0.55,2,0.932991
antifragile_escape,541,0.9,0.991535,0.975921,0.97913,0.976263,0.55,2,0.93269
antifragile_escape,542,0.9,0.996822,0.975336,0.981941,0.977294,0.55,2,0.932635
antifragile_escape,543,0.9,0.999515,0.975515,0.986534,0.977843,0.55,2,0.9343
antifragile_escape,544,0.9,1.0,0.976401,0.987487,0.978841,0.55,2,0.935044
antifragile_escape,545,0.9,0.994912,0.977917,0.995472,0.974769,0.55,2,0.93363
antifragile_escape,546,0.9,0.993829,0.976126,0.990132,0.973891,0.55,2,0.931877
antifragile_escape,547,0.9,0.987313,0.969576,0.982514,0.973418,0.55,2,0.928752
antifragile_escape,548,0.9,0.990708,0.967756,0.97719,0.970837,0.55,2,0.927974
antifragile_escape,549,0.9,1.0,0.96327,0.981523,0.967891,0.55,2,0.929636
antifragile_escape,550,0.9,1.0,0.970951,0.988161,0.972511,0.55,2,0.93248
antifragile_escape,551,0.9,1.0,0.973869,0.986031,0.96912,0.55,2,0.931105
antifragile_escape,552,0.9,1.0,0.967196,0.990138,0.967174,0.55,2,0.930726
antifragile_escape,553,0.9,1.0,0.963672,0.980629,0.964389,0.55,2,0.927733
antifragile_escape,554,0.9,0.999264,0.96022,0.970081,0.963471,0.55,2,0.926237
antifragile_escape,555,0.9,1.0,0.966806,0.974127,0.969129,0.55,2,0.928911
antifragile_escape,556,0.9,1.0,0.983265,0.97797,0.975771,0.55,2,0.933083
antifragile_escape,557,0.9,0.995513,0.99262,0.974435,0.975341,0.55,2,0.933242
antifragile_escape,558,0.9,1.0,0.993331,0.975001,0.975679,0.55,2,0.93478
antifragile_escape,559,0.9,1.0,1.0,0.97484,0.973072,0.55,2,0.935124
antifragile_escape,560,0.9,1.0,1.0,0.978695,0.974367,0.55,2,0.935849
antifragile_escape,561,0.9,0.998452,0.998442,0.984931,0.980644,0.55,2,0.937703
antifragile_escape,562,0.9,0.995207,0.999125,0.995584,0.975941,0.55,2,0.936942
antifragile_escape,563,0.9,0.987799,0.995336,0.993484,0.973799,0.55,2,0.933324
antifragile_escape,564,0.9,0.991457,0.992216,0.984837,0.975579,0.55,2,0.933085
antifragile_escape,565,0.9,1.0,0.983124,0.986927,0.978146,0.55,2,0.93508
antifragile_escape,566,0.9,1.0,0.982757,0.998236,0.984311,0.55,2,0.939232
antifragile_escape,567,0.9,1.0,0.977604,1.0,0.982739,0.55,2,0.93916
antifragile_escape,568,0.9,1.0,0.977398,1.0,0.982927,0.55,2,0.939326
antifragile_escape,569,0.9,1.0,0.976834,1.0,0.983166,0.55,2,0.939682
antifragile_escape,570,0.9,0.998283,0.971016,0.996594,0.977979,0.55,2,0.936474
antifragile_escape,571,0.9,1.0,0.970653,1.0,0.978874,0.55,2,0.938182
antifragile_escape,572,0.9,0.997025,0.980681,0.999634,0.98604,0.55,2,0.939948
antifragile_escape,573,0.9,0.993507,0.972248,1.0,0.979238,0.55,2,0.936131
antifragile_escape,574,0.9,0.988418,0.965247,1.0,0.974982,0.55,2,0.933499
antifragile_escape,575,0.9,0.996596,0.954867,0.995935,0.966017,0.55,2,0.93134
antifragile_escape,576,0.9,1.0,0.942295,0.988081,0.955436,0.55,2,0.926975
antifragile_escape,577,0.9,1.0,0.945259,0.993678,0.959023,0.55,2,0.929511
antifragile_escape,578,0.9,1.0,0.948153,0.996871,0.961691,0.55,2,0.93104
antifragile_escape,579,0.9,1.0,0.944264,0.999462,0.959147,0.55,2,0.930443
antifragile_escape,580,0.9,0.998494,0.941377,0.995499,0.955407,0.55,2,0.927478
antifragile_escape,581,0.9,1.0,0.937349,1.0,0.952282,0.55,2,0.927234
antifragile_escape,582,0.9,1.0,0.935355,0.997547,0.950787,0.55,2,0.926318
antifragile_escape,583,0.9,1.0,0.929427,1.0,0.946196,0.55,2,0.924825
antifragile_escape,584,0.9,1.0,0.9174,1.0,0.939825,0.55,2,0.923336
antifragile_escape,585,0.9,1.0,0.912901,1.0,0.935891,0.55,2,0.921545
antifragile_escape,586,0.9,0.993416,0.910741,0.995943,0.93469,0.55,2,0.919107
antifragile_escape,587,0.9,0.999231,0.904388,0.994152,0.929242,0.55,2,0.918086
antifragile_escape,588,0.9,1.0,0.9126,0.989736,0.931866,0.55,2,0.917346
antifragile_escape,589,0.9,1.0,0.911906,0.985432,0.932604,0.55,2,0.917774
antifragile_escape,590,0.9,1.0,0.911872,0.984925,0.932723,0.55,2,0.917887
antifragile_escape,591,0.9,1.0,0.917955,0.992236,0.936929,0.55,2,0.91999
antifragile_escape,592,0.9,1.0,0.904467,0.97962,0.924875,0.55,2,0.913156
antifragile_escape,593,0.9,1.0,0.907446,0.991725,0.926664,0.55,2,0.91523
antifragile_escape,594,0.9,1.0,0.904842,0.992057,0.922539,0.55,2,0.913249
antifragile_escape,595,0.9,0.998147,0.918896,0.992018,0.934197,0.55,2,0.917488
antifragile_escape,596,0.9,1.0,0.916981,0.992889,0.933568,0.55,2,0.918052
antifragile_escape,597,0.9,0.992843,0.913903,0.992278,0.930602,0.55,2,0.914662
antifragile_escape,598,0.9,0.995726,0.924862,0.991256,0.938791,0.55,2,0.918508
antifragile_escape,599,0.9,0.995749,0.927597,1.0,0.941471,0.55,2,0.921138
antifragile_escape,600,0.9,1.0,0.938781,0.999646,0.953161,0.55,2,0.927472
antifragile_escape,601,0.9,0.997468,0.932721,1.0,0.949937,0.55,2,0.925975
antifragile_escape,602,0.9,1.0,0.938165,1.0,0.951829,0.55,2,0.9268
antifragile_escape,603,0.9,0.9999,0.927535,1.0,0.944044,0.55,2,0.923775
antifragile_escape,604,0.9,1.0,0.926836,0.997473,0.943646,0.55,2,0.923307
antifragile_escape,605,0.9,0.999066,0.924484,1.0,0.942732,0.55,2,0.923286
antifragile_escape,606,0.9,0.998416,0.913696,0.992648,0.935828,0.55,2,0.920129
antifragile_escape,607,0.9,0.995918,0.914365,0.992871,0.936944,0.55,2,0.920271
antifragile_escape,608,0.9,0.99279,0.917681,0.992412,0.939571,0.55,2,0.920547
antifragile_escape,609,0.9,0.999247,0.925844,0.995482,0.945942,0.55,2,0.925141
antifragile_escape,610,0.9,0.996169,0.926866,1.0,0.947251,0.55,2,0.925347
antifragile_escape,611,0.9,0.995831,0.929504,0.997759,0.948927,0.55,2,0.925611
antifragile_escape,612,0.9,1.0,0.939427,1.0,0.955531,0.55,2,0.929088
antifragile_escape,613,0.9,1.0,0.937908,0.99317,0.953198,0.55,2,0.927
antifragile_escape,614,0.9,0.998225,0.93723,1.0,0.953749,0.55,2,0.927839
antifragile_escape,615,0.9,1.0,0.93672,1.0,0.953666,0.55,2,0.928435
antifragile_escape,616,0.9,1.0,0.932888,1.0,0.951127,0.55,2,0.927603
antifragile_escape,617,0.9,1.0,0.941809,0.994857,0.956858,0.55,2,0.928973
antifragile_escape,618,0.9,0.99353,0.949238,0.992159,0.960891,0.55,2,0.927707
antifragile_escape,619,0.9,0.99295,0.947408,0.996749,0.958647,0.55,2,0.92696
antifragile_escape,620,0.9,0.997783,0.954255,1.0,0.962498,0.55,2,0.930154
antifragile_escape,621,0.9,0.99511,0.966109,0.993197,0.972733,0.55,2,0.932549
antifragile_escape,622,0.9,1.0,0.970321,0.987235,0.974651,0.55,2,0.933486
antifragile_escape,623,0.9,1.0,0.970479,0.987753,0.975547,0.55,2,0.934297
antifragile_escape,624,0.9,0.993252,0.966179,0.989404,0.973449,0.55,2,0.932579
antifragile_escape,625,0.9,1.0,0.968566,0.994104,0.975579,0.55,2,0.935526
antifragile_escape,626,0.9,0.997007,0.96169,0.996221,0.971091,0.55,2,0.933443
antifragile_escape,627,0.9,1.0,0.963896,0.999635,0.973024,0.55,2,0.935507
antifragile_escape,628,0.9,0.997791,0.966822,1.0,0.974294,0.55,2,0.935165
antifragile_escape,629,0.9,0.996402,0.964314,0.99325,0.972992,0.55,2,0.933887
antifragile_escape,630,0.9,1.0,0.976846,0.992247,0.981807,0.55,2,0.938254
antifragile_escape,631,0.9,1.0,0.974913,0.994633,0.981004,0.55,2,0.938239
antifragile_escape,632,0.9,1.0,0.97684,0.996361,0.982028,0.55,2,0.938365
antifragile_escape,633,0.9,1.0,0.973644,0.991774,0.979445,0.55,2,0.937309
antifragile_escape,634,0.9,0.991944,0.969972,0.991626,0.976824,0.55,2,0.934051
antifragile_escape,635,0.9,1.0,0.966691,0.993832,0.974417,0.55,2,0.935193
antifragile_escape,636,0.9,0.996258,0.960214,1.0,0.971211,0.55,2,0.934214
antifragile_escape,637,0.9,1.0,0.965654,0.989432,0.973251,0.55,2,0.934706
antifragile_escape,638,0.9,1.0,0.968608,0.983717,0.973461,0.55,2,0.933155
antifragile_escape,639,0.9,1.0,0.973363,0.975829,0.973945,0.55,2,0.931964
antifragile_escape,640,0.9,1.0,0.965713,0.96777,0.965957,0.55,2,0.927621
antifragile_escape,641,0.9,0.994155,0.96569,0.974753,0.967975,0.55,2,0.926587
antifragile_escape,642,0.9,1.0,0.963853,0.971806,0.966477,0.55,2,0.928084
antifragile_escape,643,0.9,1.0,0.967135,0.970301,0.967811,0.55,2,0.928955
antifragile_escape,644,0.9,1.0,0.96449,0.971131,0.966567,0.55,2,0.928472
antifragile_escape,645,0.9,0.995399,0.971287,0.974495,0.972329,0.55,2,0.928793
antifragile_escape,646,0.9,1.0,0.977861,0.983556,0.977267,0.55,2,0.933606
antifragile_escape,647,0.9,0.988847,0.979826,0.980327,0.974459,0.55,2,0.929313
antifragile_escape,648,0.9,0.997372,0.971504,0.978019,0.973624,0.55,2,0.930839
antifragile_escape,649,0.9,1.0,0.969155,0.981725,0.973232,0.55,2,0.932605
antifragile_escape,650,0.9,1.0,0.96285,0.988765,0.969287,0.55,2,0.931676
antifragile_escape,651,0.9,1.0,0.966488,0.991007,0.970681,0.55,2,0.932332
antifragile_escape,652,0.9,1.0,0.96826,0.998079,0.971792,0.55,2,0.934074
antifragile_escape,653,0.9,1.0,0.96666,1.0,0.969302,0.55,2,0.933415
antifragile_escape,654,0.9,0.996587,0.965289,1.0,0.965706,0.55,2,0.931052
antifragile_escape,655,0.9,1.0,0.963027,1.0,0.955937,0.55,2,0.92852
antifragile_escape,656,0.9,1.0,0.95884,1.0,0.95335,0.55,2,0.927329
antifragile_escape,657,0.9,1.0,0.948146,0.993208,0.951256,0.55,2,0.924734
antifragile_escape,658,0.9,0.997469,0.946764,1.0,0.952433,0.55,2,0.925789
antifragile_escape,659,0.9,1.0,0.943365,1.0,0.947189,0.55,2,0.92436
antifragile_escape,660,0.9,1.0,0.938304,0.998697,0.945157,0.55,2,0.923271
antifragile_escape,661,0.9,1.0,0.936015,1.0,0.944967,0.55,2,0.923483
antifragile_escape,662,0.9,1.0,0.938178,1.0,0.950655,0.55,2,0.926126
antifragile_escape,663,0.9,1.0,0.957921,1.0,0.965159,0.55,2,0.931824
antifragile_escape,664,0.9,0.995528,0.956082,0.996963,0.965055,0.55,2,0.930196
antifragile_escape,665,0.9,1.0,0.963468,1.0,0.970058,0.55,2,0.933845
antifragile_escape,666,0.9,1.0,0.968827,0.990362,0.973098,0.55,2,0.933253
antifragile_escape,667,0.9,1.0,0.974899,0.992255,0.978434,0.55,2,0.935791
antifragile_escape,668,0.9,0.998209,0.973823,0.992521,0.977716,0.55,2,0.935066
antifragile_escape,669,0.9,0.998629,0.974673,0.990979,0.977924,0.55,2,0.93494
antifragile_escape,670,0.9,0.993598,0.965402,0.989067,0.972092,0.55,2,0.931405
antifragile_escape,671,0.9,1.0,0.95727,0.987887,0.966268,0.55,2,0.931032
antifragile_escape,672,0.9,1.0,0.952605,0.988514,0.963315,0.55,2,0.930274
antifragile_escape,673,0.9,0.997154,0.951463,0.972516,0.95841,0.55,2,0.92537
antifragile_escape,674,0.9,0.992598,0.953408,0.972719,0.959292,0.55,2,0.922983
antifragile_escape,675,0.9,0.988771,0.957236,0.965563,0.959944,0.55,2,0.921466
antifragile_escape,676,0.9,0.994796,0.958822,0.964707,0.960752,0.55,2,0.922328
antifragile_escape,677,0.9,0.993725,0.959579,0.961749,0.959943,0.55,2,0.922058
antifragile_escape,678,0.9,0.989605,0.958703,0.963854,0.960252,0.55,2,0.92146
antifragile_escape,679,0.9,0.987853,0.959072,0.967119,0.961728,0.55,2,0.921841
antifragile_escape,680,0.9,0.979059,0.956809,0.961321,0.958299,0.55,2,0.91633
antifragile_escape,681,0.9,0.974283,0.961158,0.965686,0.961019,0.55,2,0.916316
antifragile_escape,682,0.9,0.963017,0.958953,0.968752,0.961416,0.55,2,0.914049
antifragile_escape,683,0.9,0.975031,0.950664,0.961879,0.954368,0.55,2,0.914427
antifragile_escape,684,0.9,0.975698,0.961657,0.965587,0.962912,0.55,2,0.918322
antifragile_escape,685,0.9,0.963118,0.963185,0.964113,0.963466,0.55,2,0.914145
antifragile_escape,686,0.9,0.967639,0.969574,0.965636,0.966933,0.55,2,0.918214
antifragile_escape,687,0.9,0.970317,0.976556,0.960439,0.965765,0.55,2,0.921232
antifragile_escape,688,0.9,0.976963,0.980166,0.972477,0.974833,0.55,2,0.927589
antifragile_escape,689,0.9,0.991791,0.978509,0.973659,0.975142,0.55,2,0.930779
antifragile_escape,690,0.9,0.99018,0.979531,0.972471,0.974428,0.55,2,0.931542
antifragile_escape,691,0.9,0.994152,0.980316,0.97077,0.973716,0.55,2,0.932404
antifragile_escape,692,0.9,0.994382,0.986574,0.968113,0.974173,0.55,2,0.933144
antifragile_escape,693,0.9,1.0,0.998482,0.973065,0.980385,0.55,2,0.938525
antifragile_escape,694,0.9,1.0,0.992853,0.972227,0.978704,0.55,2,0.937159
antifragile_escape,695,0.9,0.992299,0.985103,0.964484,0.971255,0.55,2,0.93132
antifragile_escape,696,0.9,1.0,0.974019,0.973707,0.972471,0.55,2,0.933287
antifragile_escape,697,0.9,1.0,0.981101,0.977525,0.978488,0.55,2,0.935029
antifragile_escape,698,0.9,0.9865,0.980135,0.984793,0.98163,0.55,2,0.932792
antifragile_escape,699,0.9,0.997215,0.986373,0.992951,0.988535,0.55,2,0.939859
antifragile_escape,700,0.9,1.0,0.988233,0.993626,0.989974,0.55,2,0.941102
antifragile_escape,701,0.9,0.995958,0.986771,0.9952,0.989507,0.55,2,0.940364
antifragile_escape,702,0.9,1.0,0.993507,0.993905,0.993367,0.55,2,0.942938
antifragile_escape,703,0.9,1.0,0.997449,0.986882,0.99012,0.55,2,0.941994
antifragile_escape,704,0.9,1.0,1.0,0.990414,0.991476,0.55,2,0.942505
antifragile_escape,705,0.9,0.992449,0.996246,0.997057,0.996089,0.55,2,0.941736
antifragile_escape,706,0.9,0.999621,0.995959,0.99719,0.99633,0.55,2,0.94422
antifragile_escape,707,0.9,1.0,0.994165,0.987731,0.989575,0.55,2,0.940828
antifragile_escape,708,0.9,1.0,0.986338,0.97873,0.981244,0.55,2,0.936731
antifragile_escape,709,0.9,1.0,0.994447,0.981258,0.985232,0.55,2,0.939478
antifragile_escape,710,0.9,1.0,0.992547,0.986804,0.988334,0.55,2,0.939928
antifragile_escape,711,0.9,1.0,0.991769,0.98949,0.989854,0.55,2,0.94028
antifragile_escape,712,0.9,1.0,0.998224,0.985131,0.988025,0.55,2,0.940869
antifragile_escape,713,0.9,0.994123,1.0,0.975198,0.982126,0.55,2,0.937729
antifragile_escape,714,0.9,0.99603,1.0,0.979171,0.98409,0.55,2,0.938619
antifragile_escape,715,0.9,1.0,0.992464,0.97856,0.983059,0.55,2,0.938751
antifragile_escape,716,0.9,1.0,0.985469,0.981924,0.982718,0.55,2,0.938057
antifragile_escape,717,0.9,1.0,0.987934,0.981844,0.983832,0.55,2,0.938182
antifragile_escape,718,0.9,1.0,0.989287,0.985545,0.986434,0.55,2,0.938449
antifragile_escape,719,0.9,1.0,0.989967,0.985458,0.986785,0.55,2,0.938848
antifragile_escape,720,0.9,0.995411,0.991383,0.980945,0.983044,0.55,2,0.936185
antifragile_escape,721,0.9,1.0,1.0,0.984008,0.983856,0.55,2,0.939429
antifragile_escape,722,0.9,1.0,0.996573,0.973671,0.979688,0.55,2,0.937491
antifragile_escape,723,0.9,1.0,0.988303,0.982936,0.984705,0.55,2,0.938336
antifragile_escape,724,0.9,0.990418,0.997341,0.98799,0.990053,0.55,2,0.938816
antifragile_escape,725,0.9,0.987894,0.993916,0.985445,0.983875,0.55,2,0.934973
antifragile_escape,726,0.9,1.0,0.989828,0.987819,0.983946,0.55,2,0.93791
antifragile_escape,727,0.9,0.998579,0.984726,0.99437,0.98276,0.55,2,0.937627
antifragile_escape,728,0.9,1.0,0.979469,1.0,0.981577,0.55,2,0.938446
antifragile_escape,729,0.9,1.0,0.975955,0.999236,0.979065,0.55,2,0.937283
antifragile_escape,730,0.9,1.0,0.984445,1.0,0.979735,0.55,2,0.938094
antifragile_escape,731,0.9,1.0,0.984207,0.996116,0.978997,0.55,2,0.937119
antifragile_escape,732,0.9,1.0,0.982159,1.0,0.978472,0.55,2,0.937479
antifragile_escape,733,0.9,1.0,0.987628,1.0,0.983378,0.55,2,0.939554
antifragile_escape,734,0.9,1.0,0.999363,0.994558,0.985868,0.55,2,0.941033
antifragile_escape,735,0.9,1.0,0.996799,0.996554,0.985532,0.55,2,0.940811
antifragile_escape,736,0.9,1.0,0.990258,0.986215,0.983651,0.55,2,0.93769
antifragile_escape,737,0.9,1.0,0.993852,0.974889,0.973709,0.55,2,0.934166
antifragile_escape,738,0.9,0.995222,0.997637,0.97126,0.972002,0.55,2,0.932769
antifragile_escape,739,0.9,1.0,0.998504,0.969134,0.967878,0.55,2,0.932687
antifragile_escape,740,0.9,0.993898,1.0,0.985497,0.980604,0.55,2,0.936763
antifragile_escape,741,0.9,0.996813,0.988367,0.977848,0.980488,0.55,2,0.935069
antifragile_escape,742,0.9,0.994819,0.987602,0.97191,0.974395,0.55,2,0.931722
antifragile_escape,743,0.9,0.991287,0.983398,0.967773,0.972089,0.55,2,0.929379
antifragile_escape,744,0.9,0.993459,0.987306,0.967553,0.972023,0.55,2,0.930482
antifragile_escape,745,0.9,1.0,0.986672,0.968672,0.971524,0.55,2,0.931822
antifragile_escape,746,0.9,1.0,0.989603,0.972018,0.974443,0.55,2,0.933558
antifragile_escape,747,0.9,1.0,0.995417,0.978034,0.97773,0.55,2,0.936057
antifragile_escape,748,0.9,1.0,0.999301,0.980157,0.979641,0.55,2,0.937595
antifragile_escape,749,0.9,1.0,1.0,0.978297,0.978956,0.55,2,0.937399
antifragile_escape,750,0.9,0.999696,1.0,0.974685,0.975696,0.55,2,0.935973
antifragile_escape,751,0.9,0.997235,0.98975,0.978972,0.982491,0.55,2,0.937091
antifragile_escape,752,0.9,0.987501,0.995351,0.975022,0.98123,0.55,2,0.934915
antifragile_escape,753,0.9,0.986046,0.994374,0.980059,0.984507,0.55,2,0.935468
antifragile_escape,754,0.9,0.988056,0.986853,0.982832,0.984073,0.55,2,0.933841
antifragile_escape,755,0.9,0.997731,0.988929,0.98671,0.987066,0.55,2,0.937962
antifragile_escape,756,0.9,1.0,0.991823,0.992536,0.992022,0.55,2,0.941331
antifragile_escape,757,0.9,0.992849,0.994505,0.995959,0.994945,0.55,2,0.941581
antifragile_escape,758,0.9,0.989197,0.997372,0.995611,0.990269,0.55,2,0.939095
antifragile_escape,759,0.9,0.977978,0.991752,1.0,0.993923,0.55,2,0.937513
antifragile_escape,760,0.9,0.978943,0.99217,1.0,0.99349,0.55,2,0.937453
antifragile_escape,761,0.9,0.994933,0.990074,1.0,0.988034,0.55,2,0.939844
antifragile_escape,762,0.9,1.0,0.980311,0.993667,0.9839,0.55,2,0.938504
antifragile_escape,763,0.9,1.0,0.976205,0.992468,0.981022,0.55,2,0.937437
antifragile_escape,764,0.9,0.982599,0.971681,0.99357,0.977888,0.55,2,0.931514
antifragile_escape,765,0.9,0.988339,0.970407,0.990535,0.976323,0.55,2,0.931995
antifragile_escape,766,0.9,0.988548,0.966594,0.990343,0.973684,0.55,2,0.931165
antifragile_escape,767,0.9,0.989746,0.973002,0.997925,0.979287,0.55,2,0.934659
antifragile_escape,768,0.9,0.990713,0.971996,1.0,0.979049,0.55,2,0.935275
antifragile_escape,769,0.9,0.985312,0.96674,1.0,0.9751,0.55,2,0.932226
antifragile_escape,770,0.9,1.0,0.969083,1.0,0.976627,0.55,2,0.936858
antifragile_escape,771,0.9,1.0,0.961393,0.999472,0.971433,0.55,2,0.934983
antifragile_escape,772,0.9,1.0,0.948144,0.998919,0.962515,0.55,2,0.931973
antifragile_escape,773,0.9,0.997113,0.952707,0.994488,0.964021,0.55,2,0.930394
antifragile_escape,774,0.9,1.0,0.942401,0.987701,0.955647,0.55,2,0.927148
antifragile_escape,775,0.9,1.0,0.936242,0.992227,0.950795,0.55,2,0.925438
antifragile_escape,776,0.9,0.989874,0.930936,0.994883,0.948924,0.55,2,0.923134
antifragile_escape,777,0.9,0.997977,0.932395,0.988825,0.948693,0.55,2,0.924205
antifragile_escape,778,0.9,0.991347,0.936131,0.982305,0.950375,0.55,2,0.922297
antifragile_escape,779,0.9,0.997318,0.934451,0.991092,0.951024,0.55,2,0.925572
antifragile_escape,780,0.9,0.994873,0.936072,0.98538,0.950917,0.55,2,0.923848
antifragile_escape,781,0.9,0.992666,0.930032,0.977185,0.943653,0.55,2,0.918125
antifragile_escape,782,0.9,1.0,0.921813,0.969424,0.937066,0.55,2,0.917847
antifragile_escape,783,0.9,1.0,0.927199,0.973998,0.941295,0.55,2,0.919072
antifragile_escape,784,0.9,0.990654,0.943304,0.964939,0.950301,0.55,2,0.91809
antifragile_escape,785,0.9,0.982281,0.952531,0.98016,0.959222,0.55,2,0.92093
antifragile_escape,786,0.9,0.967985,0.951996,0.978651,0.95797,0.55,2,0.916001
antifragile_escape,787,0.9,0.974747,0.954876,0.977173,0.958112,0.55,2,0.917439
antifragile_escape,788,0.9,0.978447,0.96109,0.982361,0.957638,0.55,2,0.91953
antifragile_escape,789,0.9,0.976003,0.955515,0.987238,0.956015,0.55,2,0.918879
antifragile_escape,790,0.9,0.982775,0.957639,0.994686,0.958584,0.55,2,0.923239
antifragile_escape,791,0.9,0.998218,0.95916,0.992965,0.95735,0.55,2,0.926862
antifragile_escape,792,0.9,1.0,0.959657,1.0,0.95102,0.55,2,0.926635
antifragile_escape,793,0.9,1.0,0.956086,1.0,0.949716,0.55,2,0.92591
antifragile_escape,794,0.9,1.0,0.94493,0.995441,0.947519,0.55,2,0.923646
antifragile_escape,795,0.9,0.996969,0.953866,1.0,0.954328,0.55,2,0.92652
antifragile_escape,796,0.9,0.998653,0.949946,0.994031,0.949747,0.55,2,0.924005
antifragile_escape,797,0.9,0.993975,0.941545,0.995465,0.945842,0.55,2,0.921249
antifragile_escape,798,0.9,0.992229,0.944467,0.99743,0.947216,0.55,2,0.921725
antifragile_escape,799,0.9,1.0,0.94752,0.995946,0.948461,0.55,2,0.924179
antifragile_escape,800,0.9,0.997153,0.944816,0.989282,0.948754,0.55,2,0.922154
antifragile_escape,801,0.9,0.993488,0.947599,0.983287,0.950253,0.55,2,0.920609
antifragile_escape,802,0.9,1.0,0.944553,0.989685,0.947875,0.55,2,0.922675
antifragile_escape,803,0.9,0.993574,0.947159,0.995258,0.950309,0.55,2,0.922939
antifragile_escape,804,0.9,1.0,0.94635,0.993443,0.951412,0.55,2,0.924833
antifragile_escape,805,0.9,1.0,0.949571,0.995111,0.955316,0.55,2,0.926764
antifragile_escape,806,0.9,1.0,0.949881,1.0,0.95778,0.55,2,0.928769
antifragile_escape,807,0.9,1.0,0.952035,1.0,0.956239,0.55,2,0.928057
antifragile_escape,808,0.9,0.996501,0.947187,0.996137,0.954935,0.55,2,0.925889
antifragile_escape,809,0.9,1.0,0.940876,0.993443,0.951851,0.55,2,0.92537
antifragile_escape,810,0.9,0.997803,0.943005,1.0,0.953585,0.55,2,0.926573
antifragile_escape,811,0.9,1.0,0.944675,0.999093,0.954801,0.55,2,0.927508
antifragile_escape,812,0.9,0.995899,0.944864,0.998119,0.954004,0.55,2,0.925772
antifragile_escape,813,0.9,0.999987,0.951281,0.997561,0.959269,0.55,2,0.928955
antifragile_escape,814,0.9,1.0,0.95449,1.0,0.962959,0.55,2,0.93099
antifragile_escape,815,0.9,1.0,0.956852,1.0,0.96339,0.55,2,0.931044
antifragile_escape,816,0.9,1.0,0.960189,0.995055,0.965639,0.55,2,0.931025
antifragile_escape,817,0.9,0.985878,0.959652,0.994208,0.965115,0.55,2,0.926698
antifragile_escape,818,0.9,0.979751,0.955495,0.978649,0.961135,0.55,2,0.920666
antifragile_escape,819,0.9,0.979272,0.963013,0.984231,0.966885,0.55,2,0.923698
antifragile_escape,820,0.9,0.991081,0.96362,0.97963,0.963456,0.55,2,0.924697
antifragile_escape,821,0.9,1.0,0.977992,0.980399,0.966089,0.55,2,0.929768
antifragile_escape,822,0.9,1.0,0.967836,0.984086,0.966374,0.55,2,0.929318
antifragile_escape,823,0.9,1.0,0.971856,0.985423,0.965676,0.55,2,0.929716
antifragile_escape,824,0.9,1.0,0.977062,0.971197,0.970832,0.55,2,0.929718
antifragile_escape,825,0.9,1.0,0.980864,0.975113,0.970213,0.55,2,0.930638
antifragile_escape,826,0.9,0.997131,0.977587,0.982362,0.975359,0.55,2,0.931945
antifragile_escape,827,0.9,0.994862,0.974152,0.987104,0.970378,0.55,2,0.930288
antifragile_escape,828,0.9,1.0,0.97413,0.993417,0.96938,0.55,2,0.932593
antifragile_escape,829,0.9,0.995782,0.98074,0.988947,0.973745,0.55,2,0.932649
antifragile_escape,830,0.9,0.99096,0.977463,0.997461,0.973393,0.55,2,0.932414
antifragile_escape,831,0.9,0.997002,0.977028,1.0,0.974357,0.55,2,0.934872
antifragile_escape,832,0.9,1.0,0.966432,1.0,0.973096,0.55,2,0.935149
antifragile_escape,833,0.9,0.989734,0.964714,1.0,0.972568,0.55,2,0.932203
antifragile_escape,834,0.9,0.987852,0.962047,1.0,0.972317,0.55,2,0.932155
antifragile_escape,835,0.9,0.9951,0.954801,0.992032,0.966125,0.55,2,0.930993
antifragile_escape,836,0.9,0.996895,0.957512,0.985363,0.966181,0.55,2,0.930053
antifragile_escape,837,0.9,1.0,0.964714,0.989292,0.972177,0.55,2,0.933712
antifragile_escape,838,0.9,0.996538,0.960929,0.983077,0.967927,0.55,2,0.930078
antifragile_escape,839,0.9,1.0,0.949095,0.978694,0.958791,0.55,2,0.92792
fixed_gv_escape,0,0.82,0.341944,1.0,0.999826,0.999875,0.5,0,0.755698
fixed_gv_escape,1,0.82,0.342283,0.995635,1.0,0.996857,0.5,0,0.754676
fixed_gv_escape,2,0.82,0.350173,0.989749,1.0,0.991465,0.5,0,0.754572
fixed_gv_escape,3,0.82,0.340338,0.97782,1.0,0.981911,0.5,0,0.747961
fixed_gv_escape,4,0.82,0.347943,0.991223,1.0,0.989513,0.5,0,0.753266
fixed_gv_escape,5,0.82,0.358325,0.998226,0.997939,0.991934,0.5,0,0.757418
fixed_gv_escape,6,0.82,0.366036,0.997483,0.997282,0.997334,0.5,0,0.761005
fixed_gv_escape,7,0.82,0.373135,1.0,0.995047,0.996434,0.5,0,0.763158
fixed_gv_escape,8,0.82,0.402583,0.992845,0.991063,0.991469,0.5,0,0.768803
fixed_gv_escape,9,0.82,0.421465,0.989055,0.996768,0.99151,0.5,0,0.774439
fixed_gv_escape,10,0.82,0.417057,0.997839,1.0,0.998444,0.5,0,0.7762
fixed_gv_escape,11,0.82,0.422145,0.997433,1.0,0.998152,0.5,0,0.777517
fixed_gv_escape,12,0.82,0.416456,0.992421,0.993708,0.992841,0.5,0,0.77271
fixed_gv_escape,13,0.82,0.41952,0.993946,0.996907,0.992542,0.5,0,0.773948
fixed_gv_escape,14,0.82,0.420659,0.991532,0.999897,0.984534,0.5,0,0.772117
fixed_gv_escape,15,0.82,0.431787,0.981369,1.0,0.984467,0.5,0,0.774572
fixed_gv_escape,16,0.82,0.437402,0.988657,0.997199,0.990898,0.5,0,0.778383
fixed_gv_escape,17,0.82,0.436861,0.98421,0.999341,0.988537,0.5,0,0.777985
fixed_gv_escape,18,0.82,0.429971,0.9782,1.0,0.984307,0.5,0,0.774585
fixed_gv_escape,19,0.82,0.430156,0.983469,0.998563,0.987574,0.5,0,0.775446
fixed_gv_escape,20,0.82,0.444703,0.968743,1.0,0.976676,0.5,0,0.775494
fixed_gv_escape,21,0.82,0.461522,0.965421,0.99592,0.973738,0.5,0,0.778443
fixed_gv_escape,22,0.82,0.461267,0.957043,0.990851,0.967481,0.5,0,0.775873
fixed_gv_escape,23,0.82,0.468156,0.956797,0.987176,0.966469,0.5,0,0.776975
fixed_gv_escape,24,0.82,0.467889,0.964705,0.983237,0.970787,0.5,0,0.777705
fixed_gv_escape,25,0.82,0.471171,0.967349,0.996303,0.975751,0.5,0,0.782303
fixed_gv_escape,26,0.82,0.477061,0.968582,0.996678,0.976864,0.5,0,0.784548
fixed_gv_escape,27,0.82,0.47992,0.973228,0.993527,0.97902,0.5,0,0.785194
fixed_gv_escape,28,0.82,0.477474,0.974654,0.984753,0.97799,0.5,0,0.783167
fixed_gv_escape,29,0.82,0.477214,0.981705,0.988054,0.983736,0.5,0,0.786074
fixed_gv_escape,30,0.82,0.495189,0.975117,0.997594,0.981715,0.5,0,0.791547
fixed_gv_escape,31,0.82,0.491629,0.976793,0.994842,0.982386,0.5,0,0.790437
fixed_gv_escape,32,0.82,0.4786,0.984238,0.994515,0.987395,0.5,0,0.788322
fixed_gv_escape,33,0.82,0.484748,0.979361,0.981152,0.979202,0.5,0,0.786081
fixed_gv_escape,34,0.82,0.486431,0.97311,0.982267,0.976136,0.5,0,0.784206
fixed_gv_escape,35,0.82,0.483705,0.979001,0.980637,0.979316,0.5,0,0.784303
fixed_gv_escape,36,0.82,0.489805,0.981682,0.979015,0.979889,0.5,0,0.785884
fixed_gv_escape,37,0.82,0.500835,0.984936,0.978587,0.980353,0.5,0,0.789493
fixed_gv_escape,38,0.82,0.491677,0.981861,0.972428,0.975488,0.5,0,0.786014
fixed_gv_escape,39,0.82,0.477336,0.973337,0.972483,0.971823,0.5,0,0.779709
fixed_gv_escape,40,0.82,0.496174,0.976033,0.97618,0.975405,0.5,0,0.786091
fixed_gv_escape,41,0.82,0.49641,0.975072,0.98058,0.976497,0.5,0,0.785774
fixed_gv_escape,42,0.82,0.501149,0.983525,0.974725,0.974365,0.5,0,0.786722
fixed_gv_escape,43,0.82,0.506432,0.984428,0.972717,0.970359,0.5,0,0.786884
fixed_gv_escape,44,0.82,0.509324,0.982114,0.969444,0.972609,0.5,0,0.788185
fixed_gv_escape,45,0.82,0.522764,0.979466,0.971854,0.97407,0.5,0,0.792115
fixed_gv_escape,46,0.82,0.537471,0.979287,0.977199,0.976523,0.5,0,0.796989
fixed_gv_escape,47,0.82,0.533816,0.987341,0.97977,0.979039,0.5,0,0.798532
fixed_gv_escape,48,0.82,0.546347,0.992323,0.971862,0.972647,0.5,0,0.800324
fixed_gv_escape,49,0.82,0.555447,0.993584,0.964386,0.967858,0.5,0,0.801132
fixed_gv_escape,50,0.82,0.558302,0.983849,0.968656,0.971781,0.5,0,0.801782
fixed_gv_escape,51,0.82,0.568365,0.981809,0.97453,0.971813,0.5,0,0.804368
fixed_gv_escape,52,0.82,0.57431,0.96942,0.975091,0.966675,0.5,0,0.802661
fixed_gv_escape,53,0.82,0.568968,0.972907,0.975974,0.973528,0.5,0,0.803911
fixed_gv_escape,54,0.82,0.566099,0.97226,0.968649,0.969812,0.5,0,0.801612
fixed_gv_escape,55,0.82,0.589132,0.969384,0.968008,0.968305,0.5,0,0.806914
fixed_gv_escape,56,0.82,0.595466,0.970006,0.975511,0.970758,0.5,0,0.810092
fixed_gv_escape,57,0.82,0.603054,0.970858,0.974376,0.971695,0.5,0,0.814127
fixed_gv_escape,58,0.82,0.608717,0.967254,0.985879,0.973167,0.5,0,0.817995
fixed_gv_escape,59,0.82,0.616098,0.969809,0.983214,0.974232,0.5,0,0.82074
fixed_gv_escape,60,0.82,0.621104,0.970487,0.986317,0.97571,0.5,0,0.823172
fixed_gv_escape,61,0.82,0.619256,0.981559,0.980436,0.979977,0.5,0,0.824148
fixed_gv_escape,62,0.82,0.636612,0.976706,0.976627,0.975734,0.5,0,0.826241
fixed_gv_escape,63,0.82,0.628908,0.974552,0.964433,0.967543,0.5,0,0.820713
fixed_gv_escape,64,0.82,0.620283,0.98185,0.957682,0.96563,0.5,0,0.818671
fixed_gv_escape,65,0.82,0.636376,0.986906,0.952937,0.963296,0.5,0,0.822292
fixed_gv_escape,66,0.82,0.637557,0.986293,0.96202,0.96928,0.5,0,0.824347
fixed_gv_escape,67,0.82,0.648474,0.99157,0.962232,0.970013,0.5,0,0.828308
fixed_gv_escape,68,0.82,0.643304,0.99374,0.962568,0.970624,0.5,0,0.82748
fixed_gv_escape,69,0.82,0.637085,0.992516,0.964854,0.97136,0.5,0,0.82555
fixed_gv_escape,70,0.82,0.647634,0.994487,0.976701,0.975956,0.5,0,0.830517
fixed_gv_escape,71,0.82,0.653845,0.989169,0.979223,0.973806,0.5,0,0.830782
fixed_gv_escape,72,0.82,0.665587,0.991137,0.968746,0.966197,0.5,0,0.831036
fixed_gv_escape,73,0.82,0.669037,0.975246,0.977166,0.970306,0.5,0,0.831373
fixed_gv_escape,74,0.82,0.680277,0.971943,0.973739,0.97144,0.5,0,0.833821
fixed_gv_escape,75,0.82,0.696545,0.974966,0.977322,0.975548,0.5,0,0.840734
fixed_gv_escape,76,0.82,0.704978,0.971332,0.979931,0.972939,0.5,0,0.84252
fixed_gv_escape,77,0.82,0.709203,0.953777,0.981623,0.961458,0.5,0,0.84002
fixed_gv_escape,78,0.82,0.705297,0.957876,0.981573,0.965403,0.5,0,0.841382
fixed_gv_escape,79,0.82,0.697821,0.961042,0.984767,0.968725,0.5,0,0.841616
fixed_gv_escape,80,0.82,0.841517,0.925359,0.957895,0.936088,0.525,1,0.868095
fixed_gv_escape,81,0.82,0.851206,0.92855,0.96692,0.940776,0.525,1,0.873414
fixed_gv_escape,82,0.82,0.858533,0.939761,0.957699,0.945641,0.525,1,0.876139
fixed_gv_escape,83,0.82,0.874181,0.943056,0.957246,0.947445,0.525,1,0.881863
fixed_gv_escape,84,0.82,0.874583,0.946792,0.965646,0.952807,0.525,1,0.886216
fixed_gv_escape,85,0.82,0.878216,0.948106,0.970048,0.955318,0.525,1,0.888488
fixed_gv_escape,86,0.82,0.873033,0.957487,0.96413,0.958811,0.525,1,0.887777
fixed_gv_escape,87,0.82,0.892241,0.95626,0.961239,0.956888,0.525,1,0.891806
fixed_gv_escape,88,0.82,0.873023,0.951591,0.97882,0.960464,0.525,1,0.889634
fixed_gv_escape,89,0.82,0.875967,0.953487,0.984549,0.963485,0.525,1,0.892735
fixed_gv_escape,90,0.82,0.874929,0.959642,0.980836,0.966548,0.525,1,0.892508
fixed_gv_escape,91,0.82,0.865688,0.955506,0.974359,0.961723,0.525,1,0.88768
fixed_gv_escape,92,0.82,0.843819,0.950613,0.972318,0.957785,0.525,1,0.879415
fixed_gv_escape,93,0.82,0.84219,0.95742,0.973056,0.962561,0.525,1,0.880888
fixed_gv_escape,94,0.82,0.845,0.954141,0.974906,0.960979,0.525,1,0.881086
fixed_gv_escape,95,0.82,0.856215,0.958114,0.972991,0.962992,0.525,1,0.884975
fixed_gv_escape,96,0.82,0.852554,0.959827,0.970097,0.963125,0.525,1,0.883102
fixed_gv_escape,97,0.82,0.852966,0.964467,0.96685,0.963807,0.525,1,0.885124
fixed_gv_escape,98,0.82,0.86668,0.970332,0.978988,0.973053,0.525,1,0.892748
fixed_gv_escape,99,0.82,0.869142,0.968569,0.982985,0.973332,0.525,1,0.893999
fixed_gv_escape,100,0.82,0.882989,0.97183,0.988302,0.976744,0.525,1,0.899167
fixed_gv_escape,101,0.82,0.899182,0.973303,0.984923,0.976833,0.525,1,0.902955
fixed_gv_escape,102,0.82,0.89679,0.966426,0.976385,0.969717,0.525,1,0.898563
fixed_gv_escape,103,0.82,0.908927,0.969219,0.978704,0.97223,0.525,1,0.902698
fixed_gv_escape,104,0.82,0.915095,0.974464,0.978797,0.975736,0.525,1,0.906648
fixed_gv_escape,105,0.82,0.924718,0.972311,0.968574,0.969227,0.525,1,0.906566
fixed_gv_escape,106,0.82,0.932601,0.975697,0.967451,0.970147,0.525,1,0.908741
fixed_gv_escape,107,0.82,0.939292,0.97308,0.97511,0.973599,0.525,1,0.911349
fixed_gv_escape,108,0.82,0.955664,0.979121,0.973728,0.97551,0.525,1,0.917275
fixed_gv_escape,109,0.82,0.936979,0.974325,0.974232,0.973834,0.525,1,0.91087
fixed_gv_escape,110,0.82,0.949295,0.973187,0.96868,0.969975,0.525,1,0.912949
fixed_gv_escape,111,0.82,0.951326,0.972262,0.983096,0.971616,0.525,1,0.914585
fixed_gv_escape,112,0.82,0.954577,0.96843,0.989015,0.971538,0.525,1,0.91655
fixed_gv_escape,113,0.82,0.955691,0.96873,0.988725,0.971813,0.525,1,0.916923
fixed_gv_escape,114,0.82,0.960991,0.974213,0.981691,0.972833,0.525,1,0.917574
fixed_gv_escape,115,0.82,0.971202,0.976509,0.985286,0.968597,0.525,1,0.920058
fixed_gv_escape,116,0.82,0.969611,0.978242,0.990866,0.965902,0.525,1,0.920025
fixed_gv_escape,117,0.82,0.974325,0.996057,0.992954,0.977353,0.525,1,0.927606
fixed_gv_escape,118,0.82,0.980549,0.990243,0.999529,0.971314,0.525,1,0.927791
fixed_gv_escape,119,0.82,0.985429,0.974642,0.997501,0.969535,0.525,1,0.92638
fixed_gv_escape,120,0.82,0.994429,0.970323,0.989742,0.968201,0.525,1,0.926633
fixed_gv_escape,121,0.82,0.994922,0.978601,0.984957,0.97362,0.525,1,0.928393
fixed_gv_escape,122,0.82,0.985748,0.971346,0.985491,0.975065,0.525,1,0.926321
fixed_gv_escape,123,0.82,0.975223,0.953565,0.990337,0.962778,0.525,1,0.919561
fixed_gv_escape,124,0.82,0.971457,0.957097,0.995711,0.965073,0.525,1,0.920123
fixed_gv_escape,125,0.82,0.974939,0.961674,0.995757,0.969867,0.525,1,0.923274
fixed_gv_escape,126,0.82,0.967592,0.974716,0.99226,0.978101,0.525,1,0.923558
fixed_gv_escape,127,0.82,0.97141,0.973175,0.992394,0.977105,0.525,1,0.924281
fixed_gv_escape,128,0.82,0.95583,0.985287,0.991744,0.986564,0.525,1,0.923589
fixed_gv_escape,129,0.82,0.955342,0.981706,1.0,0.982836,0.525,1,0.923465
fixed_gv_escape,130,0.82,0.953418,0.979554,0.998527,0.984091,0.525,1,0.9234
fixed_gv_escape,131,0.82,0.946173,0.968499,0.992047,0.974689,0.525,1,0.916525
fixed_gv_escape,132,0.82,0.94358,0.957381,0.986184,0.966477,0.525,1,0.91266
fixed_gv_escape,133,0.82,0.94836,0.952677,0.977393,0.960655,0.525,1,0.910061
fixed_gv_escape,134,0.82,0.958585,0.959549,0.981873,0.966291,0.525,1,0.915149
fixed_gv_escape,135,0.82,0.959294,0.959588,0.994654,0.964991,0.525,1,0.916282
fixed_gv_escape,136,0.82,0.972268,0.952037,0.990956,0.959125,0.525,1,0.916894
fixed_gv_escape,137,0.82,0.962781,0.957086,0.995233,0.963796,0.525,1,0.91694
fixed_gv_escape,138,0.82,0.966753,0.953011,0.993384,0.963969,0.525,1,0.918641
fixed_gv_escape,139,0.82,0.960533,0.955541,0.985477,0.963725,0.525,1,0.915072
fixed_gv_escape,140,0.82,0.960258,0.962532,0.989395,0.969808,0.525,1,0.918124
fixed_gv_escape,141,0.82,0.959208,0.965318,0.985951,0.971164,0.525,1,0.917719
fixed_gv_escape,142,0.82,0.959697,0.967742,0.99594,0.973605,0.525,1,0.92031
fixed_gv_escape,143,0.82,0.967452,0.959932,0.989453,0.966679,0.525,1,0.918529
fixed_gv_escape,144,0.82,0.97001,0.964854,0.997308,0.971039,0.525,1,0.922359
fixed_gv_escape,145,0.82,0.956632,0.96636,0.997546,0.972545,0.525,1,0.9193
fixed_gv_escape,146,0.82,0.969837,0.972107,0.991849,0.975592,0.525,1,0.923057
fixed_gv_escape,147,0.82,0.966914,0.975969,0.994242,0.97536,0.525,1,0.922617
fixed_gv_escape,148,0.82,0.971012,0.966334,0.994111,0.97053,0.525,1,0.921716
fixed_gv_escape,149,0.82,0.971592,0.972339,0.995415,0.97084,0.525,1,0.922362
fixed_gv_escape,150,0.82,0.983853,0.980367,0.997494,0.980126,0.525,1,0.929909
fixed_gv_escape,151,0.82,0.992602,0.975504,1.0,0.978736,0.525,1,0.932222
fixed_gv_escape,152,0.82,0.990536,0.977799,0.989974,0.981226,0.525,1,0.931108
fixed_gv_escape,153,0.82,0.99678,0.975353,0.988696,0.978597,0.525,1,0.931362
fixed_gv_escape,154,0.82,1.0,0.984422,0.991171,0.984898,0.525,1,0.935132
fixed_gv_escape,155,0.82,1.0,0.979923,0.990978,0.976881,0.525,1,0.932065
fixed_gv_escape,156,0.82,1.0,0.981022,0.978506,0.979008,0.525,1,0.930801
fixed_gv_escape,157,0.82,0.997973,0.985366,0.980695,0.978686,0.525,1,0.931093
fixed_gv_escape,158,0.82,1.0,0.98336,0.974635,0.975052,0.525,1,0.929616
fixed_gv_escape,159,0.82,1.0,0.975392,0.98135,0.965374,0.525,1,0.926344
fixed_gv_escape,160,0.82,0.998318,0.977039,0.985295,0.971445,0.525,1,0.928565
fixed_gv_escape,161,0.82,1.0,0.978921,0.975478,0.976601,0.525,1,0.92971
fixed_gv_escape,162,0.82,1.0,0.98191,0.977887,0.97806,0.525,1,0.930571
fixed_gv_escape,163,0.82,0.990797,0.982072,0.975185,0.974858,0.525,1,0.926744
fixed_gv_escape,164,0.82,1.0,0.980565,0.980634,0.977519,0.525,1,0.930477
fixed_gv_escape,165,0.82,1.0,0.979366,0.97705,0.977731,0.525,1,0.930037
fixed_gv_escape,166,0.82,0.990555,0.970093,0.980305,0.971832,0.525,1,0.92509
fixed_gv_escape,167,0.82,1.0,0.963388,0.972442,0.96632,0.525,1,0.925748
fixed_gv_escape,168,0.82,0.999926,0.958912,0.970229,0.962643,0.525,1,0.923275
fixed_gv_escape,169,0.82,0.996992,0.966739,0.968742,0.967323,0.525,1,0.923481
fixed_gv_escape,170,0.82,0.979279,0.967039,0.968684,0.967205,0.525,1,0.919241
fixed_gv_escape,171,0.82,0.991854,0.972977,0.977161,0.974345,0.525,1,0.926252
fixed_gv_escape,172,0.82,0.983364,0.978088,0.973237,0.97143,0.525,1,0.922624
fixed_gv_escape,173,0.82,0.986688,0.973817,0.976318,0.964629,0.525,1,0.921331
fixed_gv_escape,174,0.82,1.0,0.980046,0.970751,0.964789,0.525,1,0.92534
fixed_gv_escape,175,0.82,1.0,0.98155,0.978223,0.964515,0.525,1,0.926538
fixed_gv_escape,176,0.82,1.0,0.980482,0.976555,0.965317,0.525,1,0.926347
fixed_gv_escape,177,0.82,0.994893,0.985894,0.971419,0.96392,0.525,1,0.924788
fixed_gv_escape,178,0.82,1.0,0.973614,0.977645,0.962395,0.525,1,0.924605
fixed_gv_escape,179,0.82,0.999455,0.974133,0.989816,0.962708,0.525,1,0.926732
fixed_gv_escape,180,0.82,1.0,0.977423,0.990549,0.968087,0.525,1,0.929023
fixed_gv_escape,181,0.82,0.995408,0.974286,0.991439,0.966834,0.525,1,0.927158
fixed_gv_escape,182,0.82,1.0,0.969223,0.987299,0.960187,0.525,1,0.925092
fixed_gv_escape,183,0.82,1.0,0.97305,0.979649,0.962205,0.525,1,0.924808
fixed_gv_escape,184,0.82,1.0,0.980334,0.994146,0.961657,0.525,1,0.92814
fixed_gv_escape,185,0.82,0.996258,0.990577,1.0,0.964848,0.525,1,0.930449
fixed_gv_escape,186,0.82,0.993006,0.996208,0.997721,0.965524,0.525,1,0.930208
fixed_gv_escape,187,0.82,0.994782,0.994915,0.997854,0.969806,0.525,1,0.931755
fixed_gv_escape,188,0.82,1.0,0.999891,0.996721,0.968184,0.525,1,0.933354
fixed_gv_escape,189,0.82,1.0,0.991359,0.994854,0.967319,0.525,1,0.931479
fixed_gv_escape,190,0.82,1.0,0.994504,1.0,0.970495,0.525,1,0.9337
fixed_gv_escape,191,0.82,0.995787,0.994745,1.0,0.965533,0.525,1,0.931131
fixed_gv_escape,192,0.82,0.996481,0.997388,1.0,0.964498,0.525,1,0.931431
fixed_gv_escape,193,0.82,0.998304,0.98025,0.997092,0.966134,0.525,1,0.929487
fixed_gv_escape,194,0.82,1.0,0.99037,0.992618,0.969134,0.525,1,0.93149
fixed_gv_escape,195,0.82,1.0,0.990167,0.993125,0.975869,0.525,1,0.933474
fixed_gv_escape,196,0.82,0.996275,0.986586,0.996306,0.9733,0.525,1,0.931713
fixed_gv_escape,197,0.82,0.999129,0.978118,1.0,0.97175,0.525,1,0.931716
fixed_gv_escape,198,0.82,0.99682,0.967455,0.993403,0.970149,0.525,1,0.928617
fixed_gv_escape,199,0.82,1.0,0.967906,0.991015,0.968299,0.525,1,0.928336
fixed_gv_escape,200,0.82,1.0,0.981588,0.999653,0.968179,0.525,1,0.931192
fixed_gv_escape,201,0.82,0.997928,0.981676,0.999301,0.98023,0.525,1,0.93431
fixed_gv_escape,202,0.82,1.0,0.985939,0.999313,0.982996,0.525,1,0.936143
fixed_gv_escape,203,0.82,1.0,0.989441,1.0,0.986903,0.525,1,0.937842
fixed_gv_escape,204,0.82,1.0,0.990194,0.992969,0.985127,0.525,1,0.936119
fixed_gv_escape,205,0.82,1.0,0.987626,0.987572,0.979385,0.525,1,0.933205
fixed_gv_escape,206,0.82,1.0,0.979189,0.981951,0.976066,0.525,1,0.93008
fixed_gv_escape,207,0.82,1.0,0.984271,0.979211,0.974858,0.525,1,0.930136
fixed_gv_escape,208,0.82,0.997568,0.980059,0.98703,0.979033,0.525,1,0.931343
fixed_gv_escape,209,0.82,1.0,0.96881,0.995552,0.973124,0.525,1,0.931184
fixed_gv_escape,210,0.82,1.0,0.970064,0.994038,0.974824,0.525,1,0.931673
fixed_gv_escape,211,0.82,1.0,0.961467,0.990972,0.970448,0.525,1,0.930578
fixed_gv_escape,212,0.82,1.0,0.957359,0.993265,0.967384,0.525,1,0.929363
fixed_gv_escape,213,0.82,1.0,0.954479,0.998204,0.966725,0.525,1,0.930272
fixed_gv_escape,214,0.82,1.0,0.975329,1.0,0.98224,0.525,1,0.936428
fixed_gv_escape,215,0.82,1.0,0.984647,1.0,0.988947,0.525,1,0.93891
fixed_gv_escape,216,0.82,0.993235,0.988043,0.992552,0.989017,0.525,1,0.935224
fixed_gv_escape,217,0.82,1.0,0.993831,0.995764,0.994057,0.525,1,0.939759
fixed_gv_escape,218,0.82,1.0,0.984978,0.983874,0.983631,0.525,1,0.935327
fixed_gv_escape,219,0.82,1.0,0.992091,0.980655,0.984404,0.525,1,0.936223
fixed_gv_escape,220,0.82,0.988513,0.993075,0.978425,0.982972,0.525,1,0.932293
fixed_gv_escape,221,0.82,0.979586,0.995585,0.973121,0.979918,0.525,1,0.929241
fixed_gv_escape,222,0.82,0.985901,0.990052,0.969355,0.976002,0.525,1,0.928866
fixed_gv_escape,223,0.82,0.993023,0.984974,0.972333,0.976495,0.525,1,0.930541
fixed_gv_escape,224,0.82,1.0,0.980995,0.972933,0.975338,0.525,1,0.931747
fixed_gv_escape,225,0.82,0.997149,0.976723,0.979696,0.976991,0.525,1,0.931596
fixed_gv_escape,226,0.82,1.0,0.978247,0.978454,0.977198,0.525,1,0.93247
fixed_gv_escape,227,0.82,0.99542,0.972716,0.982069,0.975677,0.525,1,0.930533
fixed_gv_escape,228,0.82,1.0,0.97811,0.990601,0.981022,0.525,1,0.933576
fixed_gv_escape,229,0.82,1.0,0.969625,0.986961,0.973719,0.525,1,0.929959
fixed_gv_escape,230,0.82,1.0,0.982696,0.982477,0.982381,0.525,1,0.932987
fixed_gv_escape,231,0.82,1.0,0.985623,0.984839,0.984599,0.525,1,0.93547
fixed_gv_escape,232,0.82,0.994799,0.99084,0.99066,0.990313,0.525,1,0.936925
fixed_gv_escape,233,0.82,0.999583,0.992325,0.991675,0.988293,0.525,1,0.937023
fixed_gv_escape,234,0.82,0.997517,0.985443,1.0,0.986951,0.525,1,0.936954
fixed_gv_escape,235,0.82,0.996279,0.987668,1.0,0.985896,0.525,1,0.936322
fixed_gv_escape,236,0.82,1.0,0.976432,0.999655,0.978559,0.525,1,0.934143
fixed_gv_escape,237,0.82,0.999267,0.977983,1.0,0.978841,0.525,1,0.934141
fixed_gv_escape,238,0.82,1.0,0.975361,1.0,0.97753,0.525,1,0.933787
fixed_gv_escape,239,0.82,1.0,0.977963,0.999606,0.977574,0.525,1,0.933804
fixed_gv_escape,240,0.82,1.0,0.978563,0.997719,0.977546,0.525,1,0.933464
fixed_gv_escape,241,0.82,1.0,0.97522,0.993777,0.977182,0.525,1,0.932462
fixed_gv_escape,242,0.82,1.0,0.968473,0.992385,0.970968,0.525,1,0.929649
fixed_gv_escape,243,0.82,1.0,0.960908,0.982906,0.964654,0.525,1,0.925314
fixed_gv_escape,244,0.82,1.0,0.964737,0.990487,0.962172,0.525,1,0.925903
fixed_gv_escape,245,0.82,1.0,0.970212,0.982839,0.965738,0.525,1,0.926082
fixed_gv_escape,246,0.82,1.0,0.961618,0.983552,0.958642,0.525,1,0.923165
fixed_gv_escape,247,0.82,1.0,0.970523,0.980848,0.966837,0.525,1,0.926086
fixed_gv_escape,248,0.82,0.990134,0.975105,0.987189,0.968115,0.525,1,0.925386
fixed_gv_escape,249,0.82,1.0,0.968675,0.986514,0.965993,0.525,1,0.926716
fixed_gv_escape,250,0.82,0.998267,0.965532,0.987523,0.967712,0.525,1,0.926905
fixed_gv_escape,251,0.82,0.989487,0.968486,0.981388,0.971808,0.525,1,0.9252
fixed_gv_escape,252,0.82,0.98737,0.965921,0.981504,0.970372,0.525,1,0.924303
fixed_gv_escape,253,0.82,0.990604,0.958991,0.98644,0.966018,0.525,1,0.924355
fixed_gv_escape,254,0.82,0.988222,0.95064,0.986654,0.961233,0.525,1,0.922647
fixed_gv_escape,255,0.82,0.989905,0.946939,0.997611,0.958811,0.525,1,0.923427
fixed_gv_escape,256,0.82,0.997745,0.937437,1.0,0.95312,0.525,1,0.924164
fixed_gv_escape,257,0.82,1.0,0.938397,0.993621,0.95308,0.525,1,0.923755
fixed_gv_escape,258,0.82,1.0,0.945135,1.0,0.959031,0.525,1,0.927141
fixed_gv_escape,259,0.82,1.0,0.943955,1.0,0.957782,0.525,1,0.926533
fixed_gv_escape,260,0.82,0.99479,0.940392,1.0,0.956278,0.525,1,0.924931
fixed_gv_escape,261,0.82,1.0,0.939031,1.0,0.956109,0.525,1,0.926759
fixed_gv_escape,262,0.82,1.0,0.952362,0.995777,0.964276,0.525,1,0.928668
fixed_gv_escape,263,0.82,1.0,0.939702,0.994662,0.954547,0.525,1,0.924651
fixed_gv_escape,264,0.82,1.0,0.937955,0.998366,0.954473,0.525,1,0.925549
fixed_gv_escape,265,0.82,0.999336,0.926513,0.991873,0.94474,0.525,1,0.920448
fixed_gv_escape,266,0.82,0.995053,0.925696,0.984771,0.943199,0.525,1,0.917794
fixed_gv_escape,267,0.82,1.0,0.928059,0.975994,0.94287,0.525,1,0.917566
fixed_gv_escape,268,0.82,1.0,0.930725,0.985286,0.947073,0.525,1,0.920848
fixed_gv_escape,269,0.82,1.0,0.9367,0.980903,0.950774,0.525,1,0.922211
fixed_gv_escape,270,0.82,0.992,0.941381,0.982793,0.954452,0.525,1,0.921433
fixed_gv_escape,271,0.82,0.989528,0.946847,0.983062,0.958423,0.525,1,0.922375
fixed_gv_escape,272,0.82,0.983571,0.943119,0.970324,0.9521,0.525,1,0.917072
fixed_gv_escape,273,0.82,0.987912,0.947096,0.974852,0.956165,0.525,1,0.919439
fixed_gv_escape,274,0.82,1.0,0.959012,0.981551,0.966347,0.525,1,0.927666
fixed_gv_escape,275,0.82,1.0,0.959326,0.985482,0.967307,0.525,1,0.928108
fixed_gv_escape,276,0.82,1.0,0.962056,0.988892,0.96947,0.525,1,0.929087
fixed_gv_escape,277,0.82,1.0,0.978161,0.991919,0.97864,0.525,1,0.932722
fixed_gv_escape,278,0.82,1.0,0.98688,0.98489,0.981864,0.525,1,0.933395
fixed_gv_escape,279,0.82,1.0,0.985222,0.975973,0.978497,0.525,1,0.931607
fixed_gv_escape,280,0.82,1.0,0.988109,0.973866,0.975935,0.525,1,0.930888
fixed_gv_escape,281,0.82,1.0,0.991418,0.983683,0.977495,0.525,1,0.932751
fixed_gv_escape,282,0.82,1.0,0.988296,0.988885,0.978163,0.525,1,0.933165
fixed_gv_escape,283,0.82,1.0,0.989679,0.994835,0.981214,0.525,1,0.93523
fixed_gv_escape,284,0.82,1.0,0.988867,0.990697,0.982476,0.525,1,0.934783
fixed_gv_escape,285,0.82,1.0,0.997263,0.99478,0.986291,0.525,1,0.937834
fixed_gv_escape,286,0.82,0.993191,0.99605,0.99555,0.987668,0.525,1,0.936243
fixed_gv_escape,287,0.82,1.0,0.992019,0.991588,0.991689,0.525,1,0.938295
fixed_gv_escape,288,0.82,1.0,0.991622,0.991231,0.991277,0.525,1,0.938156
fixed_gv_escape,289,0.82,1.0,0.993018,0.995477,0.986884,0.525,1,0.937452
fixed_gv_escape,290,0.82,1.0,0.995647,0.969281,0.975387,0.525,1,0.932374
fixed_gv_escape,291,0.82,0.987313,1.0,0.953596,0.96575,0.525,1,0.926343
fixed_gv_escape,292,0.82,0.971793,1.0,0.96193,0.972138,0.525,1,0.924545
fixed_gv_escape,293,0.82,0.97178,0.988832,0.967254,0.974216,0.525,1,0.9241
fixed_gv_escape,294,0.82,0.959157,0.980086,0.963187,0.968694,0.525,1,0.916449
fixed_gv_escape,295,0.82,0.965584,0.972118,0.968983,0.969225,0.525,1,0.91839
fixed_gv_escape,296,0.82,0.967484,0.961278,0.967945,0.962804,0.525,1,0.91604
fixed_gv_escape,297,0.82,0.973795,0.963936,0.967346,0.963947,0.525,1,0.918541
fixed_gv_escape,298,0.82,0.976311,0.966952,0.967235,0.965732,0.525,1,0.91953
fixed_gv_escape,299,0.82,0.975149,0.970287,0.968414,0.968171,0.525,1,0.920118
fixed_gv_escape,300,0.82,0.974364,0.961328,0.971684,0.964533,0.525,1,0.918637
fixed_gv_escape,301,0.82,0.973392,0.973891,0.970278,0.971133,0.525,1,0.920562
fixed_gv_escape,302,0.82,0.962801,0.983891,0.979419,0.980842,0.525,1,0.922685
fixed_gv_escape,303,0.82,0.980571,0.982277,0.978439,0.979205,0.525,1,0.927993
fixed_gv_escape,304,0.82,1.0,0.984315,0.976721,0.979169,0.525,1,0.933046
fixed_gv_escape,305,0.82,1.0,0.991666,0.981031,0.984437,0.525,1,0.935805
fixed_gv_escape,306,0.82,1.0,0.997999,0.9842,0.988018,0.525,1,0.938078
fixed_gv_escape,307,0.82,1.0,0.979269,0.986983,0.981736,0.525,1,0.934734
fixed_gv_escape,308,0.82,1.0,0.97986,0.984609,0.981108,0.525,1,0.934337
fixed_gv_escape,309,0.82,1.0,0.985264,0.985183,0.984437,0.525,1,0.935813
fixed_gv_escape,310,0.82,1.0,0.975455,0.982379,0.977472,0.525,1,0.932707
fixed_gv_escape,311,0.82,0.98602,0.976405,0.991146,0.981204,0.525,1,0.930989
fixed_gv_escape,312,0.82,0.974432,0.979846,0.995386,0.982937,0.525,1,0.928052
fixed_gv_escape,313,0.82,0.983837,0.98726,0.99903,0.98934,0.525,1,0.933955
fixed_gv_escape,314,0.82,0.994065,0.97674,0.990053,0.980364,0.525,1,0.931726
fixed_gv_escape,315,0.82,1.0,0.979405,0.997062,0.984279,0.525,1,0.936465
fixed_gv_escape,316,0.82,1.0,0.974952,0.996023,0.981172,0.525,1,0.935348
fixed_gv_escape,317,0.82,1.0,0.979122,0.992571,0.983479,0.525,1,0.935922
fixed_gv_escape,318,0.82,1.0,0.976842,1.0,0.983238,0.525,1,0.936745
fixed_gv_escape,319,0.82,1.0,0.981066,0.999674,0.986323,0.525,1,0.937892
fixed_gv_escape,320,0.82,1.0,0.98235,1.0,0.987294,0.525,1,0.938298
fixed_gv_escape,321,0.82,1.0,0.973669,0.992897,0.979506,0.525,1,0.93415
fixed_gv_escape,322,0.82,1.0,0.977696,0.987643,0.980899,0.525,1,0.933583
fixed_gv_escape,323,0.82,1.0,0.978552,0.985369,0.98065,0.525,1,0.934135
fixed_gv_escape,324,0.82,1.0,0.992848,0.987051,0.988878,0.525,1,0.937442
fixed_gv_escape,325,0.82,0.99952,0.984704,0.991656,0.986992,0.525,1,0.93705
fixed_gv_escape,326,0.82,0.999782,0.979406,0.991014,0.983135,0.525,1,0.935186
fixed_gv_escape,327,0.82,1.0,0.982839,0.994725,0.986636,0.525,1,0.937358
fixed_gv_escape,328,0.82,0.999975,0.985003,0.993273,0.987729,0.525,1,0.93761
fixed_gv_escape,329,0.82,1.0,0.977489,0.994358,0.982686,0.525,1,0.935708
fixed_gv_escape,330,0.82,1.0,0.983974,1.0,0.987843,0.525,1,0.938232
fixed_gv_escape,331,0.82,0.994405,0.98572,1.0,0.987674,0.525,1,0.936388
fixed_gv_escape,332,0.82,0.981855,0.991718,0.995376,0.991542,0.525,1,0.933592
fixed_gv_escape,333,0.82,0.980476,0.990295,0.995451,0.991651,0.525,1,0.933352
fixed_gv_escape,334,0.82,0.989618,0.996367,1.0,0.997055,0.525,1,0.938901
fixed_gv_escape,335,0.82,1.0,1.0,1.0,0.992644,0.525,1,0.940891
fixed_gv_escape,336,0.82,1.0,1.0,0.999872,0.997762,0.525,1,0.942338
fixed_gv_escape,337,0.82,1.0,1.0,0.993654,0.995418,0.525,1,0.941297
fixed_gv_escape,338,0.82,0.990087,0.998275,1.0,0.998758,0.525,1,0.939765
fixed_gv_escape,339,0.82,0.994785,1.0,1.0,1.0,0.525,1,0.94154
fixed_gv_escape,340,0.82,1.0,0.996987,0.996118,0.996338,0.525,1,0.941319
fixed_gv_escape,341,0.82,1.0,0.994907,0.995931,0.995159,0.525,1,0.940727
fixed_gv_escape,342,0.82,1.0,0.997273,1.0,0.998037,0.525,1,0.942273
fixed_gv_escape,343,0.82,1.0,1.0,1.0,1.0,0.525,1,0.943
fixed_gv_escape,344,0.82,1.0,1.0,1.0,1.0,0.525,1,0.943
fixed_gv_escape,345,0.82,1.0,0.998033,0.999027,0.998361,0.525,1,0.942274
fixed_gv_escape,346,0.82,1.0,0.998409,0.993865,0.995293,0.525,1,0.941044
fixed_gv_escape,347,0.82,1.0,0.999678,0.9975,0.997999,0.525,1,0.942141
fixed_gv_escape,348,0.82,1.0,1.0,0.998403,0.998851,0.525,1,0.942575
fixed_gv_escape,349,0.82,1.0,1.0,1.0,0.994798,0.525,1,0.941509
fixed_gv_escape,350,0.82,0.995623,0.99938,1.0,0.997408,0.525,1,0.940937
fixed_gv_escape,351,0.82,1.0,0.995247,0.998535,0.995661,0.525,1,0.940944
fixed_gv_escape,352,0.82,0.99399,0.988664,1.0,0.991525,0.525,1,0.938033
fixed_gv_escape,353,0.82,0.982552,0.980112,1.0,0.979767,0.525,1,0.929886
fixed_gv_escape,354,0.82,0.971246,0.985784,0.994668,0.986543,0.525,1,0.928418
fixed_gv_escape,355,0.82,0.95634,0.990394,0.983984,0.985887,0.525,1,0.923423
fixed_gv_escape,356,0.82,0.960659,0.98522,0.98916,0.983613,0.525,1,0.923349
fixed_gv_escape,357,0.82,0.960665,0.977259,0.999064,0.978865,0.525,1,0.923146
fixed_gv_escape,358,0.82,0.973715,0.973171,0.998583,0.976797,0.525,1,0.925879
fixed_gv_escape,359,0.82,0.980496,0.975055,0.997427,0.978109,0.525,1,0.928088
fixed_gv_escape,360,0.82,0.983805,0.973453,0.994119,0.976076,0.525,1,0.927546
fixed_gv_escape,361,0.82,0.981082,0.983261,0.993061,0.984209,0.525,1,0.92991
fixed_gv_escape,362,0.82,0.988909,0.982809,0.990386,0.984438,0.525,1,0.931746
fixed_gv_escape,363,0.82,0.975198,0.988872,0.99214,0.987184,0.525,1,0.929463
fixed_gv_escape,364,0.82,0.966719,0.990558,1.0,0.98862,0.525,1,0.929176
fixed_gv_escape,365,0.82,0.9718,0.990529,1.0,0.990768,0.525,1,0.931332
fixed_gv_escape,366,0.82,0.979442,0.984799,0.99147,0.986617,0.525,1,0.930301
fixed_gv_escape,367,0.82,0.969596,0.989495,0.996312,0.990165,0.525,1,0.929754
fixed_gv_escape,368,0.82,0.965041,0.995974,0.987359,0.99002,0.525,1,0.928812
fixed_gv_escape,369,0.82,0.967554,0.98585,0.986868,0.985622,0.525,1,0.927279
fixed_gv_escape,370,0.82,0.974823,0.98682,0.98341,0.98421,0.525,1,0.928697
fixed_gv_escape,371,0.82,0.980877,0.996942,0.99256,0.993997,0.525,1,0.935036
fixed_gv_escape,372,0.82,0.97907,0.995219,0.996052,0.995141,0.525,1,0.934404
fixed_gv_escape,373,0.82,0.999416,0.994995,0.988107,0.987268,0.525,1,0.936735
fixed_gv_escape,374,0.82,1.0,1.0,0.985272,0.987698,0.525,1,0.937986
fixed_gv_escape,375,0.82,0.99742,0.997594,0.978543,0.984175,0.525,1,0.936083
fixed_gv_escape,376,0.82,1.0,0.994447,0.972893,0.979406,0.525,1,0.934481
fixed_gv_escape,377,0.82,0.999114,0.989395,0.97466,0.979498,0.525,1,0.933822
fixed_gv_escape,378,0.82,1.0,0.993585,0.979756,0.983557,0.525,1,0.935398
fixed_gv_escape,379,0.82,0.994609,0.98579,0.985153,0.984956,0.525,1,0.933859
fixed_gv_escape,380,0.82,0.977147,0.998561,0.980244,0.985561,0.525,1,0.931053
fixed_gv_escape,381,0.82,0.973928,0.985388,0.983026,0.983631,0.525,1,0.927257
fixed_gv_escape,382,0.82,0.966228,0.990502,0.987817,0.988487,0.525,1,0.92826
fixed_gv_escape,383,0.82,0.971258,0.983059,0.986182,0.983854,0.525,1,0.927105
fixed_gv_escape,384,0.82,0.982675,0.989527,0.981551,0.984164,0.525,1,0.931043
fixed_gv_escape,385,0.82,0.983358,0.985598,0.978759,0.98086,0.525,1,0.929628
fixed_gv_escape,386,0.82,0.988035,0.984468,0.99409,0.987604,0.525,1,0.934303
fixed_gv_escape,387,0.82,0.989126,0.983661,0.995147,0.986964,0.525,1,0.934071
fixed_gv_escape,388,0.82,1.0,0.976283,0.988527,0.980144,0.525,1,0.933446
fixed_gv_escape,389,0.82,1.0,0.983023,0.994547,0.985727,0.525,1,0.936248
fixed_gv_escape,390,0.82,0.991666,0.988237,0.997661,0.991098,0.525,1,0.937015
fixed_gv_escape,391,0.82,0.993812,0.989619,1.0,0.989676,0.525,1,0.937058
fixed_gv_escape,392,0.82,0.996928,0.983587,0.987492,0.984869,0.525,1,0.933952
fixed_gv_escape,393,0.82,1.0,0.986225,0.99965,0.987459,0.525,1,0.937791
fixed_gv_escape,394,0.82,0.99967,0.983562,0.995595,0.979856,0.525,1,0.934129
fixed_gv_escape,395,0.82,0.997817,0.979259,0.988651,0.977904,0.525,1,0.931285
fixed_gv_escape,396,0.82,1.0,0.969933,0.986874,0.970169,0.525,1,0.928307
fixed_gv_escape,397,0.82,1.0,0.96704,0.987714,0.967515,0.525,1,0.927378
fixed_gv_escape,398,0.82,1.0,0.972074,0.972091,0.97108,0.525,1,0.925962
fixed_gv_escape,399,0.82,1.0,0.961851,0.97107,0.96258,0.525,1,0.922161
fixed_gv_escape,400,0.82,1.0,0.95842,0.972166,0.9526,0.525,1,0.918798
fixed_gv_escape,401,0.82,1.0,0.964774,0.961375,0.952892,0.525,1,0.917945
fixed_gv_escape,402,0.82,0.991668,0.967234,0.962961,0.961566,0.525,1,0.918804
fixed_gv_escape,403,0.82,0.993576,0.973373,0.956143,0.957483,0.525,1,0.918711
fixed_gv_escape,404,0.82,0.995744,0.979284,0.960819,0.958033,0.525,1,0.920896
fixed_gv_escape,405,0.82,1.0,0.974934,0.962897,0.959252,0.525,1,0.921843
fixed_gv_escape,406,0.82,0.990235,0.98417,0.959394,0.96089,0.525,1,0.921232
fixed_gv_escape,407,0.82,0.988511,0.991937,0.966608,0.965712,0.525,1,0.924303
fixed_gv_escape,408,0.82,0.989482,0.992135,0.963666,0.966913,0.525,1,0.924997
fixed_gv_escape,409,0.82,1.0,0.990482,0.964908,0.969634,0.525,1,0.928837
fixed_gv_escape,410,0.82,1.0,0.990595,0.971352,0.972557,0.525,1,0.929968
fixed_gv_escape,411,0.82,1.0,0.996072,0.971635,0.976771,0.525,1,0.932901
fixed_gv_escape,412,0.82,1.0,0.995167,0.964609,0.970231,0.525,1,0.929988
fixed_gv_escape,413,0.82,1.0,0.995117,0.962791,0.970925,0.525,1,0.930686
fixed_gv_escape,414,0.82,1.0,0.990149,0.960966,0.970114,0.525,1,0.930614
fixed_gv_escape,415,0.82,1.0,0.994762,0.968212,0.975885,0.525,1,0.93303
fixed_gv_escape,416,0.82,1.0,0.987962,0.969265,0.974756,0.525,1,0.931071
fixed_gv_escape,417,0.82,0.998775,0.991195,0.96828,0.973868,0.525,1,0.930596
fixed_gv_escape,418,0.82,0.992879,0.994039,0.976045,0.979434,0.525,1,0.931516
fixed_gv_escape,419,0.82,0.999147,0.982052,0.980004,0.979986,0.525,1,0.93353
fixed_gv_escape,420,0.82,1.0,0.987067,0.990492,0.988033,0.525,1,0.937524
fixed_gv_escape,421,0.82,1.0,1.0,0.994519,0.993417,0.525,1,0.940392
fixed_gv_escape,422,0.82,0.993035,1.0,0.988953,0.990518,0.525,1,0.937171
fixed_gv_escape,423,0.82,0.991943,1.0,0.989914,0.989716,0.525,1,0.936563
fixed_gv_escape,424,0.82,0.980249,0.992492,0.990896,0.991354,0.525,1,0.933051
fixed_gv_escape,425,0.82,0.996094,0.988419,0.989748,0.988845,0.525,1,0.935481
fixed_gv_escape,426,0.82,1.0,0.978204,0.987987,0.981436,0.525,1,0.934477
fixed_gv_escape,427,0.82,1.0,0.986204,0.988826,0.986772,0.525,1,0.936918
fixed_gv_escape,428,0.82,1.0,0.986258,0.985976,0.985671,0.525,1,0.93562
fixed_gv_escape,429,0.82,0.992306,0.985165,0.987024,0.985712,0.525,1,0.933121
fixed_gv_escape,430,0.82,1.0,0.984893,0.984812,0.984153,0.525,1,0.935403
fixed_gv_escape,431,0.82,1.0,0.986346,0.983789,0.984599,0.525,1,0.934257
fixed_gv_escape,432,0.82,0.988594,0.989043,0.976115,0.980267,0.525,1,0.930599
fixed_gv_escape,433,0.82,0.989921,0.984317,0.980584,0.981778,0.525,1,0.930543
fixed_gv_escape,434,0.82,1.0,0.986928,0.979772,0.982135,0.525,1,0.934229
fixed_gv_escape,435,0.82,1.0,0.982429,0.992818,0.985112,0.525,1,0.935727
fixed_gv_escape,436,0.82,1.0,0.987813,0.997444,0.990649,0.525,1,0.939051
fixed_gv_escape,437,0.82,1.0,0.999267,0.995971,0.99682,0.525,1,0.941618
fixed_gv_escape,438,0.82,1.0,1.0,0.99007,0.99102,0.525,1,0.939318
fixed_gv_escape,439,0.82,1.0,1.0,0.987673,0.989815,0.525,1,0.938858
fixed_gv_escape,440,0.82,1.0,0.989355,0.992162,0.990267,0.525,1,0.938059
fixed_gv_escape,441,0.82,1.0,0.984315,0.99677,0.985956,0.525,1,0.936634
fixed_gv_escape,442,0.82,1.0,0.993711,0.987839,0.986766,0.525,1,0.936468
fixed_gv_escape,443,0.82,1.0,0.985508,0.990525,0.98588,0.525,1,0.935411
fixed_gv_escape,444,0.82,1.0,0.992963,0.983214,0.981504,0.525,1,0.93422
fixed_gv_escape,445,0.82,1.0,0.987435,0.983876,0.976658,0.525,1,0.931838
fixed_gv_escape,446,0.82,1.0,0.985212,0.982878,0.972017,0.525,1,0.929987
fixed_gv_escape,447,0.82,1.0,0.986105,0.977392,0.970101,0.525,1,0.928824
fixed_gv_escape,448,0.82,0.995167,0.994695,0.977233,0.977154,0.525,1,0.93132
fixed_gv_escape,449,0.82,0.998159,0.998704,0.961899,0.968136,0.525,1,0.929262
fixed_gv_escape,450,0.82,1.0,1.0,0.95627,0.966486,0.525,1,0.929765
fixed_gv_escape,451,0.82,0.996044,1.0,0.9564,0.96838,0.525,1,0.930057
fixed_gv_escape,452,0.82,1.0,1.0,0.964301,0.974301,0.525,1,0.93349
fixed_gv_escape,453,0.82,1.0,1.0,0.972835,0.980366,0.525,1,0.935689
fixed_gv_escape,454,0.82,1.0,1.0,0.973623,0.980495,0.525,1,0.935521
fixed_gv_escape,455,0.82,1.0,1.0,0.972504,0.980036,0.525,1,0.935516
fixed_gv_escape,456,0.82,0.997965,1.0,0.974943,0.981419,0.525,1,0.935285
fixed_gv_escape,457,0.82,1.0,1.0,0.974058,0.981324,0.525,1,0.936089
fixed_gv_escape,458,0.82,0.993394,1.0,0.975733,0.982531,0.525,1,0.934686
fixed_gv_escape,459,0.82,1.0,1.0,0.977463,0.982668,0.525,1,0.936141
fixed_gv_escape,460,0.82,0.9963,0.999714,0.965524,0.973494,0.525,1,0.931434
fixed_gv_escape,461,0.82,0.997856,0.995752,0.964537,0.973797,0.525,1,0.932107
fixed_gv_escape,462,0.82,0.996654,0.995473,0.965459,0.973855,0.525,1,0.931341
fixed_gv_escape,463,0.82,1.0,0.993094,0.959955,0.969523,0.525,1,0.930325
fixed_gv_escape,464,0.82,0.987498,0.993062,0.966396,0.974449,0.525,1,0.928911
fixed_gv_escape,465,0.82,1.0,1.0,0.984232,0.988649,0.525,1,0.9388
fixed_gv_escape,466,0.82,1.0,0.996645,0.985363,0.988445,0.525,1,0.937909
fixed_gv_escape,467,0.82,0.998065,0.992626,0.988295,0.98971,0.525,1,0.937238
fixed_gv_escape,468,0.82,0.9897,0.98597,0.983358,0.983879,0.525,1,0.932425
fixed_gv_escape,469,0.82,1.0,0.990919,0.990302,0.990105,0.525,1,0.938432
fixed_gv_escape,470,0.82,1.0,0.996715,0.992857,0.99413,0.525,1,0.940419
fixed_gv_escape,471,0.82,1.0,0.994981,0.999993,0.996386,0.525,1,0.941662
fixed_gv_escape,472,0.82,1.0,0.988107,0.993146,0.989771,0.525,1,0.938229
fixed_gv_escape,473,0.82,0.990813,0.992373,0.997434,0.994004,0.525,1,0.937873
fixed_gv_escape,474,0.82,0.993776,0.992425,1.0,0.986102,0.525,1,0.936185
fixed_gv_escape,475,0.82,0.9971,0.986145,0.99845,0.983591,0.525,1,0.935378
fixed_gv_escape,476,0.82,1.0,0.990341,0.99708,0.983775,0.525,1,0.936458
fixed_gv_escape,477,0.82,1.0,0.980196,0.999939,0.978213,0.525,1,0.934226
fixed_gv_escape,478,0.82,1.0,0.987827,0.993875,0.980441,0.525,1,0.934587
fixed_gv_escape,479,0.82,0.997638,0.995714,1.0,0.978226,0.525,1,0.935441
fixed_gv_escape,480,0.82,1.0,0.99936,0.989441,0.970648,0.525,1,0.932903
fixed_gv_escape,481,0.82,0.987688,0.996699,0.990739,0.973346,0.525,1,0.929973
fixed_gv_escape,482,0.82,0.988042,1.0,0.992735,0.97201,0.525,1,0.930527
fixed_gv_escape,483,0.82,0.994387,1.0,0.997677,0.97897,0.525,1,0.93504
fixed_gv_escape,484,0.82,0.993474,0.998588,0.996887,0.97496,0.525,1,0.933287
fixed_gv_escape,485,0.82,1.0,0.996797,1.0,0.976822,0.525,1,0.935862
fixed_gv_escape,486,0.82,0.992526,0.996022,0.999652,0.98003,0.525,1,0.934517
fixed_gv_escape,487,0.82,0.975806,0.989654,0.999296,0.97939,0.525,1,0.928694
fixed_gv_escape,488,0.82,0.983748,0.990462,0.999124,0.984682,0.525,1,0.932556
fixed_gv_escape,489,0.82,0.985906,0.98422,1.0,0.983654,0.525,1,0.932421
fixed_gv_escape,490,0.82,0.98827,0.987764,0.998496,0.98382,0.525,1,0.933142
fixed_gv_escape,491,0.82,0.994262,0.985993,0.995819,0.978324,0.525,1,0.932464
fixed_gv_escape,492,0.82,0.996092,0.984494,0.997141,0.98115,0.525,1,0.933916
fixed_gv_escape,493,0.82,1.0,0.983528,0.993827,0.977262,0.525,1,0.933096
fixed_gv_escape,494,0.82,1.0,0.979317,0.994593,0.972464,0.525,1,0.931301
fixed_gv_escape,495,0.82,1.0,0.977108,0.989738,0.96804,0.525,1,0.928825
fixed_gv_escape,496,0.82,1.0,0.975395,0.98876,0.972261,0.525,1,0.929753
fixed_gv_escape,497,0.82,1.0,0.990817,0.972869,0.971135,0.525,1,0.92957
fixed_gv_escape,498,0.82,1.0,0.98859,0.978575,0.973887,0.525,1,0.930551
fixed_gv_escape,499,0.82,1.0,0.99203,0.972132,0.965548,0.525,1,0.92793
fixed_gv_escape,500,0.82,0.998141,0.991451,0.970604,0.967549,0.525,1,0.927803
fixed_gv_escape,501,0.82,1.0,0.982604,0.963205,0.963428,0.525,1,0.924739
fixed_gv_escape,502,0.82,0.989504,0.988056,0.95782,0.96368,0.525,1,0.923044
fixed_gv_escape,503,0.82,0.990798,0.991058,0.951727,0.960727,0.525,1,0.923035
fixed_gv_escape,504,0.82,0.98538,0.989597,0.95042,0.959402,0.525,1,0.9207
fixed_gv_escape,505,0.82,0.982378,1.0,0.943996,0.957839,0.525,1,0.921629
fixed_gv_escape,506,0.82,0.98565,0.997059,0.943659,0.958215,0.525,1,0.922617
fixed_gv_escape,507,0.82,0.998454,0.99472,0.9465,0.959244,0.525,1,0.925874
fixed_gv_escape,508,0.82,0.992564,0.992257,0.949645,0.958948,0.525,1,0.922973
fixed_gv_escape,509,0.82,1.0,0.999227,0.947685,0.955334,0.525,1,0.924596
fixed_gv_escape,510,0.82,0.984741,1.0,0.948015,0.959211,0.525,1,0.922414
fixed_gv_escape,511,0.82,0.995366,0.999397,0.94763,0.956711,0.525,1,0.923988
fixed_gv_escape,512,0.82,1.0,1.0,0.955291,0.960767,0.525,1,0.926924
fixed_gv_escape,513,0.82,0.992332,1.0,0.951999,0.961782,0.525,1,0.925474
fixed_gv_escape,514,0.82,0.994607,1.0,0.955457,0.963786,0.525,1,0.92682
fixed_gv_escape,515,0.82,0.997763,0.997785,0.961005,0.967444,0.525,1,0.92871
fixed_gv_escape,516,0.82,1.0,0.997469,0.965139,0.969448,0.525,1,0.930009
fixed_gv_escape,517,0.82,1.0,1.0,0.971516,0.97259,0.525,1,0.93179
fixed_gv_escape,518,0.82,1.0,0.997877,0.968598,0.975024,0.525,1,0.932609
fixed_gv_escape,519,0.82,1.0,0.989552,0.972674,0.978177,0.525,1,0.933582
fixed_gv_escape,520,0.82,1.0,0.982867,0.98001,0.980612,0.525,1,0.933437
fixed_gv_escape,521,0.82,0.993404,0.992736,0.987555,0.989223,0.525,1,0.935752
fixed_gv_escape,522,0.82,1.0,0.990765,0.981307,0.982462,0.525,1,0.934057
fixed_gv_escape,523,0.82,0.991643,0.987312,0.986349,0.984121,0.525,1,0.931987
fixed_gv_escape,524,0.82,0.989136,0.988094,0.998295,0.98366,0.525,1,0.933333
fixed_gv_escape,525,0.82,0.979892,0.997581,0.995484,0.990612,0.525,1,0.933605
fixed_gv_escape,526,0.82,0.988065,1.0,0.992909,0.993664,0.525,1,0.93706
fixed_gv_escape,527,0.82,0.997568,0.997659,0.995224,0.993532,0.525,1,0.939385
fixed_gv_escape,528,0.82,0.992251,0.999216,0.995637,0.991619,0.525,1,0.93766
fixed_gv_escape,529,0.82,0.996603,0.995542,0.994998,0.987128,0.525,1,0.936877
fixed_gv_escape,530,0.82,1.0,0.997318,1.0,0.979848,0.525,1,0.936809
fixed_gv_escape,531,0.82,1.0,0.989129,0.99858,0.979392,0.525,1,0.935274
fixed_gv_escape,532,0.82,0.994174,0.991862,0.99871,0.982129,0.525,1,0.934831
fixed_gv_escape,533,0.82,1.0,0.991492,1.0,0.979256,0.525,1,0.935796
fixed_gv_escape,534,0.82,1.0,0.989787,1.0,0.978121,0.525,1,0.935236
fixed_gv_escape,535,0.82,0.978777,0.997736,1.0,0.988595,0.525,1,0.933442
fixed_gv_escape,536,0.82,0.971716,0.995288,1.0,0.984123,0.525,1,0.929819
fixed_gv_escape,537,0.82,0.992912,0.998303,0.999935,0.979564,0.525,1,0.934883
fixed_gv_escape,538,0.82,0.996802,0.99662,1.0,0.977386,0.525,1,0.935101
fixed_gv_escape,539,0.82,1.0,0.98807,1.0,0.975663,0.525,1,0.934289
fixed_gv_escape,540,0.82,1.0,0.98762,0.992726,0.979101,0.525,1,0.933971
fixed_gv_escape,541,0.82,0.999389,0.988008,0.993677,0.972534,0.525,1,0.932116
fixed_gv_escape,542,0.82,1.0,0.986107,0.992524,0.97348,0.525,1,0.932095
fixed_gv_escape,543,0.82,0.995036,0.986317,0.998719,0.970107,0.525,1,0.930815
fixed_gv_escape,544,0.82,0.987263,0.992387,0.998204,0.968632,0.525,1,0.928989
fixed_gv_escape,545,0.82,0.987521,0.985399,0.992058,0.961371,0.525,1,0.924928
fixed_gv_escape,546,0.82,1.0,0.98145,0.9951,0.95824,0.525,1,0.927462
fixed_gv_escape,547,0.82,0.995071,0.982257,0.995568,0.969338,0.525,1,0.929514
fixed_gv_escape,548,0.82,0.993608,0.986914,1.0,0.964717,0.525,1,0.929149
fixed_gv_escape,549,0.82,0.994993,0.984814,0.998003,0.959573,0.525,1,0.927411
fixed_gv_escape,550,0.82,0.986892,0.984081,1.0,0.960504,0.525,1,0.925653
fixed_gv_escape,551,0.82,0.979383,0.983191,0.995458,0.962016,0.525,1,0.923089
fixed_gv_escape,552,0.82,0.989167,0.984402,0.996737,0.96947,0.525,1,0.928385
fixed_gv_escape,553,0.82,0.98664,0.981596,0.995682,0.969065,0.525,1,0.927008
fixed_gv_escape,554,0.82,0.973736,0.978797,0.997974,0.969427,0.525,1,0.923582
fixed_gv_escape,555,0.82,0.99266,0.984006,1.0,0.974991,0.525,1,0.931533
fixed_gv_escape,556,0.82,1.0,0.990206,1.0,0.976661,0.525,1,0.934865
fixed_gv_escape,557,0.82,1.0,0.994235,0.995678,0.976986,0.525,1,0.934824
fixed_gv_escape,558,0.82,1.0,0.99309,0.998545,0.983939,0.525,1,0.937129
fixed_gv_escape,559,0.82,1.0,0.985852,1.0,0.985604,0.525,1,0.937145
fixed_gv_escape,560,0.82,1.0,0.957023,0.97379,0.962182,0.55,2,0.92638
fixed_gv_escape,561,0.82,1.0,0.96154,0.986413,0.963887,0.55,2,0.928611
fixed_gv_escape,562,0.82,0.998804,0.960043,0.979499,0.960821,0.55,2,0.925725
fixed_gv_escape,563,0.82,0.993186,0.965715,0.976153,0.960219,0.55,2,0.923759
fixed_gv_escape,564,0.82,0.999159,0.965107,0.977093,0.963321,0.55,2,0.926521
fixed_gv_escape,565,0.82,0.999958,0.959916,0.978255,0.962192,0.55,2,0.92636
fixed_gv_escape,566,0.82,0.996114,0.956836,0.977678,0.95885,0.55,2,0.923798
fixed_gv_escape,567,0.82,0.986553,0.948687,0.976362,0.953579,0.55,2,0.918794
fixed_gv_escape,568,0.82,0.984979,0.947861,0.97473,0.953567,0.55,2,0.918153
fixed_gv_escape,569,0.82,1.0,0.952396,0.970666,0.956918,0.55,2,0.923042
fixed_gv_escape,570,0.82,1.0,0.95026,0.976173,0.956049,0.55,2,0.923696
fixed_gv_escape,571,0.82,1.0,0.952974,0.975333,0.958775,0.55,2,0.924841
fixed_gv_escape,572,0.82,1.0,0.954893,0.973659,0.95963,0.55,2,0.924759
fixed_gv_escape,573,0.82,1.0,0.951362,0.981059,0.955379,0.55,2,0.924124
fixed_gv_escape,574,0.82,1.0,0.939947,0.993752,0.947217,0.55,2,0.923202
fixed_gv_escape,575,0.82,1.0,0.946153,0.995588,0.953821,0.55,2,0.9263
fixed_gv_escape,576,0.82,1.0,0.950946,1.0,0.959142,0.55,2,0.929357
fixed_gv_escape,577,0.82,1.0,0.949011,1.0,0.958132,0.55,2,0.928996
fixed_gv_escape,578,0.82,0.997772,0.954335,0.998481,0.964569,0.55,2,0.931053
fixed_gv_escape,579,0.82,1.0,0.942757,0.998014,0.956879,0.55,2,0.92893
fixed_gv_escape,580,0.82,1.0,0.942325,0.998368,0.957845,0.55,2,0.929921
fixed_gv_escape,581,0.82,1.0,0.942098,0.992944,0.957115,0.55,2,0.929069
fixed_gv_escape,582,0.82,1.0,0.943071,0.998416,0.958789,0.55,2,0.930522
fixed_gv_escape,583,0.82,0.997735,0.941013,1.0,0.957501,0.55,2,0.929618
fixed_gv_escape,584,0.82,0.987536,0.947821,0.996719,0.961947,0.55,2,0.927961
fixed_gv_escape,585,0.82,0.980345,0.949157,0.995796,0.962758,0.55,2,0.926119
fixed_gv_escape,586,0.82,0.972989,0.954142,1.0,0.966827,0.55,2,0.926068
fixed_gv_escape,587,0.82,0.979617,0.957623,1.0,0.969493,0.55,2,0.929004
fixed_gv_escape,588,0.82,0.990819,0.965929,1.0,0.97383,0.55,2,0.93308
fixed_gv_escape,589,0.82,0.995654,0.960111,0.997839,0.967549,0.55,2,0.931263
fixed_gv_escape,590,0.82,1.0,0.951465,1.0,0.961678,0.55,2,0.93063
fixed_gv_escape,591,0.82,1.0,0.948151,0.995375,0.958468,0.55,2,0.928491
fixed_gv_escape,592,0.82,1.0,0.948603,0.992977,0.958295,0.55,2,0.92794
fixed_gv_escape,593,0.82,0.997114,0.946839,1.0,0.95818,0.55,2,0.928446
fixed_gv_escape,594,0.82,1.0,0.943016,1.0,0.955324,0.55,2,0.928138
fixed_gv_escape,595,0.82,1.0,0.948169,1.0,0.959741,0.55,2,0.929978
fixed_gv_escape,596,0.82,1.0,0.957021,1.0,0.968405,0.55,2,0.933965
fixed_gv_escape,597,0.82,1.0,0.959854,1.0,0.968917,0.55,2,0.933651
fixed_gv_escape,598,0.82,1.0,0.958594,1.0,0.968144,0.55,2,0.93339
fixed_gv_escape,599,0.82,1.0,0.960872,0.991797,0.970405,0.55,2,0.933925
fixed_gv_escape,600,0.82,1.0,0.960022,0.989119,0.969208,0.55,2,0.93315
fixed_gv_escape,601,0.82,1.0,0.960608,0.993169,0.970499,0.55,2,0.93414
fixed_gv_escape,602,0.82,1.0,0.959174,0.994893,0.969797,0.55,2,0.934108
fixed_gv_escape,603,0.82,0.998327,0.964693,0.989612,0.972403,0.55,2,0.933582
fixed_gv_escape,604,0.82,0.99303,0.971874,0.984118,0.975885,0.55,2,0.932331
fixed_gv_escape,605,0.82,0.991746,0.971612,0.978535,0.973567,0.55,2,0.931268
fixed_gv_escape,606,0.82,1.0,0.975711,0.979637,0.976641,0.55,2,0.934515
fixed_gv_escape,607,0.82,1.0,0.981048,0.976105,0.977489,0.55,2,0.93499
fixed_gv_escape,608,0.82,0.994254,0.982698,0.974348,0.9771,0.55,2,0.932648
fixed_gv_escape,609,0.82,0.985024,0.981002,0.974627,0.976693,0.55,2,0.929169
fixed_gv_escape,610,0.82,0.989299,0.985492,0.975016,0.978262,0.55,2,0.931904
fixed_gv_escape,611,0.82,0.986282,0.986623,0.968209,0.973929,0.55,2,0.929949
fixed_gv_escape,612,0.82,0.996908,0.985004,0.975563,0.978284,0.55,2,0.9337
fixed_gv_escape,613,0.82,1.0,0.992489,0.986316,0.985965,0.55,2,0.938854
fixed_gv_escape,614,0.82,1.0,0.999313,0.981084,0.983758,0.55,2,0.939229
fixed_gv_escape,615,0.82,0.994307,1.0,0.973792,0.979633,0.55,2,0.936298
fixed_gv_escape,616,0.82,0.993577,0.994186,0.971754,0.97653,0.55,2,0.933642
fixed_gv_escape,617,0.82,0.997673,0.992529,0.98267,0.982139,0.55,2,0.93666
fixed_gv_escape,618,0.82,0.992624,0.993196,0.990303,0.989974,0.55,2,0.938559
fixed_gv_escape,619,0.82,1.0,0.995933,0.987362,0.989418,0.55,2,0.941001
fixed_gv_escape,620,0.82,1.0,0.999456,0.991784,0.987504,0.55,2,0.941172
fixed_gv_escape,621,0.82,0.995146,0.995934,1.0,0.98798,0.55,2,0.940587
fixed_gv_escape,622,0.82,1.0,0.990373,0.997315,0.990934,0.55,2,0.941773
fixed_gv_escape,623,0.82,0.990787,0.993933,0.995019,0.994152,0.55,2,0.94073
fixed_gv_escape,624,0.82,1.0,1.0,0.990067,0.992666,0.55,2,0.943193
fixed_gv_escape,625,0.82,0.996421,1.0,0.989024,0.991635,0.55,2,0.941707
fixed_gv_escape,626,0.82,1.0,1.0,0.985769,0.988518,0.55,2,0.941359
fixed_gv_escape,627,0.82,1.0,0.997367,0.988151,0.984914,0.55,2,0.939596
fixed_gv_escape,628,0.82,1.0,0.993065,0.986836,0.981459,0.55,2,0.937616
fixed_gv_escape,629,0.82,1.0,0.994339,0.984342,0.980917,0.55,2,0.937398
fixed_gv_escape,630,0.82,1.0,0.988892,0.98316,0.97042,0.55,2,0.933178
fixed_gv_escape,631,0.82,1.0,0.994216,0.991593,0.979292,0.55,2,0.937849
fixed_gv_escape,632,0.82,0.999657,0.988171,0.998732,0.979513,0.55,2,0.938119
fixed_gv_escape,633,0.82,1.0,1.0,0.997831,0.988156,0.55,2,0.942272
fixed_gv_escape,634,0.82,0.995096,0.99709,0.991699,0.981737,0.55,2,0.937675
fixed_gv_escape,635,0.82,0.996803,0.997494,0.995293,0.974997,0.55,2,0.936811
fixed_gv_escape,636,0.82,0.997291,1.0,0.999162,0.982568,0.55,2,0.940113
fixed_gv_escape,637,0.82,0.983582,1.0,1.0,0.978756,0.55,2,0.935312
fixed_gv_escape,638,0.82,0.983973,0.991943,1.0,0.975515,0.55,2,0.933286
fixed_gv_escape,639,0.82,0.983553,0.999604,0.999755,0.977936,0.55,2,0.934969
fixed_gv_escape,640,0.82,0.990536,1.0,1.0,0.98167,0.55,2,0.938095
fixed_gv_escape,641,0.82,0.982774,0.994743,0.99877,0.9781,0.55,2,0.933897
fixed_gv_escape,642,0.82,0.971076,0.986826,0.997269,0.976482,0.55,2,0.92879
fixed_gv_escape,643,0.82,0.974988,0.984629,1.0,0.975729,0.55,2,0.92988
fixed_gv_escape,644,0.82,0.979893,0.97669,0.999456,0.968539,0.55,2,0.92808
fixed_gv_escape,645,0.82,0.977212,0.9797,0.991419,0.970517,0.55,2,0.926802
fixed_gv_escape,646,0.82,0.987753,0.97574,0.991789,0.970477,0.55,2,0.929361
fixed_gv_escape,647,0.82,0.979183,0.97102,1.0,0.96756,0.55,2,0.927161
fixed_gv_escape,648,0.82,0.977802,0.9553,1.0,0.96116,0.55,2,0.92388
fixed_gv_escape,649,0.82,0.977316,0.962218,0.989499,0.962792,0.55,2,0.922442
fixed_gv_escape,650,0.82,0.974578,0.961619,0.98224,0.963784,0.55,2,0.920658
fixed_gv_escape,651,0.82,0.982251,0.964003,0.984027,0.961214,0.55,2,0.922324
fixed_gv_escape,652,0.82,0.982884,0.964113,0.990808,0.959144,0.55,2,0.92312
fixed_gv_escape,653,0.82,0.99772,0.969735,0.985208,0.95371,0.55,2,0.925208
fixed_gv_escape,654,0.82,1.0,0.966196,0.992705,0.950268,0.55,2,0.925725
fixed_gv_escape,655,0.82,1.0,0.960555,0.992273,0.953318,0.55,2,0.925995
fixed_gv_escape,656,0.82,1.0,0.968572,0.992557,0.948225,0.55,2,0.925378
fixed_gv_escape,657,0.82,1.0,0.960238,0.990826,0.94794,0.55,2,0.924004
fixed_gv_escape,658,0.82,0.99868,0.957602,0.990794,0.949264,0.55,2,0.923779
fixed_gv_escape,659,0.82,1.0,0.954113,0.991798,0.950092,0.55,2,0.924321
fixed_gv_escape,660,0.82,1.0,0.95642,0.996784,0.952472,0.55,2,0.926243
fixed_gv_escape,661,0.82,0.998221,0.953978,1.0,0.95376,0.55,2,0.926669
fixed_gv_escape,662,0.82,1.0,0.941152,0.996556,0.949102,0.55,2,0.924526
fixed_gv_escape,663,0.82,1.0,0.924867,0.994309,0.939052,0.55,2,0.920355
fixed_gv_escape,664,0.82,1.0,0.925919,0.99349,0.937659,0.55,2,0.919388
fixed_gv_escape,665,0.82,0.993187,0.917114,0.98718,0.93402,0.55,2,0.915551
fixed_gv_escape,666,0.82,0.998226,0.916586,0.976831,0.933647,0.55,2,0.915738
fixed_gv_escape,667,0.82,0.997068,0.918827,0.978928,0.934993,0.55,2,0.915914
fixed_gv_escape,668,0.82,0.993939,0.916835,0.974938,0.933884,0.55,2,0.914621
fixed_gv_escape,669,0.82,0.999627,0.920346,0.981473,0.937386,0.55,2,0.918416
fixed_gv_escape,670,0.82,1.0,0.925406,0.973026,0.937532,0.55,2,0.916099
fixed_gv_escape,671,0.82,1.0,0.930556,0.970707,0.942412,0.55,2,0.918394
fixed_gv_escape,672,0.82,1.0,0.936263,0.981922,0.947822,0.55,2,0.921951
fixed_gv_escape,673,0.82,0.991295,0.94754,0.985007,0.956845,0.55,2,0.923602
fixed_gv_escape,674,0.82,0.997175,0.941342,0.984293,0.951263,0.55,2,0.922714
fixed_gv_escape,675,0.82,0.997234,0.939626,0.976417,0.950719,0.55,2,0.922186
fixed_gv_escape,676,0.82,0.998711,0.946032,0.97997,0.956182,0.55,2,0.925308
fixed_gv_escape,677,0.82,1.0,0.951715,0.985106,0.961295,0.55,2,0.928401
fixed_gv_escape,678,0.82,1.0,0.950335,0.987912,0.9611,0.55,2,0.928981
fixed_gv_escape,679,0.82,0.996817,0.949742,0.985331,0.959071,0.55,2,0.926263
fixed_gv_escape,680,0.82,1.0,0.958885,0.98911,0.960864,0.55,2,0.927893
fixed_gv_escape,681,0.82,0.998815,0.96287,0.98936,0.963117,0.55,2,0.92858
fixed_gv_escape,682,0.82,1.0,0.97208,0.98957,0.971975,0.55,2,0.932577
fixed_gv_escape,683,0.82,1.0,0.96222,0.996591,0.964975,0.55,2,0.930993
fixed_gv_escape,684,0.82,0.9955,0.956274,1.0,0.959114,0.55,2,0.927989
fixed_gv_escape,685,0.82,0.999727,0.9551,0.999731,0.955269,0.55,2,0.927637
fixed_gv_escape,686,0.82,0.994345,0.95411,1.0,0.956006,0.55,2,0.926419
fixed_gv_escape,687,0.82,1.0,0.955481,0.996747,0.959441,0.55,2,0.928751
fixed_gv_escape,688,0.82,0.993955,0.967939,0.996743,0.966936,0.55,2,0.930257
fixed_gv_escape,689,0.82,1.0,0.965777,0.987574,0.96465,0.55,2,0.929262
fixed_gv_escape,690,0.82,1.0,0.965301,0.996196,0.966668,0.55,2,0.931635
fixed_gv_escape,691,0.82,1.0,0.968346,0.991322,0.969093,0.55,2,0.931706
fixed_gv_escape,692,0.82,0.989784,0.968185,0.989771,0.971861,0.55,2,0.929712
fixed_gv_escape,693,0.82,0.990012,0.966274,0.995846,0.970688,0.55,2,0.93043
fixed_gv_escape,694,0.82,0.99859,0.964851,0.997412,0.969191,0.55,2,0.932498
fixed_gv_escape,695,0.82,0.991212,0.960992,1.0,0.969158,0.55,2,0.931163
fixed_gv_escape,696,0.82,1.0,0.961352,0.988697,0.963411,0.55,2,0.928854
fixed_gv_escape,697,0.82,1.0,0.962147,0.992844,0.962613,0.55,2,0.929368
fixed_gv_escape,698,0.82,0.999975,0.963515,0.994449,0.961383,0.55,2,0.929305
fixed_gv_escape,699,0.82,0.998284,0.95942,0.991366,0.962782,0.55,2,0.928619
fixed_gv_escape,700,0.82,0.996008,0.966227,1.0,0.967491,0.55,2,0.931587
fixed_gv_escape,701,0.82,1.0,0.963633,1.0,0.962684,0.55,2,0.93084
fixed_gv_escape,702,0.82,0.99827,0.962336,0.995501,0.961877,0.55,2,0.929136
fixed_gv_escape,703,0.82,1.0,0.95231,0.991162,0.952546,0.55,2,0.924951
fixed_gv_escape,704,0.82,1.0,0.955318,0.98671,0.955835,0.55,2,0.925423
fixed_gv_escape,705,0.82,0.994174,0.961146,0.992028,0.962215,0.55,2,0.927396
fixed_gv_escape,706,0.82,1.0,0.959381,0.996194,0.96003,0.55,2,0.928953
fixed_gv_escape,707,0.82,0.983911,0.958821,0.996858,0.959015,0.55,2,0.924181
fixed_gv_escape,708,0.82,0.977891,0.956707,0.991526,0.957,0.55,2,0.920643
fixed_gv_escape,709,0.82,0.992995,0.953836,0.987449,0.952753,0.55,2,0.922423
fixed_gv_escape,710,0.82,1.0,0.954622,0.979459,0.950019,0.55,2,0.921985
fixed_gv_escape,711,0.82,1.0,0.943623,0.978163,0.949034,0.55,2,0.921008
fixed_gv_escape,712,0.82,1.0,0.949253,0.97233,0.952618,0.55,2,0.921339
fixed_gv_escape,713,0.82,0.99566,0.944997,0.982223,0.947789,0.55,2,0.920005
fixed_gv_escape,714,0.82,0.995448,0.946538,0.986142,0.947515,0.55,2,0.920631
fixed_gv_escape,715,0.82,0.982357,0.950822,0.971757,0.950708,0.55,2,0.915542
fixed_gv_escape,716,0.82,0.990615,0.944547,0.965609,0.946108,0.55,2,0.914745
fixed_gv_escape,717,0.82,1.0,0.947372,0.954477,0.948743,0.55,2,0.916369
fixed_gv_escape,718,0.82,1.0,0.952145,0.957221,0.950513,0.55,2,0.917723
fixed_gv_escape,719,0.82,1.0,0.9479,0.955069,0.949774,0.55,2,0.917013
fixed_gv_escape,720,0.82,1.0,0.952829,0.947786,0.94945,0.55,2,0.916897
fixed_gv_escape,721,0.82,1.0,0.951039,0.947944,0.948588,0.55,2,0.917421
fixed_gv_escape,722,0.82,0.994409,0.967857,0.943076,0.949649,0.55,2,0.918217
fixed_gv_escape,723,0.82,0.99983,0.967709,0.943721,0.950036,0.55,2,0.919829
fixed_gv_escape,724,0.82,1.0,0.967383,0.949036,0.953641,0.55,2,0.921095
fixed_gv_escape,725,0.82,0.999636,0.959089,0.949642,0.952637,0.55,2,0.919329
fixed_gv_escape,726,0.82,0.993343,0.956886,0.945802,0.949413,0.55,2,0.917268
fixed_gv_escape,727,0.82,1.0,0.964035,0.946595,0.951636,0.55,2,0.919938
fixed_gv_escape,728,0.82,1.0,0.957579,0.950592,0.952877,0.55,2,0.919855
fixed_gv_escape,729,0.82,1.0,0.953284,0.94626,0.948261,0.55,2,0.918385
fixed_gv_escape,730,0.82,0.981279,0.958615,0.941698,0.947288,0.55,2,0.913603
fixed_gv_escape,731,0.82,0.984693,0.965864,0.944416,0.951504,0.55,2,0.918091
fixed_gv_escape,732,0.82,0.987907,0.970955,0.944986,0.95356,0.55,2,0.921137
fixed_gv_escape,733,0.82,1.0,0.984582,0.948373,0.95974,0.55,2,0.928749
fixed_gv_escape,734,0.82,0.993782,0.977185,0.957501,0.963999,0.55,2,0.928039
fixed_gv_escape,735,0.82,0.997151,0.963572,0.957667,0.958677,0.55,2,0.925385
fixed_gv_escape,736,0.82,1.0,0.968154,0.961344,0.963326,0.55,2,0.92717
fixed_gv_escape,737,0.82,1.0,0.976606,0.975243,0.975426,0.55,2,0.93148
fixed_gv_escape,738,0.82,0.997342,0.978361,0.976086,0.975424,0.55,2,0.931125
fixed_gv_escape,739,0.82,0.991811,0.972781,0.970678,0.971351,0.55,2,0.926941
fixed_gv_escape,740,0.82,0.994702,0.972627,0.966862,0.968756,0.55,2,0.927451
fixed_gv_escape,741,0.82,1.0,0.972299,0.967737,0.969244,0.55,2,0.928761
fixed_gv_escape,742,0.82,1.0,0.970685,0.971841,0.971067,0.55,2,0.928928
fixed_gv_escape,743,0.82,0.998641,0.976698,0.973074,0.974232,0.55,2,0.931427
fixed_gv_escape,744,0.82,0.990111,0.973718,0.965596,0.96803,0.55,2,0.92548
fixed_gv_escape,745,0.82,0.993358,0.971649,0.964334,0.966461,0.55,2,0.925263
fixed_gv_escape,746,0.82,0.990754,0.96459,0.970209,0.966331,0.55,2,0.924252
fixed_gv_escape,747,0.82,0.989824,0.970756,0.977619,0.96973,0.55,2,0.926572
fixed_gv_escape,748,0.82,0.999035,0.975106,0.969845,0.965742,0.55,2,0.927357
fixed_gv_escape,749,0.82,1.0,0.974302,0.969801,0.959386,0.55,2,0.925628
fixed_gv_escape,750,0.82,0.999456,0.97106,0.971438,0.962851,0.55,2,0.92619
fixed_gv_escape,751,0.82,1.0,0.978643,0.967338,0.956205,0.55,2,0.925115
fixed_gv_escape,752,0.82,0.990498,0.979389,0.963661,0.948135,0.55,2,0.919733
fixed_gv_escape,753,0.82,0.989478,0.970198,0.97017,0.947037,0.55,2,0.918528
fixed_gv_escape,754,0.82,0.986891,0.967871,0.973157,0.950917,0.55,2,0.919044
fixed_gv_escape,755,0.82,0.989453,0.972032,0.978458,0.954304,0.55,2,0.922224
fixed_gv_escape,756,0.82,0.98117,0.976489,0.979374,0.954626,0.55,2,0.920811
fixed_gv_escape,757,0.82,0.973028,0.987077,0.979876,0.958577,0.55,2,0.921431
fixed_gv_escape,758,0.82,0.962971,0.986637,0.982504,0.963065,0.55,2,0.920223
fixed_gv_escape,759,0.82,0.948711,0.977799,0.995355,0.95883,0.55,2,0.915824
fixed_gv_escape,760,0.82,0.944518,0.977388,0.99925,0.956483,0.55,2,0.914591
fixed_gv_escape,761,0.82,0.948404,0.98085,0.997667,0.961296,0.55,2,0.917268
fixed_gv_escape,762,0.82,0.950634,0.991818,0.994069,0.967733,0.55,2,0.920719
fixed_gv_escape,763,0.82,0.945365,0.993353,0.994296,0.965244,0.55,2,0.918804
fixed_gv_escape,764,0.82,0.949815,0.993122,0.99406,0.965807,0.55,2,0.920138
fixed_gv_escape,765,0.82,0.954214,0.98947,1.0,0.960701,0.55,2,0.92032
fixed_gv_escape,766,0.82,0.953448,1.0,0.992079,0.964195,0.55,2,0.921494
fixed_gv_escape,767,0.82,0.959397,1.0,0.999618,0.964571,0.55,2,0.924414
fixed_gv_escape,768,0.82,0.947764,1.0,0.994866,0.964108,0.55,2,0.920293
fixed_gv_escape,769,0.82,0.954283,0.989821,0.995914,0.958581,0.55,2,0.919109
fixed_gv_escape,770,0.82,0.966801,0.993662,1.0,0.967609,0.55,2,0.926449
fixed_gv_escape,771,0.82,0.982073,0.985064,1.0,0.964549,0.55,2,0.928616
fixed_gv_escape,772,0.82,0.990268,0.991194,1.0,0.967879,0.55,2,0.932735
fixed_gv_escape,773,0.82,0.997763,0.993287,1.0,0.970111,0.55,2,0.935783
fixed_gv_escape,774,0.82,0.988026,0.992706,0.991697,0.97112,0.55,2,0.931925
fixed_gv_escape,775,0.82,0.987513,0.993695,0.996492,0.9638,0.55,2,0.930592
fixed_gv_escape,776,0.82,0.993709,0.976507,0.990739,0.965282,0.55,2,0.929347
fixed_gv_escape,777,0.82,0.999984,0.982524,0.992315,0.970212,0.55,2,0.933611
fixed_gv_escape,778,0.82,1.0,0.979268,1.0,0.975544,0.55,2,0.93628
fixed_gv_escape,779,0.82,1.0,0.974184,1.0,0.975017,0.55,2,0.935787
fixed_gv_escape,780,0.82,0.998211,0.977533,0.993488,0.979271,0.55,2,0.935763
fixed_gv_escape,781,0.82,1.0,0.982476,0.985397,0.983185,0.55,2,0.936372
fixed_gv_escape,782,0.82,0.996331,0.982661,0.994328,0.984734,0.55,2,0.937672
fixed_gv_escape,783,0.82,0.993748,0.977256,1.0,0.978434,0.55,2,0.935421
fixed_gv_escape,784,0.82,0.996503,0.984172,1.0,0.983963,0.55,2,0.938495
fixed_gv_escape,785,0.82,1.0,1.0,1.0,0.990244,0.55,2,0.943203
fixed_gv_escape,786,0.82,0.99818,0.998718,0.996792,0.989798,0.55,2,0.94187
fixed_gv_escape,787,0.82,1.0,0.997804,0.989642,0.991424,0.55,2,0.942135
fixed_gv_escape,788,0.82,0.989468,1.0,0.996115,0.985504,0.55,2,0.938307
fixed_gv_escape,789,0.82,0.991864,1.0,0.99314,0.981713,0.55,2,0.93746
fixed_gv_escape,790,0.82,0.991398,1.0,0.986682,0.974819,0.55,2,0.934453
fixed_gv_escape,791,0.82,0.996698,1.0,0.983897,0.971364,0.55,2,0.934563
fixed_gv_escape,792,0.82,0.987794,1.0,0.992316,0.978011,0.55,2,0.935131
fixed_gv_escape,793,0.82,0.984542,0.99874,0.984782,0.972537,0.55,2,0.931394
fixed_gv_escape,794,0.82,0.993017,0.992481,0.989308,0.97599,0.55,2,0.93432
fixed_gv_escape,795,0.82,1.0,0.999064,0.992499,0.981994,0.55,2,0.939571
fixed_gv_escape,796,0.82,1.0,0.998859,0.991268,0.984,0.55,2,0.939957
fixed_gv_escape,797,0.82,1.0,0.997833,0.987122,0.98682,0.55,2,0.940227
fixed_gv_escape,798,0.82,0.995131,0.996737,0.977059,0.980735,0.55,2,0.936196
fixed_gv_escape,799,0.82,0.993815,1.0,0.970829,0.977709,0.55,2,0.935482
fixed_gv_escape,800,0.82,1.0,0.999811,0.964923,0.971485,0.55,2,0.934416
fixed_gv_escape,801,0.82,0.997784,0.995499,0.964045,0.970723,0.55,2,0.932752
fixed_gv_escape,802,0.82,0.991162,0.991544,0.964195,0.970463,0.55,2,0.930097
fixed_gv_escape,803,0.82,0.9963,0.982123,0.967807,0.972345,0.55,2,0.931168
fixed_gv_escape,804,0.82,0.989872,0.993222,0.962379,0.970861,0.55,2,0.930732
fixed_gv_escape,805,0.82,0.997959,1.0,0.966908,0.974026,0.55,2,0.935038
fixed_gv_escape,806,0.82,0.99619,1.0,0.960168,0.967724,0.55,2,0.93187
fixed_gv_escape,807,0.82,1.0,0.989786,0.964379,0.969113,0.55,2,0.931495
fixed_gv_escape,808,0.82,1.0,0.983359,0.965931,0.968563,0.55,2,0.92997
fixed_gv_escape,809,0.82,1.0,0.982961,0.970531,0.968867,0.55,2,0.930136
fixed_gv_escape,810,0.82,1.0,0.976888,0.964839,0.967841,0.55,2,0.928613
fixed_gv_escape,811,0.82,0.993249,0.973885,0.960499,0.964921,0.55,2,0.926424
fixed_gv_escape,812,0.82,0.993163,0.978146,0.953579,0.960969,0.55,2,0.925014
fixed_gv_escape,813,0.82,1.0,0.978235,0.956496,0.963161,0.55,2,0.927853
fixed_gv_escape,814,0.82,1.0,0.976347,0.959228,0.964796,0.55,2,0.928558
fixed_gv_escape,815,0.82,0.993851,0.971082,0.962877,0.965115,0.55,2,0.927693
fixed_gv_escape,816,0.82,0.993838,0.973319,0.9572,0.962367,0.55,2,0.927252
fixed_gv_escape,817,0.82,0.991762,0.97314,0.955356,0.961117,0.55,2,0.926157
fixed_gv_escape,818,0.82,0.996285,0.97741,0.952286,0.960585,0.55,2,0.927575
fixed_gv_escape,819,0.82,0.987133,0.979622,0.953481,0.962088,0.55,2,0.925806
fixed_gv_escape,820,0.82,0.992486,0.988273,0.947837,0.960221,0.55,2,0.927376
fixed_gv_escape,821,0.82,0.999613,0.991391,0.965965,0.973937,0.55,2,0.935088
fixed_gv_escape,822,0.82,1.0,0.985699,0.965127,0.971872,0.55,2,0.933773
fixed_gv_escape,823,0.82,1.0,0.984853,0.963959,0.970799,0.55,2,0.933153
fixed_gv_escape,824,0.82,1.0,0.979282,0.969643,0.972737,0.55,2,0.932941
fixed_gv_escape,825,0.82,1.0,0.989315,0.968069,0.974715,0.55,2,0.934848
fixed_gv_escape,826,0.82,0.996288,0.989207,0.967453,0.974019,0.55,2,0.933239
fixed_gv_escape,827,0.82,1.0,0.985948,0.971854,0.976467,0.55,2,0.935028
fixed_gv_escape,828,0.82,1.0,0.9779,0.976489,0.976361,0.55,2,0.934053
fixed_gv_escape,829,0.82,0.992926,0.979315,0.982775,0.980438,0.55,2,0.933395
fixed_gv_escape,830,0.82,0.999843,0.98283,0.968701,0.973349,0.55,2,0.934033
fixed_gv_escape,831,0.82,1.0,0.982497,0.958533,0.966405,0.55,2,0.931354
fixed_gv_escape,832,0.82,1.0,0.981724,0.961238,0.967941,0.55,2,0.931328
fixed_gv_escape,833,0.82,0.993773,0.99576,0.97586,0.98191,0.55,2,0.936977
fixed_gv_escape,834,0.82,0.996377,1.0,0.976026,0.98081,0.55,2,0.937249
fixed_gv_escape,835,0.82,1.0,0.999812,0.969413,0.975323,0.55,2,0.935993
fixed_gv_escape,836,0.82,1.0,0.990198,0.972076,0.975583,0.55,2,0.934212
fixed_gv_escape,837,0.82,1.0,0.988497,0.977966,0.976148,0.55,2,0.934185
fixed_gv_escape,838,0.82,0.984179,0.975745,0.989433,0.979509,0.55,2,0.931517
fixed_gv_escape,839,0.82,0.980868,0.974702,0.995,0.978486,0.55,2,0.930952
predictive_gv,0,0.66,0.352538,0.996587,0.996843,0.996537,0.5,0,0.757112
predictive_gv,1,0.66,0.358792,0.993865,0.997706,0.995115,0.5,0,0.758358
predictive_gv,2,0.66,0.36879,0.983306,0.994957,0.987022,0.5,0,0.757791
predictive_gv,3,0.66,0.355751,0.983255,1.0,0.987067,0.5,0,0.754479
predictive_gv,4,0.66,0.361045,0.984889,1.0,0.988824,0.5,0,0.756807
predictive_gv,5,0.66,0.360804,0.980922,0.998646,0.984307,0.5,0,0.754412
predictive_gv,6,0.66,0.360357,0.977492,1.0,0.97968,0.5,0,0.752568
predictive_gv,7,0.66,0.359171,0.985156,0.997644,0.986285,0.5,0,0.754497
predictive_gv,8,0.66,0.367762,0.986283,0.987737,0.986531,0.5,0,0.75612
predictive_gv,9,0.66,0.376718,0.990857,0.983484,0.985411,0.5,0,0.75791
predictive_gv,10,0.66,0.376932,0.996763,0.982935,0.986762,0.5,0,0.759871
predictive_gv,11,0.66,0.381876,0.994621,0.984867,0.988027,0.5,0,0.761796
predictive_gv,12,0.66,0.388765,0.995069,0.986091,0.988999,0.5,0,0.764143
predictive_gv,13,0.66,0.392041,0.996511,0.982318,0.986581,0.5,0,0.764226
predictive_gv,14,0.66,0.401485,1.0,0.97622,0.982881,0.5,0,0.766081
predictive_gv,15,0.66,0.396229,1.0,0.985748,0.989741,0.5,0,0.767148
predictive_gv,16,0.66,0.405009,1.0,0.990566,0.990801,0.5,0,0.769645
predictive_gv,17,0.66,0.416174,0.996943,0.984685,0.987857,0.5,0,0.771202
predictive_gv,18,0.66,0.421454,1.0,0.981769,0.98402,0.5,0,0.77146
predictive_gv,19,0.66,0.419827,1.0,0.974283,0.978685,0.5,0,0.768878
predictive_gv,20,0.66,0.427315,0.99527,0.968084,0.974382,0.5,0,0.768548
predictive_gv,21,0.66,0.433196,0.992346,0.970876,0.977452,0.5,0,0.771667
predictive_gv,22,0.66,0.422771,0.993806,0.984057,0.985951,0.5,0,0.771486
predictive_gv,23,0.66,0.4236,0.994577,0.985725,0.98846,0.5,0,0.773317
predictive_gv,24,0.66,0.436458,0.994042,0.984074,0.986716,0.5,0,0.775844
predictive_gv,25,0.66,0.441305,1.0,0.987325,0.990429,0.5,0,0.779825
predictive_gv,26,0.66,0.44199,1.0,0.999776,0.999839,0.5,0,0.783698
predictive_gv,27,0.66,0.444911,1.0,0.995262,0.992612,0.5,0,0.781793
predictive_gv,28,0.66,0.447949,0.998248,0.986595,0.988145,0.5,0,0.780238
predictive_gv,29,0.66,0.441207,0.996082,0.985091,0.985883,0.5,0,0.777007
predictive_gv,30,0.66,0.428623,0.984291,0.985581,0.984666,0.5,0,0.771418
predictive_gv,31,0.66,0.426952,0.979278,0.985991,0.981235,0.5,0,0.769434
predictive_gv,32,0.66,0.426998,0.979612,1.0,0.98149,0.5,0,0.77197
predictive_gv,33,0.66,0.434808,0.984642,1.0,0.985224,0.5,0,0.775703
predictive_gv,34,0.66,0.43284,0.987079,1.0,0.989696,0.5,0,0.777047
predictive_gv,35,0.66,0.442327,0.982271,0.998437,0.986997,0.5,0,0.778819
predictive_gv,36,0.66,0.4388,0.979928,1.0,0.985551,0.5,0,0.777517
predictive_gv,37,0.66,0.443095,0.982037,0.998167,0.986784,0.5,0,0.778917
predictive_gv,38,0.66,0.437455,0.980489,1.0,0.985841,0.5,0,0.777183
predictive_gv,39,0.66,0.448171,0.987724,0.997302,0.990689,0.5,0,0.781675
predictive_gv,40,0.66,0.443647,0.988856,0.997576,0.9906,0.5,0,0.779955
predictive_gv,41,0.66,0.437767,0.991937,0.985846,0.986647,0.5,0,0.775571
predictive_gv,42,0.66,0.443759,0.981375,0.986482,0.982899,0.5,0,0.776237
predictive_gv,43,0.66,0.431952,0.983752,0.980974,0.98176,0.5,0,0.771377
predictive_gv,44,0.66,0.444418,0.987862,0.977283,0.980763,0.5,0,0.775363
predictive_gv,45,0.66,0.441035,0.983301,0.978468,0.979905,0.5,0,0.773575
predictive_gv,46,0.66,0.442277,0.983961,0.982387,0.98247,0.5,0,0.775182
predictive_gv,47,0.66,0.448131,0.989423,0.979606,0.982811,0.5,0,0.777317
predictive_gv,48,0.66,0.441949,1.0,0.972213,0.978887,0.5,0,0.775456
predictive_gv,49,0.66,0.462092,0.99698,0.970084,0.976711,0.5,0,0.779665
predictive_gv,50,0.66,0.462105,0.996278,0.949851,0.962246,0.5,0,0.774237
predictive_gv,51,0.66,0.473053,1.0,0.950304,0.963846,0.5,0,0.778863
predictive_gv,52,0.66,0.481832,0.996565,0.944761,0.959249,0.5,0,0.77903
predictive_gv,53,0.66,0.48592,1.0,0.942009,0.958253,0.5,0,0.78061
predictive_gv,54,0.66,0.490363,1.0,0.947805,0.962425,0.5,0,0.783397
predictive_gv,55,0.66,0.500045,1.0,0.945946,0.959187,0.5,0,0.784064
predictive_gv,56,0.66,0.500036,0.999213,0.950986,0.962187,0.5,0,0.7849
predictive_gv,57,0.66,0.501875,1.0,0.95271,0.961558,0.5,0,0.784952
predictive_gv,58,0.66,0.505629,0.993223,0.944826,0.956824,0.5,0,0.783331
predictive_gv,59,0.66,0.505324,0.995199,0.947693,0.959855,0.5,0,0.784975
predictive_gv,60,0.66,0.487117,0.993907,0.952448,0.962732,0.5,0,0.780595
predictive_gv,61,0.66,0.495763,0.994585,0.962993,0.971653,0.5,0,0.78697
predictive_gv,62,0.66,0.496818,0.977653,0.9622,0.967175,0.5,0,0.782589
predictive_gv,63,0.66,0.500681,0.982532,0.971771,0.975111,0.5,0,0.787261
predictive_gv,64,0.66,0.505181,0.975221,0.969287,0.971216,0.5,0,0.786076
predictive_gv,65,0.66,0.500243,0.974214,0.969289,0.970883,0.5,0,0.78421
predictive_gv,66,0.66,0.508014,0.982026,0.96827,0.972722,0.5,0,0.788764
predictive_gv,67,0.66,0.499547,0.975309,0.969325,0.970793,0.5,0,0.786048
predictive_gv,68,0.66,0.498373,0.974791,0.973728,0.973186,0.5,0,0.786373
predictive_gv,69,0.66,0.49025,0.972154,0.98162,0.97524,0.5,0,0.785379
predictive_gv,70,0.66,0.502779,0.96952,0.990719,0.976286,0.5,0,0.790775
predictive_gv,71,0.66,0.493431,0.984217,0.993335,0.987159,0.5,0,0.792346
predictive_gv,72,0.66,0.501689,0.99258,0.989571,0.990456,0.5,0,0.796115
predictive_gv,73,0.66,0.50966,0.992676,0.991585,0.991734,0.5,0,0.798775
predictive_gv,74,0.66,0.505354,0.997649,1.0,0.996413,0.5,0,0.800143
predictive_gv,75,0.66,0.511451,0.997772,0.99084,0.988919,0.5,0,0.798403
predictive_gv,76,0.66,0.496979,1.0,0.993335,0.989966,0.5,0,0.79535
predictive_gv,77,0.66,0.485028,0.999986,1.0,0.988841,0.5,0,0.792607
predictive_gv,78,0.66,0.483829,1.0,1.0,0.9877,0.5,0,0.791946
predictive_gv,79,0.66,0.497814,1.0,1.0,0.985128,0.5,0,0.795124
predictive_gv,80,0.66,0.502643,1.0,1.0,0.983413,0.5,0,0.795985
predictive_gv,81,0.66,0.501742,1.0,0.998782,0.977294,0.5,0,0.793788
predictive_gv,82,0.66,0.490568,1.0,0.991911,0.977965,0.5,0,0.789838
predictive_gv,83,0.66,0.49269,1.0,0.993116,0.967287,0.5,0,0.787524
predictive_gv,84,0.66,0.498731,1.0,1.0,0.963527,0.5,0,0.789188
predictive_gv,85,0.66,0.488842,1.0,1.0,0.96619,0.5,0,0.787183
predictive_gv,86,0.66,0.502527,1.0,1.0,0.969228,0.5,0,0.791885
predictive_gv,87,0.66,0.511304,1.0,0.998856,0.968515,0.5,0,0.79396
predictive_gv,88,0.66,0.527257,0.995504,0.997312,0.970163,0.5,0,0.797955
predictive_gv,89,0.66,0.525718,1.0,0.999929,0.974375,0.5,0,0.799844
predictive_gv,90,0.66,0.524766,0.999469,0.992411,0.973083,0.5,0,0.797984
predictive_gv,91,0.66,0.533389,1.0,0.990988,0.973176,0.5,0,0.80031
predictive_gv,92,0.66,0.526942,1.0,0.995469,0.967209,0.5,0,0.797445
predictive_gv,93,0.66,0.51619,0.999294,0.988631,0.972852,0.5,0,0.794952
predictive_gv,94,0.66,0.505628,1.0,0.986507,0.966783,0.5,0,0.790059
predictive_gv,95,0.66,0.492336,0.993783,0.983481,0.97004,0.5,0,0.785802
predictive_gv,96,0.66,0.503799,0.993059,0.969438,0.966931,0.5,0,0.7864
predictive_gv,97,0.66,0.516309,0.996055,0.963263,0.962423,0.5,0,0.788536
predictive_gv,98,0.66,0.507615,0.989292,0.970076,0.96533,0.5,0,0.786281
predictive_gv,99,0.66,0.522479,0.992396,0.968728,0.961133,0.5,0,0.789568
predictive_gv,100,0.66,0.524923,1.0,0.975074,0.962253,0.5,0,0.792683
predictive_gv,101,0.66,0.539134,1.0,0.964598,0.960595,0.5,0,0.795139
predictive_gv,102,0.66,0.533507,1.0,0.957616,0.956148,0.5,0,0.791586
predictive_gv,103,0.66,0.532149,0.999571,0.952857,0.958264,0.5,0,0.791813
predictive_gv,104,0.66,0.549145,0.998624,0.95105,0.960885,0.5,0,0.797771
predictive_gv,105,0.66,0.550359,1.0,0.945165,0.958027,0.5,0,0.797539
predictive_gv,106,0.66,0.563154,1.0,0.954692,0.964694,0.5,0,0.803609
predictive_gv,107,0.66,0.582674,0.99084,0.94756,0.959536,0.5,0,0.805983
predictive_gv,108,0.66,0.58683,0.997124,0.937238,0.952352,0.5,0,0.805236
predictive_gv,109,0.66,0.595713,0.987931,0.931548,0.947701,0.5,0,0.804905
predictive_gv,110,0.66,0.597081,0.991733,0.936931,0.951975,0.5,0,0.807335
predictive_gv,111,0.66,0.604241,0.995672,0.944281,0.958095,0.5,0,0.81237
predictive_gv,112,0.66,0.612403,0.9958,0.94314,0.957036,0.5,0,0.814164
predictive_gv,113,0.66,0.622154,0.987423,0.93897,0.95271,0.5,0,0.813917
predictive_gv,114,0.66,0.633228,0.977974,0.949001,0.958478,0.5,0,0.818829
predictive_gv,115,0.66,0.615697,0.978235,0.957342,0.964244,0.5,0,0.816508
predictive_gv,116,0.66,0.632352,0.965553,0.956477,0.95875,0.5,0,0.817774
predictive_gv,117,0.66,0.645379,0.972363,0.949745,0.957185,0.5,0,0.821548
predictive_gv,118,0.66,0.634649,0.960832,0.957556,0.957041,0.5,0,0.817727
predictive_gv,119,0.66,0.635624,0.96425,0.958396,0.959642,0.5,0,0.817965
predictive_gv,120,0.66,0.646297,0.963364,0.957936,0.95884,0.5,0,0.820913
predictive_gv,121,0.66,0.651519,0.956533,0.958838,0.956185,0.5,0,0.820178
predictive_gv,122,0.66,0.667325,0.958258,0.961379,0.958976,0.5,0,0.824313
predictive_gv,123,0.66,0.673654,0.960738,0.949671,0.953288,0.5,0,0.82399
predictive_gv,124,0.66,0.686564,0.958043,0.937804,0.944404,0.5,0,0.823291
predictive_gv,125,0.66,0.695098,0.943064,0.937073,0.937809,0.5,0,0.8232
predictive_gv,126,0.66,0.704909,0.935007,0.929443,0.929107,0.5,0,0.823189
predictive_gv,127,0.66,0.708375,0.930345,0.932271,0.928557,0.5,0,0.822978
predictive_gv,128,0.66,0.732837,0.935443,0.930594,0.931053,0.5,0,0.828984
predictive_gv,129,0.66,0.747916,0.931301,0.930556,0.928684,0.5,0,0.832762
predictive_gv,130,0.66,0.74896,0.931037,0.933173,0.930063,0.5,0,0.833293
predictive_gv,131,0.66,0.754895,0.934321,0.948067,0.938648,0.5,0,0.839686
predictive_gv,132,0.66,0.748964,0.939541,0.945365,0.940477,0.5,0,0.839082
predictive_gv,133,0.66,0.752003,0.95589,0.955654,0.954231,0.5,0,0.847313
predictive_gv,134,0.66,0.76875,0.948657,0.965273,0.954139,0.5,0,0.851765
predictive_gv,135,0.66,0.775881,0.957674,0.959445,0.957562,0.5,0,0.854455
predictive_gv,136,0.66,0.77703,0.964131,0.981338,0.968761,0.5,0,0.861614
predictive_gv,137,0.66,0.769298,0.96331,0.976285,0.967515,0.5,0,0.858653
predictive_gv,138,0.66,0.768233,0.976375,0.972619,0.973803,0.5,0,0.860778
predictive_gv,139,0.66,0.778009,0.984785,0.976053,0.978898,0.5,0,0.867078
predictive_gv,140,0.66,0.787994,0.990693,0.985884,0.98224,0.5,0,0.871944
predictive_gv,141,0.66,0.797219,0.975078,0.989281,0.978757,0.5,0,0.872747
predictive_gv,142,0.66,0.796418,0.969418,0.986489,0.973948,0.5,0,0.870117
predictive_gv,143,0.66,0.793156,0.968755,0.985216,0.97415,0.5,0,0.870286
predictive_gv,144,0.66,0.79855,0.966278,0.982144,0.971179,0.5,0,0.869227
predictive_gv,145,0.66,0.791534,0.968442,0.989164,0.970914,0.5,0,0.867648
predictive_gv,146,0.66,0.783238,0.967851,0.99596,0.969484,0.5,0,0.866039
predictive_gv,147,0.66,0.79752,0.971611,0.991527,0.972708,0.5,0,0.870516
predictive_gv,148,0.66,0.803524,0.975597,0.98359,0.976236,0.5,0,0.872126
predictive_gv,149,0.66,0.810521,0.981354,0.986972,0.978225,0.5,0,0.875834
predictive_gv,150,0.66,0.806177,0.974018,0.968211,0.970084,0.5,0,0.868981
predictive_gv,151,0.66,0.811999,0.963009,0.965329,0.96325,0.5,0,0.867717
predictive_gv,152,0.66,0.817913,0.960832,0.966224,0.962203,0.5,0,0.869518
predictive_gv,153,0.66,0.821293,0.957182,0.96454,0.959087,0.5,0,0.869647
predictive_gv,154,0.66,0.822508,0.956216,0.965037,0.958935,0.5,0,0.869199
predictive_gv,155,0.66,0.829314,0.96338,0.955385,0.957621,0.5,0,0.870828
predictive_gv,156,0.66,0.836722,0.962033,0.95113,0.954409,0.5,0,0.871619
predictive_gv,157,0.66,0.840128,0.962148,0.946173,0.951259,0.5,0,0.871677
predictive_gv,158,0.66,0.844375,0.964006,0.957944,0.95941,0.5,0,0.875886
predictive_gv,159,0.66,0.841143,0.971794,0.966669,0.968149,0.5,0,0.878842
predictive_gv,160,0.66,0.847535,0.967419,0.965474,0.965042,0.5,0,0.880128
predictive_gv,161,0.66,0.841711,0.96761,0.967783,0.966529,0.5,0,0.878788
predictive_gv,162,0.66,0.84622,0.968259,0.975943,0.970744,0.5,0,0.881919
predictive_gv,163,0.66,0.835518,0.966537,0.982995,0.971972,0.5,0,0.881206
predictive_gv,164,0.66,0.831039,0.970996,0.979792,0.973769,0.5,0,0.880209
predictive_gv,165,0.66,0.829327,0.960117,0.972622,0.964045,0.5,0,0.875336
predictive_gv,166,0.66,0.829589,0.953021,0.983324,0.962836,0.5,0,0.876367
predictive_gv,167,0.66,0.823589,0.948151,0.98539,0.959551,0.5,0,0.873097
predictive_gv,168,0.66,0.840657,0.946984,0.984134,0.95796,0.5,0,0.876592
predictive_gv,169,0.66,0.817191,0.945998,0.984359,0.956852,0.5,0,0.869318
predictive_gv,170,0.66,0.829447,0.939226,0.997412,0.951469,0.5,0,0.872266
predictive_gv,171,0.66,0.833286,0.938119,0.995038,0.950727,0.5,0,0.872687
predictive_gv,172,0.66,0.828564,0.938664,0.99057,0.949199,0.5,0,0.869686
predictive_gv,173,0.66,0.822004,0.938075,0.993462,0.949332,0.5,0,0.868476
predictive_gv,174,0.66,0.806961,0.942842,0.993706,0.95418,0.5,0,0.866438
predictive_gv,175,0.66,0.808281,0.945678,0.98944,0.956844,0.5,0,0.867394
predictive_gv,176,0.66,0.817136,0.94725,0.98685,0.957558,0.5,0,0.869673
predictive_gv,177,0.66,0.830154,0.968313,0.994584,0.971823,0.5,0,0.879875
predictive_gv,178,0.66,0.838181,0.96376,0.98719,0.968788,0.5,0,0.879641
predictive_gv,179,0.66,0.827926,0.960576,0.991029,0.966953,0.5,0,0.876776
predictive_gv,180,0.66,0.819275,0.975931,0.982084,0.971101,0.5,0,0.874618
predictive_gv,181,0.66,0.81284,0.976457,0.982206,0.971135,0.5,0,0.872914
predictive_gv,182,0.66,0.818941,0.975294,0.989388,0.970557,0.5,0,0.875626
predictive_gv,183,0.66,0.808079,0.97504,0.982107,0.965756,0.5,0,0.8698
predictive_gv,184,0.66,0.796498,0.984299,0.983629,0.968358,0.5,0,0.868924
predictive_gv,185,0.66,0.805253,0.984777,0.980028,0.96946,0.5,0,0.871232
predictive_gv,186,0.66,0.79481,0.978535,0.982755,0.969766,0.5,0,0.867843
predictive_gv,187,0.66,0.79009,0.982659,0.982615,0.967197,0.5,0,0.866381
predictive_gv,188,0.66,0.792202,0.979431,0.983414,0.967063,0.5,0,0.866572
predictive_gv,189,0.66,0.791541,0.972249,0.984385,0.962721,0.5,0,0.864316
predictive_gv,190,0.66,0.792256,0.977527,0.985991,0.962935,0.5,0,0.865557
predictive_gv,191,0.66,0.799982,0.963855,0.991216,0.951968,0.5,0,0.8637
predictive_gv,192,0.66,0.798508,0.978014,1.0,0.960739,0.5,0,0.869181
predictive_gv,193,0.66,0.78625,0.979647,0.996705,0.958818,0.5,0,0.864812
predictive_gv,194,0.66,0.785121,0.985504,0.985193,0.960547,0.5,0,0.863932
predictive_gv,195,0.66,0.784484,0.987788,0.978955,0.961444,0.5,0,0.863454
predictive_gv,196,0.66,0.781839,0.98535,0.978691,0.958976,0.5,0,0.861554
predictive_gv,197,0.66,0.782254,0.982143,0.988901,0.962868,0.5,0,0.863885
predictive_gv,198,0.66,0.786061,0.976545,0.98663,0.96111,0.5,0,0.863265
predictive_gv,199,0.66,0.7918,0.97425,0.984919,0.959078,0.5,0,0.863672
predictive_gv,200,0.66,0.789139,0.962649,0.975794,0.959287,0.5,0,0.85995
predictive_gv,201,0.66,0.786324,0.971499,0.981006,0.96254,0.5,0,0.862106
predictive_gv,202,0.66,0.790411,0.977662,0.983988,0.96231,0.5,0,0.86454
predictive_gv,203,0.66,0.808901,0.979873,0.989708,0.966438,0.5,0,0.872197
predictive_gv,204,0.66,0.812411,0.985891,0.994344,0.970153,0.5,0,0.875884
predictive_gv,205,0.66,0.818135,0.985934,0.992673,0.982053,0.5,0,0.880691
predictive_gv,206,0.66,0.828443,0.981201,0.993691,0.984983,0.5,0,0.885185
predictive_gv,207,0.66,0.825292,0.981688,0.988806,0.983984,0.5,0,0.883849
predictive_gv,208,0.66,0.833165,0.974289,0.978318,0.975011,0.5,0,0.881592
predictive_gv,209,0.66,0.847951,0.965921,0.972775,0.967496,0.5,0,0.882491
predictive_gv,210,0.66,0.838444,0.979234,0.967623,0.971335,0.5,0,0.881617
predictive_gv,211,0.66,0.846766,0.982662,0.963682,0.969923,0.5,0,0.883456
predictive_gv,212,0.66,0.855398,0.976198,0.976935,0.975716,0.5,0,0.887255
predictive_gv,213,0.66,0.848758,0.969159,0.972415,0.969836,0.5,0,0.881939
predictive_gv,214,0.66,0.843566,0.974304,0.968586,0.970458,0.5,0,0.880203
predictive_gv,215,0.66,0.854149,0.976403,0.968977,0.97056,0.5,0,0.882663
predictive_gv,216,0.66,0.846562,0.984987,0.973138,0.970475,0.5,0,0.882301
predictive_gv,217,0.66,0.842599,0.980145,0.976746,0.971312,0.5,0,0.880978
predictive_gv,218,0.66,0.855242,0.988627,0.981506,0.971818,0.5,0,0.886776
predictive_gv,219,0.66,0.855091,0.998767,0.984514,0.97468,0.5,0,0.889757
predictive_gv,220,0.66,0.871654,0.990203,0.996032,0.976023,0.5,0,0.895067
predictive_gv,221,0.66,0.868276,0.980607,1.0,0.969726,0.5,0,0.89172
predictive_gv,222,0.66,0.87999,0.977186,0.998391,0.964125,0.5,0,0.892618
predictive_gv,223,0.66,0.903222,0.982572,0.996854,0.964141,0.5,0,0.899538
predictive_gv,224,0.66,0.906902,0.980607,1.0,0.960705,0.5,0,0.899851
predictive_gv,225,0.66,0.912504,0.974206,1.0,0.959643,0.5,0,0.900314
predictive_gv,226,0.66,0.91602,0.964907,1.0,0.955972,0.5,0,0.899185
predictive_gv,227,0.66,0.92723,0.959649,0.987876,0.952338,0.5,0,0.898395
predictive_gv,228,0.66,0.944476,0.960858,0.993858,0.95255,0.5,0,0.90453
predictive_gv,229,0.66,0.946855,0.96873,0.995921,0.952557,0.5,0,0.906415
predictive_gv,230,0.66,0.947153,0.966982,0.979073,0.955674,0.5,0,0.904191
predictive_gv,231,0.66,0.950592,0.965605,0.976281,0.954769,0.5,0,0.904217
predictive_gv,232,0.66,0.958345,0.965302,0.982721,0.955453,0.5,0,0.907709
predictive_gv,233,0.66,0.962572,0.958239,0.984662,0.947803,0.5,0,0.906129
predictive_gv,234,0.66,0.949063,0.958504,0.994803,0.948257,0.5,0,0.904405
predictive_gv,235,0.66,0.970521,0.962235,0.990375,0.948613,0.5,0,0.910091
predictive_gv,236,0.66,0.968098,0.960076,0.99659,0.952475,0.5,0,0.911564
predictive_gv,237,0.66,0.964193,0.95855,1.0,0.956281,0.5,0,0.912278
predictive_gv,238,0.66,0.963107,0.957361,1.0,0.954179,0.5,0,0.911174
predictive_gv,239,0.66,0.962427,0.942974,1.0,0.946295,0.5,0,0.907484
predictive_gv,240,0.66,0.965111,0.937242,0.998451,0.937816,0.5,0,0.904569
predictive_gv,241,0.66,0.972835,0.937735,1.0,0.932817,0.5,0,0.905292
predictive_gv,242,0.66,0.971671,0.945431,1.0,0.939945,0.5,0,0.907915
predictive_gv,243,0.66,0.971366,0.955161,0.993735,0.941958,0.5,0,0.908141
predictive_gv,244,0.66,0.961968,0.96001,0.99454,0.949181,0.5,0,0.908408
predictive_gv,245,0.66,0.965057,0.964325,0.990736,0.94934,0.5,0,0.909085
predictive_gv,246,0.66,0.967462,0.963005,0.990531,0.95606,0.5,0,0.911658
predictive_gv,247,0.66,0.966326,0.953926,0.990575,0.954435,0.5,0,0.910168
predictive_gv,248,0.66,0.969832,0.961112,0.99526,0.962123,0.5,0,0.915166
predictive_gv,249,0.66,0.985032,0.961319,0.987447,0.964715,0.5,0,0.918967
predictive_gv,250,0.66,1.0,0.970225,0.999515,0.971709,0.5,0,0.928326
predictive_gv,251,0.66,0.99156,0.973012,0.996215,0.974417,0.5,0,0.926437
predictive_gv,252,0.66,0.997974,0.973278,1.0,0.965821,0.5,0,0.926051
predictive_gv,253,0.66,1.0,0.98534,1.0,0.977742,0.5,0,0.931574
predictive_gv,254,0.66,1.0,0.988978,0.999981,0.976276,0.5,0,0.931585
predictive_gv,255,0.66,0.993743,0.992495,1.0,0.976292,0.5,0,0.930325
predictive_gv,256,0.66,0.991907,0.989332,1.0,0.979437,0.5,0,0.930298
predictive_gv,257,0.66,0.982523,0.981942,1.0,0.972014,0.5,0,0.924555
predictive_gv,258,0.66,0.998098,0.992226,1.0,0.978705,0.5,0,0.932205
predictive_gv,259,0.66,0.982063,0.989685,1.0,0.977247,0.5,0,0.926944
predictive_gv,260,0.66,0.984388,0.9908,0.998352,0.975881,0.5,0,0.927068
predictive_gv,261,0.66,0.989198,0.986443,1.0,0.97807,0.5,0,0.928777
predictive_gv,262,0.66,0.982806,0.976673,0.999975,0.981661,0.5,0,0.927841
predictive_gv,263,0.66,0.981011,0.979955,1.0,0.980977,0.5,0,0.926895
predictive_gv,264,0.66,0.982311,0.980042,1.0,0.983826,0.5,0,0.928501
predictive_gv,265,0.66,0.971295,0.982608,0.987738,0.984247,0.5,0,0.923537
predictive_gv,266,0.66,0.978568,0.98941,0.991846,0.990039,0.5,0,0.92943
predictive_gv,267,0.66,0.984393,0.987115,0.997844,0.990331,0.5,0,0.931718
predictive_gv,268,0.66,0.982787,0.995964,1.0,0.997005,0.5,0,0.934028
predictive_gv,269,0.66,0.987517,0.998227,0.998759,0.99615,0.5,0,0.934931
predictive_gv,270,0.66,0.976692,1.0,0.991387,0.992213,0.5,0,0.930281
predictive_gv,271,0.66,0.986047,0.989352,0.991107,0.989802,0.5,0,0.930997
predictive_gv,272,0.66,0.999439,0.984757,0.979093,0.98071,0.5,0,0.931021
predictive_gv,273,0.66,0.988011,0.984286,0.987135,0.985183,0.5,0,0.928811
predictive_gv,274,0.66,0.983948,0.985303,0.980225,0.981872,0.5,0,0.926274
predictive_gv,275,0.66,0.974672,1.0,0.977876,0.981926,0.5,0,0.925577
predictive_gv,276,0.66,0.991826,1.0,0.971366,0.977839,0.5,0,0.928909
predictive_gv,277,0.66,1.0,0.990189,0.967449,0.974052,0.5,0,0.928301
predictive_gv,278,0.66,1.0,0.999612,0.972814,0.979761,0.5,0,0.932142
predictive_gv,279,0.66,1.0,0.994806,0.984095,0.987537,0.5,0,0.934707
predictive_gv,280,0.66,1.0,0.976472,0.983426,0.97854,0.5,0,0.930207
predictive_gv,281,0.66,0.992882,0.975451,0.96873,0.970373,0.5,0,0.924404
predictive_gv,282,0.66,1.0,0.983321,0.966869,0.972305,0.5,0,0.927711
predictive_gv,283,0.66,1.0,0.976963,0.971647,0.973208,0.5,0,0.926353
predictive_gv,284,0.66,1.0,0.976421,0.974174,0.974633,0.5,0,0.926451
predictive_gv,285,0.66,1.0,0.978561,0.976171,0.976481,0.5,0,0.92819
predictive_gv,286,0.66,1.0,0.983652,0.965974,0.970754,0.5,0,0.925324
predictive_gv,287,0.66,1.0,0.987646,0.967166,0.97274,0.5,0,0.926981
predictive_gv,288,0.66,1.0,0.979989,0.970522,0.97223,0.5,0,0.924844
predictive_gv,289,0.66,0.990888,0.978318,0.97682,0.977145,0.5,0,0.923971
predictive_gv,290,0.66,0.981517,0.968832,0.978256,0.971814,0.5,0,0.919745
predictive_gv,291,0.66,0.988978,0.969743,0.9773,0.971647,0.5,0,0.921102
predictive_gv,292,0.66,0.981047,0.965625,0.978549,0.968823,0.5,0,0.918032
predictive_gv,293,0.66,0.972921,0.965957,0.970682,0.967515,0.5,0,0.914055
predictive_gv,294,0.66,0.98232,0.964331,0.970458,0.966264,0.5,0,0.91599
predictive_gv,295,0.66,0.979743,0.963163,0.971831,0.965982,0.5,0,0.915777
predictive_gv,296,0.66,0.980366,0.953999,0.975957,0.959761,0.5,0,0.913884
predictive_gv,297,0.66,0.993537,0.95432,0.970575,0.959278,0.5,0,0.916691
predictive_gv,298,0.66,0.993653,0.952375,0.974883,0.95906,0.5,0,0.917579
predictive_gv,299,0.66,0.98306,0.956613,0.97107,0.961326,0.5,0,0.915199
predictive_gv,300,0.66,0.970589,0.958467,0.975068,0.963852,0.5,0,0.913597
predictive_gv,301,0.66,0.957411,0.967437,0.97832,0.970397,0.5,0,0.912085
predictive_gv,302,0.66,0.961901,0.972542,0.976075,0.973632,0.5,0,0.914924
predictive_gv,303,0.66,0.956202,0.961021,0.971444,0.964237,0.5,0,0.910442
predictive_gv,304,0.66,0.960718,0.958418,0.971014,0.962337,0.5,0,0.9113
predictive_gv,305,0.66,0.958778,0.968337,0.965653,0.965641,0.5,0,0.91145
predictive_gv,306,0.66,0.963683,0.965584,0.967197,0.964826,0.5,0,0.912977
predictive_gv,307,0.66,0.965313,0.966421,0.977395,0.970007,0.5,0,0.915663
predictive_gv,308,0.66,0.969955,0.973936,0.980273,0.975931,0.5,0,0.919503
predictive_gv,309,0.66,0.972128,0.982155,0.97349,0.976353,0.5,0,0.920275
predictive_gv,310,0.66,0.969187,0.984205,0.976984,0.97935,0.5,0,0.921155
predictive_gv,311,0.66,0.958659,0.986277,0.974674,0.978496,0.5,0,0.918815
predictive_gv,312,0.66,0.977224,0.981069,0.978888,0.978878,0.5,0,0.92388
predictive_gv,313,0.66,0.977029,0.98934,0.979556,0.982786,0.5,0,0.925904
predictive_gv,314,0.66,0.984827,0.988113,0.982988,0.984524,0.5,0,0.928693
predictive_gv,315,0.66,0.987102,0.993207,0.982331,0.985052,0.5,0,0.929144
predictive_gv,316,0.66,0.98327,0.985476,0.976754,0.979635,0.5,0,0.925262
predictive_gv,317,0.66,0.968848,0.983631,0.984502,0.983694,0.5,0,0.922475
predictive_gv,318,0.66,0.979832,0.98892,0.99112,0.978734,0.5,0,0.925137
predictive_gv,319,0.66,0.987563,1.0,0.986706,0.971817,0.5,0,0.926499
predictive_gv,320,0.66,0.988,1.0,0.993575,0.973875,0.5,0,0.928175
predictive_gv,321,0.66,0.994822,0.998462,0.991737,0.978573,0.5,0,0.930919
predictive_gv,322,0.66,1.0,0.997501,0.979159,0.974394,0.5,0,0.929428
predictive_gv,323,0.66,1.0,0.993553,0.979691,0.971286,0.5,0,0.927796
predictive_gv,324,0.66,1.0,0.987938,0.980332,0.976023,0.5,0,0.92828
predictive_gv,325,0.66,1.0,0.990136,0.985296,0.983685,0.5,0,0.931576
predictive_gv,326,0.66,0.987942,0.987275,0.989937,0.982111,0.5,0,0.927944
predictive_gv,327,0.66,0.990077,0.988187,0.997003,0.982225,0.5,0,0.929937
predictive_gv,328,0.66,0.99991,0.979726,0.995385,0.981333,0.5,0,0.931444
predictive_gv,329,0.66,1.0,0.970909,0.985391,0.97543,0.5,0,0.927986
predictive_gv,330,0.66,1.0,0.974228,0.990322,0.977804,0.5,0,0.929208
predictive_gv,331,0.66,1.0,0.980464,0.983631,0.981457,0.5,0,0.929477
predictive_gv,332,0.66,1.0,0.981027,0.980872,0.980325,0.5,0,0.929902
predictive_gv,333,0.66,1.0,0.972076,0.977192,0.973321,0.5,0,0.927188
predictive_gv,334,0.66,1.0,0.976261,0.990437,0.980387,0.5,0,0.93065
predictive_gv,335,0.66,0.994236,0.972787,0.984892,0.976736,0.5,0,0.927073
predictive_gv,336,0.66,1.0,0.97667,0.998216,0.981172,0.5,0,0.932088
predictive_gv,337,0.66,1.0,0.966374,0.993742,0.974074,0.5,0,0.928988
predictive_gv,338,0.66,1.0,0.960348,0.993874,0.970449,0.5,0,0.928214
predictive_gv,339,0.66,0.995998,0.954112,0.98921,0.965043,0.5,0,0.924483
predictive_gv,340,0.66,1.0,0.950754,0.976285,0.95919,0.5,0,0.92197
predictive_gv,341,0.66,1.0,0.947769,0.971105,0.95544,0.5,0,0.92005
predictive_gv,342,0.66,1.0,0.950232,0.974168,0.958049,0.5,0,0.920097
predictive_gv,343,0.66,0.982553,0.962178,0.984146,0.969103,0.5,0,0.920807
predictive_gv,344,0.66,0.97278,0.962054,0.9954,0.971067,0.5,0,0.920434
predictive_gv,345,0.66,0.961355,0.971531,0.995124,0.975282,0.5,0,0.918158
predictive_gv,346,0.66,0.953775,0.971637,0.996522,0.974406,0.5,0,0.915903
predictive_gv,347,0.66,0.957045,0.978905,0.994488,0.98376,0.5,0,0.92115
predictive_gv,348,0.66,0.952459,0.973411,0.993396,0.978239,0.5,0,0.916783
predictive_gv,349,0.66,0.939856,0.975219,0.985497,0.978285,0.5,0,0.91193
predictive_gv,350,0.66,0.960929,0.969532,0.985052,0.973573,0.5,0,0.915689
predictive_gv,351,0.66,0.957849,0.975436,0.982594,0.977651,0.5,0,0.91762
predictive_gv,352,0.66,0.952409,0.974009,0.978331,0.974789,0.5,0,0.91507
predictive_gv,353,0.66,0.944321,0.971279,0.983112,0.975132,0.5,0,0.913216
predictive_gv,354,0.66,0.9512,0.971686,0.988411,0.976865,0.5,0,0.915553
predictive_gv,355,0.66,0.957333,0.966544,0.988385,0.97327,0.5,0,0.916021
predictive_gv,356,0.66,0.967475,0.97259,0.98992,0.977658,0.5,0,0.920456
predictive_gv,357,0.66,0.965345,0.972275,1.0,0.978763,0.5,0,0.921913
predictive_gv,358,0.66,0.962341,0.979269,1.0,0.98473,0.5,0,0.923626
predictive_gv,359,0.66,0.973255,0.987552,1.0,0.990538,0.5,0,0.928795
predictive_gv,360,0.66,0.968662,0.983636,0.99968,0.984353,0.5,0,0.924762
predictive_gv,361,0.66,0.963599,0.981323,0.998411,0.983269,0.5,0,0.922647
predictive_gv,362,0.66,0.9657,0.981553,0.995778,0.981642,0.5,0,0.922099
predictive_gv,363,0.66,0.951504,0.9809,0.993098,0.982658,0.5,0,0.918011
predictive_gv,364,0.66,0.950146,0.980888,0.999736,0.983428,0.5,0,0.919207
predictive_gv,365,0.66,0.948886,0.986806,0.99254,0.987338,0.5,0,0.919079
predictive_gv,366,0.66,0.94844,1.0,0.990298,0.990453,0.5,0,0.921666
predictive_gv,367,0.66,0.955302,1.0,0.987076,0.988486,0.5,0,0.922764
predictive_gv,368,0.66,0.948787,1.0,0.984159,0.979387,0.5,0,0.917617
predictive_gv,369,0.66,0.94501,0.998522,0.994504,0.982496,0.5,0,0.918512
predictive_gv,370,0.66,0.937825,0.988759,0.993678,0.982913,0.5,0,0.914992
predictive_gv,371,0.66,0.936615,0.989235,0.982854,0.982841,0.5,0,0.913188
predictive_gv,372,0.66,0.955044,0.989619,0.977738,0.979711,0.5,0,0.917147
predictive_gv,373,0.66,0.961162,0.990107,0.97088,0.971611,0.5,0,0.915625
predictive_gv,374,0.66,0.974866,0.990895,0.976677,0.978097,0.5,0,0.922252
predictive_gv,375,0.66,0.970991,0.992354,0.984654,0.984454,0.5,0,0.92408
predictive_gv,376,0.66,0.96993,0.99138,0.984425,0.98446,0.5,0,0.923587
predictive_gv,377,0.66,0.953793,0.991835,0.984439,0.979763,0.5,0,0.917658
predictive_gv,378,0.66,0.950637,0.98995,0.996022,0.986117,0.5,0,0.920095
predictive_gv,379,0.66,0.956323,0.989279,1.0,0.988843,0.5,0,0.923246
predictive_gv,380,0.66,0.947762,0.993017,0.999665,0.985097,0.5,0,0.920023
predictive_gv,381,0.66,0.94825,0.996421,1.0,0.983736,0.5,0,0.920302
predictive_gv,382,0.66,0.946907,0.993937,0.996806,0.988291,0.5,0,0.920347
predictive_gv,383,0.66,0.960526,1.0,0.992475,0.976069,0.5,0,0.920956
predictive_gv,384,0.66,0.96043,0.994803,0.989179,0.97391,0.5,0,0.918962
predictive_gv,385,0.66,0.96435,1.0,0.992486,0.974423,0.5,0,0.921553
predictive_gv,386,0.66,0.971483,1.0,0.998703,0.975191,0.5,0,0.924701
predictive_gv,387,0.66,0.978795,0.997696,0.991934,0.971075,0.5,0,0.92417
predictive_gv,388,0.66,0.986733,1.0,0.984052,0.967629,0.5,0,0.924688
predictive_gv,389,0.66,0.99573,0.996831,0.981976,0.961961,0.5,0,0.924719
predictive_gv,390,0.66,0.997079,0.993007,0.980987,0.967306,0.5,0,0.925863
predictive_gv,391,0.66,0.992986,1.0,0.98204,0.97127,0.5,0,0.927272
predictive_gv,392,0.66,0.995343,0.99791,0.987595,0.978481,0.5,0,0.930386
predictive_gv,393,0.66,0.988499,1.0,0.985838,0.975434,0.5,0,0.927719
predictive_gv,394,0.66,0.997788,1.0,0.984752,0.978952,0.5,0,0.931262
predictive_gv,395,0.66,0.995845,0.995752,0.987694,0.980186,0.5,0,0.930661
predictive_gv,396,0.66,1.0,0.993004,0.997634,0.976138,0.5,0,0.931712
predictive_gv,397,0.66,0.99704,0.987372,0.994788,0.98273,0.5,0,0.931541
predictive_gv,398,0.66,0.993347,0.976798,0.984624,0.976908,0.5,0,0.925763
predictive_gv,399,0.66,0.994194,0.963896,0.984558,0.969704,0.5,0,0.923625
predictive_gv,400,0.66,0.981679,0.960225,0.979919,0.966364,0.5,0,0.918387
predictive_gv,401,0.66,0.997777,0.961739,0.979813,0.967709,0.5,0,0.924508
predictive_gv,402,0.66,1.0,0.958439,0.972226,0.962917,0.5,0,0.922172
predictive_gv,403,0.66,1.0,0.961395,0.967243,0.962369,0.5,0,0.922426
predictive_gv,404,0.66,0.990104,0.959258,0.980001,0.966113,0.5,0,0.922229
predictive_gv,405,0.66,0.98735,0.950699,0.981099,0.960613,0.5,0,0.919455
predictive_gv,406,0.66,0.997276,0.951068,0.985031,0.961668,0.5,0,0.922631
predictive_gv,407,0.66,0.995858,0.955366,0.987774,0.965357,0.5,0,0.924009
predictive_gv,408,0.66,0.985935,0.950382,0.986538,0.96068,0.5,0,0.918525
predictive_gv,409,0.66,0.985578,0.959803,0.987818,0.96837,0.5,0,0.922061
predictive_gv,410,0.66,0.983932,0.961872,0.992578,0.971283,0.5,0,0.923856
predictive_gv,411,0.66,0.973392,0.952766,0.990853,0.962655,0.5,0,0.916237
predictive_gv,412,0.66,0.980808,0.95044,0.984483,0.960863,0.5,0,0.917326
predictive_gv,413,0.66,0.975302,0.947405,0.985657,0.959256,0.5,0,0.915731
predictive_gv,414,0.66,0.986302,0.949067,0.992232,0.961212,0.5,0,0.920059
predictive_gv,415,0.66,0.983572,0.945834,0.988684,0.957606,0.5,0,0.916978
predictive_gv,416,0.66,0.991173,0.957831,0.978689,0.963819,0.5,0,0.919334
predictive_gv,417,0.66,0.995428,0.954411,0.983955,0.961898,0.5,0,0.920556
predictive_gv,418,0.66,1.0,0.961585,0.984347,0.965968,0.5,0,0.923178
predictive_gv,419,0.66,1.0,0.961349,0.981766,0.966999,0.5,0,0.923555
predictive_gv,420,0.66,1.0,0.970585,0.985094,0.973299,0.5,0,0.926278
predictive_gv,421,0.66,1.0,0.987132,0.987424,0.984691,0.5,0,0.931626
predictive_gv,422,0.66,1.0,0.985984,0.989586,0.986415,0.5,0,0.932452
predictive_gv,423,0.66,1.0,0.983648,0.987953,0.981064,0.5,0,0.930191
predictive_gv,424,0.66,0.998311,0.989968,0.989992,0.984415,0.5,0,0.93192
predictive_gv,425,0.66,0.994648,0.984473,1.0,0.983122,0.5,0,0.9317
predictive_gv,426,0.66,1.0,0.982497,1.0,0.982478,0.5,0,0.932861
predictive_gv,427,0.66,1.0,0.986573,0.997006,0.983884,0.5,0,0.93305
predictive_gv,428,0.66,1.0,0.975992,1.0,0.977566,0.5,0,0.930809
predictive_gv,429,0.66,1.0,0.980753,1.0,0.981132,0.5,0,0.932296
predictive_gv,430,0.66,1.0,0.986257,0.996723,0.986095,0.5,0,0.933711
predictive_gv,431,0.66,0.996115,0.977273,0.984689,0.979636,0.5,0,0.928164
predictive_gv,432,0.66,0.989301,0.984265,0.986085,0.984539,0.5,0,0.929372
predictive_gv,433,0.66,0.98341,0.987511,0.990544,0.988512,0.5,0,0.929205
predictive_gv,434,0.66,0.986852,0.981899,0.997567,0.984867,0.5,0,0.929719
predictive_gv,435,0.66,0.972499,0.983278,1.0,0.983693,0.5,0,0.925638
predictive_gv,436,0.66,0.971915,0.979702,1.0,0.978005,0.5,0,0.923269
predictive_gv,437,0.66,0.978683,0.979051,0.993999,0.981129,0.5,0,0.925164
predictive_gv,438,0.66,0.972993,0.971946,0.988476,0.976665,0.5,0,0.92121
predictive_gv,439,0.66,0.981954,0.970873,0.983291,0.974977,0.5,0,0.923093
predictive_gv,440,0.66,0.986086,0.962491,0.980398,0.968402,0.5,0,0.922033
predictive_gv,441,0.66,0.995242,0.949686,0.977659,0.95889,0.5,0,0.920534
predictive_gv,442,0.66,0.98853,0.955297,0.984705,0.964519,0.5,0,0.921092
predictive_gv,443,0.66,0.992303,0.947816,0.982456,0.958979,0.5,0,0.920371
predictive_gv,444,0.66,0.993689,0.950139,0.986494,0.961611,0.5,0,0.92222
predictive_gv,445,0.66,1.0,0.959607,0.990983,0.968883,0.5,0,0.926765
predictive_gv,446,0.66,1.0,0.961244,0.980656,0.967656,0.5,0,0.925429
predictive_gv,447,0.66,1.0,0.958409,0.976499,0.964341,0.5,0,0.923996
predictive_gv,448,0.66,1.0,0.963329,0.983791,0.969879,0.5,0,0.926044
predictive_gv,449,0.66,0.999732,0.963893,0.989488,0.971981,0.5,0,0.928075
predictive_gv,450,0.66,1.0,0.96437,0.988302,0.971143,0.5,0,0.926675
predictive_gv,451,0.66,1.0,0.968528,0.992744,0.972871,0.5,0,0.927576
predictive_gv,452,0.66,1.0,0.971262,0.989489,0.974636,0.5,0,0.927673
predictive_gv,453,0.66,1.0,0.96337,0.999626,0.971243,0.5,0,0.928435
predictive_gv,454,0.66,0.993106,0.970848,1.0,0.973436,0.5,0,0.927178
predictive_gv,455,0.66,1.0,0.971866,0.995548,0.971759,0.5,0,0.92764
predictive_gv,456,0.66,1.0,0.981196,0.997178,0.980995,0.5,0,0.931722
predictive_gv,457,0.66,1.0,0.983511,1.0,0.983359,0.5,0,0.933226
predictive_gv,458,0.66,1.0,0.973972,0.986074,0.97778,0.5,0,0.928988
predictive_gv,459,0.66,1.0,0.979778,0.994895,0.983862,0.5,0,0.932772
predictive_gv,460,0.66,1.0,0.982228,0.996498,0.983452,0.5,0,0.93255
predictive_gv,461,0.66,0.983076,0.97927,0.996746,0.979742,0.5,0,0.926361
predictive_gv,462,0.66,1.0,0.986547,0.992733,0.982038,0.5,0,0.931693
predictive_gv,463,0.66,1.0,0.985473,0.981164,0.980876,0.5,0,0.929426
predictive_gv,464,0.66,1.0,0.98549,0.979521,0.981473,0.5,0,0.930707
predictive_gv,465,0.66,1.0,0.98271,0.984305,0.983221,0.5,0,0.930254
predictive_gv,466,0.66,0.992974,0.979625,0.992303,0.980053,0.5,0,0.928406
predictive_gv,467,0.66,1.0,0.980101,0.998508,0.981741,0.5,0,0.93223
predictive_gv,468,0.66,1.0,0.991767,0.994731,0.983824,0.5,0,0.933264
predictive_gv,469,0.66,1.0,0.998803,0.991675,0.975432,0.5,0,0.931509
predictive_gv,470,0.66,1.0,0.99844,0.993019,0.974158,0.5,0,0.931277
predictive_gv,471,0.66,1.0,1.0,0.994193,0.97754,0.5,0,0.932681
predictive_gv,472,0.66,0.995215,1.0,0.999125,0.984071,0.5,0,0.933957
predictive_gv,473,0.66,0.990133,0.995132,0.996542,0.984331,0.5,0,0.931444
predictive_gv,474,0.66,0.983784,0.988507,0.98406,0.968538,0.5,0,0.922161
predictive_gv,475,0.66,1.0,0.99965,0.978693,0.968719,0.5,0,0.928016
predictive_gv,476,0.66,0.992143,0.992476,0.978011,0.96859,0.5,0,0.924391
predictive_gv,477,0.66,1.0,0.990692,0.978921,0.965141,0.5,0,0.925369
predictive_gv,478,0.66,0.990648,0.99488,0.977557,0.958019,0.5,0,0.921214
predictive_gv,479,0.66,0.983298,1.0,0.974791,0.961039,0.5,0,0.920627
predictive_gv,480,0.66,0.995001,0.985115,0.962031,0.950023,0.525,1,0.919389
predictive_gv,481,0.66,0.987004,0.988908,0.96031,0.951698,0.525,1,0.918186
predictive_gv,482,0.66,0.994994,0.99135,0.965413,0.957307,0.525,1,0.923147
predictive_gv,483,0.66,0.997362,0.992606,0.972095,0.958839,0.525,1,0.925244
predictive_gv,484,0.66,1.0,0.991603,0.965729,0.959278,0.525,1,0.92525
predictive_gv,485,0.66,0.989602,0.998001,0.951586,0.951259,0.525,1,0.919857
predictive_gv,486,0.66,0.989615,0.998604,0.957688,0.949444,0.525,1,0.919781
predictive_gv,487,0.66,0.992769,1.0,0.951607,0.946125,0.525,1,0.919349
predictive_gv,488,0.66,0.987134,1.0,0.953291,0.946017,0.525,1,0.917864
predictive_gv,489,0.66,0.985268,0.997157,0.947175,0.943246,0.525,1,0.91542
predictive_gv,490,0.66,0.981846,0.998177,0.950279,0.943858,0.525,1,0.915085
predictive_gv,491,0.66,1.0,1.0,0.94552,0.939358,0.525,1,0.918656
predictive_gv,492,0.66,1.0,0.997609,0.948675,0.948482,0.525,1,0.921555
predictive_gv,493,0.66,1.0,1.0,0.946762,0.950891,0.525,1,0.922869
predictive_gv,494,0.66,1.0,0.996475,0.945571,0.947966,0.525,1,0.921032
predictive_gv,495,0.66,0.999226,0.981998,0.945886,0.948051,0.525,1,0.918077
predictive_gv,496,0.66,1.0,0.978319,0.944839,0.947586,0.525,1,0.917392
predictive_gv,497,0.66,0.996062,0.974684,0.939805,0.941419,0.525,1,0.913094
predictive_gv,498,0.66,1.0,0.983178,0.94795,0.952831,0.525,1,0.920488
predictive_gv,499,0.66,1.0,0.975906,0.953769,0.957401,0.525,1,0.921001
predictive_gv,500,0.66,1.0,0.969831,0.957335,0.960357,0.525,1,0.921185
predictive_gv,501,0.66,0.997174,0.977917,0.97098,0.964598,0.525,1,0.924139
predictive_gv,502,0.66,0.976791,0.982624,0.960674,0.9589,0.525,1,0.916508
predictive_gv,503,0.66,0.977706,0.988204,0.950769,0.952664,0.525,1,0.915131
predictive_gv,504,0.66,0.992995,0.991166,0.945256,0.948564,0.525,1,0.918278
predictive_gv,505,0.66,1.0,0.985935,0.945378,0.948818,0.525,1,0.919343
predictive_gv,506,0.66,0.988958,0.982313,0.955434,0.954371,0.525,1,0.917964
predictive_gv,507,0.66,0.992723,0.996179,0.956891,0.958379,0.525,1,0.92321
predictive_gv,508,0.66,0.993287,0.996374,0.953604,0.956388,0.525,1,0.922562
predictive_gv,509,0.66,0.989524,0.996489,0.959318,0.95779,0.525,1,0.922268
predictive_gv,510,0.66,0.992747,0.995609,0.948551,0.951261,0.525,1,0.920172
predictive_gv,511,0.66,1.0,0.999155,0.956929,0.952685,0.525,1,0.923804
predictive_gv,512,0.66,1.0,0.993855,0.964077,0.959758,0.525,1,0.92569
predictive_gv,513,0.66,1.0,0.988131,0.97586,0.968035,0.525,1,0.928384
predictive_gv,514,0.66,0.999337,0.988732,0.977609,0.970971,0.525,1,0.929397
predictive_gv,515,0.66,0.995717,0.980287,0.97882,0.964194,0.525,1,0.925132
predictive_gv,516,0.66,0.994284,0.983858,0.991383,0.958811,0.525,1,0.925746
predictive_gv,517,0.66,0.995059,0.986454,0.983165,0.963663,0.525,1,0.926449
predictive_gv,518,0.66,0.997208,0.975256,0.984138,0.966328,0.525,1,0.926307
predictive_gv,519,0.66,1.0,0.982833,0.980791,0.975224,0.525,1,0.93021
predictive_gv,520,0.66,1.0,0.983968,0.981812,0.964823,0.525,1,0.927559
predictive_gv,521,0.66,0.991728,0.994231,0.991902,0.972309,0.525,1,0.930577
predictive_gv,522,0.66,0.986304,0.990467,1.0,0.970382,0.525,1,0.929244
predictive_gv,523,0.66,0.997186,0.99977,1.0,0.97743,0.525,1,0.935705
predictive_gv,524,0.66,1.0,0.98732,1.0,0.978005,0.525,1,0.934887
predictive_gv,525,0.66,1.0,0.986634,0.994215,0.974084,0.525,1,0.932631
predictive_gv,526,0.66,1.0,0.987039,0.996087,0.970841,0.525,1,0.932066
predictive_gv,527,0.66,1.0,0.978272,0.998993,0.971022,0.525,1,0.931559
predictive_gv,528,0.66,1.0,0.991173,0.997624,0.978572,0.525,1,0.935148
predictive_gv,529,0.66,0.997583,0.993076,1.0,0.980684,0.525,1,0.935753
predictive_gv,530,0.66,0.996515,0.990558,0.994945,0.98168,0.525,1,0.934531
predictive_gv,531,0.66,1.0,0.98571,0.99164,0.986312,0.525,1,0.935799
predictive_gv,532,0.66,1.0,0.985109,0.998701,0.98825,0.525,1,0.938085
predictive_gv,533,0.66,1.0,0.980344,1.0,0.98585,0.525,1,0.937764
predictive_gv,534,0.66,1.0,0.977749,1.0,0.983982,0.525,1,0.937073
predictive_gv,535,0.66,1.0,0.983143,1.0,0.987048,0.525,1,0.937877
predictive_gv,536,0.66,1.0,0.976226,0.99928,0.982096,0.525,1,0.935927
predictive_gv,537,0.66,1.0,0.982722,1.0,0.985966,0.525,1,0.937316
predictive_gv,538,0.66,1.0,0.98457,1.0,0.987774,0.525,1,0.93809
predictive_gv,539,0.66,0.998141,0.986052,1.0,0.989959,0.525,1,0.938764
predictive_gv,540,0.66,1.0,0.991072,0.991273,0.990702,0.525,1,0.938706
predictive_gv,541,0.66,1.0,1.0,0.993369,0.993728,0.525,1,0.940432
predictive_gv,542,0.66,0.998503,0.994236,1.0,0.99585,0.525,1,0.941045
predictive_gv,543,0.66,0.998009,0.992552,1.0,0.994639,0.525,1,0.940459
predictive_gv,544,0.66,1.0,0.993885,1.0,0.995598,0.525,1,0.941371
predictive_gv,545,0.66,1.0,0.991536,0.992621,0.991635,0.525,1,0.939144
predictive_gv,546,0.66,0.997458,0.987434,1.0,0.990473,0.525,1,0.938554
predictive_gv,547,0.66,0.997112,0.98744,0.990558,0.988468,0.525,1,0.93614
predictive_gv,548,0.66,1.0,0.994784,1.0,0.996245,0.525,1,0.94161
predictive_gv,549,0.66,1.0,0.99121,1.0,0.993672,0.525,1,0.940658
predictive_gv,550,0.66,1.0,0.990759,1.0,0.993348,0.525,1,0.940538
predictive_gv,551,0.66,1.0,0.986047,0.994855,0.988645,0.525,1,0.937709
predictive_gv,552,0.66,1.0,0.978,0.991993,0.982433,0.525,1,0.935191
predictive_gv,553,0.66,1.0,0.976848,0.987904,0.9805,0.525,1,0.934063
predictive_gv,554,0.66,0.995852,0.976122,0.991091,0.98059,0.525,1,0.932815
predictive_gv,555,0.66,0.986199,0.974366,0.983462,0.97737,0.525,1,0.927811
predictive_gv,556,0.66,0.97781,0.973477,0.996776,0.979605,0.525,1,0.928293
predictive_gv,557,0.66,0.979195,0.976889,1.0,0.981561,0.525,1,0.929749
predictive_gv,558,0.66,0.970805,0.978236,0.991566,0.981474,0.525,1,0.925813
predictive_gv,559,0.66,0.982038,0.975871,0.994213,0.976669,0.525,1,0.92732
predictive_gv,560,0.66,0.975053,0.974077,1.0,0.977896,0.525,1,0.926979
predictive_gv,561,0.66,1.0,0.969403,1.0,0.971444,0.525,1,0.931299
predictive_gv,562,0.66,0.991858,0.97191,1.0,0.972393,0.525,1,0.92945
predictive_gv,563,0.66,0.989961,0.974756,1.0,0.969442,0.525,1,0.928101
predictive_gv,564,0.66,0.993032,0.979332,1.0,0.971208,0.525,1,0.929963
predictive_gv,565,0.66,0.988691,0.981963,0.998217,0.971803,0.525,1,0.928898
predictive_gv,566,0.66,0.995744,0.979149,0.993641,0.973223,0.525,1,0.930149
predictive_gv,567,0.66,0.993555,0.972898,1.0,0.969167,0.525,1,0.928863
predictive_gv,568,0.66,0.995806,0.970179,0.997584,0.968776,0.525,1,0.92871
predictive_gv,569,0.66,0.995012,0.965058,0.990738,0.966857,0.525,1,0.926259
predictive_gv,570,0.66,0.986227,0.970718,0.995614,0.973011,0.525,1,0.927244
predictive_gv,571,0.66,0.993963,0.984751,0.993943,0.976689,0.525,1,0.931406
predictive_gv,572,0.66,1.0,0.995844,0.988586,0.975343,0.525,1,0.933546
predictive_gv,573,0.66,1.0,0.988251,0.977146,0.979144,0.525,1,0.932253
predictive_gv,574,0.66,1.0,0.98739,0.98066,0.976632,0.525,1,0.931403
predictive_gv,575,0.66,1.0,0.974162,0.979454,0.973386,0.525,1,0.928249
predictive_gv,576,0.66,0.998231,0.969001,0.969169,0.968771,0.525,1,0.924625
predictive_gv,577,0.66,0.989869,0.970352,0.968371,0.969019,0.525,1,0.922175
predictive_gv,578,0.66,0.997971,0.963888,0.969747,0.965409,0.525,1,0.922615
predictive_gv,579,0.66,1.0,0.968215,0.97748,0.969429,0.525,1,0.926191
predictive_gv,580,0.66,0.988391,0.967311,0.97684,0.970306,0.525,1,0.923755
predictive_gv,581,0.66,0.99315,0.969695,0.984516,0.972985,0.525,1,0.927198
predictive_gv,582,0.66,0.982151,0.960966,0.971303,0.964345,0.525,1,0.919774
predictive_gv,583,0.66,0.991965,0.958131,0.968826,0.961594,0.525,1,0.921204
predictive_gv,584,0.66,1.0,0.964213,0.971794,0.966322,0.525,1,0.926668
predictive_gv,585,0.66,0.999512,0.964566,0.96681,0.964223,0.525,1,0.925344
predictive_gv,586,0.66,1.0,0.968944,0.976433,0.971418,0.525,1,0.927719
predictive_gv,587,0.66,0.99006,0.962733,0.97345,0.966159,0.525,1,0.923655
predictive_gv,588,0.66,0.99075,0.959151,0.966031,0.960485,0.525,1,0.922034
predictive_gv,589,0.66,1.0,0.962819,0.951249,0.95466,0.525,1,0.921034
predictive_gv,590,0.66,0.999682,0.960637,0.946165,0.950392,0.525,1,0.91984
predictive_gv,591,0.66,1.0,0.958075,0.948918,0.95126,0.525,1,0.919116
predictive_gv,592,0.66,0.982417,0.949987,0.948594,0.946586,0.525,1,0.913411
predictive_gv,593,0.66,0.975108,0.952863,0.960829,0.954338,0.525,1,0.915015
predictive_gv,594,0.66,0.975047,0.951284,0.962556,0.954374,0.525,1,0.914555
predictive_gv,595,0.66,0.964837,0.958159,0.963972,0.959121,0.525,1,0.913619
predictive_gv,596,0.66,0.959639,0.966669,0.963855,0.963551,0.525,1,0.914425
predictive_gv,597,0.66,0.962046,0.959486,0.965593,0.960449,0.525,1,0.914026
predictive_gv,598,0.66,0.957457,0.95871,0.9699,0.961991,0.525,1,0.913413
predictive_gv,599,0.66,0.975325,0.954304,0.977331,0.961793,0.525,1,0.918114
predictive_gv,600,0.66,0.98363,0.952681,0.97074,0.958481,0.525,1,0.917179
predictive_gv,601,0.66,0.99048,0.947706,0.972243,0.954427,0.525,1,0.917001
predictive_gv,602,0.66,0.983944,0.948886,0.970111,0.953908,0.525,1,0.914188
predictive_gv,603,0.66,0.979111,0.942612,0.977549,0.949567,0.525,1,0.912397
predictive_gv,604,0.66,0.976764,0.949908,0.973688,0.956617,0.525,1,0.914419
predictive_gv,605,0.66,0.983432,0.957706,0.977218,0.960635,0.525,1,0.917916
predictive_gv,606,0.66,0.995432,0.95421,0.98379,0.957673,0.525,1,0.921291
predictive_gv,607,0.66,0.986983,0.952003,0.979049,0.957106,0.525,1,0.917901
predictive_gv,608,0.66,0.993325,0.950572,0.974127,0.956407,0.525,1,0.918703
predictive_gv,609,0.66,1.0,0.951442,0.972985,0.95753,0.525,1,0.921105
predictive_gv,610,0.66,0.989376,0.946603,0.980183,0.955104,0.525,1,0.918425
predictive_gv,611,0.66,0.994832,0.944929,0.97556,0.952289,0.525,1,0.917753
predictive_gv,612,0.66,0.981748,0.941639,0.97705,0.951829,0.525,1,0.914965
predictive_gv,613,0.66,0.97762,0.952653,0.969643,0.958221,0.525,1,0.915496
predictive_gv,614,0.66,0.973211,0.95833,0.967516,0.961176,0.525,1,0.915826
predictive_gv,615,0.66,0.978531,0.95717,0.975437,0.963113,0.525,1,0.918786
predictive_gv,616,0.66,0.985232,0.957754,0.980937,0.965172,0.525,1,0.922628
predictive_gv,617,0.66,0.969534,0.95319,0.989842,0.962533,0.525,1,0.917825
predictive_gv,618,0.66,0.977825,0.95031,0.97819,0.958507,0.525,1,0.916698
predictive_gv,619,0.66,0.973559,0.947109,0.972892,0.955524,0.525,1,0.914561
predictive_gv,620,0.66,0.971192,0.957256,0.977223,0.963518,0.525,1,0.916842
predictive_gv,621,0.66,0.983097,0.958703,0.968646,0.961912,0.525,1,0.917476
predictive_gv,622,0.66,0.988306,0.953308,0.962197,0.95582,0.525,1,0.914697
predictive_gv,623,0.66,0.983594,0.952003,0.973545,0.955277,0.525,1,0.915071
predictive_gv,624,0.66,0.990308,0.952091,0.976779,0.956298,0.525,1,0.918017
predictive_gv,625,0.66,1.0,0.959067,0.97102,0.961901,0.525,1,0.922022
predictive_gv,626,0.66,1.0,0.952105,0.965286,0.95632,0.525,1,0.919435
predictive_gv,627,0.66,1.0,0.958738,0.968623,0.961903,0.525,1,0.922133
predictive_gv,628,0.66,1.0,0.966187,0.969233,0.967184,0.525,1,0.924234
predictive_gv,629,0.66,1.0,0.967707,0.973107,0.969277,0.525,1,0.925487
predictive_gv,630,0.66,1.0,0.968491,0.985008,0.971935,0.525,1,0.928757
predictive_gv,631,0.66,1.0,0.971331,0.993337,0.972744,0.525,1,0.930565
predictive_gv,632,0.66,1.0,0.972585,0.988235,0.975306,0.525,1,0.930683
predictive_gv,633,0.66,1.0,0.973388,0.986135,0.976963,0.525,1,0.931289
predictive_gv,634,0.66,1.0,0.980724,0.994115,0.983382,0.525,1,0.93514
predictive_gv,635,0.66,1.0,0.983611,0.99094,0.98603,0.525,1,0.936408
predictive_gv,636,0.66,0.995502,0.995425,0.991809,0.99101,0.525,1,0.937252
predictive_gv,637,0.66,1.0,1.0,0.998124,0.998392,0.525,1,0.942342
predictive_gv,638,0.66,1.0,1.0,1.0,1.0,0.525,1,0.943
predictive_gv,639,0.66,1.0,1.0,0.998762,0.998321,0.525,1,0.94235
predictive_gv,640,0.66,0.997443,0.992099,1.0,0.993203,0.525,1,0.939503
predictive_gv,641,0.66,0.995202,1.0,1.0,0.995805,0.525,1,0.940454
predictive_gv,642,0.66,0.995066,1.0,1.0,0.996408,0.525,1,0.940589
predictive_gv,643,0.66,1.0,0.999749,1.0,0.992222,0.525,1,0.940731
predictive_gv,644,0.66,1.0,1.0,1.0,0.990728,0.525,1,0.940342
predictive_gv,645,0.66,1.0,0.994516,1.0,0.982909,0.525,1,0.937278
predictive_gv,646,0.66,1.0,0.998523,0.98958,0.978767,0.525,1,0.93514
predictive_gv,647,0.66,1.0,1.0,0.99613,0.9832,0.525,1,0.937595
predictive_gv,648,0.66,1.0,0.993393,0.988988,0.976252,0.525,1,0.933454
predictive_gv,649,0.66,1.0,0.994206,0.989243,0.972209,0.525,1,0.932462
predictive_gv,650,0.66,0.997677,0.985957,0.986556,0.966935,0.525,1,0.928564
predictive_gv,651,0.66,1.0,0.978637,0.9852,0.974083,0.525,1,0.930001
predictive_gv,652,0.66,1.0,0.979943,0.992224,0.97614,0.525,1,0.932066
predictive_gv,653,0.66,1.0,0.977987,0.992869,0.975992,0.525,1,0.931968
predictive_gv,654,0.66,0.992087,0.986139,0.999492,0.975515,0.525,1,0.931694
predictive_gv,655,0.66,0.992926,0.979637,0.988308,0.971275,0.525,1,0.927866
predictive_gv,656,0.66,0.984037,0.98134,0.995653,0.975839,0.525,1,0.928284
predictive_gv,657,0.66,0.971953,0.986222,0.996668,0.979823,0.525,1,0.926846
predictive_gv,658,0.66,0.967995,0.969407,0.990453,0.973013,0.525,1,0.921213
predictive_gv,659,0.66,0.96091,0.961853,0.988626,0.965659,0.525,1,0.915836
predictive_gv,660,0.66,0.960258,0.959292,0.984434,0.964643,0.525,1,0.914606
predictive_gv,661,0.66,0.964514,0.961655,0.984491,0.964483,0.525,1,0.915561
predictive_gv,662,0.66,0.963997,0.975254,0.976887,0.970825,0.525,1,0.917066
predictive_gv,663,0.66,0.96421,0.982477,0.975764,0.970854,0.525,1,0.918176
predictive_gv,664,0.66,0.981336,0.991474,0.975708,0.971082,0.525,1,0.924692
predictive_gv,665,0.66,0.985152,0.986659,0.982092,0.974765,0.525,1,0.92675
predictive_gv,666,0.66,0.977622,0.987452,0.971297,0.969044,0.525,1,0.921845
predictive_gv,667,0.66,0.982558,0.999127,0.975633,0.975803,0.525,1,0.928081
predictive_gv,668,0.66,0.994199,1.0,0.972009,0.97171,0.525,1,0.929862
predictive_gv,669,0.66,0.996809,1.0,0.971399,0.969959,0.525,1,0.92994
predictive_gv,670,0.66,0.99065,1.0,0.975445,0.966862,0.525,1,0.927543
predictive_gv,671,0.66,0.987989,1.0,0.974017,0.966673,0.525,1,0.926596
predictive_gv,672,0.66,1.0,1.0,0.977829,0.96686,0.525,1,0.930416
predictive_gv,673,0.66,1.0,0.9885,0.980199,0.963223,0.525,1,0.92761
predictive_gv,674,0.66,0.997535,0.982946,0.981036,0.952807,0.525,1,0.92314
predictive_gv,675,0.66,0.999453,0.975328,0.990712,0.951093,0.525,1,0.923635
predictive_gv,676,0.66,0.997355,0.975615,0.998854,0.962777,0.525,1,0.927975
predictive_gv,677,0.66,1.0,0.986682,1.0,0.973634,0.525,1,0.933512
predictive_gv,678,0.66,1.0,0.989204,0.989071,0.975403,0.525,1,0.932545
predictive_gv,679,0.66,0.989638,0.990701,0.982731,0.974814,0.525,1,0.928809
predictive_gv,680,0.66,0.993742,0.985569,0.988667,0.975671,0.525,1,0.930252
predictive_gv,681,0.66,0.986811,0.984954,0.995608,0.980289,0.525,1,0.93081
predictive_gv,682,0.66,0.985086,0.979496,0.991808,0.973348,0.525,1,0.926904
predictive_gv,683,0.66,0.992791,0.975431,0.991522,0.971472,0.525,1,0.928006
predictive_gv,684,0.66,0.990539,0.972754,0.986713,0.966877,0.525,1,0.924771
predictive_gv,685,0.66,0.992098,0.973941,0.99478,0.972446,0.525,1,0.928636
predictive_gv,686,0.66,0.99992,0.976116,0.992175,0.975213,0.525,1,0.931418
predictive_gv,687,0.66,1.0,0.979958,0.98723,0.975476,0.525,1,0.930943
predictive_gv,688,0.66,1.0,0.977693,0.979681,0.978048,0.525,1,0.930145
predictive_gv,689,0.66,1.0,0.976561,0.982931,0.977465,0.525,1,0.930523
predictive_gv,690,0.66,0.997419,0.975521,0.984958,0.977009,0.525,1,0.930008
predictive_gv,691,0.66,0.98786,0.980284,0.985452,0.981883,0.525,1,0.930776
predictive_gv,692,0.66,0.993088,0.99788,0.987075,0.989725,0.525,1,0.936607
predictive_gv,693,0.66,1.0,0.990992,0.990045,0.990336,0.525,1,0.937586
predictive_gv,694,0.66,0.991249,0.999335,0.988692,0.986573,0.525,1,0.935093
predictive_gv,695,0.66,0.989855,1.0,0.994097,0.990816,0.525,1,0.9367
predictive_gv,696,0.66,0.998058,0.999396,0.992308,0.989945,0.525,1,0.938424
predictive_gv,697,0.66,1.0,0.991229,0.990836,0.990393,0.525,1,0.93744
predictive_gv,698,0.66,0.996083,1.0,0.996805,0.990712,0.525,1,0.938763
predictive_gv,699,0.66,0.987173,1.0,0.992482,0.993457,0.525,1,0.936729
predictive_gv,700,0.66,0.982607,1.0,0.988603,0.990909,0.525,1,0.93447
predictive_gv,701,0.66,0.986185,1.0,0.990193,0.987043,0.525,1,0.934091
predictive_gv,702,0.66,0.990104,1.0,0.994137,0.987915,0.525,1,0.935912
predictive_gv,703,0.66,0.990403,1.0,0.992454,0.989516,0.525,1,0.936274
predictive_gv,704,0.66,1.0,1.0,0.997936,0.997735,0.525,1,0.942089
predictive_gv,705,0.66,0.991269,0.998071,0.998248,0.997069,0.525,1,0.939139
predictive_gv,706,0.66,1.0,1.0,1.0,1.0,0.525,1,0.943
predictive_gv,707,0.66,0.995896,1.0,1.0,0.99848,0.525,1,0.941415
predictive_gv,708,0.66,1.0,1.0,0.994913,0.995347,0.525,1,0.941092
predictive_gv,709,0.66,1.0,1.0,0.990249,0.99298,0.525,1,0.940402
predictive_gv,710,0.66,1.0,1.0,0.989974,0.992783,0.525,1,0.940329
predictive_gv,711,0.66,0.988278,0.998557,0.988752,0.989076,0.525,1,0.934976
predictive_gv,712,0.66,0.974381,0.996516,0.990568,0.990637,0.525,1,0.931338
predictive_gv,713,0.66,0.976337,0.991922,0.99093,0.991212,0.525,1,0.931267
predictive_gv,714,0.66,0.981118,0.993745,0.990219,0.991338,0.525,1,0.933787
predictive_gv,715,0.66,0.981558,0.992266,0.987992,0.989358,0.525,1,0.932307
predictive_gv,716,0.66,0.978708,0.989102,0.985141,0.986142,0.525,1,0.929353
predictive_gv,717,0.66,0.977644,0.994686,0.986791,0.989312,0.525,1,0.931905
predictive_gv,718,0.66,0.984476,1.0,0.986624,0.990155,0.525,1,0.934898
predictive_gv,719,0.66,0.999466,1.0,0.983156,0.987874,0.525,1,0.938364
predictive_gv,720,0.66,1.0,1.0,0.98255,0.987438,0.525,1,0.938352
predictive_gv,721,0.66,1.0,0.997223,1.0,0.998001,0.525,1,0.94226
predictive_gv,722,0.66,0.991614,1.0,0.9979,0.996124,0.525,1,0.939239
predictive_gv,723,0.66,0.999451,1.0,0.998084,0.996927,0.525,1,0.941696
predictive_gv,724,0.66,1.0,1.0,1.0,0.997703,0.525,1,0.942342
predictive_gv,725,0.66,1.0,1.0,0.989281,0.986992,0.525,1,0.937857
predictive_gv,726,0.66,1.0,0.992409,0.990221,0.986141,0.525,1,0.936322
predictive_gv,727,0.66,1.0,0.984891,0.983886,0.98326,0.525,1,0.933325
predictive_gv,728,0.66,0.993632,0.990105,0.981888,0.980946,0.525,1,0.931604
predictive_gv,729,0.66,0.995241,0.995441,0.976858,0.973832,0.525,1,0.930322
predictive_gv,730,0.66,0.998363,0.98814,0.969261,0.971033,0.525,1,0.928411
predictive_gv,731,0.66,0.989383,0.994306,0.966438,0.971803,0.525,1,0.927513
predictive_gv,732,0.66,0.994381,0.993216,0.951564,0.959731,0.525,1,0.923837
predictive_gv,733,0.66,0.999939,0.982692,0.952768,0.958585,0.525,1,0.922859
predictive_gv,734,0.66,1.0,0.987698,0.960657,0.965134,0.525,1,0.926425
predictive_gv,735,0.66,0.999837,1.0,0.954584,0.960129,0.525,1,0.926617
predictive_gv,736,0.66,1.0,1.0,0.960066,0.95803,0.525,1,0.926004
predictive_gv,737,0.66,1.0,1.0,0.949123,0.953111,0.525,1,0.923779
predictive_gv,738,0.66,1.0,1.0,0.952922,0.952927,0.525,1,0.923818
predictive_gv,739,0.66,1.0,1.0,0.960341,0.958087,0.525,1,0.92604
predictive_gv,740,0.66,1.0,1.0,0.971466,0.952728,0.525,1,0.925409
predictive_gv,741,0.66,1.0,0.998906,0.969604,0.952217,0.525,1,0.924837
predictive_gv,742,0.66,0.993452,1.0,0.970226,0.949871,0.525,1,0.922571
predictive_gv,743,0.66,0.983731,0.996669,0.967733,0.95858,0.525,1,0.921617
predictive_gv,744,0.66,0.969131,0.993283,0.971483,0.964053,0.525,1,0.918987
predictive_gv,745,0.66,0.983027,0.994622,0.967033,0.967898,0.525,1,0.924097
predictive_gv,746,0.66,0.980401,0.992289,0.960558,0.963289,0.525,1,0.920996
predictive_gv,747,0.66,0.988887,0.990203,0.954195,0.955718,0.525,1,0.919902
predictive_gv,748,0.66,0.992108,0.987186,0.952833,0.956552,0.525,1,0.920542
predictive_gv,749,0.66,0.988506,0.988123,0.960069,0.959134,0.525,1,0.920889
predictive_gv,750,0.66,0.990843,0.980629,0.962338,0.961478,0.525,1,0.921054
predictive_gv,751,0.66,0.983987,0.981299,0.971814,0.973259,0.525,1,0.924012
predictive_gv,752,0.66,0.977211,0.984595,0.969803,0.9727,0.525,1,0.922573
predictive_gv,753,0.66,0.966143,0.983013,0.97509,0.976956,0.525,1,0.92094
predictive_gv,754,0.66,0.970514,0.985975,0.979052,0.979163,0.525,1,0.923548
predictive_gv,755,0.66,0.9871,0.987269,0.979967,0.980218,0.525,1,0.928866
predictive_gv,756,0.66,0.986257,0.988922,0.977564,0.978581,0.525,1,0.928265
predictive_gv,757,0.66,0.989761,0.992776,0.976999,0.971813,0.525,1,0.927652
predictive_gv,758,0.66,0.993363,0.987045,0.982363,0.968282,0.525,1,0.927279
predictive_gv,759,0.66,0.995544,0.973839,0.983989,0.965122,0.525,1,0.925277
predictive_gv,760,0.66,0.992282,0.9739,0.981582,0.95813,0.525,1,0.921914
predictive_gv,761,0.66,0.992967,0.970331,0.975392,0.961288,0.525,1,0.921468
predictive_gv,762,0.66,0.996679,0.967763,0.973014,0.95682,0.525,1,0.920449
predictive_gv,763,0.66,0.999389,0.970191,0.969151,0.957521,0.525,1,0.92115
predictive_gv,764,0.66,0.988728,0.971092,0.964418,0.953198,0.525,1,0.916377
predictive_gv,765,0.66,0.987006,0.964702,0.973484,0.958297,0.525,1,0.917847
predictive_gv,766,0.66,0.977851,0.969375,0.97261,0.966814,0.525,1,0.91824
predictive_gv,767,0.66,0.982887,0.964208,0.976422,0.960546,0.525,1,0.917865
predictive_gv,768,0.66,0.988904,0.960387,0.981993,0.964736,0.525,1,0.922137
predictive_gv,769,0.66,0.995947,0.959043,0.983072,0.960883,0.525,1,0.922613
predictive_gv,770,0.66,0.998936,0.971127,0.972835,0.966832,0.525,1,0.924424
predictive_gv,771,0.66,0.999642,0.971009,0.968691,0.96298,0.525,1,0.922854
predictive_gv,772,0.66,0.997248,0.965986,0.970386,0.959848,0.525,1,0.920791
predictive_gv,773,0.66,0.99627,0.966768,0.968147,0.956259,0.525,1,0.919223
predictive_gv,774,0.66,1.0,0.968586,0.965492,0.956622,0.525,1,0.920253
predictive_gv,775,0.66,1.0,0.967173,0.960978,0.953338,0.525,1,0.918429
predictive_gv,776,0.66,1.0,0.97476,0.956639,0.950753,0.525,1,0.918521
predictive_gv,777,0.66,1.0,0.976428,0.958561,0.954471,0.525,1,0.920195
predictive_gv,778,0.66,1.0,0.97716,0.954731,0.952667,0.525,1,0.919433
predictive_gv,779,0.66,0.999239,0.983577,0.952405,0.949449,0.525,1,0.919197
predictive_gv,780,0.66,0.994887,0.989029,0.956014,0.9488,0.525,1,0.919091
predictive_gv,781,0.66,0.993137,0.991469,0.968726,0.953372,0.525,1,0.921813
predictive_gv,782,0.66,0.995972,0.991882,0.96872,0.951061,0.525,1,0.921991
predictive_gv,783,0.66,0.996302,0.986709,0.975791,0.954519,0.525,1,0.923129
predictive_gv,784,0.66,1.0,0.976111,0.98419,0.951887,0.525,1,0.923027
predictive_gv,785,0.66,0.997935,0.971326,0.992571,0.959837,0.525,1,0.925609
predictive_gv,786,0.66,1.0,0.972571,1.0,0.952755,0.525,1,0.92555
predictive_gv,787,0.66,0.996823,0.959299,0.997837,0.955395,0.525,1,0.923746
predictive_gv,788,0.66,1.0,0.967773,0.997829,0.960621,0.525,1,0.92704
predictive_gv,789,0.66,0.996911,0.97423,0.998261,0.965499,0.525,1,0.928424
predictive_gv,790,0.66,1.0,0.972459,1.0,0.965926,0.525,1,0.929576
predictive_gv,791,0.66,0.99284,0.974434,0.997638,0.968085,0.525,1,0.927999
predictive_gv,792,0.66,0.998511,0.982562,0.993691,0.96841,0.525,1,0.929916
predictive_gv,793,0.66,1.0,0.981996,0.988138,0.973904,0.525,1,0.930899
predictive_gv,794,0.66,1.0,0.98264,0.992402,0.977075,0.525,1,0.932677
predictive_gv,795,0.66,1.0,0.994757,0.994151,0.984446,0.525,1,0.936804
predictive_gv,796,0.66,1.0,0.996041,0.997619,0.98882,0.525,1,0.938807
predictive_gv,797,0.66,1.0,0.995061,0.995345,0.994308,0.525,1,0.939867
predictive_gv,798,0.66,0.991482,0.999991,0.986969,0.983794,0.525,1,0.934234
predictive_gv,799,0.66,0.995392,1.0,0.984725,0.978033,0.525,1,0.933305
predictive_gv,800,0.66,0.995854,0.992366,0.987049,0.977337,0.525,1,0.932157
predictive_gv,801,0.66,0.999735,0.994927,0.990454,0.977405,0.525,1,0.934181
predictive_gv,802,0.66,1.0,0.980513,0.994633,0.975638,0.525,1,0.932416
predictive_gv,803,0.66,0.992345,0.979233,0.988253,0.978491,0.525,1,0.929872
predictive_gv,804,0.66,0.987556,0.983093,0.984847,0.976636,0.525,1,0.927802
predictive_gv,805,0.66,0.997778,0.987958,0.990417,0.977679,0.525,1,0.9326
predictive_gv,806,0.66,0.995233,0.989343,0.987551,0.976235,0.525,1,0.931237
predictive_gv,807,0.66,1.0,0.992069,0.998709,0.975573,0.525,1,0.934591
predictive_gv,808,0.66,1.0,0.987687,0.997108,0.96767,0.525,1,0.931412
predictive_gv,809,0.66,0.990622,0.985469,0.994832,0.968323,0.525,1,0.928277
predictive_gv,810,0.66,0.998677,0.976194,0.998642,0.966787,0.525,1,0.929594
predictive_gv,811,0.66,1.0,0.976808,0.999912,0.965078,0.525,1,0.929743
predictive_gv,812,0.66,1.0,0.973315,0.993736,0.964484,0.525,1,0.92804
predictive_gv,813,0.66,0.988858,0.972089,1.0,0.964422,0.525,1,0.925942
predictive_gv,814,0.66,0.974457,0.975597,1.0,0.964084,0.525,1,0.922168
predictive_gv,815,0.66,0.978458,0.970008,1.0,0.966794,0.525,1,0.923627
predictive_gv,816,0.66,0.974157,0.969888,1.0,0.963096,0.525,1,0.921199
predictive_gv,817,0.66,0.991274,0.974308,0.995932,0.966785,0.525,1,0.92682
predictive_gv,818,0.66,0.989378,0.984255,0.987606,0.97254,0.525,1,0.92776
predictive_gv,819,0.66,0.997502,0.976765,0.980306,0.967925,0.525,1,0.9264
predictive_gv,820,0.66,1.0,0.969867,0.97569,0.96337,0.525,1,0.924033
predictive_gv,821,0.66,1.0,0.965217,0.970594,0.958082,0.525,1,0.920978
predictive_gv,822,0.66,1.0,0.960935,0.969344,0.954525,0.525,1,0.919157
predictive_gv,823,0.66,1.0,0.965471,0.969752,0.954006,0.525,1,0.91969
predictive_gv,824,0.66,1.0,0.970634,0.967908,0.960918,0.525,1,0.922183
predictive_gv,825,0.66,1.0,0.973337,0.967856,0.957966,0.525,1,0.921778
predictive_gv,826,0.66,1.0,0.971128,0.971507,0.954796,0.525,1,0.921054
predictive_gv,827,0.66,1.0,0.964825,0.97106,0.958609,0.525,1,0.921162
predictive_gv,828,0.66,0.994072,0.965516,0.984772,0.957013,0.525,1,0.921587
predictive_gv,829,0.66,0.998793,0.963065,0.986218,0.955243,0.525,1,0.922371
predictive_gv,830,0.66,0.988143,0.964082,0.992047,0.956607,0.525,1,0.921009
predictive_gv,831,0.66,0.998034,0.968695,0.99194,0.956994,0.525,1,0.924359
predictive_gv,832,0.66,0.98891,0.968079,0.99307,0.964013,0.525,1,0.924158
predictive_gv,833,0.66,0.984632,0.960448,0.992049,0.962957,0.525,1,0.922
predictive_gv,834,0.66,0.991607,0.960607,0.996602,0.95866,0.525,1,0.923253
predictive_gv,835,0.66,0.985348,0.96661,0.995076,0.962051,0.525,1,0.922778
predictive_gv,836,0.66,0.990032,0.970407,1.0,0.969022,0.525,1,0.927657
predictive_gv,837,0.66,1.0,0.971897,1.0,0.971617,0.525,1,0.931447
predictive_gv,838,0.66,1.0,0.975802,0.999807,0.975425,0.525,1,0.932966
predictive_gv,839,0.66,1.0,0.9589,1.0,0.96465,0.525,1,0.928537
recursive_gv,0,0.25,0.342007,0.997981,0.996624,0.995921,0.5,0,0.753771
recursive_gv,1,0.25,0.347245,1.0,1.0,1.0,0.5,0,0.757229
recursive_gv,2,0.25,0.349082,1.0,0.996043,0.996486,0.5,0,0.756303
recursive_gv,3,0.25,0.358805,1.0,0.988996,0.991201,0.5,0,0.756919
recursive_gv,4,0.25,0.360406,1.0,0.987719,0.990693,0.5,0,0.757267
recursive_gv,5,0.25,0.363461,0.992791,0.986586,0.988632,0.5,0,0.756678
recursive_gv,6,0.25,0.362286,0.996323,0.992277,0.993593,0.5,0,0.758464
recursive_gv,7,0.25,0.372903,1.0,0.995271,0.996596,0.5,0,0.763153
recursive_gv,8,0.25,0.390896,1.0,1.0,0.998618,0.5,0,0.769055
recursive_gv,9,0.25,0.403312,0.993476,0.99902,0.987973,0.5,0,0.768368
recursive_gv,10,0.25,0.412206,0.992611,0.994155,0.986913,0.5,0,0.769599
recursive_gv,11,0.25,0.426949,0.984207,0.997673,0.986006,0.5,0,0.773373
recursive_gv,12,0.25,0.429375,0.986361,0.989667,0.984684,0.5,0,0.772136
recursive_gv,13,0.25,0.43117,0.982539,0.985226,0.982968,0.5,0,0.770942
recursive_gv,14,0.25,0.431558,0.992825,0.981517,0.982776,0.5,0,0.772412
recursive_gv,15,0.25,0.437262,0.988362,0.993663,0.979812,0.5,0,0.773874
recursive_gv,16,0.25,0.438982,0.992043,1.0,0.985122,0.5,0,0.777504
recursive_gv,17,0.25,0.444783,1.0,0.994676,0.994567,0.5,0,0.78233
recursive_gv,18,0.25,0.442317,0.99464,0.993504,0.986399,0.5,0,0.778095
recursive_gv,19,0.25,0.441213,0.988363,0.998196,0.984469,0.5,0,0.777174
recursive_gv,20,0.25,0.439611,0.99086,0.998692,0.982871,0.5,0,0.776633
recursive_gv,21,0.25,0.440205,0.984311,0.997002,0.982996,0.5,0,0.775828
recursive_gv,22,0.25,0.439366,0.988866,0.991217,0.981281,0.5,0,0.774547
recursive_gv,23,0.25,0.452346,0.990196,0.989841,0.988501,0.5,0,0.780234
recursive_gv,24,0.25,0.464133,1.0,0.987094,0.983627,0.5,0,0.783537
recursive_gv,25,0.25,0.46314,0.995154,1.0,0.988052,0.5,0,0.785538
recursive_gv,26,0.25,0.460445,0.99184,1.0,0.980502,0.5,0,0.782132
recursive_gv,27,0.25,0.451194,0.990614,1.0,0.979158,0.5,0,0.778984
recursive_gv,28,0.25,0.452416,0.998687,0.990492,0.982711,0.5,0,0.780123
recursive_gv,29,0.25,0.460815,0.993812,0.990938,0.98263,0.5,0,0.781674
recursive_gv,30,0.25,0.451572,0.990525,0.992003,0.979596,0.5,0,0.777856
recursive_gv,31,0.25,0.437485,0.988599,0.998396,0.982901,0.5,0,0.775715
recursive_gv,32,0.25,0.438949,0.99042,0.993477,0.990285,0.5,0,0.777698
recursive_gv,33,0.25,0.441267,1.0,0.989601,0.985299,0.5,0,0.777911
recursive_gv,34,0.25,0.440511,1.0,0.988242,0.981795,0.5,0,0.776478
recursive_gv,35,0.25,0.450632,1.0,0.985699,0.97387,0.5,0,0.776634
recursive_gv,36,0.25,0.465402,1.0,0.986543,0.98219,0.5,0,0.783386
recursive_gv,37,0.25,0.466114,0.999895,0.983474,0.9802,0.5,0,0.782645
recursive_gv,38,0.25,0.455191,0.989562,0.990501,0.975945,0.5,0,0.777435
recursive_gv,39,0.25,0.450348,1.0,0.98861,0.970484,0.5,0,0.775946
recursive_gv,40,0.25,0.462563,0.994564,0.986979,0.966763,0.5,0,0.777139
recursive_gv,41,0.25,0.464426,0.992627,0.976476,0.962481,0.5,0,0.774649
recursive_gv,42,0.25,0.463754,0.990894,0.971632,0.95939,0.5,0,0.772635
recursive_gv,43,0.25,0.455636,0.995506,0.972808,0.961685,0.5,0,0.772032
recursive_gv,44,0.25,0.453822,0.995613,0.97054,0.962924,0.5,0,0.771687
recursive_gv,45,0.25,0.472204,0.997421,0.959995,0.9619,0.5,0,0.776128
recursive_gv,46,0.25,0.489299,1.0,0.958223,0.962989,0.5,0,0.781832
recursive_gv,47,0.25,0.49032,1.0,0.966217,0.970496,0.5,0,0.785204
recursive_gv,48,0.25,0.511188,0.99781,0.957638,0.962036,0.5,0,0.787152
recursive_gv,49,0.25,0.511575,0.998833,0.955718,0.960062,0.5,0,0.786643
recursive_gv,50,0.25,0.516344,0.998286,0.959723,0.9638,0.5,0,0.789408
recursive_gv,51,0.25,0.505674,0.989065,0.979151,0.9802,0.5,0,0.791393
recursive_gv,52,0.25,0.501277,0.989466,0.974916,0.974285,0.5,0,0.787883
recursive_gv,53,0.25,0.512887,0.994843,0.969886,0.970657,0.5,0,0.790628
recursive_gv,54,0.25,0.509319,0.995483,0.973245,0.974054,0.5,0,0.791136
recursive_gv,55,0.25,0.505089,0.992319,0.967286,0.966632,0.5,0,0.786381
recursive_gv,56,0.25,0.512619,0.984279,0.969954,0.971256,0.5,0,0.788761
recursive_gv,57,0.25,0.511455,0.994652,0.974213,0.967095,0.5,0,0.78932
recursive_gv,58,0.25,0.506473,0.998968,0.970884,0.965955,0.5,0,0.788064
recursive_gv,59,0.25,0.507498,0.995597,0.97046,0.962334,0.5,0,0.786521
recursive_gv,60,0.25,0.5099,0.986036,0.977348,0.964885,0.5,0,0.787047
recursive_gv,61,0.25,0.517017,0.988446,0.985053,0.966375,0.5,0,0.790983
recursive_gv,62,0.25,0.519,0.991856,0.987946,0.973519,0.5,0,0.79458
recursive_gv,63,0.25,0.516457,0.988264,0.988027,0.970583,0.5,0,0.79246
recursive_gv,64,0.25,0.500432,0.979339,1.0,0.967018,0.5,0,0.787758
recursive_gv,65,0.25,0.504658,0.979691,0.990996,0.967922,0.5,0,0.787644
recursive_gv,66,0.25,0.518119,0.981976,0.984388,0.964775,0.5,0,0.789711
recursive_gv,67,0.25,0.529344,0.992334,0.986055,0.965966,0.5,0,0.795103
recursive_gv,68,0.25,0.522515,0.992887,0.989272,0.963865,0.5,0,0.793158
recursive_gv,69,0.25,0.517805,1.0,1.0,0.967968,0.5,0,0.795802
recursive_gv,70,0.25,0.514007,1.0,0.996699,0.968058,0.5,0,0.794253
recursive_gv,71,0.25,0.511764,0.998862,0.99569,0.967378,0.5,0,0.793094
recursive_gv,72,0.25,0.518862,0.988274,1.0,0.967581,0.5,0,0.79424
recursive_gv,73,0.25,0.525662,0.984395,0.994514,0.962901,0.5,0,0.793313
recursive_gv,74,0.25,0.532256,0.981384,0.998334,0.953428,0.5,0,0.79264
recursive_gv,75,0.25,0.542593,0.980944,0.993412,0.95156,0.5,0,0.794098
recursive_gv,76,0.25,0.535499,0.987888,0.990124,0.951906,0.5,0,0.792709
recursive_gv,77,0.25,0.523452,0.99541,0.994139,0.949345,0.5,0,0.790408
recursive_gv,78,0.25,0.524219,0.988378,0.982298,0.947466,0.5,0,0.787143
recursive_gv,79,0.25,0.529953,0.993995,0.973535,0.947686,0.5,0,0.788505
recursive_gv,80,0.25,0.530256,0.992914,0.970406,0.935592,0.5,0,0.784452
recursive_gv,81,0.25,0.533896,0.984231,0.974177,0.93571,0.5,0,0.784584
recursive_gv,82,0.25,0.528748,0.98795,0.970191,0.932307,0.5,0,0.782202
recursive_gv,83,0.25,0.528317,0.987444,0.975285,0.932381,0.5,0,0.782757
recursive_gv,84,0.25,0.531763,0.978591,0.97739,0.930439,0.5,0,0.782056
recursive_gv,85,0.25,0.537136,0.981753,0.96846,0.930769,0.5,0,0.78282
recursive_gv,86,0.25,0.537841,0.968436,0.960209,0.935007,0.5,0,0.780825
recursive_gv,87,0.25,0.536011,0.963978,0.954957,0.936113,0.5,0,0.779129
recursive_gv,88,0.25,0.549384,0.964004,0.956728,0.932179,0.5,0,0.781999
recursive_gv,89,0.25,0.5518,0.962901,0.955177,0.934937,0.5,0,0.783061
recursive_gv,90,0.25,0.55396,0.970935,0.960319,0.942887,0.5,0,0.788052
recursive_gv,91,0.25,0.553304,0.970634,0.964847,0.948715,0.5,0,0.790145
recursive_gv,92,0.25,0.561318,0.968179,0.971266,0.955098,0.5,0,0.794821
recursive_gv,93,0.25,0.563391,0.973461,0.966807,0.956933,0.5,0,0.796104
recursive_gv,94,0.25,0.553755,0.977145,0.96036,0.954104,0.5,0,0.792441
recursive_gv,95,0.25,0.548909,0.97836,0.962008,0.952507,0.5,0,0.791002
recursive_gv,96,0.25,0.543796,0.99277,0.962548,0.948964,0.5,0,0.79119
recursive_gv,97,0.25,0.553977,0.990542,0.955545,0.950295,0.5,0,0.793371
recursive_gv,98,0.25,0.560204,0.996454,0.958592,0.959948,0.5,0,0.799802
recursive_gv,99,0.25,0.55466,0.99503,0.973463,0.974197,0.5,0,0.803805
recursive_gv,100,0.25,0.549307,0.991121,0.969328,0.970122,0.5,0,0.799892
recursive_gv,101,0.25,0.548357,0.990732,0.97494,0.967632,0.5,0,0.79917
recursive_gv,102,0.25,0.540582,0.989257,0.972211,0.964896,0.5,0,0.795585
recursive_gv,103,0.25,0.543352,0.988277,0.975311,0.963295,0.5,0,0.79607
recursive_gv,104,0.25,0.542702,0.985744,0.97132,0.96194,0.5,0,0.794538
recursive_gv,105,0.25,0.543196,0.979327,0.977736,0.962169,0.5,0,0.794525
recursive_gv,106,0.25,0.539351,0.987663,0.974893,0.968638,0.5,0,0.796387
recursive_gv,107,0.25,0.538007,0.996451,0.976693,0.977444,0.5,0,0.800739
recursive_gv,108,0.25,0.54178,0.994948,0.978969,0.983018,0.5,0,0.80405
recursive_gv,109,0.25,0.529678,0.990334,0.984512,0.983325,0.5,0,0.799735
recursive_gv,110,0.25,0.534892,1.0,0.991273,0.987479,0.5,0,0.804977
recursive_gv,111,0.25,0.540203,0.99724,0.98468,0.98293,0.5,0,0.803879
recursive_gv,112,0.25,0.542603,0.984515,0.983845,0.983558,0.5,0,0.802271
recursive_gv,113,0.25,0.556618,0.986117,0.978897,0.974962,0.5,0,0.803315
recursive_gv,114,0.25,0.550665,0.991755,0.987946,0.971604,0.5,0,0.802879
recursive_gv,115,0.25,0.562006,0.998129,0.975747,0.965526,0.5,0,0.803796
recursive_gv,116,0.25,0.567194,1.0,0.960324,0.958067,0.5,0,0.801846
recursive_gv,117,0.25,0.569378,1.0,0.959384,0.954823,0.5,0,0.801288
recursive_gv,118,0.25,0.570794,1.0,0.964842,0.958549,0.5,0,0.803346
recursive_gv,119,0.25,0.568795,0.991336,0.968812,0.961951,0.5,0,0.802604
recursive_gv,120,0.25,0.559679,1.0,0.974058,0.963525,0.5,0,0.802692
recursive_gv,121,0.25,0.569297,0.993389,0.988443,0.965817,0.5,0,0.806774
recursive_gv,122,0.25,0.568821,1.0,0.984398,0.966367,0.5,0,0.807348
recursive_gv,123,0.25,0.575118,1.0,0.981964,0.966922,0.5,0,0.80896
recursive_gv,124,0.25,0.570476,1.0,0.981218,0.968376,0.5,0,0.808002
recursive_gv,125,0.25,0.565169,0.998436,0.982679,0.969224,0.5,0,0.806669
recursive_gv,126,0.25,0.574249,1.0,0.978646,0.965387,0.5,0,0.807854
recursive_gv,127,0.25,0.56717,1.0,0.981484,0.965925,0.5,0,0.806379
recursive_gv,128,0.25,0.561891,0.996721,0.97781,0.970792,0.5,0,0.805347
recursive_gv,129,0.25,0.5587,0.997466,0.982517,0.971802,0.5,0,0.805431
recursive_gv,130,0.25,0.549531,1.0,0.983014,0.972475,0.5,0,0.803582
recursive_gv,131,0.25,0.540708,0.99,0.978972,0.974143,0.5,0,0.799331
recursive_gv,132,0.25,0.529321,0.984861,0.977326,0.972853,0.5,0,0.794624
recursive_gv,133,0.25,0.538582,0.992833,0.990073,0.970088,0.5,0,0.799555
recursive_gv,134,0.25,0.545169,0.990335,0.99555,0.972166,0.5,0,0.802479
recursive_gv,135,0.25,0.554511,0.997005,0.993219,0.973231,0.5,0,0.806069
recursive_gv,136,0.25,0.543464,1.0,0.997905,0.973665,0.5,0,0.804295
recursive_gv,137,0.25,0.539421,0.988971,1.0,0.967262,0.5,0,0.800002
recursive_gv,138,0.25,0.54207,0.991631,1.0,0.97128,0.5,0,0.802285
recursive_gv,139,0.25,0.536744,0.99366,0.990967,0.978149,0.5,0,0.801625
recursive_gv,140,0.25,0.534972,0.985947,0.98687,0.977216,0.5,0,0.799004
recursive_gv,141,0.25,0.545126,0.987751,0.984506,0.977047,0.5,0,0.801729
recursive_gv,142,0.25,0.553397,0.981304,0.980911,0.978403,0.5,0,0.802841
recursive_gv,143,0.25,0.545994,0.986388,0.976167,0.978957,0.5,0,0.80192
recursive_gv,144,0.25,0.537939,0.983642,0.973639,0.976792,0.5,0,0.798624
recursive_gv,145,0.25,0.529775,0.975792,0.977763,0.976061,0.5,0,0.795834
recursive_gv,146,0.25,0.532941,0.972841,0.979568,0.974666,0.5,0,0.797617
recursive_gv,147,0.25,0.531634,0.970556,0.963049,0.964792,0.5,0,0.792681
recursive_gv,148,0.25,0.528283,0.962893,0.957281,0.957849,0.5,0,0.788493
recursive_gv,149,0.25,0.534816,0.964581,0.964427,0.962615,0.5,0,0.792484
recursive_gv,150,0.25,0.519098,0.958291,0.963362,0.958646,0.5,0,0.786282
recursive_gv,151,0.25,0.518784,0.955935,0.952786,0.9519,0.5,0,0.783057
recursive_gv,152,0.25,0.543451,0.952887,0.966905,0.957067,0.5,0,0.792577
recursive_gv,153,0.25,0.546308,0.958999,0.966596,0.960594,0.5,0,0.794845
recursive_gv,154,0.25,0.552079,0.960192,0.960598,0.958311,0.5,0,0.795266
recursive_gv,155,0.25,0.538071,0.962461,0.961259,0.960261,0.5,0,0.791173
recursive_gv,156,0.25,0.536576,0.975224,0.9638,0.967343,0.5,0,0.795137
recursive_gv,157,0.25,0.522584,0.980039,0.960991,0.967277,0.5,0,0.791337
recursive_gv,158,0.25,0.524167,0.987058,0.967816,0.974116,0.5,0,0.795538
recursive_gv,159,0.25,0.5088,0.980304,0.957981,0.965353,0.5,0,0.787198
recursive_gv,160,0.95,0.679686,0.957543,0.93731,0.943973,0.525,1,0.824473
recursive_gv,161,0.25,0.680697,0.966073,0.939132,0.947101,0.535,1,0.827725
recursive_gv,162,0.25,0.689318,0.962726,0.934165,0.941774,0.535,1,0.826884
recursive_gv,163,0.25,0.682628,0.962467,0.928986,0.938376,0.535,1,0.823908
recursive_gv,164,0.25,0.701404,0.953423,0.932192,0.939056,0.535,1,0.828463
recursive_gv,165,0.25,0.703166,0.959508,0.934907,0.942912,0.535,1,0.832133
recursive_gv,166,0.25,0.697428,0.969634,0.94243,0.950919,0.535,1,0.835151
recursive_gv,167,0.25,0.683096,0.975364,0.950629,0.957503,0.535,1,0.834043
recursive_gv,168,0.25,0.685667,0.962983,0.954472,0.957285,0.535,1,0.832776
recursive_gv,169,0.25,0.69105,0.960562,0.964921,0.961752,0.535,1,0.837049
recursive_gv,170,0.25,0.690834,0.964906,0.96384,0.963705,0.535,1,0.837653
recursive_gv,171,0.25,0.683307,0.952614,0.966414,0.956338,0.535,1,0.831568
recursive_gv,172,0.25,0.670135,0.944216,0.97003,0.950632,0.535,1,0.826305
recursive_gv,173,0.25,0.660608,0.942038,0.973233,0.949494,0.535,1,0.823779
recursive_gv,174,0.25,0.669328,0.942351,0.962963,0.948064,0.535,1,0.823841
recursive_gv,175,0.25,0.664116,0.937839,0.964548,0.946455,0.535,1,0.823553
recursive_gv,176,0.25,0.665094,0.931925,0.973125,0.944643,0.535,1,0.8248
recursive_gv,177,0.25,0.676972,0.931505,0.972157,0.944688,0.535,1,0.829173
recursive_gv,178,0.25,0.660219,0.936392,0.969544,0.947345,0.535,1,0.825811
recursive_gv,179,0.25,0.647294,0.940008,0.971767,0.950497,0.535,1,0.823622
recursive_gv,180,0.25,0.660262,0.944382,0.972794,0.953771,0.535,1,0.828617
recursive_gv,181,0.25,0.668582,0.947371,0.976246,0.956893,0.535,1,0.832481
recursive_gv,182,0.25,0.686904,0.944534,0.983924,0.957004,0.535,1,0.838405
recursive_gv,183,0.25,0.686397,0.943001,0.987896,0.956845,0.535,1,0.838752
recursive_gv,184,0.25,0.699165,0.951337,0.997793,0.964644,0.535,1,0.846567
recursive_gv,185,0.25,0.705794,0.949405,0.998643,0.96324,0.535,1,0.847933
recursive_gv,186,0.25,0.707814,0.948353,0.99723,0.96241,0.535,1,0.848082
recursive_gv,187,0.25,0.702023,0.947961,0.992727,0.960805,0.535,1,0.844789
recursive_gv,188,0.25,0.701452,0.953115,0.994879,0.963831,0.535,1,0.845565
recursive_gv,189,0.25,0.710007,0.949185,1.0,0.961936,0.535,1,0.848225
recursive_gv,190,0.25,0.713872,0.950631,1.0,0.963241,0.535,1,0.849893
recursive_gv,191,0.25,0.698665,0.955349,0.997758,0.967185,0.535,1,0.847142
recursive_gv,192,0.25,0.696884,0.962893,0.999058,0.972946,0.535,1,0.849054
recursive_gv,193,0.25,0.711352,0.959783,0.997151,0.969256,0.535,1,0.850874
recursive_gv,194,0.25,0.707695,0.958229,0.994139,0.967937,0.535,1,0.848949
recursive_gv,195,0.25,0.690749,0.962291,0.981643,0.968669,0.535,1,0.843419
recursive_gv,196,0.25,0.690435,0.971276,0.982075,0.974737,0.535,1,0.846094
recursive_gv,197,0.25,0.672516,0.971701,0.992888,0.97834,0.535,1,0.843531
recursive_gv,198,0.25,0.676147,0.97842,0.992598,0.982997,0.535,1,0.846264
recursive_gv,199,0.25,0.685167,0.983671,0.988632,0.985245,0.535,1,0.848985
recursive_gv,200,0.25,0.676696,0.990294,0.989859,0.989569,0.535,1,0.848798
recursive_gv,201,0.25,0.682944,0.992324,0.989795,0.990481,0.535,1,0.851063
recursive_gv,202,0.25,0.679208,0.991114,0.987331,0.988461,0.535,1,0.849114
recursive_gv,203,0.25,0.672461,1.0,0.985133,0.989298,0.535,1,0.848529
recursive_gv,204,0.25,0.657701,0.998578,0.982162,0.986942,0.535,1,0.843322
recursive_gv,205,0.25,0.658083,0.997881,0.989114,0.991801,0.535,1,0.845138
recursive_gv,206,0.25,0.660266,1.0,0.990493,0.992555,0.535,1,0.846099
recursive_gv,207,0.25,0.649794,0.997198,0.990142,0.99131,0.535,1,0.842062
recursive_gv,208,0.25,0.646246,0.991799,0.994129,0.99248,0.535,1,0.841714
recursive_gv,209,0.25,0.649196,0.980627,0.985467,0.982086,0.535,1,0.837298
recursive_gv,210,0.25,0.643966,0.976341,0.986141,0.979576,0.535,1,0.834923
recursive_gv,211,0.25,0.660856,0.975494,0.987259,0.979329,0.535,1,0.839394
recursive_gv,212,0.25,0.671736,0.986248,0.983087,0.983758,0.535,1,0.844817
recursive_gv,213,0.25,0.680532,0.98613,0.982497,0.983358,0.535,1,0.847105
recursive_gv,214,0.25,0.694058,0.987758,0.982407,0.983343,0.535,1,0.849396
recursive_gv,215,0.25,0.691904,0.981537,0.987846,0.979024,0.535,1,0.847246
recursive_gv,216,0.25,0.689207,0.989347,0.984579,0.982339,0.535,1,0.848117
recursive_gv,217,0.25,0.697434,0.994784,0.984865,0.97601,0.535,1,0.84954
recursive_gv,218,0.25,0.698274,0.996665,0.980916,0.979264,0.535,1,0.850722
recursive_gv,219,0.25,0.69191,0.99402,0.993088,0.986694,0.535,1,0.852103
recursive_gv,220,0.25,0.684577,0.990076,0.989218,0.986745,0.535,1,0.848842
recursive_gv,221,0.25,0.681661,0.988204,0.984793,0.984731,0.535,1,0.846575
recursive_gv,222,0.25,0.670556,0.990654,0.993553,0.986402,0.535,1,0.845609
recursive_gv,223,0.25,0.67895,0.985043,0.99362,0.980742,0.535,1,0.845592
recursive_gv,224,0.25,0.678734,0.977934,0.99375,0.980604,0.535,1,0.845143
recursive_gv,225,0.25,0.680483,0.984745,0.996341,0.983813,0.535,1,0.847487
recursive_gv,226,0.25,0.694495,0.978931,1.0,0.981855,0.535,1,0.851234
recursive_gv,227,0.25,0.697991,0.992392,1.0,0.987562,0.535,1,0.854997
recursive_gv,228,0.25,0.699792,0.991638,1.0,0.990337,0.535,1,0.856287
recursive_gv,229,0.25,0.704462,0.990827,1.0,0.99088,0.535,1,0.857731
recursive_gv,230,0.25,0.713284,0.986618,0.999648,0.987319,0.535,1,0.85866
recursive_gv,231,0.25,0.713409,0.998108,0.989387,0.989057,0.535,1,0.859148
recursive_gv,232,0.25,0.716711,0.992391,0.981171,0.980847,0.535,1,0.855626
recursive_gv,233,0.25,0.709849,0.989633,0.994392,0.981603,0.535,1,0.855219
recursive_gv,234,0.25,0.71936,0.996054,0.986579,0.978332,0.535,1,0.856809
recursive_gv,235,0.25,0.735792,0.991609,0.98404,0.97973,0.535,1,0.86072
recursive_gv,236,0.25,0.742234,0.986796,0.98135,0.980076,0.535,1,0.861454
recursive_gv,237,0.25,0.741326,0.987078,0.975782,0.979356,0.535,1,0.861581
recursive_gv,238,0.25,0.750948,0.987664,0.977057,0.978921,0.535,1,0.86351
recursive_gv,239,0.25,0.761963,0.988521,0.979018,0.976655,0.535,1,0.865996
recursive_gv,240,0.95,0.774262,0.999323,0.975951,0.976982,0.535,1,0.871446
recursive_gv,241,0.25,0.774298,1.0,0.97399,0.978801,0.535,1,0.87241
recursive_gv,242,0.25,0.767933,1.0,0.974708,0.981352,0.535,1,0.872094
recursive_gv,243,0.25,0.768162,1.0,0.983,0.987762,0.535,1,0.874757
recursive_gv,244,0.25,0.773483,0.997325,0.986177,0.989592,0.535,1,0.876557
recursive_gv,245,0.25,0.779362,0.998973,0.990679,0.992915,0.535,1,0.879515
recursive_gv,246,0.25,0.786593,1.0,0.993935,0.995634,0.535,1,0.88283
recursive_gv,247,0.25,0.786691,1.0,0.99517,0.996523,0.535,1,0.883187
recursive_gv,248,0.25,0.782686,1.0,0.98271,0.987553,0.535,1,0.878746
recursive_gv,249,0.25,0.798744,1.0,0.978492,0.984275,0.535,1,0.881898
recursive_gv,250,0.25,0.797297,0.998028,0.974662,0.981461,0.535,1,0.880303
recursive_gv,251,0.25,0.790327,0.988141,0.977326,0.980896,0.535,1,0.876983
recursive_gv,252,0.25,0.795736,0.99795,0.984023,0.988171,0.535,1,0.882342
recursive_gv,253,0.25,0.782672,0.984832,0.984482,0.983839,0.535,1,0.875885
recursive_gv,254,0.25,0.7893,0.983689,0.980807,0.981394,0.535,1,0.87619
recursive_gv,255,0.25,0.797048,0.981282,0.979678,0.979422,0.535,1,0.877877
recursive_gv,256,0.25,0.806982,0.976354,0.9735,0.973546,0.535,1,0.877954
recursive_gv,257,0.25,0.801062,0.985161,0.985884,0.984945,0.535,1,0.881027
recursive_gv,258,0.25,0.783005,0.992085,0.981182,0.984763,0.535,1,0.876801
recursive_gv,259,0.25,0.783457,0.987474,0.980492,0.982704,0.535,1,0.875726
recursive_gv,260,0.25,0.80134,0.985553,0.990057,0.98684,0.535,1,0.881435
recursive_gv,261,0.25,0.798051,0.995235,0.991481,0.982188,0.535,1,0.880489
recursive_gv,262,0.25,0.79095,1.0,0.99658,0.982823,0.535,1,0.880219
recursive_gv,263,0.25,0.797681,0.993223,0.999434,0.984154,0.535,1,0.881912
recursive_gv,264,0.25,0.801862,0.994049,1.0,0.979167,0.535,1,0.881851
recursive_gv,265,0.25,0.811075,0.996162,1.0,0.979735,0.535,1,0.884904
recursive_gv,266,0.25,0.812597,0.989395,1.0,0.971915,0.535,1,0.8821
recursive_gv,267,0.25,0.810523,0.987041,1.0,0.969139,0.535,1,0.880389
recursive_gv,268,0.25,0.811978,0.983745,1.0,0.969914,0.535,1,0.880592
recursive_gv,269,0.25,0.82431,0.992658,1.0,0.971723,0.535,1,0.885788
recursive_gv,270,0.25,0.826964,0.999457,1.0,0.958876,0.535,1,0.883875
recursive_gv,271,0.25,0.835416,0.997667,1.0,0.962616,0.535,1,0.887036
recursive_gv,272,0.25,0.846586,0.990135,0.999657,0.961732,0.535,1,0.888721
recursive_gv,273,0.25,0.850017,0.998308,1.0,0.967478,0.535,1,0.892617
recursive_gv,274,0.25,0.840329,0.999359,0.999795,0.966471,0.535,1,0.889747
recursive_gv,275,0.25,0.852989,1.0,1.0,0.969985,0.535,1,0.894432
recursive_gv,276,0.25,0.854429,1.0,0.994358,0.967411,0.535,1,0.893232
recursive_gv,277,0.25,0.86793,1.0,0.991271,0.964104,0.535,1,0.895604
recursive_gv,278,0.25,0.871823,1.0,0.991185,0.967351,0.535,1,0.897617
recursive_gv,279,0.25,0.867831,0.999135,0.984357,0.968685,0.535,1,0.895794
recursive_gv,280,0.25,0.876752,1.0,0.98408,0.975713,0.535,1,0.900506
recursive_gv,281,0.25,0.88886,1.0,0.983828,0.977691,0.535,1,0.904474
recursive_gv,282,0.25,0.880667,0.993238,0.976541,0.974816,0.535,1,0.899324
recursive_gv,283,0.25,0.870182,0.994347,0.976707,0.978648,0.535,1,0.898023
recursive_gv,284,0.25,0.874833,0.990346,0.981321,0.981888,0.535,1,0.899896
recursive_gv,285,0.25,0.868941,0.987864,0.980842,0.982925,0.535,1,0.898479
recursive_gv,286,0.25,0.884545,0.992293,0.983992,0.985074,0.535,1,0.904292
recursive_gv,287,0.25,0.880986,0.988336,0.96913,0.973185,0.535,1,0.897803
recursive_gv,288,0.25,0.884935,0.986445,0.972494,0.970681,0.535,1,0.897536
recursive_gv,289,0.25,0.896155,0.986145,0.962728,0.964498,0.535,1,0.897937
recursive_gv,290,0.25,0.899224,0.978072,0.978108,0.966817,0.535,1,0.899605
recursive_gv,291,0.25,0.891925,0.972546,0.976085,0.969108,0.535,1,0.897077
recursive_gv,292,0.25,0.889835,0.96735,0.97971,0.968644,0.535,1,0.896643
recursive_gv,293,0.25,0.893041,0.967703,0.980938,0.968737,0.535,1,0.897813
recursive_gv,294,0.25,0.911869,0.969799,0.981499,0.971031,0.535,1,0.904131
recursive_gv,295,0.25,0.918989,0.973397,0.979559,0.975179,0.535,1,0.907669
recursive_gv,296,0.25,0.912228,0.976345,0.981625,0.978089,0.535,1,0.907795
recursive_gv,297,0.25,0.912354,0.974257,0.982214,0.976883,0.535,1,0.907729
recursive_gv,298,0.25,0.915766,0.974524,0.988755,0.977888,0.535,1,0.909586
recursive_gv,299,0.25,0.92287,0.968561,0.990221,0.974652,0.535,1,0.91099
recursive_gv,300,0.25,0.911909,0.963317,0.993781,0.968871,0.535,1,0.905697
recursive_gv,301,0.25,0.917204,0.963137,0.989803,0.967979,0.535,1,0.906043
recursive_gv,302,0.25,0.92208,0.959459,0.986909,0.966031,0.535,1,0.906325
recursive_gv,303,0.25,0.917442,0.9488,0.989526,0.95887,0.535,1,0.902849
recursive_gv,304,0.25,0.910143,0.950489,0.992739,0.960564,0.535,1,0.902031
recursive_gv,305,0.25,0.916781,0.951405,0.997397,0.961686,0.535,1,0.905128
recursive_gv,306,0.25,0.928152,0.947547,0.997619,0.960572,0.535,1,0.908441
recursive_gv,307,0.25,0.9262,0.938963,0.984072,0.953148,0.535,1,0.90406
recursive_gv,308,0.25,0.922527,0.942982,0.978888,0.954589,0.535,1,0.902756
recursive_gv,309,0.25,0.912221,0.932148,0.969967,0.944608,0.535,1,0.895356
recursive_gv,310,0.25,0.9175,0.940025,0.971012,0.950257,0.535,1,0.898903
recursive_gv,311,0.25,0.915167,0.949138,0.983185,0.960092,0.535,1,0.903476
recursive_gv,312,0.25,0.912671,0.950765,0.986493,0.961175,0.535,1,0.902552
recursive_gv,313,0.25,0.924125,0.948961,0.977994,0.957713,0.535,1,0.902733
recursive_gv,314,0.25,0.918545,0.952019,0.972815,0.957924,0.535,1,0.899621
recursive_gv,315,0.25,0.92273,0.951528,0.970543,0.957746,0.535,1,0.90143
recursive_gv,316,0.25,0.932905,0.949552,0.971775,0.95681,0.535,1,0.904386
recursive_gv,317,0.25,0.933141,0.94764,0.975058,0.955742,0.535,1,0.903673
recursive_gv,318,0.25,0.936626,0.948069,0.978541,0.956374,0.535,1,0.905247
recursive_gv,319,0.25,0.941976,0.953227,0.976173,0.959343,0.535,1,0.907264
recursive_gv,320,0.95,0.999384,0.94177,0.954533,0.945661,0.56,2,0.916727
recursive_gv,321,0.25,1.0,0.939934,0.952048,0.943937,0.57,2,0.917832
recursive_gv,322,0.25,0.980972,0.94088,0.954312,0.945255,0.57,2,0.913134
recursive_gv,323,0.25,0.967495,0.925756,0.949898,0.933641,0.57,2,0.904795
recursive_gv,324,0.25,0.961747,0.916558,0.950021,0.927599,0.57,2,0.902368
recursive_gv,325,0.25,0.961887,0.924222,0.951723,0.93331,0.57,2,0.904706
recursive_gv,326,0.25,0.966662,0.92834,0.952411,0.936295,0.57,2,0.907102
recursive_gv,327,0.25,0.96497,0.937985,0.947627,0.940218,0.57,2,0.909096
recursive_gv,328,0.25,0.958222,0.942993,0.945375,0.941927,0.57,2,0.907986
recursive_gv,329,0.25,0.958158,0.950437,0.950207,0.948747,0.57,2,0.910239
recursive_gv,330,0.25,0.961325,0.954057,0.947729,0.94866,0.57,2,0.912542
recursive_gv,331,0.25,0.95732,0.951171,0.948008,0.947487,0.57,2,0.910609
recursive_gv,332,0.25,0.966196,0.952919,0.953714,0.951165,0.57,2,0.915514
recursive_gv,333,0.25,0.970417,0.957968,0.958097,0.956372,0.57,2,0.918481
recursive_gv,334,0.25,0.969108,0.955052,0.950579,0.950572,0.57,2,0.916068
recursive_gv,335,0.25,0.959393,0.955022,0.95103,0.950741,0.57,2,0.913599
recursive_gv,336,0.25,0.949561,0.959557,0.943368,0.94834,0.57,2,0.909847
recursive_gv,337,0.25,0.949575,0.962347,0.954744,0.956855,0.57,2,0.912295
recursive_gv,338,0.25,0.930478,0.971896,0.943912,0.95316,0.57,2,0.908087
recursive_gv,339,0.25,0.941801,0.979286,0.94306,0.954718,0.57,2,0.912364
recursive_gv,340,0.25,0.9491,0.977398,0.93994,0.952136,0.57,2,0.913525
recursive_gv,341,0.25,0.947468,0.978752,0.937977,0.951013,0.57,2,0.91247
recursive_gv,342,0.25,0.946834,0.977264,0.93888,0.951361,0.57,2,0.912567
recursive_gv,343,0.25,0.951252,0.979515,0.930073,0.945794,0.57,2,0.911972
recursive_gv,344,0.25,0.945847,0.973426,0.933644,0.94637,0.57,2,0.909048
recursive_gv,345,0.25,0.9431,0.983994,0.930788,0.946552,0.57,2,0.90964
recursive_gv,346,0.25,0.941514,0.98613,0.939524,0.952829,0.57,2,0.91154
recursive_gv,347,0.25,0.930844,0.990068,0.943762,0.957322,0.57,2,0.911373
recursive_gv,348,0.25,0.920398,0.976264,0.962741,0.967091,0.57,2,0.910951
recursive_gv,349,0.25,0.923627,0.968424,0.959146,0.961517,0.57,2,0.90936
recursive_gv,350,0.25,0.918519,0.962058,0.957338,0.95757,0.57,2,0.905758
recursive_gv,351,0.25,0.918012,0.956115,0.958331,0.954943,0.57,2,0.904607
recursive_gv,352,0.25,0.92223,0.964751,0.960475,0.960809,0.57,2,0.90786
recursive_gv,353,0.25,0.909959,0.965059,0.963585,0.962956,0.57,2,0.90467
recursive_gv,354,0.25,0.917297,0.955403,0.954098,0.953176,0.57,2,0.901436
recursive_gv,355,0.25,0.925425,0.96655,0.955606,0.959144,0.57,2,0.906614
recursive_gv,356,0.25,0.929222,0.966426,0.955596,0.958764,0.57,2,0.908836
recursive_gv,357,0.25,0.94087,0.957956,0.973123,0.962945,0.57,2,0.913984
recursive_gv,358,0.25,0.9488,0.956296,0.978884,0.963741,0.57,2,0.917697
recursive_gv,359,0.25,0.94419,0.957944,0.978856,0.964855,0.57,2,0.91718
recursive_gv,360,0.25,0.944626,0.962906,0.967242,0.963325,0.57,2,0.915478
recursive_gv,361,0.25,0.954549,0.965273,0.977024,0.968939,0.57,2,0.92156
recursive_gv,362,0.25,0.954429,0.968817,0.975056,0.970244,0.57,2,0.921966
recursive_gv,363,0.25,0.957958,0.974212,0.973961,0.972879,0.57,2,0.923657
recursive_gv,364,0.25,0.965454,0.972025,0.968367,0.968545,0.57,2,0.924223
recursive_gv,365,0.25,0.974517,0.977462,0.982443,0.978709,0.57,2,0.931493
recursive_gv,366,0.25,0.979279,0.974827,0.980271,0.976507,0.57,2,0.93068
recursive_gv,367,0.25,0.984639,0.975224,0.974297,0.974325,0.57,2,0.92985
recursive_gv,368,0.25,0.988241,0.97106,0.977877,0.973002,0.57,2,0.932237
recursive_gv,369,0.25,0.966944,0.987886,0.967478,0.973903,0.57,2,0.927404
recursive_gv,370,0.25,0.962024,0.989974,0.956077,0.966158,0.57,2,0.923374
recursive_gv,371,0.25,0.956278,0.981948,0.956624,0.964703,0.57,2,0.92002
recursive_gv,372,0.25,0.947771,0.985632,0.961562,0.968458,0.57,2,0.9189
recursive_gv,373,0.25,0.949863,0.980294,0.963845,0.969281,0.57,2,0.920142
recursive_gv,374,0.25,0.941154,0.983268,0.963918,0.970227,0.57,2,0.918272
recursive_gv,375,0.25,0.947683,0.984008,0.964691,0.971062,0.57,2,0.921044
recursive_gv,376,0.25,0.955351,0.985299,0.959768,0.968059,0.57,2,0.922177
recursive_gv,377,0.25,0.951734,0.984303,0.955239,0.964642,0.57,2,0.91976
recursive_gv,378,0.25,0.954187,0.984541,0.952565,0.961866,0.57,2,0.918141
recursive_gv,379,0.25,0.949245,0.97967,0.955795,0.963516,0.57,2,0.917293
recursive_gv,380,0.25,0.961517,0.975613,0.956374,0.962726,0.57,2,0.92
recursive_gv,381,0.25,0.963364,0.977183,0.947819,0.957035,0.57,2,0.917958
recursive_gv,382,0.25,0.947761,0.985959,0.952461,0.96142,0.57,2,0.91604
recursive_gv,383,0.25,0.963929,0.99487,0.953242,0.963032,0.57,2,0.922666
recursive_gv,384,0.25,0.966007,0.990988,0.954243,0.965131,0.57,2,0.924343
recursive_gv,385,0.25,0.958623,0.983074,0.956448,0.964752,0.57,2,0.92067
recursive_gv,386,0.25,0.946667,0.987748,0.951458,0.962149,0.57,2,0.917019
recursive_gv,387,0.25,0.961414,0.989163,0.96466,0.972211,0.57,2,0.925421
recursive_gv,388,0.25,0.960744,0.991578,0.973085,0.979003,0.57,2,0.928528
recursive_gv,389,0.25,0.95912,0.99089,0.980759,0.984106,0.57,2,0.929943
recursive_gv,390,0.25,0.95417,0.985752,0.986343,0.985596,0.57,2,0.928147
recursive_gv,391,0.25,0.959536,0.982931,0.996157,0.983649,0.57,2,0.929643
recursive_gv,392,0.25,0.963087,0.971028,1.0,0.977683,0.57,2,0.929224
recursive_gv,393,0.25,0.956369,0.962526,1.0,0.970386,0.57,2,0.924302
recursive_gv,394,0.25,0.959512,0.953879,0.994111,0.965018,0.57,2,0.922688
recursive_gv,395,0.25,0.957421,0.955442,0.991641,0.96577,0.57,2,0.92201
recursive_gv,396,0.25,0.953779,0.953181,0.98755,0.963978,0.57,2,0.92041
recursive_gv,397,0.25,0.94732,0.94749,0.986998,0.959853,0.57,2,0.91704
recursive_gv,398,0.25,0.947031,0.949676,0.986756,0.961159,0.57,2,0.917136
recursive_gv,399,0.25,0.951666,0.956336,0.990709,0.966948,0.57,2,0.921369
recursive_gv,400,0.95,1.0,0.949578,0.974016,0.956926,0.595,3,0.929876
recursive_gv,401,0.25,1.0,0.962688,0.969032,0.964638,0.605,3,0.933948
recursive_gv,402,0.25,1.0,0.962575,0.972884,0.96565,0.605,3,0.933794
recursive_gv,403,0.25,1.0,0.964667,0.985439,0.967352,0.605,3,0.936456
recursive_gv,404,0.25,1.0,0.966969,0.999229,0.968793,0.605,3,0.939673
recursive_gv,405,0.25,1.0,0.966163,0.989622,0.967097,0.605,3,0.93716
recursive_gv,406,0.25,0.9866,0.965051,0.989528,0.969506,0.605,3,0.934441
recursive_gv,407,0.25,0.992271,0.960792,0.995167,0.969091,0.605,3,0.93731
recursive_gv,408,0.25,0.996651,0.954439,1.0,0.967009,0.605,3,0.939342
recursive_gv,409,0.25,0.992896,0.954902,0.997477,0.966695,0.605,3,0.937628
recursive_gv,410,0.25,0.996132,0.962347,0.999782,0.971371,0.605,3,0.940241
recursive_gv,411,0.25,0.992629,0.962414,1.0,0.972942,0.605,3,0.940524
recursive_gv,412,0.25,0.994579,0.955428,1.0,0.967172,0.605,3,0.938551
recursive_gv,413,0.25,0.98273,0.959139,0.994755,0.969198,0.605,3,0.935211
recursive_gv,414,0.25,0.991906,0.960062,0.999487,0.969733,0.605,3,0.938403
recursive_gv,415,0.25,1.0,0.963312,0.996327,0.971505,0.605,3,0.94073
recursive_gv,416,0.25,0.992265,0.958802,1.0,0.968031,0.605,3,0.937717
recursive_gv,417,0.25,1.0,0.953502,0.998803,0.963421,0.605,3,0.937761
recursive_gv,418,0.25,0.993923,0.959253,0.999506,0.969017,0.605,3,0.938659
recursive_gv,419,0.25,1.0,0.949108,0.990011,0.961652,0.605,3,0.93704
recursive_gv,420,0.25,1.0,0.953299,0.993753,0.965376,0.605,3,0.938914
recursive_gv,421,0.25,1.0,0.948975,0.998859,0.963104,0.605,3,0.938783
recursive_gv,422,0.25,1.0,0.952565,0.991529,0.964427,0.605,3,0.938268
recursive_gv,423,0.25,1.0,0.952519,0.989212,0.963912,0.605,3,0.937781
recursive_gv,424,0.25,1.0,0.94912,0.988508,0.960957,0.605,3,0.936134
recursive_gv,425,0.25,1.0,0.961789,0.987313,0.968175,0.605,3,0.937552
recursive_gv,426,0.25,1.0,0.962206,0.98509,0.967163,0.605,3,0.936489
recursive_gv,427,0.25,1.0,0.95297,0.987526,0.962361,0.605,3,0.935642
recursive_gv,428,0.25,0.993787,0.948505,0.982415,0.959215,0.605,3,0.932951
recursive_gv,429,0.25,0.981357,0.952432,0.983815,0.962146,0.605,3,0.930477
recursive_gv,430,0.25,0.973846,0.96045,0.98581,0.968482,0.605,3,0.931309
recursive_gv,431,0.25,0.977468,0.958886,0.985022,0.967371,0.605,3,0.932279
recursive_gv,432,0.25,0.968691,0.958931,0.990529,0.968756,0.605,3,0.930987
recursive_gv,433,0.25,0.963325,0.967875,0.99118,0.975239,0.605,3,0.93199
recursive_gv,434,0.25,0.954213,0.972187,0.997492,0.979579,0.605,3,0.931857
recursive_gv,435,0.25,0.94264,0.977165,0.998823,0.982457,0.605,3,0.929434
recursive_gv,436,0.25,0.944876,0.974532,0.998876,0.977597,0.605,3,0.927774
recursive_gv,437,0.25,0.946003,0.968739,0.984153,0.973649,0.605,3,0.924724
recursive_gv,438,0.25,0.948689,0.974905,0.989818,0.979362,0.605,3,0.928466
recursive_gv,439,0.25,0.946352,0.978221,0.998521,0.982589,0.605,3,0.930318
recursive_gv,440,0.25,0.950337,0.981191,1.0,0.98646,0.605,3,0.933684
recursive_gv,441,0.25,0.944956,0.994937,0.999507,0.996069,0.605,3,0.935552
recursive_gv,442,0.25,0.948566,0.988596,1.0,0.989488,0.605,3,0.93389
recursive_gv,443,0.25,0.953979,1.0,0.993862,0.995581,0.605,3,0.938079
recursive_gv,444,0.25,0.956643,0.99621,0.991367,0.992807,0.605,3,0.936989
recursive_gv,445,0.25,0.947566,0.993675,0.992336,0.992596,0.605,3,0.934512
recursive_gv,446,0.25,0.957898,0.985005,0.989979,0.986548,0.605,3,0.934694
recursive_gv,447,0.25,0.952009,0.991082,0.987107,0.98842,0.605,3,0.933287
recursive_gv,448,0.25,0.953058,0.988225,0.984172,0.985402,0.605,3,0.931424
recursive_gv,449,0.25,0.954513,0.986222,0.991271,0.987576,0.605,3,0.933226
recursive_gv,450,0.25,0.959641,0.982982,0.981651,0.982066,0.605,3,0.931054
recursive_gv,451,0.25,0.954653,0.989405,0.988052,0.98814,0.605,3,0.934341
recursive_gv,452,0.25,0.968432,0.999286,0.987035,0.990561,0.605,3,0.940166
recursive_gv,453,0.25,0.968961,0.99849,0.98368,0.98398,0.605,3,0.937078
recursive_gv,454,0.25,0.964282,0.992086,0.986727,0.980552,0.605,3,0.933761
recursive_gv,455,0.25,0.969151,0.989934,0.986765,0.975879,0.605,3,0.933411
recursive_gv,456,0.25,0.97165,0.991822,0.990193,0.97457,0.605,3,0.934557
recursive_gv,457,0.25,0.980308,0.996212,0.98729,0.976729,0.605,3,0.937923
recursive_gv,458,0.25,0.990418,0.992944,0.978758,0.969308,0.605,3,0.936897
recursive_gv,459,0.25,1.0,0.988795,0.975849,0.966614,0.605,3,0.937676
recursive_gv,460,0.25,1.0,0.981468,0.983116,0.967939,0.605,3,0.937864
recursive_gv,461,0.25,0.991611,0.991591,0.991996,0.969695,0.605,3,0.938992
recursive_gv,462,0.25,0.985241,0.986397,0.992244,0.969792,0.605,3,0.936491
recursive_gv,463,0.25,1.0,0.985268,0.992882,0.967768,0.605,3,0.939984
recursive_gv,464,0.25,0.998137,0.985715,0.993019,0.972196,0.605,3,0.94083
recursive_gv,465,0.25,1.0,0.986106,0.994626,0.972114,0.605,3,0.941656
recursive_gv,466,0.25,1.0,0.985595,0.993668,0.972241,0.605,3,0.941458
recursive_gv,467,0.25,1.0,0.982696,0.998457,0.97551,0.605,3,0.942916
recursive_gv,468,0.25,0.996171,0.98724,0.987051,0.980497,0.605,3,0.941909
recursive_gv,469,0.25,0.989296,0.989635,0.98373,0.977208,0.605,3,0.93896
recursive_gv,470,0.25,0.996133,0.984364,0.983917,0.975832,0.605,3,0.93962
recursive_gv,471,0.25,1.0,0.989776,0.989511,0.97007,0.605,3,0.940775
recursive_gv,472,0.25,0.996114,0.991516,0.984208,0.971681,0.605,3,0.939647
recursive_gv,473,0.25,0.998131,0.989024,0.983313,0.965813,0.605,3,0.93797
recursive_gv,474,0.25,1.0,0.983076,0.977741,0.965187,0.605,3,0.936514
recursive_gv,475,0.25,0.991792,0.99029,0.977892,0.962566,0.605,3,0.93471
recursive_gv,476,0.25,1.0,0.982266,0.974197,0.966233,0.605,3,0.936194
recursive_gv,477,0.25,0.99467,0.988614,0.981084,0.970526,0.605,3,0.93798
recursive_gv,478,0.25,0.992004,0.99068,0.973808,0.973312,0.605,3,0.937716
recursive_gv,479,0.25,0.991116,0.993111,0.981748,0.983519,0.605,3,0.942063
recursive_gv,480,0.25,0.978232,0.991434,0.985327,0.984582,0.605,3,0.938618
recursive_gv,481,0.25,0.992267,0.986809,0.984815,0.981913,0.605,3,0.940822
recursive_gv,482,0.25,0.991463,0.99295,0.979962,0.970248,0.605,3,0.937618
recursive_gv,483,0.25,0.984237,0.989238,0.981716,0.966867,0.605,3,0.93419
recursive_gv,484,0.25,0.977801,0.982883,0.978965,0.964139,0.605,3,0.930143
recursive_gv,485,0.25,0.970885,0.981276,0.976358,0.967866,0.605,3,0.928637
recursive_gv,486,0.25,0.980291,0.974952,0.976806,0.965569,0.605,3,0.929659
recursive_gv,487,0.25,0.98075,0.986138,0.97242,0.965447,0.605,3,0.93105
recursive_gv,488,0.25,0.970077,0.981852,0.970588,0.964035,0.605,3,0.926642
recursive_gv,489,0.25,0.95789,0.978668,0.974525,0.960147,0.605,3,0.922069
recursive_gv,490,0.25,0.961233,0.974646,0.977377,0.954531,0.605,3,0.9212
recursive_gv,491,0.25,0.965159,0.975779,0.984839,0.955226,0.605,3,0.923896
recursive_gv,492,0.25,0.97714,0.987586,0.981155,0.957281,0.605,3,0.929082
recursive_gv,493,0.25,0.977514,0.991545,0.986432,0.957421,0.605,3,0.930661
recursive_gv,494,0.25,0.978465,0.98451,0.980921,0.954127,0.605,3,0.928011
recursive_gv,495,0.25,0.987156,0.989497,0.984163,0.958296,0.605,3,0.932939
recursive_gv,496,0.25,0.991416,0.99268,0.976235,0.954571,0.605,3,0.932461
recursive_gv,497,0.25,1.0,1.0,0.963969,0.957278,0.605,3,0.935636
recursive_gv,498,0.25,1.0,1.0,0.973747,0.963084,0.605,3,0.938412
recursive_gv,499,0.25,1.0,1.0,0.973278,0.966173,0.605,3,0.939331
recursive_gv,500,0.25,0.996236,0.993484,0.971769,0.967212,0.605,3,0.937243
recursive_gv,501,0.25,0.990995,0.981709,0.968956,0.970579,0.605,3,0.934545
recursive_gv,502,0.25,0.997621,0.999378,0.978655,0.975882,0.605,3,0.942157
recursive_gv,503,0.25,0.987663,0.989957,0.979499,0.978545,0.605,3,0.938524
recursive_gv,504,0.25,0.984113,0.991434,0.9811,0.979179,0.605,3,0.938146
recursive_gv,505,0.25,0.978275,0.993382,0.982865,0.978651,0.605,3,0.93688
recursive_gv,506,0.25,0.987498,0.997655,0.97715,0.976504,0.605,3,0.939105
recursive_gv,507,0.25,0.98927,0.992284,0.985533,0.983966,0.605,3,0.941686
recursive_gv,508,0.25,0.998684,0.990903,0.983435,0.985828,0.605,3,0.945236
recursive_gv,509,0.25,0.988848,0.997234,0.98482,0.988605,0.605,3,0.94488
recursive_gv,510,0.25,0.989688,1.0,0.976067,0.982199,0.605,3,0.942847
recursive_gv,511,0.25,0.973127,1.0,0.973476,0.980906,0.605,3,0.93801
recursive_gv,512,0.25,0.978984,0.997268,0.969726,0.977786,0.605,3,0.938109
recursive_gv,513,0.25,0.979581,0.993142,0.963486,0.972549,0.605,3,0.935782
recursive_gv,514,0.25,0.980007,0.991925,0.96197,0.971216,0.605,3,0.935249
recursive_gv,515,0.25,0.996729,0.996728,0.97273,0.979205,0.605,3,0.943102
recursive_gv,516,0.25,0.997614,1.0,0.977796,0.984015,0.605,3,0.946017
recursive_gv,517,0.25,1.0,1.0,0.969231,0.97785,0.605,3,0.944404
recursive_gv,518,0.25,1.0,1.0,0.972782,0.978685,0.605,3,0.944083
recursive_gv,519,0.25,0.988059,1.0,0.982027,0.982073,0.605,3,0.941949
recursive_gv,520,0.25,0.982,0.997277,0.985068,0.982609,0.605,3,0.940116
recursive_gv,521,0.25,0.991523,1.0,0.978829,0.982746,0.605,3,0.943232
recursive_gv,522,0.25,1.0,0.999053,0.974985,0.978293,0.605,3,0.943536
recursive_gv,523,0.25,1.0,1.0,0.983612,0.982235,0.605,3,0.945439
recursive_gv,524,0.25,1.0,0.996188,0.988543,0.986324,0.605,3,0.946457
recursive_gv,525,0.25,1.0,1.0,0.992536,0.984646,0.605,3,0.947113
recursive_gv,526,0.25,1.0,0.997392,0.994177,0.986815,0.605,3,0.947519
recursive_gv,527,0.25,0.992631,1.0,0.994499,0.98527,0.605,3,0.945496
recursive_gv,528,0.25,0.98562,0.989555,0.998737,0.990832,0.605,3,0.944581
recursive_gv,529,0.25,0.979016,0.994393,0.998503,0.995567,0.605,3,0.944755
recursive_gv,530,0.25,0.975371,0.993215,0.984258,0.986544,0.605,3,0.939057
recursive_gv,531,0.25,0.985907,1.0,0.987399,0.981447,0.605,3,0.941588
recursive_gv,532,0.25,0.997504,1.0,0.995971,0.98336,0.605,3,0.946519
recursive_gv,533,0.25,0.998179,1.0,1.0,0.985527,0.605,3,0.947941
recursive_gv,534,0.25,0.999767,1.0,1.0,0.982854,0.605,3,0.947619
recursive_gv,535,0.25,1.0,0.990154,1.0,0.973297,0.605,3,0.943479
recursive_gv,536,0.25,1.0,0.990466,0.992101,0.975307,0.605,3,0.942793
recursive_gv,537,0.25,0.999272,0.987023,0.992142,0.972871,0.605,3,0.941382
recursive_gv,538,0.25,0.998351,0.985189,0.98914,0.980543,0.605,3,0.94258
recursive_gv,539,0.25,1.0,0.98422,0.980942,0.976282,0.605,3,0.940372
recursive_gv,540,0.25,0.994085,0.986274,0.991917,0.979271,0.605,3,0.941641
recursive_gv,541,0.25,0.98831,0.984994,0.990058,0.980015,0.605,3,0.939749
recursive_gv,542,0.25,1.0,0.985445,0.983458,0.983979,0.605,3,0.943306
recursive_gv,543,0.25,1.0,0.984425,0.987715,0.984246,0.605,3,0.943825
recursive_gv,544,0.25,1.0,0.990269,0.996748,0.983712,0.605,3,0.945971
recursive_gv,545,0.25,1.0,0.991088,0.99754,0.984542,0.605,3,0.946461
recursive_gv,546,0.25,1.0,0.99869,0.993079,0.98481,0.605,3,0.947005
recursive_gv,547,0.25,0.996475,0.989035,0.993442,0.985925,0.605,3,0.944897
recursive_gv,548,0.25,0.997403,0.991891,1.0,0.985508,0.605,3,0.946558
recursive_gv,549,0.25,0.997679,1.0,0.993035,0.98887,0.605,3,0.947779
recursive_gv,550,0.25,0.979755,1.0,0.996874,0.989109,0.605,3,0.943338
recursive_gv,551,0.25,0.97603,0.998029,0.99516,0.98682,0.605,3,0.941057
recursive_gv,552,0.25,0.986556,0.990804,0.984818,0.98651,0.605,3,0.941738
recursive_gv,553,0.25,0.98445,0.990426,0.986552,0.987036,0.605,3,0.941113
recursive_gv,554,0.25,0.977752,0.988917,0.973688,0.978542,0.605,3,0.93652
recursive_gv,555,0.25,0.984113,0.992126,0.977815,0.982199,0.605,3,0.940072
recursive_gv,556,0.25,0.977423,0.985347,0.977908,0.980362,0.605,3,0.936302
recursive_gv,557,0.25,0.981424,0.981509,0.976974,0.978309,0.605,3,0.936445
recursive_gv,558,0.25,0.984598,0.982504,0.969356,0.972614,0.605,3,0.933937
recursive_gv,559,0.25,0.990082,0.980881,0.97774,0.978533,0.605,3,0.937441
recursive_gv,560,0.25,1.0,0.987791,0.97122,0.974449,0.605,3,0.939885
recursive_gv,561,0.25,1.0,0.991501,0.9638,0.971781,0.605,3,0.94035
recursive_gv,562,0.25,0.985045,0.989662,0.950255,0.960876,0.605,3,0.93133
recursive_gv,563,0.25,0.983004,0.981421,0.951974,0.960291,0.605,3,0.928917
recursive_gv,564,0.25,0.976888,0.983631,0.946604,0.958329,0.605,3,0.92834
recursive_gv,565,0.25,0.976724,0.982389,0.944965,0.956598,0.605,3,0.927027
recursive_gv,566,0.25,0.99115,0.979628,0.933922,0.947577,0.605,3,0.926684
recursive_gv,567,0.25,0.990132,0.979465,0.943022,0.953624,0.605,3,0.928224
recursive_gv,568,0.25,0.985789,0.983567,0.94247,0.953698,0.605,3,0.927548
recursive_gv,569,0.25,0.992773,0.983092,0.941453,0.954099,0.605,3,0.930504
recursive_gv,570,0.25,0.990644,0.979706,0.949446,0.959094,0.605,3,0.93145
recursive_gv,571,0.25,0.992564,0.982372,0.950699,0.960964,0.605,3,0.933786
recursive_gv,572,0.25,0.997819,0.991176,0.952302,0.964169,0.605,3,0.937516
recursive_gv,573,0.25,1.0,0.99695,0.957592,0.969011,0.605,3,0.940699
recursive_gv,574,0.25,0.999758,0.995759,0.95672,0.966336,0.605,3,0.938507
recursive_gv,575,0.25,0.99255,0.996911,0.949552,0.962081,0.605,3,0.935387
recursive_gv,576,0.25,0.984462,0.998175,0.946936,0.959738,0.605,3,0.932214
recursive_gv,577,0.25,0.991862,0.993322,0.942661,0.956266,0.605,3,0.932285
recursive_gv,578,0.25,1.0,0.987104,0.942559,0.956125,0.605,3,0.934296
recursive_gv,579,0.25,0.993055,0.983078,0.946655,0.957942,0.605,3,0.932178
recursive_gv,580,0.25,0.996011,0.992907,0.940479,0.956028,0.605,3,0.934216
recursive_gv,581,0.25,0.999777,1.0,0.944305,0.959648,0.605,3,0.937456
recursive_gv,582,0.25,0.999392,1.0,0.944832,0.960285,0.605,3,0.937734
recursive_gv,583,0.25,0.992284,0.991546,0.946231,0.958821,0.605,3,0.933197
recursive_gv,584,0.25,0.984424,1.0,0.941981,0.955119,0.605,3,0.930417
recursive_gv,585,0.25,0.998918,0.999304,0.943576,0.957953,0.605,3,0.935969
recursive_gv,586,0.25,1.0,0.995831,0.948089,0.959273,0.605,3,0.935669
recursive_gv,587,0.25,1.0,1.0,0.952349,0.959006,0.605,3,0.935827
recursive_gv,588,0.25,0.995564,0.99897,0.946348,0.954847,0.605,3,0.932746
recursive_gv,589,0.25,0.999771,1.0,0.941932,0.948677,0.605,3,0.9315
recursive_gv,590,0.25,0.987336,1.0,0.946065,0.949275,0.605,3,0.928278
recursive_gv,591,0.25,1.0,1.0,0.952386,0.953072,0.605,3,0.933448
recursive_gv,592,0.25,1.0,0.987957,0.962779,0.958097,0.605,3,0.933518
recursive_gv,593,0.25,0.998161,0.990257,0.957283,0.955078,0.605,3,0.932024
recursive_gv,594,0.25,1.0,0.992848,0.956685,0.957423,0.605,3,0.933843
recursive_gv,595,0.25,1.0,0.995639,0.963683,0.964355,0.605,3,0.937208
recursive_gv,596,0.25,1.0,0.995244,0.959357,0.961581,0.605,3,0.935957
recursive_gv,597,0.25,1.0,0.991192,0.96779,0.962424,0.605,3,0.935968
recursive_gv,598,0.25,0.999919,0.986415,0.961255,0.9581,0.605,3,0.93308
recursive_gv,599,0.25,1.0,0.98312,0.959241,0.957957,0.605,3,0.932286
recursive_gv,600,0.25,1.0,0.984538,0.961878,0.959331,0.605,3,0.933203
recursive_gv,601,0.25,1.0,0.99298,0.951747,0.953299,0.605,3,0.93216
recursive_gv,602,0.25,1.0,0.987566,0.945471,0.952045,0.605,3,0.930639
recursive_gv,603,0.25,0.986961,0.993097,0.949942,0.954994,0.605,3,0.92919
recursive_gv,604,0.25,0.987053,1.0,0.941831,0.946285,0.605,3,0.926957
recursive_gv,605,0.25,0.98784,0.997022,0.94752,0.95318,0.605,3,0.929437
recursive_gv,606,0.25,0.993324,0.998749,0.94923,0.951287,0.605,3,0.930564
recursive_gv,607,0.25,0.983516,0.997897,0.952223,0.949299,0.605,3,0.927077
recursive_gv,608,0.25,0.977514,0.991548,0.949976,0.945674,0.605,3,0.922792
recursive_gv,609,0.25,0.97717,0.996706,0.948891,0.944454,0.605,3,0.923194
recursive_gv,610,0.25,0.977986,1.0,0.940762,0.94446,0.605,3,0.923684
recursive_gv,611,0.25,0.985112,0.998017,0.95119,0.950298,0.605,3,0.927839
recursive_gv,612,0.25,0.983006,0.994658,0.947048,0.95176,0.605,3,0.927047
recursive_gv,613,0.25,0.983769,0.986164,0.9489,0.950734,0.605,3,0.925251
recursive_gv,614,0.25,0.983895,0.992942,0.953153,0.954947,0.605,3,0.928308
recursive_gv,615,0.25,0.98221,0.997911,0.951249,0.956278,0.605,3,0.929296
recursive_gv,616,0.25,0.976478,0.99381,0.949511,0.952059,0.605,3,0.925201
recursive_gv,617,0.25,0.98789,0.987732,0.959052,0.95707,0.605,3,0.929462
recursive_gv,618,0.25,0.983436,0.987254,0.954881,0.953422,0.605,3,0.926603
recursive_gv,619,0.25,0.988232,0.993829,0.948409,0.951925,0.605,3,0.928425
recursive_gv,620,0.25,0.978533,0.995456,0.951405,0.954348,0.605,3,0.927019
recursive_gv,621,0.25,0.986522,1.0,0.945794,0.95461,0.605,3,0.930319
recursive_gv,622,0.25,0.984592,0.989989,0.9392,0.949429,0.605,3,0.92594
recursive_gv,623,0.25,0.985729,0.986601,0.937003,0.945772,0.605,3,0.923973
recursive_gv,624,0.25,0.985992,0.999622,0.942757,0.951645,0.605,3,0.928866
recursive_gv,625,0.25,0.978264,0.994393,0.936344,0.949077,0.605,3,0.925069
recursive_gv,626,0.25,0.986884,0.995385,0.936593,0.947536,0.605,3,0.926769
recursive_gv,627,0.25,0.986135,1.0,0.934297,0.947419,0.605,3,0.92752
recursive_gv,628,0.25,0.989315,1.0,0.939798,0.954322,0.605,3,0.931692
recursive_gv,629,0.25,0.995915,0.999782,0.937048,0.950766,0.605,3,0.93176
recursive_gv,630,0.25,0.988848,1.0,0.941528,0.9554,0.605,3,0.93192
recursive_gv,631,0.25,0.983522,1.0,0.941615,0.953752,0.605,3,0.929413
recursive_gv,632,0.25,0.978191,0.994038,0.942002,0.955486,0.605,3,0.928106
recursive_gv,633,0.25,0.98855,0.988757,0.945416,0.956735,0.605,3,0.930382
recursive_gv,634,0.25,0.990547,0.984863,0.945329,0.95637,0.605,3,0.930307
recursive_gv,635,0.25,0.995057,0.985331,0.938788,0.951492,0.605,3,0.929705
recursive_gv,636,0.25,0.990698,0.98983,0.940906,0.953374,0.605,3,0.929808
recursive_gv,637,0.25,0.977793,0.986098,0.950162,0.961096,0.605,3,0.929501
recursive_gv,638,0.25,0.979196,0.989284,0.956637,0.966851,0.605,3,0.933063
recursive_gv,639,0.25,0.987605,0.99238,0.961136,0.970163,0.605,3,0.936521
recursive_gv,640,0.25,0.984423,0.985487,0.952451,0.962459,0.605,3,0.931617
recursive_gv,641,0.25,0.986263,0.989278,0.955077,0.964865,0.605,3,0.933421
recursive_gv,642,0.25,0.99428,0.989005,0.95389,0.963861,0.605,3,0.935182
recursive_gv,643,0.25,0.991034,0.985977,0.953618,0.963571,0.605,3,0.934155
recursive_gv,644,0.25,1.0,0.993689,0.966818,0.974834,0.605,3,0.942205
recursive_gv,645,0.25,0.997101,0.998844,0.963926,0.971877,0.605,3,0.940396
recursive_gv,646,0.25,0.988107,1.0,0.95978,0.970449,0.605,3,0.938021
recursive_gv,647,0.25,0.993341,1.0,0.961091,0.97199,0.605,3,0.940371
recursive_gv,648,0.25,0.987136,1.0,0.961402,0.971995,0.605,3,0.93851
recursive_gv,649,0.25,0.991231,0.991685,0.947465,0.960452,0.605,3,0.934024
recursive_gv,650,0.25,0.985339,0.973329,0.944015,0.953658,0.605,3,0.927522
recursive_gv,651,0.25,0.989438,0.982525,0.948877,0.959737,0.605,3,0.932463
recursive_gv,652,0.25,0.982287,0.98571,0.956458,0.965735,0.605,3,0.932805
recursive_gv,653,0.25,0.98753,0.97727,0.951302,0.959772,0.605,3,0.93064
recursive_gv,654,0.25,0.990281,0.984181,0.947305,0.958094,0.605,3,0.931056
recursive_gv,655,0.25,0.984892,0.981058,0.937824,0.950941,0.605,3,0.926675
recursive_gv,656,0.25,0.977658,0.987785,0.939426,0.951622,0.605,3,0.924997
recursive_gv,657,0.25,0.971006,0.98627,0.943851,0.956368,0.605,3,0.925636
recursive_gv,658,0.25,0.968128,0.981327,0.938012,0.951324,0.605,3,0.922386
recursive_gv,659,0.25,0.954617,0.982024,0.932732,0.947723,0.605,3,0.917383
recursive_gv,660,0.25,0.959322,0.983655,0.931679,0.947343,0.605,3,0.918835
recursive_gv,661,0.25,0.964035,0.983575,0.935135,0.948964,0.605,3,0.920035
recursive_gv,662,0.25,0.970696,0.989145,0.93774,0.952851,0.605,3,0.924957
recursive_gv,663,0.25,0.969831,0.982168,0.948333,0.959249,0.605,3,0.926708
recursive_gv,664,0.25,0.988165,0.975008,0.942255,0.952254,0.605,3,0.92656
recursive_gv,665,0.25,0.994417,0.976382,0.936717,0.948556,0.605,3,0.927119
recursive_gv,666,0.25,1.0,0.978764,0.942693,0.953243,0.605,3,0.930726
recursive_gv,667,0.25,1.0,0.972311,0.952834,0.959269,0.605,3,0.933062
recursive_gv,668,0.25,1.0,0.983135,0.94452,0.956733,0.605,3,0.93414
recursive_gv,669,0.25,1.0,0.984389,0.93881,0.952748,0.605,3,0.93251
recursive_gv,670,0.25,0.999318,0.981151,0.936968,0.950995,0.605,3,0.931676
recursive_gv,671,0.25,0.983191,0.998549,0.940176,0.956725,0.605,3,0.931671
recursive_gv,672,0.25,0.984163,0.99975,0.935766,0.952998,0.605,3,0.930338
recursive_gv,673,0.25,0.972744,1.0,0.935566,0.951886,0.605,3,0.926343
recursive_gv,674,0.25,0.966108,0.993219,0.936474,0.951083,0.605,3,0.922818
recursive_gv,675,0.25,0.968352,0.994841,0.937732,0.95136,0.605,3,0.923547
recursive_gv,676,0.25,0.968458,0.99203,0.948573,0.958829,0.605,3,0.925901
recursive_gv,677,0.25,0.979273,1.0,0.95434,0.96337,0.605,3,0.932017
recursive_gv,678,0.25,0.97832,0.986999,0.960091,0.967156,0.605,3,0.931144
recursive_gv,679,0.25,0.978384,0.991397,0.953083,0.961003,0.605,3,0.929172
recursive_gv,680,0.25,0.978309,0.987033,0.949141,0.958603,0.605,3,0.927694
recursive_gv,681,0.25,0.967844,1.0,0.950521,0.958381,0.605,3,0.926615
recursive_gv,682,0.25,0.967459,0.998949,0.959892,0.964629,0.605,3,0.928794
recursive_gv,683,0.25,0.965,1.0,0.967288,0.972347,0.605,3,0.931509
recursive_gv,684,0.25,0.963824,0.999967,0.953442,0.96276,0.605,3,0.927455
recursive_gv,685,0.25,0.971998,0.999449,0.965103,0.97008,0.605,3,0.93242
recursive_gv,686,0.25,0.969253,0.992732,0.969937,0.974114,0.605,3,0.932078
recursive_gv,687,0.25,0.966938,0.992612,0.957813,0.966315,0.605,3,0.928627
recursive_gv,688,0.25,0.959134,0.992217,0.957595,0.967817,0.605,3,0.927837
recursive_gv,689,0.25,0.962785,0.985918,0.955583,0.965215,0.605,3,0.927264
recursive_gv,690,0.25,0.963737,0.988358,0.95402,0.964788,0.605,3,0.927849
recursive_gv,691,0.25,0.963957,0.990892,0.956831,0.967339,0.605,3,0.929179
recursive_gv,692,0.25,0.968709,0.989227,0.951778,0.962559,0.605,3,0.927699
recursive_gv,693,0.25,0.983811,0.976289,0.960459,0.965638,0.605,3,0.930972
recursive_gv,694,0.25,0.967191,0.975626,0.970429,0.971837,0.605,3,0.929301
recursive_gv,695,0.25,0.952647,0.968459,0.979695,0.97217,0.605,3,0.925428
recursive_gv,696,0.25,0.938706,0.971153,0.972518,0.970727,0.605,3,0.920876
recursive_gv,697,0.25,0.942055,0.968594,0.963945,0.964871,0.605,3,0.918829
recursive_gv,698,0.25,0.946208,0.969769,0.970469,0.969101,0.605,3,0.921776
recursive_gv,699,0.25,0.94337,0.976461,0.973149,0.974061,0.605,3,0.922903
recursive_gv,700,0.25,0.953209,0.972738,0.974427,0.972161,0.605,3,0.926648
recursive_gv,701,0.25,0.967098,0.970368,0.981658,0.973996,0.605,3,0.931632
recursive_gv,702,0.25,0.984265,0.969629,0.982352,0.973834,0.605,3,0.935761
recursive_gv,703,0.25,0.98078,0.976722,0.973008,0.973546,0.605,3,0.934761
recursive_gv,704,0.25,0.987624,0.977374,0.970646,0.972555,0.605,3,0.935979
recursive_gv,705,0.25,0.995327,0.971795,0.969969,0.969421,0.605,3,0.936898
recursive_gv,706,0.25,0.996252,0.971228,0.972556,0.971144,0.605,3,0.936243
recursive_gv,707,0.25,0.994249,0.967857,0.963816,0.964393,0.605,3,0.933364
recursive_gv,708,0.25,0.996371,0.964705,0.965432,0.963496,0.605,3,0.933977
recursive_gv,709,0.25,1.0,0.961041,0.967106,0.962014,0.605,3,0.935108
recursive_gv,710,0.25,1.0,0.963982,0.968332,0.964411,0.605,3,0.935823
recursive_gv,711,0.25,0.990241,0.964108,0.968679,0.964515,0.605,3,0.933511
recursive_gv,712,0.25,0.985749,0.970148,0.966804,0.966747,0.605,3,0.933271
recursive_gv,713,0.25,0.996686,0.968133,0.973935,0.969821,0.605,3,0.936274
recursive_gv,714,0.25,0.997486,0.969114,0.962532,0.964413,0.605,3,0.933736
recursive_gv,715,0.25,0.995072,0.974368,0.963919,0.967216,0.605,3,0.935407
recursive_gv,716,0.25,0.988617,0.975514,0.974663,0.97393,0.605,3,0.936928
recursive_gv,717,0.25,1.0,0.983241,0.980362,0.980828,0.605,3,0.9436
recursive_gv,718,0.25,1.0,0.970672,0.98335,0.974852,0.605,3,0.941048
recursive_gv,719,0.25,0.999437,0.96226,0.973047,0.965421,0.605,3,0.936648
recursive_gv,720,0.25,0.981132,0.959991,0.979179,0.966332,0.605,3,0.932126
recursive_gv,721,0.25,0.99053,0.953111,0.978975,0.961562,0.605,3,0.932594
recursive_gv,722,0.25,0.979896,0.949752,0.975792,0.958342,0.605,3,0.928272
recursive_gv,723,0.25,0.985005,0.955837,0.974954,0.962102,0.605,3,0.931396
recursive_gv,724,0.25,0.982474,0.968611,0.961761,0.963647,0.605,3,0.929448
recursive_gv,725,0.25,0.981354,0.960977,0.956637,0.95738,0.605,3,0.925463
recursive_gv,726,0.25,0.992053,0.972044,0.948469,0.955527,0.605,3,0.927836
recursive_gv,727,0.25,1.0,0.975428,0.950574,0.957862,0.605,3,0.931586
recursive_gv,728,0.25,0.992031,0.979281,0.951014,0.957491,0.605,3,0.929302
recursive_gv,729,0.25,0.989625,0.981299,0.951807,0.959506,0.605,3,0.930125
recursive_gv,730,0.25,0.983555,0.98382,0.955453,0.96305,0.605,3,0.930413
recursive_gv,731,0.25,0.979627,0.988337,0.946508,0.95707,0.605,3,0.927782
recursive_gv,732,0.25,0.99221,0.987766,0.95184,0.958294,0.605,3,0.931112
recursive_gv,733,0.25,0.986439,1.0,0.949357,0.957063,0.605,3,0.931264
recursive_gv,734,0.25,0.974723,0.996844,0.953381,0.960225,0.605,3,0.928684
recursive_gv,735,0.25,0.971187,1.0,0.958378,0.966223,0.605,3,0.930856
recursive_gv,736,0.25,0.982435,0.999734,0.969243,0.973704,0.605,3,0.93688
recursive_gv,737,0.25,0.990229,0.997081,0.967954,0.969677,0.605,3,0.936889
recursive_gv,738,0.25,0.98706,1.0,0.966376,0.966373,0.605,3,0.935274
recursive_gv,739,0.25,0.987473,0.999619,0.959746,0.961732,0.605,3,0.933355
recursive_gv,740,0.25,0.97808,0.996396,0.958491,0.961732,0.605,3,0.930088
recursive_gv,741,0.25,0.97668,0.992367,0.976277,0.970487,0.605,3,0.933026
recursive_gv,742,0.25,0.974817,0.990946,0.977491,0.975044,0.605,3,0.933799
recursive_gv,743,0.25,0.984434,0.997496,0.979451,0.977404,0.605,3,0.938674
recursive_gv,744,0.25,0.976544,1.0,0.977023,0.975282,0.605,3,0.936056
recursive_gv,745,0.25,0.968087,1.0,0.991368,0.979171,0.605,3,0.936419
recursive_gv,746,0.25,0.970849,1.0,1.0,0.988025,0.605,3,0.941004
recursive_gv,747,0.25,0.976079,1.0,0.999879,0.983652,0.605,3,0.941196
recursive_gv,748,0.25,0.986264,1.0,0.998638,0.985106,0.605,3,0.944273
recursive_gv,749,0.25,0.97363,0.997322,1.0,0.986629,0.605,3,0.940974
recursive_gv,750,0.25,0.975568,1.0,0.984721,0.983337,0.605,3,0.939048
recursive_gv,751,0.25,0.963432,1.0,0.984383,0.983363,0.605,3,0.935637
recursive_gv,752,0.25,0.956261,0.991271,0.980731,0.983424,0.605,3,0.932087
recursive_gv,753,0.25,0.956708,0.985308,0.979094,0.981113,0.605,3,0.931136
recursive_gv,754,0.25,0.95389,0.970102,0.975704,0.971664,0.605,3,0.92554
recursive_gv,755,0.25,0.951585,0.975943,0.976245,0.974933,0.605,3,0.927179
recursive_gv,756,0.25,0.950144,0.965067,0.974434,0.968021,0.605,3,0.922918
recursive_gv,757,0.25,0.954422,0.972256,0.972664,0.971746,0.605,3,0.924835
recursive_gv,758,0.25,0.957546,0.983991,0.975999,0.978245,0.605,3,0.928986
recursive_gv,759,0.25,0.958295,0.996655,0.984157,0.984471,0.605,3,0.933938
recursive_gv,760,0.25,0.96169,0.999726,0.982176,0.980872,0.605,3,0.934098
recursive_gv,761,0.25,0.962866,1.0,0.992615,0.987642,0.605,3,0.937613
recursive_gv,762,0.25,0.989468,1.0,0.986304,0.984291,0.605,3,0.943377
recursive_gv,763,0.25,0.980115,0.995485,0.993374,0.986032,0.605,3,0.941292
recursive_gv,764,0.25,0.989702,0.991327,0.984771,0.978232,0.605,3,0.939808
recursive_gv,765,0.25,0.992775,0.987444,0.978298,0.975448,0.605,3,0.93837
recursive_gv,766,0.25,0.987088,0.983864,0.971839,0.971703,0.605,3,0.934354
recursive_gv,767,0.25,1.0,0.985679,0.972404,0.974534,0.605,3,0.939461
recursive_gv,768,0.25,0.996379,0.999942,0.973127,0.975435,0.605,3,0.941503
recursive_gv,769,0.25,1.0,1.0,0.970434,0.975652,0.605,3,0.942705
recursive_gv,770,0.25,1.0,0.99871,0.969263,0.976115,0.605,3,0.942897
recursive_gv,771,0.25,0.994438,1.0,0.974626,0.979902,0.605,3,0.942971
recursive_gv,772,0.25,0.998351,1.0,0.965861,0.974305,0.605,3,0.942123
recursive_gv,773,0.25,0.980531,1.0,0.971104,0.978753,0.605,3,0.939054
recursive_gv,774,0.25,0.978911,0.993761,0.961216,0.971048,0.605,3,0.935116
recursive_gv,775,0.25,0.989258,0.989606,0.96726,0.973701,0.605,3,0.937591
recursive_gv,776,0.25,0.991266,0.993913,0.978366,0.981972,0.605,3,0.941781
recursive_gv,777,0.25,0.984929,0.989978,0.992373,0.990769,0.605,3,0.943458
recursive_gv,778,0.25,0.984017,0.990283,0.996809,0.990687,0.605,3,0.943703
recursive_gv,779,0.25,0.97962,0.987905,0.997204,0.987003,0.605,3,0.941111
recursive_gv,780,0.25,0.982896,0.98721,0.992327,0.987421,0.605,3,0.9412
recursive_gv,781,0.25,0.984269,0.994202,0.985051,0.988038,0.605,3,0.943025
recursive_gv,782,0.25,0.988564,0.989868,0.992375,0.990579,0.605,3,0.944981
recursive_gv,783,0.25,0.98496,0.988576,0.995125,0.990729,0.605,3,0.944342
recursive_gv,784,0.25,0.980268,0.984321,0.992514,0.987028,0.605,3,0.941349
recursive_gv,785,0.25,0.987645,0.984806,0.995051,0.988047,0.605,3,0.943959
recursive_gv,786,0.25,0.986917,0.983033,0.988972,0.984992,0.605,3,0.941571
recursive_gv,787,0.25,0.978851,0.979302,0.998607,0.981462,0.605,3,0.938814
recursive_gv,788,0.25,0.970521,0.975445,0.997465,0.976814,0.605,3,0.934365
recursive_gv,789,0.25,0.98233,0.981268,1.0,0.975482,0.605,3,0.938096
recursive_gv,790,0.25,0.987069,0.987085,1.0,0.982394,0.605,3,0.942172
recursive_gv,791,0.25,1.0,0.98807,0.998266,0.983899,0.605,3,0.94604
recursive_gv,792,0.25,1.0,0.978085,0.995143,0.979008,0.605,3,0.943079
recursive_gv,793,0.25,1.0,0.972993,1.0,0.976296,0.605,3,0.942887
recursive_gv,794,0.25,0.988058,0.970124,1.0,0.974979,0.605,3,0.939054
recursive_gv,795,0.25,0.990876,0.962406,0.99942,0.971843,0.605,3,0.939045
recursive_gv,796,0.25,0.990874,0.972972,0.991884,0.977621,0.605,3,0.939607
recursive_gv,797,0.25,0.996498,0.97209,0.991808,0.975882,0.605,3,0.940265
recursive_gv,798,0.25,0.999077,0.973088,0.985107,0.97654,0.605,3,0.940292
recursive_gv,799,0.25,0.992189,0.981536,0.998595,0.986207,0.605,3,0.944924
recursive_gv,800,0.25,0.991065,0.981696,1.0,0.985991,0.605,3,0.944571
recursive_gv,801,0.25,0.975779,0.980498,1.0,0.983796,0.605,3,0.93922
recursive_gv,802,0.25,0.981528,0.990222,0.992236,0.984927,0.605,3,0.94037
recursive_gv,803,0.25,0.970228,0.981732,0.986645,0.98335,0.605,3,0.935436
recursive_gv,804,0.25,0.971479,0.976574,0.990867,0.981242,0.605,3,0.936503
recursive_gv,805,0.25,0.986277,0.979499,0.991256,0.983364,0.605,3,0.941497
recursive_gv,806,0.25,1.0,0.983266,0.994778,0.986787,0.605,3,0.946759
recursive_gv,807,0.25,0.993345,0.984447,1.0,0.982575,0.605,3,0.943749
recursive_gv,808,0.25,0.996518,0.983569,0.998773,0.982789,0.605,3,0.944416
recursive_gv,809,0.25,0.999294,0.98116,1.0,0.980914,0.605,3,0.944636
recursive_gv,810,0.25,0.994942,0.987353,1.0,0.985775,0.605,3,0.945483
recursive_gv,811,0.25,0.989923,0.997868,0.995419,0.991724,0.605,3,0.946375
recursive_gv,812,0.25,0.99899,0.993817,0.989784,0.987269,0.605,3,0.946161
recursive_gv,813,0.25,1.0,0.994428,0.983535,0.984297,0.605,3,0.945105
recursive_gv,814,0.25,1.0,0.999565,0.98391,0.985212,0.605,3,0.946454
recursive_gv,815,0.25,0.999739,0.993913,0.987892,0.983902,0.605,3,0.945152
recursive_gv,816,0.25,0.995947,0.989894,0.986773,0.987131,0.605,3,0.944269
recursive_gv,817,0.25,1.0,0.99223,0.985643,0.977871,0.605,3,0.942858
recursive_gv,818,0.25,0.982765,0.980935,0.985126,0.977991,0.605,3,0.936209
recursive_gv,819,0.25,0.99605,0.984308,0.984098,0.984124,0.605,3,0.942173
recursive_gv,820,0.25,1.0,0.980151,0.981297,0.978253,0.605,3,0.940335
recursive_gv,821,0.25,0.9926,0.978802,0.98345,0.97016,0.605,3,0.936094
recursive_gv,822,0.25,0.989545,0.979154,0.981008,0.969637,0.605,3,0.934733
recursive_gv,823,0.25,0.97895,0.976602,0.980327,0.968512,0.605,3,0.930956
recursive_gv,824,0.25,0.983301,0.98143,0.977145,0.962763,0.605,3,0.930779
recursive_gv,825,0.25,0.987384,0.976287,0.979532,0.967982,0.605,3,0.932985
recursive_gv,826,0.25,0.990389,0.983392,0.972919,0.967712,0.605,3,0.933992
recursive_gv,827,0.25,0.99413,0.993582,0.975271,0.965456,0.605,3,0.936483
recursive_gv,828,0.25,1.0,0.996867,0.978739,0.966079,0.605,3,0.939318
recursive_gv,829,0.25,0.993104,0.999289,0.972359,0.963105,0.605,3,0.936211
recursive_gv,830,0.25,0.968045,0.997231,0.967837,0.961271,0.605,3,0.927794
recursive_gv,831,0.25,0.983189,0.999146,0.970854,0.965078,0.605,3,0.933891
recursive_gv,832,0.25,0.987823,1.0,0.97604,0.958493,0.605,3,0.933877
recursive_gv,833,0.25,1.0,1.0,0.968317,0.96119,0.605,3,0.937281
recursive_gv,834,0.25,1.0,0.992303,0.982673,0.961089,0.605,3,0.937585
recursive_gv,835,0.25,0.984023,0.992298,0.980667,0.966482,0.605,3,0.9344
recursive_gv,836,0.25,0.994131,0.986396,0.979584,0.965714,0.605,3,0.935845
recursive_gv,837,0.25,0.998078,0.991157,0.981828,0.970194,0.605,3,0.939378
recursive_gv,838,0.25,1.0,1.0,0.972321,0.968864,0.605,3,0.940123
recursive_gv,839,0.25,1.0,1.0,0.973795,0.97157,0.605,3,0.941141
