system,step,escape,basin,truth,constraint,coherence,option_density,civilization_access,discoveries,survivability
power_maximizer,0,0.95,0.34548,1.0,1.0,1.0,0.5,0.5,0,0.719096
power_maximizer,1,0.95,0.338863,1.0,0.998103,0.997723,0.5,0.5,0,0.717105
power_maximizer,2,0.95,0.335838,1.0,1.0,1.0,0.5,0.5,0,0.717168
power_maximizer,3,0.95,0.348656,1.0,0.994844,0.993813,0.5,0.5,0,0.717916
power_maximizer,4,0.95,0.344785,1.0,0.994607,0.993528,0.5,0.5,0,0.717059
power_maximizer,5,0.95,0.343138,1.0,0.993744,0.992493,0.5,0.5,0,0.716425
power_maximizer,6,0.95,0.344121,1.0,0.996012,0.995214,0.5,0.5,0,0.71742
power_maximizer,7,0.95,0.351367,1.0,0.993621,0.992345,0.5,0.5,0,0.718028
power_maximizer,8,0.95,0.348657,1.0,1.0,1.0,0.5,0.5,0,0.719731
power_maximizer,9,0.95,0.345736,0.995053,1.0,0.994064,0.5,0.5,0,0.717307
power_maximizer,10,0.95,0.353881,0.991119,1.0,0.989343,0.5,0.5,0,0.717473
power_maximizer,11,0.95,0.359431,0.996455,1.0,0.995745,0.5,0.5,0,0.720567
power_maximizer,12,0.95,0.363771,0.998232,1.0,0.997878,0.5,0.5,0,0.722096
power_maximizer,13,0.95,0.365014,0.995431,0.996167,0.995284,0.5,0.5,0,0.720812
power_maximizer,14,0.95,0.380773,0.990291,1.0,0.988349,0.5,0.5,0,0.722543
power_maximizer,15,0.95,0.381894,0.991384,1.0,0.98966,0.5,0.5,0,0.723174
power_maximizer,16,0.95,0.392041,0.989395,0.997226,0.987828,0.5,0.5,0,0.724108
power_maximizer,17,0.95,0.394311,0.981868,0.990459,0.98015,0.5,0.5,0,0.720896
power_maximizer,18,0.95,0.402088,0.98294,0.994717,0.980585,0.5,0.5,0,0.723395
power_maximizer,19,0.95,0.407156,0.986898,0.992924,0.985693,0.5,0.5,0,0.725652
power_maximizer,20,0.95,0.405661,0.984877,0.990719,0.983709,0.5,0.5,0,0.724318
power_maximizer,21,0.95,0.413357,0.982242,0.990905,0.98051,0.5,0.5,0,0.724901
power_maximizer,22,0.95,0.420729,0.986448,0.990423,0.985653,0.5,0.5,0,0.727878
power_maximizer,23,0.95,0.423891,0.976486,0.981855,0.975412,0.5,0.5,0,0.723709
power_maximizer,24,0.95,0.419713,0.979167,0.97664,0.976135,0.5,0.5,0,0.722637
power_maximizer,25,0.95,0.433907,0.977279,0.981346,0.976466,0.5,0.5,0,0.725942
power_maximizer,26,0.95,0.436063,0.971852,0.979535,0.970315,0.5,0.5,0,0.724122
power_maximizer,27,0.95,0.426045,0.974796,0.981207,0.973514,0.5,0.5,0,0.723428
power_maximizer,28,0.95,0.418276,0.975532,0.978256,0.974987,0.5,0.5,0,0.72177
power_maximizer,29,0.95,0.422251,0.985436,0.977081,0.97541,0.5,0.5,0,0.724227
power_maximizer,30,0.95,0.427485,0.986931,0.985511,0.985227,0.5,0.5,0,0.728463
power_maximizer,31,0.95,0.43414,0.995867,0.978552,0.975089,0.5,0.5,0,0.728667
power_maximizer,32,0.95,0.430528,0.993578,0.970549,0.965944,0.5,0.5,0,0.724789
power_maximizer,33,0.95,0.43255,0.98483,0.964809,0.960805,0.5,0.5,0,0.721878
power_maximizer,34,0.95,0.443055,0.996993,0.982715,0.979859,0.5,0.5,0,0.732082
power_maximizer,35,0.95,0.438939,0.984236,0.984529,0.984178,0.5,0.5,0,0.729943
power_maximizer,36,0.95,0.439416,0.980753,0.983869,0.98013,0.5,0.5,0,0.728659
power_maximizer,37,0.95,0.444472,0.980032,0.977849,0.977412,0.5,0.5,0,0.728142
power_maximizer,38,0.95,0.444382,0.979949,0.988722,0.978194,0.5,0.5,0,0.729974
power_maximizer,39,0.95,0.456044,0.977194,0.981748,0.976283,0.5,0.5,0,0.730389
power_maximizer,40,0.95,0.454042,0.990238,0.977039,0.974399,0.5,0.5,0,0.731281
power_maximizer,41,0.95,0.450619,0.995945,0.979624,0.97636,0.5,0.5,0,0.732351
power_maximizer,42,0.95,0.454092,0.992065,0.982545,0.980641,0.5,0.5,0,0.7335
power_maximizer,43,0.95,0.448088,0.984493,0.98379,0.98365,0.5,0.5,0,0.731616
power_maximizer,44,0.95,0.453167,0.983967,0.985699,0.98362,0.5,0.5,0,0.732839
power_maximizer,45,0.95,0.458723,0.981694,0.992509,0.979531,0.5,0.5,0,0.733976
power_maximizer,46,0.95,0.474809,0.983013,0.985252,0.982565,0.5,0.5,0,0.736755
power_maximizer,47,0.95,0.491816,0.993559,0.984352,0.98251,0.5,0.5,0,0.741902
power_maximizer,48,0.95,0.507308,0.986994,0.979171,0.977607,0.5,0.5,0,0.742205
power_maximizer,49,0.95,0.507951,0.987119,0.97844,0.976705,0.5,0.5,0,0.742095
power_maximizer,50,0.95,0.523011,0.987817,0.982563,0.981512,0.5,0.5,0,0.746661
power_maximizer,51,0.95,0.526421,0.982904,0.975459,0.97397,0.5,0.5,0,0.744116
power_maximizer,52,0.95,0.527548,0.988604,0.967795,0.963634,0.5,0.5,0,0.742487
power_maximizer,53,0.95,0.527475,0.986775,0.974198,0.971683,0.5,0.5,0,0.744455
power_maximizer,54,0.95,0.541974,0.986007,0.970332,0.967197,0.5,0.5,0,0.745881
power_maximizer,55,0.95,0.547714,0.987234,0.964182,0.959572,0.5,0.5,0,0.745045
power_maximizer,56,0.95,0.553339,1.0,0.975873,0.971047,0.5,0.5,0,0.752175
power_maximizer,57,0.95,0.55484,0.991219,0.972618,0.968898,0.5,0.5,0,0.75003
power_maximizer,58,0.95,0.568287,0.98695,0.969022,0.965436,0.5,0.5,0,0.750822
power_maximizer,59,0.95,0.570786,0.980732,0.966217,0.963314,0.5,0.5,0,0.749414
power_maximizer,60,0.95,0.583577,0.980398,0.956076,0.951212,0.5,0.5,0,0.748353
power_maximizer,61,0.95,0.604411,0.972909,0.950022,0.945445,0.5,0.5,0,0.749281
power_maximizer,62,0.95,0.631451,0.966204,0.948413,0.944854,0.5,0.5,0,0.75313
power_maximizer,63,0.95,0.649081,0.960689,0.94756,0.944934,0.5,0.5,0,0.755539
power_maximizer,64,0.95,0.656359,0.958904,0.947386,0.945083,0.5,0.5,0,0.75667
power_maximizer,65,0.95,0.658254,0.957798,0.949411,0.947733,0.5,0.5,0,0.757597
power_maximizer,66,0.95,0.665826,0.964381,0.95095,0.948264,0.5,0.5,0,0.760628
power_maximizer,67,0.95,0.670051,0.964809,0.94721,0.94369,0.5,0.5,0,0.76022
power_maximizer,68,0.95,0.673073,0.97779,0.957283,0.953182,0.5,0.5,0,0.766291
power_maximizer,69,0.95,0.670768,0.971382,0.964943,0.963655,0.5,0.5,0,0.767578
power_maximizer,70,0.95,0.67841,0.961258,0.970928,0.959324,0.5,0.5,0,0.767549
power_maximizer,71,0.95,0.673326,0.958894,0.972859,0.956101,0.5,0.5,0,0.7659
power_maximizer,72,0.95,0.674789,0.958766,0.971673,0.956185,0.5,0.5,0,0.765993
power_maximizer,73,0.95,0.690361,0.943861,0.970592,0.938515,0.5,0.5,0,0.763424
power_maximizer,74,0.95,0.696529,0.942303,0.960404,0.938683,0.5,0.5,0,0.762774
power_maximizer,75,0.95,0.714147,0.933793,0.966062,0.927339,0.5,0.5,0,0.763856
power_maximizer,76,0.95,0.717457,0.92827,0.964463,0.921031,0.5,0.5,0,0.762259
power_maximizer,77,0.95,0.725918,0.939524,0.971954,0.933038,0.5,0.5,0,0.769097
power_maximizer,78,0.95,0.74367,0.942884,0.977258,0.936009,0.5,0.5,0,0.774576
power_maximizer,79,0.95,0.748002,0.939385,0.983469,0.930568,0.5,0.5,0,0.774936
power_maximizer,80,0.95,0.758061,0.938968,0.990695,0.928623,0.5,0.5,0,0.777717
power_maximizer,81,0.95,0.776426,0.944085,0.981374,0.936628,0.5,0.5,0,0.782101
power_maximizer,82,0.95,0.77085,0.941647,0.990665,0.931843,0.5,0.5,0,0.781268
power_maximizer,83,0.95,0.769058,0.936265,0.990974,0.925323,0.5,0.5,0,0.778947
power_maximizer,84,0.95,0.767489,0.938901,0.998014,0.927079,0.5,0.5,0,0.780515
power_maximizer,85,0.95,0.752959,0.941461,0.99847,0.930059,0.5,0.5,0,0.778619
power_maximizer,86,0.95,0.769689,0.929784,0.994942,0.916752,0.5,0.5,0,0.77717
power_maximizer,87,0.95,0.760836,0.939482,0.997212,0.927936,0.5,0.5,0,0.779298
power_maximizer,88,0.95,0.760068,0.945091,1.0,0.934109,0.5,0.5,0,0.781588
power_maximizer,89,0.95,0.765744,0.947372,0.99482,0.937882,0.5,0.5,0,0.782908
power_maximizer,90,0.95,0.768323,0.950304,1.0,0.940365,0.5,0.5,0,0.785178
power_maximizer,91,0.95,0.771123,0.959789,0.995538,0.952639,0.5,0.5,0,0.788695
power_maximizer,92,0.95,0.776542,0.965338,0.995661,0.959273,0.5,0.5,0,0.791859
power_maximizer,93,0.95,0.787196,0.970805,0.999037,0.965158,0.5,0.5,0,0.796455
power_maximizer,94,0.95,0.789355,0.959134,1.0,0.950961,0.5,0.5,0,0.792669
power_maximizer,95,0.95,0.794018,0.967482,0.990386,0.962901,0.5,0.5,0,0.795476
power_maximizer,96,0.95,0.785008,0.963107,0.99314,0.9571,0.5,0.5,0,0.792399
power_maximizer,97,0.95,0.791018,0.955073,0.979361,0.950215,0.5,0.5,0,0.788849
power_maximizer,98,0.95,0.791044,0.958369,0.983821,0.953278,0.5,0.5,0,0.790651
power_maximizer,99,0.95,0.789545,0.959698,0.988576,0.953922,0.5,0.5,0,0.791454
power_maximizer,100,0.95,0.797585,0.955953,0.987635,0.949617,0.5,0.5,0,0.791549
power_maximizer,101,0.95,0.807949,0.954119,0.99091,0.946761,0.5,0.5,0,0.793359
power_maximizer,102,0.95,0.810809,0.959647,0.979061,0.955764,0.5,0.5,0,0.79447
power_maximizer,103,0.95,0.802752,0.946129,0.975243,0.940307,0.5,0.5,0,0.787342
power_maximizer,104,0.95,0.804272,0.947963,0.982075,0.94114,0.5,0.5,0,0.789202
power_maximizer,105,0.95,0.807519,0.956709,0.982843,0.951482,0.5,0.5,0,0.793203
power_maximizer,106,0.95,0.806564,0.948345,0.97772,0.94247,0.5,0.5,0,0.789245
power_maximizer,107,0.95,0.816793,0.959289,0.969694,0.957208,0.5,0.5,0,0.794335
power_maximizer,108,0.95,0.812269,0.962626,0.969272,0.961297,0.5,0.5,0,0.794617
power_maximizer,109,0.95,0.823495,0.959445,0.966437,0.958046,0.5,0.5,0,0.795316
power_maximizer,110,0.95,0.822061,0.962499,0.965704,0.961857,0.5,0.5,0,0.796072
power_maximizer,111,0.95,0.828756,0.970873,0.964059,0.962696,0.5,0.5,0,0.798789
power_maximizer,112,0.95,0.841094,0.969233,0.971178,0.968844,0.5,0.5,0,0.803084
power_maximizer,113,0.95,0.843845,0.971695,0.98323,0.969388,0.5,0.5,0,0.806093
power_maximizer,114,0.95,0.8482,0.972996,0.989889,0.969617,0.5,0.5,0,0.8083
power_maximizer,115,0.95,0.854664,0.973165,0.991893,0.969419,0.5,0.5,0,0.809912
power_maximizer,116,0.95,0.845748,0.961049,0.985286,0.956201,0.5,0.5,0,0.802776
power_maximizer,117,0.95,0.847202,0.97314,0.992099,0.969348,0.5,0.5,0,0.808437
power_maximizer,118,0.95,0.853784,0.971019,0.990487,0.967126,0.5,0.5,0,0.808758
power_maximizer,119,0.95,0.862537,0.969332,0.996985,0.963801,0.5,0.5,0,0.810713
power_maximizer,120,0.95,0.866388,0.985286,0.998359,0.982671,0.5,0.5,0,0.817594
power_maximizer,121,0.95,0.87092,0.988947,0.998038,0.987129,0.5,0.5,0,0.819821
power_maximizer,122,0.95,0.868484,0.991661,0.992953,0.991403,0.5,0.5,0,0.819693
power_maximizer,123,0.95,0.877184,0.995755,0.999549,0.994996,0.5,0.5,0,0.8238
power_maximizer,124,0.95,0.878694,0.99853,0.997702,0.997537,0.5,0.5,0,0.824712
power_maximizer,125,0.95,0.867843,0.996534,0.985785,0.983635,0.5,0.5,0,0.818052
power_maximizer,126,0.95,0.882554,1.0,0.981639,0.977966,0.5,0.5,0,0.820048
power_maximizer,127,0.95,0.862638,0.996739,0.996382,0.99631,0.5,0.5,0,0.820771
power_maximizer,128,0.95,0.861961,0.999569,0.987059,0.984557,0.5,0.5,0,0.817773
power_maximizer,129,0.95,0.866557,0.999057,0.991959,0.99054,0.5,0.5,0,0.820342
power_maximizer,130,0.95,0.875703,0.994938,0.997443,0.994437,0.5,0.5,0,0.82293
power_maximizer,131,0.95,0.871742,0.989673,1.0,0.987607,0.5,0.5,0,0.820507
power_maximizer,132,0.95,0.886773,0.987142,1.0,0.98457,0.5,0.5,0,0.822571
power_maximizer,133,0.95,0.892639,0.996684,0.997829,0.996455,0.5,0.5,0,0.827016
power_maximizer,134,0.95,0.89285,0.999438,0.988461,0.986265,0.5,0.5,0,0.824425
power_maximizer,135,0.95,0.89234,1.0,0.974234,0.969081,0.5,0.5,0,0.819398
power_maximizer,136,0.95,0.882648,0.995043,0.976029,0.972226,0.5,0.5,0,0.817358
power_maximizer,137,0.95,0.884421,0.994147,0.977537,0.974215,0.5,0.5,0,0.818111
power_maximizer,138,0.95,0.893876,0.998193,0.980117,0.976501,0.5,0.5,0,0.821509
power_maximizer,139,0.95,0.900047,1.0,0.979833,0.975799,0.5,0.5,0,0.822911
power_maximizer,140,0.95,0.897819,0.993806,0.972608,0.968368,0.5,0.5,0,0.819005
power_maximizer,141,0.95,0.897509,0.988548,0.972513,0.969305,0.5,0.5,0,0.818131
power_maximizer,142,0.95,0.901718,0.984092,0.978244,0.977074,0.5,0.5,0,0.820331
power_maximizer,143,0.95,0.904241,0.980366,0.981795,0.98008,0.5,0.5,0,0.821214
power_maximizer,144,0.95,0.896456,0.980193,0.983586,0.979515,0.5,0.5,0,0.819822
power_maximizer,145,0.95,0.901775,0.971702,0.9918,0.967682,0.5,0.5,0,0.818778
power_maximizer,146,0.95,0.903554,0.974222,0.977439,0.973579,0.5,0.5,0,0.818234
power_maximizer,147,0.95,0.905004,0.968099,0.981996,0.965319,0.5,0.5,0,0.816829
power_maximizer,148,0.95,0.899391,0.963457,0.983625,0.959423,0.5,0.5,0,0.814188
power_maximizer,149,0.95,0.893412,0.96539,0.994749,0.959518,0.5,0.5,0,0.815135
power_maximizer,150,0.95,0.893821,0.955894,0.987126,0.949648,0.5,0.5,0,0.810709
power_maximizer,151,0.95,0.893456,0.961299,0.98873,0.955813,0.5,0.5,0,0.812852
power_maximizer,152,0.95,0.90138,0.958298,0.996512,0.950656,0.5,0.5,0,0.814316
power_maximizer,153,0.95,0.900087,0.962046,1.0,0.954455,0.5,0.5,0,0.815898
power_maximizer,154,0.95,0.890402,0.965729,0.993794,0.960116,0.5,0.5,0,0.814537
power_maximizer,155,0.95,0.882812,0.968819,0.989029,0.964776,0.5,0.5,0,0.813559
power_maximizer,156,0.95,0.892323,0.970643,0.985477,0.967676,0.5,0.5,0,0.815685
power_maximizer,157,0.95,0.892597,0.971187,0.987265,0.967972,0.5,0.5,0,0.816171
power_maximizer,158,0.95,0.900166,0.968333,0.984948,0.96501,0.5,0.5,0,0.816326
power_maximizer,159,0.95,0.895642,0.954236,0.994794,0.946124,0.5,0.5,0,0.811438
power_maximizer,160,0.95,1.0,0.796742,0.83193,0.789705,0.595,0.576,1,0.778525
power_maximizer,161,0.95,1.0,0.792501,0.837424,0.783517,0.595,0.576,1,0.777651
power_maximizer,162,0.95,0.991845,0.799186,0.851691,0.788685,0.595,0.576,1,0.780333
power_maximizer,163,0.95,0.992946,0.800744,0.857162,0.78946,0.595,0.576,1,0.781833
power_maximizer,164,0.95,0.98658,0.792751,0.859863,0.779329,0.595,0.576,1,0.777932
power_maximizer,165,0.95,1.0,0.794193,0.871551,0.778721,0.595,0.576,1,0.782648
power_maximizer,166,0.95,1.0,0.798579,0.867879,0.784719,0.595,0.576,1,0.78381
power_maximizer,167,0.95,1.0,0.799053,0.859312,0.787002,0.595,0.576,1,0.78289
power_maximizer,168,0.95,0.996581,0.799411,0.860511,0.787191,0.595,0.576,1,0.782492
power_maximizer,169,0.95,0.987455,0.80471,0.859049,0.793843,0.595,0.576,1,0.782451
power_maximizer,170,0.95,0.997534,0.808688,0.856457,0.799134,0.595,0.576,1,0.785615
power_maximizer,171,0.95,1.0,0.81308,0.872475,0.801201,0.595,0.576,1,0.789792
power_maximizer,172,0.95,1.0,0.814321,0.878906,0.801404,0.595,0.576,1,0.791077
power_maximizer,173,0.95,1.0,0.813421,0.877746,0.800556,0.595,0.576,1,0.790594
power_maximizer,174,0.95,1.0,0.824651,0.87646,0.814289,0.595,0.576,1,0.794607
power_maximizer,175,0.95,1.0,0.82528,0.883655,0.813605,0.595,0.576,1,0.795762
power_maximizer,176,0.95,0.997186,0.822682,0.871129,0.812993,0.595,0.576,1,0.79263
power_maximizer,177,0.95,0.993665,0.823604,0.879354,0.812454,0.595,0.576,1,0.793321
power_maximizer,178,0.95,0.989219,0.825379,0.887096,0.813035,0.595,0.576,1,0.794083
power_maximizer,179,0.95,0.985734,0.830825,0.887122,0.819566,0.595,0.576,1,0.795415
power_maximizer,180,0.95,0.989425,0.837065,0.882266,0.828025,0.595,0.576,1,0.797853
power_maximizer,181,0.95,0.991539,0.831725,0.874298,0.823211,0.595,0.576,1,0.79527
power_maximizer,182,0.95,0.992532,0.827611,0.875229,0.818087,0.595,0.576,1,0.794057
power_maximizer,183,0.95,0.978086,0.8207,0.871189,0.810602,0.595,0.576,1,0.78808
power_maximizer,184,0.95,0.984146,0.827455,0.865894,0.819768,0.595,0.576,1,0.791127
power_maximizer,185,0.95,0.991529,0.829875,0.870796,0.821691,0.595,0.576,1,0.794131
power_maximizer,186,0.95,0.997554,0.832866,0.877013,0.824036,0.595,0.576,1,0.797244
power_maximizer,187,0.95,0.988395,0.821388,0.884499,0.808765,0.595,0.576,1,0.792101
power_maximizer,188,0.95,0.98403,0.812372,0.886479,0.797551,0.595,0.576,1,0.788128
power_maximizer,189,0.95,1.0,0.817721,0.885611,0.804143,0.595,0.576,1,0.793201
power_maximizer,190,0.95,1.0,0.818113,0.880894,0.805557,0.595,0.576,1,0.792742
power_maximizer,191,0.95,1.0,0.827112,0.876798,0.817175,0.595,0.576,1,0.795566
power_maximizer,192,0.95,1.0,0.831842,0.885774,0.821056,0.595,0.576,1,0.798474
power_maximizer,193,0.95,1.0,0.837681,0.88919,0.82738,0.595,0.576,1,0.801084
power_maximizer,194,0.95,1.0,0.836292,0.88284,0.826982,0.595,0.576,1,0.799754
power_maximizer,195,0.95,1.0,0.846412,0.885777,0.838539,0.595,0.576,1,0.803895
power_maximizer,196,0.95,1.0,0.849472,0.880587,0.843248,0.595,0.576,1,0.804369
power_maximizer,197,0.95,1.0,0.843462,0.881713,0.835812,0.595,0.576,1,0.802277
power_maximizer,198,0.95,1.0,0.850706,0.883201,0.844207,0.595,0.576,1,0.805162
power_maximizer,199,0.95,1.0,0.85128,0.878108,0.845914,0.595,0.576,1,0.804724
power_maximizer,200,0.95,0.997831,0.845563,0.882638,0.838147,0.595,0.576,1,0.802743
power_maximizer,201,0.95,0.987338,0.84668,0.890021,0.838012,0.595,0.576,1,0.802005
power_maximizer,202,0.95,0.999344,0.848753,0.88627,0.84125,0.595,0.576,1,0.804698
power_maximizer,203,0.95,1.0,0.852844,0.895359,0.844341,0.595,0.576,1,0.807514
power_maximizer,204,0.95,1.0,0.847144,0.8947,0.837633,0.595,0.576,1,0.805309
power_maximizer,205,0.95,1.0,0.845511,0.897481,0.835117,0.595,0.576,1,0.805058
power_maximizer,206,0.95,0.998775,0.849234,0.896299,0.839821,0.595,0.576,1,0.806046
power_maximizer,207,0.95,1.0,0.844206,0.894656,0.834116,0.595,0.576,1,0.804211
power_maximizer,208,0.95,0.994503,0.833376,0.884749,0.823101,0.595,0.576,1,0.797814
power_maximizer,209,0.95,0.998551,0.83467,0.893417,0.82292,0.595,0.576,1,0.800215
power_maximizer,210,0.95,1.0,0.846022,0.88793,0.837641,0.595,0.576,1,0.804025
power_maximizer,211,0.95,0.997777,0.842504,0.887317,0.833542,0.595,0.576,1,0.802193
power_maximizer,212,0.95,1.0,0.842378,0.9001,0.830834,0.595,0.576,1,0.804228
power_maximizer,213,0.95,1.0,0.84371,0.902085,0.832035,0.595,0.576,1,0.804977
power_maximizer,214,0.95,1.0,0.850693,0.899016,0.841029,0.595,0.576,1,0.807182
power_maximizer,215,0.95,1.0,0.849546,0.90568,0.83832,0.595,0.576,1,0.807608
power_maximizer,216,0.95,1.0,0.851436,0.908831,0.839957,0.595,0.576,1,0.808714
power_maximizer,217,0.95,0.988304,0.857218,0.904033,0.847855,0.595,0.576,1,0.807912
power_maximizer,218,0.95,0.991637,0.859435,0.901023,0.851118,0.595,0.576,1,0.809018
power_maximizer,219,0.95,0.9847,0.85868,0.898702,0.850676,0.595,0.576,1,0.807053
power_maximizer,220,0.95,0.99073,0.854329,0.904263,0.844342,0.595,0.576,1,0.807352
power_maximizer,221,0.95,0.979395,0.844325,0.905338,0.832123,0.595,0.576,1,0.801501
power_maximizer,222,0.95,0.982368,0.846026,0.907827,0.833665,0.595,0.576,1,0.803047
power_maximizer,223,0.95,0.977279,0.840841,0.902373,0.828535,0.595,0.576,1,0.799403
power_maximizer,224,0.95,0.991038,0.840163,0.888535,0.830489,0.595,0.576,1,0.800131
power_maximizer,225,0.95,0.988174,0.838735,0.887422,0.828998,0.595,0.576,1,0.798884
power_maximizer,226,0.95,0.98948,0.846966,0.884717,0.839416,0.595,0.576,1,0.801861
power_maximizer,227,0.95,0.997111,0.839589,0.888438,0.829819,0.595,0.576,1,0.801119
power_maximizer,228,0.95,0.999731,0.851043,0.886044,0.844043,0.595,0.576,1,0.805598
power_maximizer,229,0.95,1.0,0.845169,0.887831,0.836636,0.595,0.576,1,0.803695
power_maximizer,230,0.95,0.997786,0.849409,0.89251,0.840789,0.595,0.576,1,0.805429
power_maximizer,231,0.95,1.0,0.858161,0.902418,0.84931,0.595,0.576,1,0.810395
power_maximizer,232,0.95,1.0,0.848578,0.901682,0.837958,0.595,0.576,1,0.806736
power_maximizer,233,0.95,1.0,0.846967,0.901865,0.835987,0.595,0.576,1,0.80616
power_maximizer,234,0.95,1.0,0.851286,0.901649,0.841213,0.595,0.576,1,0.807739
power_maximizer,235,0.95,1.0,0.85576,0.909821,0.844948,0.595,0.576,1,0.81045
power_maximizer,236,0.95,1.0,0.861029,0.903998,0.852435,0.595,0.576,1,0.811664
power_maximizer,237,0.95,1.0,0.867892,0.906419,0.860187,0.595,0.576,1,0.814527
power_maximizer,238,0.95,1.0,0.876679,0.909278,0.870159,0.595,0.576,1,0.818162
power_maximizer,239,0.95,1.0,0.860575,0.912664,0.850158,0.595,0.576,1,0.812605
power_maximizer,240,0.95,0.990012,0.718537,0.755514,0.711142,0.69,0.652,2,0.763304
power_maximizer,241,0.95,0.988115,0.730138,0.755543,0.725057,0.69,0.652,2,0.767244
power_maximizer,242,0.95,0.9919,0.735825,0.768178,0.729354,0.69,0.652,2,0.771734
power_maximizer,243,0.95,0.987681,0.738337,0.770746,0.731855,0.69,0.652,2,0.772153
power_maximizer,244,0.95,0.989435,0.737023,0.779044,0.728619,0.69,0.652,2,0.773077
power_maximizer,245,0.95,0.990972,0.739542,0.783034,0.730844,0.69,0.652,2,0.774832
power_maximizer,246,0.95,0.986775,0.736418,0.792265,0.725249,0.69,0.652,2,0.774012
power_maximizer,247,0.95,0.97924,0.742244,0.797538,0.731185,0.69,0.652,2,0.775348
power_maximizer,248,0.95,0.984876,0.74975,0.802214,0.739258,0.69,0.652,2,0.779866
power_maximizer,249,0.95,0.977442,0.75474,0.802772,0.745133,0.69,0.652,2,0.780306
power_maximizer,250,0.95,0.988206,0.766558,0.815905,0.756689,0.69,0.652,2,0.788537
power_maximizer,251,0.95,0.991128,0.771476,0.822715,0.761228,0.69,0.652,2,0.791822
power_maximizer,252,0.95,0.995974,0.779161,0.824487,0.770096,0.69,0.652,2,0.795877
power_maximizer,253,0.95,0.996459,0.785614,0.826611,0.777415,0.69,0.652,2,0.798646
power_maximizer,254,0.95,1.0,0.785938,0.833229,0.77648,0.69,0.652,2,0.800322
power_maximizer,255,0.95,0.993921,0.797161,0.832226,0.790147,0.69,0.652,2,0.803153
power_maximizer,256,0.95,0.989361,0.793468,0.834552,0.785252,0.69,0.652,2,0.801165
power_maximizer,257,0.95,0.990466,0.799665,0.838577,0.791883,0.69,0.652,2,0.804206
power_maximizer,258,0.95,0.997545,0.805766,0.827866,0.801346,0.69,0.652,2,0.806521
power_maximizer,259,0.95,0.983903,0.808313,0.829904,0.803995,0.69,0.652,2,0.805001
power_maximizer,260,0.95,0.997205,0.81183,0.828943,0.808407,0.69,0.652,2,0.808846
power_maximizer,261,0.95,0.996781,0.81408,0.836912,0.809513,0.69,0.652,2,0.810619
power_maximizer,262,0.95,1.0,0.820375,0.833141,0.817822,0.69,0.652,2,0.813122
power_maximizer,263,0.95,1.0,0.823142,0.830569,0.821657,0.69,0.652,2,0.813822
power_maximizer,264,0.95,0.999499,0.82852,0.826869,0.826538,0.69,0.652,2,0.814878
power_maximizer,265,0.95,0.993365,0.829353,0.829604,0.829303,0.69,0.652,2,0.814682
power_maximizer,266,0.95,0.986146,0.840233,0.832548,0.831011,0.69,0.652,2,0.815941
power_maximizer,267,0.95,0.990893,0.844819,0.833635,0.831398,0.69,0.652,2,0.817951
power_maximizer,268,0.95,0.991041,0.853474,0.831765,0.827424,0.69,0.652,2,0.818604
power_maximizer,269,0.95,0.986265,0.857963,0.842455,0.839353,0.69,0.652,2,0.822076
power_maximizer,270,0.95,0.98849,0.852979,0.84297,0.840968,0.69,0.652,2,0.821964
power_maximizer,271,0.95,0.984987,0.856104,0.852768,0.852101,0.69,0.652,2,0.825175
power_maximizer,272,0.95,0.984095,0.866443,0.855997,0.853908,0.69,0.652,2,0.827664
power_maximizer,273,0.95,0.991355,0.868417,0.858388,0.856382,0.69,0.652,2,0.830249
power_maximizer,274,0.95,0.983971,0.860734,0.864007,0.86008,0.69,0.652,2,0.82888
power_maximizer,275,0.95,0.983002,0.862457,0.870408,0.860866,0.69,0.652,2,0.830146
power_maximizer,276,0.95,0.981553,0.871465,0.881438,0.86947,0.69,0.652,2,0.83462
power_maximizer,277,0.95,0.993143,0.880459,0.889642,0.878623,0.69,0.652,2,0.841333
power_maximizer,278,0.95,1.0,0.885012,0.884382,0.884256,0.69,0.652,2,0.843584
power_maximizer,279,0.95,0.992953,0.881624,0.893591,0.87923,0.69,0.652,2,0.842234
power_maximizer,280,0.95,1.0,0.881414,0.887954,0.880106,0.69,0.652,2,0.842844
power_maximizer,281,0.95,1.0,0.883311,0.896101,0.880753,0.69,0.652,2,0.844593
power_maximizer,282,0.95,1.0,0.87878,0.90005,0.874526,0.69,0.652,2,0.843412
power_maximizer,283,0.95,0.997801,0.878819,0.900144,0.874554,0.69,0.652,2,0.843
power_maximizer,284,0.95,1.0,0.879683,0.899879,0.875644,0.69,0.652,2,0.843727
power_maximizer,285,0.95,0.996646,0.879548,0.896965,0.876065,0.69,0.652,2,0.842633
power_maximizer,286,0.95,0.999127,0.888724,0.898572,0.886755,0.69,0.652,2,0.846748
power_maximizer,287,0.95,1.0,0.890082,0.910102,0.886079,0.69,0.652,2,0.848904
power_maximizer,288,0.95,0.987788,0.888142,0.911268,0.883517,0.69,0.652,2,0.845889
power_maximizer,289,0.95,0.995372,0.887179,0.918447,0.880926,0.69,0.652,2,0.847966
power_maximizer,290,0.95,1.0,0.894309,0.921061,0.888959,0.69,0.652,2,0.851879
power_maximizer,291,0.95,1.0,0.896241,0.922016,0.891086,0.69,0.652,2,0.85272
power_maximizer,292,0.95,0.984193,0.88898,0.91583,0.88361,0.69,0.652,2,0.846065
power_maximizer,293,0.95,0.985956,0.881268,0.910929,0.875336,0.69,0.652,2,0.842922
power_maximizer,294,0.95,1.0,0.893503,0.909527,0.890299,0.69,0.652,2,0.850103
power_maximizer,295,0.95,0.994606,0.883333,0.909912,0.878017,0.69,0.652,2,0.84529
power_maximizer,296,0.95,0.997728,0.875131,0.906421,0.868874,0.69,0.652,2,0.842416
power_maximizer,297,0.95,1.0,0.879135,0.899621,0.875037,0.69,0.652,2,0.84349
power_maximizer,298,0.95,0.997398,0.884382,0.900762,0.881106,0.69,0.652,2,0.845067
power_maximizer,299,0.95,0.998669,0.887962,0.90563,0.884428,0.69,0.652,2,0.847276
power_maximizer,300,0.95,1.0,0.895351,0.905223,0.893377,0.69,0.652,2,0.850239
power_maximizer,301,0.95,1.0,0.90837,0.898992,0.897117,0.69,0.652,2,0.852184
power_maximizer,302,0.95,1.0,0.90312,0.892269,0.890099,0.69,0.652,2,0.84904
power_maximizer,303,0.95,1.0,0.903668,0.889658,0.886856,0.69,0.652,2,0.848203
power_maximizer,304,0.95,0.998101,0.899547,0.904672,0.898522,0.69,0.652,2,0.85135
power_maximizer,305,0.95,1.0,0.897818,0.9047,0.896441,0.69,0.652,2,0.85109
power_maximizer,306,0.95,0.982586,0.890776,0.89498,0.889935,0.69,0.652,2,0.843743
power_maximizer,307,0.95,0.976823,0.900037,0.895974,0.895161,0.69,0.652,2,0.845253
power_maximizer,308,0.95,0.983911,0.905931,0.891817,0.888994,0.69,0.652,2,0.84608
power_maximizer,309,0.95,0.993541,0.9036,0.896472,0.895047,0.69,0.652,2,0.849299
power_maximizer,310,0.95,0.992945,0.898021,0.89061,0.889128,0.69,0.652,2,0.846291
power_maximizer,311,0.95,0.978466,0.899763,0.893885,0.892709,0.69,0.652,2,0.844806
power_maximizer,312,0.95,0.982479,0.904389,0.898867,0.897763,0.69,0.652,2,0.848047
power_maximizer,313,0.95,0.996495,0.899529,0.910182,0.897398,0.69,0.652,2,0.851727
power_maximizer,314,0.95,1.0,0.901143,0.908787,0.899614,0.69,0.652,2,0.85285
power_maximizer,315,0.95,1.0,0.892973,0.915686,0.88843,0.69,0.652,2,0.850694
power_maximizer,316,0.95,0.997425,0.896069,0.912345,0.892813,0.69,0.652,2,0.850903
power_maximizer,317,0.95,1.0,0.897085,0.923835,0.891735,0.69,0.652,2,0.853266
power_maximizer,318,0.95,1.0,0.898904,0.929523,0.89278,0.69,0.652,2,0.854671
power_maximizer,319,0.95,1.0,0.899424,0.925353,0.894239,0.69,0.652,2,0.854331
power_maximizer,320,0.95,1.0,0.757771,0.774407,0.754444,0.785,0.728,3,0.807965
power_maximizer,321,0.95,1.0,0.762916,0.773372,0.760825,0.785,0.728,3,0.809746
power_maximizer,322,0.95,0.999002,0.775481,0.778274,0.774923,0.785,0.728,3,0.814849
power_maximizer,323,0.95,1.0,0.765152,0.76885,0.764412,0.785,0.728,3,0.809999
power_maximizer,324,0.95,1.0,0.769473,0.763665,0.762504,0.785,0.728,3,0.809642
power_maximizer,325,0.95,1.0,0.777184,0.76752,0.765587,0.785,0.728,3,0.81214
power_maximizer,326,0.95,1.0,0.767083,0.771855,0.766128,0.785,0.728,3,0.811102
power_maximizer,327,0.95,0.991195,0.765909,0.767648,0.765562,0.785,0.728,3,0.808366
power_maximizer,328,0.95,0.995423,0.756212,0.774122,0.75263,0.785,0.728,3,0.806433
power_maximizer,329,0.95,0.997214,0.744253,0.770854,0.738933,0.785,0.728,3,0.801924
power_maximizer,330,0.95,0.97879,0.745237,0.766524,0.74098,0.785,0.728,3,0.798051
power_maximizer,331,0.95,0.977189,0.750718,0.772718,0.746318,0.785,0.728,3,0.800563
power_maximizer,332,0.95,0.979366,0.755966,0.766535,0.753852,0.785,0.728,3,0.802159
power_maximizer,333,0.95,0.977082,0.75553,0.769203,0.752795,0.785,0.728,3,0.801881
power_maximizer,334,0.95,0.982712,0.764268,0.773731,0.762375,0.785,0.728,3,0.806838
power_maximizer,335,0.95,0.985521,0.771549,0.765178,0.763904,0.785,0.728,3,0.807586
power_maximizer,336,0.95,0.996334,0.775911,0.770468,0.769379,0.785,0.728,3,0.812256
power_maximizer,337,0.95,1.0,0.782547,0.789486,0.78116,0.785,0.728,3,0.819112
power_maximizer,338,0.95,0.997417,0.787724,0.794646,0.786339,0.785,0.728,3,0.821181
power_maximizer,339,0.95,0.992958,0.80413,0.799072,0.79806,0.785,0.728,3,0.825826
power_maximizer,340,0.95,1.0,0.805825,0.799966,0.798794,0.785,0.728,3,0.8278
power_maximizer,341,0.95,0.993465,0.810271,0.813844,0.809557,0.785,0.728,3,0.831236
power_maximizer,342,0.95,0.994255,0.809505,0.813616,0.808683,0.785,0.728,3,0.83108
power_maximizer,343,0.95,0.995033,0.817289,0.805453,0.803086,0.785,0.728,3,0.830435
power_maximizer,344,0.95,0.995795,0.821743,0.801026,0.796882,0.785,0.728,3,0.829688
power_maximizer,345,0.95,1.0,0.82964,0.794325,0.787262,0.785,0.728,3,0.829339
power_maximizer,346,0.95,1.0,0.822053,0.796647,0.791566,0.785,0.728,3,0.829034
power_maximizer,347,0.95,1.0,0.825252,0.800835,0.795951,0.785,0.728,3,0.830981
power_maximizer,348,0.95,1.0,0.810146,0.80132,0.799555,0.785,0.728,3,0.828916
power_maximizer,349,0.95,0.989783,0.81299,0.811197,0.810838,0.785,0.728,3,0.83077
power_maximizer,350,0.95,0.996274,0.809739,0.809431,0.809369,0.785,0.728,3,0.830966
power_maximizer,351,0.95,0.995734,0.814795,0.80049,0.797629,0.785,0.728,3,0.828459
power_maximizer,352,0.95,1.0,0.815923,0.806338,0.804421,0.785,0.728,3,0.831537
power_maximizer,353,0.95,1.0,0.816188,0.807437,0.805687,0.785,0.728,3,0.831964
power_maximizer,354,0.95,0.999155,0.822562,0.811284,0.809028,0.785,0.728,3,0.834092
power_maximizer,355,0.95,1.0,0.82777,0.811035,0.807688,0.785,0.728,3,0.834944
power_maximizer,356,0.95,0.991257,0.837402,0.82151,0.818332,0.785,0.728,3,0.838308
power_maximizer,357,0.95,1.0,0.845327,0.829479,0.826309,0.785,0.728,3,0.844035
power_maximizer,358,0.95,1.0,0.845926,0.833868,0.831457,0.785,0.728,3,0.845669
power_maximizer,359,0.95,1.0,0.842306,0.840808,0.840509,0.785,0.728,3,0.847576
power_maximizer,360,0.95,1.0,0.848672,0.841093,0.839577,0.785,0.728,3,0.848618
power_maximizer,361,0.95,0.996854,0.840675,0.844422,0.839925,0.785,0.728,3,0.847138
power_maximizer,362,0.95,0.997135,0.824853,0.838805,0.822063,0.785,0.728,3,0.840589
power_maximizer,363,0.95,0.995618,0.829118,0.832395,0.828463,0.785,0.728,3,0.841052
power_maximizer,364,0.95,0.998265,0.832909,0.848361,0.829819,0.785,0.728,3,0.845035
power_maximizer,365,0.95,0.999613,0.831355,0.848227,0.82798,0.785,0.728,3,0.84471
power_maximizer,366,0.95,1.0,0.831007,0.858852,0.825438,0.785,0.728,3,0.846018
power_maximizer,367,0.95,1.0,0.83358,0.871257,0.826044,0.785,0.728,3,0.848563
power_maximizer,368,0.95,1.0,0.831229,0.86768,0.823939,0.785,0.728,3,0.84723
power_maximizer,369,0.95,1.0,0.833496,0.861549,0.827885,0.785,0.728,3,0.847289
power_maximizer,370,0.95,0.992383,0.824888,0.863868,0.817092,0.785,0.728,3,0.84286
power_maximizer,371,0.95,0.996076,0.813427,0.864357,0.803241,0.785,0.728,3,0.839398
power_maximizer,372,0.95,1.0,0.806923,0.86364,0.79558,0.785,0.728,3,0.837671
power_maximizer,373,0.95,1.0,0.81262,0.865964,0.801951,0.785,0.728,3,0.840088
power_maximizer,374,0.95,1.0,0.810011,0.872841,0.797446,0.785,0.728,3,0.839998
power_maximizer,375,0.95,1.0,0.813364,0.870669,0.801903,0.785,0.728,3,0.840967
power_maximizer,376,0.95,0.99882,0.809173,0.870099,0.796988,0.785,0.728,3,0.839099
power_maximizer,377,0.95,1.0,0.804563,0.87593,0.790289,0.785,0.728,3,0.838366
power_maximizer,378,0.95,0.99927,0.80316,0.88537,0.786718,0.785,0.728,3,0.838907
power_maximizer,379,0.95,1.0,0.808515,0.874102,0.795397,0.785,0.728,3,0.839602
power_maximizer,380,0.95,1.0,0.811606,0.87602,0.798724,0.785,0.728,3,0.840998
power_maximizer,381,0.95,1.0,0.801882,0.867414,0.788776,0.785,0.728,3,0.836279
power_maximizer,382,0.95,0.998081,0.812132,0.867114,0.801136,0.785,0.728,3,0.83967
power_maximizer,383,0.95,0.991737,0.797888,0.867304,0.784005,0.785,0.728,3,0.833127
power_maximizer,384,0.95,0.992141,0.806787,0.876087,0.792927,0.785,0.728,3,0.837642
power_maximizer,385,0.95,0.978864,0.812809,0.880907,0.79919,0.785,0.728,3,0.837844
power_maximizer,386,0.95,0.990515,0.808067,0.894388,0.790802,0.785,0.728,3,0.840136
power_maximizer,387,0.95,1.0,0.800246,0.890074,0.78228,0.785,0.728,3,0.838571
power_maximizer,388,0.95,1.0,0.807682,0.892815,0.790656,0.785,0.728,3,0.841688
power_maximizer,389,0.95,1.0,0.80857,0.883417,0.793601,0.785,0.728,3,0.840815
power_maximizer,390,0.95,1.0,0.81324,0.875413,0.800806,0.785,0.728,3,0.841528
power_maximizer,391,0.95,0.999146,0.813289,0.868653,0.802216,0.785,0.728,3,0.84051
power_maximizer,392,0.95,0.997117,0.820158,0.875084,0.809173,0.785,0.728,3,0.843483
power_maximizer,393,0.95,0.997781,0.823156,0.871683,0.813451,0.785,0.728,3,0.844296
power_maximizer,394,0.95,0.994059,0.821469,0.866242,0.812515,0.785,0.728,3,0.842227
power_maximizer,395,0.95,1.0,0.814089,0.867998,0.803307,0.785,0.728,3,0.840895
power_maximizer,396,0.95,1.0,0.816242,0.86086,0.807319,0.785,0.728,3,0.840782
power_maximizer,397,0.95,1.0,0.82462,0.849245,0.819695,0.785,0.728,3,0.842412
power_maximizer,398,0.95,1.0,0.825806,0.854355,0.820097,0.785,0.728,3,0.843507
power_maximizer,399,0.95,1.0,0.818171,0.842037,0.813398,0.785,0.728,3,0.83909
power_maximizer,400,0.95,0.99592,0.81762,0.835614,0.814021,0.785,0.728,3,0.837247
power_maximizer,401,0.95,0.998329,0.815431,0.839854,0.810547,0.785,0.728,3,0.837458
power_maximizer,402,0.95,1.0,0.819078,0.851243,0.812645,0.785,0.728,3,0.840606
power_maximizer,403,0.95,1.0,0.828045,0.860615,0.821531,0.785,0.728,3,0.845141
power_maximizer,404,0.95,1.0,0.838257,0.865336,0.832841,0.785,0.728,3,0.849545
power_maximizer,405,0.95,1.0,0.837895,0.868681,0.831738,0.785,0.728,3,0.849838
power_maximizer,406,0.95,1.0,0.840312,0.866189,0.835137,0.785,0.728,3,0.850418
power_maximizer,407,0.95,1.0,0.831566,0.869739,0.823932,0.785,0.728,3,0.847619
power_maximizer,408,0.95,1.0,0.833867,0.875873,0.825466,0.785,0.728,3,0.84926
power_maximizer,409,0.95,1.0,0.842653,0.863297,0.838524,0.785,0.728,3,0.850919
power_maximizer,410,0.95,1.0,0.851008,0.857618,0.849686,0.785,0.728,3,0.8533
power_maximizer,411,0.95,1.0,0.852694,0.861025,0.851027,0.785,0.728,3,0.854363
power_maximizer,412,0.95,0.989678,0.860304,0.862742,0.859817,0.785,0.728,3,0.85535
power_maximizer,413,0.95,0.981709,0.864999,0.849905,0.846886,0.785,0.728,3,0.850478
power_maximizer,414,0.95,0.973572,0.86694,0.850991,0.847801,0.785,0.728,3,0.84952
power_maximizer,415,0.95,0.975943,0.864372,0.849739,0.846813,0.785,0.728,3,0.849174
power_maximizer,416,0.95,0.984034,0.863685,0.850124,0.847411,0.785,0.728,3,0.850826
power_maximizer,417,0.95,0.990941,0.854762,0.856433,0.854428,0.785,0.728,3,0.852733
power_maximizer,418,0.95,1.0,0.849904,0.85754,0.848377,0.785,0.728,3,0.852879
power_maximizer,419,0.95,1.0,0.847528,0.860593,0.844915,0.785,0.728,3,0.852386
power_maximizer,420,0.95,1.0,0.845166,0.86173,0.841853,0.785,0.728,3,0.851653
power_maximizer,421,0.95,1.0,0.849724,0.862025,0.847264,0.785,0.728,3,0.853386
power_maximizer,422,0.95,1.0,0.853714,0.859324,0.852592,0.785,0.728,3,0.854525
power_maximizer,423,0.95,0.991795,0.849317,0.857786,0.847624,0.785,0.728,3,0.851052
power_maximizer,424,0.95,0.990479,0.854967,0.856262,0.854708,0.785,0.728,3,0.852695
power_maximizer,425,0.95,0.993147,0.861945,0.854778,0.853345,0.785,0.728,3,0.854029
power_maximizer,426,0.95,0.995705,0.85531,0.85333,0.852934,0.785,0.728,3,0.853049
power_maximizer,427,0.95,1.0,0.854252,0.869337,0.851235,0.785,0.728,3,0.856007
power_maximizer,428,0.95,1.0,0.849233,0.867945,0.845491,0.785,0.728,3,0.853962
power_maximizer,429,0.95,0.985197,0.852464,0.880947,0.846767,0.785,0.728,3,0.853867
power_maximizer,430,0.95,0.991075,0.860383,0.881392,0.856182,0.785,0.728,3,0.858046
power_maximizer,431,0.95,0.97667,0.865905,0.882136,0.862659,0.785,0.728,3,0.857314
power_maximizer,432,0.95,0.981482,0.864012,0.88038,0.860738,0.785,0.728,3,0.857348
power_maximizer,433,0.95,0.974575,0.871928,0.873429,0.871627,0.785,0.728,3,0.858021
power_maximizer,434,0.95,0.993759,0.880229,0.875534,0.874595,0.785,0.728,3,0.864164
power_maximizer,435,0.95,0.993325,0.882106,0.877253,0.876282,0.785,0.728,3,0.864959
power_maximizer,436,0.95,0.996878,0.882234,0.870074,0.867642,0.785,0.728,3,0.863162
power_maximizer,437,0.95,1.0,0.875437,0.870495,0.869507,0.785,0.728,3,0.862929
power_maximizer,438,0.95,1.0,0.8746,0.880914,0.873337,0.785,0.728,3,0.865058
power_maximizer,439,0.95,0.993306,0.880132,0.877695,0.877208,0.785,0.728,3,0.864819
power_maximizer,440,0.95,0.999616,0.87862,0.88452,0.87744,0.785,0.728,3,0.866939
power_maximizer,441,0.95,0.998465,0.876139,0.882512,0.874864,0.785,0.728,3,0.865528
power_maximizer,442,0.95,1.0,0.887885,0.897527,0.885956,0.785,0.728,3,0.872127
power_maximizer,443,0.95,1.0,0.882173,0.894092,0.879789,0.785,0.728,3,0.869562
power_maximizer,444,0.95,0.995343,0.877275,0.894497,0.873831,0.785,0.728,3,0.866861
power_maximizer,445,0.95,1.0,0.873242,0.91262,0.865366,0.785,0.728,3,0.868611
power_maximizer,446,0.95,1.0,0.872054,0.914101,0.863645,0.785,0.728,3,0.868359
power_maximizer,447,0.95,1.0,0.880307,0.916913,0.872985,0.785,0.728,3,0.871789
power_maximizer,448,0.95,1.0,0.875014,0.926684,0.86468,0.785,0.728,3,0.871071
power_maximizer,449,0.95,1.0,0.861896,0.921664,0.849942,0.785,0.728,3,0.865548
power_maximizer,450,0.95,1.0,0.870208,0.913052,0.86164,0.785,0.728,3,0.867538
power_maximizer,451,0.95,1.0,0.861816,0.914047,0.851369,0.785,0.728,3,0.864544
power_maximizer,452,0.95,1.0,0.852361,0.913125,0.840208,0.785,0.728,3,0.860908
power_maximizer,453,0.95,1.0,0.850752,0.911509,0.8386,0.785,0.728,3,0.860103
power_maximizer,454,0.95,1.0,0.850716,0.910113,0.838837,0.785,0.728,3,0.859911
power_maximizer,455,0.95,0.988433,0.85537,0.911188,0.844206,0.785,0.728,3,0.859466
power_maximizer,456,0.95,0.999919,0.845389,0.900411,0.834384,0.785,0.728,3,0.856671
power_maximizer,457,0.95,1.0,0.848265,0.898833,0.838151,0.785,0.728,3,0.857555
power_maximizer,458,0.95,1.0,0.85299,0.898482,0.843891,0.785,0.728,3,0.859268
power_maximizer,459,0.95,1.0,0.862084,0.903568,0.853787,0.785,0.728,3,0.863302
power_maximizer,460,0.95,1.0,0.868902,0.914078,0.859867,0.785,0.728,3,0.867184
power_maximizer,461,0.95,1.0,0.874959,0.915454,0.86686,0.785,0.728,3,0.869613
power_maximizer,462,0.95,1.0,0.879932,0.916996,0.872519,0.785,0.728,3,0.87166
power_maximizer,463,0.95,1.0,0.890242,0.912588,0.885773,0.785,0.728,3,0.874931
power_maximizer,464,0.95,1.0,0.896833,0.904653,0.895269,0.785,0.728,3,0.876367
power_maximizer,465,0.95,0.987498,0.898267,0.899087,0.898103,0.785,0.728,3,0.873688
power_maximizer,466,0.95,0.996589,0.895639,0.901686,0.894429,0.785,0.728,3,0.874861
power_maximizer,467,0.95,1.0,0.899742,0.898714,0.898508,0.785,0.728,3,0.876459
power_maximizer,468,0.95,1.0,0.903305,0.891547,0.889196,0.785,0.728,3,0.874464
power_maximizer,469,0.95,0.995123,0.912941,0.898993,0.896204,0.785,0.728,3,0.877536
power_maximizer,470,0.95,1.0,0.912731,0.904277,0.902586,0.785,0.728,3,0.88034
power_maximizer,471,0.95,1.0,0.91901,0.902054,0.898663,0.785,0.728,3,0.880487
power_maximizer,472,0.95,0.994245,0.913595,0.892259,0.887992,0.785,0.728,3,0.875086
power_maximizer,473,0.95,1.0,0.923184,0.883796,0.875918,0.785,0.728,3,0.874677
power_maximizer,474,0.95,1.0,0.921365,0.885799,0.878686,0.785,0.728,3,0.875113
power_maximizer,475,0.95,1.0,0.915927,0.888367,0.882855,0.785,0.728,3,0.875212
power_maximizer,476,0.95,1.0,0.923083,0.885008,0.877393,0.785,0.728,3,0.875089
power_maximizer,477,0.95,0.986552,0.922407,0.882898,0.874996,0.785,0.728,3,0.871557
power_maximizer,478,0.95,0.993976,0.920639,0.877849,0.869291,0.785,0.728,3,0.871003
power_maximizer,479,0.95,1.0,0.925209,0.878535,0.8692,0.785,0.728,3,0.873125
power_maximizer,480,0.95,0.994513,0.779879,0.719812,0.707799,0.88,0.804,4,0.820299
power_maximizer,481,0.95,1.0,0.777838,0.726233,0.715913,0.88,0.804,4,0.823354
power_maximizer,482,0.95,0.980463,0.787645,0.711233,0.69595,0.88,0.804,4,0.815618
power_maximizer,483,0.95,0.992466,0.78829,0.705901,0.689423,0.88,0.804,4,0.816237
power_maximizer,484,0.95,1.0,0.779301,0.716204,0.703585,0.88,0.804,4,0.82004
power_maximizer,485,0.95,0.994261,0.778451,0.713506,0.700517,0.88,0.804,4,0.817817
power_maximizer,486,0.95,1.0,0.770795,0.714523,0.703268,0.88,0.804,4,0.81819
power_maximizer,487,0.95,1.0,0.765445,0.727574,0.72,0.88,0.804,4,0.821992
power_maximizer,488,0.95,0.994505,0.764196,0.726033,0.718401,0.88,0.804,4,0.820166
power_maximizer,489,0.95,0.999063,0.759658,0.716239,0.707555,0.88,0.804,4,0.816958
power_maximizer,490,0.95,0.98844,0.758029,0.714189,0.705421,0.88,0.804,4,0.813871
power_maximizer,491,0.95,1.0,0.761271,0.719091,0.710655,0.88,0.804,4,0.818388
power_maximizer,492,0.95,0.998568,0.765428,0.716315,0.706492,0.88,0.804,4,0.81774
power_maximizer,493,0.95,0.992747,0.766524,0.716203,0.706138,0.88,0.804,4,0.816698
power_maximizer,494,0.95,0.991423,0.767701,0.718191,0.70829,0.88,0.804,4,0.817308
power_maximizer,495,0.95,0.999104,0.771919,0.721042,0.710866,0.88,0.804,4,0.820471
power_maximizer,496,0.95,1.0,0.773241,0.722549,0.71241,0.88,0.804,4,0.821377
power_maximizer,497,0.95,1.0,0.76792,0.730497,0.723013,0.88,0.804,4,0.823387
power_maximizer,498,0.95,1.0,0.780155,0.736663,0.727965,0.88,0.804,4,0.827368
power_maximizer,499,0.95,0.999316,0.782979,0.738311,0.729377,0.88,0.804,4,0.82823
power_maximizer,500,0.95,1.0,0.786774,0.736848,0.726863,0.88,0.804,4,0.828413
power_maximizer,501,0.95,0.992918,0.791677,0.743278,0.733598,0.88,0.804,4,0.829986
power_maximizer,502,0.95,1.0,0.794704,0.748711,0.739512,0.88,0.804,4,0.833762
power_maximizer,503,0.95,1.0,0.793983,0.765011,0.759217,0.88,0.804,4,0.839393
power_maximizer,504,0.95,0.998473,0.799059,0.769342,0.763399,0.88,0.804,4,0.841364
power_maximizer,505,0.95,1.0,0.800905,0.765444,0.758352,0.88,0.804,4,0.84057
power_maximizer,506,0.95,1.0,0.795707,0.778922,0.775565,0.88,0.804,4,0.844545
power_maximizer,507,0.95,1.0,0.8077,0.782531,0.777497,0.88,0.804,4,0.84759
power_maximizer,508,0.95,0.998518,0.813499,0.788,0.7829,0.88,0.804,4,0.850077
power_maximizer,509,0.95,0.995998,0.816516,0.790125,0.784847,0.88,0.804,4,0.850768
power_maximizer,510,0.95,0.988023,0.822109,0.777032,0.768017,0.88,0.804,4,0.845392
power_maximizer,511,0.95,0.987999,0.832093,0.776747,0.765678,0.88,0.804,4,0.846764
power_maximizer,512,0.95,0.988623,0.83479,0.783847,0.773659,0.88,0.804,4,0.849788
power_maximizer,513,0.95,1.0,0.830811,0.788209,0.779688,0.88,0.804,4,0.853009
power_maximizer,514,0.95,1.0,0.84434,0.786169,0.774535,0.88,0.804,4,0.854294
power_maximizer,515,0.95,0.995845,0.85017,0.791723,0.780034,0.88,0.804,4,0.856281
power_maximizer,516,0.95,0.990662,0.856569,0.786874,0.772935,0.88,0.804,4,0.854484
power_maximizer,517,0.95,1.0,0.860489,0.79293,0.779418,0.88,0.804,4,0.859064
power_maximizer,518,0.95,0.989318,0.858547,0.788858,0.77492,0.88,0.804,4,0.855207
power_maximizer,519,0.95,1.0,0.861882,0.79367,0.780027,0.88,0.804,4,0.85953
power_maximizer,520,0.95,1.0,0.869326,0.795951,0.781276,0.88,0.804,4,0.861435
power_maximizer,521,0.95,1.0,0.868842,0.789959,0.774182,0.88,0.804,4,0.859254
power_maximizer,522,0.95,1.0,0.870754,0.784762,0.767564,0.88,0.804,4,0.857708
power_maximizer,523,0.95,1.0,0.859369,0.781854,0.766351,0.88,0.804,4,0.854999
power_maximizer,524,0.95,1.0,0.854135,0.785423,0.77168,0.88,0.804,4,0.855481
power_maximizer,525,0.95,1.0,0.855314,0.78519,0.771165,0.88,0.804,4,0.855573
power_maximizer,526,0.95,1.0,0.85822,0.791544,0.778209,0.88,0.804,4,0.85824
power_maximizer,527,0.95,1.0,0.860489,0.798754,0.786406,0.88,0.804,4,0.861114
power_maximizer,528,0.95,0.997364,0.851315,0.81043,0.802253,0.88,0.804,4,0.863339
power_maximizer,529,0.95,0.987448,0.848816,0.817336,0.81104,0.88,0.804,4,0.863416
power_maximizer,530,0.95,0.987151,0.859035,0.813244,0.804086,0.88,0.804,4,0.863429
power_maximizer,531,0.95,0.992643,0.86307,0.818463,0.809542,0.88,0.804,4,0.866962
power_maximizer,532,0.95,0.998031,0.867649,0.819086,0.809374,0.88,0.804,4,0.868937
power_maximizer,533,0.95,1.0,0.870528,0.825892,0.816965,0.88,0.804,4,0.872152
power_maximizer,534,0.95,1.0,0.867227,0.828388,0.82062,0.88,0.804,4,0.872542
power_maximizer,535,0.95,1.0,0.882059,0.827304,0.816353,0.88,0.804,4,0.874356
power_maximizer,536,0.95,1.0,0.884063,0.843404,0.835272,0.88,0.804,4,0.880319
power_maximizer,537,0.95,1.0,0.880661,0.843174,0.835676,0.88,0.804,4,0.879735
power_maximizer,538,0.95,1.0,0.884008,0.85261,0.846331,0.88,0.804,4,0.883552
power_maximizer,539,0.95,1.0,0.901623,0.856745,0.847769,0.88,0.804,4,0.887614
power_maximizer,540,0.95,0.998246,0.897148,0.864083,0.85747,0.88,0.804,4,0.889184
power_maximizer,541,0.95,1.0,0.898001,0.870103,0.864523,0.88,0.804,4,0.89178
power_maximizer,542,0.95,0.995195,0.900571,0.875268,0.870207,0.88,0.804,4,0.893018
power_maximizer,543,0.95,0.99252,0.905829,0.872301,0.865596,0.88,0.804,4,0.892217
power_maximizer,544,0.95,0.988768,0.914766,0.877634,0.870208,0.88,0.804,4,0.894666
power_maximizer,545,0.95,1.0,0.932665,0.868847,0.856084,0.88,0.804,4,0.896469
power_maximizer,546,0.95,0.998871,0.928368,0.863955,0.851073,0.88,0.804,4,0.893885
power_maximizer,547,0.95,0.992938,0.931238,0.865898,0.85283,0.88,0.804,4,0.893807
power_maximizer,548,0.95,1.0,0.935681,0.865267,0.851184,0.88,0.804,4,0.895655
power_maximizer,549,0.95,1.0,0.925278,0.860869,0.847988,0.88,0.804,4,0.892567
power_maximizer,550,0.95,1.0,0.925444,0.859728,0.846585,0.88,0.804,4,0.89219
power_maximizer,551,0.95,1.0,0.930695,0.855825,0.840851,0.88,0.804,4,0.891593
power_maximizer,552,0.95,1.0,0.932564,0.846418,0.829188,0.88,0.804,4,0.888559
power_maximizer,553,0.95,1.0,0.932083,0.84338,0.82564,0.88,0.804,4,0.887418
power_maximizer,554,0.95,1.0,0.933443,0.848888,0.831978,0.88,0.804,4,0.889558
power_maximizer,555,0.95,1.0,0.931504,0.853328,0.837692,0.88,0.804,4,0.890834
power_maximizer,556,0.95,1.0,0.937069,0.860965,0.845745,0.88,0.804,4,0.894346
power_maximizer,557,0.95,1.0,0.932625,0.862717,0.848735,0.88,0.804,4,0.894305
power_maximizer,558,0.95,1.0,0.929538,0.855451,0.840634,0.88,0.804,4,0.89129
power_maximizer,559,0.95,0.997653,0.9309,0.852421,0.836726,0.88,0.804,4,0.889956
power_maximizer,560,0.95,1.0,0.786213,0.696604,0.678683,0.975,0.88,5,0.839814
power_maximizer,561,0.95,1.0,0.791689,0.69378,0.674198,0.975,0.88,5,0.83963
power_maximizer,562,0.95,1.0,0.788648,0.691191,0.671699,0.975,0.88,5,0.838269
power_maximizer,563,0.95,1.0,0.785769,0.693066,0.674526,0.975,0.88,5,0.838503
power_maximizer,564,0.95,0.997352,0.779978,0.702405,0.686891,0.975,0.88,5,0.840404
power_maximizer,565,0.95,0.996188,0.773125,0.701509,0.687185,0.975,0.88,5,0.838841
power_maximizer,566,0.95,1.0,0.769628,0.704583,0.691575,0.975,0.88,5,0.840168
power_maximizer,567,0.95,0.98475,0.778595,0.701034,0.685521,0.975,0.88,5,0.837196
power_maximizer,568,0.95,0.990523,0.787759,0.707927,0.69196,0.975,0.88,5,0.842133
power_maximizer,569,0.95,0.988045,0.791136,0.710262,0.694087,0.975,0.88,5,0.842959
power_maximizer,570,0.95,0.99816,0.797293,0.712453,0.695485,0.975,0.88,5,0.846665
power_maximizer,571,0.95,0.998316,0.802223,0.709361,0.690788,0.975,0.88,5,0.846337
power_maximizer,572,0.95,1.0,0.805358,0.694466,0.672288,0.975,0.88,5,0.841895
power_maximizer,573,0.95,1.0,0.804414,0.686227,0.66259,0.975,0.88,5,0.838855
power_maximizer,574,0.95,1.0,0.813391,0.691655,0.667307,0.975,0.88,5,0.842094
power_maximizer,575,0.95,1.0,0.819815,0.709019,0.68686,0.975,0.88,5,0.849157
power_maximizer,576,0.95,0.991157,0.824657,0.71936,0.6983,0.975,0.88,5,0.851745
power_maximizer,577,0.95,0.991544,0.833751,0.728294,0.707203,0.975,0.88,5,0.856314
power_maximizer,578,0.95,0.989344,0.832702,0.729718,0.709121,0.975,0.88,5,0.856219
power_maximizer,579,0.95,0.986024,0.818133,0.730353,0.712797,0.975,0.88,5,0.853623
power_maximizer,580,0.95,0.985878,0.831928,0.733669,0.714017,0.975,0.88,5,0.856803
power_maximizer,581,0.95,0.99177,0.838903,0.73854,0.718468,0.975,0.88,5,0.860728
power_maximizer,582,0.95,0.996017,0.843813,0.743876,0.723888,0.975,0.88,5,0.864182
power_maximizer,583,0.95,1.0,0.859094,0.745327,0.722574,0.975,0.88,5,0.867751
power_maximizer,584,0.95,1.0,0.867626,0.748453,0.724619,0.975,0.88,5,0.870114
power_maximizer,585,0.95,1.0,0.855898,0.760292,0.74117,0.975,0.88,5,0.872546
power_maximizer,586,0.95,1.0,0.852214,0.753853,0.734181,0.975,0.88,5,0.869734
power_maximizer,587,0.95,1.0,0.851039,0.757315,0.73857,0.975,0.88,5,0.870779
power_maximizer,588,0.95,1.0,0.859123,0.765291,0.746524,0.975,0.88,5,0.874783
power_maximizer,589,0.95,1.0,0.848485,0.766976,0.750674,0.975,0.88,5,0.873801
power_maximizer,590,0.95,0.996042,0.849245,0.765621,0.748897,0.975,0.88,5,0.872645
power_maximizer,591,0.95,1.0,0.854963,0.772163,0.755603,0.975,0.88,5,0.876586
power_maximizer,592,0.95,1.0,0.849593,0.761779,0.744216,0.975,0.88,5,0.872136
power_maximizer,593,0.95,1.0,0.858653,0.774065,0.757148,0.975,0.88,5,0.877802
power_maximizer,594,0.95,0.995816,0.858236,0.779659,0.763943,0.975,0.88,5,0.878872
power_maximizer,595,0.95,1.0,0.866653,0.779976,0.762641,0.975,0.88,5,0.881066
power_maximizer,596,0.95,1.0,0.861649,0.781186,0.765093,0.975,0.88,5,0.880752
power_maximizer,597,0.95,1.0,0.861181,0.769176,0.750775,0.975,0.88,5,0.876455
power_maximizer,598,0.95,0.998208,0.863103,0.771426,0.75309,0.975,0.88,5,0.877173
power_maximizer,599,0.95,1.0,0.855549,0.771066,0.75417,0.975,0.88,5,0.876287
power_maximizer,600,0.95,0.998887,0.847629,0.777825,0.763864,0.975,0.88,5,0.877271
power_maximizer,601,0.95,1.0,0.837693,0.784727,0.774134,0.975,0.88,5,0.878452
power_maximizer,602,0.95,1.0,0.834316,0.780351,0.769558,0.975,0.88,5,0.876412
power_maximizer,603,0.95,1.0,0.832438,0.786519,0.777335,0.975,0.88,5,0.878306
power_maximizer,604,0.95,1.0,0.836136,0.784896,0.774647,0.975,0.88,5,0.878281
power_maximizer,605,0.95,1.0,0.832907,0.777592,0.766529,0.975,0.88,5,0.875233
power_maximizer,606,0.95,1.0,0.820679,0.777047,0.76832,0.975,0.88,5,0.873231
power_maximizer,607,0.95,1.0,0.812614,0.771074,0.762766,0.975,0.88,5,0.869935
power_maximizer,608,0.95,1.0,0.810393,0.770028,0.761956,0.975,0.88,5,0.869238
power_maximizer,609,0.95,0.985183,0.801501,0.771104,0.765024,0.975,0.88,5,0.865337
power_maximizer,610,0.95,0.985497,0.804489,0.780653,0.775886,0.975,0.88,5,0.869204
power_maximizer,611,0.95,0.984683,0.806734,0.794218,0.791714,0.975,0.88,5,0.874148
power_maximizer,612,0.95,0.996703,0.802943,0.797302,0.796174,0.975,0.88,5,0.877076
power_maximizer,613,0.95,0.992839,0.799409,0.801393,0.799012,0.975,0.88,5,0.876776
power_maximizer,614,0.95,0.995601,0.802237,0.807203,0.801244,0.975,0.88,5,0.879124
power_maximizer,615,0.95,1.0,0.809526,0.825138,0.806404,0.975,0.88,5,0.885011
power_maximizer,616,0.95,1.0,0.816426,0.832151,0.81328,0.975,0.88,5,0.888476
power_maximizer,617,0.95,1.0,0.821875,0.8292,0.82041,0.975,0.88,5,0.890125
power_maximizer,618,0.95,1.0,0.829988,0.827622,0.827149,0.975,0.88,5,0.892411
power_maximizer,619,0.95,0.988467,0.824472,0.821812,0.82128,0.975,0.88,5,0.887243
power_maximizer,620,0.95,0.982756,0.822362,0.819305,0.818694,0.975,0.88,5,0.884906
power_maximizer,621,0.95,0.997136,0.828465,0.82157,0.820192,0.975,0.88,5,0.889483
power_maximizer,622,0.95,0.99747,0.83249,0.827217,0.826162,0.975,0.88,5,0.892133
power_maximizer,623,0.95,1.0,0.82231,0.83056,0.82066,0.975,0.88,5,0.890461
power_maximizer,624,0.95,1.0,0.835342,0.827306,0.825699,0.975,0.88,5,0.893092
power_maximizer,625,0.95,1.0,0.836716,0.828693,0.827088,0.975,0.88,5,0.893784
power_maximizer,626,0.95,1.0,0.846942,0.830735,0.827493,0.975,0.88,5,0.896016
power_maximizer,627,0.95,0.998186,0.853374,0.828194,0.823158,0.975,0.88,5,0.895711
power_maximizer,628,0.95,1.0,0.854401,0.8171,0.80964,0.975,0.88,5,0.892321
power_maximizer,629,0.95,1.0,0.859467,0.820789,0.813053,0.975,0.88,5,0.894369
power_maximizer,630,0.95,1.0,0.86846,0.828456,0.820455,0.975,0.88,5,0.898398
power_maximizer,631,0.95,1.0,0.87547,0.828672,0.819312,0.975,0.88,5,0.899512
power_maximizer,632,0.95,1.0,0.878261,0.835557,0.827016,0.975,0.88,5,0.902349
power_maximizer,633,0.95,0.999108,0.879788,0.846146,0.839418,0.975,0.88,5,0.906124
power_maximizer,634,0.95,0.989216,0.879939,0.858686,0.854435,0.975,0.88,5,0.908582
power_maximizer,635,0.95,0.997364,0.880097,0.849579,0.843475,0.975,0.88,5,0.907029
power_maximizer,636,0.95,1.0,0.881116,0.849155,0.842763,0.975,0.88,5,0.907558
power_maximizer,637,0.95,0.999464,0.889432,0.854219,0.847176,0.975,0.88,5,0.910464
power_maximizer,638,0.95,1.0,0.889709,0.862242,0.856749,0.975,0.88,5,0.913436
power_maximizer,639,0.95,0.990825,0.894719,0.867683,0.862275,0.975,0.88,5,0.914258
power_maximizer,640,0.95,1.0,0.747638,0.712931,0.70599,1.0,0.956,6,0.855002
power_maximizer,641,0.95,0.999903,0.748795,0.7285,0.724441,1.0,0.956,6,0.860634
power_maximizer,642,0.95,1.0,0.741734,0.731109,0.728984,1.0,0.956,6,0.860527
power_maximizer,643,0.95,0.98712,0.747168,0.732055,0.729033,1.0,0.956,6,0.859088
power_maximizer,644,0.95,0.997636,0.758812,0.744211,0.741291,1.0,0.956,6,0.867194
power_maximizer,645,0.95,1.0,0.769675,0.757375,0.754915,1.0,0.956,6,0.873908
power_maximizer,646,0.95,0.996268,0.773647,0.762924,0.760779,1.0,0.956,6,0.875702
power_maximizer,647,0.95,1.0,0.790001,0.769608,0.76553,1.0,0.956,6,0.881222
power_maximizer,648,0.95,1.0,0.792082,0.77466,0.771176,1.0,0.956,6,0.883309
power_maximizer,649,0.95,0.99609,0.802175,0.785599,0.782283,1.0,0.956,6,0.887871
power_maximizer,650,0.95,1.0,0.804027,0.79021,0.787447,1.0,0.956,6,0.89055
power_maximizer,651,0.95,1.0,0.806875,0.801189,0.800052,1.0,0.956,6,0.894836
power_maximizer,652,0.95,1.0,0.804193,0.816526,0.801726,1.0,0.956,6,0.897075
power_maximizer,653,0.95,1.0,0.796893,0.813792,0.793514,1.0,0.956,6,0.89401
power_maximizer,654,0.95,1.0,0.787848,0.822256,0.780966,1.0,0.956,6,0.891728
power_maximizer,655,0.95,1.0,0.789867,0.825617,0.782717,1.0,0.956,6,0.892909
power_maximizer,656,0.95,0.99662,0.786431,0.826531,0.778411,1.0,0.956,6,0.891072
power_maximizer,657,0.95,0.989773,0.778986,0.833555,0.768072,1.0,0.956,6,0.887832
power_maximizer,658,0.95,0.990435,0.770497,0.831478,0.758301,1.0,0.956,6,0.884541
power_maximizer,659,0.95,1.0,0.768624,0.843445,0.75366,1.0,0.956,6,0.887289
power_maximizer,660,0.95,0.998335,0.780625,0.846592,0.767431,1.0,0.956,6,0.891823
power_maximizer,661,0.95,1.0,0.791375,0.85723,0.778205,1.0,0.956,6,0.897517
power_maximizer,662,0.95,1.0,0.79442,0.853026,0.782699,1.0,0.956,6,0.898112
power_maximizer,663,0.95,1.0,0.803728,0.862034,0.792067,1.0,0.956,6,0.902727
power_maximizer,664,0.95,1.0,0.810069,0.860179,0.800047,1.0,0.956,6,0.904849
power_maximizer,665,0.95,1.0,0.806532,0.856116,0.796615,1.0,0.956,6,0.903013
power_maximizer,666,0.95,1.0,0.818696,0.85476,0.811483,1.0,0.956,6,0.907364
power_maximizer,667,0.95,1.0,0.814527,0.845116,0.808409,1.0,0.956,6,0.904579
power_maximizer,668,0.95,0.997186,0.816628,0.84346,0.811262,1.0,0.956,6,0.904586
power_maximizer,669,0.95,0.993381,0.817749,0.848037,0.811692,1.0,0.956,6,0.904828
power_maximizer,670,0.95,0.991581,0.817852,0.841288,0.813165,1.0,0.956,6,0.903642
power_maximizer,671,0.95,0.996331,0.81764,0.841564,0.812856,1.0,0.956,6,0.904549
power_maximizer,672,0.95,0.994885,0.823975,0.852081,0.818354,1.0,0.956,6,0.907962
power_maximizer,673,0.95,1.0,0.82465,0.856049,0.81837,1.0,0.956,6,0.909744
power_maximizer,674,0.95,1.0,0.816113,0.8605,0.807236,1.0,0.956,6,0.907138
power_maximizer,675,0.95,1.0,0.824294,0.858034,0.817546,1.0,0.956,6,0.909866
power_maximizer,676,0.95,1.0,0.815864,0.858299,0.807377,1.0,0.956,6,0.906763
power_maximizer,677,0.95,0.988522,0.810396,0.853807,0.801714,1.0,0.956,6,0.901859
power_maximizer,678,0.95,0.989396,0.821066,0.861287,0.813022,1.0,0.956,6,0.906961
power_maximizer,679,0.95,0.994361,0.825573,0.85778,0.819131,1.0,0.956,6,0.909181
power_maximizer,680,0.95,0.989265,0.832678,0.866603,0.825893,1.0,0.956,6,0.911935
power_maximizer,681,0.95,0.991655,0.837088,0.851035,0.834299,1.0,0.956,6,0.91206
power_maximizer,682,0.95,0.994548,0.838739,0.857062,0.835075,1.0,0.956,6,0.914025
power_maximizer,683,0.95,0.989227,0.839826,0.859182,0.835955,1.0,0.956,6,0.913636
power_maximizer,684,0.95,0.994322,0.847984,0.854356,0.84671,1.0,0.956,6,0.917072
power_maximizer,685,0.95,1.0,0.839401,0.857182,0.835844,1.0,0.956,6,0.915376
power_maximizer,686,0.95,1.0,0.835899,0.857878,0.831503,1.0,0.956,6,0.914163
power_maximizer,687,0.95,0.993685,0.830851,0.851772,0.826666,1.0,0.956,6,0.91024
power_maximizer,688,0.95,0.993786,0.832727,0.851134,0.829045,1.0,0.956,6,0.910877
power_maximizer,689,0.95,0.995705,0.849483,0.861273,0.847125,1.0,0.956,6,0.918792
power_maximizer,690,0.95,1.0,0.8463,0.852279,0.845105,1.0,0.956,6,0.917315
power_maximizer,691,0.95,1.0,0.854421,0.851233,0.850595,1.0,0.956,6,0.919488
power_maximizer,692,0.95,1.0,0.858517,0.850656,0.849084,1.0,0.956,6,0.919891
power_maximizer,693,0.95,1.0,0.866689,0.845263,0.840978,1.0,0.956,6,0.919202
power_maximizer,694,0.95,1.0,0.872789,0.852352,0.848264,1.0,0.956,6,0.922601
power_maximizer,695,0.95,0.990864,0.871115,0.859458,0.857127,1.0,0.956,6,0.923027
power_maximizer,696,0.95,0.989112,0.861733,0.87166,0.859748,1.0,0.956,6,0.92336
power_maximizer,697,0.95,0.999071,0.869199,0.876661,0.867707,1.0,0.956,6,0.928769
power_maximizer,698,0.95,1.0,0.868203,0.893949,0.863054,1.0,0.956,6,0.930797
power_maximizer,699,0.95,1.0,0.872578,0.889157,0.869262,1.0,0.956,6,0.931811
power_maximizer,700,0.95,0.998511,0.877113,0.896883,0.873159,1.0,0.956,6,0.934189
power_maximizer,701,0.95,1.0,0.878653,0.897781,0.874827,1.0,0.956,6,0.935175
power_maximizer,702,0.95,1.0,0.888986,0.898357,0.887112,1.0,0.956,6,0.939093
power_maximizer,703,0.95,0.99967,0.896921,0.90363,0.895579,1.0,0.956,6,0.942653
power_maximizer,704,0.95,1.0,0.901598,0.900925,0.900791,1.0,0.956,6,0.943962
power_maximizer,705,0.95,1.0,0.908024,0.896223,0.893862,1.0,0.956,6,0.943258
power_maximizer,706,0.95,1.0,0.919485,0.885975,0.879273,1.0,0.956,6,0.941347
power_maximizer,707,0.95,0.992792,0.916645,0.885156,0.878859,1.0,0.956,6,0.939197
power_maximizer,708,0.95,0.992321,0.917689,0.883323,0.87645,1.0,0.956,6,0.938612
power_maximizer,709,0.95,1.0,0.923194,0.889782,0.8831,1.0,0.956,6,0.943236
power_maximizer,710,0.95,1.0,0.928171,0.884918,0.876267,1.0,0.956,6,0.94226
power_maximizer,711,0.95,1.0,0.940086,0.897845,0.889397,1.0,0.956,6,0.948574
power_maximizer,712,0.95,1.0,0.935314,0.904955,0.898884,1.0,0.956,6,0.950371
power_maximizer,713,0.95,0.995834,0.939049,0.905451,0.898731,1.0,0.956,6,0.950265
power_maximizer,714,0.95,1.0,0.946959,0.907038,0.899053,1.0,0.956,6,0.952827
power_maximizer,715,0.95,1.0,0.951078,0.912544,0.904837,1.0,0.956,6,0.955375
power_maximizer,716,0.95,0.995438,0.948259,0.909869,0.902191,1.0,0.956,6,0.953104
power_maximizer,717,0.95,1.0,0.947949,0.919536,0.913853,1.0,0.956,6,0.957373
power_maximizer,718,0.95,1.0,0.943642,0.929954,0.927216,1.0,0.956,6,0.960403
power_maximizer,719,0.95,1.0,0.942281,0.925455,0.92209,1.0,0.956,6,0.958618
power_maximizer,720,0.95,1.0,0.938273,0.944707,0.936986,1.0,0.956,6,0.96336
power_maximizer,721,0.95,0.993741,0.942074,0.954547,0.93958,1.0,0.956,6,0.964782
power_maximizer,722,0.95,1.0,0.931708,0.951027,0.927844,1.0,0.956,6,0.961727
power_maximizer,723,0.95,0.98864,0.93323,0.938158,0.932244,1.0,0.956,6,0.958373
power_maximizer,724,0.95,0.988142,0.929043,0.941278,0.926596,1.0,0.956,6,0.957116
power_maximizer,725,0.95,0.999092,0.934409,0.948828,0.931525,1.0,0.956,6,0.962269
power_maximizer,726,0.95,1.0,0.938265,0.950292,0.93586,1.0,0.956,6,0.964072
power_maximizer,727,0.95,1.0,0.934101,0.953418,0.930237,1.0,0.956,6,0.962923
power_maximizer,728,0.95,0.998495,0.930918,0.946715,0.927758,1.0,0.956,6,0.96058
power_maximizer,729,0.95,1.0,0.92657,0.952205,0.921443,1.0,0.956,6,0.959966
power_maximizer,730,0.95,0.992548,0.933579,0.949556,0.930383,1.0,0.956,6,0.960744
power_maximizer,731,0.95,0.996677,0.941231,0.950282,0.939421,1.0,0.956,6,0.96451
power_maximizer,732,0.95,1.0,0.939026,0.962206,0.93439,1.0,0.956,6,0.96588
power_maximizer,733,0.95,0.98592,0.941902,0.974327,0.935417,1.0,0.956,6,0.965685
power_maximizer,734,0.95,1.0,0.936481,0.980108,0.927755,1.0,0.956,6,0.967225
power_maximizer,735,0.95,1.0,0.929605,0.97648,0.92023,1.0,0.956,6,0.964203
power_maximizer,736,0.95,1.0,0.935254,0.978423,0.926621,1.0,0.956,6,0.966553
power_maximizer,737,0.95,1.0,0.931555,0.9839,0.921086,1.0,0.956,6,0.965878
power_maximizer,738,0.95,1.0,0.927845,0.967656,0.919882,1.0,0.956,6,0.962418
power_maximizer,739,0.95,1.0,0.926303,0.96354,0.918856,1.0,0.956,6,0.961318
power_maximizer,740,0.95,1.0,0.927334,0.962217,0.920358,1.0,0.956,6,0.961532
power_maximizer,741,0.95,1.0,0.937806,0.965205,0.932327,1.0,0.956,6,0.96581
power_maximizer,742,0.95,1.0,0.931535,0.970152,0.923811,1.0,0.956,6,0.96411
power_maximizer,743,0.95,1.0,0.91726,0.957741,0.909163,1.0,0.956,6,0.957211
power_maximizer,744,0.95,1.0,0.918935,0.959354,0.910852,1.0,0.956,6,0.958041
power_maximizer,745,0.95,0.993647,0.919744,0.961669,0.911358,1.0,0.956,6,0.957368
power_maximizer,746,0.95,0.997674,0.911107,0.970588,0.899211,1.0,0.956,6,0.956102
power_maximizer,747,0.95,1.0,0.911979,0.977109,0.898953,1.0,0.956,6,0.957726
power_maximizer,748,0.95,1.0,0.909531,0.978099,0.895817,1.0,0.956,6,0.956942
power_maximizer,749,0.95,0.997526,0.909866,0.974701,0.896899,1.0,0.956,6,0.956137
power_maximizer,750,0.95,1.0,0.920219,0.973831,0.909497,1.0,0.956,6,0.960372
power_maximizer,751,0.95,0.993229,0.918494,0.975408,0.907111,1.0,0.956,6,0.958578
power_maximizer,752,0.95,0.998805,0.927775,0.979548,0.91742,1.0,0.956,6,0.963675
power_maximizer,753,0.95,1.0,0.942983,0.976881,0.936203,1.0,0.956,6,0.96923
power_maximizer,754,0.95,0.99412,0.957653,0.982075,0.952769,1.0,0.956,6,0.974176
power_maximizer,755,0.95,1.0,0.962287,0.994087,0.955927,1.0,0.956,6,0.978614
power_maximizer,756,0.95,1.0,0.959965,0.982316,0.955495,1.0,0.956,6,0.976243
power_maximizer,757,0.95,1.0,0.964883,0.996686,0.958522,1.0,0.956,6,0.979912
power_maximizer,758,0.95,1.0,0.966016,1.0,0.95922,1.0,0.956,6,0.980758
power_maximizer,759,0.95,0.998752,0.972767,1.0,0.967321,1.0,0.956,6,0.98302
power_maximizer,760,0.95,0.998302,0.960826,0.992648,0.954461,1.0,0.956,6,0.977546
power_maximizer,761,0.95,1.0,0.956723,0.991713,0.949724,1.0,0.956,6,0.97624
power_maximizer,762,0.95,0.999442,0.961656,0.983663,0.957255,1.0,0.956,6,0.976934
power_maximizer,763,0.95,1.0,0.961517,0.98729,0.956363,1.0,0.956,6,0.977458
power_maximizer,764,0.95,1.0,0.968529,0.990364,0.964162,1.0,0.956,6,0.980459
power_maximizer,765,0.95,1.0,0.963897,0.990048,0.958667,1.0,0.956,6,0.978696
power_maximizer,766,0.95,1.0,0.958992,0.987213,0.953347,1.0,0.956,6,0.976508
power_maximizer,767,0.95,1.0,0.962396,0.990504,0.956774,1.0,0.956,6,0.978196
power_maximizer,768,0.95,1.0,0.968822,0.985013,0.965584,1.0,0.956,6,0.979883
power_maximizer,769,0.95,1.0,0.966489,0.978362,0.964114,1.0,0.956,6,0.978164
power_maximizer,770,0.95,1.0,0.96286,0.976727,0.960087,1.0,0.956,6,0.976605
power_maximizer,771,0.95,1.0,0.978137,0.97803,0.978008,1.0,0.956,6,0.982431
power_maximizer,772,0.95,1.0,0.979938,0.980905,0.979745,1.0,0.956,6,0.983493
power_maximizer,773,0.95,0.997037,0.985333,0.98238,0.98179,1.0,0.956,6,0.984435
power_maximizer,774,0.95,1.0,0.993115,0.977449,0.974316,1.0,0.956,6,0.984443
power_maximizer,775,0.95,0.989997,0.985645,0.984008,0.98368,1.0,0.956,6,0.983646
power_maximizer,776,0.95,0.984927,0.987194,0.981065,0.979839,1.0,0.956,6,0.981825
power_maximizer,777,0.95,0.994641,0.980377,0.97586,0.974957,1.0,0.956,6,0.980927
power_maximizer,778,0.95,1.0,0.988041,0.972159,0.968983,1.0,0.956,6,0.98183
power_maximizer,779,0.95,0.997527,0.999142,0.965691,0.959001,1.0,0.956,6,0.980702
power_maximizer,780,0.95,0.996075,1.0,0.96965,0.963581,1.0,0.956,6,0.981932
power_maximizer,781,0.95,0.995697,1.0,0.976331,0.971597,1.0,0.956,6,0.984208
power_maximizer,782,0.95,0.999854,1.0,0.977405,0.972886,1.0,0.956,6,0.985418
power_maximizer,783,0.95,0.997151,1.0,0.984969,0.981963,1.0,0.956,6,0.987539
power_maximizer,784,0.95,1.0,1.0,0.989643,0.987571,1.0,0.956,6,0.989754
power_maximizer,785,0.95,1.0,0.995055,0.982274,0.979718,1.0,0.956,6,0.986429
power_maximizer,786,0.95,1.0,0.99924,0.985764,0.983069,1.0,0.956,6,0.988276
power_maximizer,787,0.95,1.0,0.998993,0.988412,0.986296,1.0,0.956,6,0.989172
power_maximizer,788,0.95,1.0,1.0,0.984533,0.98144,1.0,0.956,6,0.987956
power_maximizer,789,0.95,0.998811,0.996841,0.977969,0.974195,1.0,0.956,6,0.98494
power_maximizer,790,0.95,1.0,1.0,0.990067,0.98808,1.0,0.956,6,0.989903
power_maximizer,791,0.95,1.0,0.998635,0.991717,0.990333,1.0,0.956,6,0.990282
power_maximizer,792,0.95,1.0,1.0,0.991133,0.989359,1.0,0.956,6,0.990279
power_maximizer,793,0.95,1.0,1.0,0.985785,0.982942,1.0,0.956,6,0.988396
power_maximizer,794,0.95,1.0,0.996351,0.981297,0.978286,1.0,0.956,6,0.986276
power_maximizer,795,0.95,1.0,0.987652,0.977332,0.975268,1.0,0.956,6,0.983593
power_maximizer,796,0.95,1.0,0.991129,0.981664,0.979771,1.0,0.956,6,0.985633
power_maximizer,797,0.95,1.0,0.985979,0.978166,0.976603,1.0,0.956,6,0.983639
power_maximizer,798,0.95,0.994293,0.992533,0.98256,0.980565,1.0,0.956,6,0.985014
power_maximizer,799,0.95,0.998407,0.997283,0.972201,0.967185,1.0,0.956,6,0.982894
power_maximizer,800,0.95,1.0,1.0,0.974815,0.969778,1.0,0.956,6,0.984535
power_maximizer,801,0.95,0.991816,0.995728,0.978507,0.975062,1.0,0.956,6,0.983565
power_maximizer,802,0.95,0.984672,0.989892,0.974425,0.971332,1.0,0.956,6,0.979836
power_maximizer,803,0.95,0.977576,0.981481,0.969801,0.967465,1.0,0.956,6,0.975544
power_maximizer,804,0.95,0.971931,0.981009,0.976515,0.975616,1.0,0.956,6,0.976709
power_maximizer,805,0.95,0.974079,0.987385,0.974287,0.971667,1.0,0.956,6,0.977298
power_maximizer,806,0.95,0.987187,0.985699,0.981222,0.980327,1.0,0.956,6,0.982111
power_maximizer,807,0.95,0.988245,0.988749,0.983371,0.982295,1.0,0.956,6,0.98353
power_maximizer,808,0.95,0.987658,0.989131,0.983201,0.982015,1.0,0.956,6,0.98341
power_maximizer,809,0.95,0.983256,0.995364,0.986201,0.984368,1.0,0.956,6,0.984508
power_maximizer,810,0.95,0.996723,1.0,0.992377,0.990853,1.0,0.956,6,0.990061
power_maximizer,811,0.95,1.0,0.990031,0.981404,0.979678,1.0,0.956,6,0.985379
power_maximizer,812,0.95,0.999064,0.984663,0.981251,0.980568,1.0,0.956,6,0.984343
power_maximizer,813,0.95,0.99248,0.988541,0.972759,0.969603,1.0,0.956,6,0.980611
power_maximizer,814,0.95,1.0,0.982226,0.978304,0.97752,1.0,0.956,6,0.983133
power_maximizer,815,0.95,1.0,0.989024,0.983013,0.98181,1.0,0.956,6,0.985796
power_maximizer,816,0.95,0.994587,0.995837,0.9781,0.974553,1.0,0.956,6,0.983993
power_maximizer,817,0.95,1.0,0.998798,0.980385,0.976702,1.0,0.956,6,0.986318
power_maximizer,818,0.95,0.993001,1.0,0.981735,0.978082,1.0,0.956,6,0.985571
power_maximizer,819,0.95,0.996443,0.991569,0.987751,0.986987,1.0,0.956,6,0.987129
power_maximizer,820,0.95,1.0,0.987785,0.997764,0.98579,1.0,0.956,6,0.98857
power_maximizer,821,0.95,1.0,0.988577,0.991238,0.988045,1.0,0.956,6,0.988029
power_maximizer,822,0.95,1.0,0.985771,0.993714,0.984182,1.0,0.956,6,0.987302
power_maximizer,823,0.95,1.0,0.984063,0.988878,0.983101,1.0,0.956,6,0.986048
power_maximizer,824,0.95,1.0,0.98319,0.986748,0.982478,1.0,0.956,6,0.98545
power_maximizer,825,0.95,0.994744,0.989158,0.974248,0.971266,1.0,0.956,6,0.981679
power_maximizer,826,0.95,0.995346,0.99975,0.979168,0.975052,1.0,0.956,6,0.9851
power_maximizer,827,0.95,1.0,0.99531,0.985473,0.983506,1.0,0.956,6,0.987592
power_maximizer,828,0.95,1.0,0.992929,0.979476,0.976786,1.0,0.956,6,0.985129
power_maximizer,829,0.95,1.0,0.990046,0.983046,0.981646,1.0,0.956,6,0.985959
power_maximizer,830,0.95,1.0,0.992819,0.982884,0.980897,1.0,0.956,6,0.986312
power_maximizer,831,0.95,1.0,0.996206,0.99546,0.995311,1.0,0.956,6,0.991241
power_maximizer,832,0.95,1.0,1.0,0.998611,0.998333,1.0,0.956,6,0.992911
power_maximizer,833,0.95,1.0,0.993946,0.995964,0.993543,1.0,0.956,6,0.990631
power_maximizer,834,0.95,1.0,0.992974,0.996842,0.9922,1.0,0.956,6,0.990382
power_maximizer,835,0.95,1.0,0.992088,0.99286,0.991933,1.0,0.956,6,0.989543
power_maximizer,836,0.95,1.0,0.982545,0.991066,0.980841,1.0,0.956,6,0.985763
power_maximizer,837,0.95,1.0,0.988215,0.992877,0.987283,1.0,0.956,6,0.988104
power_maximizer,838,0.95,1.0,0.984314,0.991395,0.982897,1.0,0.956,6,0.986463
power_maximizer,839,0.95,1.0,0.973188,0.989113,0.970003,1.0,0.956,6,0.982033
power_maximizer,840,0.95,1.0,0.972029,0.992172,0.968001,1.0,0.956,6,0.981993
power_maximizer,841,0.95,0.990776,0.970276,0.99685,0.964961,1.0,0.956,6,0.980095
power_maximizer,842,0.95,1.0,0.961823,0.995494,0.955089,1.0,0.956,6,0.978621
power_maximizer,843,0.95,1.0,0.965517,0.990046,0.960611,1.0,0.956,6,0.979298
power_maximizer,844,0.95,1.0,0.970885,0.985331,0.967995,1.0,0.956,6,0.980691
power_maximizer,845,0.95,0.982169,0.967505,0.98236,0.964534,1.0,0.956,6,0.975488
power_maximizer,846,0.95,0.987294,0.96756,0.969017,0.967268,1.0,0.956,6,0.974825
power_maximizer,847,0.95,0.983668,0.970863,0.961698,0.959864,1.0,0.956,6,0.972339
power_maximizer,848,0.95,0.985202,0.973031,0.962905,0.96088,1.0,0.956,6,0.973392
power_maximizer,849,0.95,0.976712,0.964492,0.959847,0.958918,1.0,0.956,6,0.969353
power_maximizer,850,0.95,0.975646,0.968669,0.958654,0.956651,1.0,0.956,6,0.969338
power_maximizer,851,0.95,0.977222,0.9704,0.961099,0.959239,1.0,0.956,6,0.97077
power_maximizer,852,0.95,0.97567,0.970314,0.964123,0.962884,1.0,0.956,6,0.971512
power_maximizer,853,0.95,0.975465,0.961375,0.961488,0.961353,1.0,0.956,6,0.969195
power_maximizer,854,0.95,0.965452,0.957065,0.955668,0.955388,1.0,0.956,6,0.964531
power_maximizer,855,0.95,0.974061,0.952156,0.954638,0.95166,1.0,0.956,6,0.964608
power_maximizer,856,0.95,0.973906,0.955125,0.960132,0.954123,1.0,0.956,6,0.966385
power_maximizer,857,0.95,0.986121,0.946569,0.953125,0.945258,1.0,0.956,6,0.964748
power_maximizer,858,0.95,1.0,0.950171,0.953445,0.949516,1.0,0.956,6,0.968904
power_maximizer,859,0.95,0.98762,0.951545,0.951856,0.951483,1.0,0.956,6,0.966736
power_maximizer,860,0.95,0.991945,0.952817,0.9581,0.951761,1.0,0.956,6,0.968874
power_maximizer,861,0.95,1.0,0.953431,0.957911,0.952536,1.0,0.956,6,0.970689
power_maximizer,862,0.95,0.995972,0.970877,0.960667,0.958625,1.0,0.956,6,0.974439
power_maximizer,863,0.95,1.0,0.982489,0.965894,0.962575,1.0,0.956,6,0.978803
power_maximizer,864,0.95,1.0,0.980654,0.966947,0.964205,1.0,0.956,6,0.978902
power_maximizer,865,0.95,1.0,0.976978,0.967944,0.966138,1.0,0.956,6,0.978709
power_maximizer,866,0.95,1.0,0.989148,0.968608,0.9645,1.0,0.956,6,0.980744
power_maximizer,867,0.95,1.0,0.995914,0.967011,0.961231,1.0,0.956,6,0.981183
power_maximizer,868,0.95,1.0,0.992733,0.967181,0.96207,1.0,0.956,6,0.980772
power_maximizer,869,0.95,1.0,1.0,0.971902,0.966282,1.0,0.956,6,0.983509
power_maximizer,870,0.95,0.997031,1.0,0.96658,0.959896,1.0,0.956,6,0.981042
power_maximizer,871,0.95,1.0,1.0,0.958505,0.950206,1.0,0.956,6,0.978794
power_maximizer,872,0.95,0.992751,1.0,0.971386,0.965664,1.0,0.956,6,0.981878
power_maximizer,873,0.95,0.981383,1.0,0.977348,0.972818,1.0,0.956,6,0.981703
power_maximizer,874,0.95,0.982757,1.0,0.980923,0.977107,1.0,0.956,6,0.983236
power_maximizer,875,0.95,0.991443,0.987175,0.979815,0.978343,1.0,0.956,6,0.982685
power_maximizer,876,0.95,0.99539,0.984335,0.985393,0.984124,1.0,0.956,6,0.984781
power_maximizer,877,0.95,1.0,0.989769,0.992056,0.989312,1.0,0.956,6,0.988577
power_maximizer,878,0.95,1.0,0.990429,0.990728,0.990369,1.0,0.956,6,0.988653
power_maximizer,879,0.95,0.996158,0.988852,0.992288,0.988165,1.0,0.956,6,0.987497
power_maximizer,880,0.95,0.999623,0.995007,0.998857,0.994237,1.0,0.956,6,0.991321
power_maximizer,881,0.95,1.0,0.993605,1.0,0.992326,1.0,0.956,6,0.991021
power_maximizer,882,0.95,0.994276,0.994651,1.0,0.993581,1.0,0.956,6,0.990265
power_maximizer,883,0.95,1.0,0.997991,0.99378,0.992938,1.0,0.956,6,0.990913
power_maximizer,884,0.95,0.992649,0.994261,1.0,0.993113,1.0,0.956,6,0.989795
power_maximizer,885,0.95,0.995422,0.99647,0.998173,0.99613,1.0,0.956,6,0.990938
power_maximizer,886,0.95,0.998742,0.996588,1.0,0.995906,1.0,0.956,6,0.991879
power_maximizer,887,0.95,1.0,0.994756,0.990486,0.989633,1.0,0.956,6,0.989275
power_maximizer,888,0.95,1.0,0.997127,0.982659,0.979765,1.0,0.956,6,0.986871
power_maximizer,889,0.95,1.0,1.0,0.981747,0.978096,1.0,0.956,6,0.986975
power_maximizer,890,0.95,1.0,1.0,0.973951,0.968742,1.0,0.956,6,0.984231
power_maximizer,891,0.95,1.0,1.0,0.969379,0.963255,1.0,0.956,6,0.982621
power_maximizer,892,0.95,1.0,0.999076,0.972174,0.966793,1.0,0.956,6,0.983468
power_maximizer,893,0.95,0.998608,1.0,0.978801,0.974561,1.0,0.956,6,0.98566
power_maximizer,894,0.95,1.0,0.995544,0.971947,0.967228,1.0,0.956,6,0.982866
power_maximizer,895,0.95,0.990167,1.0,0.970768,0.964921,1.0,0.956,6,0.981144
power_maximizer,896,0.95,0.997245,1.0,0.966161,0.959393,1.0,0.956,6,0.980938
power_maximizer,897,0.95,1.0,0.992464,0.965547,0.960164,1.0,0.956,6,0.980157
power_maximizer,898,0.95,1.0,0.996858,0.958819,0.951211,1.0,0.956,6,0.978439
power_maximizer,899,0.95,1.0,1.0,0.964023,0.956827,1.0,0.956,6,0.980736
power_maximizer,900,0.95,1.0,0.99635,0.953067,0.94441,1.0,0.956,6,0.976339
power_maximizer,901,0.95,1.0,0.999739,0.945605,0.934778,1.0,0.956,6,0.974214
power_maximizer,902,0.95,1.0,1.0,0.945887,0.935065,1.0,0.956,6,0.974352
power_maximizer,903,0.95,1.0,0.993858,0.947756,0.938536,1.0,0.956,6,0.974101
power_maximizer,904,0.95,0.999424,0.993634,0.956467,0.949033,1.0,0.956,6,0.977019
power_maximizer,905,0.95,1.0,0.991451,0.971946,0.968045,1.0,0.956,6,0.98226
power_maximizer,906,0.95,0.999231,0.980904,0.980659,0.98061,1.0,0.956,6,0.983612
power_maximizer,907,0.95,1.0,0.972796,0.98964,0.969427,1.0,0.956,6,0.981954
power_maximizer,908,0.95,1.0,0.963236,0.998573,0.956168,1.0,0.956,6,0.979541
power_maximizer,909,0.95,1.0,0.967548,0.993997,0.962258,1.0,0.956,6,0.980559
power_maximizer,910,0.95,1.0,0.956821,0.99924,0.948337,1.0,0.956,6,0.97724
power_maximizer,911,0.95,0.998189,0.959428,0.997655,0.951783,1.0,0.956,6,0.977645
power_maximizer,912,0.95,0.996969,0.954614,1.0,0.945537,1.0,0.956,6,0.97591
power_maximizer,913,0.95,1.0,0.955437,0.994444,0.947636,1.0,0.956,6,0.976111
power_maximizer,914,0.95,1.0,0.960333,1.0,0.952399,1.0,0.956,6,0.978644
power_maximizer,915,0.95,1.0,0.95978,0.992256,0.953285,1.0,0.956,6,0.977447
power_maximizer,916,0.95,1.0,0.961687,0.984272,0.95717,1.0,0.956,6,0.977134
power_maximizer,917,0.95,1.0,0.961605,0.980576,0.95781,1.0,0.956,6,0.976631
power_maximizer,918,0.95,0.991982,0.970604,0.978451,0.969035,1.0,0.956,6,0.978103
power_maximizer,919,0.95,0.996195,0.979534,0.98025,0.979391,1.0,0.956,6,0.982498
power_maximizer,920,0.95,1.0,0.983519,0.982574,0.982386,1.0,0.956,6,0.984827
power_maximizer,921,0.95,1.0,0.978275,0.982809,0.977369,1.0,0.956,6,0.983118
power_maximizer,922,0.95,1.0,0.975959,0.984904,0.97417,1.0,0.956,6,0.982525
power_maximizer,923,0.95,0.991144,0.976305,0.978482,0.97587,1.0,0.956,6,0.98006
power_maximizer,924,0.95,0.996039,0.979517,0.9819,0.97904,1.0,0.956,6,0.982671
power_maximizer,925,0.95,0.984379,0.971596,0.993959,0.967124,1.0,0.956,6,0.978936
power_maximizer,926,0.95,0.993065,0.967816,0.994509,0.962477,1.0,0.956,6,0.979338
power_maximizer,927,0.95,1.0,0.969023,0.991885,0.96445,1.0,0.956,6,0.980838
power_maximizer,928,0.95,1.0,0.962118,0.994548,0.955632,1.0,0.956,6,0.97861
power_maximizer,929,0.95,1.0,0.966883,0.994099,0.961439,1.0,0.956,6,0.980325
power_maximizer,930,0.95,0.993222,0.974977,0.989432,0.972086,1.0,0.956,6,0.981383
power_maximizer,931,0.95,0.995697,0.968905,0.982198,0.966246,1.0,0.956,6,0.978693
power_maximizer,932,0.95,0.992364,0.964832,0.977724,0.962253,1.0,0.956,6,0.975939
power_maximizer,933,0.95,0.994307,0.964182,0.981573,0.960704,1.0,0.956,6,0.976579
power_maximizer,934,0.95,0.995881,0.967435,0.985804,0.963761,1.0,0.956,6,0.978645
power_maximizer,935,0.95,1.0,0.963135,0.98081,0.9596,1.0,0.956,6,0.97723
power_maximizer,936,0.95,1.0,0.966309,0.982725,0.963026,1.0,0.956,6,0.978656
power_maximizer,937,0.95,1.0,0.972324,0.9884,0.969109,1.0,0.956,6,0.98162
power_maximizer,938,0.95,1.0,0.974027,0.992333,0.970366,1.0,0.956,6,0.982757
power_maximizer,939,0.95,1.0,0.969924,0.996634,0.964582,1.0,0.956,6,0.981781
power_maximizer,940,0.95,1.0,0.970711,0.993997,0.966054,1.0,0.956,6,0.981736
power_maximizer,941,0.95,1.0,0.967025,0.991224,0.962185,1.0,0.956,6,0.98001
power_maximizer,942,0.95,0.997739,0.95717,0.99512,0.94958,1.0,0.956,6,0.97639
power_maximizer,943,0.95,0.998606,0.947683,1.0,0.93722,1.0,0.956,6,0.973659
power_maximizer,944,0.95,1.0,0.946619,0.996209,0.936701,1.0,0.956,6,0.973057
power_maximizer,945,0.95,1.0,0.945895,0.993274,0.936419,1.0,0.956,6,0.972412
power_maximizer,946,0.95,1.0,0.938913,0.995737,0.927548,1.0,0.956,6,0.97013
power_maximizer,947,0.95,1.0,0.944202,0.997607,0.933522,1.0,0.956,6,0.972337
power_maximizer,948,0.95,1.0,0.951891,1.0,0.942269,1.0,0.956,6,0.975503
power_maximizer,949,0.95,1.0,0.95697,0.997363,0.948892,1.0,0.956,6,0.977055
power_maximizer,950,0.95,1.0,0.960763,1.0,0.952916,1.0,0.956,6,0.978804
power_maximizer,951,0.95,0.996549,0.963994,0.999573,0.956878,1.0,0.956,6,0.979261
power_maximizer,952,0.95,1.0,0.953311,0.993907,0.945192,1.0,0.956,6,0.975252
power_maximizer,953,0.95,1.0,0.946577,0.992003,0.937492,1.0,0.956,6,0.972503
power_maximizer,954,0.95,1.0,0.944261,0.989238,0.935266,1.0,0.956,6,0.971288
power_maximizer,955,0.95,1.0,0.949263,0.980504,0.943015,1.0,0.956,6,0.972031
power_maximizer,956,0.95,1.0,0.939915,0.974406,0.933016,1.0,0.956,6,0.967772
power_maximizer,957,0.95,1.0,0.938721,0.97022,0.932421,1.0,0.956,6,0.966792
power_maximizer,958,0.95,1.0,0.945354,0.954827,0.943459,1.0,0.956,6,0.967289
power_maximizer,959,0.95,1.0,0.945416,0.957789,0.942942,1.0,0.956,6,0.967692
power_maximizer,960,0.95,1.0,0.94291,0.956823,0.940128,1.0,0.956,6,0.966636
power_maximizer,961,0.95,1.0,0.939203,0.956964,0.935651,1.0,0.956,6,0.965275
power_maximizer,962,0.95,1.0,0.938131,0.963233,0.933111,1.0,0.956,6,0.965679
power_maximizer,963,0.95,1.0,0.937609,0.9617,0.932791,1.0,0.956,6,0.965288
power_maximizer,964,0.95,1.0,0.939744,0.963571,0.934978,1.0,0.956,6,0.966322
power_maximizer,965,0.95,0.99606,0.953328,0.962942,0.951405,1.0,0.956,6,0.970506
power_maximizer,966,0.95,1.0,0.955579,0.966855,0.953323,1.0,0.956,6,0.972633
power_maximizer,967,0.95,1.0,0.955094,0.958957,0.954322,1.0,0.956,6,0.971441
power_maximizer,968,0.95,1.0,0.966736,0.959965,0.958611,1.0,0.956,6,0.974385
power_maximizer,969,0.95,1.0,0.983572,0.965644,0.962058,1.0,0.956,6,0.978875
power_maximizer,970,0.95,1.0,0.979317,0.957933,0.953656,1.0,0.956,6,0.975531
power_maximizer,971,0.95,1.0,0.968332,0.951543,0.948185,1.0,0.956,6,0.971656
power_maximizer,972,0.95,1.0,0.971081,0.944836,0.939587,1.0,0.956,6,0.969702
power_maximizer,973,0.95,0.99433,0.981285,0.935204,0.925988,1.0,0.956,6,0.966688
power_maximizer,974,0.95,1.0,0.991495,0.937872,0.927147,1.0,0.956,6,0.970272
power_maximizer,975,0.95,1.0,0.985438,0.935676,0.925724,1.0,0.956,6,0.968603
power_maximizer,976,0.95,0.99357,0.988023,0.929709,0.918046,1.0,0.956,6,0.965599
power_maximizer,977,0.95,0.986956,0.989945,0.927621,0.915156,1.0,0.956,6,0.963826
power_maximizer,978,0.95,0.993345,0.997481,0.923955,0.90925,1.0,0.956,6,0.964929
power_maximizer,979,0.95,0.989297,0.995029,0.923295,0.908948,1.0,0.956,6,0.963524
power_maximizer,980,0.95,0.983373,0.986608,0.910177,0.894891,1.0,0.956,6,0.956475
power_maximizer,981,0.95,0.992193,0.977178,0.903046,0.88822,1.0,0.956,6,0.954333
power_maximizer,982,0.95,0.990901,0.979378,0.908064,0.893801,1.0,0.956,6,0.956166
power_maximizer,983,0.95,0.982522,0.978239,0.899457,0.883701,1.0,0.956,6,0.951293
power_maximizer,984,0.95,0.973563,0.972213,0.89442,0.878862,1.0,0.956,6,0.946836
power_maximizer,985,0.95,0.988184,0.987081,0.892833,0.873983,1.0,0.956,6,0.951402
power_maximizer,986,0.95,0.974089,0.985772,0.892221,0.87351,1.0,0.956,6,0.948174
power_maximizer,987,0.95,0.97966,0.988313,0.895452,0.87688,1.0,0.956,6,0.950802
power_maximizer,988,0.95,0.974647,0.992449,0.896782,0.877649,1.0,0.956,6,0.950879
power_maximizer,989,0.95,0.984767,0.984009,0.889415,0.870497,1.0,0.956,6,0.949061
power_maximizer,990,0.95,0.980117,0.988732,0.89285,0.873674,1.0,0.956,6,0.950039
power_maximizer,991,0.95,0.987089,0.990119,0.901334,0.883578,1.0,0.956,6,0.954625
power_maximizer,992,0.95,0.991434,0.99912,0.90321,0.884027,1.0,0.956,6,0.957486
power_maximizer,993,0.95,0.988531,1.0,0.911793,0.894152,1.0,0.956,6,0.960057
power_maximizer,994,0.95,1.0,0.98818,0.912519,0.897387,1.0,0.956,6,0.960857
power_maximizer,995,0.95,0.997984,1.0,0.913172,0.895806,1.0,0.956,6,0.962433
power_maximizer,996,0.95,1.0,0.987983,0.909654,0.893989,1.0,0.956,6,0.95982
power_maximizer,997,0.95,0.998768,0.983154,0.918596,0.905684,1.0,0.956,6,0.962006
power_maximizer,998,0.95,1.0,0.980626,0.918136,0.905638,1.0,0.956,6,0.961716
power_maximizer,999,0.95,0.995842,0.974592,0.91541,0.903573,1.0,0.956,6,0.959032
stability_maximizer,0,0.05,0.33769,1.0,1.0,1.0,0.5,0.5,0,0.717538
stability_maximizer,1,0.05,0.332544,1.0,1.0,1.0,0.5,0.5,0,0.716509
stability_maximizer,2,0.05,0.338698,1.0,1.0,1.0,0.5,0.5,0,0.71774
stability_maximizer,3,0.05,0.336038,0.991793,0.995164,0.991119,0.5,0.5,0,0.713536
stability_maximizer,4,0.05,0.327246,0.994667,1.0,0.9936,0.5,0.5,0,0.713465
stability_maximizer,5,0.05,0.329714,0.988614,0.99817,0.986703,0.5,0.5,0,0.711473
stability_maximizer,6,0.05,0.334729,0.984866,1.0,0.981839,0.5,0.5,0,0.711316
stability_maximizer,7,0.05,0.329732,0.977777,1.0,0.973333,0.5,0.5,0,0.70768
stability_maximizer,8,0.05,0.332119,0.991844,1.0,0.990213,0.5,0.5,0,0.71339
stability_maximizer,9,0.05,0.329775,0.994894,0.994972,0.994879,0.5,0.5,0,0.713412
stability_maximizer,10,0.05,0.332867,0.996579,0.999237,0.996047,0.5,0.5,0,0.715203
stability_maximizer,11,0.05,0.334435,0.995998,1.0,0.995198,0.5,0.5,0,0.715398
stability_maximizer,12,0.05,0.332067,0.996143,1.0,0.995372,0.5,0.5,0,0.714979
stability_maximizer,13,0.05,0.321414,0.986998,0.994676,0.985463,0.5,0.5,0,0.708765
stability_maximizer,14,0.05,0.316464,0.991177,0.993814,0.99065,0.5,0.5,0,0.709219
stability_maximizer,15,0.05,0.306869,0.988659,0.997514,0.986888,0.5,0.5,0,0.706837
stability_maximizer,16,0.05,0.301273,0.989952,1.0,0.987942,0.5,0.5,0,0.706517
stability_maximizer,17,0.05,0.295927,0.989196,1.0,0.987035,0.5,0.5,0,0.705166
stability_maximizer,18,0.05,0.295876,0.980843,0.994224,0.978167,0.5,0.5,0,0.70131
stability_maximizer,19,0.05,0.294754,0.977992,0.993327,0.974925,0.5,0.5,0,0.69991
stability_maximizer,20,0.05,0.30207,0.978024,0.995912,0.974446,0.5,0.5,0,0.701715
stability_maximizer,21,0.05,0.306846,0.980904,1.0,0.977085,0.5,0.5,0,0.704266
stability_maximizer,22,0.05,0.311756,0.980858,1.0,0.97703,0.5,0.5,0,0.70523
stability_maximizer,23,0.05,0.30674,0.977633,1.0,0.97316,0.5,0.5,0,0.703027
stability_maximizer,24,0.05,0.300347,0.977822,0.999436,0.973499,0.5,0.5,0,0.701747
stability_maximizer,25,0.05,0.29879,0.97751,0.99849,0.973314,0.5,0.5,0,0.701199
stability_maximizer,26,0.05,0.289264,0.973203,0.98286,0.971272,0.5,0.5,0,0.695691
stability_maximizer,27,0.05,0.286298,0.970907,0.989995,0.96709,0.5,0.5,0,0.695157
stability_maximizer,28,0.05,0.287121,0.969513,0.996437,0.964128,0.5,0.5,0,0.695627
stability_maximizer,29,0.05,0.280775,0.960084,0.993891,0.953323,0.5,0.5,0,0.690524
stability_maximizer,30,0.05,0.299187,0.961591,0.989473,0.956015,0.5,0.5,0,0.694202
stability_maximizer,31,0.05,0.303803,0.952098,0.993075,0.943903,0.5,0.5,0,0.692055
stability_maximizer,32,0.05,0.307493,0.952146,0.996662,0.943242,0.5,0.5,0,0.69327
stability_maximizer,33,0.05,0.301468,0.964612,0.994647,0.958605,0.5,0.5,0,0.696444
stability_maximizer,34,0.05,0.282319,0.973279,1.0,0.967935,0.5,0.5,0,0.696524
stability_maximizer,35,0.05,0.28699,0.977392,0.996143,0.973642,0.5,0.5,0,0.698494
stability_maximizer,36,0.05,0.280721,0.974384,1.0,0.96926,0.5,0.5,0,0.696615
stability_maximizer,37,0.05,0.27527,0.970712,0.996126,0.965629,0.5,0.5,0,0.693663
stability_maximizer,38,0.05,0.26747,0.973687,1.0,0.968425,0.5,0.5,0,0.693706
stability_maximizer,39,0.05,0.27575,0.972611,0.998717,0.96739,0.5,0.5,0,0.694797
stability_maximizer,40,0.05,0.284088,0.968793,1.0,0.962551,0.5,0.5,0,0.695208
stability_maximizer,41,0.05,0.275865,0.966028,1.0,0.959233,0.5,0.5,0,0.692535
stability_maximizer,42,0.05,0.267992,0.968828,0.999123,0.962769,0.5,0.5,0,0.69189
stability_maximizer,43,0.05,0.266503,0.971427,0.996865,0.966339,0.5,0.5,0,0.69227
stability_maximizer,44,0.05,0.251975,0.972807,1.0,0.967369,0.5,0.5,0,0.690279
stability_maximizer,45,0.05,0.238309,0.971207,1.0,0.965448,0.5,0.5,0,0.686951
stability_maximizer,46,0.05,0.231798,0.967916,0.996642,0.962171,0.5,0.5,0,0.683994
stability_maximizer,47,0.05,0.242703,0.975145,0.999474,0.970279,0.5,0.5,0,0.689227
stability_maximizer,48,0.05,0.23228,0.979053,0.991416,0.97658,0.5,0.5,0,0.687565
stability_maximizer,49,0.05,0.234913,0.972824,0.985515,0.970286,0.5,0.5,0,0.685019
stability_maximizer,50,0.05,0.239142,0.979968,0.98957,0.978047,0.5,0.5,0,0.689041
stability_maximizer,51,0.05,0.233373,0.974113,0.986802,0.971575,0.5,0.5,0,0.685355
stability_maximizer,52,0.05,0.236266,0.962252,0.982464,0.958209,0.5,0.5,0,0.680966
stability_maximizer,53,0.05,0.237099,0.954825,0.997099,0.946371,0.5,0.5,0,0.680244
stability_maximizer,54,0.05,0.240374,0.95851,0.994976,0.951217,0.5,0.5,0,0.681997
stability_maximizer,55,0.05,0.257547,0.965712,1.0,0.958854,0.5,0.5,0,0.688754
stability_maximizer,56,0.05,0.249721,0.974354,0.994941,0.970237,0.5,0.5,0,0.689756
stability_maximizer,57,0.05,0.236806,0.96284,0.996995,0.956009,0.5,0.5,0,0.683153
stability_maximizer,58,0.05,0.221092,0.967143,1.0,0.960571,0.5,0.5,0,0.681996
stability_maximizer,59,0.05,0.219234,0.968132,1.0,0.961758,0.5,0.5,0,0.681992
stability_maximizer,60,0.05,0.216686,0.969245,1.0,0.963094,0.5,0.5,0,0.681896
stability_maximizer,61,0.05,0.215821,0.969401,1.0,0.963282,0.5,0.5,0,0.681781
stability_maximizer,62,0.05,0.21984,0.980588,0.997681,0.977169,0.5,0.5,0,0.68645
stability_maximizer,63,0.05,0.22438,1.0,0.990593,0.988711,0.5,0.5,0,0.691565
stability_maximizer,64,0.05,0.227931,1.0,1.0,1.0,0.5,0.5,0,0.695586
stability_maximizer,65,0.05,0.23537,1.0,1.0,1.0,0.5,0.5,0,0.697074
stability_maximizer,66,0.05,0.246832,1.0,1.0,1.0,0.5,0.5,0,0.699366
stability_maximizer,67,0.05,0.248841,0.999528,1.0,0.999433,0.5,0.5,0,0.699592
stability_maximizer,68,0.05,0.242253,0.993249,0.995488,0.992802,0.5,0.5,0,0.695362
stability_maximizer,69,0.05,0.242237,0.994734,0.998621,0.993956,0.5,0.5,0,0.696312
stability_maximizer,70,0.05,0.254163,0.993278,0.99606,0.992721,0.5,0.5,0,0.697828
stability_maximizer,71,0.05,0.23967,0.988726,1.0,0.986471,0.5,0.5,0,0.69374
stability_maximizer,72,0.05,0.248811,0.998114,0.997783,0.997717,0.5,0.5,0,0.698703
stability_maximizer,73,0.05,0.257964,0.995367,1.0,0.994441,0.5,0.5,0,0.699869
stability_maximizer,74,0.05,0.254343,0.990703,1.0,0.988844,0.5,0.5,0,0.69741
stability_maximizer,75,0.05,0.25307,0.983341,0.993504,0.981308,0.5,0.5,0,0.693585
stability_maximizer,76,0.05,0.268023,0.986178,0.991368,0.98514,0.5,0.5,0,0.697358
stability_maximizer,77,0.05,0.266307,0.984302,0.985863,0.98399,0.5,0.5,0,0.695612
stability_maximizer,78,0.05,0.246193,0.989537,0.983483,0.982273,0.5,0.5,0,0.691876
stability_maximizer,79,0.05,0.259932,0.98555,0.979874,0.978738,0.5,0.5,0,0.692763
stability_maximizer,80,0.05,0.263443,0.983311,0.971004,0.968543,0.5,0.5,0,0.690012
stability_maximizer,81,0.05,0.273893,0.984235,0.974537,0.972597,0.5,0.5,0,0.693482
stability_maximizer,82,0.05,0.268817,0.99475,0.974133,0.97001,0.5,0.5,0,0.693881
stability_maximizer,83,0.05,0.277786,0.990565,0.971302,0.96745,0.5,0.5,0,0.694059
stability_maximizer,84,0.05,0.277989,0.992392,0.98467,0.983126,0.5,0.5,0,0.699076
stability_maximizer,85,0.05,0.259164,0.994566,0.985334,0.983488,0.5,0.5,0,0.695866
stability_maximizer,86,0.05,0.262328,0.996197,0.98558,0.983457,0.5,0.5,0,0.696827
stability_maximizer,87,0.05,0.267433,0.993053,0.980305,0.977756,0.5,0.5,0,0.695526
stability_maximizer,88,0.05,0.261906,0.993852,0.971892,0.967501,0.5,0.5,0,0.691577
stability_maximizer,89,0.05,0.25464,0.991372,0.978964,0.976482,0.5,0.5,0,0.692246
stability_maximizer,90,0.05,0.259387,0.980991,0.990585,0.979072,0.5,0.5,0,0.693601
stability_maximizer,91,0.05,0.271816,0.987662,0.994317,0.986331,0.5,0.5,0,0.699046
stability_maximizer,92,0.05,0.273229,0.985188,0.994653,0.983295,0.5,0.5,0,0.698451
stability_maximizer,93,0.05,0.25712,0.992341,0.994319,0.991945,0.5,0.5,0,0.697848
stability_maximizer,94,0.05,0.252837,0.99471,0.989118,0.988,0.5,0.5,0,0.695954
stability_maximizer,95,0.05,0.256294,0.997975,0.988231,0.986282,0.5,0.5,0,0.696816
stability_maximizer,96,0.05,0.257206,0.989246,0.982403,0.981034,0.5,0.5,0,0.693655
stability_maximizer,97,0.05,0.264157,0.987377,0.980217,0.978785,0.5,0.5,0,0.694
stability_maximizer,98,0.05,0.267177,0.98977,0.978563,0.976321,0.5,0.5,0,0.694375
stability_maximizer,99,0.05,0.249885,0.995874,0.981864,0.979061,0.5,0.5,0,0.692982
stability_maximizer,100,0.05,0.248988,1.0,0.973052,0.967663,0.5,0.5,0,0.690312
stability_maximizer,101,0.05,0.240097,1.0,0.979074,0.974889,0.5,0.5,0,0.690654
stability_maximizer,102,0.05,0.228187,0.999206,0.976836,0.972362,0.5,0.5,0,0.687366
stability_maximizer,103,0.05,0.243945,1.0,0.980345,0.976414,0.5,0.5,0,0.69187
stability_maximizer,104,0.05,0.249923,0.997717,0.979205,0.975503,0.5,0.5,0,0.692327
stability_maximizer,105,0.05,0.237091,1.0,0.980892,0.97707,0.5,0.5,0,0.690692
stability_maximizer,106,0.05,0.228688,0.994461,0.974465,0.970466,0.5,0.5,0,0.68593
stability_maximizer,107,0.05,0.229416,0.991832,0.969109,0.964564,0.5,0.5,0,0.683801
stability_maximizer,108,0.05,0.229228,0.989272,0.965875,0.961196,0.5,0.5,0,0.682246
stability_maximizer,109,0.05,0.22877,0.997198,0.963648,0.956939,0.5,0.5,0,0.682543
stability_maximizer,110,0.05,0.228526,0.987092,0.973254,0.970487,0.5,0.5,0,0.68438
stability_maximizer,111,0.05,0.234697,0.982948,0.973028,0.971044,0.5,0.5,0,0.684921
stability_maximizer,112,0.05,0.244785,0.985302,0.975999,0.974138,0.5,0.5,0,0.688333
stability_maximizer,113,0.05,0.254236,0.990313,0.968152,0.96372,0.5,0.5,0,0.688203
stability_maximizer,114,0.05,0.246405,0.994954,0.970084,0.96511,0.5,0.5,0,0.688004
stability_maximizer,115,0.05,0.245095,0.986133,0.970618,0.967514,0.5,0.5,0,0.686624
stability_maximizer,116,0.05,0.249525,0.988796,0.982903,0.981724,0.5,0.5,0,0.692229
stability_maximizer,117,0.05,0.246342,0.994024,0.975004,0.9712,0.5,0.5,0,0.689585
stability_maximizer,118,0.05,0.249207,0.981245,0.975493,0.974343,0.5,0.5,0,0.688439
stability_maximizer,119,0.05,0.250218,0.975313,0.978737,0.974628,0.5,0.5,0,0.688138
stability_maximizer,120,0.05,0.261621,0.976057,0.974731,0.974466,0.5,0.5,0,0.689886
stability_maximizer,121,0.05,0.251067,0.979176,0.978991,0.978954,0.5,0.5,0,0.689736
stability_maximizer,122,0.05,0.246292,0.978163,0.976135,0.975729,0.5,0.5,0,0.687626
stability_maximizer,123,0.05,0.249545,0.978465,0.983333,0.977491,0.5,0.5,0,0.689765
stability_maximizer,124,0.05,0.257635,0.98231,0.983736,0.982024,0.5,0.5,0,0.692864
stability_maximizer,125,0.05,0.277248,0.977912,0.985987,0.976297,0.5,0.5,0,0.695439
stability_maximizer,126,0.05,0.291733,0.983862,0.982316,0.982007,0.5,0.5,0,0.699734
stability_maximizer,127,0.05,0.293995,0.981222,0.987369,0.979993,0.5,0.5,0,0.700197
stability_maximizer,128,0.05,0.29592,0.981506,0.990316,0.979744,0.5,0.5,0,0.701065
stability_maximizer,129,0.05,0.296593,0.978187,1.0,0.973825,0.5,0.5,0,0.701204
stability_maximizer,130,0.05,0.300214,0.976887,1.0,0.972265,0.5,0.5,0,0.701445
stability_maximizer,131,0.05,0.294532,0.971727,1.0,0.966073,0.5,0.5,0,0.698389
stability_maximizer,132,0.05,0.290904,0.959619,1.0,0.951542,0.5,0.5,0,0.693159
stability_maximizer,133,0.05,0.279199,0.967283,0.992154,0.962309,0.5,0.5,0,0.692665
stability_maximizer,134,0.05,0.273791,0.977825,0.996875,0.974015,0.5,0.5,0,0.696109
stability_maximizer,135,0.05,0.266654,0.98209,0.99539,0.97943,0.5,0.5,0,0.696078
stability_maximizer,136,0.05,0.277032,0.978109,0.996069,0.974516,0.5,0.5,0,0.69676
stability_maximizer,137,0.05,0.283705,0.977775,0.994447,0.97444,0.5,0.5,0,0.697763
stability_maximizer,138,0.05,0.275455,0.980318,0.993778,0.977626,0.5,0.5,0,0.696973
stability_maximizer,139,0.05,0.283969,0.973755,0.992539,0.969999,0.5,0.5,0,0.696076
stability_maximizer,140,0.05,0.278536,0.983092,0.998203,0.98007,0.5,0.5,0,0.699187
stability_maximizer,141,0.05,0.29309,0.974581,0.998208,0.969855,0.5,0.5,0,0.698933
stability_maximizer,142,0.05,0.285973,0.977109,0.991619,0.974207,0.5,0.5,0,0.697607
stability_maximizer,143,0.05,0.294636,0.979396,0.980741,0.979127,0.5,0.5,0,0.698797
stability_maximizer,144,0.05,0.299354,0.98011,0.965126,0.962129,0.5,0.5,0,0.694651
stability_maximizer,145,0.05,0.300647,0.975763,0.97209,0.971355,0.5,0.5,0,0.696718
stability_maximizer,146,0.05,0.295339,0.978603,0.983571,0.97761,0.5,0.5,0,0.699006
stability_maximizer,147,0.05,0.298417,0.981988,0.988789,0.980627,0.5,0.5,0,0.701548
stability_maximizer,148,0.05,0.30377,0.978097,0.991019,0.975512,0.5,0.5,0,0.701456
stability_maximizer,149,0.05,0.30798,0.979429,0.972837,0.971518,0.5,0.5,0,0.69899
stability_maximizer,150,0.05,0.313317,0.982691,0.972996,0.971056,0.5,0.5,0,0.700596
stability_maximizer,151,0.05,0.316008,0.985811,0.980032,0.978876,0.5,0.5,0,0.704073
stability_maximizer,152,0.05,0.309024,0.971585,0.977738,0.970354,0.5,0.5,0,0.698385
stability_maximizer,153,0.05,0.306399,0.977202,0.979265,0.976789,0.5,0.5,0,0.700145
stability_maximizer,154,0.05,0.304238,0.980657,0.982892,0.98021,0.5,0.5,0,0.701462
stability_maximizer,155,0.05,0.290784,0.978458,0.98847,0.976456,0.5,0.5,0,0.698667
stability_maximizer,156,0.05,0.292905,0.977316,0.993342,0.974111,0.5,0.5,0,0.69929
stability_maximizer,157,0.05,0.290228,0.979944,1.0,0.975933,0.5,0.5,0,0.700585
stability_maximizer,158,0.05,0.296369,0.980781,0.999676,0.977002,0.5,0.5,0,0.702083
stability_maximizer,159,0.05,0.295643,0.982466,0.993338,0.980292,0.5,0.5,0,0.701753
stability_maximizer,160,0.05,0.286722,0.980373,0.994113,0.977625,0.5,0.5,0,0.69929
stability_maximizer,161,0.05,0.28354,0.976936,0.990976,0.974129,0.5,0.5,0,0.696973
stability_maximizer,162,0.05,0.261241,0.971577,1.0,0.965893,0.5,0.5,0,0.691675
stability_maximizer,163,0.05,0.252594,0.972136,1.0,0.966563,0.5,0.5,0,0.690153
stability_maximizer,164,0.05,0.26751,0.975261,0.996761,0.970961,0.5,0.5,0,0.693885
stability_maximizer,165,0.05,0.262124,0.969766,0.986294,0.966461,0.5,0.5,0,0.689423
stability_maximizer,166,0.05,0.255152,0.963561,0.988564,0.958561,0.5,0.5,0,0.686011
stability_maximizer,167,0.05,0.230203,0.958336,0.986059,0.952792,0.5,0.5,0,0.678757
stability_maximizer,168,0.05,0.242559,0.955842,0.991742,0.948663,0.5,0.5,0,0.681028
stability_maximizer,169,0.05,0.24242,0.952089,0.991624,0.944182,0.5,0.5,0,0.679589
stability_maximizer,170,0.05,0.243981,0.952037,0.986195,0.945205,0.5,0.5,0,0.679187
stability_maximizer,171,0.05,0.247595,0.950715,0.987462,0.943366,0.5,0.5,0,0.67958
stability_maximizer,172,0.05,0.240855,0.952543,0.984093,0.946233,0.5,0.5,0,0.678481
stability_maximizer,173,0.05,0.228073,0.951744,0.987948,0.944503,0.5,0.5,0,0.676121
stability_maximizer,174,0.05,0.248438,0.958433,0.996118,0.950896,0.5,0.5,0,0.683728
stability_maximizer,175,0.05,0.263461,0.954896,0.980864,0.949702,0.5,0.5,0,0.683464
stability_maximizer,176,0.05,0.268127,0.95709,0.983062,0.951896,0.5,0.5,0,0.685495
stability_maximizer,177,0.05,0.271383,0.963107,0.977907,0.960147,0.5,0.5,0,0.687725
stability_maximizer,178,0.05,0.284496,0.964764,0.974798,0.962757,0.5,0.5,0,0.690565
stability_maximizer,179,0.05,0.279503,0.961514,0.967817,0.960253,0.5,0.5,0,0.687464
stability_maximizer,180,0.05,0.278143,0.959053,0.975377,0.955789,0.5,0.5,0,0.687245
stability_maximizer,181,0.05,0.280466,0.955762,0.975353,0.951843,0.5,0.5,0,0.686482
stability_maximizer,182,0.05,0.286395,0.956459,0.98253,0.951245,0.5,0.5,0,0.688846
stability_maximizer,183,0.05,0.292938,0.954761,0.972152,0.951283,0.5,0.5,0,0.688194
stability_maximizer,184,0.05,0.298941,0.959502,0.975479,0.956307,0.5,0.5,0,0.691584
stability_maximizer,185,0.05,0.292687,0.963967,0.978737,0.961013,0.5,0.5,0,0.692411
stability_maximizer,186,0.05,0.301762,0.959697,0.975842,0.956468,0.5,0.5,0,0.692267
stability_maximizer,187,0.05,0.308911,0.958697,0.978254,0.954786,0.5,0.5,0,0.693634
stability_maximizer,188,0.05,0.287146,0.954435,0.978569,0.949609,0.5,0.5,0,0.687736
stability_maximizer,189,0.05,0.289323,0.962511,0.977251,0.959563,0.5,0.5,0,0.691007
stability_maximizer,190,0.05,0.292121,0.96162,0.976963,0.958551,0.5,0.5,0,0.691198
stability_maximizer,191,0.05,0.310256,0.949269,0.975289,0.944065,0.5,0.5,0,0.690016
stability_maximizer,192,0.05,0.304207,0.956114,0.980873,0.951162,0.5,0.5,0,0.692068
stability_maximizer,193,0.05,0.302242,0.956693,0.980789,0.951874,0.5,0.5,0,0.691879
stability_maximizer,194,0.05,0.300938,0.959442,0.985856,0.954159,0.5,0.5,0,0.69329
stability_maximizer,195,0.05,0.292732,0.950107,0.991458,0.941837,0.5,0.5,0,0.688893
stability_maximizer,196,0.05,0.296974,0.942952,1.0,0.931542,0.5,0.5,0,0.688173
stability_maximizer,197,0.05,0.29852,0.949704,0.994078,0.940829,0.5,0.5,0,0.690236
stability_maximizer,198,0.05,0.300154,0.968282,0.996054,0.962728,0.5,0.5,0,0.697727
stability_maximizer,199,0.05,0.309999,0.971394,0.990231,0.967627,0.5,0.5,0,0.700108
stability_maximizer,200,0.05,0.298214,0.981815,0.991709,0.979836,0.5,0.5,0,0.701817
stability_maximizer,201,0.05,0.313123,0.98029,0.995869,0.977174,0.5,0.5,0,0.704764
stability_maximizer,202,0.05,0.319043,0.975752,0.988151,0.973272,0.5,0.5,0,0.703272
stability_maximizer,203,0.05,0.319495,0.974352,0.995853,0.970052,0.5,0.5,0,0.703827
stability_maximizer,204,0.05,0.322201,0.975491,0.986631,0.973263,0.5,0.5,0,0.703612
stability_maximizer,205,0.05,0.322496,0.988077,0.990487,0.987595,0.5,0.5,0,0.708846
stability_maximizer,206,0.05,0.297812,0.992815,0.990181,0.989654,0.5,0.5,0,0.705043
stability_maximizer,207,0.05,0.290966,0.995121,0.995538,0.995038,0.5,0.5,0,0.705807
stability_maximizer,208,0.05,0.287758,0.995412,0.998921,0.99471,0.5,0.5,0,0.705707
stability_maximizer,209,0.05,0.29575,0.992771,0.990982,0.990624,0.5,0.5,0,0.704906
stability_maximizer,210,0.05,0.291113,0.989566,0.990844,0.989311,0.5,0.5,0,0.703169
stability_maximizer,211,0.05,0.288219,0.989759,0.990866,0.989538,0.5,0.5,0,0.702665
stability_maximizer,212,0.05,0.269559,1.0,0.990243,0.988291,0.5,0.5,0,0.700477
stability_maximizer,213,0.05,0.258734,0.997174,0.986487,0.984349,0.5,0.5,0,0.696572
stability_maximizer,214,0.05,0.254248,1.0,0.982969,0.979563,0.5,0.5,0,0.694855
stability_maximizer,215,0.05,0.252484,1.0,0.972116,0.966539,0.5,0.5,0,0.690681
stability_maximizer,216,0.05,0.237105,0.993475,0.968041,0.962954,0.5,0.5,0,0.685206
stability_maximizer,217,0.05,0.231432,0.981573,0.962844,0.959098,0.5,0.5,0,0.68048
stability_maximizer,218,0.05,0.234861,0.983223,0.957886,0.952819,0.5,0.5,0,0.679665
stability_maximizer,219,0.05,0.225947,0.983442,0.964295,0.960466,0.5,0.5,0,0.680171
stability_maximizer,220,0.05,0.231192,0.979488,0.96546,0.962655,0.5,0.5,0,0.681045
stability_maximizer,221,0.05,0.229783,0.992295,0.955873,0.948588,0.5,0.5,0,0.679283
stability_maximizer,222,0.05,0.239677,0.98372,0.953268,0.947177,0.5,0.5,0,0.679076
stability_maximizer,223,0.05,0.23809,0.974608,0.958171,0.954884,0.5,0.5,0,0.679136
stability_maximizer,224,0.05,0.242357,0.970109,0.959882,0.957837,0.5,0.5,0,0.679926
stability_maximizer,225,0.05,0.239897,0.983882,0.9616,0.957144,0.5,0.5,0,0.682077
stability_maximizer,226,0.05,0.241539,0.976231,0.9555,0.951354,0.5,0.5,0,0.679126
stability_maximizer,227,0.05,0.238185,0.98253,0.960239,0.955781,0.5,0.5,0,0.681056
stability_maximizer,228,0.05,0.229593,0.97978,0.963004,0.959649,0.5,0.5,0,0.679904
stability_maximizer,229,0.05,0.227567,0.983004,0.961966,0.957758,0.5,0.5,0,0.67961
stability_maximizer,230,0.05,0.240508,0.982458,0.970126,0.96766,0.5,0.5,0,0.68499
stability_maximizer,231,0.05,0.22897,0.976345,0.965976,0.963902,0.5,0.5,0,0.680317
stability_maximizer,232,0.05,0.228448,0.980707,0.974476,0.97323,0.5,0.5,0,0.68385
stability_maximizer,233,0.05,0.225083,0.968763,0.975627,0.96739,0.5,0.5,0,0.680277
stability_maximizer,234,0.05,0.226746,0.982291,0.983766,0.981996,0.5,0.5,0,0.686683
stability_maximizer,235,0.05,0.21925,0.979718,0.983659,0.978929,0.5,0.5,0,0.684213
stability_maximizer,236,0.05,0.223453,0.982437,0.977595,0.976627,0.5,0.5,0,0.684205
stability_maximizer,237,0.05,0.224472,0.972563,0.977926,0.971491,0.5,0.5,0,0.681862
stability_maximizer,238,0.05,0.232454,0.97132,0.983522,0.96888,0.5,0.5,0,0.683713
stability_maximizer,239,0.05,0.222134,0.963647,0.990727,0.958231,0.5,0.5,0,0.679716
stability_maximizer,240,0.05,0.224917,0.973657,0.997331,0.968922,0.5,0.5,0,0.684842
stability_maximizer,241,0.05,0.217826,0.984796,1.0,0.981756,0.5,0.5,0,0.68791
stability_maximizer,242,0.05,0.21268,0.98677,0.989974,0.98613,0.5,0.5,0,0.686331
stability_maximizer,243,0.05,0.205252,0.989371,0.98713,0.986681,0.5,0.5,0,0.684947
stability_maximizer,244,0.05,0.199396,0.988707,0.998833,0.986681,0.5,0.5,0,0.685529
stability_maximizer,245,0.05,0.202432,0.988877,1.0,0.986652,0.5,0.5,0,0.686349
stability_maximizer,246,0.05,0.195994,0.988729,0.989068,0.988661,0.5,0.5,0,0.683607
stability_maximizer,247,0.05,0.212714,0.989531,0.97663,0.97405,0.5,0.5,0,0.682767
stability_maximizer,248,0.05,0.205681,0.985849,0.981055,0.980096,0.5,0.5,0,0.682373
stability_maximizer,249,0.05,0.201976,0.982355,0.98235,0.982349,0.5,0.5,0,0.681571
stability_maximizer,250,0.05,0.193302,0.980862,0.984891,0.980057,0.5,0.5,0,0.679607
stability_maximizer,251,0.05,0.182194,0.987342,0.968889,0.965198,0.5,0.5,0,0.673614
stability_maximizer,252,0.05,0.177433,0.988592,0.973145,0.970056,0.5,0.5,0,0.674345
stability_maximizer,253,0.05,0.171933,0.992436,0.975085,0.971615,0.5,0.5,0,0.674497
stability_maximizer,254,0.05,0.187338,0.984019,0.978312,0.977171,0.5,0.5,0,0.677468
stability_maximizer,255,0.05,0.189743,0.981507,0.983894,0.98103,0.5,0.5,0,0.679008
stability_maximizer,256,0.05,0.189416,0.978651,0.980289,0.978324,0.5,0.5,0,0.677419
stability_maximizer,257,0.05,0.198236,0.9772,0.985535,0.975533,0.5,0.5,0,0.679314
stability_maximizer,258,0.05,0.191294,0.976302,0.984151,0.974733,0.5,0.5,0,0.677415
stability_maximizer,259,0.05,0.194922,0.978385,0.975058,0.974393,0.5,0.5,0,0.677006
stability_maximizer,260,0.05,0.19852,0.97411,0.977581,0.973415,0.5,0.5,0,0.677203
stability_maximizer,261,0.05,0.188552,0.966378,0.988267,0.962001,0.5,0.5,0,0.673701
stability_maximizer,262,0.05,0.185398,0.961733,0.985539,0.956972,0.5,0.5,0,0.670993
stability_maximizer,263,0.05,0.192665,0.958163,0.992512,0.951293,0.5,0.5,0,0.672011
stability_maximizer,264,0.05,0.184519,0.956798,0.97698,0.952761,0.5,0.5,0,0.667886
stability_maximizer,265,0.05,0.183358,0.962977,0.966319,0.962309,0.5,0.5,0,0.668588
stability_maximizer,266,0.05,0.190122,0.971545,0.966962,0.966046,0.5,0.5,0,0.672184
stability_maximizer,267,0.05,0.178552,0.976634,0.963277,0.960605,0.5,0.5,0,0.669326
stability_maximizer,268,0.05,0.169759,0.977333,0.959378,0.955787,0.5,0.5,0,0.666298
stability_maximizer,269,0.05,0.155493,0.965217,0.96877,0.964506,0.5,0.5,0,0.664162
stability_maximizer,270,0.05,0.147619,0.959912,0.969642,0.957966,0.5,0.5,0,0.660725
stability_maximizer,271,0.05,0.151172,0.961944,0.977078,0.958917,0.5,0.5,0,0.663144
stability_maximizer,272,0.05,0.151622,0.962921,0.976095,0.960287,0.5,0.5,0,0.663471
stability_maximizer,273,0.05,0.152405,0.964185,0.970485,0.962924,0.5,0.5,0,0.66338
stability_maximizer,274,0.05,0.144794,0.963896,0.969555,0.962764,0.5,0.5,0,0.661631
stability_maximizer,275,0.05,0.128041,0.97027,0.966361,0.965579,0.5,0.5,0,0.659367
stability_maximizer,276,0.05,0.124416,0.970825,0.978802,0.969229,0.5,0.5,0,0.661317
stability_maximizer,277,0.05,0.134526,0.97189,0.981899,0.969889,0.5,0.5,0,0.664132
stability_maximizer,278,0.05,0.141509,0.968578,0.97651,0.966992,0.5,0.5,0,0.663606
stability_maximizer,279,0.05,0.142507,0.968149,0.981441,0.96549,0.5,0.5,0,0.664277
stability_maximizer,280,0.05,0.1349,0.964653,0.973353,0.962913,0.5,0.5,0,0.66042
stability_maximizer,281,0.05,0.137537,0.968539,0.966071,0.965577,0.5,0.5,0,0.660908
stability_maximizer,282,0.05,0.141811,0.967919,0.973492,0.966805,0.5,0.5,0,0.663035
stability_maximizer,283,0.05,0.134435,0.962701,0.968981,0.961445,0.5,0.5,0,0.659041
stability_maximizer,284,0.05,0.142974,0.962951,0.970085,0.961524,0.5,0.5,0,0.660983
stability_maximizer,285,0.05,0.150294,0.961727,0.969377,0.960198,0.5,0.5,0,0.661902
stability_maximizer,286,0.05,0.14899,0.961408,0.970313,0.959627,0.5,0.5,0,0.661642
stability_maximizer,287,0.05,0.162362,0.966021,0.975979,0.96403,0.5,0.5,0,0.666758
stability_maximizer,288,0.05,0.1569,0.970913,0.977691,0.969558,0.5,0.5,0,0.667704
stability_maximizer,289,0.05,0.154475,0.971245,0.975264,0.970441,0.5,0.5,0,0.667032
stability_maximizer,290,0.05,0.158514,0.980304,0.97755,0.976999,0.5,0.5,0,0.670885
stability_maximizer,291,0.05,0.151221,0.980937,0.978268,0.977734,0.5,0.5,0,0.669773
stability_maximizer,292,0.05,0.147105,0.97954,0.981368,0.979175,0.5,0.5,0,0.669425
stability_maximizer,293,0.05,0.142654,0.982936,0.980806,0.980381,0.5,0.5,0,0.669249
stability_maximizer,294,0.05,0.138977,0.989897,0.971263,0.967536,0.5,0.5,0,0.666185
stability_maximizer,295,0.05,0.151859,0.985621,0.972095,0.969389,0.5,0.5,0,0.668421
stability_maximizer,296,0.05,0.165077,0.985531,0.97317,0.970697,0.5,0.5,0,0.67143
stability_maximizer,297,0.05,0.170568,0.980689,0.970051,0.967923,0.5,0.5,0,0.670714
stability_maximizer,298,0.05,0.165775,0.968536,0.970585,0.968127,0.5,0.5,0,0.667685
stability_maximizer,299,0.05,0.178906,0.970494,0.965992,0.965092,0.5,0.5,0,0.669443
stability_maximizer,300,0.05,0.163991,0.964738,0.973059,0.963074,0.5,0.5,0,0.666232
stability_maximizer,301,0.05,0.170002,0.965191,0.971235,0.963982,0.5,0.5,0,0.667369
stability_maximizer,302,0.05,0.18668,0.96505,0.984749,0.96111,0.5,0.5,0,0.672382
stability_maximizer,303,0.05,0.172953,0.962051,0.981169,0.958227,0.5,0.5,0,0.668063
stability_maximizer,304,0.05,0.172671,0.98111,0.975243,0.974069,0.5,0.5,0,0.673024
stability_maximizer,305,0.05,0.177803,0.981638,0.976609,0.975603,0.5,0.5,0,0.67461
stability_maximizer,306,0.05,0.178855,0.98523,0.979241,0.978044,0.5,0.5,0,0.676278
stability_maximizer,307,0.05,0.190356,0.991273,0.980261,0.978058,0.5,0.5,0,0.679831
stability_maximizer,308,0.05,0.185756,0.990204,0.982337,0.980764,0.5,0.5,0,0.679484
stability_maximizer,309,0.05,0.17847,0.983354,0.972934,0.97085,0.5,0.5,0,0.673703
stability_maximizer,310,0.05,0.166912,0.977825,0.971342,0.970045,0.5,0.5,0,0.670013
stability_maximizer,311,0.05,0.170151,0.982898,0.968862,0.966055,0.5,0.5,0,0.670538
stability_maximizer,312,0.05,0.17465,0.979102,0.965053,0.962243,0.5,0.5,0,0.669536
stability_maximizer,313,0.05,0.181923,0.983307,0.971603,0.969262,0.5,0.5,0,0.673918
stability_maximizer,314,0.05,0.192954,0.986135,0.978477,0.976945,0.5,0.5,0,0.678963
stability_maximizer,315,0.05,0.193546,0.984878,0.981293,0.980576,0.5,0.5,0,0.679886
stability_maximizer,316,0.05,0.200689,0.97579,0.978577,0.975233,0.5,0.5,0,0.67839
stability_maximizer,317,0.05,0.19588,0.975048,0.973892,0.973661,0.5,0.5,0,0.676293
stability_maximizer,318,0.05,0.19019,0.974646,0.979729,0.973629,0.5,0.5,0,0.676012
stability_maximizer,319,0.05,0.196699,0.980302,0.986637,0.979035,0.5,0.5,0,0.680301
stability_maximizer,320,0.05,0.222829,0.98719,0.988967,0.986835,0.5,0.5,0,0.688388
stability_maximizer,321,0.05,0.222252,0.996113,0.999538,0.995428,0.5,0.5,0,0.692946
stability_maximizer,322,0.05,0.228734,0.98869,1.0,0.986428,0.5,0.5,0,0.69154
stability_maximizer,323,0.05,0.217034,0.990447,1.0,0.988537,0.5,0.5,0,0.689853
stability_maximizer,324,0.05,0.221211,0.993909,0.994092,0.993873,0.5,0.5,0,0.69122
stability_maximizer,325,0.05,0.209354,0.982063,0.998704,0.978734,0.5,0.5,0,0.685032
stability_maximizer,326,0.05,0.216534,0.989224,0.995025,0.988064,0.5,0.5,0,0.688661
stability_maximizer,327,0.05,0.211445,0.978456,0.995907,0.974965,0.5,0.5,0,0.683751
stability_maximizer,328,0.05,0.208124,0.990922,0.986868,0.986058,0.5,0.5,0,0.685659
stability_maximizer,329,0.05,0.200366,0.99663,0.989033,0.987514,0.5,0.5,0,0.685714
stability_maximizer,330,0.05,0.193007,0.992133,0.994909,0.991577,0.5,0.5,0,0.685023
stability_maximizer,331,0.05,0.197049,0.986972,0.997088,0.984949,0.5,0.5,0,0.684191
stability_maximizer,332,0.05,0.198068,0.996115,0.992729,0.992052,0.5,0.5,0,0.686479
stability_maximizer,333,0.05,0.203225,0.998609,0.988338,0.986284,0.5,0.5,0,0.686334
stability_maximizer,334,0.05,0.211331,1.0,0.997743,0.997292,0.5,0.5,0,0.691472
stability_maximizer,335,0.05,0.212608,0.998133,1.0,0.997759,0.5,0.5,0,0.691827
stability_maximizer,336,0.05,0.204949,0.991984,1.0,0.990381,0.5,0.5,0,0.688008
stability_maximizer,337,0.05,0.204937,0.998648,1.0,0.998377,0.5,0.5,0,0.690484
stability_maximizer,338,0.05,0.189685,1.0,1.0,1.0,0.5,0.5,0,0.687937
stability_maximizer,339,0.05,0.184646,0.994957,1.0,0.993949,0.5,0.5,0,0.685053
stability_maximizer,340,0.05,0.201026,0.990215,1.0,0.988258,0.5,0.5,0,0.686565
stability_maximizer,341,0.05,0.204327,0.992888,1.0,0.991465,0.5,0.5,0,0.68822
stability_maximizer,342,0.05,0.213347,0.98673,1.0,0.984076,0.5,0.5,0,0.687733
stability_maximizer,343,0.05,0.216067,0.993896,1.0,0.992676,0.5,0.5,0,0.690943
stability_maximizer,344,0.05,0.217237,0.981961,0.999518,0.978449,0.5,0.5,0,0.686675
stability_maximizer,345,0.05,0.207945,0.991079,1.0,0.989295,0.5,0.5,0,0.68827
stability_maximizer,346,0.05,0.203627,0.99311,1.0,0.991732,0.5,0.5,0,0.688162
stability_maximizer,347,0.05,0.20223,0.993278,1.0,0.991933,0.5,0.5,0,0.687945
stability_maximizer,348,0.05,0.20197,0.990894,0.999197,0.989233,0.5,0.5,0,0.686904
stability_maximizer,349,0.05,0.203271,1.0,0.997276,0.996732,0.5,0.5,0,0.689695
stability_maximizer,350,0.05,0.219429,0.9967,1.0,0.99604,0.5,0.5,0,0.692658
stability_maximizer,351,0.05,0.233884,1.0,1.0,1.0,0.5,0.5,0,0.696777
stability_maximizer,352,0.05,0.229092,1.0,1.0,1.0,0.5,0.5,0,0.695818
stability_maximizer,353,0.05,0.226759,0.998495,1.0,0.998194,0.5,0.5,0,0.694792
stability_maximizer,354,0.05,0.221622,0.994527,1.0,0.993432,0.5,0.5,0,0.692288
stability_maximizer,355,0.05,0.230989,0.987172,0.998416,0.984923,0.5,0.5,0,0.691223
stability_maximizer,356,0.05,0.229049,0.997164,0.989925,0.988477,0.5,0.5,0,0.691844
stability_maximizer,357,0.05,0.224136,0.992273,0.991936,0.991869,0.5,0.5,0,0.690845
stability_maximizer,358,0.05,0.227836,0.999547,0.981587,0.977995,0.5,0.5,0,0.689019
stability_maximizer,359,0.05,0.225539,1.0,0.974172,0.969006,0.5,0.5,0,0.686016
stability_maximizer,360,0.05,0.227629,1.0,0.965396,0.958475,0.5,0.5,0,0.683345
stability_maximizer,361,0.05,0.219147,1.0,0.971046,0.965255,0.5,0.5,0,0.683638
stability_maximizer,362,0.05,0.215067,1.0,0.980036,0.976044,0.5,0.5,0,0.685986
stability_maximizer,363,0.05,0.220166,1.0,0.979053,0.974863,0.5,0.5,0,0.68666
stability_maximizer,364,0.05,0.22791,0.992803,0.97858,0.975735,0.5,0.5,0,0.686977
stability_maximizer,365,0.05,0.233834,0.989248,0.975083,0.97225,0.5,0.5,0,0.686405
stability_maximizer,366,0.05,0.242085,1.0,0.966748,0.960098,0.5,0.5,0,0.686712
stability_maximizer,367,0.05,0.233593,1.0,0.962064,0.954477,0.5,0.5,0,0.683365
stability_maximizer,368,0.05,0.229079,0.999543,0.965085,0.958193,0.5,0.5,0,0.683458
stability_maximizer,369,0.05,0.229232,0.991576,0.970447,0.966221,0.5,0.5,0,0.684197
stability_maximizer,370,0.05,0.238726,0.98757,0.961675,0.956496,0.5,0.5,0,0.682415
stability_maximizer,371,0.05,0.249294,0.98889,0.961569,0.956105,0.5,0.5,0,0.684687
stability_maximizer,372,0.05,0.263556,0.983029,0.958312,0.953369,0.5,0.5,0,0.685525
stability_maximizer,373,0.05,0.248908,0.99116,0.963246,0.957663,0.5,0.5,0,0.685536
stability_maximizer,374,0.05,0.253573,0.990445,0.957914,0.951408,0.5,0.5,0,0.684486
stability_maximizer,375,0.05,0.245971,0.993635,0.963954,0.958018,0.5,0.5,0,0.685564
stability_maximizer,376,0.05,0.249145,0.999364,0.963199,0.955966,0.5,0.5,0,0.686781
stability_maximizer,377,0.05,0.253134,0.997063,0.965863,0.959623,0.5,0.5,0,0.688176
stability_maximizer,378,0.05,0.246281,1.0,0.972156,0.966587,0.5,0.5,0,0.689455
stability_maximizer,379,0.05,0.251846,0.996804,0.973048,0.968297,0.5,0.5,0,0.690409
stability_maximizer,380,0.05,0.258506,1.0,0.985269,0.982323,0.5,0.5,0,0.696516
stability_maximizer,381,0.05,0.250819,0.995667,0.984162,0.981861,0.5,0.5,0,0.693948
stability_maximizer,382,0.05,0.24936,0.992523,0.989316,0.988675,0.5,0.5,0,0.695005
stability_maximizer,383,0.05,0.244754,0.996276,0.99396,0.993497,0.5,0.5,0,0.696274
stability_maximizer,384,0.05,0.24101,0.98303,0.987588,0.982119,0.5,0.5,0,0.690301
stability_maximizer,385,0.05,0.241803,0.977841,0.984861,0.976438,0.5,0.5,0,0.68818
stability_maximizer,386,0.05,0.243372,0.981027,0.987707,0.979691,0.5,0.5,0,0.690043
stability_maximizer,387,0.05,0.231244,0.977848,0.985613,0.976295,0.5,0.5,0,0.686167
stability_maximizer,388,0.05,0.232044,0.987033,0.990896,0.98626,0.5,0.5,0,0.69042
stability_maximizer,389,0.05,0.237671,0.991244,0.986319,0.985334,0.5,0.5,0,0.691423
stability_maximizer,390,0.05,0.236588,0.983034,0.98944,0.981753,0.5,0.5,0,0.689655
stability_maximizer,391,0.05,0.234966,0.983293,0.985427,0.982866,0.5,0.5,0,0.688913
stability_maximizer,392,0.05,0.234819,0.984768,0.987985,0.984124,0.5,0.5,0,0.689759
stability_maximizer,393,0.05,0.227864,0.971942,0.991716,0.967987,0.5,0.5,0,0.684075
stability_maximizer,394,0.05,0.229125,0.974968,0.995566,0.970848,0.5,0.5,0,0.685945
stability_maximizer,395,0.05,0.228804,0.985703,1.0,0.982843,0.5,0.5,0,0.690442
stability_maximizer,396,0.05,0.231704,0.98008,1.0,0.976096,0.5,0.5,0,0.68893
stability_maximizer,397,0.05,0.236388,0.97685,0.998962,0.972428,0.5,0.5,0,0.688533
stability_maximizer,398,0.05,0.238558,0.980472,0.995517,0.977464,0.5,0.5,0,0.689874
stability_maximizer,399,0.05,0.251756,0.995964,0.998329,0.995492,0.5,0.5,0,0.698636
stability_maximizer,400,0.05,0.245771,0.999134,1.0,0.998961,0.5,0.5,0,0.698832
stability_maximizer,401,0.05,0.244976,1.0,1.0,1.0,0.5,0.5,0,0.698995
stability_maximizer,402,0.05,0.232666,1.0,1.0,1.0,0.5,0.5,0,0.696533
stability_maximizer,403,0.05,0.236108,0.997153,0.994925,0.99448,0.5,0.5,0,0.695014
stability_maximizer,404,0.05,0.239408,1.0,1.0,1.0,0.5,0.5,0,0.697882
stability_maximizer,405,0.05,0.235191,1.0,0.996614,0.995937,0.5,0.5,0,0.695846
stability_maximizer,406,0.05,0.233892,0.994045,0.997105,0.993433,0.5,0.5,0,0.694193
stability_maximizer,407,0.05,0.24157,0.996573,0.999955,0.995897,0.5,0.5,0,0.697033
stability_maximizer,408,0.05,0.240264,0.992374,1.0,0.990848,0.5,0.5,0,0.695216
stability_maximizer,409,0.05,0.253982,1.0,1.0,1.0,0.5,0.5,0,0.700796
stability_maximizer,410,0.05,0.253479,0.992433,0.998703,0.991179,0.5,0.5,0,0.697715
stability_maximizer,411,0.05,0.255514,0.995466,1.0,0.994559,0.5,0.5,0,0.699416
stability_maximizer,412,0.05,0.25025,1.0,1.0,1.0,0.5,0.5,0,0.70005
stability_maximizer,413,0.05,0.249592,0.999384,1.0,0.99926,0.5,0.5,0,0.699689
stability_maximizer,414,0.05,0.270072,1.0,1.0,1.0,0.5,0.5,0,0.704014
stability_maximizer,415,0.05,0.266393,1.0,1.0,1.0,0.5,0.5,0,0.703279
stability_maximizer,416,0.05,0.274394,0.98934,1.0,0.987208,0.5,0.5,0,0.700913
stability_maximizer,417,0.05,0.258627,0.99876,0.983368,0.98029,0.5,0.5,0,0.695687
stability_maximizer,418,0.05,0.258757,0.984696,0.986519,0.984331,0.5,0.5,0,0.694333
stability_maximizer,419,0.05,0.261869,0.988641,0.984433,0.983592,0.5,0.5,0,0.695213
stability_maximizer,420,0.05,0.267603,0.999463,0.991654,0.990093,0.5,0.5,0,0.700504
stability_maximizer,421,0.05,0.255684,0.994402,0.982334,0.979921,0.5,0.5,0,0.69409
stability_maximizer,422,0.05,0.259032,0.98598,0.987501,0.985676,0.5,0.5,0,0.694991
stability_maximizer,423,0.05,0.254846,0.985345,0.976158,0.974321,0.5,0.5,0,0.690408
stability_maximizer,424,0.05,0.255105,0.986775,0.979111,0.977578,0.5,0.5,0,0.691711
stability_maximizer,425,0.05,0.253191,0.988869,0.985718,0.985088,0.5,0.5,0,0.693964
stability_maximizer,426,0.05,0.255931,0.988069,0.982245,0.98108,0.5,0.5,0,0.693171
stability_maximizer,427,0.05,0.25169,0.990726,0.98292,0.981359,0.5,0.5,0,0.692953
stability_maximizer,428,0.05,0.249264,0.987942,0.973532,0.97065,0.5,0.5,0,0.688752
stability_maximizer,429,0.05,0.251317,0.993383,0.971098,0.966641,0.5,0.5,0,0.689111
stability_maximizer,430,0.05,0.248479,0.988321,0.96596,0.961487,0.5,0.5,0,0.685985
stability_maximizer,431,0.05,0.26094,0.996881,0.970534,0.965265,0.5,0.5,0,0.691354
stability_maximizer,432,0.05,0.27563,0.994859,0.96976,0.96474,0.5,0.5,0,0.693721
stability_maximizer,433,0.05,0.281101,1.0,0.972114,0.966537,0.5,0.5,0,0.696404
stability_maximizer,434,0.05,0.276407,0.988918,0.971237,0.967701,0.5,0.5,0,0.693517
stability_maximizer,435,0.05,0.281398,0.989356,0.966087,0.961434,0.5,0.5,0,0.692767
stability_maximizer,436,0.05,0.2897,0.992243,0.968054,0.963216,0.5,0.5,0,0.695547
stability_maximizer,437,0.05,0.296838,0.973673,0.971262,0.970779,0.5,0.5,0,0.695355
stability_maximizer,438,0.05,0.284971,0.972975,0.972033,0.971845,0.5,0.5,0,0.69315
stability_maximizer,439,0.05,0.293462,0.97658,0.973744,0.973177,0.5,0.5,0,0.695984
stability_maximizer,440,0.05,0.293796,0.996327,0.975401,0.971215,0.5,0.5,0,0.699556
stability_maximizer,441,0.05,0.280312,0.993171,0.982986,0.980949,0.5,0.5,0,0.699063
stability_maximizer,442,0.05,0.263251,0.993559,0.991695,0.991322,0.5,0.5,0,0.698774
stability_maximizer,443,0.05,0.260762,0.982592,0.994645,0.980181,0.5,0.5,0,0.694991
stability_maximizer,444,0.05,0.246709,0.989895,0.999392,0.987996,0.5,0.5,0,0.695505
stability_maximizer,445,0.05,0.251577,0.994105,1.0,0.992926,0.5,0.5,0,0.698123
stability_maximizer,446,0.05,0.237227,0.985267,0.995584,0.983203,0.5,0.5,0,0.691399
stability_maximizer,447,0.05,0.240532,0.987635,1.0,0.985162,0.5,0.5,0,0.693507
stability_maximizer,448,0.05,0.233753,0.989419,0.994913,0.98832,0.5,0.5,0,0.692163
stability_maximizer,449,0.05,0.236527,0.969268,1.0,0.963122,0.5,0.5,0,0.685873
stability_maximizer,450,0.05,0.231961,0.981708,0.997915,0.978467,0.5,0.5,0,0.689321
stability_maximizer,451,0.05,0.228265,0.992141,0.997345,0.991101,0.5,0.5,0,0.69239
stability_maximizer,452,0.05,0.238095,0.995876,0.997094,0.995633,0.5,0.5,0,0.695713
stability_maximizer,453,0.05,0.258603,0.997898,0.997878,0.997874,0.5,0.5,0,0.700662
stability_maximizer,454,0.05,0.269286,0.994363,0.996268,0.993982,0.5,0.5,0,0.701283
stability_maximizer,455,0.05,0.260015,0.991417,0.996039,0.990492,0.5,0.5,0,0.698303
stability_maximizer,456,0.05,0.264503,0.986189,0.991784,0.98507,0.5,0.5,0,0.696711
stability_maximizer,457,0.05,0.273716,0.986751,0.989363,0.986229,0.5,0.5,0,0.698453
stability_maximizer,458,0.05,0.265969,0.989481,1.0,0.987377,0.5,0.5,0,0.699281
stability_maximizer,459,0.05,0.259964,0.992243,0.99718,0.991256,0.5,0.5,0,0.698746
stability_maximizer,460,0.05,0.265773,0.999171,0.995395,0.99464,0.5,0.5,0,0.701411
stability_maximizer,461,0.05,0.25828,0.998295,0.992152,0.990923,0.5,0.5,0,0.698641
stability_maximizer,462,0.05,0.273618,1.0,0.99581,0.994972,0.5,0.5,0,0.703249
stability_maximizer,463,0.05,0.279986,0.997521,0.997565,0.997513,0.5,0.5,0,0.704763
stability_maximizer,464,0.05,0.283694,0.999642,0.995338,0.994477,0.5,0.5,0,0.705045
stability_maximizer,465,0.05,0.285063,0.998427,0.984129,0.981269,0.5,0.5,0,0.701193
stability_maximizer,466,0.05,0.292986,1.0,0.982234,0.978681,0.5,0.5,0,0.702344
stability_maximizer,467,0.05,0.284311,1.0,0.983954,0.980745,0.5,0.5,0,0.701214
stability_maximizer,468,0.05,0.283111,0.988128,0.98997,0.98776,0.5,0.5,0,0.700922
stability_maximizer,469,0.05,0.283034,0.979906,0.986761,0.978535,0.5,0.5,0,0.697437
stability_maximizer,470,0.05,0.283144,0.983357,0.995773,0.980874,0.5,0.5,0,0.699897
stability_maximizer,471,0.05,0.291041,0.992508,0.999312,0.991147,0.5,0.5,0,0.705333
stability_maximizer,472,0.05,0.299314,0.99916,1.0,0.998992,0.5,0.5,0,0.70955
stability_maximizer,473,0.05,0.292782,0.997535,1.0,0.997042,0.5,0.5,0,0.707639
stability_maximizer,474,0.05,0.302077,1.0,1.0,1.0,0.5,0.5,0,0.710415
stability_maximizer,475,0.05,0.293981,1.0,0.996355,0.995626,0.5,0.5,0,0.707513
stability_maximizer,476,0.05,0.291882,1.0,0.999223,0.999068,0.5,0.5,0,0.708103
stability_maximizer,477,0.05,0.293499,1.0,1.0,1.0,0.5,0.5,0,0.7087
stability_maximizer,478,0.05,0.283464,1.0,0.996987,0.996385,0.5,0.5,0,0.705632
stability_maximizer,479,0.05,0.293914,1.0,1.0,1.0,0.5,0.5,0,0.708783
stability_maximizer,480,0.05,0.293706,0.999641,1.0,0.999569,0.5,0.5,0,0.708608
stability_maximizer,481,0.05,0.296852,1.0,1.0,1.0,0.5,0.5,0,0.70937
stability_maximizer,482,0.05,0.303681,1.0,1.0,1.0,0.5,0.5,0,0.710736
stability_maximizer,483,0.05,0.304087,0.9987,1.0,0.99844,0.5,0.5,0,0.710334
stability_maximizer,484,0.05,0.307757,1.0,1.0,1.0,0.5,0.5,0,0.711551
stability_maximizer,485,0.05,0.30666,1.0,1.0,1.0,0.5,0.5,0,0.711332
stability_maximizer,486,0.05,0.307281,0.994808,1.0,0.993769,0.5,0.5,0,0.709525
stability_maximizer,487,0.05,0.320477,0.996176,1.0,0.995411,0.5,0.5,0,0.712673
stability_maximizer,488,0.05,0.324901,0.998169,1.0,0.997802,0.5,0.5,0,0.714299
stability_maximizer,489,0.05,0.328716,0.996456,0.998545,0.996038,0.5,0.5,0,0.714239
stability_maximizer,490,0.05,0.3506,0.989331,0.99103,0.988991,0.5,0.5,0,0.715003
stability_maximizer,491,0.05,0.349974,0.99501,0.994833,0.994797,0.5,0.5,0,0.717437
stability_maximizer,492,0.05,0.354406,0.990999,0.993515,0.990496,0.5,0.5,0,0.716703
stability_maximizer,493,0.05,0.341932,0.984288,0.986971,0.983751,0.5,0.5,0,0.710874
stability_maximizer,494,0.05,0.344095,0.988402,0.976304,0.973885,0.5,0.5,0,0.708762
stability_maximizer,495,0.05,0.3496,0.972061,0.984327,0.969607,0.5,0.5,0,0.707521
stability_maximizer,496,0.05,0.356547,0.967525,0.991067,0.962817,0.5,0.5,0,0.708085
stability_maximizer,497,0.05,0.338562,0.972623,0.980473,0.971053,0.5,0.5,0,0.705029
stability_maximizer,498,0.05,0.337108,0.974182,0.975559,0.973907,0.5,0.5,0,0.704689
stability_maximizer,499,0.05,0.325721,0.982368,0.9738,0.972087,0.5,0.5,0,0.703312
stability_maximizer,500,0.05,0.33868,0.982466,0.985993,0.981761,0.5,0.5,0,0.709421
stability_maximizer,501,0.05,0.332495,0.982456,0.987118,0.981523,0.5,0.5,0,0.708324
stability_maximizer,502,0.05,0.336195,0.984014,0.986286,0.983559,0.5,0.5,0,0.709537
stability_maximizer,503,0.05,0.346832,0.984492,0.984307,0.98427,0.5,0.5,0,0.711547
stability_maximizer,504,0.05,0.342602,0.976521,0.980252,0.975775,0.5,0.5,0,0.707258
stability_maximizer,505,0.05,0.341149,0.981417,0.965942,0.962848,0.5,0.5,0,0.703491
stability_maximizer,506,0.05,0.340058,0.979058,0.967999,0.965787,0.5,0.5,0,0.703648
stability_maximizer,507,0.05,0.323267,0.985188,0.970369,0.967405,0.5,0.5,0,0.702031
stability_maximizer,508,0.05,0.315738,0.976791,0.972557,0.97171,0.5,0.5,0,0.700053
stability_maximizer,509,0.05,0.317563,0.969156,0.97469,0.968049,0.5,0.5,0,0.698799
stability_maximizer,510,0.05,0.324675,0.973675,0.957496,0.95426,0.5,0.5,0,0.696078
stability_maximizer,511,0.05,0.316848,0.965895,0.957577,0.955913,0.5,0.5,0,0.693389
stability_maximizer,512,0.05,0.303922,0.971095,0.963366,0.96182,0.5,0.5,0,0.693611
stability_maximizer,513,0.05,0.297181,0.966042,0.970565,0.965137,0.5,0.5,0,0.693036
stability_maximizer,514,0.05,0.305896,0.966019,0.970829,0.965057,0.5,0.5,0,0.694804
stability_maximizer,515,0.05,0.304923,0.970669,0.963642,0.962237,0.5,0.5,0,0.693846
stability_maximizer,516,0.05,0.305835,0.967642,0.969806,0.967209,0.5,0.5,0,0.695265
stability_maximizer,517,0.05,0.308808,0.978281,0.979306,0.978076,0.5,0.5,0,0.701033
stability_maximizer,518,0.05,0.306595,0.975085,0.978079,0.974486,0.5,0.5,0,0.699245
stability_maximizer,519,0.05,0.300337,0.98034,0.991502,0.978107,0.5,0.5,0,0.701666
stability_maximizer,520,0.05,0.289782,0.972832,0.996404,0.968117,0.5,0.5,0,0.697389
stability_maximizer,521,0.05,0.296996,0.970404,1.0,0.964485,0.5,0.5,0,0.69839
stability_maximizer,522,0.05,0.291336,0.968842,0.992818,0.964046,0.5,0.5,0,0.695757
stability_maximizer,523,0.05,0.290765,0.973597,0.989801,0.970356,0.5,0.5,0,0.697026
stability_maximizer,524,0.05,0.289094,0.980956,0.986967,0.979754,0.5,0.5,0,0.699066
stability_maximizer,525,0.05,0.290538,0.984493,0.997196,0.981953,0.5,0.5,0,0.70198
stability_maximizer,526,0.05,0.29589,0.989251,0.990358,0.989029,0.5,0.5,0,0.703945
stability_maximizer,527,0.05,0.287419,0.981564,0.995405,0.978796,0.5,0.5,0,0.700038
stability_maximizer,528,0.05,0.288255,0.966533,1.0,0.95984,0.5,0.5,0,0.695201
stability_maximizer,529,0.05,0.304869,0.958792,0.995126,0.951525,0.5,0.5,0,0.69502
stability_maximizer,530,0.05,0.307966,0.953359,0.988827,0.946265,0.5,0.5,0,0.692812
stability_maximizer,531,0.05,0.314385,0.958957,1.0,0.950748,0.5,0.5,0,0.697609
stability_maximizer,532,0.05,0.316336,0.95239,0.99799,0.943271,0.5,0.5,0,0.695299
stability_maximizer,533,0.05,0.320251,0.959849,1.0,0.951819,0.5,0.5,0,0.699114
stability_maximizer,534,0.05,0.328439,0.960729,0.998052,0.953265,0.5,0.5,0,0.70083
stability_maximizer,535,0.05,0.324159,0.972302,0.999952,0.966772,0.5,0.5,0,0.704522
stability_maximizer,536,0.05,0.322261,0.987768,1.0,0.985321,0.5,0.5,0,0.709902
stability_maximizer,537,0.05,0.320273,0.986831,1.0,0.984197,0.5,0.5,0,0.709156
stability_maximizer,538,0.05,0.323983,0.995919,0.992118,0.991358,0.5,0.5,0,0.711418
stability_maximizer,539,0.05,0.320318,0.993414,1.0,0.992097,0.5,0.5,0,0.711614
stability_maximizer,540,0.05,0.328072,0.992016,0.998282,0.990762,0.5,0.5,0,0.712424
stability_maximizer,541,0.05,0.334526,0.99519,1.0,0.994227,0.5,0.5,0,0.715116
stability_maximizer,542,0.05,0.333592,0.996347,1.0,0.995616,0.5,0.5,0,0.715359
stability_maximizer,543,0.05,0.339681,0.996328,0.993648,0.993112,0.5,0.5,0,0.715157
stability_maximizer,544,0.05,0.338789,1.0,1.0,1.0,0.5,0.5,0,0.717758
stability_maximizer,545,0.05,0.354685,0.999742,1.0,0.999691,0.5,0.5,0,0.720841
stability_maximizer,546,0.05,0.350768,0.995685,0.987637,0.986027,0.5,0.5,0,0.715163
stability_maximizer,547,0.05,0.345835,0.990999,0.980909,0.978891,0.5,0.5,0,0.711115
stability_maximizer,548,0.05,0.360143,1.0,0.971488,0.965786,0.5,0.5,0,0.711992
stability_maximizer,549,0.05,0.352068,1.0,0.97402,0.968824,0.5,0.5,0,0.711269
stability_maximizer,550,0.05,0.352849,0.997135,0.984446,0.981908,0.5,0.5,0,0.714671
stability_maximizer,551,0.05,0.358407,0.981216,0.984489,0.980561,0.5,0.5,0,0.712708
stability_maximizer,552,0.05,0.369216,0.970668,0.98305,0.968192,0.5,0.5,0,0.710762
stability_maximizer,553,0.05,0.383105,0.97297,0.978927,0.971779,0.5,0.5,0,0.713868
stability_maximizer,554,0.05,0.362446,0.967231,0.979746,0.964728,0.5,0.5,0,0.707706
stability_maximizer,555,0.05,0.347116,0.965878,0.986381,0.961777,0.5,0.5,0,0.704986
stability_maximizer,556,0.05,0.349149,0.967246,0.997056,0.961284,0.5,0.5,0,0.707268
stability_maximizer,557,0.05,0.347976,0.973309,0.989181,0.970135,0.5,0.5,0,0.708282
stability_maximizer,558,0.05,0.352435,0.972745,0.986755,0.969942,0.5,0.5,0,0.708653
stability_maximizer,559,0.05,0.359422,0.976846,0.982641,0.975687,0.5,0.5,0,0.711049
stability_maximizer,560,0.05,0.371546,0.972518,0.984007,0.97022,0.5,0.5,0,0.712039
stability_maximizer,561,0.05,0.371242,0.963517,0.992927,0.957635,0.5,0.5,0,0.709771
stability_maximizer,562,0.05,0.37965,0.960829,0.989376,0.955119,0.5,0.5,0,0.709998
stability_maximizer,563,0.05,0.387801,0.963197,0.994245,0.956988,0.5,0.5,0,0.713133
stability_maximizer,564,0.05,0.387934,0.960276,0.999834,0.952365,0.5,0.5,0,0.712788
stability_maximizer,565,0.05,0.400016,0.959513,0.999961,0.951424,0.5,0.5,0,0.714937
stability_maximizer,566,0.05,0.400407,0.95888,0.999782,0.950699,0.5,0.5,0,0.714757
stability_maximizer,567,0.05,0.395304,0.959294,0.99985,0.951183,0.5,0.5,0,0.713899
stability_maximizer,568,0.05,0.394705,0.971304,0.998915,0.965782,0.5,0.5,0,0.718127
stability_maximizer,569,0.05,0.393537,0.964222,0.992726,0.958522,0.5,0.5,0,0.714467
stability_maximizer,570,0.05,0.402823,0.965043,0.990025,0.960047,0.5,0.5,0,0.716284
stability_maximizer,571,0.05,0.415433,0.973572,0.985191,0.971248,0.5,0.5,0,0.72136
stability_maximizer,572,0.05,0.430143,0.975772,0.984007,0.974125,0.5,0.5,0,0.724969
stability_maximizer,573,0.05,0.438401,0.973034,0.98578,0.970484,0.5,0.5,0,0.725829
stability_maximizer,574,0.05,0.429319,0.973876,0.979499,0.972752,0.5,0.5,0,0.723522
stability_maximizer,575,0.05,0.425014,0.977483,0.978151,0.97735,0.5,0.5,0,0.72383
stability_maximizer,576,0.05,0.425626,0.971243,0.981346,0.969223,0.5,0.5,0,0.72204
stability_maximizer,577,0.05,0.425193,0.970847,0.984119,0.968193,0.5,0.5,0,0.722161
stability_maximizer,578,0.05,0.429687,0.990289,0.983835,0.982544,0.5,0.5,0,0.72881
stability_maximizer,579,0.05,0.435836,1.0,0.990146,0.988175,0.5,0.5,0,0.733699
stability_maximizer,580,0.05,0.440543,1.0,0.994161,0.992993,0.5,0.5,0,0.736053
stability_maximizer,581,0.05,0.442998,0.992316,1.0,0.990779,0.5,0.5,0,0.735741
stability_maximizer,582,0.05,0.443792,0.987388,0.996721,0.985522,0.5,0.5,0,0.733647
stability_maximizer,583,0.05,0.44482,0.984392,0.989943,0.983282,0.5,0.5,0,0.731871
stability_maximizer,584,0.05,0.435009,0.985509,0.996111,0.983389,0.5,0.5,0,0.731113
stability_maximizer,585,0.05,0.447774,0.981617,0.994794,0.978982,0.5,0.5,0,0.73205
stability_maximizer,586,0.05,0.4559,0.994726,0.984372,0.982301,0.5,0.5,0,0.734898
stability_maximizer,587,0.05,0.466218,0.986195,0.988217,0.98579,0.5,0.5,0,0.7366
stability_maximizer,588,0.05,0.467044,0.98989,0.999118,0.988044,0.5,0.5,0,0.739535
stability_maximizer,589,0.05,0.466748,0.986984,0.993624,0.985655,0.5,0.5,0,0.737691
stability_maximizer,590,0.05,0.455974,0.985839,0.994421,0.984123,0.5,0.5,0,0.735213
stability_maximizer,591,0.05,0.458413,1.0,0.993851,0.992621,0.5,0.5,0,0.739518
stability_maximizer,592,0.05,0.466735,1.0,1.0,1.0,0.5,0.5,0,0.743347
stability_maximizer,593,0.05,0.464948,0.989298,0.990282,0.989101,0.5,0.5,0,0.737764
stability_maximizer,594,0.05,0.468183,0.981429,0.998092,0.978097,0.5,0.5,0,0.736484
stability_maximizer,595,0.05,0.466429,0.976895,1.0,0.972274,0.5,0.5,0,0.734691
stability_maximizer,596,0.05,0.458746,0.984684,1.0,0.981621,0.5,0.5,0,0.736052
stability_maximizer,597,0.05,0.464077,0.985174,1.0,0.982209,0.5,0.5,0,0.7373
stability_maximizer,598,0.05,0.480841,0.982119,1.0,0.978543,0.5,0.5,0,0.739516
stability_maximizer,599,0.05,0.487497,0.987034,1.0,0.984441,0.5,0.5,0,0.742676
stability_maximizer,600,0.05,0.496303,0.998482,0.998448,0.998441,0.5,0.5,0,0.748489
stability_maximizer,601,0.05,0.492315,0.996447,1.0,0.995736,0.5,0.5,0,0.747141
stability_maximizer,602,0.05,0.484978,1.0,1.0,1.0,0.5,0.5,0,0.746996
stability_maximizer,603,0.05,0.481574,1.0,0.996036,0.995243,0.5,0.5,0,0.74492
stability_maximizer,604,0.05,0.467582,1.0,0.99809,0.997708,0.5,0.5,0,0.742844
stability_maximizer,605,0.05,0.464659,0.994631,1.0,0.993558,0.5,0.5,0,0.740935
stability_maximizer,606,0.05,0.468954,1.0,1.0,1.0,0.5,0.5,0,0.743791
stability_maximizer,607,0.05,0.46486,1.0,0.999578,0.999494,0.5,0.5,0,0.742824
stability_maximizer,608,0.05,0.468143,0.99994,1.0,0.999928,0.5,0.5,0,0.743606
stability_maximizer,609,0.05,0.477687,0.992339,0.993832,0.992041,0.5,0.5,0,0.741898
stability_maximizer,610,0.05,0.486556,0.986813,0.994152,0.985345,0.5,0.5,0,0.741657
stability_maximizer,611,0.05,0.485307,0.99221,0.991709,0.991609,0.5,0.5,0,0.74299
stability_maximizer,612,0.05,0.476468,0.988542,1.0,0.986251,0.5,0.5,0,0.741031
stability_maximizer,613,0.05,0.46865,0.98698,0.990415,0.986293,0.5,0.5,0,0.73766
stability_maximizer,614,0.05,0.479733,0.986496,1.0,0.983796,0.5,0.5,0,0.740923
stability_maximizer,615,0.05,0.479645,0.990727,0.983964,0.982612,0.5,0.5,0,0.738912
stability_maximizer,616,0.05,0.479453,0.999907,0.99021,0.98827,0.5,0.5,0,0.742431
stability_maximizer,617,0.05,0.48959,0.998336,0.985062,0.982407,0.5,0.5,0,0.742413
stability_maximizer,618,0.05,0.488168,1.0,0.987531,0.985038,0.5,0.5,0,0.743245
stability_maximizer,619,0.05,0.495573,1.0,0.992588,0.991106,0.5,0.5,0,0.746506
stability_maximizer,620,0.05,0.500642,1.0,1.0,1.0,0.5,0.5,0,0.750128
stability_maximizer,621,0.05,0.501108,1.0,1.0,1.0,0.5,0.5,0,0.750222
stability_maximizer,622,0.05,0.49768,1.0,1.0,1.0,0.5,0.5,0,0.749536
stability_maximizer,623,0.05,0.495305,1.0,0.99987,0.999844,0.5,0.5,0,0.749015
stability_maximizer,624,0.05,0.496537,1.0,0.997621,0.997145,0.5,0.5,0,0.74847
stability_maximizer,625,0.05,0.507048,1.0,0.996031,0.995238,0.5,0.5,0,0.750013
stability_maximizer,626,0.05,0.507872,0.992586,1.0,0.991103,0.5,0.5,0,0.748816
stability_maximizer,627,0.05,0.52882,1.0,1.0,1.0,0.5,0.5,0,0.755764
stability_maximizer,628,0.05,0.53033,0.993978,0.989566,0.988684,0.5,0.5,0,0.751502
stability_maximizer,629,0.05,0.530148,0.981516,0.986598,0.9805,0.5,0.5,0,0.747438
stability_maximizer,630,0.05,0.528625,0.978073,0.98493,0.976701,0.5,0.5,0,0.745639
stability_maximizer,631,0.05,0.534122,0.975336,0.98495,0.973413,0.5,0.5,0,0.745723
stability_maximizer,632,0.05,0.528178,0.971424,0.991442,0.96742,0.5,0.5,0,0.74391
stability_maximizer,633,0.05,0.519621,0.97198,0.992394,0.967897,0.5,0.5,0,0.742527
stability_maximizer,634,0.05,0.519495,0.977986,0.995318,0.97452,0.5,0.5,0,0.74511
stability_maximizer,635,0.05,0.529704,0.987307,1.0,0.984768,0.5,0.5,0,0.751219
stability_maximizer,636,0.05,0.531208,0.993511,0.996645,0.992885,0.5,0.5,0,0.753398
stability_maximizer,637,0.05,0.526226,0.996084,0.992829,0.992178,0.5,0.5,0,0.752141
stability_maximizer,638,0.05,0.529734,0.995369,0.981468,0.978688,0.5,0.5,0,0.748738
stability_maximizer,639,0.05,0.520756,0.990204,0.984483,0.983339,0.5,0.5,0,0.747239
stability_maximizer,640,0.05,0.529478,0.995,0.991356,0.990628,0.5,0.5,0,0.752113
stability_maximizer,641,0.05,0.531356,1.0,0.997119,0.996543,0.5,0.5,0,0.755257
stability_maximizer,642,0.05,0.541724,0.985925,0.995459,0.984019,0.5,0.5,0,0.752528
stability_maximizer,643,0.05,0.551146,0.995755,0.986887,0.985113,0.5,0.5,0,0.754985
stability_maximizer,644,0.05,0.541974,0.989028,0.985855,0.98522,0.5,0.5,0,0.751792
stability_maximizer,645,0.05,0.529707,0.99324,0.990334,0.989753,0.5,0.5,0,0.751539
stability_maximizer,646,0.05,0.526439,0.993196,0.990427,0.989874,0.5,0.5,0,0.750911
stability_maximizer,647,0.05,0.503965,0.987648,0.990733,0.987031,0.5,0.5,0,0.745012
stability_maximizer,648,0.05,0.502099,0.987243,0.987051,0.987013,0.5,0.5,0,0.743974
stability_maximizer,649,0.05,0.507324,0.986189,0.984701,0.984404,0.5,0.5,0,0.744036
stability_maximizer,650,0.05,0.507464,0.976141,0.987907,0.973788,0.5,0.5,0,0.741069
stability_maximizer,651,0.05,0.517757,0.980367,0.995272,0.977387,0.5,0.5,0,0.745643
stability_maximizer,652,0.05,0.514986,0.973472,0.991175,0.969932,0.5,0.5,0,0.741999
stability_maximizer,653,0.05,0.527085,0.967339,0.988677,0.963072,0.5,0.5,0,0.741818
stability_maximizer,654,0.05,0.53197,0.957711,0.979382,0.953377,0.5,0.5,0,0.738024
stability_maximizer,655,0.05,0.516578,0.956236,0.980942,0.951295,0.5,0.5,0,0.734596
stability_maximizer,656,0.05,0.515644,0.955289,0.986553,0.949036,0.5,0.5,0,0.734775
stability_maximizer,657,0.05,0.510668,0.956789,0.989235,0.9503,0.5,0.5,0,0.734681
stability_maximizer,658,0.05,0.517159,0.965308,0.985878,0.961194,0.5,0.5,0,0.738719
stability_maximizer,659,0.05,0.515476,0.965435,0.980232,0.962476,0.5,0.5,0,0.737707
stability_maximizer,660,0.05,0.522742,0.964586,0.984646,0.960574,0.5,0.5,0,0.739409
stability_maximizer,661,0.05,0.528701,0.95753,0.98421,0.952194,0.5,0.5,0,0.73792
stability_maximizer,662,0.05,0.53389,0.95497,0.96966,0.952031,0.5,0.5,0,0.736143
stability_maximizer,663,0.05,0.533602,0.956636,0.980627,0.951838,0.5,0.5,0,0.738109
stability_maximizer,664,0.05,0.534454,0.957678,0.987804,0.951652,0.5,0.5,0,0.739586
stability_maximizer,665,0.05,0.533532,0.952348,0.996665,0.943485,0.5,0.5,0,0.738553
stability_maximizer,666,0.05,0.528072,0.95302,0.999818,0.94366,0.5,0.5,0,0.738114
stability_maximizer,667,0.05,0.523996,0.950433,1.0,0.94052,0.5,0.5,0,0.73636
stability_maximizer,668,0.05,0.520566,0.943829,1.0,0.932595,0.5,0.5,0,0.733218
stability_maximizer,669,0.05,0.518193,0.946623,1.0,0.935947,0.5,0.5,0,0.733782
stability_maximizer,670,0.05,0.522814,0.9467,0.996598,0.93672,0.5,0.5,0,0.7343
stability_maximizer,671,0.05,0.518269,0.948337,0.991977,0.939609,0.5,0.5,0,0.733408
stability_maximizer,672,0.05,0.510746,0.939843,0.997122,0.928388,0.5,0.5,0,0.729403
stability_maximizer,673,0.05,0.504249,0.934995,0.999743,0.922045,0.5,0.5,0,0.726635
stability_maximizer,674,0.05,0.501225,0.935554,1.0,0.922665,0.5,0.5,0,0.726271
stability_maximizer,675,0.05,0.51716,0.952055,0.983762,0.945714,0.5,0.5,0,0.733518
stability_maximizer,676,0.05,0.511608,0.951833,0.981714,0.945857,0.5,0.5,0,0.732063
stability_maximizer,677,0.05,0.510907,0.94774,0.981202,0.941048,0.5,0.5,0,0.730335
stability_maximizer,678,0.05,0.501638,0.939352,0.993695,0.928484,0.5,0.5,0,0.72696
stability_maximizer,679,0.05,0.500739,0.938694,0.997163,0.927,0.5,0.5,0,0.726979
stability_maximizer,680,0.05,0.505578,0.931331,0.988939,0.91981,0.5,0.5,0,0.724155
stability_maximizer,681,0.05,0.503633,0.922957,0.99417,0.908714,0.5,0.5,0,0.72132
stability_maximizer,682,0.05,0.515779,0.936076,0.992847,0.924722,0.5,0.5,0,0.72846
stability_maximizer,683,0.05,0.506123,0.94164,0.990062,0.931956,0.5,0.5,0,0.728243
stability_maximizer,684,0.05,0.504009,0.940509,0.988394,0.930932,0.5,0.5,0,0.727185
stability_maximizer,685,0.05,0.497926,0.952614,0.980774,0.946982,0.5,0.5,0,0.729497
stability_maximizer,686,0.05,0.489994,0.953959,0.978381,0.949074,0.5,0.5,0,0.728104
stability_maximizer,687,0.05,0.496605,0.96427,0.98614,0.959896,0.5,0.5,0,0.734255
stability_maximizer,688,0.05,0.498279,0.960596,0.980586,0.956598,0.5,0.5,0,0.732512
stability_maximizer,689,0.05,0.494978,0.963216,0.969668,0.961926,0.5,0.5,0,0.73143
stability_maximizer,690,0.05,0.507307,0.970996,0.967022,0.966227,0.5,0.5,0,0.73556
stability_maximizer,691,0.05,0.511185,0.957918,0.974623,0.954577,0.5,0.5,0,0.733334
stability_maximizer,692,0.05,0.526036,0.948756,0.980855,0.942336,0.5,0.5,0,0.733694
stability_maximizer,693,0.05,0.523587,0.941997,0.984975,0.933402,0.5,0.5,0,0.731217
stability_maximizer,694,0.05,0.538068,0.949699,0.98184,0.94327,0.5,0.5,0,0.736577
stability_maximizer,695,0.05,0.52732,0.959972,0.977688,0.956428,0.5,0.5,0,0.737718
stability_maximizer,696,0.05,0.531721,0.963092,0.976483,0.960413,0.5,0.5,0,0.739604
stability_maximizer,697,0.05,0.531797,0.961928,0.981329,0.958048,0.5,0.5,0,0.739807
stability_maximizer,698,0.05,0.52561,0.966612,0.981477,0.963639,0.5,0.5,0,0.740331
stability_maximizer,699,0.05,0.52218,0.960309,0.992416,0.953888,0.5,0.5,0,0.7387
stability_maximizer,700,0.05,0.52945,0.959113,0.99083,0.95277,0.5,0.5,0,0.739506
stability_maximizer,701,0.05,0.526819,0.956483,1.0,0.94778,0.5,0.5,0,0.739176
stability_maximizer,702,0.05,0.541167,0.949333,1.0,0.9392,0.5,0.5,0,0.739385
stability_maximizer,703,0.05,0.541605,0.949193,0.992993,0.940433,0.5,0.5,0,0.738524
stability_maximizer,704,0.05,0.535644,0.950072,0.985786,0.94293,0.5,0.5,0,0.736736
stability_maximizer,705,0.05,0.545083,0.951306,0.979266,0.945714,0.5,0.5,0,0.738248
stability_maximizer,706,0.05,0.542355,0.946062,0.969285,0.941418,0.5,0.5,0,0.734475
stability_maximizer,707,0.05,0.530918,0.943863,0.974626,0.93771,0.5,0.5,0,0.732053
stability_maximizer,708,0.05,0.533964,0.941123,0.975741,0.934199,0.5,0.5,0,0.731785
stability_maximizer,709,0.05,0.531376,0.945107,0.967039,0.940721,0.5,0.5,0,0.731636
stability_maximizer,710,0.05,0.527758,0.952975,0.967239,0.950122,0.5,0.5,0,0.733865
stability_maximizer,711,0.05,0.533326,0.9516,0.974724,0.946976,0.5,0.5,0,0.735425
stability_maximizer,712,0.05,0.53975,0.950639,0.977542,0.945258,0.5,0.5,0,0.736713
stability_maximizer,713,0.05,0.54035,0.945597,0.979667,0.938783,0.5,0.5,0,0.735229
stability_maximizer,714,0.05,0.536228,0.946818,0.981051,0.939971,0.5,0.5,0,0.735036
stability_maximizer,715,0.05,0.535398,0.9423,0.995665,0.931627,0.5,0.5,0,0.73506
stability_maximizer,716,0.05,0.537783,0.950977,0.983913,0.94439,0.5,0.5,0,0.737261
stability_maximizer,717,0.05,0.534789,0.944103,0.982952,0.936333,0.5,0.5,0,0.733982
stability_maximizer,718,0.05,0.542352,0.938866,0.985836,0.929472,0.5,0.5,0,0.733916
stability_maximizer,719,0.05,0.545332,0.93749,0.994538,0.92608,0.5,0.5,0,0.735114
stability_maximizer,720,0.05,0.559726,0.934529,0.999151,0.921605,0.5,0.5,0,0.737481
stability_maximizer,721,0.05,0.557304,0.940189,0.99738,0.928751,0.5,0.5,0,0.738876
stability_maximizer,722,0.05,0.533001,0.949528,1.0,0.939434,0.5,0.5,0,0.737825
stability_maximizer,723,0.05,0.530784,0.962291,0.999895,0.95477,0.5,0.5,0,0.742115
stability_maximizer,724,0.05,0.527627,0.963434,0.993856,0.95735,0.5,0.5,0,0.741136
stability_maximizer,725,0.05,0.545743,0.967346,0.993966,0.962022,0.5,0.5,0,0.746229
stability_maximizer,726,0.05,0.558315,0.968734,0.992403,0.964001,0.5,0.5,0,0.74906
stability_maximizer,727,0.05,0.553829,0.970507,0.983964,0.967815,0.5,0.5,0,0.747742
stability_maximizer,728,0.05,0.553194,0.9783,0.983214,0.977317,0.5,0.5,0,0.750418
stability_maximizer,729,0.05,0.543695,0.983477,0.978438,0.97743,0.5,0.5,0,0.748704
stability_maximizer,730,0.05,0.543904,0.984675,0.968816,0.965644,0.5,0.5,0,0.745536
stability_maximizer,731,0.05,0.550466,0.982842,0.968356,0.965459,0.5,0.5,0,0.746415
stability_maximizer,732,0.05,0.549658,0.977148,0.96904,0.967418,0.5,0.5,0,0.745651
stability_maximizer,733,0.05,0.541448,0.975552,0.961632,0.958849,0.5,0.5,0,0.741166
stability_maximizer,734,0.05,0.54091,0.971148,0.96328,0.961706,0.5,0.5,0,0.740986
stability_maximizer,735,0.05,0.532842,0.963209,0.957925,0.956869,0.5,0.5,0,0.736313
stability_maximizer,736,0.05,0.527177,0.967055,0.954107,0.951517,0.5,0.5,0,0.734405
stability_maximizer,737,0.05,0.519168,0.968229,0.955732,0.953232,0.5,0.5,0,0.733549
stability_maximizer,738,0.05,0.524411,0.965577,0.961104,0.960209,0.5,0.5,0,0.736096
stability_maximizer,739,0.05,0.511574,0.961504,0.960791,0.960648,0.5,0.5,0,0.732816
stability_maximizer,740,0.05,0.509112,0.954775,0.970332,0.951664,0.5,0.5,0,0.731201
stability_maximizer,741,0.05,0.507711,0.962339,0.970996,0.960608,0.5,0.5,0,0.73382
stability_maximizer,742,0.05,0.497121,0.962033,0.967281,0.960983,0.5,0.5,0,0.731112
stability_maximizer,743,0.05,0.48611,0.967993,0.968907,0.96781,0.5,0.5,0,0.731335
stability_maximizer,744,0.05,0.497838,0.966278,0.965438,0.96527,0.5,0.5,0,0.732411
stability_maximizer,745,0.05,0.496498,0.966694,0.961439,0.960388,0.5,0.5,0,0.730797
stability_maximizer,746,0.05,0.492211,0.969802,0.963355,0.962066,0.5,0.5,0,0.731074
stability_maximizer,747,0.05,0.508054,0.975218,0.972695,0.97219,0.5,0.5,0,0.738332
stability_maximizer,748,0.05,0.521934,0.98703,0.97918,0.97761,0.5,0.5,0,0.745139
stability_maximizer,749,0.05,0.520492,0.987151,0.977746,0.975865,0.5,0.5,0,0.744363
stability_maximizer,750,0.05,0.514929,0.986371,0.96425,0.959825,0.5,0.5,0,0.738385
stability_maximizer,751,0.05,0.513365,0.989493,0.974015,0.97092,0.5,0.5,0,0.741971
stability_maximizer,752,0.05,0.52512,0.982342,0.98914,0.980982,0.5,0.5,0,0.747065
stability_maximizer,753,0.05,0.526994,0.991396,0.982438,0.980646,0.5,0.5,0,0.747943
stability_maximizer,754,0.05,0.538748,0.980439,0.986301,0.979266,0.5,0.5,0,0.748719
stability_maximizer,755,0.05,0.554701,0.971498,0.996349,0.966528,0.5,0.5,0,0.74987
stability_maximizer,756,0.05,0.551325,0.964979,0.989926,0.959989,0.5,0.5,0,0.745948
stability_maximizer,757,0.05,0.542627,0.970418,0.986235,0.967255,0.5,0.5,0,0.745759
stability_maximizer,758,0.05,0.538604,0.973282,0.984964,0.970945,0.5,0.5,0,0.745857
stability_maximizer,759,0.05,0.544374,0.980538,0.983532,0.979939,0.5,0.5,0,0.749527
stability_maximizer,760,0.05,0.545183,0.983916,0.975237,0.973501,0.5,0.5,0,0.747939
stability_maximizer,761,0.05,0.539629,0.983128,0.971376,0.969026,0.5,0.5,0,0.745353
stability_maximizer,762,0.05,0.526988,0.97413,0.970189,0.9694,0.5,0.5,0,0.741075
stability_maximizer,763,0.05,0.515551,0.971227,0.968632,0.968113,0.5,0.5,0,0.73781
stability_maximizer,764,0.05,0.516966,0.968078,0.978393,0.966015,0.5,0.5,0,0.738752
stability_maximizer,765,0.05,0.510709,0.969554,0.979753,0.967515,0.5,0.5,0,0.738224
stability_maximizer,766,0.05,0.506106,0.975026,0.980581,0.973915,0.5,0.5,0,0.739445
stability_maximizer,767,0.05,0.516633,0.97692,0.979561,0.976392,0.5,0.5,0,0.742125
stability_maximizer,768,0.05,0.515389,0.987659,0.980614,0.979205,0.5,0.5,0,0.744428
stability_maximizer,769,0.05,0.511913,0.980733,0.984506,0.979978,0.5,0.5,0,0.743232
stability_maximizer,770,0.05,0.520898,0.973524,0.985711,0.971087,0.5,0.5,0,0.742502
stability_maximizer,771,0.05,0.50388,0.986389,0.983566,0.983002,0.5,0.5,0,0.742977
stability_maximizer,772,0.05,0.508651,0.991133,0.985678,0.984587,0.5,0.5,0,0.745377
stability_maximizer,773,0.05,0.513004,1.0,0.98922,0.987064,0.5,0.5,0,0.748806
stability_maximizer,774,0.05,0.520413,0.989165,1.0,0.986999,0.5,0.5,0,0.750052
stability_maximizer,775,0.05,0.532577,0.989635,1.0,0.987562,0.5,0.5,0,0.75266
stability_maximizer,776,0.05,0.537783,0.988411,1.0,0.986094,0.5,0.5,0,0.753246
stability_maximizer,777,0.05,0.54547,0.975757,0.999487,0.971011,0.5,0.5,0,0.75001
stability_maximizer,778,0.05,0.547459,0.982215,0.997306,0.979197,0.5,0.5,0,0.752531
stability_maximizer,779,0.05,0.557109,0.96905,1.0,0.96286,0.5,0.5,0,0.749908
stability_maximizer,780,0.05,0.550011,0.971951,1.0,0.966341,0.5,0.5,0,0.749568
stability_maximizer,781,0.05,0.54913,0.978005,1.0,0.973606,0.5,0.5,0,0.751644
stability_maximizer,782,0.05,0.543785,0.97482,1.0,0.969784,0.5,0.5,0,0.74939
stability_maximizer,783,0.05,0.535616,0.965429,1.0,0.958515,0.5,0.5,0,0.744263
stability_maximizer,784,0.05,0.538459,0.973852,0.992146,0.970194,0.5,0.5,0,0.74696
stability_maximizer,785,0.05,0.537293,0.976876,0.999805,0.97229,0.5,0.5,0,0.748832
stability_maximizer,786,0.05,0.542052,0.983724,0.998693,0.980731,0.5,0.5,0,0.752188
stability_maximizer,787,0.05,0.545599,0.986257,1.0,0.983508,0.5,0.5,0,0.754007
stability_maximizer,788,0.05,0.537943,0.99259,1.0,0.991108,0.5,0.5,0,0.754832
stability_maximizer,789,0.05,0.52619,0.992113,1.0,0.990536,0.5,0.5,0,0.752304
stability_maximizer,790,0.05,0.523509,0.983881,1.0,0.980658,0.5,0.5,0,0.748706
stability_maximizer,791,0.05,0.510543,0.98645,0.999661,0.983807,0.5,0.5,0,0.747024
stability_maximizer,792,0.05,0.50761,0.982027,0.995046,0.979423,0.5,0.5,0,0.744202
stability_maximizer,793,0.05,0.507961,0.983427,0.994042,0.981304,0.5,0.5,0,0.744664
stability_maximizer,794,0.05,0.50535,0.998946,0.989588,0.987716,0.5,0.5,0,0.747249
stability_maximizer,795,0.05,0.531901,1.0,0.981605,0.977926,0.5,0.5,0,0.749905
stability_maximizer,796,0.05,0.52482,1.0,0.980863,0.977036,0.5,0.5,0,0.748228
stability_maximizer,797,0.05,0.537894,1.0,0.987247,0.984696,0.5,0.5,0,0.75309
stability_maximizer,798,0.05,0.534538,1.0,0.994865,0.993838,0.5,0.5,0,0.7551
stability_maximizer,799,0.05,0.549151,1.0,0.996284,0.99554,0.5,0.5,0,0.758522
stability_maximizer,800,0.05,0.550449,0.992493,0.995849,0.991821,0.5,0.5,0,0.756766
stability_maximizer,801,0.05,0.54732,0.994733,0.996095,0.99446,0.5,0.5,0,0.757005
stability_maximizer,802,0.05,0.552825,0.995886,0.988003,0.986427,0.5,0.5,0,0.755733
stability_maximizer,803,0.05,0.55189,0.995518,0.98629,0.984444,0.5,0.5,0,0.754889
stability_maximizer,804,0.05,0.564443,1.0,0.989347,0.987216,0.5,0.5,0,0.759139
stability_maximizer,805,0.05,0.569596,1.0,0.988509,0.986211,0.5,0.5,0,0.759874
stability_maximizer,806,0.05,0.566266,1.0,0.990062,0.988075,0.5,0.5,0,0.759755
stability_maximizer,807,0.05,0.561513,1.0,0.984908,0.981889,0.5,0.5,0,0.75699
stability_maximizer,808,0.05,0.557482,0.993568,0.991432,0.991004,0.5,0.5,0,0.757528
stability_maximizer,809,0.05,0.552091,1.0,0.988252,0.985903,0.5,0.5,0,0.756283
stability_maximizer,810,0.05,0.544194,1.0,0.993668,0.992401,0.5,0.5,0,0.75661
stability_maximizer,811,0.05,0.548695,1.0,0.990702,0.988842,0.5,0.5,0,0.756466
stability_maximizer,812,0.05,0.559214,1.0,0.986807,0.984168,0.5,0.5,0,0.757199
stability_maximizer,813,0.05,0.557013,0.993231,0.988249,0.987252,0.5,0.5,0,0.756264
stability_maximizer,814,0.05,0.549593,0.984549,0.979201,0.978131,0.5,0.5,0,0.75031
stability_maximizer,815,0.05,0.549112,0.979737,0.983698,0.978945,0.5,0.5,0,0.750198
stability_maximizer,816,0.05,0.553927,0.979217,0.97944,0.979173,0.5,0.5,0,0.750423
stability_maximizer,817,0.05,0.544026,0.983046,0.974403,0.972674,0.5,0.5,0,0.747286
stability_maximizer,818,0.05,0.541518,0.989905,0.968397,0.964095,0.5,0.5,0,0.745685
stability_maximizer,819,0.05,0.544765,0.997215,0.979297,0.975714,0.5,0.5,0,0.751254
stability_maximizer,820,0.05,0.559667,0.995557,0.98648,0.984664,0.5,0.5,0,0.756517
stability_maximizer,821,0.05,0.563229,0.981633,0.980136,0.979836,0.5,0.5,0,0.752935
stability_maximizer,822,0.05,0.552929,0.984718,0.986141,0.984434,0.5,0.5,0,0.753127
stability_maximizer,823,0.05,0.545378,0.982309,0.980741,0.980427,0.5,0.5,0,0.749678
stability_maximizer,824,0.05,0.546395,0.980977,0.991336,0.978905,0.5,0.5,0,0.751093
stability_maximizer,825,0.05,0.557726,0.975272,0.992019,0.971922,0.5,0.5,0,0.751325
stability_maximizer,826,0.05,0.566977,0.973455,0.995577,0.96903,0.5,0.5,0,0.752954
stability_maximizer,827,0.05,0.562857,0.977907,1.0,0.973489,0.5,0.5,0,0.754353
stability_maximizer,828,0.05,0.567588,0.98257,0.991234,0.980837,0.5,0.5,0,0.755912
stability_maximizer,829,0.05,0.559654,0.979527,1.0,0.975433,0.5,0.5,0,0.754315
stability_maximizer,830,0.05,0.553933,0.987026,0.994314,0.985569,0.5,0.5,0,0.755232
stability_maximizer,831,0.05,0.564125,0.987652,0.985106,0.984597,0.5,0.5,0,0.755755
stability_maximizer,832,0.05,0.561153,0.997244,0.981894,0.978824,0.5,0.5,0,0.755449
stability_maximizer,833,0.05,0.575559,0.992216,0.981251,0.979057,0.5,0.5,0,0.75736
stability_maximizer,834,0.05,0.5689,0.99406,0.980435,0.97771,0.5,0.5,0,0.756014
stability_maximizer,835,0.05,0.569492,0.994657,0.981976,0.97944,0.5,0.5,0,0.756763
stability_maximizer,836,0.05,0.56525,0.994098,0.982221,0.979846,0.5,0.5,0,0.755918
stability_maximizer,837,0.05,0.568042,0.983377,0.978345,0.977339,0.5,0.5,0,0.753526
stability_maximizer,838,0.05,0.561393,0.993626,0.979076,0.976165,0.5,0.5,0,0.75397
stability_maximizer,839,0.05,0.557727,0.993713,0.97238,0.968114,0.5,0.5,0,0.750893
stability_maximizer,840,0.05,0.550431,0.992228,0.957808,0.950924,0.5,0.5,0,0.744084
stability_maximizer,841,0.05,0.562342,0.997432,0.966925,0.960823,0.5,0.5,0,0.750446
stability_maximizer,842,0.05,0.567926,0.994788,0.961644,0.955015,0.5,0.5,0,0.749313
stability_maximizer,843,0.05,0.568643,1.0,0.960546,0.952656,0.5,0.5,0,0.749841
stability_maximizer,844,0.05,0.567589,1.0,0.971851,0.966221,0.5,0.5,0,0.753609
stability_maximizer,845,0.05,0.563909,0.993802,0.965274,0.959568,0.5,0.5,0,0.749641
stability_maximizer,846,0.05,0.562536,0.994293,0.969601,0.964662,0.5,0.5,0,0.750962
stability_maximizer,847,0.05,0.57303,0.992361,0.973662,0.969922,0.5,0.5,0,0.754204
stability_maximizer,848,0.05,0.584196,0.99195,0.96167,0.955615,0.5,0.5,0,0.752156
stability_maximizer,849,0.05,0.586002,0.985973,0.963648,0.959183,0.5,0.5,0,0.752328
stability_maximizer,850,0.05,0.57546,0.990402,0.961301,0.955481,0.5,0.5,0,0.75005
stability_maximizer,851,0.05,0.571959,0.998089,0.962159,0.954973,0.5,0.5,0,0.750789
stability_maximizer,852,0.05,0.568634,1.0,0.971333,0.9656,0.5,0.5,0,0.753636
stability_maximizer,853,0.05,0.574329,1.0,0.963869,0.956642,0.5,0.5,0,0.752148
stability_maximizer,854,0.05,0.572889,0.995645,0.958511,0.951085,0.5,0.5,0,0.749329
stability_maximizer,855,0.05,0.562317,0.99423,0.959277,0.952287,0.5,0.5,0,0.747275
stability_maximizer,856,0.05,0.563148,0.991791,0.966981,0.962019,0.5,0.5,0,0.749792
stability_maximizer,857,0.05,0.568919,0.993244,0.95951,0.952763,0.5,0.5,0,0.748531
stability_maximizer,858,0.05,0.559234,0.992788,0.956193,0.948874,0.5,0.5,0,0.745359
stability_maximizer,859,0.05,0.548695,0.993082,0.960876,0.954435,0.5,0.5,0,0.744943
stability_maximizer,860,0.05,0.542782,0.993386,0.963096,0.957038,0.5,0.5,0,0.744587
stability_maximizer,861,0.05,0.531131,0.988108,0.980974,0.979548,0.5,0.5,0,0.747769
stability_maximizer,862,0.05,0.516203,0.984951,0.964903,0.960894,0.5,0.5,0,0.738659
stability_maximizer,863,0.05,0.522881,0.97991,0.963079,0.959713,0.5,0.5,0,0.738607
stability_maximizer,864,0.05,0.50908,0.972553,0.962763,0.960805,0.5,0.5,0,0.734646
stability_maximizer,865,0.05,0.506929,0.965753,0.96511,0.964981,0.5,0.5,0,0.734036
stability_maximizer,866,0.05,0.511522,0.967931,0.967345,0.967227,0.5,0.5,0,0.736064
stability_maximizer,867,0.05,0.515663,0.96686,0.967276,0.966777,0.5,0.5,0,0.736616
stability_maximizer,868,0.05,0.510107,0.975912,0.976875,0.975719,0.5,0.5,0,0.740101
stability_maximizer,869,0.05,0.502462,0.963481,0.984007,0.959375,0.5,0.5,0,0.73486
stability_maximizer,870,0.05,0.496701,0.971563,0.979294,0.970017,0.5,0.5,0,0.736111
stability_maximizer,871,0.05,0.5011,0.965692,0.979227,0.962984,0.5,0.5,0,0.734798
stability_maximizer,872,0.05,0.502989,0.974154,0.986621,0.971661,0.5,0.5,0,0.73927
stability_maximizer,873,0.05,0.484495,0.968256,0.991582,0.963591,0.5,0.5,0,0.734013
stability_maximizer,874,0.05,0.482081,0.971191,1.0,0.96543,0.5,0.5,0,0.7357
stability_maximizer,875,0.05,0.477134,0.971698,1.0,0.966037,0.5,0.5,0,0.734898
stability_maximizer,876,0.05,0.485728,0.96771,1.0,0.961252,0.5,0.5,0,0.735134
stability_maximizer,877,0.05,0.482726,0.973668,1.0,0.968402,0.5,0.5,0,0.73675
stability_maximizer,878,0.05,0.484479,0.976677,0.996206,0.972771,0.5,0.5,0,0.737734
stability_maximizer,879,0.05,0.494474,0.981155,0.990176,0.979351,0.5,0.5,0,0.740627
stability_maximizer,880,0.05,0.475684,0.978248,0.996222,0.974653,0.5,0.5,0,0.736562
stability_maximizer,881,0.05,0.476827,0.96077,0.993976,0.954129,0.5,0.5,0,0.730001
stability_maximizer,882,0.05,0.480749,0.967662,0.992886,0.962617,0.5,0.5,0,0.73321
stability_maximizer,883,0.05,0.470292,0.967357,0.98552,0.963724,0.5,0.5,0,0.730062
stability_maximizer,884,0.05,0.461811,0.977339,0.984309,0.975945,0.5,0.5,0,0.731924
stability_maximizer,885,0.05,0.457903,0.967242,0.990373,0.962615,0.5,0.5,0,0.728162
stability_maximizer,886,0.05,0.453665,0.967847,0.99203,0.963011,0.5,0.5,0,0.727752
stability_maximizer,887,0.05,0.439161,0.963957,0.987765,0.959196,0.5,0.5,0,0.722858
stability_maximizer,888,0.05,0.447121,0.957703,0.989919,0.95126,0.5,0.5,0,0.722399
stability_maximizer,889,0.05,0.455005,0.95811,0.994953,0.950741,0.5,0.5,0,0.724772
stability_maximizer,890,0.05,0.45868,0.950286,0.979268,0.944489,0.5,0.5,0,0.720589
stability_maximizer,891,0.05,0.46233,0.954556,0.976709,0.950125,0.5,0.5,0,0.722579
stability_maximizer,892,0.05,0.458851,0.958376,0.980941,0.953863,0.5,0.5,0,0.723846
stability_maximizer,893,0.05,0.456514,0.955643,0.972495,0.952273,0.5,0.5,0,0.721281
stability_maximizer,894,0.05,0.460086,0.959626,0.991979,0.953155,0.5,0.5,0,0.725971
stability_maximizer,895,0.05,0.449867,0.959601,0.986359,0.954249,0.5,0.5,0,0.723199
stability_maximizer,896,0.05,0.446846,0.95723,0.978388,0.952999,0.5,0.5,0,0.720693
stability_maximizer,897,0.05,0.449437,0.957096,0.98355,0.951806,0.5,0.5,0,0.721822
stability_maximizer,898,0.05,0.451843,0.962429,0.984822,0.95795,0.5,0.5,0,0.724449
stability_maximizer,899,0.05,0.458068,0.964476,0.983932,0.960585,0.5,0.5,0,0.726342
stability_maximizer,900,0.05,0.454444,0.967836,0.986874,0.964029,0.5,0.5,0,0.727244
stability_maximizer,901,0.05,0.448182,0.96663,0.984295,0.963097,0.5,0.5,0,0.725212
stability_maximizer,902,0.05,0.44317,0.969178,0.992338,0.964547,0.5,0.5,0,0.726188
stability_maximizer,903,0.05,0.422573,0.973905,0.989207,0.970844,0.5,0.5,0,0.723426
stability_maximizer,904,0.05,0.42266,0.973492,0.988901,0.97041,0.5,0.5,0,0.723251
stability_maximizer,905,0.05,0.433616,0.97413,0.995731,0.969809,0.5,0.5,0,0.726553
stability_maximizer,906,0.05,0.439152,0.964147,1.0,0.956977,0.5,0.5,0,0.724493
stability_maximizer,907,0.05,0.445078,0.959334,0.99289,0.952623,0.5,0.5,0,0.722978
stability_maximizer,908,0.05,0.437622,0.96737,0.993803,0.962083,0.5,0.5,0,0.724593
stability_maximizer,909,0.05,0.437463,0.960493,0.993897,0.953812,0.5,0.5,0,0.722015
stability_maximizer,910,0.05,0.4345,0.967171,0.995596,0.961486,0.5,0.5,0,0.724124
stability_maximizer,911,0.05,0.441512,0.968064,0.992468,0.963183,0.5,0.5,0,0.725458
stability_maximizer,912,0.05,0.440374,0.96198,1.0,0.954376,0.5,0.5,0,0.723931
stability_maximizer,913,0.05,0.439923,0.960633,1.0,0.952759,0.5,0.5,0,0.72334
stability_maximizer,914,0.05,0.427763,0.957683,1.0,0.949219,0.5,0.5,0,0.719811
stability_maximizer,915,0.05,0.425923,0.967128,1.0,0.960554,0.5,0.5,0,0.722956
stability_maximizer,916,0.05,0.424796,0.970041,0.995009,0.965048,0.5,0.5,0,0.723176
stability_maximizer,917,0.05,0.427464,0.960773,0.994015,0.954125,0.5,0.5,0,0.720134
stability_maximizer,918,0.05,0.435888,0.950824,0.991897,0.94261,0.5,0.5,0,0.717847
stability_maximizer,919,0.05,0.443769,0.951964,1.0,0.942357,0.5,0.5,0,0.720885
stability_maximizer,920,0.05,0.440687,0.954771,0.997876,0.94615,0.5,0.5,0,0.72104
stability_maximizer,921,0.05,0.43023,0.951118,1.0,0.941342,0.5,0.5,0,0.717862
stability_maximizer,922,0.05,0.412814,0.960758,0.999159,0.953078,0.5,0.5,0,0.717857
stability_maximizer,923,0.05,0.389,0.9527,0.999065,0.943427,0.5,0.5,0,0.710085
stability_maximizer,924,0.05,0.394266,0.950751,0.992443,0.942413,0.5,0.5,0,0.709565
stability_maximizer,925,0.05,0.394734,0.95354,0.987924,0.946663,0.5,0.5,0,0.710118
stability_maximizer,926,0.05,0.389963,0.949645,0.985014,0.942572,0.5,0.5,0,0.707342
stability_maximizer,927,0.05,0.389101,0.946913,0.990997,0.938097,0.5,0.5,0,0.70692
stability_maximizer,928,0.05,0.390978,0.955829,0.99747,0.947501,0.5,0.5,0,0.71144
stability_maximizer,929,0.05,0.391391,0.949393,0.996313,0.940009,0.5,0.5,0,0.708981
stability_maximizer,930,0.05,0.388368,0.946336,0.994695,0.936664,0.5,0.5,0,0.707032
stability_maximizer,931,0.05,0.387612,0.936679,0.99037,0.925941,0.5,0.5,0,0.702734
stability_maximizer,932,0.05,0.389765,0.941504,0.992183,0.931368,0.5,0.5,0,0.705192
stability_maximizer,933,0.05,0.39194,0.94035,0.985577,0.931305,0.5,0.5,0,0.704352
stability_maximizer,934,0.05,0.398684,0.947744,0.982338,0.940825,0.5,0.5,0,0.708037
stability_maximizer,935,0.05,0.394935,0.953154,0.979776,0.947829,0.5,0.5,0,0.708972
stability_maximizer,936,0.05,0.375766,0.952677,0.980899,0.947033,0.5,0.5,0,0.705104
stability_maximizer,937,0.05,0.390015,0.947051,0.978062,0.940849,0.5,0.5,0,0.705498
stability_maximizer,938,0.05,0.385705,0.954749,0.987555,0.948188,0.5,0.5,0,0.708715
stability_maximizer,939,0.05,0.380121,0.949096,0.995747,0.939765,0.5,0.5,0,0.706544
stability_maximizer,940,0.05,0.379473,0.94217,0.988029,0.932998,0.5,0.5,0,0.70285
stability_maximizer,941,0.05,0.384068,0.931421,0.986442,0.920417,0.5,0.5,0,0.699567
stability_maximizer,942,0.05,0.382528,0.942314,0.990723,0.932632,0.5,0.5,0,0.703859
stability_maximizer,943,0.05,0.380387,0.943185,0.985272,0.934768,0.5,0.5,0,0.703057
stability_maximizer,944,0.05,0.392641,0.938941,0.992162,0.928296,0.5,0.5,0,0.704811
stability_maximizer,945,0.05,0.392636,0.944052,0.988794,0.935103,0.5,0.5,0,0.70628
stability_maximizer,946,0.05,0.376464,0.948285,0.974303,0.943081,0.5,0.5,0,0.702765
stability_maximizer,947,0.05,0.383498,0.953492,0.967244,0.950742,0.5,0.5,0,0.705206
stability_maximizer,948,0.05,0.378189,0.955935,0.955986,0.955925,0.5,0.5,0,0.703612
stability_maximizer,949,0.05,0.38088,0.955493,0.960393,0.954513,0.5,0.5,0,0.70455
stability_maximizer,950,0.05,0.376747,0.945144,0.962322,0.941708,0.5,0.5,0,0.70012
stability_maximizer,951,0.05,0.37232,0.949582,0.9719,0.945119,0.5,0.5,0,0.702112
stability_maximizer,952,0.05,0.376953,0.942352,0.974174,0.935988,0.5,0.5,0,0.70064
stability_maximizer,953,0.05,0.386987,0.940752,0.97346,0.934211,0.5,0.5,0,0.70196
stability_maximizer,954,0.05,0.38645,0.935788,0.989526,0.92504,0.5,0.5,0,0.702062
stability_maximizer,955,0.05,0.386133,0.939698,0.99143,0.929352,0.5,0.5,0,0.703697
stability_maximizer,956,0.05,0.384855,0.940007,0.984979,0.931013,0.5,0.5,0,0.702731
stability_maximizer,957,0.05,0.383295,0.945298,0.983399,0.937678,0.5,0.5,0,0.704185
stability_maximizer,958,0.05,0.379851,0.937558,0.982909,0.928488,0.5,0.5,0,0.700554
stability_maximizer,959,0.05,0.389423,0.932158,0.979933,0.922603,0.5,0.5,0,0.700079
stability_maximizer,960,0.05,0.394608,0.928701,0.98916,0.916609,0.5,0.5,0,0.701011
stability_maximizer,961,0.05,0.399307,0.936554,0.988592,0.926146,0.5,0.5,0,0.704799
stability_maximizer,962,0.05,0.388593,0.94352,0.981354,0.935954,0.5,0.5,0,0.704322
stability_maximizer,963,0.05,0.389708,0.947393,0.984715,0.939928,0.5,0.5,0,0.706415
stability_maximizer,964,0.05,0.382104,0.953182,0.981374,0.947543,0.5,0.5,0,0.70662
stability_maximizer,965,0.05,0.387494,0.948298,0.984708,0.941017,0.5,0.5,0,0.706308
stability_maximizer,966,0.05,0.387828,0.955747,0.986066,0.949683,0.5,0.5,0,0.70932
stability_maximizer,967,0.05,0.379531,0.956958,0.990503,0.95025,0.5,0.5,0,0.708679
stability_maximizer,968,0.05,0.388949,0.955593,1.0,0.946712,0.5,0.5,0,0.71127
stability_maximizer,969,0.05,0.391406,0.960174,1.0,0.952209,0.5,0.5,0,0.713466
stability_maximizer,970,0.05,0.38111,0.968848,1.0,0.962617,0.5,0.5,0,0.714633
stability_maximizer,971,0.05,0.381398,0.955419,0.998857,0.946732,0.5,0.5,0,0.709549
stability_maximizer,972,0.05,0.388943,0.96266,1.0,0.955192,0.5,0.5,0,0.713898
stability_maximizer,973,0.05,0.377164,0.967268,1.0,0.960722,0.5,0.5,0,0.713257
stability_maximizer,974,0.05,0.39431,0.958046,0.997669,0.950121,0.5,0.5,0,0.712957
stability_maximizer,975,0.05,0.39589,0.959322,0.996331,0.95192,0.5,0.5,0,0.713576
stability_maximizer,976,0.05,0.387279,0.954234,0.99029,0.947023,0.5,0.5,0,0.709188
stability_maximizer,977,0.05,0.37765,0.955247,0.989574,0.948382,0.5,0.5,0,0.707547
stability_maximizer,978,0.05,0.38484,0.956166,0.996247,0.948149,0.5,0.5,0,0.710181
stability_maximizer,979,0.05,0.384847,0.954038,0.996312,0.945584,0.5,0.5,0,0.709399
stability_maximizer,980,0.05,0.381756,0.958459,0.99154,0.951842,0.5,0.5,0,0.709815
stability_maximizer,981,0.05,0.377317,0.964753,0.992147,0.959274,0.5,0.5,0,0.711346
stability_maximizer,982,0.05,0.368284,0.9569,0.988674,0.950545,0.5,0.5,0,0.706174
stability_maximizer,983,0.05,0.357422,0.961858,0.988972,0.956435,0.5,0.5,0,0.705884
stability_maximizer,984,0.05,0.354527,0.959361,0.999188,0.951396,0.5,0.5,0,0.705684
stability_maximizer,985,0.05,0.344149,0.965296,0.997917,0.958772,0.5,0.5,0,0.705653
stability_maximizer,986,0.05,0.34014,0.971361,1.0,0.965633,0.5,0.5,0,0.707374
stability_maximizer,987,0.05,0.334396,0.976625,1.0,0.97195,0.5,0.5,0,0.708184
stability_maximizer,988,0.05,0.325569,0.962073,1.0,0.954487,0.5,0.5,0,0.701005
stability_maximizer,989,0.05,0.324472,0.953005,0.993411,0.944924,0.5,0.5,0,0.696569
stability_maximizer,990,0.05,0.319293,0.955051,0.9971,0.946642,0.5,0.5,0,0.696767
stability_maximizer,991,0.05,0.319333,0.963025,0.992203,0.957189,0.5,0.5,0,0.699114
stability_maximizer,992,0.05,0.316715,0.954492,0.992513,0.946888,0.5,0.5,0,0.695456
stability_maximizer,993,0.05,0.30128,0.966206,0.989501,0.961546,0.5,0.5,0,0.696341
stability_maximizer,994,0.05,0.308666,0.962797,0.996341,0.956088,0.5,0.5,0,0.697425
stability_maximizer,995,0.05,0.304539,0.965926,1.0,0.959112,0.5,0.5,0,0.698232
stability_maximizer,996,0.05,0.304021,0.970069,1.0,0.964083,0.5,0.5,0,0.69967
stability_maximizer,997,0.05,0.303079,0.96225,1.0,0.9547,0.5,0.5,0,0.696573
stability_maximizer,998,0.05,0.29997,0.970993,0.991433,0.966905,0.5,0.5,0,0.698107
stability_maximizer,999,0.05,0.299992,0.973725,0.989307,0.970608,0.5,0.5,0,0.698855
antifragile_explorer,0,0.9,0.352483,1.0,1.0,1.0,0.5,0.5,0,0.720497
antifragile_explorer,1,0.9,0.338543,0.99075,1.0,0.9889,0.5,0.5,0,0.714268
antifragile_explorer,2,0.9,0.353559,0.985301,0.998905,0.98258,0.5,0.5,0,0.715104
antifragile_explorer,3,0.9,0.350598,0.995101,0.999378,0.994246,0.5,0.5,0,0.718218
antifragile_explorer,4,0.9,0.352057,0.999136,1.0,0.998963,0.5,0.5,0,0.72009
antifragile_explorer,5,0.9,0.369494,0.995481,1.0,0.994577,0.5,0.5,0,0.722218
antifragile_explorer,6,0.9,0.364546,0.996839,1.0,0.996207,0.5,0.5,0,0.721733
antifragile_explorer,7,0.9,0.37101,0.99777,0.999564,0.997411,0.5,0.5,0,0.723317
antifragile_explorer,8,0.9,0.37389,0.995602,1.0,0.994722,0.5,0.5,0,0.723142
antifragile_explorer,9,0.9,0.398744,0.987219,0.996492,0.985365,0.5,0.5,0,0.724545
antifragile_explorer,10,0.9,0.418668,0.979513,0.999106,0.975595,0.5,0.5,0,0.725998
antifragile_explorer,11,0.9,0.424937,0.987276,1.0,0.984731,0.5,0.5,0,0.730254
antifragile_explorer,12,0.9,0.430089,0.976305,1.0,0.971566,0.5,0.5,0,0.727203
antifragile_explorer,13,0.9,0.432198,0.966591,1.0,0.959909,0.5,0.5,0,0.724011
antifragile_explorer,14,0.9,0.436984,0.959793,0.994902,0.952771,0.5,0.5,0,0.721787
antifragile_explorer,15,0.9,0.445288,0.967364,1.0,0.960836,0.5,0.5,0,0.726917
antifragile_explorer,16,0.9,0.460879,0.959119,1.0,0.950943,0.5,0.5,0,0.726968
antifragile_explorer,17,0.9,0.457037,0.963492,1.0,0.956191,0.5,0.5,0,0.727827
antifragile_explorer,18,0.9,0.462356,0.964898,1.0,0.957877,0.5,0.5,0,0.729413
antifragile_explorer,19,0.9,0.470287,0.966711,1.0,0.960053,0.5,0.5,0,0.731674
antifragile_explorer,20,0.9,0.472837,0.958967,1.0,0.950761,0.5,0.5,0,0.729303
antifragile_explorer,21,0.9,0.472644,0.96042,1.0,0.952504,0.5,0.5,0,0.729805
antifragile_explorer,22,0.9,0.472067,0.963272,0.982618,0.959403,0.5,0.5,0,0.728526
antifragile_explorer,23,0.9,0.484474,0.969907,0.985156,0.966858,0.5,0.5,0,0.7338
antifragile_explorer,24,0.9,0.489795,0.973745,0.983511,0.971792,0.5,0.5,0,0.736082
antifragile_explorer,25,0.9,0.488336,0.981767,0.992918,0.979537,0.5,0.5,0,0.739978
antifragile_explorer,26,0.9,0.488671,0.976351,1.0,0.971621,0.5,0.5,0,0.738937
antifragile_explorer,27,0.9,0.4949,0.972946,1.0,0.967536,0.5,0.5,0,0.738916
antifragile_explorer,28,0.9,0.503572,0.981674,1.0,0.978009,0.5,0.5,0,0.743897
antifragile_explorer,29,0.9,0.496116,0.983166,1.0,0.979799,0.5,0.5,0,0.742961
antifragile_explorer,30,0.9,0.499242,0.99193,1.0,0.990316,0.5,0.5,0,0.746846
antifragile_explorer,31,0.9,0.49698,0.986127,1.0,0.983352,0.5,0.5,0,0.744235
antifragile_explorer,32,0.9,0.499005,0.985966,1.0,0.98316,0.5,0.5,0,0.744581
antifragile_explorer,33,0.9,0.506262,0.983787,1.0,0.980545,0.5,0.5,0,0.745221
antifragile_explorer,34,0.9,0.51813,0.988143,1.0,0.985771,0.5,0.5,0,0.749215
antifragile_explorer,35,0.9,0.511347,0.984517,0.998718,0.981677,0.5,0.5,0,0.746346
antifragile_explorer,36,0.9,0.514818,0.995445,1.0,0.994534,0.5,0.5,0,0.751269
antifragile_explorer,37,0.9,0.508752,1.0,0.999706,0.999647,0.5,0.5,0,0.751647
antifragile_explorer,38,0.9,0.518052,1.0,0.985155,0.982186,0.5,0.5,0,0.748385
antifragile_explorer,39,0.9,0.520768,1.0,0.98231,0.978772,0.5,0.5,0,0.747927
antifragile_explorer,40,0.9,0.530185,0.99719,0.98586,0.983594,0.5,0.5,0,0.750644
antifragile_explorer,41,0.9,0.522967,1.0,0.987612,0.985135,0.5,0.5,0,0.750233
antifragile_explorer,42,0.9,0.522306,0.995229,0.995985,0.995078,0.5,0.5,0,0.752173
antifragile_explorer,43,0.9,0.535918,1.0,1.0,1.0,0.5,0.5,0,0.757184
antifragile_explorer,44,0.9,0.532986,0.99874,0.99223,0.990928,0.5,0.5,0,0.753675
antifragile_explorer,45,0.9,0.541743,1.0,0.986063,0.983275,0.5,0.5,0,0.753443
antifragile_explorer,46,0.9,0.548978,1.0,0.989712,0.987654,0.5,0.5,0,0.756174
antifragile_explorer,47,0.9,0.556394,1.0,0.982162,0.978594,0.5,0.5,0,0.755
antifragile_explorer,48,0.9,0.559683,0.998538,0.985125,0.982442,0.5,0.5,0,0.756484
antifragile_explorer,49,0.9,0.566421,0.9975,0.98096,0.977652,0.5,0.5,0,0.756212
antifragile_explorer,50,0.9,0.572818,0.991431,0.980118,0.977856,0.5,0.5,0,0.756297
antifragile_explorer,51,0.9,0.576701,0.990384,0.977005,0.97433,0.5,0.5,0,0.755823
antifragile_explorer,52,0.9,0.571052,0.994784,0.990512,0.989658,0.5,0.5,0,0.760099
antifragile_explorer,53,0.9,0.5744,0.988068,0.982499,0.981385,0.5,0.5,0,0.756954
antifragile_explorer,54,0.9,0.572504,0.983951,0.980835,0.980212,0.5,0.5,0,0.755379
antifragile_explorer,55,0.9,0.579986,0.976794,0.977064,0.97674,0.5,0.5,0,0.754428
antifragile_explorer,56,0.9,0.582022,0.988202,0.978842,0.976971,0.5,0.5,0,0.757211
antifragile_explorer,57,0.9,0.588967,0.991674,0.978447,0.975802,0.5,0.5,0,0.758975
antifragile_explorer,58,0.9,0.606632,0.985395,0.982774,0.98225,0.5,0.5,0,0.763101
antifragile_explorer,59,0.9,0.615038,0.995881,0.986433,0.984543,0.5,0.5,0,0.767622
antifragile_explorer,60,0.9,0.627486,0.992164,0.987642,0.986738,0.5,0.5,0,0.769988
antifragile_explorer,61,0.9,0.62282,0.992604,0.990058,0.989549,0.5,0.5,0,0.76997
antifragile_explorer,62,0.9,0.630398,0.987811,0.997904,0.985793,0.5,0.5,0,0.771277
antifragile_explorer,63,0.9,0.625009,0.988471,0.992441,0.987677,0.5,0.5,0,0.769746
antifragile_explorer,64,0.9,0.628613,0.987755,0.996119,0.986082,0.5,0.5,0,0.770671
antifragile_explorer,65,0.9,0.6219,0.990411,0.989586,0.989422,0.5,0.5,0,0.769295
antifragile_explorer,66,0.9,0.632194,0.993722,0.982238,0.979942,0.5,0.5,0,0.769258
antifragile_explorer,67,0.9,0.628564,1.0,0.987973,0.985567,0.5,0.5,0,0.771479
antifragile_explorer,68,0.9,0.636774,0.991863,0.984139,0.982594,0.5,0.5,0,0.770567
antifragile_explorer,69,0.9,0.643992,0.991415,0.985894,0.984789,0.5,0.5,0,0.772562
antifragile_explorer,70,0.9,0.646283,0.989782,0.983573,0.982331,0.5,0.5,0,0.771962
antifragile_explorer,71,0.9,0.65317,0.991144,0.976777,0.973904,0.5,0.5,0,0.771149
antifragile_explorer,72,0.9,0.659961,1.0,0.978082,0.973698,0.5,0.5,0,0.774277
antifragile_explorer,73,0.9,0.665355,0.993179,0.986304,0.984929,0.5,0.5,0,0.777241
antifragile_explorer,74,0.9,0.6636,0.992293,0.983372,0.981588,0.5,0.5,0,0.775726
antifragile_explorer,75,0.9,0.665582,0.993355,0.987093,0.985841,0.5,0.5,0,0.77759
antifragile_explorer,76,0.9,0.670731,0.995113,0.977986,0.97456,0.5,0.5,0,0.775674
antifragile_explorer,77,0.9,0.673965,0.995975,0.978569,0.975088,0.5,0.5,0,0.776654
antifragile_explorer,78,0.9,0.688264,0.988965,0.976877,0.974459,0.5,0.5,0,0.77788
antifragile_explorer,79,0.9,0.695712,0.991907,0.993786,0.991531,0.5,0.5,0,0.785336
antifragile_explorer,80,0.9,0.870359,0.898173,0.886703,0.884409,0.59,0.572,1,0.793421
antifragile_explorer,81,0.9,0.879655,0.902325,0.891026,0.888766,0.59,0.572,1,0.797416
antifragile_explorer,82,0.9,0.880264,0.902887,0.897204,0.896067,0.59,0.572,1,0.799796
antifragile_explorer,83,0.9,0.875814,0.909092,0.895026,0.892213,0.59,0.572,1,0.799058
antifragile_explorer,84,0.9,0.877879,0.920014,0.894281,0.889135,0.59,0.572,1,0.800825
antifragile_explorer,85,0.9,0.886331,0.916114,0.89562,0.891522,0.59,0.572,1,0.80241
antifragile_explorer,86,0.9,0.885821,0.914885,0.904046,0.901878,0.59,0.572,1,0.805091
antifragile_explorer,87,0.9,0.893952,0.918203,0.897276,0.893091,0.59,0.572,1,0.804826
antifragile_explorer,88,0.9,0.886244,0.923345,0.895959,0.890481,0.59,0.572,1,0.803581
antifragile_explorer,89,0.9,0.87949,0.925367,0.903268,0.898849,0.59,0.572,1,0.805103
antifragile_explorer,90,0.9,0.878232,0.929349,0.907771,0.903456,0.59,0.572,1,0.807026
antifragile_explorer,91,0.9,0.897956,0.933707,0.913502,0.909461,0.59,0.572,1,0.813633
antifragile_explorer,92,0.9,0.886713,0.938869,0.911564,0.906103,0.59,0.572,1,0.811466
antifragile_explorer,93,0.9,0.888423,0.938583,0.914478,0.909657,0.59,0.572,1,0.812791
antifragile_explorer,94,0.9,0.898938,0.932485,0.929388,0.928769,0.59,0.572,1,0.81924
antifragile_explorer,95,0.9,0.915599,0.941272,0.930067,0.927826,0.59,0.572,1,0.824112
antifragile_explorer,96,0.9,0.91843,0.932938,0.940261,0.931473,0.59,0.572,1,0.825392
antifragile_explorer,97,0.9,0.921779,0.926713,0.937748,0.924506,0.59,0.572,1,0.823425
antifragile_explorer,98,0.9,0.93294,0.918325,0.940515,0.913887,0.59,0.572,1,0.822891
antifragile_explorer,99,0.9,0.925126,0.921127,0.939511,0.91745,0.59,0.572,1,0.822242
antifragile_explorer,100,0.9,0.918585,0.917908,0.926202,0.916249,0.59,0.572,1,0.818033
antifragile_explorer,101,0.9,0.936571,0.931789,0.927998,0.927239,0.59,0.572,1,0.826174
antifragile_explorer,102,0.9,0.937783,0.938176,0.926121,0.92371,0.59,0.572,1,0.826701
antifragile_explorer,103,0.9,0.941281,0.935802,0.924205,0.921886,0.59,0.572,1,0.826375
antifragile_explorer,104,0.9,0.937066,0.939591,0.922649,0.91926,0.59,0.572,1,0.825545
antifragile_explorer,105,0.9,0.951738,0.939597,0.929467,0.927441,0.59,0.572,1,0.83088
antifragile_explorer,106,0.9,0.951575,0.940777,0.942192,0.940495,0.59,0.572,1,0.835185
antifragile_explorer,107,0.9,0.954405,0.950513,0.938453,0.936041,0.59,0.572,1,0.836192
antifragile_explorer,108,0.9,0.960659,0.952451,0.948882,0.948168,0.59,0.572,1,0.841401
antifragile_explorer,109,0.9,0.974881,0.95109,0.945297,0.944139,0.59,0.572,1,0.842782
antifragile_explorer,110,0.9,0.969208,0.954812,0.943901,0.941719,0.59,0.572,1,0.841707
antifragile_explorer,111,0.9,0.976798,0.948709,0.949467,0.948558,0.59,0.572,1,0.844111
antifragile_explorer,112,0.9,0.989671,0.947215,0.954107,0.945836,0.59,0.572,1,0.846724
antifragile_explorer,113,0.9,0.999222,0.948761,0.944898,0.944125,0.59,0.572,1,0.847165
antifragile_explorer,114,0.9,1.0,0.954359,0.949965,0.949086,0.59,0.572,1,0.849933
antifragile_explorer,115,0.9,0.996282,0.959058,0.948986,0.946972,0.59,0.572,1,0.84954
antifragile_explorer,116,0.9,0.998456,0.965886,0.952383,0.949682,0.59,0.572,1,0.852181
antifragile_explorer,117,0.9,0.999064,0.967854,0.96034,0.958837,0.59,0.572,1,0.855395
antifragile_explorer,118,0.9,1.0,0.968672,0.961754,0.96037,0.59,0.572,1,0.856201
antifragile_explorer,119,0.9,1.0,0.969675,0.963683,0.962485,0.59,0.572,1,0.857028
antifragile_explorer,120,0.9,1.0,0.972041,0.969397,0.968868,0.59,0.572,1,0.85939
antifragile_explorer,121,0.9,0.994726,0.978372,0.969378,0.96758,0.59,0.572,1,0.859265
antifragile_explorer,122,0.9,1.0,0.987515,0.971475,0.968267,0.59,0.572,1,0.862412
antifragile_explorer,123,0.9,1.0,0.9961,0.976323,0.972368,0.59,0.572,1,0.865388
antifragile_explorer,124,0.9,1.0,1.0,0.973664,0.968396,0.59,0.572,1,0.86503
antifragile_explorer,125,0.9,1.0,0.99833,0.976086,0.971637,0.59,0.572,1,0.865635
antifragile_explorer,126,0.9,0.999068,0.991662,0.978803,0.976231,0.59,0.572,1,0.865418
antifragile_explorer,127,0.9,1.0,0.983742,0.977646,0.976426,0.59,0.572,1,0.864025
antifragile_explorer,128,0.9,1.0,0.979285,0.971012,0.969357,0.59,0.572,1,0.86103
antifragile_explorer,129,0.9,1.0,0.982064,0.968426,0.965698,0.59,0.572,1,0.860531
antifragile_explorer,130,0.9,1.0,0.983596,0.959157,0.954269,0.59,0.572,1,0.857496
antifragile_explorer,131,0.9,1.0,0.976147,0.960022,0.956797,0.59,0.572,1,0.856697
antifragile_explorer,132,0.9,1.0,0.977714,0.967533,0.965497,0.59,0.572,1,0.859573
antifragile_explorer,133,0.9,1.0,0.977382,0.965978,0.963697,0.59,0.572,1,0.858977
antifragile_explorer,134,0.9,0.989063,0.979417,0.978873,0.978765,0.59,0.572,1,0.86163
antifragile_explorer,135,0.9,0.998157,0.977284,0.977762,0.977189,0.59,0.572,1,0.862635
antifragile_explorer,136,0.9,1.0,0.986594,0.982967,0.982242,0.59,0.572,1,0.86632
antifragile_explorer,137,0.9,1.0,0.982298,0.974565,0.973018,0.59,0.572,1,0.862727
antifragile_explorer,138,0.9,1.0,0.980843,0.966175,0.963242,0.59,0.572,1,0.859558
antifragile_explorer,139,0.9,1.0,0.974128,0.964522,0.962601,0.59,0.572,1,0.857983
antifragile_explorer,140,0.9,0.998667,0.980123,0.953701,0.948417,0.59,0.572,1,0.854794
antifragile_explorer,141,0.9,1.0,0.981033,0.956904,0.952078,0.59,0.572,1,0.856323
antifragile_explorer,142,0.9,0.996257,0.981308,0.954979,0.949713,0.59,0.572,1,0.854937
antifragile_explorer,143,0.9,0.997263,0.981303,0.970588,0.968444,0.59,0.572,1,0.860632
antifragile_explorer,144,0.9,1.0,0.985495,0.97547,0.973465,0.59,0.572,1,0.863519
antifragile_explorer,145,0.9,1.0,0.986341,0.972426,0.969643,0.59,0.572,1,0.862572
antifragile_explorer,146,0.9,1.0,0.993834,0.974713,0.970889,0.59,0.572,1,0.864486
antifragile_explorer,147,0.9,0.996647,0.992375,0.980825,0.978515,0.59,0.572,1,0.865751
antifragile_explorer,148,0.9,0.99408,0.989601,0.994235,0.988675,0.59,0.572,1,0.86851
antifragile_explorer,149,0.9,1.0,0.991017,0.995809,0.990059,0.59,0.572,1,0.870422
antifragile_explorer,150,0.9,1.0,0.999315,0.98967,0.987741,0.59,0.572,1,0.870562
antifragile_explorer,151,0.9,1.0,0.998549,0.986883,0.98455,0.59,0.572,1,0.869468
antifragile_explorer,152,0.9,1.0,0.995876,0.988377,0.986878,0.59,0.572,1,0.869598
antifragile_explorer,153,0.9,0.996436,0.99669,0.988761,0.987175,0.59,0.572,1,0.869141
antifragile_explorer,154,0.9,0.994308,0.990355,0.99168,0.99009,0.59,0.572,1,0.868509
antifragile_explorer,155,0.9,0.989816,0.97934,0.994334,0.976341,0.59,0.572,1,0.863852
antifragile_explorer,156,0.9,0.99367,0.989524,1.0,0.987429,0.59,0.572,1,0.869137
antifragile_explorer,157,0.9,0.999657,0.983766,0.992841,0.981951,0.59,0.572,1,0.867276
antifragile_explorer,158,0.9,1.0,0.987637,0.988671,0.98743,0.59,0.572,1,0.868251
antifragile_explorer,159,0.9,0.98565,0.983327,0.983918,0.983209,0.59,0.572,1,0.863169
antifragile_explorer,160,0.9,0.987628,0.982758,0.983139,0.982682,0.59,0.572,1,0.863253
antifragile_explorer,161,0.9,0.995549,0.983944,0.981717,0.981271,0.59,0.572,1,0.864598
antifragile_explorer,162,0.9,1.0,0.980877,0.981667,0.980719,0.59,0.572,1,0.86484
antifragile_explorer,163,0.9,0.994778,0.992027,0.97394,0.970323,0.59,0.572,1,0.862903
antifragile_explorer,164,0.9,0.990776,1.0,0.971358,0.96563,0.59,0.572,1,0.862373
antifragile_explorer,165,0.9,0.99141,1.0,0.969869,0.963842,0.59,0.572,1,0.861976
antifragile_explorer,166,0.9,0.966777,1.0,0.970482,0.964578,0.59,0.572,1,0.857265
antifragile_explorer,167,0.9,0.980849,0.998874,0.975875,0.971275,0.59,0.572,1,0.861811
antifragile_explorer,168,0.9,0.990588,0.995458,0.969172,0.963915,0.59,0.572,1,0.860894
antifragile_explorer,169,0.9,1.0,0.99662,0.978669,0.975079,0.59,0.572,1,0.866291
antifragile_explorer,170,0.9,1.0,0.992764,0.980379,0.977902,0.59,0.572,1,0.866323
antifragile_explorer,171,0.9,1.0,0.99439,0.976274,0.972651,0.59,0.572,1,0.865118
antifragile_explorer,172,0.9,1.0,0.990981,0.965661,0.960597,0.59,0.572,1,0.860878
antifragile_explorer,173,0.9,1.0,0.990346,0.969575,0.965421,0.59,0.572,1,0.862162
antifragile_explorer,174,0.9,1.0,0.989908,0.978905,0.976704,0.59,0.572,1,0.865381
antifragile_explorer,175,0.9,0.993715,0.982902,0.980094,0.979533,0.59,0.572,1,0.863506
antifragile_explorer,176,0.9,0.984816,0.987003,0.984536,0.984042,0.59,0.572,1,0.863896
antifragile_explorer,177,0.9,0.990765,0.98835,0.98841,0.988338,0.59,0.572,1,0.866636
antifragile_explorer,178,0.9,0.973519,0.987102,0.991712,0.98618,0.59,0.572,1,0.863145
antifragile_explorer,179,0.9,0.977409,0.991823,0.992337,0.99172,0.59,0.572,1,0.865759
antifragile_explorer,180,0.9,0.990025,0.991249,0.991277,0.991244,0.59,0.572,1,0.867933
antifragile_explorer,181,0.9,0.998804,0.989437,0.983304,0.982078,0.59,0.572,1,0.866621
antifragile_explorer,182,0.9,1.0,0.99379,0.991965,0.9916,0.59,0.572,1,0.870553
antifragile_explorer,183,0.9,1.0,0.995289,0.984239,0.982029,0.59,0.572,1,0.868055
antifragile_explorer,184,0.9,1.0,0.998921,0.97882,0.9748,0.59,0.572,1,0.866685
antifragile_explorer,185,0.9,1.0,0.99625,0.984044,0.981603,0.59,0.572,1,0.868129
antifragile_explorer,186,0.9,1.0,0.994327,0.991527,0.990968,0.59,0.572,1,0.870478
antifragile_explorer,187,0.9,0.992493,0.987139,0.991725,0.986222,0.59,0.572,1,0.866955
antifragile_explorer,188,0.9,0.991276,0.984495,0.990568,0.983281,0.59,0.572,1,0.86558
antifragile_explorer,189,0.9,0.991055,0.981555,0.982654,0.981336,0.59,0.572,1,0.863429
antifragile_explorer,190,0.9,1.0,0.982411,0.978506,0.977725,0.59,0.572,1,0.864131
antifragile_explorer,191,0.9,0.998918,0.991226,0.987289,0.986502,0.59,0.572,1,0.868311
antifragile_explorer,192,0.9,0.99053,1.0,0.989826,0.987792,0.59,0.572,1,0.868825
antifragile_explorer,193,0.9,1.0,1.0,0.997863,0.997435,0.59,0.572,1,0.873548
antifragile_explorer,194,0.9,1.0,0.992885,1.0,0.991462,0.59,0.572,1,0.871653
antifragile_explorer,195,0.9,1.0,0.99469,0.999122,0.993804,0.59,0.572,1,0.872212
antifragile_explorer,196,0.9,0.996654,0.999522,1.0,0.999427,0.59,0.572,1,0.873453
antifragile_explorer,197,0.9,1.0,1.0,1.0,1.0,0.59,0.572,1,0.8743
antifragile_explorer,198,0.9,0.993187,0.995314,0.987166,0.985536,0.59,0.572,1,0.867726
antifragile_explorer,199,0.9,0.999729,0.995213,0.97424,0.970046,0.59,0.572,1,0.86447
antifragile_explorer,200,0.9,1.0,1.0,0.970481,0.964577,0.59,0.572,1,0.863909
antifragile_explorer,201,0.9,0.999761,1.0,0.978265,0.973918,0.59,0.572,1,0.866601
antifragile_explorer,202,0.9,0.99784,1.0,0.978904,0.974684,0.59,0.572,1,0.866442
antifragile_explorer,203,0.9,0.995958,1.0,0.9809,0.97708,0.59,0.572,1,0.866768
antifragile_explorer,204,0.9,1.0,0.996967,0.981211,0.978059,0.59,0.572,1,0.867237
antifragile_explorer,205,0.9,1.0,0.9958,0.972547,0.967897,0.59,0.572,1,0.864015
antifragile_explorer,206,0.9,0.989786,0.999578,0.966099,0.959404,0.59,0.572,1,0.860262
antifragile_explorer,207,0.9,0.994479,0.999197,0.969299,0.96332,0.59,0.572,1,0.86227
antifragile_explorer,208,0.9,0.976401,0.997269,0.972366,0.967385,0.59,0.572,1,0.859449
antifragile_explorer,209,0.9,0.993493,0.989136,0.970732,0.967051,0.59,0.572,1,0.861088
antifragile_explorer,210,0.9,1.0,0.995395,0.973327,0.968913,0.59,0.572,1,0.86423
antifragile_explorer,211,0.9,1.0,1.0,0.980723,0.976868,0.59,0.572,1,0.867515
antifragile_explorer,212,0.9,1.0,1.0,0.985943,0.983132,0.59,0.572,1,0.869352
antifragile_explorer,213,0.9,1.0,1.0,0.996164,0.995397,0.59,0.572,1,0.87295
antifragile_explorer,214,0.9,1.0,1.0,0.999148,0.998978,0.59,0.572,1,0.874
antifragile_explorer,215,0.9,1.0,1.0,1.0,1.0,0.59,0.572,1,0.8743
antifragile_explorer,216,0.9,1.0,0.999469,0.99248,0.991082,0.59,0.572,1,0.871574
antifragile_explorer,217,0.9,0.991689,1.0,0.995126,0.994152,0.59,0.572,1,0.870922
antifragile_explorer,218,0.9,0.994485,1.0,0.988393,0.986072,0.59,0.572,1,0.869112
antifragile_explorer,219,0.9,1.0,0.989306,0.992698,0.988628,0.59,0.572,1,0.869387
antifragile_explorer,220,0.9,1.0,0.982506,1.0,0.979007,0.59,0.572,1,0.867792
antifragile_explorer,221,0.9,0.990398,0.9836,0.997518,0.980816,0.59,0.572,1,0.865961
antifragile_explorer,222,0.9,0.998205,0.971926,0.991342,0.968043,0.59,0.572,1,0.862389
antifragile_explorer,223,0.9,1.0,0.980171,0.998104,0.976584,0.59,0.572,1,0.866681
antifragile_explorer,224,0.9,0.984182,0.982849,1.0,0.979419,0.59,0.572,1,0.864756
antifragile_explorer,225,0.9,0.991485,0.976,0.996848,0.97183,0.59,0.572,1,0.863266
antifragile_explorer,226,0.9,0.983751,0.969516,1.0,0.963419,0.59,0.572,1,0.85971
antifragile_explorer,227,0.9,0.977897,0.979196,1.0,0.975035,0.59,0.572,1,0.86214
antifragile_explorer,228,0.9,0.972331,0.99183,0.999853,0.990225,0.59,0.572,1,0.865708
antifragile_explorer,229,0.9,0.98308,0.988842,0.996778,0.987255,0.59,0.572,1,0.866353
antifragile_explorer,230,0.9,0.99838,0.977768,1.0,0.973321,0.59,0.572,1,0.865706
antifragile_explorer,231,0.9,0.993714,0.979712,0.991902,0.977274,0.59,0.572,1,0.864459
antifragile_explorer,232,0.9,0.990926,0.977054,0.99161,0.974143,0.59,0.572,1,0.862875
antifragile_explorer,233,0.9,1.0,0.980399,1.0,0.976479,0.59,0.572,1,0.867008
antifragile_explorer,234,0.9,0.99921,0.991279,0.996532,0.990228,0.59,0.572,1,0.870454
antifragile_explorer,235,0.9,1.0,0.983999,1.0,0.980799,0.59,0.572,1,0.868348
antifragile_explorer,236,0.9,1.0,0.989608,1.0,0.98753,0.59,0.572,1,0.870434
antifragile_explorer,237,0.9,0.996699,1.0,0.99084,0.989008,0.59,0.572,1,0.870415
antifragile_explorer,238,0.9,1.0,1.0,0.992131,0.990557,0.59,0.572,1,0.87153
antifragile_explorer,239,0.9,0.987634,0.997003,0.98102,0.977823,0.59,0.572,1,0.864702
antifragile_explorer,240,0.9,0.991222,0.897359,0.883192,0.880359,0.68,0.644,2,0.840537
antifragile_explorer,241,0.9,0.99355,0.902504,0.888381,0.885557,0.68,0.644,2,0.843591
antifragile_explorer,242,0.9,0.988393,0.907531,0.893935,0.891216,0.68,0.644,2,0.845258
antifragile_explorer,243,0.9,0.994489,0.902074,0.899859,0.899416,0.68,0.644,2,0.847755
antifragile_explorer,244,0.9,0.994227,0.901951,0.8974,0.89649,0.68,0.644,2,0.846819
antifragile_explorer,245,0.9,0.986482,0.897637,0.897151,0.897054,0.68,0.644,2,0.844544
antifragile_explorer,246,0.9,0.998517,0.889512,0.906987,0.886017,0.68,0.644,2,0.845296
antifragile_explorer,247,0.9,0.992725,0.87624,0.908116,0.869864,0.68,0.644,2,0.839345
antifragile_explorer,248,0.9,1.0,0.873094,0.920172,0.863678,0.68,0.644,2,0.841173
antifragile_explorer,249,0.9,1.0,0.872723,0.928427,0.861582,0.68,0.644,2,0.842091
antifragile_explorer,250,0.9,1.0,0.866757,0.934805,0.853148,0.68,0.644,2,0.840689
antifragile_explorer,251,0.9,0.99023,0.856594,0.942128,0.839487,0.68,0.644,2,0.835891
antifragile_explorer,252,0.9,0.983549,0.857754,0.945285,0.840248,0.68,0.644,2,0.835391
antifragile_explorer,253,0.9,0.974733,0.871457,0.952229,0.855303,0.68,0.644,2,0.839614
antifragile_explorer,254,0.9,0.975972,0.875774,0.946254,0.861678,0.68,0.644,2,0.840703
antifragile_explorer,255,0.9,0.968926,0.877437,0.940146,0.864896,0.68,0.644,2,0.839131
antifragile_explorer,256,0.9,0.985692,0.879852,0.942396,0.867343,0.68,0.644,2,0.84367
antifragile_explorer,257,0.9,0.984516,0.884638,0.944528,0.872659,0.68,0.644,2,0.845488
antifragile_explorer,258,0.9,0.989773,0.888775,0.953163,0.875897,0.68,0.644,2,0.849184
antifragile_explorer,259,0.9,0.975436,0.884663,0.947367,0.872122,0.68,0.644,2,0.844045
antifragile_explorer,260,0.9,0.957303,0.88391,0.956806,0.869331,0.68,0.644,2,0.841346
antifragile_explorer,261,0.9,0.968073,0.87601,0.94792,0.861628,0.68,0.644,2,0.839424
antifragile_explorer,262,0.9,0.972483,0.878713,0.942086,0.866038,0.68,0.644,2,0.840565
antifragile_explorer,263,0.9,0.966915,0.887872,0.959426,0.873561,0.68,0.644,2,0.845078
antifragile_explorer,264,0.9,0.965436,0.874553,0.950001,0.859464,0.68,0.644,2,0.838621
antifragile_explorer,265,0.9,0.960802,0.874436,0.954773,0.858368,0.68,0.644,2,0.838261
antifragile_explorer,266,0.9,0.962806,0.874117,0.955962,0.857748,0.68,0.644,2,0.838696
antifragile_explorer,267,0.9,0.961815,0.878703,0.957814,0.862881,0.68,0.644,2,0.840441
antifragile_explorer,268,0.9,0.968926,0.887648,0.952095,0.874759,0.68,0.644,2,0.844458
antifragile_explorer,269,0.9,0.966742,0.891908,0.957031,0.878884,0.68,0.644,2,0.846238
antifragile_explorer,270,0.9,0.970629,0.908168,0.96632,0.896538,0.68,0.644,2,0.854253
antifragile_explorer,271,0.9,0.980343,0.920291,0.958264,0.912696,0.68,0.644,2,0.859675
antifragile_explorer,272,0.9,0.976013,0.918244,0.962334,0.909426,0.68,0.644,2,0.858568
antifragile_explorer,273,0.9,0.970385,0.916542,0.963552,0.907141,0.68,0.644,2,0.856965
antifragile_explorer,274,0.9,0.980817,0.93856,0.96668,0.932936,0.68,0.644,2,0.867643
antifragile_explorer,275,0.9,0.974045,0.937641,0.961598,0.932849,0.68,0.644,2,0.865296
antifragile_explorer,276,0.9,0.981261,0.935909,0.974153,0.928261,0.68,0.644,2,0.867702
antifragile_explorer,277,0.9,0.983906,0.940821,0.97994,0.932997,0.68,0.644,2,0.870799
antifragile_explorer,278,0.9,0.990934,0.948121,0.976286,0.942488,0.68,0.644,2,0.874452
antifragile_explorer,279,0.9,1.0,0.95807,0.966674,0.956349,0.68,0.644,2,0.878736
antifragile_explorer,280,0.9,1.0,0.942866,0.970186,0.937402,0.68,0.644,2,0.87353
antifragile_explorer,281,0.9,0.998989,0.941245,0.964242,0.936645,0.68,0.644,2,0.871964
antifragile_explorer,282,0.9,0.998648,0.938135,0.960417,0.933678,0.68,0.644,2,0.870249
antifragile_explorer,283,0.9,0.999984,0.950419,0.958717,0.948759,0.68,0.644,2,0.874868
antifragile_explorer,284,0.9,0.998969,0.947714,0.949184,0.94742,0.68,0.644,2,0.872439
antifragile_explorer,285,0.9,0.992913,0.949695,0.956495,0.948335,0.68,0.644,2,0.8729
antifragile_explorer,286,0.9,0.99212,0.942339,0.95564,0.939678,0.68,0.644,2,0.869896
antifragile_explorer,287,0.9,0.992145,0.943022,0.965116,0.938603,0.68,0.644,2,0.871368
antifragile_explorer,288,0.9,0.989664,0.944933,0.960737,0.941772,0.68,0.644,2,0.871022
antifragile_explorer,289,0.9,0.997387,0.937655,0.962448,0.932697,0.68,0.644,2,0.870078
antifragile_explorer,290,0.9,1.0,0.943691,0.965943,0.93924,0.68,0.644,2,0.873294
antifragile_explorer,291,0.9,1.0,0.939398,0.958592,0.935559,0.68,0.644,2,0.870756
antifragile_explorer,292,0.9,1.0,0.939995,0.954359,0.937123,0.68,0.644,2,0.870436
antifragile_explorer,293,0.9,0.98783,0.93712,0.957947,0.932955,0.68,0.644,2,0.867392
antifragile_explorer,294,0.9,0.994704,0.934835,0.958457,0.93011,0.68,0.644,2,0.867982
antifragile_explorer,295,0.9,1.0,0.936484,0.954271,0.932927,0.68,0.644,2,0.869119
antifragile_explorer,296,0.9,1.0,0.931424,0.95397,0.926915,0.68,0.644,2,0.867198
antifragile_explorer,297,0.9,1.0,0.92652,0.943632,0.923098,0.68,0.644,2,0.86405
antifragile_explorer,298,0.9,1.0,0.917002,0.946793,0.911044,0.68,0.644,2,0.860914
antifragile_explorer,299,0.9,1.0,0.915896,0.942026,0.91067,0.68,0.644,2,0.859893
antifragile_explorer,300,0.9,1.0,0.917884,0.941919,0.913077,0.68,0.644,2,0.860618
antifragile_explorer,301,0.9,1.0,0.922089,0.944099,0.917686,0.68,0.644,2,0.862462
antifragile_explorer,302,0.9,1.0,0.919651,0.952727,0.913036,0.68,0.644,2,0.862659
antifragile_explorer,303,0.9,1.0,0.928401,0.951763,0.923729,0.68,0.644,2,0.865791
antifragile_explorer,304,0.9,1.0,0.92434,0.950328,0.919143,0.68,0.644,2,0.864097
antifragile_explorer,305,0.9,1.0,0.919263,0.950327,0.91305,0.68,0.644,2,0.862208
antifragile_explorer,306,0.9,0.999539,0.934766,0.952564,0.931207,0.68,0.644,2,0.868169
antifragile_explorer,307,0.9,1.0,0.933671,0.959405,0.928524,0.68,0.644,2,0.86873
antifragile_explorer,308,0.9,0.999971,0.94108,0.969509,0.935394,0.68,0.644,2,0.872773
antifragile_explorer,309,0.9,0.996452,0.945474,0.966283,0.941313,0.68,0.644,2,0.873291
antifragile_explorer,310,0.9,1.0,0.943126,0.955056,0.94074,0.68,0.644,2,0.87169
antifragile_explorer,311,0.9,1.0,0.932901,0.954029,0.928675,0.68,0.644,2,0.867755
antifragile_explorer,312,0.9,1.0,0.947019,0.948452,0.946732,0.68,0.644,2,0.872293
antifragile_explorer,313,0.9,0.995917,0.946053,0.960139,0.943236,0.68,0.644,2,0.872613
antifragile_explorer,314,0.9,0.997228,0.941304,0.967685,0.936028,0.68,0.644,2,0.872075
antifragile_explorer,315,0.9,0.997286,0.942015,0.964262,0.937566,0.68,0.644,2,0.871912
antifragile_explorer,316,0.9,1.0,0.934517,0.977423,0.925936,0.68,0.644,2,0.87135
antifragile_explorer,317,0.9,1.0,0.936516,0.97478,0.928863,0.68,0.644,2,0.871756
antifragile_explorer,318,0.9,1.0,0.938833,0.969683,0.932663,0.68,0.644,2,0.871965
antifragile_explorer,319,0.9,0.997435,0.93257,0.965288,0.926027,0.68,0.644,2,0.86856
antifragile_explorer,320,0.9,0.997673,0.936298,0.966596,0.930238,0.68,0.644,2,0.870162
antifragile_explorer,321,0.9,0.98359,0.940184,0.967196,0.934782,0.68,0.644,2,0.868868
antifragile_explorer,322,0.9,0.992921,0.940199,0.968783,0.934483,0.68,0.644,2,0.870943
antifragile_explorer,323,0.9,1.0,0.929931,0.973968,0.921123,0.68,0.644,2,0.869202
antifragile_explorer,324,0.9,0.999704,0.929713,0.97345,0.920965,0.68,0.644,2,0.868995
antifragile_explorer,325,0.9,1.0,0.938213,0.970504,0.931754,0.68,0.644,2,0.87184
antifragile_explorer,326,0.9,1.0,0.9337,0.963435,0.927753,0.68,0.644,2,0.869256
antifragile_explorer,327,0.9,1.0,0.925143,0.959724,0.918226,0.68,0.644,2,0.865598
antifragile_explorer,328,0.9,1.0,0.934898,0.951932,0.931491,0.68,0.644,2,0.868229
antifragile_explorer,329,0.9,0.991296,0.923817,0.952386,0.918103,0.68,0.644,2,0.862424
antifragile_explorer,330,0.9,0.994586,0.924654,0.952012,0.919183,0.68,0.644,2,0.863346
antifragile_explorer,331,0.9,1.0,0.924016,0.95944,0.916931,0.68,0.644,2,0.865142
antifragile_explorer,332,0.9,0.995883,0.915166,0.959089,0.906382,0.68,0.644,2,0.860982
antifragile_explorer,333,0.9,0.988683,0.919756,0.94911,0.913885,0.68,0.644,2,0.859972
antifragile_explorer,334,0.9,0.993561,0.920841,0.943756,0.916258,0.68,0.644,2,0.860666
antifragile_explorer,335,0.9,0.997138,0.918054,0.9459,0.912485,0.68,0.644,2,0.860619
antifragile_explorer,336,0.9,0.987655,0.91271,0.948906,0.905471,0.68,0.644,2,0.857119
antifragile_explorer,337,0.9,0.999647,0.908657,0.953212,0.899745,0.68,0.644,2,0.858561
antifragile_explorer,338,0.9,0.995702,0.912503,0.953602,0.904283,0.68,0.644,2,0.859253
antifragile_explorer,339,0.9,0.999638,0.913196,0.95346,0.905143,0.68,0.644,2,0.860279
antifragile_explorer,340,0.9,0.992799,0.915103,0.949425,0.908238,0.68,0.644,2,0.859104
antifragile_explorer,341,0.9,0.994473,0.920933,0.951389,0.914842,0.68,0.644,2,0.86186
antifragile_explorer,342,0.9,0.993503,0.926076,0.937825,0.923727,0.68,0.644,2,0.861842
antifragile_explorer,343,0.9,0.98211,0.918826,0.935784,0.915434,0.68,0.644,2,0.856606
antifragile_explorer,344,0.9,0.99913,0.924428,0.939002,0.921514,0.68,0.644,2,0.862506
antifragile_explorer,345,0.9,1.0,0.922403,0.935127,0.919858,0.68,0.644,2,0.86143
antifragile_explorer,346,0.9,0.999831,0.928922,0.924601,0.923737,0.68,0.644,2,0.861506
antifragile_explorer,347,0.9,0.996398,0.927658,0.927695,0.927651,0.68,0.644,2,0.861714
antifragile_explorer,348,0.9,1.0,0.9276,0.924947,0.924416,0.68,0.644,2,0.861466
antifragile_explorer,349,0.9,1.0,0.924209,0.92625,0.923801,0.68,0.644,2,0.860966
antifragile_explorer,350,0.9,0.99871,0.935021,0.92998,0.928972,0.68,0.644,2,0.864078
antifragile_explorer,351,0.9,1.0,0.929952,0.928536,0.928253,0.68,0.644,2,0.863078
antifragile_explorer,352,0.9,0.993626,0.933453,0.926703,0.925353,0.68,0.644,2,0.861676
antifragile_explorer,353,0.9,0.992676,0.952326,0.923959,0.918285,0.68,0.644,2,0.863313
antifragile_explorer,354,0.9,0.983476,0.957682,0.933255,0.92837,0.68,0.644,2,0.865538
antifragile_explorer,355,0.9,0.997308,0.962843,0.933239,0.927319,0.68,0.644,2,0.869063
antifragile_explorer,356,0.9,1.0,0.968732,0.936745,0.930347,0.68,0.644,2,0.871706
antifragile_explorer,357,0.9,1.0,0.981145,0.939315,0.930949,0.68,0.644,2,0.874448
antifragile_explorer,358,0.9,1.0,0.983102,0.940986,0.932563,0.68,0.644,2,0.875326
antifragile_explorer,359,0.9,1.0,0.984969,0.937815,0.928385,0.68,0.644,2,0.874486
antifragile_explorer,360,0.9,1.0,0.983372,0.954933,0.949245,0.68,0.644,2,0.880275
antifragile_explorer,361,0.9,1.0,0.978475,0.956477,0.952077,0.68,0.644,2,0.880094
antifragile_explorer,362,0.9,0.995901,0.974494,0.957103,0.953625,0.68,0.644,2,0.878906
antifragile_explorer,363,0.9,1.0,0.971715,0.961748,0.959754,0.68,0.644,2,0.880949
antifragile_explorer,364,0.9,0.989145,0.970816,0.952979,0.949412,0.68,0.644,2,0.875559
antifragile_explorer,365,0.9,0.980507,0.96508,0.956251,0.954485,0.68,0.644,2,0.874134
antifragile_explorer,366,0.9,0.97196,0.977907,0.950976,0.94559,0.68,0.644,2,0.872466
antifragile_explorer,367,0.9,0.973886,0.98254,0.954574,0.948981,0.68,0.644,2,0.874803
antifragile_explorer,368,0.9,0.97488,0.981472,0.959831,0.955503,0.68,0.644,2,0.876694
antifragile_explorer,369,0.9,0.994625,0.977228,0.960453,0.957098,0.68,0.644,2,0.880234
antifragile_explorer,370,0.9,0.987839,0.972364,0.955294,0.951881,0.68,0.644,2,0.876341
antifragile_explorer,371,0.9,0.983608,0.977001,0.951348,0.946217,0.68,0.644,2,0.874792
antifragile_explorer,372,0.9,0.984064,0.983345,0.953454,0.947476,0.68,0.644,2,0.876564
antifragile_explorer,373,0.9,0.976199,0.976768,0.946566,0.940525,0.68,0.644,2,0.871593
antifragile_explorer,374,0.9,0.984044,0.971989,0.944077,0.938495,0.68,0.644,2,0.871578
antifragile_explorer,375,0.9,0.980557,0.975221,0.943291,0.936906,0.68,0.644,2,0.871083
antifragile_explorer,376,0.9,0.99416,0.983494,0.948272,0.941228,0.68,0.644,2,0.876781
antifragile_explorer,377,0.9,1.0,0.981679,0.958923,0.954372,0.68,0.644,2,0.881429
antifragile_explorer,378,0.9,1.0,0.982749,0.970055,0.967516,0.68,0.644,2,0.885506
antifragile_explorer,379,0.9,1.0,0.981922,0.962121,0.958161,0.68,0.644,2,0.882591
antifragile_explorer,380,0.9,0.990394,0.986148,0.956527,0.950603,0.68,0.644,2,0.879326
antifragile_explorer,381,0.9,1.0,0.982348,0.955649,0.950309,0.68,0.644,2,0.880376
antifragile_explorer,382,0.9,1.0,0.998089,0.961062,0.953657,0.68,0.644,2,0.884611
antifragile_explorer,383,0.9,0.998706,0.997865,0.962496,0.955423,0.68,0.644,2,0.884824
antifragile_explorer,384,0.9,1.0,0.99218,0.957376,0.950415,0.68,0.644,2,0.882439
antifragile_explorer,385,0.9,0.994251,0.996686,0.958006,0.950271,0.68,0.644,2,0.882178
antifragile_explorer,386,0.9,0.998727,0.986631,0.962872,0.95812,0.68,0.644,2,0.883298
antifragile_explorer,387,0.9,1.0,0.993283,0.957132,0.949901,0.68,0.644,2,0.882516
antifragile_explorer,388,0.9,0.997559,0.986068,0.968806,0.965354,0.68,0.644,2,0.88507
antifragile_explorer,389,0.9,1.0,0.984592,0.968252,0.964984,0.68,0.644,2,0.885144
antifragile_explorer,390,0.9,1.0,0.986721,0.962442,0.957586,0.68,0.644,2,0.883414
antifragile_explorer,391,0.9,1.0,0.984211,0.946096,0.938473,0.68,0.644,2,0.877289
antifragile_explorer,392,0.9,1.0,0.985076,0.944584,0.936486,0.68,0.644,2,0.876885
antifragile_explorer,393,0.9,1.0,0.988105,0.94935,0.941599,0.68,0.644,2,0.879011
antifragile_explorer,394,0.9,1.0,0.987831,0.947176,0.939044,0.68,0.644,2,0.878205
antifragile_explorer,395,0.9,0.992725,0.989432,0.93881,0.928686,0.68,0.644,2,0.874042
antifragile_explorer,396,0.9,0.980175,0.988559,0.949496,0.941683,0.68,0.644,2,0.875164
antifragile_explorer,397,0.9,0.988924,1.0,0.952769,0.943322,0.68,0.644,2,0.879759
antifragile_explorer,398,0.9,0.987504,1.0,0.949765,0.939718,0.68,0.644,2,0.878418
antifragile_explorer,399,0.9,0.998986,1.0,0.940727,0.928873,0.68,0.644,2,0.877533
antifragile_explorer,400,0.9,0.999888,0.911567,0.847351,0.834508,0.77,0.716,3,0.856057
antifragile_explorer,401,0.9,0.999763,0.910558,0.853447,0.842025,0.77,0.716,3,0.858029
antifragile_explorer,402,0.9,1.0,0.909571,0.840179,0.826301,0.77,0.716,3,0.85326
antifragile_explorer,403,0.9,1.0,0.918717,0.842897,0.827733,0.77,0.716,3,0.85557
antifragile_explorer,404,0.9,1.0,0.907536,0.838271,0.824418,0.77,0.716,3,0.852287
antifragile_explorer,405,0.9,1.0,0.914625,0.829187,0.812099,0.77,0.716,3,0.850138
antifragile_explorer,406,0.9,0.999796,0.921794,0.836093,0.818953,0.77,0.716,3,0.853589
antifragile_explorer,407,0.9,1.0,0.9209,0.846857,0.832049,0.77,0.716,3,0.857287
antifragile_explorer,408,0.9,0.994953,0.926745,0.840401,0.823133,0.77,0.716,3,0.85487
antifragile_explorer,409,0.9,0.999363,0.934407,0.842726,0.82439,0.77,0.716,3,0.857704
antifragile_explorer,410,0.9,1.0,0.931533,0.841131,0.823051,0.77,0.716,3,0.856845
antifragile_explorer,411,0.9,1.0,0.930239,0.843303,0.825916,0.77,0.716,3,0.857418
antifragile_explorer,412,0.9,1.0,0.928579,0.835691,0.817114,0.77,0.716,3,0.854493
antifragile_explorer,413,0.9,1.0,0.934796,0.839101,0.819962,0.77,0.716,3,0.856613
antifragile_explorer,414,0.9,1.0,0.942569,0.84771,0.828738,0.77,0.716,3,0.860794
antifragile_explorer,415,0.9,1.0,0.935572,0.854251,0.837986,0.77,0.716,3,0.862061
antifragile_explorer,416,0.9,1.0,0.944342,0.868372,0.853178,0.77,0.716,3,0.86833
antifragile_explorer,417,0.9,1.0,0.936967,0.872432,0.859525,0.77,0.716,3,0.868667
antifragile_explorer,418,0.9,1.0,0.938353,0.877405,0.865216,0.77,0.716,3,0.870623
antifragile_explorer,419,0.9,1.0,0.92305,0.880605,0.872116,0.77,0.716,3,0.869484
antifragile_explorer,420,0.9,1.0,0.928734,0.89272,0.885517,0.77,0.716,3,0.87459
antifragile_explorer,421,0.9,1.0,0.933108,0.894503,0.886782,0.77,0.716,3,0.875865
antifragile_explorer,422,0.9,0.999478,0.927559,0.899446,0.893823,0.77,0.716,3,0.876679
antifragile_explorer,423,0.9,1.0,0.925376,0.904166,0.899923,0.77,0.716,3,0.878122
antifragile_explorer,424,0.9,0.994556,0.918903,0.911503,0.910022,0.77,0.716,3,0.878658
antifragile_explorer,425,0.9,1.0,0.929967,0.922705,0.921252,0.77,0.716,3,0.885327
antifragile_explorer,426,0.9,1.0,0.935571,0.928256,0.926793,0.77,0.716,3,0.888111
antifragile_explorer,427,0.9,0.984925,0.933867,0.934552,0.93373,0.77,0.716,3,0.886906
antifragile_explorer,428,0.9,0.998443,0.934742,0.936442,0.934402,0.77,0.716,3,0.890177
antifragile_explorer,429,0.9,0.997863,0.932556,0.939137,0.93124,0.77,0.716,3,0.889593
antifragile_explorer,430,0.9,1.0,0.937608,0.946756,0.935779,0.77,0.716,3,0.892875
antifragile_explorer,431,0.9,0.990004,0.938631,0.965043,0.933349,0.77,0.716,3,0.893597
antifragile_explorer,432,0.9,0.989169,0.94221,0.969996,0.936652,0.77,0.716,3,0.895395
antifragile_explorer,433,0.9,1.0,0.942176,0.969956,0.93662,0.77,0.716,3,0.897544
antifragile_explorer,434,0.9,1.0,0.938616,0.960219,0.934296,0.77,0.716,3,0.894973
antifragile_explorer,435,0.9,0.987251,0.937841,0.968009,0.931807,0.77,0.716,3,0.893132
antifragile_explorer,436,0.9,0.99919,0.942607,0.983008,0.934527,0.77,0.716,3,0.899213
antifragile_explorer,437,0.9,1.0,0.940943,0.989034,0.931324,0.77,0.716,3,0.899527
antifragile_explorer,438,0.9,1.0,0.93875,0.997661,0.926968,0.77,0.716,3,0.899816
antifragile_explorer,439,0.9,1.0,0.943034,0.999268,0.931787,0.77,0.716,3,0.901615
antifragile_explorer,440,0.9,1.0,0.939781,0.99727,0.928283,0.77,0.716,3,0.900149
antifragile_explorer,441,0.9,1.0,0.933382,0.99601,0.920856,0.77,0.716,3,0.897607
antifragile_explorer,442,0.9,1.0,0.923853,0.995526,0.909519,0.77,0.716,3,0.894001
antifragile_explorer,443,0.9,1.0,0.933197,0.99067,0.921702,0.77,0.716,3,0.896855
antifragile_explorer,444,0.9,1.0,0.931097,0.980276,0.921261,0.77,0.716,3,0.894743
antifragile_explorer,445,0.9,1.0,0.924675,0.994623,0.910685,0.77,0.716,3,0.894191
antifragile_explorer,446,0.9,1.0,0.918625,0.994963,0.903358,0.77,0.716,3,0.891984
antifragile_explorer,447,0.9,0.991684,0.936947,0.992076,0.925922,0.77,0.716,3,0.896767
antifragile_explorer,448,0.9,1.0,0.948892,0.998968,0.938877,0.77,0.716,3,0.903756
antifragile_explorer,449,0.9,1.0,0.938463,1.0,0.926155,0.77,0.716,3,0.900008
antifragile_explorer,450,0.9,0.997174,0.939477,1.0,0.927373,0.77,0.716,3,0.89982
antifragile_explorer,451,0.9,1.0,0.944833,1.0,0.9338,0.77,0.716,3,0.902378
antifragile_explorer,452,0.9,1.0,0.940942,1.0,0.92913,0.77,0.716,3,0.90093
antifragile_explorer,453,0.9,1.0,0.948126,0.981502,0.941451,0.77,0.716,3,0.901235
antifragile_explorer,454,0.9,1.0,0.954545,0.974495,0.950555,0.77,0.716,3,0.902726
antifragile_explorer,455,0.9,0.983309,0.957786,0.963623,0.956619,0.77,0.716,3,0.899202
antifragile_explorer,456,0.9,0.996371,0.955649,0.967362,0.953307,0.77,0.716,3,0.901498
antifragile_explorer,457,0.9,1.0,0.949511,0.971645,0.945084,0.77,0.716,3,0.900489
antifragile_explorer,458,0.9,0.988961,0.949627,0.970854,0.945382,0.77,0.716,3,0.898223
antifragile_explorer,459,0.9,0.987364,0.961788,0.972308,0.959684,0.77,0.716,3,0.902613
antifragile_explorer,460,0.9,0.992542,0.968447,0.976229,0.966891,0.77,0.716,3,0.906628
antifragile_explorer,461,0.9,1.0,0.95803,0.965907,0.956454,0.77,0.716,3,0.902923
antifragile_explorer,462,0.9,1.0,0.962214,0.9666,0.961336,0.77,0.716,3,0.904568
antifragile_explorer,463,0.9,0.993635,0.962784,0.959115,0.958381,0.77,0.716,3,0.901728
antifragile_explorer,464,0.9,0.982209,0.965499,0.950988,0.948085,0.77,0.716,3,0.896983
antifragile_explorer,465,0.9,0.992968,0.967443,0.941937,0.936836,0.77,0.716,3,0.896237
antifragile_explorer,466,0.9,0.984557,0.957821,0.943619,0.940778,0.77,0.716,3,0.893723
antifragile_explorer,467,0.9,0.991682,0.962146,0.944494,0.940964,0.77,0.716,3,0.896096
antifragile_explorer,468,0.9,0.986698,0.960141,0.937499,0.93297,0.77,0.716,3,0.89234
antifragile_explorer,469,0.9,0.991009,0.960104,0.956937,0.956304,0.77,0.716,3,0.900039
antifragile_explorer,470,0.9,0.993608,0.952232,0.955334,0.951611,0.77,0.716,3,0.898135
antifragile_explorer,471,0.9,1.0,0.950336,0.954936,0.949416,0.77,0.716,3,0.898657
antifragile_explorer,472,0.9,0.992392,0.947258,0.953402,0.946029,0.77,0.716,3,0.895794
antifragile_explorer,473,0.9,1.0,0.946737,0.952672,0.94555,0.77,0.716,3,0.897028
antifragile_explorer,474,0.9,1.0,0.943456,0.957949,0.940557,0.77,0.716,3,0.896483
antifragile_explorer,475,0.9,1.0,0.938266,0.958556,0.934208,0.77,0.716,3,0.89463
antifragile_explorer,476,0.9,1.0,0.935919,0.962633,0.930576,0.77,0.716,3,0.894279
antifragile_explorer,477,0.9,1.0,0.927071,0.965999,0.919286,0.77,0.716,3,0.891418
antifragile_explorer,478,0.9,1.0,0.929203,0.955237,0.923997,0.77,0.716,3,0.890834
antifragile_explorer,479,0.9,1.0,0.934216,0.956693,0.92972,0.77,0.716,3,0.892885
antifragile_explorer,480,0.9,1.0,0.937787,0.950201,0.935304,0.77,0.716,3,0.893382
antifragile_explorer,481,0.9,1.0,0.942911,0.948109,0.941871,0.77,0.716,3,0.895021
antifragile_explorer,482,0.9,0.989258,0.937615,0.936595,0.936391,0.77,0.716,3,0.8892
antifragile_explorer,483,0.9,1.0,0.95101,0.939068,0.936679,0.77,0.716,3,0.894201
antifragile_explorer,484,0.9,1.0,0.954673,0.930714,0.925922,0.77,0.716,3,0.891803
antifragile_explorer,485,0.9,1.0,0.94916,0.927383,0.923028,0.77,0.716,3,0.889815
antifragile_explorer,486,0.9,1.0,0.946264,0.929065,0.925625,0.77,0.716,3,0.889978
antifragile_explorer,487,0.9,1.0,0.94641,0.930009,0.926729,0.77,0.716,3,0.890332
antifragile_explorer,488,0.9,0.999207,0.939364,0.932686,0.931351,0.77,0.716,3,0.890073
antifragile_explorer,489,0.9,1.0,0.9398,0.925127,0.922192,0.77,0.716,3,0.887635
antifragile_explorer,490,0.9,1.0,0.933407,0.924916,0.923218,0.77,0.716,3,0.886615
antifragile_explorer,491,0.9,0.998018,0.936013,0.928838,0.927402,0.77,0.716,3,0.887984
antifragile_explorer,492,0.9,0.993804,0.927212,0.931607,0.926334,0.77,0.716,3,0.88583
antifragile_explorer,493,0.9,1.0,0.939742,0.944701,0.938751,0.77,0.716,3,0.893406
antifragile_explorer,494,0.9,1.0,0.94598,0.95018,0.945141,0.77,0.716,3,0.896428
antifragile_explorer,495,0.9,1.0,0.946891,0.951785,0.945912,0.77,0.716,3,0.896972
antifragile_explorer,496,0.9,1.0,0.946221,0.955384,0.944388,0.77,0.716,3,0.897183
antifragile_explorer,497,0.9,1.0,0.94685,0.960853,0.944049,0.77,0.716,3,0.898117
antifragile_explorer,498,0.9,0.991958,0.951156,0.956657,0.950056,0.77,0.716,3,0.897574
antifragile_explorer,499,0.9,0.98738,0.953677,0.956806,0.953051,0.77,0.716,3,0.897615
antifragile_explorer,500,0.9,0.987911,0.961471,0.954824,0.953494,0.77,0.716,3,0.898878
antifragile_explorer,501,0.9,0.999855,0.966891,0.961713,0.960678,0.77,0.716,3,0.904494
antifragile_explorer,502,0.9,1.0,0.971265,0.977125,0.970094,0.77,0.716,3,0.909283
antifragile_explorer,503,0.9,0.989492,0.971792,0.975857,0.970978,0.77,0.716,3,0.907215
antifragile_explorer,504,0.9,1.0,0.971742,0.974819,0.971126,0.77,0.716,3,0.909165
antifragile_explorer,505,0.9,1.0,0.970177,0.981465,0.967919,0.77,0.716,3,0.909433
antifragile_explorer,506,0.9,1.0,0.969668,0.968937,0.968791,0.77,0.716,3,0.907477
antifragile_explorer,507,0.9,0.997536,0.969399,0.965433,0.964639,0.77,0.716,3,0.905711
antifragile_explorer,508,0.9,0.992822,0.962229,0.973349,0.960005,0.77,0.716,3,0.904002
antifragile_explorer,509,0.9,0.996425,0.968591,0.979283,0.966452,0.77,0.716,3,0.907849
antifragile_explorer,510,0.9,1.0,0.973463,0.98787,0.970581,0.77,0.716,3,0.911475
antifragile_explorer,511,0.9,0.988902,0.970737,0.992252,0.966434,0.77,0.716,3,0.908803
antifragile_explorer,512,0.9,1.0,0.97085,0.992893,0.966441,0.77,0.716,3,0.911146
antifragile_explorer,513,0.9,1.0,0.972397,0.998407,0.967195,0.77,0.716,3,0.912428
antifragile_explorer,514,0.9,1.0,0.977836,0.998828,0.973637,0.77,0.716,3,0.914505
antifragile_explorer,515,0.9,0.990993,0.968068,1.0,0.961682,0.77,0.716,3,0.90922
antifragile_explorer,516,0.9,0.993047,0.971007,1.0,0.965208,0.77,0.716,3,0.910724
antifragile_explorer,517,0.9,0.990992,0.972632,1.0,0.967159,0.77,0.716,3,0.910918
antifragile_explorer,518,0.9,0.993008,0.971627,1.0,0.965952,0.77,0.716,3,0.910947
antifragile_explorer,519,0.9,0.992241,0.979595,0.996764,0.976161,0.77,0.716,3,0.913343
antifragile_explorer,520,0.9,0.983109,0.975656,0.999915,0.970804,0.77,0.716,3,0.910455
antifragile_explorer,521,0.9,0.991505,0.979371,1.0,0.975245,0.77,0.716,3,0.913527
antifragile_explorer,522,0.9,0.98215,0.973414,0.995778,0.968941,0.77,0.716,3,0.9089
antifragile_explorer,523,0.9,0.986499,0.981377,1.0,0.977652,0.77,0.716,3,0.913272
antifragile_explorer,524,0.9,1.0,0.979551,0.990205,0.97742,0.77,0.716,3,0.914039
antifragile_explorer,525,0.9,0.988891,0.975365,0.99349,0.97174,0.77,0.716,3,0.910681
antifragile_explorer,526,0.9,0.990964,0.968694,0.993535,0.963726,0.77,0.716,3,0.908619
antifragile_explorer,527,0.9,0.994723,0.964238,0.986158,0.959854,0.77,0.716,3,0.90677
antifragile_explorer,528,0.9,1.0,0.966901,0.981588,0.963963,0.77,0.716,3,0.90823
antifragile_explorer,529,0.9,1.0,0.962071,0.986031,0.957279,0.77,0.716,3,0.907002
antifragile_explorer,530,0.9,0.995697,0.963627,1.0,0.956352,0.77,0.716,3,0.908509
antifragile_explorer,531,0.9,1.0,0.966391,0.989493,0.961771,0.77,0.716,3,0.909053
antifragile_explorer,532,0.9,0.983513,0.977335,0.998834,0.973035,0.77,0.716,3,0.911022
antifragile_explorer,533,0.9,0.988193,0.968406,0.997538,0.96258,0.77,0.716,3,0.908471
antifragile_explorer,534,0.9,0.992845,0.965549,0.987031,0.961253,0.77,0.716,3,0.906993
antifragile_explorer,535,0.9,0.995884,0.955587,0.981703,0.950364,0.77,0.716,3,0.903213
antifragile_explorer,536,0.9,0.99843,0.957578,0.978991,0.953295,0.77,0.716,3,0.904116
antifragile_explorer,537,0.9,1.0,0.964664,0.977201,0.962157,0.77,0.716,3,0.906837
antifragile_explorer,538,0.9,0.999084,0.959838,0.971426,0.95752,0.77,0.716,3,0.904119
antifragile_explorer,539,0.9,0.988928,0.96228,0.960474,0.960113,0.77,0.716,3,0.90119
antifragile_explorer,540,0.9,0.981718,0.960626,0.964766,0.959798,0.77,0.716,3,0.900086
antifragile_explorer,541,0.9,0.976694,0.960385,0.961015,0.96026,0.77,0.716,3,0.898512
antifragile_explorer,542,0.9,0.974574,0.965995,0.958742,0.957291,0.77,0.716,3,0.898259
antifragile_explorer,543,0.9,0.981502,0.960507,0.957235,0.95658,0.77,0.716,3,0.898302
antifragile_explorer,544,0.9,0.991502,0.951337,0.949907,0.949621,0.77,0.716,3,0.896366
antifragile_explorer,545,0.9,1.0,0.959553,0.959032,0.958928,0.77,0.716,3,0.902493
antifragile_explorer,546,0.9,1.0,0.965001,0.952853,0.950424,0.77,0.716,3,0.901124
antifragile_explorer,547,0.9,1.0,0.959554,0.953254,0.951994,0.77,0.716,3,0.900459
antifragile_explorer,548,0.9,1.0,0.965861,0.959031,0.957666,0.77,0.716,3,0.903426
antifragile_explorer,549,0.9,1.0,0.967081,0.956142,0.953955,0.77,0.716,3,0.90259
antifragile_explorer,550,0.9,1.0,0.968727,0.959581,0.957751,0.77,0.716,3,0.904044
antifragile_explorer,551,0.9,1.0,0.973814,0.964864,0.963074,0.77,0.716,3,0.906657
antifragile_explorer,552,0.9,1.0,0.981884,0.967153,0.964207,0.77,0.716,3,0.908657
antifragile_explorer,553,0.9,1.0,0.976764,0.963397,0.960723,0.77,0.716,3,0.906577
antifragile_explorer,554,0.9,0.989669,0.98212,0.958234,0.953457,0.77,0.716,3,0.903486
antifragile_explorer,555,0.9,0.991563,0.982656,0.956874,0.951718,0.77,0.716,3,0.903465
antifragile_explorer,556,0.9,0.994686,0.980265,0.952959,0.947498,0.77,0.716,3,0.902358
antifragile_explorer,557,0.9,0.981451,0.979362,0.950936,0.945251,0.77,0.716,3,0.898865
antifragile_explorer,558,0.9,0.973416,0.97671,0.951146,0.946034,0.77,0.716,3,0.89694
antifragile_explorer,559,0.9,0.979674,0.970001,0.949042,0.944851,0.77,0.716,3,0.896458
antifragile_explorer,560,0.9,0.973668,0.970033,0.949844,0.945806,0.77,0.716,3,0.895543
antifragile_explorer,561,0.9,0.998834,0.96806,0.953385,0.95045,0.77,0.716,3,0.901531
antifragile_explorer,562,0.9,1.0,0.973821,0.95064,0.946004,0.77,0.716,3,0.901651
antifragile_explorer,563,0.9,0.996438,0.967394,0.95769,0.955749,0.77,0.716,3,0.902469
antifragile_explorer,564,0.9,0.980729,0.978534,0.953588,0.948599,0.77,0.716,3,0.899532
antifragile_explorer,565,0.9,0.997456,0.978044,0.953388,0.948457,0.77,0.716,3,0.902734
antifragile_explorer,566,0.9,0.987977,0.977415,0.956348,0.952135,0.77,0.716,3,0.901787
antifragile_explorer,567,0.9,0.987727,0.977916,0.946058,0.939687,0.77,0.716,3,0.89819
antifragile_explorer,568,0.9,0.992619,0.990129,0.947009,0.938385,0.77,0.716,3,0.90131
antifragile_explorer,569,0.9,0.995813,0.988328,0.950508,0.942944,0.77,0.716,3,0.902914
antifragile_explorer,570,0.9,0.989333,0.97871,0.952917,0.947758,0.77,0.716,3,0.901042
antifragile_explorer,571,0.9,0.993568,0.983947,0.959785,0.954952,0.77,0.716,3,0.905082
antifragile_explorer,572,0.9,0.990652,0.985389,0.967703,0.964165,0.77,0.716,3,0.907499
antifragile_explorer,573,0.9,1.0,0.982859,0.967031,0.963866,0.77,0.716,3,0.908758
antifragile_explorer,574,0.9,1.0,0.990155,0.953502,0.946171,0.77,0.716,3,0.905076
antifragile_explorer,575,0.9,1.0,0.982091,0.958314,0.953558,0.77,0.716,3,0.905576
antifragile_explorer,576,0.9,1.0,0.993485,0.965074,0.959392,0.77,0.716,3,0.909642
antifragile_explorer,577,0.9,1.0,0.992606,0.977657,0.974667,0.77,0.716,3,0.913941
antifragile_explorer,578,0.9,0.997604,0.984329,0.981433,0.980854,0.77,0.716,3,0.913566
antifragile_explorer,579,0.9,0.989772,0.987164,0.980131,0.978724,0.77,0.716,3,0.911961
antifragile_explorer,580,0.9,0.996906,0.98373,0.984262,0.983624,0.77,0.716,3,0.914214
antifragile_explorer,581,0.9,0.997043,0.98081,0.991312,0.97871,0.77,0.716,3,0.914058
antifragile_explorer,582,0.9,1.0,0.991833,0.987026,0.986064,0.77,0.716,3,0.917124
antifragile_explorer,583,0.9,1.0,0.998238,0.985192,0.982583,0.77,0.716,3,0.917427
antifragile_explorer,584,0.9,0.99889,0.995778,0.993224,0.992713,0.77,0.716,3,0.919668
antifragile_explorer,585,0.9,1.0,0.998815,0.991482,0.990016,0.77,0.716,3,0.919726
antifragile_explorer,586,0.9,1.0,1.0,0.997606,0.997127,0.77,0.716,3,0.922057
antifragile_explorer,587,0.9,1.0,1.0,0.995343,0.994411,0.77,0.716,3,0.921261
antifragile_explorer,588,0.9,0.99715,0.998554,0.999394,0.998386,0.77,0.716,3,0.921714
antifragile_explorer,589,0.9,0.989901,0.994994,0.997257,0.994541,0.77,0.716,3,0.918667
antifragile_explorer,590,0.9,0.989277,0.9925,0.988831,0.988098,0.77,0.716,3,0.915714
antifragile_explorer,591,0.9,0.991585,0.988701,0.987462,0.987214,0.77,0.716,3,0.915131
antifragile_explorer,592,0.9,0.987146,0.983841,0.995186,0.981572,0.77,0.716,3,0.913702
antifragile_explorer,593,0.9,0.996104,0.986523,0.995055,0.984817,0.77,0.716,3,0.916475
antifragile_explorer,594,0.9,1.0,0.993724,1.0,0.992468,0.77,0.716,3,0.920565
antifragile_explorer,595,0.9,1.0,0.991682,0.99547,0.990924,0.77,0.716,3,0.919226
antifragile_explorer,596,0.9,1.0,0.995064,0.994014,0.993804,0.77,0.716,3,0.920062
antifragile_explorer,597,0.9,1.0,0.991709,0.989866,0.989497,0.77,0.716,3,0.918106
antifragile_explorer,598,0.9,1.0,0.983595,0.995119,0.981291,0.77,0.716,3,0.916173
antifragile_explorer,599,0.9,1.0,0.975453,0.994117,0.97172,0.77,0.716,3,0.913016
antifragile_explorer,600,0.9,0.995797,0.972945,1.0,0.967534,0.77,0.716,3,0.911995
antifragile_explorer,601,0.9,0.993063,0.962427,0.989672,0.956979,0.77,0.716,3,0.906214
antifragile_explorer,602,0.9,0.991593,0.961714,0.976212,0.958815,0.77,0.716,3,0.903932
antifragile_explorer,603,0.9,1.0,0.972095,0.965245,0.963875,0.77,0.716,3,0.906536
antifragile_explorer,604,0.9,0.996766,0.973438,0.95851,0.955525,0.77,0.716,3,0.903718
antifragile_explorer,605,0.9,1.0,0.973145,0.968764,0.967887,0.77,0.716,3,0.90793
antifragile_explorer,606,0.9,1.0,0.969092,0.961066,0.95946,0.77,0.716,3,0.904621
antifragile_explorer,607,0.9,1.0,0.973409,0.963367,0.961358,0.77,0.716,3,0.90607
antifragile_explorer,608,0.9,1.0,0.965709,0.95458,0.952354,0.77,0.716,3,0.901837
antifragile_explorer,609,0.9,1.0,0.977673,0.952636,0.947628,0.77,0.716,3,0.902923
antifragile_explorer,610,0.9,0.990477,0.978516,0.954403,0.949581,0.77,0.716,3,0.901766
antifragile_explorer,611,0.9,1.0,0.977693,0.958506,0.954668,0.77,0.716,3,0.904992
antifragile_explorer,612,0.9,1.0,0.975024,0.961959,0.959346,0.77,0.716,3,0.905813
antifragile_explorer,613,0.9,1.0,0.980211,0.953176,0.947769,0.77,0.716,3,0.903489
antifragile_explorer,614,0.9,1.0,0.971884,0.951522,0.947449,0.77,0.716,3,0.901674
antifragile_explorer,615,0.9,1.0,0.973211,0.958513,0.955573,0.77,0.716,3,0.904332
antifragile_explorer,616,0.9,0.999315,0.974464,0.963586,0.961411,0.77,0.716,3,0.906166
antifragile_explorer,617,0.9,1.0,0.965008,0.953891,0.951668,0.77,0.716,3,0.901491
antifragile_explorer,618,0.9,0.984897,0.976366,0.958247,0.954624,0.77,0.716,3,0.901685
antifragile_explorer,619,0.9,0.97962,0.982932,0.952267,0.946134,0.77,0.716,3,0.899496
antifragile_explorer,620,0.9,0.977092,0.983903,0.956794,0.951372,0.77,0.716,3,0.900727
antifragile_explorer,621,0.9,0.989052,0.984178,0.963643,0.959535,0.77,0.716,3,0.905571
antifragile_explorer,622,0.9,0.978085,0.980417,0.959416,0.955216,0.77,0.716,3,0.901333
antifragile_explorer,623,0.9,0.97401,0.97798,0.963818,0.960985,0.77,0.716,3,0.901707
antifragile_explorer,624,0.9,0.963807,0.970623,0.959677,0.957488,0.77,0.716,3,0.89712
antifragile_explorer,625,0.9,0.965768,0.966772,0.964655,0.964231,0.77,0.716,3,0.898694
antifragile_explorer,626,0.9,0.969217,0.962433,0.96687,0.961545,0.77,0.716,3,0.898528
antifragile_explorer,627,0.9,0.970889,0.95999,0.972977,0.957392,0.77,0.716,3,0.898735
antifragile_explorer,628,0.9,0.982775,0.96868,0.976185,0.967179,0.77,0.716,3,0.904755
antifragile_explorer,629,0.9,0.994698,0.972,0.992205,0.967959,0.77,0.716,3,0.910426
antifragile_explorer,630,0.9,1.0,0.974213,0.991741,0.970707,0.77,0.716,3,0.91225
antifragile_explorer,631,0.9,1.0,0.977773,0.998806,0.973566,0.77,0.716,3,0.914479
antifragile_explorer,632,0.9,0.999897,0.976185,0.990889,0.973245,0.77,0.716,3,0.912854
antifragile_explorer,633,0.9,0.999167,0.98239,0.992701,0.980328,0.77,0.716,3,0.915248
antifragile_explorer,634,0.9,1.0,0.977959,0.987013,0.976148,0.77,0.716,3,0.913038
antifragile_explorer,635,0.9,1.0,0.985081,0.99554,0.982989,0.77,0.716,3,0.916779
antifragile_explorer,636,0.9,1.0,0.985602,0.988672,0.984988,0.77,0.716,3,0.916094
antifragile_explorer,637,0.9,1.0,0.982849,0.986913,0.982037,0.77,0.716,3,0.914845
antifragile_explorer,638,0.9,1.0,0.972133,0.990143,0.968531,0.77,0.716,3,0.911272
antifragile_explorer,639,0.9,0.998475,0.970934,0.994313,0.966259,0.77,0.716,3,0.911054
antifragile_explorer,640,0.9,1.0,0.977979,1.0,0.973575,0.77,0.716,3,0.914708
antifragile_explorer,641,0.9,0.99923,0.981316,1.0,0.977579,0.77,0.716,3,0.915795
antifragile_explorer,642,0.9,0.990275,0.969493,1.0,0.963391,0.77,0.716,3,0.909606
antifragile_explorer,643,0.9,0.984421,0.976282,1.0,0.971538,0.77,0.716,3,0.910961
antifragile_explorer,644,0.9,0.990985,0.970282,1.0,0.964338,0.77,0.716,3,0.910042
antifragile_explorer,645,0.9,0.990204,0.962129,1.0,0.954554,0.77,0.716,3,0.906853
antifragile_explorer,646,0.9,1.0,0.960322,1.0,0.952386,0.77,0.716,3,0.90814
antifragile_explorer,647,0.9,1.0,0.969565,0.994658,0.964546,0.77,0.716,3,0.910894
antifragile_explorer,648,0.9,1.0,0.965974,0.996216,0.959925,0.77,0.716,3,0.909758
antifragile_explorer,649,0.9,1.0,0.969641,0.994989,0.964572,0.77,0.716,3,0.910965
antifragile_explorer,650,0.9,1.0,0.974533,0.988826,0.971674,0.77,0.716,3,0.911996
antifragile_explorer,651,0.9,0.995985,0.978232,0.990667,0.975745,0.77,0.716,3,0.912805
antifragile_explorer,652,0.9,0.996975,0.973049,0.996337,0.968392,0.77,0.716,3,0.911801
antifragile_explorer,653,0.9,1.0,0.964203,0.992979,0.958447,0.77,0.716,3,0.908685
antifragile_explorer,654,0.9,0.99787,0.969691,0.979111,0.967807,0.77,0.716,3,0.908525
antifragile_explorer,655,0.9,1.0,0.980656,0.972448,0.970806,0.77,0.716,3,0.910339
antifragile_explorer,656,0.9,1.0,0.976652,0.97067,0.969473,0.77,0.716,3,0.90912
antifragile_explorer,657,0.9,0.991748,0.974313,0.978819,0.973412,0.77,0.716,3,0.908983
antifragile_explorer,658,0.9,0.994094,0.975423,0.98266,0.973976,0.77,0.716,3,0.910357
antifragile_explorer,659,0.9,0.993243,0.985044,0.99085,0.983883,0.77,0.716,3,0.914814
antifragile_explorer,660,0.9,0.990099,0.979174,0.989044,0.9772,0.77,0.716,3,0.91177
antifragile_explorer,661,0.9,0.979551,0.982492,0.996953,0.9796,0.77,0.716,3,0.911907
antifragile_explorer,662,0.9,0.977743,0.97802,0.998803,0.973864,0.77,0.716,3,0.910119
antifragile_explorer,663,0.9,0.984887,0.982,1.0,0.9784,0.77,0.716,3,0.913181
antifragile_explorer,664,0.9,0.99026,0.980121,0.999408,0.976264,0.77,0.716,3,0.913481
antifragile_explorer,665,0.9,1.0,0.988846,1.0,0.986615,0.77,0.716,3,0.918751
antifragile_explorer,666,0.9,1.0,0.978625,1.0,0.97435,0.77,0.716,3,0.914948
antifragile_explorer,667,0.9,1.0,0.983058,0.992528,0.981164,0.77,0.716,3,0.915641
antifragile_explorer,668,0.9,1.0,0.985085,0.98917,0.984268,0.77,0.716,3,0.915965
antifragile_explorer,669,0.9,1.0,0.990941,0.980556,0.978478,0.77,0.716,3,0.914715
antifragile_explorer,670,0.9,1.0,0.990179,0.973732,0.970443,0.77,0.716,3,0.9122
antifragile_explorer,671,0.9,1.0,0.996668,0.977032,0.973105,0.77,0.716,3,0.914322
antifragile_explorer,672,0.9,1.0,1.0,0.977517,0.97302,0.77,0.716,3,0.914986
antifragile_explorer,673,0.9,0.995532,1.0,0.982981,0.979577,0.77,0.716,3,0.916016
antifragile_explorer,674,0.9,1.0,1.0,0.978177,0.973812,0.77,0.716,3,0.915218
antifragile_explorer,675,0.9,1.0,1.0,0.980457,0.976548,0.77,0.716,3,0.916021
antifragile_explorer,676,0.9,1.0,0.989942,0.966859,0.962243,0.77,0.716,3,0.909746
antifragile_explorer,677,0.9,1.0,0.988542,0.972402,0.969173,0.77,0.716,3,0.91149
antifragile_explorer,678,0.9,1.0,1.0,0.975881,0.971058,0.77,0.716,3,0.91441
antifragile_explorer,679,0.9,1.0,0.992287,0.982023,0.97997,0.77,0.716,3,0.91543
antifragile_explorer,680,0.9,0.99891,0.992554,0.977586,0.974592,0.77,0.716,3,0.91369
antifragile_explorer,681,0.9,1.0,0.999303,0.973848,0.968756,0.77,0.716,3,0.913591
antifragile_explorer,682,0.9,0.993384,1.0,0.972788,0.967346,0.77,0.716,3,0.911998
antifragile_explorer,683,0.9,0.99779,1.0,0.979024,0.974829,0.77,0.716,3,0.915075
antifragile_explorer,684,0.9,0.998409,1.0,0.979416,0.9753,0.77,0.716,3,0.915336
antifragile_explorer,685,0.9,0.997693,1.0,0.971028,0.965234,0.77,0.716,3,0.912241
antifragile_explorer,686,0.9,0.991626,0.99637,0.979018,0.975548,0.77,0.716,3,0.913302
antifragile_explorer,687,0.9,1.0,1.0,0.979205,0.975046,0.77,0.716,3,0.91558
antifragile_explorer,688,0.9,1.0,1.0,0.984056,0.980868,0.77,0.716,3,0.917288
antifragile_explorer,689,0.9,0.998502,0.994245,0.978217,0.975011,0.77,0.716,3,0.914081
antifragile_explorer,690,0.9,1.0,0.991119,0.965766,0.960696,0.77,0.716,3,0.909535
antifragile_explorer,691,0.9,1.0,0.990868,0.967424,0.962735,0.77,0.716,3,0.910082
antifragile_explorer,692,0.9,1.0,0.993081,0.97149,0.967172,0.77,0.716,3,0.91184
antifragile_explorer,693,0.9,1.0,0.995948,0.9664,0.960491,0.77,0.716,3,0.910473
antifragile_explorer,694,0.9,1.0,1.0,0.969461,0.963354,0.77,0.716,3,0.91215
antifragile_explorer,695,0.9,0.997109,0.997389,0.971111,0.965856,0.77,0.716,3,0.911767
antifragile_explorer,696,0.9,0.99172,0.990655,0.959005,0.952676,0.77,0.716,3,0.905431
antifragile_explorer,697,0.9,0.993972,0.990021,0.973616,0.970334,0.77,0.716,3,0.91093
antifragile_explorer,698,0.9,0.989746,0.991088,0.965271,0.960108,0.77,0.716,3,0.907306
antifragile_explorer,699,0.9,0.983766,0.989885,0.96476,0.959735,0.77,0.716,3,0.905752
antifragile_explorer,700,0.9,0.992672,0.988033,0.965569,0.961076,0.77,0.716,3,0.907544
antifragile_explorer,701,0.9,0.985516,0.979241,0.970043,0.968204,0.77,0.716,3,0.906386
antifragile_explorer,702,0.9,0.974147,0.979211,0.963054,0.959822,0.77,0.716,3,0.901647
antifragile_explorer,703,0.9,0.973116,0.983649,0.970208,0.96752,0.77,0.716,3,0.904617
antifragile_explorer,704,0.9,0.977325,0.987245,0.971402,0.968233,0.77,0.716,3,0.906411
antifragile_explorer,705,0.9,0.970288,0.990783,0.968965,0.964602,0.77,0.716,3,0.904669
antifragile_explorer,706,0.9,0.981247,0.994951,0.971579,0.966905,0.77,0.716,3,0.908398
antifragile_explorer,707,0.9,0.990355,1.0,0.971852,0.966223,0.77,0.716,3,0.911063
antifragile_explorer,708,0.9,1.0,0.997058,0.964313,0.957765,0.77,0.716,3,0.909903
antifragile_explorer,709,0.9,1.0,0.989862,0.967916,0.963527,0.77,0.716,3,0.910106
antifragile_explorer,710,0.9,0.990562,0.996166,0.953233,0.944646,0.77,0.716,3,0.903983
antifragile_explorer,711,0.9,1.0,0.994261,0.954558,0.946618,0.77,0.716,3,0.906055
antifragile_explorer,712,0.9,0.989868,0.99479,0.955707,0.94789,0.77,0.716,3,0.904511
antifragile_explorer,713,0.9,0.983582,0.992588,0.950881,0.942539,0.77,0.716,3,0.90123
antifragile_explorer,714,0.9,0.996202,0.992872,0.948373,0.939473,0.77,0.716,3,0.902913
antifragile_explorer,715,0.9,0.995296,0.990149,0.941653,0.931954,0.77,0.716,3,0.899963
antifragile_explorer,716,0.9,0.996022,0.985768,0.943564,0.935123,0.77,0.716,3,0.900133
antifragile_explorer,717,0.9,0.995169,0.985142,0.957464,0.951928,0.77,0.716,3,0.904762
antifragile_explorer,718,0.9,0.990336,0.979905,0.951822,0.946205,0.77,0.716,3,0.901034
antifragile_explorer,719,0.9,0.990748,0.981681,0.964613,0.961199,0.77,0.716,3,0.905882
antifragile_explorer,720,0.9,1.0,0.893084,0.860448,0.853921,0.86,0.788,4,0.882254
antifragile_explorer,721,0.9,0.996802,0.902919,0.859268,0.850537,0.86,0.788,4,0.882655
antifragile_explorer,722,0.9,0.991694,0.899005,0.859071,0.851085,0.86,0.788,4,0.880985
antifragile_explorer,723,0.9,0.993428,0.897653,0.866179,0.859884,0.86,0.788,4,0.883633
antifragile_explorer,724,0.9,0.991367,0.896622,0.86702,0.861099,0.86,0.788,4,0.883364
antifragile_explorer,725,0.9,0.988388,0.89404,0.862482,0.856171,0.86,0.788,4,0.880789
antifragile_explorer,726,0.9,0.994444,0.897037,0.872489,0.867579,0.86,0.788,4,0.885967
antifragile_explorer,727,0.9,1.0,0.898324,0.873068,0.868017,0.86,0.788,4,0.887472
antifragile_explorer,728,0.9,1.0,0.900743,0.879108,0.874781,0.86,0.788,4,0.889956
antifragile_explorer,729,0.9,1.0,0.903642,0.881973,0.87764,0.86,0.788,4,0.891394
antifragile_explorer,730,0.9,1.0,0.917563,0.877294,0.86924,0.86,0.788,4,0.891807
antifragile_explorer,731,0.9,0.980577,0.922959,0.868135,0.85717,0.86,0.788,4,0.885497
antifragile_explorer,732,0.9,0.973673,0.92296,0.875383,0.865867,0.86,0.788,4,0.886667
antifragile_explorer,733,0.9,0.974397,0.921174,0.886963,0.88012,0.86,0.788,4,0.890624
antifragile_explorer,734,0.9,0.968579,0.91967,0.898198,0.893904,0.86,0.788,4,0.893193
antifragile_explorer,735,0.9,0.964834,0.919417,0.898498,0.894314,0.86,0.788,4,0.892512
antifragile_explorer,736,0.9,0.954752,0.916706,0.908538,0.906905,0.86,0.788,4,0.893628
antifragile_explorer,737,0.9,0.957526,0.918948,0.923384,0.918061,0.86,0.788,4,0.898747
antifragile_explorer,738,0.9,0.969877,0.916721,0.923114,0.915442,0.86,0.788,4,0.900354
antifragile_explorer,739,0.9,0.967284,0.916897,0.929734,0.91433,0.86,0.788,4,0.900749
antifragile_explorer,740,0.9,0.970885,0.922546,0.925968,0.921861,0.86,0.788,4,0.903088
antifragile_explorer,741,0.9,0.975068,0.922856,0.915163,0.913624,0.86,0.788,4,0.900934
antifragile_explorer,742,0.9,0.981641,0.934624,0.919996,0.91707,0.86,0.788,4,0.905691
antifragile_explorer,743,0.9,0.975568,0.934962,0.928664,0.927405,0.86,0.788,4,0.907578
antifragile_explorer,744,0.9,0.98689,0.940454,0.931511,0.929722,0.86,0.788,4,0.911657
antifragile_explorer,745,0.9,0.982599,0.952107,0.936453,0.933322,0.86,0.788,4,0.914263
antifragile_explorer,746,0.9,0.982897,0.953139,0.938509,0.935582,0.86,0.788,4,0.915199
antifragile_explorer,747,0.9,0.992371,0.949231,0.930742,0.927044,0.86,0.788,4,0.913782
antifragile_explorer,748,0.9,0.981994,0.948142,0.92885,0.924992,0.86,0.788,4,0.910879
antifragile_explorer,749,0.9,1.0,0.937346,0.943691,0.936077,0.86,0.788,4,0.916685
antifragile_explorer,750,0.9,1.0,0.92991,0.950618,0.925768,0.86,0.788,4,0.914805
antifragile_explorer,751,0.9,1.0,0.919463,0.95189,0.912977,0.86,0.788,4,0.911082
antifragile_explorer,752,0.9,1.0,0.927861,0.959496,0.921534,0.86,0.788,4,0.91518
antifragile_explorer,753,0.9,1.0,0.929345,0.960475,0.923119,0.86,0.788,4,0.915857
antifragile_explorer,754,0.9,1.0,0.914751,0.960026,0.905696,0.86,0.788,4,0.910371
antifragile_explorer,755,0.9,1.0,0.9257,0.965809,0.917678,0.86,0.788,4,0.915184
antifragile_explorer,756,0.9,0.995536,0.923002,0.978039,0.911995,0.86,0.788,4,0.914853
antifragile_explorer,757,0.9,0.980291,0.930477,0.987411,0.91909,0.86,0.788,4,0.915784
antifragile_explorer,758,0.9,0.992198,0.938854,0.98794,0.929037,0.86,0.788,4,0.92135
antifragile_explorer,759,0.9,0.996021,0.943611,0.987331,0.934867,0.86,0.788,4,0.923806
antifragile_explorer,760,0.9,0.991908,0.938548,0.998573,0.926542,0.86,0.788,4,0.922539
antifragile_explorer,761,0.9,0.995487,0.941269,0.992712,0.930981,0.86,0.788,4,0.923517
antifragile_explorer,762,0.9,1.0,0.93308,0.995618,0.920573,0.86,0.788,4,0.921745
antifragile_explorer,763,0.9,1.0,0.944062,1.0,0.932874,0.86,0.788,4,0.926391
antifragile_explorer,764,0.9,1.0,0.945507,0.996207,0.935367,0.86,0.788,4,0.926443
antifragile_explorer,765,0.9,1.0,0.947724,0.990984,0.939072,0.86,0.788,4,0.926599
antifragile_explorer,766,0.9,0.999953,0.943547,0.993017,0.933654,0.86,0.788,4,0.925296
antifragile_explorer,767,0.9,1.0,0.93935,0.989669,0.929286,0.86,0.788,4,0.923316
antifragile_explorer,768,0.9,1.0,0.94055,0.988792,0.930901,0.86,0.788,4,0.92365
antifragile_explorer,769,0.9,1.0,0.948228,0.98914,0.940045,0.86,0.788,4,0.926551
antifragile_explorer,770,0.9,1.0,0.954235,0.986582,0.947766,0.86,0.788,4,0.928458
antifragile_explorer,771,0.9,0.999315,0.963468,0.995677,0.957027,0.86,0.788,4,0.93292
antifragile_explorer,772,0.9,1.0,0.968775,1.0,0.96253,0.86,0.788,4,0.935584
antifragile_explorer,773,0.9,1.0,0.969404,0.992552,0.964774,0.86,0.788,4,0.934865
antifragile_explorer,774,0.9,1.0,0.963565,0.99455,0.957368,0.86,0.788,4,0.932948
antifragile_explorer,775,0.9,1.0,0.960926,0.993751,0.954361,0.86,0.788,4,0.931864
antifragile_explorer,776,0.9,1.0,0.968241,0.995487,0.962792,0.86,0.788,4,0.934808
antifragile_explorer,777,0.9,0.999101,0.969771,1.0,0.963725,0.86,0.788,4,0.935775
antifragile_explorer,778,0.9,1.0,0.971062,1.0,0.965275,0.86,0.788,4,0.936435
antifragile_explorer,779,0.9,1.0,0.965097,0.999625,0.958191,0.86,0.788,4,0.934168
antifragile_explorer,780,0.9,1.0,0.9605,1.0,0.9526,0.86,0.788,4,0.932506
antifragile_explorer,781,0.9,0.995914,0.973783,1.0,0.968539,0.86,0.788,4,0.93663
antifragile_explorer,782,0.9,0.996379,0.972359,1.0,0.96683,0.86,0.788,4,0.936193
antifragile_explorer,783,0.9,0.975317,0.987349,1.0,0.984818,0.86,0.788,4,0.937557
antifragile_explorer,784,0.9,0.987611,0.990354,1.0,0.988424,0.86,0.788,4,0.941134
antifragile_explorer,785,0.9,0.981372,0.992197,1.0,0.990636,0.86,0.788,4,0.940572
antifragile_explorer,786,0.9,0.979148,0.999654,0.997257,0.996777,0.86,0.788,4,0.942013
antifragile_explorer,787,0.9,0.979763,0.99927,0.987861,0.985579,0.86,0.788,4,0.938772
antifragile_explorer,788,0.9,0.985206,1.0,0.995013,0.994015,0.86,0.788,4,0.942486
antifragile_explorer,789,0.9,1.0,1.0,0.994204,0.993045,0.86,0.788,4,0.94516
antifragile_explorer,790,0.9,1.0,1.0,0.999233,0.99908,0.86,0.788,4,0.94693
antifragile_explorer,791,0.9,1.0,1.0,1.0,1.0,0.86,0.788,4,0.9472
antifragile_explorer,792,0.9,1.0,0.994997,0.994855,0.994826,0.86,0.788,4,0.944648
antifragile_explorer,793,0.9,1.0,0.9982,0.986454,0.984105,0.86,0.788,4,0.942165
antifragile_explorer,794,0.9,1.0,0.992832,0.989285,0.988575,0.86,0.788,4,0.942367
antifragile_explorer,795,0.9,0.997813,0.993272,0.991819,0.991528,0.86,0.788,4,0.942887
antifragile_explorer,796,0.9,0.999472,0.996191,0.987383,0.985622,0.86,0.788,4,0.94209
antifragile_explorer,797,0.9,0.990779,0.993746,0.979685,0.976873,0.86,0.788,4,0.937279
antifragile_explorer,798,0.9,1.0,0.98558,0.978331,0.976881,0.86,0.788,4,0.937438
antifragile_explorer,799,0.9,1.0,0.983616,0.977753,0.976581,0.86,0.788,4,0.936944
antifragile_explorer,800,0.9,1.0,0.980706,0.973581,0.972156,0.86,0.788,4,0.935045
antifragile_explorer,801,0.9,1.0,0.972596,0.971243,0.970972,0.86,0.788,4,0.933022
antifragile_explorer,802,0.9,1.0,0.970006,0.974107,0.969186,0.86,0.788,4,0.932728
antifragile_explorer,803,0.9,1.0,0.971299,0.967323,0.966528,0.86,0.788,4,0.93145
antifragile_explorer,804,0.9,1.0,0.977374,0.967102,0.965047,0.86,0.788,4,0.932271
antifragile_explorer,805,0.9,0.996279,0.984746,0.958458,0.953201,0.86,0.788,4,0.929575
antifragile_explorer,806,0.9,0.989096,0.986545,0.959492,0.954081,0.86,0.788,4,0.928769
antifragile_explorer,807,0.9,1.0,0.983369,0.962134,0.957887,0.86,0.788,4,0.93141
antifragile_explorer,808,0.9,0.991734,0.979158,0.963093,0.95988,0.86,0.788,4,0.929471
antifragile_explorer,809,0.9,1.0,0.978213,0.961814,0.958535,0.86,0.788,4,0.930534
antifragile_explorer,810,0.9,1.0,0.976796,0.960812,0.957615,0.86,0.788,4,0.929972
antifragile_explorer,811,0.9,1.0,0.973803,0.956837,0.953444,0.86,0.788,4,0.92813
antifragile_explorer,812,0.9,0.979394,0.970621,0.950654,0.946661,0.86,0.788,4,0.921361
antifragile_explorer,813,0.9,0.979467,0.967751,0.951192,0.94788,0.86,0.788,4,0.92114
antifragile_explorer,814,0.9,0.979846,0.968875,0.949479,0.9456,0.86,0.788,4,0.920779
antifragile_explorer,815,0.9,0.99226,0.966823,0.944267,0.939756,0.86,0.788,4,0.921124
antifragile_explorer,816,0.9,0.996345,0.96922,0.936635,0.930117,0.86,0.788,4,0.919609
antifragile_explorer,817,0.9,1.0,0.975585,0.939498,0.932281,0.86,0.788,4,0.92229
antifragile_explorer,818,0.9,1.0,0.974186,0.934241,0.926252,0.86,0.788,4,0.920232
antifragile_explorer,819,0.9,1.0,0.985232,0.929798,0.918711,0.86,0.788,4,0.920303
antifragile_explorer,820,0.9,1.0,0.992826,0.923253,0.909339,0.86,0.788,4,0.919123
antifragile_explorer,821,0.9,1.0,0.994821,0.927269,0.913759,0.86,0.788,4,0.920832
antifragile_explorer,822,0.9,1.0,0.985823,0.923446,0.91097,0.86,0.788,4,0.918155
antifragile_explorer,823,0.9,0.985433,0.984246,0.922547,0.910207,0.86,0.788,4,0.914691
antifragile_explorer,824,0.9,0.984624,0.978535,0.912916,0.899792,0.86,0.788,4,0.910294
antifragile_explorer,825,0.9,0.985823,0.970644,0.914754,0.903576,0.86,0.788,4,0.910013
antifragile_explorer,826,0.9,0.993631,0.968371,0.903245,0.890219,0.86,0.788,4,0.907187
antifragile_explorer,827,0.9,0.987366,0.969282,0.900021,0.886168,0.86,0.788,4,0.904934
antifragile_explorer,828,0.9,1.0,0.972988,0.90848,0.895579,0.86,0.788,4,0.910987
antifragile_explorer,829,0.9,1.0,0.962755,0.908113,0.897184,0.86,0.788,4,0.909343
antifragile_explorer,830,0.9,1.0,0.960343,0.911246,0.901426,0.86,0.788,4,0.910089
antifragile_explorer,831,0.9,1.0,0.960207,0.917704,0.909203,0.86,0.788,4,0.912342
antifragile_explorer,832,0.9,0.990688,0.947175,0.923802,0.919127,0.86,0.788,4,0.910698
antifragile_explorer,833,0.9,1.0,0.943999,0.921701,0.917241,0.86,0.788,4,0.91135
antifragile_explorer,834,0.9,1.0,0.955102,0.927779,0.922314,0.86,0.788,4,0.915133
antifragile_explorer,835,0.9,1.0,0.954322,0.926647,0.921112,0.86,0.788,4,0.914619
antifragile_explorer,836,0.9,0.99577,0.954039,0.921175,0.914602,0.86,0.788,4,0.911805
antifragile_explorer,837,0.9,1.0,0.963388,0.912723,0.90259,0.86,0.788,4,0.91106
antifragile_explorer,838,0.9,0.99102,0.956814,0.910465,0.901195,0.86,0.788,4,0.907496
antifragile_explorer,839,0.9,0.996425,0.956076,0.907213,0.89744,0.86,0.788,4,0.907323
antifragile_explorer,840,0.9,1.0,0.961606,0.916887,0.907943,0.86,0.788,4,0.912262
antifragile_explorer,841,0.9,0.982463,0.954784,0.921072,0.91433,0.86,0.788,4,0.909218
antifragile_explorer,842,0.9,0.981592,0.948924,0.928084,0.923916,0.86,0.788,4,0.910645
antifragile_explorer,843,0.9,0.989202,0.94598,0.93035,0.927223,0.86,0.788,4,0.912528
antifragile_explorer,844,0.9,0.991763,0.93172,0.922111,0.920189,0.86,0.788,4,0.90803
antifragile_explorer,845,0.9,1.0,0.922063,0.915958,0.914737,0.86,0.788,4,0.906083
antifragile_explorer,846,0.9,1.0,0.924585,0.921583,0.920982,0.86,0.788,4,0.908436
antifragile_explorer,847,0.9,0.999515,0.926345,0.91895,0.917471,0.86,0.788,4,0.907673
antifragile_explorer,848,0.9,0.990265,0.932923,0.920548,0.918073,0.86,0.788,4,0.907358
antifragile_explorer,849,0.9,0.980721,0.928171,0.929075,0.92799,0.86,0.788,4,0.907545
antifragile_explorer,850,0.9,0.986548,0.9241,0.930092,0.922902,0.86,0.788,4,0.907327
antifragile_explorer,851,0.9,0.990947,0.927599,0.93319,0.926481,0.86,0.788,4,0.909905
antifragile_explorer,852,0.9,0.991811,0.932039,0.933044,0.931838,0.86,0.788,4,0.91171
antifragile_explorer,853,0.9,1.0,0.927475,0.940651,0.924839,0.86,0.788,4,0.912624
antifragile_explorer,854,0.9,1.0,0.932942,0.938586,0.931813,0.86,0.788,4,0.914393
antifragile_explorer,855,0.9,0.987837,0.930378,0.942775,0.927898,0.86,0.788,4,0.911543
antifragile_explorer,856,0.9,0.992212,0.922689,0.942333,0.91876,0.86,0.788,4,0.909501
antifragile_explorer,857,0.9,0.995188,0.920981,0.93616,0.917946,0.86,0.788,4,0.908671
antifragile_explorer,858,0.9,0.991315,0.914425,0.943729,0.908565,0.86,0.788,4,0.906426
antifragile_explorer,859,0.9,0.977297,0.912123,0.950162,0.904515,0.86,0.788,4,0.90359
antifragile_explorer,860,0.9,0.992879,0.90846,0.95402,0.899347,0.86,0.788,4,0.905837
antifragile_explorer,861,0.9,1.0,0.90175,0.949138,0.892273,0.86,0.788,4,0.904141
antifragile_explorer,862,0.9,0.997163,0.909255,0.947411,0.901624,0.86,0.788,4,0.906144
antifragile_explorer,863,0.9,0.989674,0.90713,0.943042,0.899948,0.86,0.788,4,0.903297
antifragile_explorer,864,0.9,0.99402,0.911466,0.941056,0.905548,0.86,0.788,4,0.905525
antifragile_explorer,865,0.9,0.999082,0.906776,0.948517,0.898428,0.86,0.788,4,0.905747
antifragile_explorer,866,0.9,1.0,0.906385,0.952155,0.897231,0.86,0.788,4,0.906251
antifragile_explorer,867,0.9,0.990336,0.901589,0.959305,0.890046,0.86,0.788,4,0.903449
antifragile_explorer,868,0.9,0.980483,0.905355,0.956633,0.8951,0.86,0.788,4,0.902538
antifragile_explorer,869,0.9,0.974924,0.912945,0.945568,0.90642,0.86,0.788,4,0.902833
antifragile_explorer,870,0.9,0.979485,0.923878,0.949806,0.918692,0.86,0.788,4,0.908355
antifragile_explorer,871,0.9,0.99532,0.917026,0.952241,0.909983,0.86,0.788,4,0.909284
antifragile_explorer,872,0.9,0.991871,0.922605,0.94996,0.917134,0.86,0.788,4,0.910378
antifragile_explorer,873,0.9,0.980754,0.925915,0.948328,0.921433,0.86,0.788,4,0.909177
antifragile_explorer,874,0.9,0.984002,0.934655,0.952242,0.931138,0.86,0.788,4,0.913579
antifragile_explorer,875,0.9,0.993904,0.940518,0.955876,0.937446,0.86,0.788,4,0.918205
antifragile_explorer,876,0.9,0.989643,0.949822,0.949082,0.948934,0.86,0.788,4,0.919779
antifragile_explorer,877,0.9,0.998895,0.94631,0.937966,0.936297,0.86,0.788,4,0.917197
antifragile_explorer,878,0.9,1.0,0.942032,0.934242,0.932684,0.86,0.788,4,0.915474
antifragile_explorer,879,0.9,1.0,0.941549,0.931591,0.9296,0.86,0.788,4,0.914469
antifragile_explorer,880,0.9,1.0,0.937015,0.925399,0.923076,0.86,0.788,4,0.911619
antifragile_explorer,881,0.9,1.0,0.928779,0.915954,0.913389,0.86,0.788,4,0.907075
antifragile_explorer,882,0.9,1.0,0.923279,0.909929,0.907259,0.86,0.788,4,0.90414
antifragile_explorer,883,0.9,0.994804,0.919053,0.908666,0.906589,0.86,0.788,4,0.902031
antifragile_explorer,884,0.9,0.996269,0.919408,0.913256,0.912026,0.86,0.788,4,0.903992
antifragile_explorer,885,0.9,1.0,0.922446,0.915449,0.914049,0.86,0.788,4,0.90596
antifragile_explorer,886,0.9,1.0,0.917258,0.919091,0.916892,0.86,0.788,4,0.906064
antifragile_explorer,887,0.9,1.0,0.910397,0.913803,0.909716,0.86,0.788,4,0.902835
antifragile_explorer,888,0.9,1.0,0.914918,0.920376,0.913827,0.86,0.788,4,0.905358
antifragile_explorer,889,0.9,1.0,0.913325,0.926592,0.910672,0.86,0.788,4,0.905561
antifragile_explorer,890,0.9,1.0,0.91408,0.937373,0.909421,0.86,0.788,4,0.907222
antifragile_explorer,891,0.9,1.0,0.918429,0.937839,0.914547,0.86,0.788,4,0.908899
antifragile_explorer,892,0.9,1.0,0.919567,0.949936,0.913493,0.86,0.788,4,0.910871
antifragile_explorer,893,0.9,0.998836,0.925292,0.952625,0.919826,0.86,0.788,4,0.913112
antifragile_explorer,894,0.9,0.998241,0.92768,0.952826,0.92265,0.86,0.788,4,0.913907
antifragile_explorer,895,0.9,0.994759,0.93235,0.956126,0.927595,0.86,0.788,4,0.91537
antifragile_explorer,896,0.9,0.998279,0.931015,0.961599,0.924899,0.86,0.788,4,0.916278
antifragile_explorer,897,0.9,1.0,0.938671,0.969788,0.932448,0.86,0.788,4,0.920519
antifragile_explorer,898,0.9,0.999708,0.940357,0.972576,0.933913,0.86,0.788,4,0.921444
antifragile_explorer,899,0.9,1.0,0.944839,0.967683,0.940271,0.86,0.788,4,0.922544
antifragile_explorer,900,0.9,1.0,0.939201,0.963245,0.934393,0.86,0.788,4,0.919878
antifragile_explorer,901,0.9,1.0,0.94628,0.971778,0.94118,0.86,0.788,4,0.923604
antifragile_explorer,902,0.9,1.0,0.949157,0.975491,0.94389,0.86,0.788,4,0.925149
antifragile_explorer,903,0.9,0.997667,0.954402,0.984655,0.948352,0.86,0.788,4,0.927807
antifragile_explorer,904,0.9,0.998761,0.958028,0.981015,0.95343,0.86,0.788,4,0.928908
antifragile_explorer,905,0.9,1.0,0.956027,0.981444,0.950944,0.86,0.788,4,0.928467
antifragile_explorer,906,0.9,1.0,0.961885,0.980312,0.9582,0.86,0.788,4,0.930501
antifragile_explorer,907,0.9,1.0,0.965946,0.981774,0.962781,0.86,0.788,4,0.932199
antifragile_explorer,908,0.9,1.0,0.971071,0.981829,0.96892,0.86,0.788,4,0.934113
antifragile_explorer,909,0.9,0.995705,0.98688,0.980431,0.979142,0.86,0.788,4,0.937511
antifragile_explorer,910,0.9,1.0,0.984636,0.980807,0.980041,0.86,0.788,4,0.93817
antifragile_explorer,911,0.9,0.996288,0.987526,0.971234,0.967976,0.86,0.788,4,0.934486
antifragile_explorer,912,0.9,1.0,0.99157,0.961298,0.955243,0.86,0.788,4,0.932329
antifragile_explorer,913,0.9,1.0,1.0,0.969116,0.962939,0.86,0.788,4,0.936329
antifragile_explorer,914,0.9,1.0,0.994915,0.975606,0.971744,0.86,0.788,4,0.937861
antifragile_explorer,915,0.9,0.993915,0.987359,0.98187,0.980772,0.86,0.788,4,0.93773
antifragile_explorer,916,0.9,0.998322,0.987479,0.97542,0.973009,0.86,0.788,4,0.936359
antifragile_explorer,917,0.9,0.996959,0.979258,0.972808,0.971518,0.86,0.788,4,0.93395
antifragile_explorer,918,0.9,1.0,0.983572,0.965503,0.961889,0.86,0.788,4,0.932626
antifragile_explorer,919,0.9,1.0,0.977964,0.968642,0.966778,0.86,0.788,4,0.932901
antifragile_explorer,920,0.9,1.0,0.980107,0.966581,0.963876,0.86,0.788,4,0.932492
antifragile_explorer,921,0.9,0.991133,0.980929,0.966593,0.963725,0.86,0.788,4,0.930845
antifragile_explorer,922,0.9,1.0,0.987648,0.960889,0.955537,0.86,0.788,4,0.931605
antifragile_explorer,923,0.9,1.0,0.980916,0.950345,0.944231,0.86,0.788,4,0.926897
antifragile_explorer,924,0.9,1.0,0.97259,0.952241,0.948171,0.86,0.788,4,0.926332
antifragile_explorer,925,0.9,1.0,0.97229,0.942001,0.935943,0.86,0.788,4,0.922683
antifragile_explorer,926,0.9,1.0,0.975302,0.954592,0.95045,0.86,0.788,4,0.927561
antifragile_explorer,927,0.9,0.980601,0.969396,0.958271,0.956046,0.86,0.788,4,0.924102
antifragile_explorer,928,0.9,0.974476,0.961392,0.956845,0.955935,0.86,0.788,4,0.921191
antifragile_explorer,929,0.9,0.982241,0.959572,0.953807,0.952654,0.86,0.788,4,0.921405
antifragile_explorer,930,0.9,0.987946,0.960507,0.955795,0.954852,0.86,0.788,4,0.923384
antifragile_explorer,931,0.9,0.990969,0.954971,0.952155,0.951592,0.86,0.788,4,0.921888
antifragile_explorer,932,0.9,1.0,0.947635,0.950445,0.947073,0.86,0.788,4,0.921377
antifragile_explorer,933,0.9,1.0,0.954958,0.949426,0.94832,0.86,0.788,4,0.922732
antifragile_explorer,934,0.9,1.0,0.966579,0.958721,0.957149,0.86,0.788,4,0.927724
antifragile_explorer,935,0.9,1.0,0.966321,0.959117,0.957677,0.86,0.788,4,0.927825
antifragile_explorer,936,0.9,1.0,0.961803,0.965424,0.961078,0.86,0.788,4,0.928565
antifragile_explorer,937,0.9,1.0,0.954817,0.966378,0.952505,0.86,0.788,4,0.926089
antifragile_explorer,938,0.9,0.998947,0.952198,0.968665,0.948904,0.86,0.788,4,0.925196
antifragile_explorer,939,0.9,1.0,0.961691,0.973063,0.959417,0.86,0.788,4,0.929501
antifragile_explorer,940,0.9,1.0,0.957944,0.968733,0.955786,0.86,0.788,4,0.927553
antifragile_explorer,941,0.9,1.0,0.959973,0.967766,0.958414,0.86,0.788,4,0.928184
antifragile_explorer,942,0.9,1.0,0.954046,0.972426,0.95037,0.86,0.788,4,0.926576
antifragile_explorer,943,0.9,0.990968,0.949833,0.968913,0.946017,0.86,0.788,4,0.922752
antifragile_explorer,944,0.9,0.991632,0.950163,0.96069,0.948057,0.86,0.788,4,0.921955
antifragile_explorer,945,0.9,0.995801,0.953994,0.958106,0.953171,0.86,0.788,4,0.923884
antifragile_explorer,946,0.9,1.0,0.943266,0.960482,0.939823,0.86,0.788,4,0.921037
antifragile_explorer,947,0.9,1.0,0.940391,0.95523,0.937423,0.86,0.788,4,0.919295
antifragile_explorer,948,0.9,0.983056,0.939499,0.95544,0.936311,0.86,0.788,4,0.915601
antifragile_explorer,949,0.9,0.998762,0.936949,0.954764,0.933386,0.86,0.788,4,0.917707
antifragile_explorer,950,0.9,1.0,0.945857,0.970362,0.940956,0.86,0.788,4,0.923265
antifragile_explorer,951,0.9,1.0,0.957065,0.972353,0.954008,0.86,0.788,4,0.92769
antifragile_explorer,952,0.9,1.0,0.958651,0.97492,0.955397,0.86,0.788,4,0.928608
antifragile_explorer,953,0.9,1.0,0.950083,0.965589,0.946981,0.86,0.788,4,0.924226
antifragile_explorer,954,0.9,0.994687,0.950879,0.966998,0.947655,0.86,0.788,4,0.92364
antifragile_explorer,955,0.9,0.991054,0.957096,0.967017,0.955112,0.86,0.788,4,0.925229
antifragile_explorer,956,0.9,0.985083,0.956747,0.974155,0.953265,0.86,0.788,4,0.924818
antifragile_explorer,957,0.9,0.982305,0.9542,0.968657,0.951309,0.86,0.788,4,0.922611
antifragile_explorer,958,0.9,0.974712,0.954141,0.972983,0.950372,0.86,0.788,4,0.921624
antifragile_explorer,959,0.9,0.977587,0.953588,0.979767,0.948352,0.86,0.788,4,0.922862
antifragile_explorer,960,0.9,0.976585,0.949292,0.973282,0.944494,0.86,0.788,4,0.920234
antifragile_explorer,961,0.9,0.979105,0.950472,0.981379,0.944291,0.86,0.788,4,0.922213
antifragile_explorer,962,0.9,0.969535,0.955191,0.983045,0.949621,0.86,0.788,4,0.922268
antifragile_explorer,963,0.9,0.975756,0.945586,0.992106,0.936282,0.86,0.788,4,0.921099
antifragile_explorer,964,0.9,0.972435,0.942988,0.98202,0.935181,0.86,0.788,4,0.918177
antifragile_explorer,965,0.9,0.972173,0.935995,0.986982,0.925797,0.86,0.788,4,0.916158
antifragile_explorer,966,0.9,0.975554,0.935236,0.989811,0.924321,0.86,0.788,4,0.916914
antifragile_explorer,967,0.9,0.970496,0.932408,0.988203,0.921249,0.86,0.788,4,0.914645
antifragile_explorer,968,0.9,0.974171,0.934806,0.979253,0.925917,0.86,0.788,4,0.915126
antifragile_explorer,969,0.9,0.977798,0.951217,0.977275,0.946006,0.86,0.788,4,0.921704
antifragile_explorer,970,0.9,1.0,0.953202,0.977251,0.948392,0.86,0.788,4,0.926879
antifragile_explorer,971,0.9,1.0,0.947033,0.980196,0.9404,0.86,0.788,4,0.924961
antifragile_explorer,972,0.9,1.0,0.939379,0.988588,0.929538,0.86,0.788,4,0.923188
antifragile_explorer,973,0.9,0.993879,0.947914,0.985755,0.940346,0.86,0.788,4,0.924776
antifragile_explorer,974,0.9,1.0,0.951633,0.972814,0.947397,0.86,0.788,4,0.925728
antifragile_explorer,975,0.9,1.0,0.950472,0.972616,0.946043,0.86,0.788,4,0.92527
antifragile_explorer,976,0.9,1.0,0.943117,0.971361,0.937468,0.86,0.788,4,0.922374
antifragile_explorer,977,0.9,1.0,0.950517,0.966925,0.947236,0.86,0.788,4,0.924559
antifragile_explorer,978,0.9,1.0,0.948772,0.960828,0.946361,0.86,0.788,4,0.923129
antifragile_explorer,979,0.9,1.0,0.945209,0.968682,0.940514,0.86,0.788,4,0.922809
antifragile_explorer,980,0.9,0.996395,0.947531,0.965092,0.944019,0.86,0.788,4,0.922492
antifragile_explorer,981,0.9,1.0,0.949116,0.966404,0.945658,0.86,0.788,4,0.923971
antifragile_explorer,982,0.9,0.990055,0.952322,0.967928,0.949201,0.86,0.788,4,0.92337
antifragile_explorer,983,0.9,0.998502,0.951911,0.974661,0.947361,0.86,0.788,4,0.925768
antifragile_explorer,984,0.9,1.0,0.950852,0.977858,0.945451,0.86,0.788,4,0.926083
antifragile_explorer,985,0.9,1.0,0.963782,0.983473,0.959844,0.86,0.788,4,0.931612
antifragile_explorer,986,0.9,0.991286,0.955862,0.981822,0.95067,0.86,0.788,4,0.926711
antifragile_explorer,987,0.9,0.993301,0.946751,0.989037,0.938294,0.86,0.788,4,0.924648
antifragile_explorer,988,0.9,1.0,0.954159,0.990577,0.946875,0.86,0.788,4,0.928941
antifragile_explorer,989,0.9,1.0,0.967562,0.988624,0.96335,0.86,0.788,4,0.933677
antifragile_explorer,990,0.9,1.0,0.975149,0.983728,0.973434,0.86,0.788,4,0.935873
antifragile_explorer,991,0.9,0.999585,0.975985,0.990623,0.973057,0.86,0.788,4,0.936983
antifragile_explorer,992,0.9,1.0,0.976998,1.0,0.972398,0.86,0.788,4,0.938643
antifragile_explorer,993,0.9,1.0,0.980833,0.997977,0.977404,0.86,0.788,4,0.939811
antifragile_explorer,994,0.9,1.0,0.979617,0.988457,0.977849,0.86,0.788,4,0.93814
antifragile_explorer,995,0.9,0.987063,0.977874,0.990113,0.975426,0.86,0.788,4,0.935116
antifragile_explorer,996,0.9,0.987375,0.977732,0.985574,0.976164,0.86,0.788,4,0.934545
antifragile_explorer,997,0.9,0.991439,0.972705,0.987423,0.969761,0.86,0.788,4,0.933724
antifragile_explorer,998,0.9,0.99371,0.98769,0.98679,0.98661,0.86,0.788,4,0.93947
antifragile_explorer,999,0.9,0.99393,0.982071,0.991127,0.98026,0.86,0.788,4,0.938181
predictive_gv,0,0.66,0.348096,0.996771,0.99409,0.993554,0.5,0.5,0,0.717061
predictive_gv,1,0.66,0.347033,1.0,0.995432,0.994518,0.5,0.5,0,0.717799
predictive_gv,2,0.66,0.355681,1.0,1.0,1.0,0.5,0.5,0,0.721136
predictive_gv,3,0.66,0.358825,0.999931,1.0,0.999917,0.5,0.5,0,0.721739
predictive_gv,4,0.66,0.356279,1.0,0.995102,0.994123,0.5,0.5,0,0.719532
predictive_gv,5,0.66,0.36223,0.998864,0.99863,0.998583,0.5,0.5,0,0.721795
predictive_gv,6,0.66,0.366173,0.996118,1.0,0.995341,0.5,0.5,0,0.72179
predictive_gv,7,0.66,0.364042,0.987953,1.0,0.985543,0.5,0.5,0,0.718327
predictive_gv,8,0.66,0.360351,0.990296,1.0,0.988355,0.5,0.5,0,0.71846
predictive_gv,9,0.66,0.363149,0.991513,1.0,0.989815,0.5,0.5,0,0.719473
predictive_gv,10,0.66,0.369188,0.998309,1.0,0.997971,0.5,0.5,0,0.723209
predictive_gv,11,0.66,0.370674,1.0,0.989281,0.987137,0.5,0.5,0,0.720362
predictive_gv,12,0.66,0.38066,1.0,0.981979,0.978375,0.5,0.5,0,0.719789
predictive_gv,13,0.66,0.380104,0.998435,0.984299,0.981472,0.5,0.5,0,0.720262
predictive_gv,14,0.66,0.373886,0.99667,0.98385,0.981287,0.5,0.5,0,0.7186
predictive_gv,15,0.66,0.382843,0.994254,0.981756,0.979256,0.5,0.5,0,0.719296
predictive_gv,16,0.66,0.384452,0.999434,0.976648,0.97209,0.5,0.5,0,0.718587
predictive_gv,17,0.66,0.384614,0.999811,0.969834,0.963838,0.5,0.5,0,0.716276
predictive_gv,18,0.66,0.388712,0.995269,0.961933,0.955266,0.5,0.5,0,0.713643
predictive_gv,19,0.66,0.386298,1.0,0.963132,0.955758,0.5,0.5,0,0.714282
predictive_gv,20,0.66,0.387246,0.984069,0.957306,0.951954,0.5,0.5,0,0.710063
predictive_gv,21,0.66,0.392804,0.973761,0.958138,0.955013,0.5,0.5,0,0.709942
predictive_gv,22,0.66,0.397321,0.974353,0.963729,0.961604,0.5,0.5,0,0.712901
predictive_gv,23,0.66,0.403633,0.980208,0.962606,0.959086,0.5,0.5,0,0.714635
predictive_gv,24,0.66,0.410589,0.973429,0.960449,0.957853,0.5,0.5,0,0.714264
predictive_gv,25,0.66,0.419251,0.977071,0.965569,0.963269,0.5,0.5,0,0.718337
predictive_gv,26,0.66,0.434605,0.976467,0.973974,0.973475,0.5,0.5,0,0.724277
predictive_gv,27,0.66,0.439298,0.973721,0.978109,0.972844,0.5,0.5,0,0.725282
predictive_gv,28,0.66,0.444866,0.968077,0.978359,0.966021,0.5,0.5,0,0.724328
predictive_gv,29,0.66,0.451469,0.974875,0.979846,0.973881,0.5,0.5,0,0.728367
predictive_gv,30,0.66,0.454969,0.99122,0.990266,0.990075,0.5,0.5,0,0.736268
predictive_gv,31,0.66,0.45982,0.97361,0.990909,0.970151,0.5,0.5,0,0.730983
predictive_gv,32,0.66,0.461001,0.971562,0.989553,0.967964,0.5,0.5,0,0.730284
predictive_gv,33,0.66,0.454454,0.979462,0.989499,0.977455,0.5,0.5,0,0.731907
predictive_gv,34,0.66,0.466088,0.970746,0.986451,0.967605,0.5,0.5,0,0.730601
predictive_gv,35,0.66,0.48588,0.967426,0.973887,0.966134,0.5,0.5,0,0.731716
predictive_gv,36,0.66,0.492164,0.97301,0.988251,0.969961,0.5,0.5,0,0.736889
predictive_gv,37,0.66,0.496308,0.96839,0.998313,0.962406,0.5,0.5,0,0.737287
predictive_gv,38,0.66,0.493682,0.966741,0.990844,0.96192,0.5,0.5,0,0.735192
predictive_gv,39,0.66,0.494458,0.972023,0.988763,0.968675,0.5,0.5,0,0.737046
predictive_gv,40,0.66,0.484267,0.974036,0.989502,0.970942,0.5,0.5,0,0.735851
predictive_gv,41,0.66,0.483168,0.977068,0.998129,0.972855,0.5,0.5,0,0.737863
predictive_gv,42,0.66,0.486519,0.983437,0.993523,0.981419,0.5,0.5,0,0.740313
predictive_gv,43,0.66,0.488855,0.976016,0.994709,0.972277,0.5,0.5,0,0.738172
predictive_gv,44,0.66,0.495936,0.969542,0.994911,0.964468,0.5,0.5,0,0.737206
predictive_gv,45,0.66,0.515196,0.978045,0.987986,0.976057,0.5,0.5,0,0.743334
predictive_gv,46,0.66,0.513971,0.980342,0.983677,0.979674,0.5,0.5,0,0.743392
predictive_gv,47,0.66,0.513854,0.985208,0.985846,0.98508,0.5,0.5,0,0.745457
predictive_gv,48,0.66,0.518225,0.988034,0.989405,0.98776,0.5,0.5,0,0.747838
predictive_gv,49,0.66,0.521528,0.998817,0.990544,0.988889,0.5,0.5,0,0.750802
predictive_gv,50,0.66,0.524991,0.997542,0.988187,0.986316,0.5,0.5,0,0.750476
predictive_gv,51,0.66,0.523586,0.996735,0.983763,0.981168,0.5,0.5,0,0.748518
predictive_gv,52,0.66,0.530899,0.995552,0.972151,0.967471,0.5,0.5,0,0.745719
predictive_gv,53,0.66,0.534501,0.989712,0.977542,0.975108,0.5,0.5,0,0.747472
predictive_gv,54,0.66,0.545504,0.989646,0.964536,0.959513,0.5,0.5,0,0.745085
predictive_gv,55,0.66,0.544894,0.986584,0.961067,0.955963,0.5,0.5,0,0.743289
predictive_gv,56,0.66,0.543653,0.975806,0.96975,0.968539,0.5,0.5,0,0.744502
predictive_gv,57,0.66,0.540437,0.969689,0.975191,0.968589,0.5,0.5,0,0.743636
predictive_gv,58,0.66,0.544149,0.967006,0.972709,0.965865,0.5,0.5,0,0.743063
predictive_gv,59,0.66,0.541827,0.967949,0.974858,0.966568,0.5,0.5,0,0.743224
predictive_gv,60,0.66,0.543739,0.974145,0.965561,0.963844,0.5,0.5,0,0.742799
predictive_gv,61,0.66,0.538773,0.968527,0.968057,0.967962,0.5,0.5,0,0.741853
predictive_gv,62,0.66,0.531679,0.977323,0.97444,0.973863,0.5,0.5,0,0.743982
predictive_gv,63,0.66,0.522523,0.981496,0.97342,0.971805,0.5,0.5,0,0.74241
predictive_gv,64,0.66,0.530094,0.983792,0.968007,0.96485,0.5,0.5,0,0.742358
predictive_gv,65,0.66,0.522528,0.992061,0.971404,0.967272,0.5,0.5,0,0.743265
predictive_gv,66,0.66,0.531605,1.0,0.97087,0.965044,0.5,0.5,0,0.746067
predictive_gv,67,0.66,0.530791,1.0,0.962613,0.955136,0.5,0.5,0,0.742998
predictive_gv,68,0.66,0.533779,1.0,0.952852,0.943423,0.5,0.5,0,0.74016
predictive_gv,69,0.66,0.546724,0.998549,0.953097,0.944007,0.5,0.5,0,0.74262
predictive_gv,70,0.66,0.541903,0.987633,0.950588,0.943179,0.5,0.5,0,0.739158
predictive_gv,71,0.66,0.545488,0.983241,0.949045,0.942206,0.5,0.5,0,0.738681
predictive_gv,72,0.66,0.547742,0.980523,0.94405,0.936756,0.5,0.5,0,0.736971
predictive_gv,73,0.66,0.558922,0.981819,0.941902,0.933918,0.5,0.5,0,0.738643
predictive_gv,74,0.66,0.545157,0.981474,0.941068,0.932987,0.5,0.5,0,0.735546
predictive_gv,75,0.66,0.54178,0.979513,0.948614,0.942435,0.5,0.5,0,0.737236
predictive_gv,76,0.66,0.536995,0.976957,0.947046,0.941064,0.5,0.5,0,0.735349
predictive_gv,77,0.66,0.540799,0.978136,0.951693,0.946405,0.5,0.5,0,0.73792
predictive_gv,78,0.66,0.55435,0.978716,0.947862,0.941692,0.5,0.5,0,0.739368
predictive_gv,79,0.66,0.566846,0.97674,0.954967,0.950613,0.5,0.5,0,0.744075
predictive_gv,80,0.66,0.682161,0.965913,0.933986,0.9276,0.566,0.5528,1,0.77597
predictive_gv,81,0.66,0.687614,0.961592,0.93534,0.930089,0.566,0.5528,1,0.776898
predictive_gv,82,0.66,0.693045,0.973956,0.934861,0.927042,0.566,0.5528,1,0.779646
predictive_gv,83,0.66,0.695881,0.974803,0.935629,0.927794,0.566,0.5528,1,0.780608
predictive_gv,84,0.66,0.701202,0.973751,0.931938,0.923575,0.566,0.5528,1,0.780218
predictive_gv,85,0.66,0.704634,0.973091,0.941816,0.935561,0.566,0.5528,1,0.784284
predictive_gv,86,0.66,0.717457,0.968537,0.944656,0.93988,0.566,0.5528,1,0.787174
predictive_gv,87,0.66,0.712713,0.97727,0.957288,0.953291,0.566,0.5528,1,0.791964
predictive_gv,88,0.66,0.718036,0.978225,0.968824,0.966944,0.566,0.5528,1,0.797231
predictive_gv,89,0.66,0.723693,0.97445,0.95553,0.951746,0.566,0.5528,1,0.793124
predictive_gv,90,0.66,0.741118,0.971204,0.961475,0.959529,0.566,0.5528,1,0.798221
predictive_gv,91,0.66,0.743656,0.972704,0.952218,0.94812,0.566,0.5528,1,0.795692
predictive_gv,92,0.66,0.753552,0.973805,0.955712,0.952093,0.566,0.5528,1,0.799064
predictive_gv,93,0.66,0.773728,0.971929,0.96654,0.965462,0.566,0.5528,1,0.806633
predictive_gv,94,0.66,0.789922,0.965337,0.968551,0.964695,0.566,0.5528,1,0.808884
predictive_gv,95,0.66,0.793678,0.973608,0.971673,0.971286,0.566,0.5528,1,0.812678
predictive_gv,96,0.66,0.790956,0.969383,0.972535,0.968753,0.566,0.5528,1,0.811106
predictive_gv,97,0.66,0.792109,0.964458,0.980468,0.961256,0.566,0.5528,1,0.81052
predictive_gv,98,0.66,0.806158,0.965494,0.984886,0.961616,0.566,0.5528,1,0.814281
predictive_gv,99,0.66,0.802203,0.968629,0.996864,0.962982,0.566,0.5528,1,0.816189
predictive_gv,100,0.66,0.812054,0.973636,0.998791,0.968604,0.566,0.5528,1,0.820268
predictive_gv,101,0.66,0.819072,0.978927,0.990711,0.97657,0.566,0.5528,1,0.822606
predictive_gv,102,0.66,0.82024,0.977147,0.998737,0.972829,0.566,0.5528,1,0.823205
predictive_gv,103,0.66,0.811721,0.982538,0.990249,0.980996,0.566,0.5528,1,0.82242
predictive_gv,104,0.66,0.821628,0.983962,0.993349,0.982085,0.566,0.5528,1,0.825328
predictive_gv,105,0.66,0.813192,0.97728,0.991895,0.974357,0.566,0.5528,1,0.820969
predictive_gv,106,0.66,0.818289,0.975119,0.993224,0.971498,0.566,0.5528,1,0.821355
predictive_gv,107,0.66,0.824023,0.978788,0.991344,0.976277,0.566,0.5528,1,0.823626
predictive_gv,108,0.66,0.828551,0.964787,0.995457,0.958653,0.566,0.5528,1,0.81985
predictive_gv,109,0.66,0.835704,0.958017,0.993685,0.950883,0.566,0.5528,1,0.818535
predictive_gv,110,0.66,0.8443,0.95072,0.988283,0.943207,0.566,0.5528,1,0.816848
predictive_gv,111,0.66,0.841905,0.94648,0.99404,0.936968,0.566,0.5528,1,0.815529
predictive_gv,112,0.66,0.850322,0.953017,0.992811,0.945058,0.566,0.5528,1,0.819487
predictive_gv,113,0.66,0.847777,0.955292,0.989838,0.948383,0.566,0.5528,1,0.819443
predictive_gv,114,0.66,0.855217,0.963606,0.992502,0.957827,0.566,0.5528,1,0.824365
predictive_gv,115,0.66,0.852212,0.953561,0.996992,0.944875,0.566,0.5528,1,0.820602
predictive_gv,116,0.66,0.852663,0.944196,0.991678,0.9347,0.566,0.5528,1,0.816528
predictive_gv,117,0.66,0.851828,0.943336,0.992443,0.933514,0.566,0.5528,1,0.816139
predictive_gv,118,0.66,0.859884,0.935133,0.996295,0.9229,0.566,0.5528,1,0.815192
predictive_gv,119,0.66,0.861741,0.936748,0.997622,0.924573,0.566,0.5528,1,0.816334
predictive_gv,120,0.66,0.862922,0.945559,0.993463,0.935979,0.566,0.5528,1,0.819316
predictive_gv,121,0.66,0.865069,0.940246,0.983303,0.931634,0.566,0.5528,1,0.816468
predictive_gv,122,0.66,0.879298,0.941627,0.984825,0.932988,0.566,0.5528,1,0.820023
predictive_gv,123,0.66,0.885443,0.943764,0.981245,0.936267,0.566,0.5528,1,0.821588
predictive_gv,124,0.66,0.889444,0.938925,0.983743,0.929962,0.566,0.5528,1,0.820908
predictive_gv,125,0.66,0.89026,0.935369,0.983116,0.925819,0.566,0.5528,1,0.819668
predictive_gv,126,0.66,0.88309,0.940585,0.979504,0.932801,0.566,0.5528,1,0.819712
predictive_gv,127,0.66,0.881215,0.938787,0.989196,0.928705,0.566,0.5528,1,0.819909
predictive_gv,128,0.66,0.887738,0.950828,0.993601,0.942273,0.566,0.5528,1,0.826256
predictive_gv,129,0.66,0.880125,0.947646,0.994721,0.938231,0.566,0.5528,1,0.823694
predictive_gv,130,0.66,0.872592,0.943823,0.989995,0.934588,0.566,0.5528,1,0.82016
predictive_gv,131,0.66,0.891109,0.93974,0.984403,0.930808,0.566,0.5528,1,0.821629
predictive_gv,132,0.66,0.898833,0.941119,0.979447,0.933454,0.566,0.5528,1,0.823052
predictive_gv,133,0.66,0.895141,0.944485,0.996108,0.93416,0.566,0.5528,1,0.825698
predictive_gv,134,0.66,0.897038,0.941994,0.988153,0.932762,0.566,0.5528,1,0.824133
predictive_gv,135,0.66,0.905112,0.940763,0.995753,0.929765,0.566,0.5528,1,0.826263
predictive_gv,136,0.66,0.91395,0.94414,0.994804,0.934007,0.566,0.5528,1,0.829165
predictive_gv,137,0.66,0.915426,0.9507,0.991896,0.942461,0.566,0.5528,1,0.831528
predictive_gv,138,0.66,0.909404,0.956712,0.993992,0.949256,0.566,0.5528,1,0.832829
predictive_gv,139,0.66,0.910252,0.963469,0.9866,0.958843,0.566,0.5528,1,0.834566
predictive_gv,140,0.66,0.912336,0.977255,0.982927,0.976121,0.566,0.5528,1,0.839641
predictive_gv,141,0.66,0.917057,0.974332,0.984354,0.972328,0.566,0.5528,1,0.83968
predictive_gv,142,0.66,0.916835,0.965058,0.98463,0.961143,0.566,0.5528,1,0.836221
predictive_gv,143,0.66,0.919934,0.972544,0.988527,0.969348,0.566,0.5528,1,0.840125
predictive_gv,144,0.66,0.917551,0.970368,0.980014,0.968439,0.566,0.5528,1,0.837749
predictive_gv,145,0.66,0.921359,0.981461,0.983723,0.981008,0.566,0.5528,1,0.843112
predictive_gv,146,0.66,0.912484,0.980722,0.989034,0.97906,0.566,0.5528,1,0.841742
predictive_gv,147,0.66,0.91946,0.980156,0.993632,0.97746,0.566,0.5528,1,0.843515
predictive_gv,148,0.66,0.934933,0.974017,0.998566,0.969107,0.566,0.5528,1,0.844957
predictive_gv,149,0.66,0.936647,0.973271,1.0,0.967926,0.566,0.5528,1,0.845206
predictive_gv,150,0.66,0.947753,0.982441,1.0,0.978929,0.566,0.5528,1,0.850839
predictive_gv,151,0.66,0.951137,0.98938,1.0,0.987255,0.566,0.5528,1,0.854097
predictive_gv,152,0.66,0.955227,0.992685,0.999807,0.991261,0.566,0.5528,1,0.85612
predictive_gv,153,0.66,0.96479,0.992743,0.982149,0.98003,0.566,0.5528,1,0.85342
predictive_gv,154,0.66,0.965049,0.987999,0.975886,0.973463,0.566,0.5528,1,0.850566
predictive_gv,155,0.66,0.963187,0.983901,0.972444,0.970153,0.566,0.5528,1,0.848375
predictive_gv,156,0.66,0.98207,0.989259,0.979924,0.978057,0.566,0.5528,1,0.855578
predictive_gv,157,0.66,0.985548,0.992108,0.976509,0.973389,0.566,0.5528,1,0.855493
predictive_gv,158,0.66,0.995024,0.998863,0.977547,0.973284,0.566,0.5528,1,0.858753
predictive_gv,159,0.66,0.995299,0.990245,0.978605,0.976277,0.566,0.5528,1,0.857905
predictive_gv,160,0.66,0.995774,0.991959,0.981684,0.979629,0.566,0.5528,1,0.859337
predictive_gv,161,0.66,0.988801,0.990657,0.984637,0.983434,0.566,0.5528,1,0.85879
predictive_gv,162,0.66,0.989266,0.994214,0.990321,0.989543,0.566,0.5528,1,0.86141
predictive_gv,163,0.66,1.0,1.0,0.998865,0.998638,0.566,0.5528,1,0.86742
predictive_gv,164,0.66,1.0,0.996308,1.0,0.99557,0.566,0.5528,1,0.866447
predictive_gv,165,0.66,1.0,0.994488,1.0,0.993385,0.566,0.5528,1,0.865769
predictive_gv,166,0.66,0.993941,0.993657,0.987152,0.985852,0.566,0.5528,1,0.861147
predictive_gv,167,0.66,1.0,0.992758,0.982603,0.980572,0.566,0.5528,1,0.860625
predictive_gv,168,0.66,1.0,1.0,0.974436,0.969324,0.566,0.5528,1,0.858822
predictive_gv,169,0.66,1.0,0.997973,0.976196,0.971841,0.566,0.5528,1,0.859141
predictive_gv,170,0.66,0.991867,0.991839,0.977873,0.97508,0.566,0.5528,1,0.857197
predictive_gv,171,0.66,0.988839,0.987293,0.977932,0.976059,0.566,0.5528,1,0.855939
predictive_gv,172,0.66,0.990867,0.997373,0.974353,0.969748,0.566,0.5528,1,0.856577
predictive_gv,173,0.66,0.990672,1.0,0.970356,0.964427,0.566,0.5528,1,0.85552
predictive_gv,174,0.66,0.979787,1.0,0.971696,0.966035,0.566,0.5528,1,0.853814
predictive_gv,175,0.66,0.993104,1.0,0.96808,0.961696,0.566,0.5528,1,0.855205
predictive_gv,176,0.66,1.0,0.994676,0.981652,0.979048,0.566,0.5528,1,0.860574
predictive_gv,177,0.66,0.999174,0.98946,0.980808,0.979078,0.566,0.5528,1,0.859339
predictive_gv,178,0.66,0.998492,0.988167,0.97488,0.972222,0.566,0.5528,1,0.856925
predictive_gv,179,0.66,0.999382,0.984672,0.973606,0.971393,0.566,0.5528,1,0.856137
predictive_gv,180,0.66,1.0,0.98088,0.975072,0.973911,0.566,0.5528,1,0.856216
predictive_gv,181,0.66,0.993524,0.979665,0.979222,0.979133,0.566,0.5528,1,0.856201
predictive_gv,182,0.66,0.994325,0.984275,0.973903,0.971828,0.566,0.5528,1,0.855171
predictive_gv,183,0.66,0.994955,0.993685,0.975587,0.971967,0.566,0.5528,1,0.857283
predictive_gv,184,0.66,1.0,0.992134,0.989655,0.989159,0.566,0.5528,1,0.863014
predictive_gv,185,0.66,0.994546,0.991348,0.988439,0.987858,0.566,0.5528,1,0.861379
predictive_gv,186,0.66,1.0,0.993493,0.991537,0.991146,0.566,0.5528,1,0.863878
predictive_gv,187,0.66,0.998019,0.999822,0.98171,0.978088,0.566,0.5528,1,0.86096
predictive_gv,188,0.66,0.990407,0.998343,0.990311,0.988704,0.566,0.5528,1,0.862246
predictive_gv,189,0.66,0.996377,0.998554,0.99835,0.998309,0.566,0.5528,1,0.8663
predictive_gv,190,0.66,1.0,0.9974,1.0,0.99688,0.566,0.5528,1,0.866853
predictive_gv,191,0.66,1.0,0.996855,0.993985,0.993411,0.566,0.5528,1,0.865237
predictive_gv,192,0.66,0.997997,0.99772,0.989606,0.987984,0.566,0.5528,1,0.863423
predictive_gv,193,0.66,0.98555,0.995557,0.996028,0.995463,0.566,0.5528,1,0.862769
predictive_gv,194,0.66,0.987495,0.997139,0.991166,0.989972,0.566,0.5528,1,0.861786
predictive_gv,195,0.66,1.0,0.998205,1.0,0.997846,0.566,0.5528,1,0.867152
predictive_gv,196,0.66,0.992631,0.993996,0.998683,0.993059,0.566,0.5528,1,0.863944
predictive_gv,197,0.66,0.993022,0.989,0.993328,0.988135,0.566,0.5528,1,0.861478
predictive_gv,198,0.66,1.0,0.986384,0.982253,0.981427,0.566,0.5528,1,0.859558
predictive_gv,199,0.66,1.0,0.990885,0.983125,0.981573,0.566,0.5528,1,0.860531
predictive_gv,200,0.66,1.0,0.990915,0.983475,0.981987,0.566,0.5528,1,0.860659
predictive_gv,201,0.66,1.0,0.982243,0.974979,0.973527,0.566,0.5528,1,0.856385
predictive_gv,202,0.66,1.0,0.973354,0.987355,0.970554,0.566,0.5528,1,0.856289
predictive_gv,203,0.66,1.0,0.971883,0.978299,0.9706,0.566,0.5528,1,0.854583
predictive_gv,204,0.66,1.0,0.967206,0.976895,0.965268,0.566,0.5528,1,0.852663
predictive_gv,205,0.66,1.0,0.968738,0.97541,0.967404,0.566,0.5528,1,0.853043
predictive_gv,206,0.66,0.997993,0.973803,0.974821,0.9736,0.566,0.5528,1,0.854451
predictive_gv,207,0.66,0.993187,0.97085,0.983955,0.968229,0.566,0.5528,1,0.85356
predictive_gv,208,0.66,1.0,0.97192,0.985857,0.969132,0.566,0.5528,1,0.855564
predictive_gv,209,0.66,0.999826,0.972644,0.983114,0.970549,0.566,0.5528,1,0.855447
predictive_gv,210,0.66,1.0,0.986418,0.98524,0.985004,0.566,0.5528,1,0.860614
predictive_gv,211,0.66,1.0,0.985562,0.99771,0.983132,0.566,0.5528,1,0.862156
predictive_gv,212,0.66,0.998598,0.990283,0.994208,0.989498,0.566,0.5528,1,0.863183
predictive_gv,213,0.66,1.0,0.997223,0.999735,0.996721,0.566,0.5528,1,0.866753
predictive_gv,214,0.66,1.0,0.995108,0.990099,0.989097,0.566,0.5528,1,0.863611
predictive_gv,215,0.66,1.0,0.99478,0.991321,0.990629,0.566,0.5528,1,0.863992
predictive_gv,216,0.66,0.999018,0.990199,0.994382,0.989362,0.566,0.5528,1,0.863259
predictive_gv,217,0.66,1.0,0.9925,0.991979,0.991874,0.566,0.5528,1,0.863886
predictive_gv,218,0.66,0.990274,1.0,1.0,1.0,0.566,0.5528,1,0.865875
predictive_gv,219,0.66,0.987517,1.0,0.995108,0.994129,0.566,0.5528,1,0.863601
predictive_gv,220,0.66,0.985447,1.0,1.0,1.0,0.566,0.5528,1,0.864909
predictive_gv,221,0.66,0.985568,1.0,0.996574,0.995889,0.566,0.5528,1,0.863728
predictive_gv,222,0.66,0.991423,1.0,0.998192,0.99783,0.566,0.5528,1,0.865468
predictive_gv,223,0.66,0.989655,0.993198,0.988872,0.988007,0.566,0.5528,1,0.860827
predictive_gv,224,0.66,0.998825,0.9851,0.990811,0.983958,0.566,0.5528,1,0.860866
predictive_gv,225,0.66,0.986771,0.983879,1.0,0.980655,0.566,0.5528,1,0.859177
predictive_gv,226,0.66,0.974448,0.988264,0.995514,0.986814,0.566,0.5528,1,0.85777
predictive_gv,227,0.66,0.971567,0.988263,0.992409,0.987434,0.566,0.5528,1,0.856796
predictive_gv,228,0.66,0.969669,0.987239,0.985561,0.985225,0.566,0.5528,1,0.854782
predictive_gv,229,0.66,0.973711,0.977884,0.991908,0.975079,0.566,0.5528,1,0.853299
predictive_gv,230,0.66,0.977645,0.983068,0.994096,0.980863,0.566,0.5528,1,0.856295
predictive_gv,231,0.66,0.977939,0.989732,0.994993,0.98868,0.566,0.5528,1,0.858947
predictive_gv,232,0.66,0.983808,0.997454,0.999457,0.997053,0.566,0.5528,1,0.863565
predictive_gv,233,0.66,0.981318,0.997224,0.994911,0.994448,0.566,0.5528,1,0.861881
predictive_gv,234,0.66,0.966933,0.988003,1.0,0.985604,0.566,0.5528,1,0.856744
predictive_gv,235,0.66,0.984801,0.990746,0.999701,0.988955,0.566,0.5528,1,0.8613
predictive_gv,236,0.66,0.987478,1.0,1.0,1.0,0.566,0.5528,1,0.865316
predictive_gv,237,0.66,0.980929,0.994257,0.994884,0.994132,0.566,0.5528,1,0.861215
predictive_gv,238,0.66,0.996623,0.995587,0.993204,0.992727,0.566,0.5528,1,0.864099
predictive_gv,239,0.66,0.991434,0.996018,0.996165,0.995988,0.566,0.5528,1,0.864134
predictive_gv,240,0.66,0.997553,0.97643,0.987816,0.974153,0.632,0.6056,2,0.874823
predictive_gv,241,0.66,1.0,0.975457,0.984546,0.97364,0.632,0.6056,2,0.874532
predictive_gv,242,0.66,0.998238,0.975538,0.987442,0.973157,0.632,0.6056,2,0.87458
predictive_gv,243,0.66,0.999362,0.975086,0.985876,0.972927,0.632,0.6056,2,0.874436
predictive_gv,244,0.66,1.0,0.965134,0.995703,0.95902,0.632,0.6056,2,0.87212
predictive_gv,245,0.66,1.0,0.970426,0.991571,0.966197,0.632,0.6056,2,0.873559
predictive_gv,246,0.66,0.994382,0.969742,0.995993,0.964491,0.632,0.6056,2,0.872747
predictive_gv,247,0.66,1.0,0.956351,0.993788,0.948864,0.632,0.6056,2,0.868608
predictive_gv,248,0.66,1.0,0.952555,0.990015,0.945063,0.632,0.6056,2,0.866712
predictive_gv,249,0.66,0.994546,0.960179,0.986789,0.954857,0.632,0.6056,2,0.868045
predictive_gv,250,0.66,0.978531,0.951469,0.994286,0.942906,0.632,0.6056,2,0.862561
predictive_gv,251,0.66,0.970792,0.948996,0.994265,0.939943,0.632,0.6056,2,0.860091
predictive_gv,252,0.66,0.957398,0.949418,0.997856,0.939731,0.632,0.6056,2,0.858029
predictive_gv,253,0.66,0.96704,0.941463,0.998261,0.930103,0.632,0.6056,2,0.85705
predictive_gv,254,0.66,0.968983,0.941772,0.994345,0.931258,0.632,0.6056,2,0.857052
predictive_gv,255,0.66,0.980917,0.945324,0.985592,0.937271,0.632,0.6056,2,0.85964
predictive_gv,256,0.66,0.979979,0.944287,0.981371,0.93687,0.632,0.6056,2,0.858526
predictive_gv,257,0.66,0.97622,0.93921,0.988664,0.929319,0.632,0.6056,2,0.856819
predictive_gv,258,0.66,0.97768,0.945006,0.984965,0.937015,0.632,0.6056,2,0.858794
predictive_gv,259,0.66,0.982766,0.937243,0.986697,0.927352,0.632,0.6056,2,0.857145
predictive_gv,260,0.66,0.99225,0.942217,0.989544,0.932752,0.632,0.6056,2,0.861256
predictive_gv,261,0.66,0.994063,0.936714,0.989605,0.926136,0.632,0.6056,2,0.859579
predictive_gv,262,0.66,0.984376,0.945557,0.9921,0.936248,0.632,0.6056,2,0.861251
predictive_gv,263,0.66,0.979746,0.940521,0.993514,0.929923,0.632,0.6056,2,0.858633
predictive_gv,264,0.66,0.994759,0.941019,0.994042,0.930414,0.632,0.6056,2,0.861888
predictive_gv,265,0.66,0.994514,0.943673,0.991966,0.934014,0.632,0.6056,2,0.862561
predictive_gv,266,0.66,0.999769,0.954283,0.993052,0.946529,0.632,0.6056,2,0.867698
predictive_gv,267,0.66,1.0,0.962023,0.989582,0.956512,0.632,0.6056,2,0.870179
predictive_gv,268,0.66,1.0,0.966326,0.994617,0.960668,0.632,0.6056,2,0.872424
predictive_gv,269,0.66,1.0,0.963855,1.0,0.956627,0.632,0.6056,2,0.872194
predictive_gv,270,0.66,1.0,0.965636,1.0,0.958764,0.632,0.6056,2,0.872857
predictive_gv,271,0.66,1.0,0.968367,0.992023,0.963636,0.632,0.6056,2,0.872852
predictive_gv,272,0.66,0.992649,0.966654,0.992477,0.961489,0.632,0.6056,2,0.870802
predictive_gv,273,0.66,0.99595,0.967954,0.987759,0.963992,0.632,0.6056,2,0.871342
predictive_gv,274,0.66,0.992477,0.982547,0.987433,0.981569,0.632,0.6056,2,0.876034
predictive_gv,275,0.66,1.0,0.97599,0.981866,0.974815,0.632,0.6056,2,0.874387
predictive_gv,276,0.66,0.999367,0.968456,0.987478,0.964651,0.632,0.6056,2,0.872176
predictive_gv,277,0.66,1.0,0.974921,0.989463,0.972013,0.632,0.6056,2,0.874962
predictive_gv,278,0.66,0.988842,0.97069,0.988211,0.967186,0.632,0.6056,2,0.870996
predictive_gv,279,0.66,1.0,0.979214,0.983765,0.978304,0.632,0.6056,2,0.875829
predictive_gv,280,0.66,0.996012,0.975074,0.99316,0.971457,0.632,0.6056,2,0.874694
predictive_gv,281,0.66,0.99776,0.980394,0.983363,0.9798,0.632,0.6056,2,0.875769
predictive_gv,282,0.66,0.991625,0.979157,0.980294,0.978929,0.632,0.6056,2,0.873689
predictive_gv,283,0.66,0.996069,0.981047,0.979507,0.979199,0.632,0.6056,2,0.874835
predictive_gv,284,0.66,0.99176,0.985648,0.978823,0.977458,0.632,0.6056,2,0.874414
predictive_gv,285,0.66,0.988042,0.984587,0.990619,0.983381,0.632,0.6056,2,0.876314
predictive_gv,286,0.66,0.981527,0.990516,0.98804,0.987545,0.632,0.6056,2,0.876332
predictive_gv,287,0.66,0.979322,0.998457,0.984819,0.982091,0.632,0.6056,2,0.875932
predictive_gv,288,0.66,0.973568,0.996741,0.993629,0.993006,0.632,0.6056,2,0.877628
predictive_gv,289,0.66,0.994379,0.995214,0.995343,0.995189,0.632,0.6056,2,0.882139
predictive_gv,290,0.66,0.984908,0.985517,0.990696,0.984481,0.632,0.6056,2,0.876043
predictive_gv,291,0.66,0.974669,0.98949,0.994107,0.988567,0.632,0.6056,2,0.87591
predictive_gv,292,0.66,0.985673,0.991958,1.0,0.99035,0.632,0.6056,2,0.879783
predictive_gv,293,0.66,0.984632,0.985308,0.996584,0.983053,0.632,0.6056,2,0.876664
predictive_gv,294,0.66,0.988673,0.972893,0.995359,0.9684,0.632,0.6056,2,0.872697
predictive_gv,295,0.66,0.995693,0.983386,0.996598,0.980744,0.632,0.6056,2,0.878163
predictive_gv,296,0.66,0.983788,0.987957,0.991475,0.987253,0.632,0.6056,2,0.876826
predictive_gv,297,0.66,0.997608,0.979017,0.995029,0.975815,0.632,0.6056,2,0.87672
predictive_gv,298,0.66,1.0,0.967006,0.990041,0.962399,0.632,0.6056,2,0.872091
predictive_gv,299,0.66,1.0,0.970376,0.974123,0.969627,0.632,0.6056,2,0.871308
predictive_gv,300,0.66,1.0,0.972064,0.975699,0.971337,0.632,0.6056,2,0.872137
predictive_gv,301,0.66,0.994168,0.972716,0.976668,0.971926,0.632,0.6056,2,0.871338
predictive_gv,302,0.66,1.0,0.973968,0.983867,0.971988,0.632,0.6056,2,0.873891
predictive_gv,303,0.66,0.991088,0.977533,0.985061,0.976028,0.632,0.6056,2,0.873588
predictive_gv,304,0.66,0.983612,0.988884,0.989727,0.988716,0.632,0.6056,2,0.876913
predictive_gv,305,0.66,0.994096,0.987457,0.984392,0.983779,0.632,0.6056,2,0.877109
predictive_gv,306,0.66,0.987922,1.0,0.981134,0.977361,0.632,0.6056,2,0.876584
predictive_gv,307,0.66,0.989086,1.0,0.977234,0.972681,0.632,0.6056,2,0.875444
predictive_gv,308,0.66,0.998164,1.0,0.984454,0.981344,0.632,0.6056,2,0.8798
predictive_gv,309,0.66,1.0,1.0,0.980642,0.97677,0.632,0.6056,2,0.878826
predictive_gv,310,0.66,1.0,1.0,0.981672,0.978006,0.632,0.6056,2,0.879188
predictive_gv,311,0.66,1.0,1.0,0.98155,0.97786,0.632,0.6056,2,0.879146
predictive_gv,312,0.66,1.0,1.0,0.977469,0.972963,0.632,0.6056,2,0.877709
predictive_gv,313,0.66,1.0,0.993941,0.978761,0.975725,0.632,0.6056,2,0.877267
predictive_gv,314,0.66,1.0,0.988091,0.974625,0.971932,0.632,0.6056,2,0.874945
predictive_gv,315,0.66,0.996964,0.996379,0.975255,0.971031,0.632,0.6056,2,0.875787
predictive_gv,316,0.66,1.0,1.0,0.973856,0.968627,0.632,0.6056,2,0.876437
predictive_gv,317,0.66,0.992471,1.0,0.974508,0.96941,0.632,0.6056,2,0.875161
predictive_gv,318,0.66,0.989567,0.992633,0.965196,0.959709,0.632,0.6056,2,0.870212
predictive_gv,319,0.66,0.996908,0.987064,0.956845,0.950801,0.632,0.6056,2,0.867917
predictive_gv,320,0.66,0.999561,0.969928,0.940284,0.934355,0.698,0.6584,3,0.877901
predictive_gv,321,0.66,1.0,0.982773,0.932146,0.922021,0.698,0.6584,3,0.877026
predictive_gv,322,0.66,1.0,0.980514,0.939143,0.930869,0.698,0.6584,3,0.879154
predictive_gv,323,0.66,1.0,0.987296,0.947152,0.939124,0.698,0.6584,3,0.882977
predictive_gv,324,0.66,1.0,0.985808,0.939544,0.930291,0.698,0.6584,3,0.880079
predictive_gv,325,0.66,1.0,0.984121,0.949004,0.94198,0.698,0.6584,3,0.883159
predictive_gv,326,0.66,0.987935,0.990594,0.942709,0.933132,0.698,0.6584,3,0.879489
predictive_gv,327,0.66,0.992224,0.99316,0.949347,0.940584,0.698,0.6584,3,0.883063
predictive_gv,328,0.66,0.999263,0.988601,0.95248,0.945256,0.698,0.6584,3,0.884898
predictive_gv,329,0.66,1.0,0.980493,0.951684,0.945922,0.698,0.6584,3,0.883566
predictive_gv,330,0.66,0.996799,0.9811,0.949816,0.943559,0.698,0.6584,3,0.882358
predictive_gv,331,0.66,1.0,0.978833,0.95037,0.944677,0.698,0.6584,3,0.882857
predictive_gv,332,0.66,1.0,0.972572,0.947626,0.942636,0.698,0.6584,3,0.880965
predictive_gv,333,0.66,1.0,0.96701,0.953535,0.950839,0.698,0.6584,3,0.882222
predictive_gv,334,0.66,1.0,0.971078,0.947998,0.943382,0.698,0.6584,3,0.880875
predictive_gv,335,0.66,0.998268,0.972818,0.948178,0.94325,0.698,0.6584,3,0.880849
predictive_gv,336,0.66,0.989754,0.976846,0.951294,0.946184,0.698,0.6584,3,0.88084
predictive_gv,337,0.66,0.99456,0.973757,0.953713,0.949705,0.698,0.6584,3,0.882195
predictive_gv,338,0.66,0.995104,0.989697,0.962011,0.956473,0.698,0.6584,3,0.887584
predictive_gv,339,0.66,0.993557,0.972813,0.969448,0.968776,0.698,0.6584,3,0.887394
predictive_gv,340,0.66,0.991847,0.964956,0.963342,0.963019,0.698,0.6584,3,0.883739
predictive_gv,341,0.66,0.993772,0.970052,0.96485,0.96381,0.698,0.6584,3,0.885409
predictive_gv,342,0.66,0.999369,0.975834,0.953261,0.948747,0.698,0.6584,3,0.883305
predictive_gv,343,0.66,0.999094,0.982963,0.965806,0.962375,0.698,0.6584,3,0.888721
predictive_gv,344,0.66,0.996841,0.971694,0.971911,0.97165,0.698,0.6584,3,0.888703
predictive_gv,345,0.66,1.0,0.968021,0.985301,0.964566,0.698,0.6584,3,0.889682
predictive_gv,346,0.66,0.994414,0.970278,0.990326,0.966268,0.698,0.6584,3,0.890048
predictive_gv,347,0.66,1.0,0.975976,0.994165,0.972338,0.698,0.6584,3,0.893776
predictive_gv,348,0.66,0.99324,0.976164,0.995379,0.972321,0.698,0.6584,3,0.89265
predictive_gv,349,0.66,0.997234,0.976227,0.987724,0.973927,0.698,0.6584,3,0.892492
predictive_gv,350,0.66,0.99738,0.988449,0.989376,0.988264,0.698,0.6584,3,0.897279
predictive_gv,351,0.66,0.999077,0.977518,0.993697,0.974282,0.698,0.6584,3,0.894105
predictive_gv,352,0.66,0.999032,0.971807,0.994304,0.967307,0.698,0.6584,3,0.892049
predictive_gv,353,0.66,1.0,0.982085,1.0,0.978502,0.698,0.6584,3,0.896796
predictive_gv,354,0.66,0.993091,0.97172,1.0,0.966064,0.698,0.6584,3,0.891558
predictive_gv,355,0.66,0.991818,0.971184,1.0,0.96542,0.698,0.6584,3,0.891104
predictive_gv,356,0.66,0.984387,0.971969,1.0,0.966363,0.698,0.6584,3,0.88991
predictive_gv,357,0.66,0.980693,0.959837,1.0,0.951804,0.698,0.6584,3,0.884658
predictive_gv,358,0.66,0.974154,0.950629,0.991365,0.942482,0.698,0.6584,3,0.87882
predictive_gv,359,0.66,0.974883,0.94471,0.992713,0.935109,0.698,0.6584,3,0.876936
predictive_gv,360,0.66,0.995299,0.935976,0.993878,0.924396,0.698,0.6584,3,0.877919
predictive_gv,361,0.66,0.989695,0.938276,0.998661,0.926199,0.698,0.6584,3,0.878266
predictive_gv,362,0.66,1.0,0.926877,0.993644,0.913523,0.698,0.6584,3,0.875445
predictive_gv,363,0.66,1.0,0.932094,1.0,0.918513,0.698,0.6584,3,0.878199
predictive_gv,364,0.66,1.0,0.940314,0.996048,0.929167,0.698,0.6584,3,0.880751
predictive_gv,365,0.66,1.0,0.928769,0.998442,0.914834,0.698,0.6584,3,0.876763
predictive_gv,366,0.66,1.0,0.93398,0.994897,0.921796,0.698,0.6584,3,0.878247
predictive_gv,367,0.66,1.0,0.930795,0.994122,0.918129,0.698,0.6584,3,0.876963
predictive_gv,368,0.66,0.999726,0.930657,0.994501,0.917888,0.698,0.6584,3,0.876906
predictive_gv,369,0.66,0.984504,0.933964,0.982716,0.924213,0.698,0.6584,3,0.873583
predictive_gv,370,0.66,0.972971,0.925856,0.985741,0.913879,0.698,0.6584,3,0.868648
predictive_gv,371,0.66,0.973544,0.919963,0.982191,0.907517,0.698,0.6584,3,0.866115
predictive_gv,372,0.66,0.975767,0.92706,0.988462,0.914779,0.698,0.6584,3,0.870003
predictive_gv,373,0.66,0.963589,0.924489,0.988188,0.91175,0.698,0.6584,3,0.866576
predictive_gv,374,0.66,0.957792,0.926947,1.0,0.912336,0.698,0.6584,3,0.867843
predictive_gv,375,0.66,0.96041,0.921047,1.0,0.905256,0.698,0.6584,3,0.866171
predictive_gv,376,0.66,0.969496,0.931337,0.997436,0.918118,0.698,0.6584,3,0.871488
predictive_gv,377,0.66,0.985815,0.936988,0.98419,0.927547,0.698,0.6584,3,0.875159
predictive_gv,378,0.66,0.983801,0.944078,0.987066,0.93548,0.698,0.6584,3,0.877762
predictive_gv,379,0.66,0.988592,0.946852,0.989596,0.938303,0.698,0.6584,3,0.880075
predictive_gv,380,0.66,1.0,0.95077,0.990014,0.942921,0.698,0.6584,3,0.883868
predictive_gv,381,0.66,1.0,0.95759,0.991521,0.950803,0.698,0.6584,3,0.886598
predictive_gv,382,0.66,1.0,0.958846,1.0,0.950615,0.698,0.6584,3,0.888151
predictive_gv,383,0.66,1.0,0.959202,0.991117,0.952819,0.698,0.6584,3,0.887146
predictive_gv,384,0.66,0.998266,0.963769,0.991905,0.958142,0.698,0.6584,3,0.888599
predictive_gv,385,0.66,1.0,0.971288,1.0,0.965545,0.698,0.6584,3,0.892779
predictive_gv,386,0.66,1.0,0.976284,0.996535,0.972234,0.698,0.6584,3,0.894194
predictive_gv,387,0.66,1.0,0.968159,0.997393,0.962312,0.698,0.6584,3,0.891281
predictive_gv,388,0.66,1.0,0.971201,1.0,0.965441,0.698,0.6584,3,0.892747
predictive_gv,389,0.66,0.999948,0.967388,0.995019,0.961862,0.698,0.6584,3,0.89068
predictive_gv,390,0.66,1.0,0.971784,0.997076,0.966725,0.698,0.6584,3,0.892589
predictive_gv,391,0.66,1.0,0.978212,0.991748,0.975505,0.698,0.6584,3,0.894299
predictive_gv,392,0.66,1.0,0.977862,0.994119,0.97461,0.698,0.6584,3,0.894472
predictive_gv,393,0.66,1.0,0.979583,0.992253,0.977049,0.698,0.6584,3,0.894873
predictive_gv,394,0.66,1.0,0.977893,0.99713,0.974045,0.698,0.6584,3,0.894869
predictive_gv,395,0.66,0.999859,0.984627,0.998437,0.981866,0.698,0.6584,3,0.897513
predictive_gv,396,0.66,1.0,0.995144,0.994199,0.994011,0.698,0.6584,3,0.900699
predictive_gv,397,0.66,0.992741,0.999635,0.990863,0.989109,0.698,0.6584,3,0.898738
predictive_gv,398,0.66,0.991246,1.0,0.983605,0.980326,0.698,0.6584,3,0.895938
predictive_gv,399,0.66,0.997547,0.987319,0.989173,0.986948,0.698,0.6584,3,0.896866
predictive_gv,400,0.66,0.998874,0.995458,0.98932,0.988092,0.698,0.6584,3,0.898803
predictive_gv,401,0.66,0.997864,0.981391,0.989128,0.979844,0.698,0.6584,3,0.894719
predictive_gv,402,0.66,1.0,0.978802,0.991395,0.976283,0.698,0.6584,3,0.894473
predictive_gv,403,0.66,1.0,0.995133,0.988523,0.987201,0.698,0.6584,3,0.8987
predictive_gv,404,0.66,1.0,0.991065,0.986286,0.985331,0.698,0.6584,3,0.89731
predictive_gv,405,0.66,0.993168,0.997415,0.987525,0.985548,0.698,0.6584,3,0.89732
predictive_gv,406,0.66,0.98272,1.0,0.989586,0.987503,0.698,0.6584,3,0.896338
predictive_gv,407,0.66,0.988248,0.997545,0.986316,0.98407,0.698,0.6584,3,0.895929
predictive_gv,408,0.66,0.987174,1.0,0.992156,0.990588,0.698,0.6584,3,0.898134
predictive_gv,409,0.66,1.0,0.997403,0.992545,0.991573,0.698,0.6584,3,0.900451
predictive_gv,410,0.66,0.98688,0.996051,0.989306,0.987957,0.698,0.6584,3,0.896487
predictive_gv,411,0.66,0.99248,0.995694,0.988853,0.987485,0.698,0.6584,3,0.897395
predictive_gv,412,0.66,0.997532,0.996059,0.990041,0.988838,0.698,0.6584,3,0.898878
predictive_gv,413,0.66,1.0,0.993078,0.978856,0.976012,0.698,0.6584,3,0.894993
predictive_gv,414,0.66,0.998904,0.992615,0.976093,0.972789,0.698,0.6584,3,0.893733
predictive_gv,415,0.66,0.996996,0.987328,0.980415,0.979032,0.698,0.6584,3,0.89409
predictive_gv,416,0.66,0.990778,0.989132,0.969513,0.96559,0.698,0.6584,3,0.889276
predictive_gv,417,0.66,0.988708,0.996235,0.965664,0.95955,0.698,0.6584,3,0.888558
predictive_gv,418,0.66,0.991637,0.996559,0.961881,0.954945,0.698,0.6584,3,0.88786
predictive_gv,419,0.66,0.992154,0.997333,0.960499,0.953132,0.698,0.6584,3,0.887592
predictive_gv,420,0.66,1.0,1.0,0.956992,0.948391,0.698,0.6584,3,0.888321
predictive_gv,421,0.66,1.0,1.0,0.957602,0.949122,0.698,0.6584,3,0.888536
predictive_gv,422,0.66,1.0,1.0,0.968141,0.961769,0.698,0.6584,3,0.892246
predictive_gv,423,0.66,1.0,0.985241,0.959334,0.954152,0.698,0.6584,3,0.886961
predictive_gv,424,0.66,0.993832,0.990524,0.952572,0.944981,0.698,0.6584,3,0.884129
predictive_gv,425,0.66,0.992775,0.998008,0.950203,0.940642,0.698,0.6584,3,0.884192
predictive_gv,426,0.66,0.996981,1.0,0.956649,0.947978,0.698,0.6584,3,0.887596
predictive_gv,427,0.66,0.986051,0.99861,0.957699,0.949517,0.698,0.6584,3,0.885574
predictive_gv,428,0.66,0.98279,1.0,0.958923,0.950708,0.698,0.6584,3,0.885559
predictive_gv,429,0.66,0.981764,1.0,0.964018,0.956822,0.698,0.6584,3,0.887147
predictive_gv,430,0.66,0.976072,0.995867,0.960901,0.953908,0.698,0.6584,3,0.8843
predictive_gv,431,0.66,0.97732,0.993042,0.959773,0.953119,0.698,0.6584,3,0.883734
predictive_gv,432,0.66,0.978521,0.999909,0.95178,0.942154,0.698,0.6584,3,0.882177
predictive_gv,433,0.66,0.992202,0.998812,0.949909,0.940128,0.698,0.6584,3,0.884092
predictive_gv,434,0.66,0.986968,0.998708,0.945022,0.934285,0.698,0.6584,3,0.88131
predictive_gv,435,0.66,0.988392,0.991163,0.946436,0.937491,0.698,0.6584,3,0.880976
predictive_gv,436,0.66,1.0,0.991962,0.953998,0.946405,0.698,0.6584,3,0.886078
predictive_gv,437,0.66,0.999575,0.980631,0.964999,0.961873,0.698,0.6584,3,0.888188
predictive_gv,438,0.66,1.0,0.984375,0.960088,0.955231,0.698,0.6584,3,0.887098
predictive_gv,439,0.66,1.0,0.99401,0.958089,0.950905,0.698,0.6584,3,0.887821
predictive_gv,440,0.66,1.0,0.993179,0.966419,0.961067,0.698,0.6584,3,0.89063
predictive_gv,441,0.66,0.989102,0.996115,0.966251,0.960279,0.698,0.6584,3,0.888826
predictive_gv,442,0.66,0.993734,1.0,0.973029,0.967635,0.698,0.6584,3,0.892713
predictive_gv,443,0.66,0.995905,0.997309,0.963667,0.956938,0.698,0.6584,3,0.889453
predictive_gv,444,0.66,1.0,0.987109,0.964503,0.959982,0.698,0.6584,3,0.889057
predictive_gv,445,0.66,1.0,0.981681,0.956911,0.951957,0.698,0.6584,3,0.885581
predictive_gv,446,0.66,1.0,0.976279,0.955077,0.950836,0.698,0.6584,3,0.884136
predictive_gv,447,0.66,0.996766,0.978974,0.962673,0.959412,0.698,0.6584,3,0.886562
predictive_gv,448,0.66,0.988753,0.975262,0.965495,0.963541,0.698,0.6584,3,0.885404
predictive_gv,449,0.66,0.985301,0.972968,0.968944,0.968139,0.698,0.6584,3,0.885588
predictive_gv,450,0.66,0.993383,0.96862,0.96659,0.966184,0.698,0.6584,3,0.885732
predictive_gv,451,0.66,1.0,0.968036,0.967358,0.967223,0.698,0.6584,3,0.887239
predictive_gv,452,0.66,1.0,0.969825,0.974706,0.968849,0.698,0.6584,3,0.888997
predictive_gv,453,0.66,1.0,0.961638,0.962485,0.961468,0.698,0.6584,3,0.884387
predictive_gv,454,0.66,1.0,0.963912,0.956003,0.954421,0.698,0.6584,3,0.882632
predictive_gv,455,0.66,1.0,0.975327,0.953463,0.949091,0.698,0.6584,3,0.883428
predictive_gv,456,0.66,1.0,0.97527,0.965832,0.963944,0.698,0.6584,3,0.887773
predictive_gv,457,0.66,1.0,0.978227,0.966653,0.964338,0.698,0.6584,3,0.888499
predictive_gv,458,0.66,1.0,0.978236,0.97583,0.975349,0.698,0.6584,3,0.891731
predictive_gv,459,0.66,1.0,0.955497,0.979124,0.950771,0.698,0.6584,3,0.884233
predictive_gv,460,0.66,1.0,0.960357,0.981251,0.956178,0.698,0.6584,3,0.886313
predictive_gv,461,0.66,1.0,0.970416,0.98643,0.967214,0.698,0.6584,3,0.890718
predictive_gv,462,0.66,1.0,0.978159,0.992927,0.975205,0.698,0.6584,3,0.89443
predictive_gv,463,0.66,1.0,0.979793,1.0,0.975751,0.698,0.6584,3,0.895943
predictive_gv,464,0.66,0.997635,0.994323,0.987388,0.986001,0.698,0.6584,3,0.897707
predictive_gv,465,0.66,0.994705,1.0,0.989245,0.987094,0.698,0.6584,3,0.898615
predictive_gv,466,0.66,0.995213,0.995716,0.987701,0.986098,0.698,0.6584,3,0.897539
predictive_gv,467,0.66,0.991844,0.997452,0.99038,0.988966,0.698,0.6584,3,0.898066
predictive_gv,468,0.66,0.981218,0.999387,0.993832,0.99272,0.698,0.6584,3,0.897442
predictive_gv,469,0.66,0.988267,1.0,0.99998,0.999977,0.698,0.6584,3,0.901107
predictive_gv,470,0.66,1.0,0.989451,0.986798,0.986268,0.698,0.6584,3,0.897252
predictive_gv,471,0.66,1.0,0.989281,0.991376,0.988862,0.698,0.6584,3,0.898369
predictive_gv,472,0.66,0.997088,0.986313,0.990408,0.985494,0.698,0.6584,3,0.896558
predictive_gv,473,0.66,0.995834,0.984949,0.994088,0.983121,0.698,0.6584,3,0.896271
predictive_gv,474,0.66,1.0,0.979838,0.98743,0.97832,0.698,0.6584,3,0.894351
predictive_gv,475,0.66,1.0,0.975193,0.995831,0.971065,0.698,0.6584,3,0.893698
predictive_gv,476,0.66,0.997617,0.984786,0.98165,0.981023,0.698,0.6584,3,0.894273
predictive_gv,477,0.66,0.993395,0.991053,0.976378,0.973443,0.698,0.6584,3,0.8925
predictive_gv,478,0.66,0.989554,0.990012,0.987996,0.987592,0.698,0.6584,3,0.895667
predictive_gv,479,0.66,1.0,0.987967,0.99727,0.986106,0.698,0.6584,3,0.898634
predictive_gv,480,0.66,1.0,0.985075,1.0,0.98209,0.698,0.6584,3,0.897908
predictive_gv,481,0.66,0.985935,0.977617,0.993924,0.974356,0.698,0.6584,3,0.891543
predictive_gv,482,0.66,0.995015,0.976419,0.990797,0.973543,0.698,0.6584,3,0.892513
predictive_gv,483,0.66,0.988619,0.979802,0.993281,0.977106,0.698,0.6584,3,0.89281
predictive_gv,484,0.66,0.994441,0.98096,0.996447,0.977862,0.698,0.6584,3,0.89481
predictive_gv,485,0.66,1.0,0.987633,0.998468,0.985466,0.698,0.6584,3,0.898664
predictive_gv,486,0.66,1.0,0.993315,0.998901,0.992198,0.698,0.6584,3,0.900833
predictive_gv,487,0.66,1.0,0.983691,1.0,0.980429,0.698,0.6584,3,0.897393
predictive_gv,488,0.66,0.999055,0.985163,0.995744,0.983047,0.698,0.6584,3,0.897207
predictive_gv,489,0.66,1.0,0.98186,1.0,0.978232,0.698,0.6584,3,0.896712
predictive_gv,490,0.66,1.0,0.990849,1.0,0.989019,0.698,0.6584,3,0.900056
predictive_gv,491,0.66,1.0,0.982518,1.0,0.979022,0.698,0.6584,3,0.896957
predictive_gv,492,0.66,1.0,0.962323,1.0,0.954787,0.698,0.6584,3,0.889444
predictive_gv,493,0.66,1.0,0.96927,1.0,0.963124,0.698,0.6584,3,0.892028
predictive_gv,494,0.66,1.0,0.962495,0.999657,0.955063,0.698,0.6584,3,0.889464
predictive_gv,495,0.66,0.996036,0.96533,1.0,0.958396,0.698,0.6584,3,0.88977
predictive_gv,496,0.66,1.0,0.956091,0.991984,0.948912,0.698,0.6584,3,0.8861
predictive_gv,497,0.66,1.0,0.954288,1.0,0.945145,0.698,0.6584,3,0.886455
predictive_gv,498,0.66,1.0,0.961449,1.0,0.953739,0.698,0.6584,3,0.889119
predictive_gv,499,0.66,0.995117,0.958854,0.994343,0.951756,0.698,0.6584,3,0.886453
predictive_gv,500,0.66,1.0,0.9567,0.989313,0.950177,0.698,0.6584,3,0.885984
predictive_gv,501,0.66,1.0,0.966332,0.98924,0.96175,0.698,0.6584,3,0.889558
predictive_gv,502,0.66,1.0,0.963496,0.988666,0.958462,0.698,0.6584,3,0.88843
predictive_gv,503,0.66,1.0,0.969049,0.994913,0.963876,0.698,0.6584,3,0.891295
predictive_gv,504,0.66,1.0,0.979197,1.0,0.975036,0.698,0.6584,3,0.895721
predictive_gv,505,0.66,1.0,0.979005,1.0,0.974806,0.698,0.6584,3,0.89565
predictive_gv,506,0.66,0.993447,0.97281,0.992204,0.968931,0.698,0.6584,3,0.891037
predictive_gv,507,0.66,0.99342,0.96493,0.993311,0.959254,0.698,0.6584,3,0.888242
predictive_gv,508,0.66,1.0,0.977955,0.99623,0.974299,0.698,0.6584,3,0.894777
predictive_gv,509,0.66,1.0,0.978606,0.994891,0.975348,0.698,0.6584,3,0.894847
predictive_gv,510,0.66,0.998926,0.978117,0.999854,0.973769,0.698,0.6584,3,0.895086
predictive_gv,511,0.66,1.0,0.982753,1.0,0.979304,0.698,0.6584,3,0.897044
predictive_gv,512,0.66,0.99434,0.9798,0.995801,0.976599,0.698,0.6584,3,0.894276
predictive_gv,513,0.66,0.988911,0.989958,0.998126,0.988325,0.698,0.6584,3,0.897267
predictive_gv,514,0.66,0.994739,0.978509,0.999869,0.974237,0.698,0.6584,3,0.894396
predictive_gv,515,0.66,0.99641,0.968457,0.997389,0.962671,0.698,0.6584,3,0.890674
predictive_gv,516,0.66,1.0,0.960799,1.0,0.952959,0.698,0.6584,3,0.888877
predictive_gv,517,0.66,1.0,0.955633,0.993784,0.948003,0.698,0.6584,3,0.88616
predictive_gv,518,0.66,1.0,0.964574,0.991635,0.959162,0.698,0.6584,3,0.889211
predictive_gv,519,0.66,1.0,0.968579,0.993303,0.963634,0.698,0.6584,3,0.890914
predictive_gv,520,0.66,1.0,0.970016,0.992394,0.96554,0.698,0.6584,3,0.891332
predictive_gv,521,0.66,1.0,0.971903,0.99256,0.967772,0.698,0.6584,3,0.892056
predictive_gv,522,0.66,0.997377,0.977252,0.995408,0.973621,0.698,0.6584,3,0.893885
predictive_gv,523,0.66,1.0,0.97798,0.989711,0.975634,0.698,0.6584,3,0.893952
predictive_gv,524,0.66,1.0,0.984337,0.994978,0.982209,0.698,0.6584,3,0.896991
predictive_gv,525,0.66,0.998863,0.98477,0.997294,0.982266,0.698,0.6584,3,0.897221
predictive_gv,526,0.66,1.0,0.984637,1.0,0.981564,0.698,0.6584,3,0.897745
predictive_gv,527,0.66,1.0,0.98963,0.993235,0.988909,0.698,0.6584,3,0.898737
predictive_gv,528,0.66,1.0,0.987814,0.984447,0.983773,0.698,0.6584,3,0.896182
predictive_gv,529,0.66,1.0,0.977615,0.976171,0.975882,0.698,0.6584,3,0.891759
predictive_gv,530,0.66,1.0,0.974045,0.973846,0.973806,0.698,0.6584,3,0.890412
predictive_gv,531,0.66,1.0,0.969907,0.971337,0.96962,0.698,0.6584,3,0.888596
predictive_gv,532,0.66,1.0,0.966491,0.960175,0.958911,0.698,0.6584,3,0.884482
predictive_gv,533,0.66,1.0,0.964292,0.955026,0.953172,0.698,0.6584,3,0.882344
predictive_gv,534,0.66,1.0,0.965842,0.966068,0.965797,0.698,0.6584,3,0.88641
predictive_gv,535,0.66,1.0,0.971194,0.967276,0.966493,0.698,0.6584,3,0.887678
predictive_gv,536,0.66,1.0,0.966584,0.9683,0.96624,0.698,0.6584,3,0.886971
predictive_gv,537,0.66,1.0,0.965272,0.958919,0.957648,0.698,0.6584,3,0.88386
predictive_gv,538,0.66,1.0,0.96806,0.956523,0.954216,0.698,0.6584,3,0.883429
predictive_gv,539,0.66,0.995059,0.966935,0.952052,0.949075,0.698,0.6584,3,0.8807
predictive_gv,540,0.66,0.980859,0.958242,0.959474,0.957996,0.698,0.6584,3,0.878911
predictive_gv,541,0.66,0.987778,0.96511,0.960668,0.959779,0.698,0.6584,3,0.882007
predictive_gv,542,0.66,0.991482,0.963552,0.968953,0.962472,0.698,0.6584,3,0.884224
predictive_gv,543,0.66,1.0,0.951627,0.967169,0.948518,0.698,0.6584,3,0.881263
predictive_gv,544,0.66,1.0,0.942569,0.957595,0.939564,0.698,0.6584,3,0.876668
predictive_gv,545,0.66,0.998167,0.935195,0.952118,0.93181,0.698,0.6584,3,0.872857
predictive_gv,546,0.66,0.994227,0.938395,0.947539,0.936566,0.698,0.6584,3,0.872673
predictive_gv,547,0.66,1.0,0.942447,0.946953,0.941546,0.698,0.6584,3,0.87526
predictive_gv,548,0.66,1.0,0.94755,0.955266,0.946007,0.698,0.6584,3,0.878223
predictive_gv,549,0.66,1.0,0.951379,0.953173,0.951021,0.698,0.6584,3,0.879379
predictive_gv,550,0.66,0.997971,0.955087,0.946509,0.944794,0.698,0.6584,3,0.877578
predictive_gv,551,0.66,1.0,0.955079,0.95065,0.949765,0.698,0.6584,3,0.879441
predictive_gv,552,0.66,0.997279,0.959555,0.955505,0.954695,0.698,0.6584,3,0.881268
predictive_gv,553,0.66,0.995175,0.959549,0.953394,0.952163,0.698,0.6584,3,0.880103
predictive_gv,554,0.66,1.0,0.960729,0.949056,0.946722,0.698,0.6584,3,0.879716
predictive_gv,555,0.66,0.997747,0.957872,0.955067,0.954506,0.698,0.6584,3,0.880958
predictive_gv,556,0.66,0.98036,0.958063,0.957034,0.956828,0.698,0.6584,3,0.878201
predictive_gv,557,0.66,0.984282,0.948337,0.941208,0.939782,0.698,0.6584,3,0.871976
predictive_gv,558,0.66,0.98918,0.930383,0.937734,0.928912,0.698,0.6584,3,0.867428
predictive_gv,559,0.66,0.989879,0.94401,0.938112,0.936932,0.698,0.6584,3,0.871365
predictive_gv,560,0.66,0.999233,0.930237,0.921539,0.9198,0.698,0.6584,3,0.865364
predictive_gv,561,0.66,1.0,0.933852,0.922825,0.92062,0.698,0.6584,3,0.866505
predictive_gv,562,0.66,1.0,0.933619,0.932296,0.932032,0.698,0.6584,3,0.869804
predictive_gv,563,0.66,1.0,0.938244,0.928313,0.926327,0.698,0.6584,3,0.869086
predictive_gv,564,0.66,0.997438,0.940112,0.927329,0.924772,0.698,0.6584,3,0.868504
predictive_gv,565,0.66,1.0,0.94484,0.922539,0.918079,0.698,0.6584,3,0.86803
predictive_gv,566,0.66,1.0,0.948388,0.920584,0.915023,0.698,0.6584,3,0.867867
predictive_gv,567,0.66,1.0,0.946028,0.918394,0.912868,0.698,0.6584,3,0.866747
predictive_gv,568,0.66,0.999985,0.955023,0.926505,0.920801,0.698,0.6584,3,0.87093
predictive_gv,569,0.66,1.0,0.961175,0.928839,0.922372,0.698,0.6584,3,0.872665
predictive_gv,570,0.66,1.0,0.965149,0.926087,0.918275,0.698,0.6584,3,0.872285
predictive_gv,571,0.66,1.0,0.96185,0.919244,0.910723,0.698,0.6584,3,0.869388
predictive_gv,572,0.66,1.0,0.954844,0.919979,0.913006,0.698,0.6584,3,0.86861
predictive_gv,573,0.66,1.0,0.949571,0.914016,0.906905,0.698,0.6584,3,0.86573
predictive_gv,574,0.66,0.990368,0.949537,0.914381,0.90735,0.698,0.6584,3,0.863927
predictive_gv,575,0.66,0.99503,0.960491,0.907096,0.896417,0.698,0.6584,3,0.863916
predictive_gv,576,0.66,0.977573,0.96992,0.897347,0.882832,0.698,0.6584,3,0.858389
predictive_gv,577,0.66,0.977095,0.978474,0.906624,0.892253,0.698,0.6584,3,0.862825
predictive_gv,578,0.66,0.976857,0.974033,0.913869,0.901836,0.698,0.6584,3,0.86467
predictive_gv,579,0.66,0.972945,0.977957,0.910811,0.897382,0.698,0.6584,3,0.863392
predictive_gv,580,0.66,0.976442,0.974698,0.91027,0.897385,0.698,0.6584,3,0.863419
predictive_gv,581,0.66,0.977448,0.973223,0.911642,0.899326,0.698,0.6584,3,0.863885
predictive_gv,582,0.66,0.971817,0.97651,0.915563,0.903373,0.698,0.6584,3,0.864625
predictive_gv,583,0.66,0.988811,0.985909,0.913039,0.898465,0.698,0.6584,3,0.868526
predictive_gv,584,0.66,0.993275,0.977734,0.923573,0.912741,0.698,0.6584,3,0.871917
predictive_gv,585,0.66,1.0,0.973389,0.924963,0.915278,0.698,0.6584,3,0.873109
predictive_gv,586,0.66,1.0,0.97574,0.933545,0.925106,0.698,0.6584,3,0.876477
predictive_gv,587,0.66,0.992546,0.967643,0.93884,0.933079,0.698,0.6584,3,0.875652
predictive_gv,588,0.66,1.0,0.966872,0.931907,0.924914,0.698,0.6584,3,0.874588
predictive_gv,589,0.66,1.0,0.970928,0.934566,0.927294,0.698,0.6584,3,0.876125
predictive_gv,590,0.66,0.991189,0.966944,0.946793,0.942763,0.698,0.6584,3,0.878077
predictive_gv,591,0.66,0.987721,0.960475,0.945135,0.942067,0.698,0.6584,3,0.875842
predictive_gv,592,0.66,1.0,0.960413,0.939479,0.935293,0.698,0.6584,3,0.876298
predictive_gv,593,0.66,1.0,0.953798,0.943526,0.941472,0.698,0.6584,3,0.876743
predictive_gv,594,0.66,1.0,0.950263,0.941878,0.940201,0.698,0.6584,3,0.87564
predictive_gv,595,0.66,1.0,0.953471,0.938067,0.934987,0.698,0.6584,3,0.874773
predictive_gv,596,0.66,1.0,0.943971,0.929106,0.926133,0.698,0.6584,3,0.870213
predictive_gv,597,0.66,1.0,0.950829,0.940762,0.938749,0.698,0.6584,3,0.875331
predictive_gv,598,0.66,1.0,0.944672,0.94446,0.944418,0.698,0.6584,3,0.875721
predictive_gv,599,0.66,1.0,0.955874,0.945201,0.943067,0.698,0.6584,3,0.87764
predictive_gv,600,0.66,0.989935,0.973194,0.944441,0.938691,0.698,0.6584,3,0.877923
predictive_gv,601,0.66,0.999506,0.970933,0.950856,0.94684,0.698,0.6584,3,0.88176
predictive_gv,602,0.66,0.99644,0.96751,0.952454,0.949443,0.698,0.6584,3,0.881204
predictive_gv,603,0.66,1.0,0.972604,0.953316,0.949458,0.698,0.6584,3,0.882972
predictive_gv,604,0.66,0.986267,0.969651,0.956303,0.953633,0.698,0.6584,3,0.88084
predictive_gv,605,0.66,0.990505,0.97922,0.96269,0.959384,0.698,0.6584,3,0.885353
predictive_gv,606,0.66,0.992025,0.982232,0.961006,0.956761,0.698,0.6584,3,0.885509
predictive_gv,607,0.66,0.985795,0.984608,0.966471,0.962844,0.698,0.6584,3,0.886539
predictive_gv,608,0.66,0.984124,0.984567,0.972249,0.969785,0.698,0.6584,3,0.888232
predictive_gv,609,0.66,0.978213,0.991888,0.975394,0.972095,0.698,0.6584,3,0.889241
predictive_gv,610,0.66,0.986928,1.0,0.982748,0.979298,0.698,0.6584,3,0.894773
predictive_gv,611,0.66,0.99333,0.996655,0.980489,0.977256,0.698,0.6584,3,0.894763
predictive_gv,612,0.66,0.993681,1.0,0.98062,0.976744,0.698,0.6584,3,0.895374
predictive_gv,613,0.66,0.984137,1.0,0.983094,0.979713,0.698,0.6584,3,0.894336
predictive_gv,614,0.66,0.990471,1.0,0.987273,0.984728,0.698,0.6584,3,0.897074
predictive_gv,615,0.66,1.0,0.988905,0.986381,0.985876,0.698,0.6584,3,0.897024
predictive_gv,616,0.66,0.99672,0.990911,0.974322,0.971005,0.698,0.6584,3,0.89242
predictive_gv,617,0.66,1.0,0.986097,0.966674,0.962789,0.698,0.6584,3,0.889672
predictive_gv,618,0.66,0.999933,0.982901,0.960444,0.955952,0.698,0.6584,3,0.886992
predictive_gv,619,0.66,1.0,0.976968,0.955948,0.951744,0.698,0.6584,3,0.884545
predictive_gv,620,0.66,0.99492,0.978662,0.965946,0.963403,0.698,0.6584,3,0.887299
predictive_gv,621,0.66,0.987851,0.981591,0.965799,0.962641,0.698,0.6584,3,0.886267
predictive_gv,622,0.66,0.994294,0.986234,0.966936,0.963076,0.698,0.6584,3,0.888643
predictive_gv,623,0.66,0.999499,0.998987,0.975032,0.970241,0.698,0.6584,3,0.894421
predictive_gv,624,0.66,1.0,0.99298,0.98247,0.980368,0.698,0.6584,3,0.896251
predictive_gv,625,0.66,0.998023,0.991711,0.977147,0.974234,0.698,0.6584,3,0.893793
predictive_gv,626,0.66,1.0,0.993024,0.977507,0.974403,0.698,0.6584,3,0.89451
predictive_gv,627,0.66,0.985599,0.984735,0.973658,0.971443,0.698,0.6584,3,0.889048
predictive_gv,628,0.66,0.990554,0.990016,0.973599,0.970315,0.698,0.6584,3,0.8908
predictive_gv,629,0.66,0.986931,0.989473,0.974006,0.970912,0.698,0.6584,3,0.890138
predictive_gv,630,0.66,0.990418,0.990558,0.964779,0.959623,0.698,0.6584,3,0.887748
predictive_gv,631,0.66,1.0,0.978361,0.973787,0.972873,0.698,0.6584,3,0.891031
predictive_gv,632,0.66,0.99666,0.973953,0.985871,0.971569,0.698,0.6584,3,0.891294
predictive_gv,633,0.66,0.998344,0.975464,0.982375,0.974082,0.698,0.6584,3,0.891745
predictive_gv,634,0.66,0.995593,0.975655,0.993713,0.972043,0.698,0.6584,3,0.892718
predictive_gv,635,0.66,0.989849,0.968114,0.994646,0.962808,0.698,0.6584,3,0.888883
predictive_gv,636,0.66,0.994462,0.959258,0.998932,0.951323,0.698,0.6584,3,0.88706
predictive_gv,637,0.66,0.997472,0.958328,1.0,0.949994,0.698,0.6584,3,0.887453
predictive_gv,638,0.66,1.0,0.962818,1.0,0.955381,0.698,0.6584,3,0.889628
predictive_gv,639,0.66,1.0,0.971134,1.0,0.96536,0.698,0.6584,3,0.892722
predictive_gv,640,0.66,1.0,0.97096,1.0,0.965152,0.698,0.6584,3,0.892657
predictive_gv,641,0.66,0.997897,0.967282,0.994575,0.961823,0.698,0.6584,3,0.890174
predictive_gv,642,0.66,0.993101,0.973071,0.997996,0.968086,0.698,0.6584,3,0.891806
predictive_gv,643,0.66,1.0,0.965024,1.0,0.958029,0.698,0.6584,3,0.890449
predictive_gv,644,0.66,0.986052,0.97552,1.0,0.970624,0.698,0.6584,3,0.891564
predictive_gv,645,0.66,0.980975,0.966767,1.0,0.96012,0.698,0.6584,3,0.887292
predictive_gv,646,0.66,0.973506,0.969271,0.990173,0.965091,0.698,0.6584,3,0.885472
predictive_gv,647,0.66,0.984106,0.972886,0.98812,0.96984,0.698,0.6584,3,0.888674
predictive_gv,648,0.66,0.983206,0.973246,0.98387,0.971122,0.698,0.6584,3,0.888084
predictive_gv,649,0.66,0.98096,0.969614,0.990569,0.965423,0.698,0.6584,3,0.887141
predictive_gv,650,0.66,0.976141,0.963268,0.98988,0.957945,0.698,0.6584,3,0.883728
predictive_gv,651,0.66,0.97056,0.963292,0.990685,0.957813,0.698,0.6584,3,0.882724
predictive_gv,652,0.66,0.969534,0.971214,0.993663,0.966724,0.698,0.6584,3,0.885847
predictive_gv,653,0.66,0.976889,0.977355,1.0,0.972826,0.698,0.6584,3,0.890414
predictive_gv,654,0.66,0.998128,0.98527,0.995983,0.983127,0.698,0.6584,3,0.897092
predictive_gv,655,0.66,1.0,0.99719,0.990289,0.988909,0.698,0.6584,3,0.899626
predictive_gv,656,0.66,0.997191,1.0,0.989263,0.987115,0.698,0.6584,3,0.899119
predictive_gv,657,0.66,0.988549,1.0,0.990789,0.988947,0.698,0.6584,3,0.897927
predictive_gv,658,0.66,1.0,0.997705,0.993091,0.992168,0.698,0.6584,3,0.900688
predictive_gv,659,0.66,1.0,1.0,0.99366,0.992393,0.698,0.6584,3,0.901228
predictive_gv,660,0.66,1.0,0.998154,0.984201,0.98141,0.698,0.6584,3,0.897625
predictive_gv,661,0.66,0.992667,0.987404,0.982449,0.981458,0.698,0.6584,3,0.893951
predictive_gv,662,0.66,1.0,0.99152,0.986426,0.985407,0.698,0.6584,3,0.897427
predictive_gv,663,0.66,1.0,1.0,0.98916,0.986992,0.698,0.6584,3,0.899644
predictive_gv,664,0.66,0.992522,1.0,1.0,1.0,0.698,0.6584,3,0.901964
predictive_gv,665,0.66,0.990408,0.999028,0.997477,0.997167,0.698,0.6584,3,0.90051
predictive_gv,666,0.66,0.998231,1.0,1.0,1.0,0.698,0.6584,3,0.903106
predictive_gv,667,0.66,0.993959,0.996996,0.996623,0.996548,0.698,0.6584,3,0.900618
predictive_gv,668,0.66,1.0,1.0,1.0,1.0,0.698,0.6584,3,0.90346
predictive_gv,669,0.66,0.991747,1.0,0.99526,0.994312,0.698,0.6584,3,0.900141
predictive_gv,670,0.66,0.981538,1.0,0.990143,0.988171,0.698,0.6584,3,0.896298
predictive_gv,671,0.66,0.989506,1.0,0.990045,0.988053,0.698,0.6584,3,0.897857
predictive_gv,672,0.66,0.986847,1.0,0.996327,0.995592,0.698,0.6584,3,0.899536
predictive_gv,673,0.66,0.985252,0.998326,1.0,0.997991,0.698,0.6584,3,0.899888
predictive_gv,674,0.66,0.980337,1.0,0.997365,0.996838,0.698,0.6584,3,0.8986
predictive_gv,675,0.66,0.993784,0.993402,0.99624,0.992835,0.698,0.6584,3,0.899281
predictive_gv,676,0.66,0.994043,0.988273,1.0,0.985927,0.698,0.6584,3,0.897906
predictive_gv,677,0.66,1.0,0.984934,1.0,0.981921,0.698,0.6584,3,0.897856
predictive_gv,678,0.66,0.989959,0.99586,1.0,0.995032,0.698,0.6584,3,0.899912
predictive_gv,679,0.66,0.996049,0.999399,1.0,0.999279,0.698,0.6584,3,0.902446
predictive_gv,680,0.66,1.0,0.99362,1.0,0.992343,0.698,0.6584,3,0.901086
predictive_gv,681,0.66,1.0,1.0,1.0,1.0,0.698,0.6584,3,0.90346
predictive_gv,682,0.66,1.0,0.993891,1.0,0.992669,0.698,0.6584,3,0.901187
predictive_gv,683,0.66,0.999195,0.998642,1.0,0.99837,0.698,0.6584,3,0.902794
predictive_gv,684,0.66,0.99531,0.997634,0.995383,0.994933,0.698,0.6584,3,0.900546
predictive_gv,685,0.66,0.996999,1.0,0.993951,0.992741,0.698,0.6584,3,0.900731
predictive_gv,686,0.66,1.0,1.0,0.993328,0.991994,0.698,0.6584,3,0.901112
predictive_gv,687,0.66,0.995065,1.0,0.99382,0.992584,0.698,0.6584,3,0.900297
predictive_gv,688,0.66,1.0,1.0,0.994925,0.99391,0.698,0.6584,3,0.901674
predictive_gv,689,0.66,0.994711,0.994496,1.0,0.993395,0.698,0.6584,3,0.900355
predictive_gv,690,0.66,0.983922,0.996949,1.0,0.996339,0.698,0.6584,3,0.89911
predictive_gv,691,0.66,0.978398,0.990648,1.0,0.988778,0.698,0.6584,3,0.895661
predictive_gv,692,0.66,0.984868,0.99237,1.0,0.990843,0.698,0.6584,3,0.897595
predictive_gv,693,0.66,0.985861,0.999565,1.0,0.999478,0.698,0.6584,3,0.90047
predictive_gv,694,0.66,0.986835,1.0,1.0,1.0,0.698,0.6584,3,0.900827
predictive_gv,695,0.66,0.983109,1.0,1.0,1.0,0.698,0.6584,3,0.900082
predictive_gv,696,0.66,0.992055,0.992416,1.0,0.990899,0.698,0.6584,3,0.89905
predictive_gv,697,0.66,0.994534,0.991143,0.99057,0.990455,0.698,0.6584,3,0.897737
predictive_gv,698,0.66,0.998844,0.985849,0.98887,0.985245,0.698,0.6584,3,0.89654
predictive_gv,699,0.66,0.997015,0.986247,0.978671,0.977155,0.698,0.6584,3,0.89332
predictive_gv,700,0.66,0.999782,0.980022,0.964488,0.961381,0.698,0.6584,3,0.88796
predictive_gv,701,0.66,1.0,0.981826,0.970629,0.968389,0.698,0.6584,3,0.890432
predictive_gv,702,0.66,1.0,0.980791,0.968919,0.966545,0.698,0.6584,3,0.889677
predictive_gv,703,0.66,1.0,0.980693,0.978617,0.978202,0.698,0.6584,3,0.893076
predictive_gv,704,0.66,1.0,0.995645,0.98911,0.987804,0.698,0.6584,3,0.898982
predictive_gv,705,0.66,0.996259,1.0,0.988911,0.986693,0.698,0.6584,3,0.898809
predictive_gv,706,0.66,0.981625,1.0,0.98271,0.979253,0.698,0.6584,3,0.893699
predictive_gv,707,0.66,0.974973,1.0,0.986487,0.983784,0.698,0.6584,3,0.893698
predictive_gv,708,0.66,0.969428,1.0,0.976035,0.971242,0.698,0.6584,3,0.88891
predictive_gv,709,0.66,0.967015,0.997312,0.973583,0.968838,0.698,0.6584,3,0.887167
predictive_gv,710,0.66,0.959578,0.99473,0.974993,0.971045,0.698,0.6584,3,0.885793
predictive_gv,711,0.66,0.964581,1.0,0.966799,0.960159,0.698,0.6584,3,0.884689
predictive_gv,712,0.66,0.972909,1.0,0.962528,0.955034,0.698,0.6584,3,0.884852
predictive_gv,713,0.66,0.971299,0.995336,0.966462,0.960687,0.698,0.6584,3,0.885224
predictive_gv,714,0.66,0.969755,0.992121,0.960948,0.954714,0.698,0.6584,3,0.882499
predictive_gv,715,0.66,0.97285,0.989959,0.968603,0.964332,0.698,0.6584,3,0.885492
predictive_gv,716,0.66,0.983159,0.993326,0.965777,0.960267,0.698,0.6584,3,0.887058
predictive_gv,717,0.66,0.978384,0.989479,0.96221,0.956756,0.698,0.6584,3,0.884277
predictive_gv,718,0.66,0.988788,1.0,0.958648,0.950377,0.698,0.6584,3,0.886662
predictive_gv,719,0.66,1.0,0.998606,0.962606,0.955405,0.698,0.6584,3,0.890091
predictive_gv,720,0.66,1.0,0.997826,0.959851,0.952256,0.698,0.6584,3,0.889006
predictive_gv,721,0.66,1.0,0.993625,0.954483,0.946655,0.698,0.6584,3,0.886495
predictive_gv,722,0.66,0.99103,0.998634,0.958614,0.95061,0.698,0.6584,3,0.886896
predictive_gv,723,0.66,0.993163,0.991529,0.964233,0.958774,0.698,0.6584,3,0.888249
predictive_gv,724,0.66,0.997898,0.994769,0.961344,0.954659,0.698,0.6584,3,0.888659
predictive_gv,725,0.66,1.0,0.999043,0.959176,0.951202,0.698,0.6584,3,0.888948
predictive_gv,726,0.66,1.0,1.0,0.956891,0.948269,0.698,0.6584,3,0.888286
predictive_gv,727,0.66,0.992102,0.99813,0.966829,0.960568,0.698,0.6584,3,0.889927
predictive_gv,728,0.66,0.989972,0.994479,0.964534,0.958545,0.698,0.6584,3,0.888153
predictive_gv,729,0.66,0.982371,1.0,0.964623,0.957547,0.698,0.6584,3,0.887481
predictive_gv,730,0.66,0.975623,1.0,0.973926,0.968711,0.698,0.6584,3,0.889406
predictive_gv,731,0.66,0.975102,0.994472,0.969171,0.964111,0.698,0.6584,3,0.88681
predictive_gv,732,0.66,0.977908,0.985007,0.983764,0.983516,0.698,0.6584,3,0.891108
predictive_gv,733,0.66,0.981073,0.981655,0.982601,0.981466,0.698,0.6584,3,0.890623
predictive_gv,734,0.66,0.983689,0.982062,0.9879,0.980895,0.698,0.6584,3,0.891976
predictive_gv,735,0.66,0.991963,0.982488,0.989614,0.981063,0.698,0.6584,3,0.894009
predictive_gv,736,0.66,1.0,0.984897,0.988946,0.984087,0.698,0.6584,3,0.896427
predictive_gv,737,0.66,1.0,0.985487,0.988906,0.984803,0.698,0.6584,3,0.896641
predictive_gv,738,0.66,1.0,0.990847,0.999909,0.989035,0.698,0.6584,3,0.900044
predictive_gv,739,0.66,1.0,0.97964,1.0,0.975567,0.698,0.6584,3,0.895886
predictive_gv,740,0.66,0.994765,0.982183,0.996271,0.979365,0.698,0.6584,3,0.895308
predictive_gv,741,0.66,0.993527,0.987041,0.990774,0.986295,0.698,0.6584,3,0.896164
predictive_gv,742,0.66,0.993138,0.992311,0.996111,0.991551,0.698,0.6584,3,0.898729
predictive_gv,743,0.66,1.0,0.988854,0.997634,0.987098,0.698,0.6584,3,0.899011
predictive_gv,744,0.66,1.0,1.0,0.998461,0.998153,0.698,0.6584,3,0.902918
predictive_gv,745,0.66,1.0,0.991186,1.0,0.989423,0.698,0.6584,3,0.900181
predictive_gv,746,0.66,0.994249,0.985326,1.0,0.982391,0.698,0.6584,3,0.896851
predictive_gv,747,0.66,0.987681,0.992403,0.99945,0.990993,0.698,0.6584,3,0.8981
predictive_gv,748,0.66,0.986579,1.0,0.991136,0.989363,0.698,0.6584,3,0.897656
predictive_gv,749,0.66,0.99684,1.0,0.986628,0.983953,0.698,0.6584,3,0.898121
predictive_gv,750,0.66,1.0,1.0,0.983314,0.979977,0.698,0.6584,3,0.897587
predictive_gv,751,0.66,1.0,0.992128,0.991732,0.991652,0.698,0.6584,3,0.899385
predictive_gv,752,0.66,1.0,0.994478,0.99907,0.993559,0.698,0.6584,3,0.901287
predictive_gv,753,0.66,1.0,0.984213,0.997201,0.981616,0.698,0.6584,3,0.897229
predictive_gv,754,0.66,1.0,0.981674,1.0,0.978009,0.698,0.6584,3,0.896643
predictive_gv,755,0.66,0.996113,0.981195,0.995503,0.978333,0.698,0.6584,3,0.895111
predictive_gv,756,0.66,0.996949,0.987428,0.990293,0.986855,0.698,0.6584,3,0.896931
predictive_gv,757,0.66,0.986753,0.981598,0.986621,0.980593,0.698,0.6584,3,0.892252
predictive_gv,758,0.66,0.993279,0.975616,0.979716,0.974796,0.698,0.6584,3,0.890449
predictive_gv,759,0.66,0.986994,0.972947,0.97668,0.972201,0.698,0.6584,3,0.88781
predictive_gv,760,0.66,0.981718,0.971532,0.974039,0.971031,0.698,0.6584,3,0.88589
predictive_gv,761,0.66,0.983123,0.978605,0.967826,0.96567,0.698,0.6584,3,0.885593
predictive_gv,762,0.66,0.981156,0.971826,0.96829,0.967582,0.698,0.6584,3,0.88436
predictive_gv,763,0.66,0.976973,0.971822,0.961272,0.959163,0.698,0.6584,3,0.881052
predictive_gv,764,0.66,0.973315,0.969883,0.959885,0.957885,0.698,0.6584,3,0.879545
predictive_gv,765,0.66,0.962768,0.966941,0.963978,0.963386,0.698,0.6584,3,0.878441
predictive_gv,766,0.66,0.962567,0.96959,0.960257,0.958391,0.698,0.6584,3,0.877483
predictive_gv,767,0.66,0.953038,0.975742,0.963525,0.961082,0.698,0.6584,3,0.877638
predictive_gv,768,0.66,0.964677,0.974421,0.960803,0.958079,0.698,0.6584,3,0.878812
predictive_gv,769,0.66,0.982043,0.970951,0.961179,0.959224,0.698,0.6584,3,0.881904
predictive_gv,770,0.66,0.984058,0.975303,0.966909,0.965231,0.698,0.6584,3,0.884968
predictive_gv,771,0.66,0.990052,0.975932,0.960502,0.957415,0.698,0.6584,3,0.884005
predictive_gv,772,0.66,0.987473,0.982153,0.967336,0.964373,0.698,0.6584,3,0.886816
predictive_gv,773,0.66,0.993633,0.985112,0.969883,0.966838,0.698,0.6584,3,0.889382
predictive_gv,774,0.66,1.0,0.977088,0.965955,0.963729,0.698,0.6584,3,0.888085
predictive_gv,775,0.66,1.0,0.987631,0.95386,0.947106,0.698,0.6584,3,0.885388
predictive_gv,776,0.66,1.0,0.994041,0.958145,0.950965,0.698,0.6584,3,0.887845
predictive_gv,777,0.66,1.0,0.986021,0.958641,0.953164,0.698,0.6584,3,0.886833
predictive_gv,778,0.66,1.0,0.990345,0.959363,0.953167,0.698,0.6584,3,0.887727
predictive_gv,779,0.66,0.993952,0.988255,0.961688,0.956374,0.698,0.6584,3,0.887026
predictive_gv,780,0.66,0.990352,0.976592,0.95902,0.955505,0.698,0.6584,3,0.883641
predictive_gv,781,0.66,0.983503,0.981443,0.977219,0.976374,0.698,0.6584,3,0.889395
predictive_gv,782,0.66,0.987211,0.987095,0.969616,0.96612,0.698,0.6584,3,0.888297
predictive_gv,783,0.66,0.99008,0.989835,0.977003,0.974437,0.698,0.6584,3,0.891877
predictive_gv,784,0.66,0.994267,0.991064,0.976835,0.97399,0.698,0.6584,3,0.892837
predictive_gv,785,0.66,0.99007,0.992983,0.978631,0.975761,0.698,0.6584,3,0.892914
predictive_gv,786,0.66,0.998036,0.99934,0.983272,0.980059,0.698,0.6584,3,0.897081
predictive_gv,787,0.66,1.0,0.993889,0.984303,0.982386,0.698,0.6584,3,0.89703
predictive_gv,788,0.66,1.0,0.998754,0.991645,0.990223,0.698,0.6584,3,0.900335
predictive_gv,789,0.66,1.0,0.996234,1.0,0.995481,0.698,0.6584,3,0.902059
predictive_gv,790,0.66,0.991803,1.0,1.0,1.0,0.698,0.6584,3,0.901821
predictive_gv,791,0.66,0.996387,0.99988,1.0,0.999856,0.698,0.6584,3,0.902693
predictive_gv,792,0.66,0.994344,0.994559,0.98683,0.985284,0.698,0.6584,3,0.896888
predictive_gv,793,0.66,0.992525,1.0,0.98952,0.987424,0.698,0.6584,3,0.898276
predictive_gv,794,0.66,0.991522,0.995415,0.990341,0.989327,0.698,0.6584,3,0.897686
predictive_gv,795,0.66,0.993759,0.991327,0.983408,0.981824,0.698,0.6584,3,0.895088
predictive_gv,796,0.66,0.991966,0.99113,0.982423,0.980682,0.698,0.6584,3,0.894353
predictive_gv,797,0.66,0.996957,0.994697,0.994689,0.994688,0.698,0.6584,3,0.900197
predictive_gv,798,0.66,1.0,0.989929,0.985227,0.984287,0.698,0.6584,3,0.896769
predictive_gv,799,0.66,1.0,0.994407,0.992894,0.992592,0.698,0.6584,3,0.900131
predictive_gv,800,0.66,1.0,0.996571,0.983822,0.981272,0.698,0.6584,3,0.897258
predictive_gv,801,0.66,1.0,0.998951,0.990254,0.988514,0.698,0.6584,3,0.899874
predictive_gv,802,0.66,0.990857,0.998121,0.980811,0.977349,0.698,0.6584,3,0.894599
predictive_gv,803,0.66,1.0,0.990723,0.9773,0.974615,0.698,0.6584,3,0.894097
predictive_gv,804,0.66,0.999009,0.993448,0.975255,0.971616,0.698,0.6584,3,0.893582
predictive_gv,805,0.66,1.0,1.0,0.969214,0.963056,0.698,0.6584,3,0.892623
predictive_gv,806,0.66,1.0,1.0,0.969098,0.962918,0.698,0.6584,3,0.892582
predictive_gv,807,0.66,0.994766,0.993389,0.970002,0.965325,0.698,0.6584,3,0.890876
predictive_gv,808,0.66,1.0,0.990654,0.97058,0.966565,0.698,0.6584,3,0.891721
predictive_gv,809,0.66,0.997558,0.995321,0.973552,0.969198,0.698,0.6584,3,0.892969
predictive_gv,810,0.66,1.0,0.99914,0.977898,0.97365,0.698,0.6584,3,0.895553
predictive_gv,811,0.66,1.0,1.0,0.975887,0.971065,0.698,0.6584,3,0.894972
predictive_gv,812,0.66,1.0,1.0,0.970262,0.964314,0.698,0.6584,3,0.892992
predictive_gv,813,0.66,1.0,0.996963,0.967844,0.96202,0.698,0.6584,3,0.891692
predictive_gv,814,0.66,0.988713,1.0,0.980598,0.976717,0.698,0.6584,3,0.894373
predictive_gv,815,0.66,0.983749,1.0,0.980848,0.977017,0.698,0.6584,3,0.893468
predictive_gv,816,0.66,0.985575,0.996516,0.98001,0.976708,0.698,0.6584,3,0.893023
predictive_gv,817,0.66,0.979068,1.0,0.987701,0.985241,0.698,0.6584,3,0.894944
predictive_gv,818,0.66,0.985235,0.986464,0.984223,0.983775,0.698,0.6584,3,0.89295
predictive_gv,819,0.66,1.0,0.995005,0.983231,0.980877,0.698,0.6584,3,0.896818
predictive_gv,820,0.66,1.0,0.995229,0.993077,0.992647,0.698,0.6584,3,0.900317
predictive_gv,821,0.66,1.0,0.995798,0.995663,0.995636,0.698,0.6584,3,0.901312
predictive_gv,822,0.66,0.996844,0.989566,1.0,0.987479,0.698,0.6584,3,0.898947
predictive_gv,823,0.66,1.0,0.978384,0.996493,0.974762,0.698,0.6584,3,0.89497
predictive_gv,824,0.66,1.0,0.971069,0.999146,0.965453,0.698,0.6584,3,0.892588
predictive_gv,825,0.66,1.0,0.968106,0.998961,0.961935,0.698,0.6584,3,0.891463
predictive_gv,826,0.66,1.0,0.967527,0.996747,0.961683,0.698,0.6584,3,0.890964
predictive_gv,827,0.66,1.0,0.95857,0.998991,0.950485,0.698,0.6584,3,0.887919
predictive_gv,828,0.66,0.991253,0.954774,1.0,0.945729,0.698,0.6584,3,0.884886
predictive_gv,829,0.66,0.995969,0.96637,1.0,0.959644,0.698,0.6584,3,0.890143
predictive_gv,830,0.66,0.991835,0.965565,0.997887,0.959101,0.698,0.6584,3,0.888747
predictive_gv,831,0.66,0.996974,0.976878,0.997921,0.97267,0.698,0.6584,3,0.893988
predictive_gv,832,0.66,1.0,0.985081,0.999372,0.982222,0.698,0.6584,3,0.89783
predictive_gv,833,0.66,1.0,0.984217,0.987055,0.98365,0.698,0.6584,3,0.895932
predictive_gv,834,0.66,1.0,0.99329,0.98302,0.980966,0.698,0.6584,3,0.89649
predictive_gv,835,0.66,1.0,0.993983,0.984167,0.982204,0.698,0.6584,3,0.896996
predictive_gv,836,0.66,1.0,0.99859,0.991917,0.990582,0.698,0.6584,3,0.900406
predictive_gv,837,0.66,1.0,0.996092,0.988741,0.987271,0.698,0.6584,3,0.898918
predictive_gv,838,0.66,1.0,0.999074,0.988114,0.985922,0.698,0.6584,3,0.899139
predictive_gv,839,0.66,1.0,1.0,0.985917,0.9831,0.698,0.6584,3,0.898503
predictive_gv,840,0.66,1.0,1.0,0.979331,0.975198,0.698,0.6584,3,0.896185
predictive_gv,841,0.66,1.0,0.985807,0.982351,0.98166,0.698,0.6584,3,0.895147
predictive_gv,842,0.66,1.0,0.982311,0.979283,0.978678,0.698,0.6584,3,0.89355
predictive_gv,843,0.66,1.0,0.979844,0.977776,0.977362,0.698,0.6584,3,0.892654
predictive_gv,844,0.66,0.992925,0.969894,0.985617,0.96675,0.698,0.6584,3,0.889004
predictive_gv,845,0.66,0.992459,0.97004,0.987261,0.966596,0.698,0.6584,3,0.889176
predictive_gv,846,0.66,0.999146,0.965075,0.985794,0.960931,0.698,0.6584,3,0.888479
predictive_gv,847,0.66,1.0,0.964962,0.990198,0.959914,0.698,0.6584,3,0.889171
predictive_gv,848,0.66,1.0,0.965861,0.992792,0.960475,0.698,0.6584,3,0.889838
predictive_gv,849,0.66,0.993271,0.966176,0.988908,0.96163,0.698,0.6584,3,0.888112
predictive_gv,850,0.66,0.998912,0.96279,0.987578,0.957833,0.698,0.6584,3,0.88781
predictive_gv,851,0.66,1.0,0.965426,0.988325,0.960846,0.698,0.6584,3,0.889104
predictive_gv,852,0.66,0.985433,0.964117,0.992004,0.95854,0.698,0.6584,3,0.886175
predictive_gv,853,0.66,0.997965,0.964805,1.0,0.957766,0.698,0.6584,3,0.88996
predictive_gv,854,0.66,1.0,0.958534,1.0,0.950241,0.698,0.6584,3,0.888035
predictive_gv,855,0.66,1.0,0.96298,0.991673,0.957241,0.698,0.6584,3,0.888623
predictive_gv,856,0.66,0.996309,0.952013,0.989791,0.944457,0.698,0.6584,3,0.883564
predictive_gv,857,0.66,0.990268,0.96866,0.987786,0.964834,0.698,0.6584,3,0.888292
predictive_gv,858,0.66,0.99311,0.964119,0.993303,0.958282,0.698,0.6584,3,0.887877
predictive_gv,859,0.66,0.997916,0.958205,1.0,0.949846,0.698,0.6584,3,0.887496
predictive_gv,860,0.66,0.999392,0.957576,0.996678,0.949756,0.698,0.6584,3,0.887132
predictive_gv,861,0.66,0.995725,0.968791,0.993452,0.963859,0.698,0.6584,3,0.890157
predictive_gv,862,0.66,0.989037,0.9752,0.992115,0.971817,0.698,0.6584,3,0.891033
predictive_gv,863,0.66,1.0,0.971207,0.996123,0.966224,0.698,0.6584,3,0.892253
predictive_gv,864,0.66,1.0,0.969638,0.994778,0.96461,0.698,0.6584,3,0.891497
predictive_gv,865,0.66,1.0,0.969465,0.992089,0.96494,0.698,0.6584,3,0.891088
predictive_gv,866,0.66,1.0,0.967942,0.988384,0.963854,0.698,0.6584,3,0.890048
predictive_gv,867,0.66,1.0,0.967827,0.989388,0.963514,0.698,0.6584,3,0.890133
predictive_gv,868,0.66,1.0,0.975917,0.99723,0.971655,0.698,0.6584,3,0.894147
predictive_gv,869,0.66,1.0,0.976619,1.0,0.971942,0.698,0.6584,3,0.894762
predictive_gv,870,0.66,1.0,0.982746,1.0,0.979295,0.698,0.6584,3,0.897042
predictive_gv,871,0.66,0.998322,0.982281,0.998713,0.978994,0.698,0.6584,3,0.896368
predictive_gv,872,0.66,0.985052,0.991008,0.992591,0.990691,0.698,0.6584,3,0.896177
predictive_gv,873,0.66,0.976317,0.994975,0.988079,0.9867,0.698,0.6584,3,0.893784
predictive_gv,874,0.66,0.980512,0.990906,0.984956,0.983766,0.698,0.6584,3,0.892921
predictive_gv,875,0.66,0.989552,0.986242,0.979415,0.97805,0.698,0.6584,3,0.892088
predictive_gv,876,0.66,0.996506,0.99539,0.973543,0.969174,0.698,0.6584,3,0.892766
predictive_gv,877,0.66,1.0,1.0,0.968299,0.961958,0.698,0.6584,3,0.892301
predictive_gv,878,0.66,1.0,0.996534,0.964599,0.958212,0.698,0.6584,3,0.890486
predictive_gv,879,0.66,1.0,0.98877,0.974545,0.9717,0.698,0.6584,3,0.892838
predictive_gv,880,0.66,1.0,0.998619,0.977184,0.972897,0.698,0.6584,3,0.895224
predictive_gv,881,0.66,1.0,0.997617,0.980928,0.977591,0.698,0.6584,3,0.896394
predictive_gv,882,0.66,1.0,0.989316,0.975362,0.972571,0.698,0.6584,3,0.893206
predictive_gv,883,0.66,1.0,0.980427,0.971876,0.970166,0.698,0.6584,3,0.890664
predictive_gv,884,0.66,1.0,0.975011,0.964916,0.962897,0.698,0.6584,3,0.887412
predictive_gv,885,0.66,1.0,0.97499,0.965631,0.96376,0.698,0.6584,3,0.887661
predictive_gv,886,0.66,1.0,0.978217,0.963065,0.960035,0.698,0.6584,3,0.887235
predictive_gv,887,0.66,0.991754,0.975064,0.972651,0.972169,0.698,0.6584,3,0.888493
predictive_gv,888,0.66,0.997894,0.964161,0.96614,0.963765,0.698,0.6584,3,0.885372
predictive_gv,889,0.66,0.99916,0.957626,0.965577,0.956036,0.698,0.6584,3,0.883123
predictive_gv,890,0.66,1.0,0.960083,0.960401,0.960019,0.698,0.6584,3,0.883542
predictive_gv,891,0.66,0.992814,0.951084,0.96192,0.948917,0.698,0.6584,3,0.878952
predictive_gv,892,0.66,0.987732,0.953293,0.971762,0.949599,0.698,0.6584,3,0.880017
predictive_gv,893,0.66,0.996535,0.953505,0.976953,0.948815,0.698,0.6584,3,0.882521
predictive_gv,894,0.66,0.983118,0.963652,0.974308,0.961521,0.698,0.6584,3,0.883274
predictive_gv,895,0.66,0.982918,0.966554,0.968334,0.966198,0.698,0.6584,3,0.883549
predictive_gv,896,0.66,0.98976,0.968769,0.971474,0.968228,0.698,0.6584,3,0.886143
predictive_gv,897,0.66,0.99795,0.975951,0.978223,0.975496,0.698,0.6584,3,0.891316
predictive_gv,898,0.66,1.0,0.981826,0.99487,0.979218,0.698,0.6584,3,0.896043
predictive_gv,899,0.66,1.0,0.976847,0.993442,0.973528,0.698,0.6584,3,0.894008
predictive_gv,900,0.66,1.0,0.957858,0.983818,0.952666,0.698,0.6584,3,0.885712
predictive_gv,901,0.66,0.98958,0.958185,0.9792,0.953982,0.698,0.6584,3,0.883158
predictive_gv,902,0.66,0.987123,0.954745,0.979822,0.94973,0.698,0.6584,3,0.881467
predictive_gv,903,0.66,0.98545,0.955938,0.986452,0.949835,0.698,0.6584,3,0.882425
predictive_gv,904,0.66,0.989272,0.958481,0.985719,0.953033,0.698,0.6584,3,0.884041
predictive_gv,905,0.66,0.995034,0.967557,0.974772,0.966114,0.698,0.6584,3,0.887169
predictive_gv,906,0.66,1.0,0.968275,0.969819,0.967967,0.698,0.6584,3,0.887795
predictive_gv,907,0.66,1.0,0.96459,0.960104,0.959207,0.698,0.6584,3,0.884176
predictive_gv,908,0.66,1.0,0.964851,0.955694,0.953863,0.698,0.6584,3,0.882662
predictive_gv,909,0.66,1.0,0.956112,0.947506,0.945785,0.698,0.6584,3,0.878487
predictive_gv,910,0.66,1.0,0.954319,0.952781,0.952473,0.698,0.6584,3,0.880078
predictive_gv,911,0.66,1.0,0.958915,0.955688,0.955043,0.698,0.6584,3,0.881782
predictive_gv,912,0.66,0.992292,0.953857,0.948779,0.947764,0.698,0.6584,3,0.877059
predictive_gv,913,0.66,0.99679,0.946407,0.950598,0.945569,0.698,0.6584,3,0.876558
predictive_gv,914,0.66,0.990876,0.944102,0.945209,0.94388,0.698,0.6584,3,0.873828
predictive_gv,915,0.66,0.992172,0.950502,0.944027,0.942732,0.698,0.6584,3,0.874866
predictive_gv,916,0.66,1.0,0.9421,0.953245,0.939871,0.698,0.6584,3,0.875937
predictive_gv,917,0.66,1.0,0.941681,0.963069,0.937403,0.698,0.6584,3,0.877038
predictive_gv,918,0.66,0.996994,0.940926,0.960645,0.936982,0.698,0.6584,3,0.875846
predictive_gv,919,0.66,1.0,0.93788,0.96153,0.93315,0.698,0.6584,3,0.875427
predictive_gv,920,0.66,1.0,0.932622,0.955485,0.928049,0.698,0.6584,3,0.872697
predictive_gv,921,0.66,1.0,0.937084,0.959742,0.932552,0.698,0.6584,3,0.874902
predictive_gv,922,0.66,0.999955,0.943529,0.95745,0.940745,0.698,0.6584,3,0.876997
predictive_gv,923,0.66,1.0,0.940006,0.954432,0.93712,0.698,0.6584,3,0.875309
predictive_gv,924,0.66,0.990904,0.938809,0.963471,0.933877,0.698,0.6584,3,0.874202
predictive_gv,925,0.66,1.0,0.93786,0.977142,0.930004,0.698,0.6584,3,0.877418
predictive_gv,926,0.66,1.0,0.934077,0.973633,0.926166,0.698,0.6584,3,0.875562
predictive_gv,927,0.66,1.0,0.94203,0.966451,0.937146,0.698,0.6584,3,0.877601
predictive_gv,928,0.66,0.994868,0.935571,0.968789,0.928928,0.698,0.6584,3,0.874471
predictive_gv,929,0.66,0.997935,0.941616,0.974873,0.934965,0.698,0.6584,3,0.878112
predictive_gv,930,0.66,0.991052,0.952205,0.986846,0.945276,0.698,0.6584,3,0.882207
predictive_gv,931,0.66,0.980345,0.945194,0.98443,0.937347,0.698,0.6584,3,0.877148
predictive_gv,932,0.66,0.983121,0.942971,0.980738,0.935417,0.698,0.6584,3,0.876404
predictive_gv,933,0.66,0.992758,0.943958,0.993857,0.933978,0.698,0.6584,3,0.880378
predictive_gv,934,0.66,1.0,0.944019,0.987477,0.935327,0.698,0.6584,3,0.881032
predictive_gv,935,0.66,0.991686,0.950992,0.985505,0.94409,0.698,0.6584,3,0.881711
predictive_gv,936,0.66,0.995413,0.950559,0.978879,0.944895,0.698,0.6584,3,0.881447
predictive_gv,937,0.66,0.996304,0.957307,0.975157,0.953737,0.698,0.6584,3,0.883659
predictive_gv,938,0.66,1.0,0.960095,0.980539,0.956006,0.698,0.6584,3,0.886124
predictive_gv,939,0.66,1.0,0.963402,0.985264,0.959029,0.698,0.6584,3,0.887959
predictive_gv,940,0.66,0.996445,0.957141,0.993264,0.949916,0.698,0.6584,3,0.885943
predictive_gv,941,0.66,1.0,0.960794,0.998952,0.953162,0.698,0.6584,3,0.888741
predictive_gv,942,0.66,0.996314,0.964123,0.997227,0.957502,0.698,0.6584,3,0.889022
predictive_gv,943,0.66,1.0,0.960343,0.99134,0.954144,0.698,0.6584,3,0.887599
predictive_gv,944,0.66,1.0,0.948413,0.998593,0.938378,0.698,0.6584,3,0.88409
predictive_gv,945,0.66,1.0,0.94575,1.0,0.9349,0.698,0.6584,3,0.883279
predictive_gv,946,0.66,0.996975,0.945408,1.0,0.93449,0.698,0.6584,3,0.882547
predictive_gv,947,0.66,1.0,0.946874,0.991737,0.937901,0.698,0.6584,3,0.882639
predictive_gv,948,0.66,1.0,0.944289,0.995997,0.933947,0.698,0.6584,3,0.882223
predictive_gv,949,0.66,1.0,0.944487,1.0,0.933384,0.698,0.6584,3,0.882809
predictive_gv,950,0.66,0.997237,0.95338,1.0,0.944056,0.698,0.6584,3,0.885565
predictive_gv,951,0.66,1.0,0.957386,1.0,0.948864,0.698,0.6584,3,0.887608
predictive_gv,952,0.66,1.0,0.964094,1.0,0.956913,0.698,0.6584,3,0.890103
predictive_gv,953,0.66,0.995293,0.963088,0.996863,0.956333,0.698,0.6584,3,0.888386
predictive_gv,954,0.66,0.98472,0.961543,0.995365,0.954778,0.698,0.6584,3,0.885505
predictive_gv,955,0.66,0.991806,0.96371,0.993948,0.957662,0.698,0.6584,3,0.887547
predictive_gv,956,0.66,1.0,0.964079,0.991509,0.958593,0.698,0.6584,3,0.88901
predictive_gv,957,0.66,0.996778,0.961865,0.988364,0.956565,0.698,0.6584,3,0.88714
predictive_gv,958,0.66,1.0,0.965337,0.997958,0.958813,0.698,0.6584,3,0.890304
predictive_gv,959,0.66,1.0,0.969628,1.0,0.963553,0.698,0.6584,3,0.892162
predictive_gv,960,0.66,1.0,0.966511,0.991177,0.961578,0.698,0.6584,3,0.889873
predictive_gv,961,0.66,0.992647,0.970048,0.986133,0.966831,0.698,0.6584,3,0.889072
predictive_gv,962,0.66,1.0,0.974032,0.993986,0.970041,0.698,0.6584,3,0.89303
predictive_gv,963,0.66,1.0,0.97921,0.988745,0.977303,0.698,0.6584,3,0.894286
predictive_gv,964,0.66,1.0,0.978269,0.979106,0.978102,0.698,0.6584,3,0.892702
predictive_gv,965,0.66,0.991554,0.963703,0.977606,0.960923,0.698,0.6584,3,0.885402
predictive_gv,966,0.66,0.987302,0.946065,0.973106,0.940657,0.698,0.6584,3,0.877414
predictive_gv,967,0.66,0.984868,0.949845,0.982188,0.943377,0.698,0.6584,3,0.879496
predictive_gv,968,0.66,0.99572,0.957854,0.976556,0.954114,0.698,0.6584,3,0.883925
predictive_gv,969,0.66,1.0,0.956376,0.972445,0.953163,0.698,0.6584,3,0.883705
predictive_gv,970,0.66,0.990787,0.951026,0.969188,0.947394,0.698,0.6584,3,0.879455
predictive_gv,971,0.66,0.995178,0.958543,0.964489,0.957353,0.698,0.6584,3,0.882528
predictive_gv,972,0.66,1.0,0.95487,0.961827,0.953479,0.698,0.6584,3,0.881785
predictive_gv,973,0.66,1.0,0.965336,0.956682,0.954951,0.698,0.6584,3,0.883082
predictive_gv,974,0.66,1.0,0.95568,0.952483,0.951844,0.698,0.6584,3,0.880175
predictive_gv,975,0.66,1.0,0.959393,0.96486,0.9583,0.698,0.6584,3,0.883856
predictive_gv,976,0.66,0.998762,0.955114,0.9582,0.954497,0.698,0.6584,3,0.881164
predictive_gv,977,0.66,1.0,0.945443,0.959438,0.942644,0.698,0.6584,3,0.877973
predictive_gv,978,0.66,1.0,0.954533,0.963311,0.952777,0.698,0.6584,3,0.88185
predictive_gv,979,0.66,0.99841,0.956162,0.967682,0.953858,0.698,0.6584,3,0.882697
predictive_gv,980,0.66,1.0,0.95865,0.960655,0.958249,0.698,0.6584,3,0.883042
predictive_gv,981,0.66,1.0,0.964818,0.962279,0.961771,0.698,0.6584,3,0.884975
predictive_gv,982,0.66,1.0,0.96437,0.955979,0.954301,0.698,0.6584,3,0.882691
predictive_gv,983,0.66,1.0,0.976121,0.970168,0.968978,0.698,0.6584,3,0.889425
predictive_gv,984,0.66,0.992365,0.959587,0.976484,0.956208,0.698,0.6584,3,0.883889
predictive_gv,985,0.66,0.995788,0.953321,0.976585,0.948669,0.698,0.6584,3,0.882256
predictive_gv,986,0.66,1.0,0.95622,0.9812,0.951223,0.698,0.6584,3,0.884767
predictive_gv,987,0.66,1.0,0.961192,0.974586,0.958513,0.698,0.6584,3,0.88577
predictive_gv,988,0.66,1.0,0.965033,0.976956,0.962648,0.698,0.6584,3,0.887503
predictive_gv,989,0.66,0.989573,0.973424,0.974721,0.973165,0.698,0.6584,3,0.888253
predictive_gv,990,0.66,0.993177,0.966684,0.972425,0.965536,0.698,0.6584,3,0.886172
predictive_gv,991,0.66,0.994135,0.963855,0.9694,0.962746,0.698,0.6584,3,0.884924
predictive_gv,992,0.66,1.0,0.951985,0.98703,0.944976,0.698,0.6584,3,0.883938
predictive_gv,993,0.66,1.0,0.950664,0.987359,0.943325,0.698,0.6584,3,0.883489
predictive_gv,994,0.66,0.994247,0.947162,0.994808,0.937633,0.698,0.6584,3,0.881989
predictive_gv,995,0.66,1.0,0.946366,0.989184,0.937802,0.698,0.6584,3,0.882124
predictive_gv,996,0.66,0.995004,0.941033,0.988354,0.931569,0.698,0.6584,3,0.879034
predictive_gv,997,0.66,0.997695,0.943558,0.990077,0.934254,0.698,0.6584,3,0.880732
predictive_gv,998,0.66,0.994718,0.948942,0.989674,0.940796,0.698,0.6584,3,0.882088
predictive_gv,999,0.66,1.0,0.949593,0.996505,0.94021,0.698,0.6584,3,0.884261
civilization_recursive_gv,0,0.2,0.361101,1.0,0.999996,0.999995,0.5,0.5,0,0.722219
civilization_recursive_gv,1,0.2,0.359948,0.986999,1.0,0.984398,0.5,0.5,0,0.717153
civilization_recursive_gv,2,0.2,0.367353,0.986648,1.0,0.983977,0.5,0.5,0,0.718503
civilization_recursive_gv,3,0.2,0.358798,0.972151,0.999194,0.966742,0.5,0.5,0,0.711297
civilization_recursive_gv,4,0.2,0.352371,0.974911,0.996663,0.97056,0.5,0.5,0,0.710714
civilization_recursive_gv,5,0.2,0.37353,0.975366,0.990254,0.972389,0.5,0.5,0,0.714295
civilization_recursive_gv,6,0.2,0.372944,0.97498,0.99833,0.97031,0.5,0.5,0,0.715068
civilization_recursive_gv,7,0.2,0.388586,0.973061,1.0,0.967673,0.5,0.5,0,0.717696
civilization_recursive_gv,8,0.2,0.398947,0.981659,0.998368,0.978318,0.5,0.5,0,0.722758
civilization_recursive_gv,9,0.2,0.379912,0.980978,1.0,0.977174,0.5,0.5,0,0.718906
civilization_recursive_gv,10,0.2,0.38002,0.991687,0.997696,0.990485,0.5,0.5,0,0.722617
civilization_recursive_gv,11,0.2,0.377075,0.985177,1.0,0.982212,0.5,0.5,0,0.719901
civilization_recursive_gv,12,0.2,0.382755,0.983091,0.999652,0.979778,0.5,0.5,0,0.720216
civilization_recursive_gv,13,0.2,0.386564,0.98414,0.993058,0.982357,0.5,0.5,0,0.720524
civilization_recursive_gv,14,0.2,0.385302,0.995154,0.986878,0.985223,0.5,0.5,0,0.721724
civilization_recursive_gv,15,0.2,0.377375,0.991938,0.988894,0.988285,0.5,0.5,0,0.720372
civilization_recursive_gv,16,0.2,0.378128,0.994152,0.986231,0.984647,0.5,0.5,0,0.719913
civilization_recursive_gv,17,0.2,0.376484,0.993724,0.988771,0.98778,0.5,0.5,0,0.720415
civilization_recursive_gv,18,0.2,0.382437,0.995796,0.991888,0.991107,0.5,0.5,0,0.72301
civilization_recursive_gv,19,0.2,0.374687,0.987343,0.982083,0.981031,0.5,0.5,0,0.716758
civilization_recursive_gv,20,0.2,0.357785,0.994847,0.977642,0.974201,0.5,0.5,0,0.712924
civilization_recursive_gv,21,0.2,0.340965,0.993576,0.98697,0.985648,0.5,0.5,0,0.712655
civilization_recursive_gv,22,0.2,0.339067,0.982092,0.979386,0.978845,0.5,0.5,0,0.707907
civilization_recursive_gv,23,0.2,0.337081,0.982144,0.981644,0.981544,0.5,0.5,0,0.708312
civilization_recursive_gv,24,0.2,0.341139,0.980109,0.983902,0.97935,0.5,0.5,0,0.708768
civilization_recursive_gv,25,0.2,0.329354,0.978081,0.988181,0.976061,0.5,0.5,0,0.706204
civilization_recursive_gv,26,0.2,0.330402,0.984062,0.987279,0.983419,0.5,0.5,0,0.708523
civilization_recursive_gv,27,0.2,0.327363,0.990232,0.989371,0.989199,0.5,0.5,0,0.710286
civilization_recursive_gv,28,0.2,0.316251,0.997126,0.985194,0.982808,0.5,0.5,0,0.707613
civilization_recursive_gv,29,0.2,0.335872,1.0,0.995261,0.994313,0.5,0.5,0,0.715506
civilization_recursive_gv,30,0.2,0.34524,1.0,0.997585,0.997102,0.5,0.5,0,0.718198
civilization_recursive_gv,31,0.2,0.345962,0.998328,0.997766,0.997653,0.5,0.5,0,0.718158
civilization_recursive_gv,32,0.2,0.35387,0.99501,1.0,0.994011,0.5,0.5,0,0.718917
civilization_recursive_gv,33,0.2,0.359059,0.991282,1.0,0.989539,0.5,0.5,0,0.718569
civilization_recursive_gv,34,0.2,0.355576,0.989198,0.994898,0.988058,0.5,0.5,0,0.716444
civilization_recursive_gv,35,0.2,0.347987,0.987887,0.997107,0.986043,0.5,0.5,0,0.714721
civilization_recursive_gv,36,0.2,0.348712,0.986759,0.998827,0.984346,0.5,0.5,0,0.714667
civilization_recursive_gv,37,0.2,0.339923,0.984865,0.994581,0.982921,0.5,0.5,0,0.711661
civilization_recursive_gv,38,0.2,0.347585,0.986832,0.995569,0.985084,0.5,0.5,0,0.714051
civilization_recursive_gv,39,0.2,0.349021,0.990274,0.994099,0.989509,0.5,0.5,0,0.715431
civilization_recursive_gv,40,0.2,0.343452,0.991122,1.0,0.989346,0.5,0.5,0,0.715388
civilization_recursive_gv,41,0.2,0.354873,0.993075,1.0,0.99169,0.5,0.5,0,0.718398
civilization_recursive_gv,42,0.2,0.341213,0.985192,0.998992,0.982432,0.5,0.5,0,0.712605
civilization_recursive_gv,43,0.2,0.353311,0.993481,0.9949,0.993197,0.5,0.5,0,0.717584
civilization_recursive_gv,44,0.2,0.350294,0.997753,0.999874,0.997328,0.5,0.5,0,0.719207
civilization_recursive_gv,45,0.2,0.347153,1.0,0.98864,0.986368,0.5,0.5,0,0.715432
civilization_recursive_gv,46,0.2,0.347753,0.999978,0.976722,0.972071,0.5,0.5,0,0.711354
civilization_recursive_gv,47,0.2,0.359397,0.997418,0.981632,0.978474,0.5,0.5,0,0.715032
civilization_recursive_gv,48,0.2,0.368698,0.998637,0.976537,0.972117,0.5,0.5,0,0.715279
civilization_recursive_gv,49,0.2,0.382308,1.0,0.976472,0.971766,0.5,0.5,0,0.71818
civilization_recursive_gv,50,0.2,0.392382,1.0,0.979011,0.974813,0.5,0.5,0,0.721088
civilization_recursive_gv,51,0.2,0.399283,0.986903,0.981947,0.980956,0.5,0.5,0,0.721564
civilization_recursive_gv,52,0.2,0.396085,0.986084,0.9731,0.970503,0.5,0.5,0,0.717689
civilization_recursive_gv,53,0.2,0.406857,0.989233,0.959348,0.953371,0.5,0.5,0,0.715468
civilization_recursive_gv,54,0.2,0.414702,0.987843,0.967915,0.96393,0.5,0.5,0,0.719847
civilization_recursive_gv,55,0.2,0.404648,0.987312,0.966093,0.961849,0.5,0.5,0,0.717117
civilization_recursive_gv,56,0.2,0.393814,0.982818,0.963163,0.959232,0.5,0.5,0,0.713253
civilization_recursive_gv,57,0.2,0.402967,0.986364,0.96866,0.965119,0.5,0.5,0,0.717544
civilization_recursive_gv,58,0.2,0.408591,0.985842,0.966857,0.96306,0.5,0.5,0,0.717957
civilization_recursive_gv,59,0.2,0.390748,0.974984,0.970048,0.969061,0.5,0.5,0,0.713904
civilization_recursive_gv,60,0.2,0.380052,0.969332,0.965311,0.964506,0.5,0.5,0,0.709261
civilization_recursive_gv,61,0.2,0.390551,0.979997,0.956713,0.952056,0.5,0.5,0,0.709913
civilization_recursive_gv,62,0.2,0.379866,0.988271,0.960385,0.954808,0.5,0.5,0,0.710293
civilization_recursive_gv,63,0.2,0.382503,0.988247,0.954728,0.948024,0.5,0.5,0,0.708825
civilization_recursive_gv,64,0.2,0.381814,0.981362,0.959396,0.955003,0.5,0.5,0,0.709312
civilization_recursive_gv,65,0.2,0.384434,0.981115,0.965841,0.962786,0.5,0.5,0,0.712068
civilization_recursive_gv,66,0.2,0.378164,0.983557,0.968891,0.965958,0.5,0.5,0,0.712249
civilization_recursive_gv,67,0.2,0.387251,0.980305,0.973739,0.972425,0.5,0.5,0,0.715291
civilization_recursive_gv,68,0.2,0.387091,0.979189,0.983135,0.9784,0.5,0.5,0,0.717518
civilization_recursive_gv,69,0.2,0.392755,0.96918,0.98148,0.966721,0.5,0.5,0,0.714716
civilization_recursive_gv,70,0.2,0.413359,0.966012,0.982419,0.96273,0.5,0.5,0,0.717778
civilization_recursive_gv,71,0.2,0.401444,0.963773,0.985323,0.959463,0.5,0.5,0,0.714934
civilization_recursive_gv,72,0.2,0.38384,0.961349,0.991844,0.955251,0.5,0.5,0,0.711346
civilization_recursive_gv,73,0.2,0.394385,0.956479,0.99975,0.947825,0.5,0.5,0,0.712655
civilization_recursive_gv,74,0.2,0.407922,0.957674,0.987471,0.951714,0.5,0.5,0,0.714236
civilization_recursive_gv,75,0.2,0.405174,0.956559,0.979091,0.952053,0.5,0.5,0,0.712199
civilization_recursive_gv,76,0.2,0.401805,0.967183,0.977068,0.965205,0.5,0.5,0,0.715218
civilization_recursive_gv,77,0.2,0.413162,0.967629,0.977306,0.965693,0.5,0.5,0,0.717685
civilization_recursive_gv,78,0.2,0.410301,0.971075,0.970124,0.969933,0.5,0.5,0,0.717263
civilization_recursive_gv,79,0.2,0.407737,0.972254,0.979808,0.970744,0.5,0.5,0,0.718641
civilization_recursive_gv,80,0.2,0.403013,0.989482,0.977754,0.975408,0.5,0.5,0,0.721215
civilization_recursive_gv,81,0.2,0.40095,0.988105,0.978821,0.976964,0.5,0.5,0,0.720975
civilization_recursive_gv,82,0.2,0.404982,0.994889,0.985657,0.983811,0.5,0.5,0,0.725191
civilization_recursive_gv,83,0.2,0.408793,1.0,0.979377,0.975252,0.5,0.5,0,0.724499
civilization_recursive_gv,84,0.2,0.405492,0.997894,0.972662,0.967616,0.5,0.5,0,0.721164
civilization_recursive_gv,85,0.2,0.414084,1.0,0.969997,0.963996,0.5,0.5,0,0.722256
civilization_recursive_gv,86,0.2,0.416646,1.0,0.984119,0.980943,0.5,0.5,0,0.727739
civilization_recursive_gv,87,0.2,0.415536,1.0,0.988317,0.98598,0.5,0.5,0,0.728995
civilization_recursive_gv,88,0.2,0.407569,0.995207,0.995521,0.995145,0.5,0.5,0,0.729158
civilization_recursive_gv,89,0.2,0.406708,0.996903,1.0,0.996284,0.5,0.5,0,0.73019
civilization_recursive_gv,90,0.2,0.403937,1.0,1.0,1.0,0.5,0.5,0,0.730787
civilization_recursive_gv,91,0.2,0.405676,1.0,0.984721,0.981665,0.5,0.5,0,0.725757
civilization_recursive_gv,92,0.2,0.403496,0.990148,0.985625,0.98472,0.5,0.5,0,0.724181
civilization_recursive_gv,93,0.2,0.404104,0.988324,0.979885,0.978197,0.5,0.5,0,0.722012
civilization_recursive_gv,94,0.2,0.399378,0.993795,0.981827,0.979433,0.5,0.5,0,0.72256
civilization_recursive_gv,95,0.2,0.39186,0.991719,0.98674,0.985744,0.5,0.5,0,0.722479
civilization_recursive_gv,96,0.2,0.388842,0.976274,0.983049,0.974919,0.5,0.5,0,0.716773
civilization_recursive_gv,97,0.2,0.382386,0.974436,0.988406,0.971642,0.5,0.5,0,0.715483
civilization_recursive_gv,98,0.2,0.391103,0.966076,0.986889,0.961913,0.5,0.5,0,0.713923
civilization_recursive_gv,99,0.2,0.388491,0.960718,0.99493,0.953875,0.5,0.5,0,0.712436
civilization_recursive_gv,100,0.2,0.397409,0.959202,0.988949,0.953253,0.5,0.5,0,0.712891
civilization_recursive_gv,101,0.2,0.400333,0.971165,0.991721,0.967054,0.5,0.5,0,0.71828
civilization_recursive_gv,102,0.2,0.399623,0.971756,1.0,0.966107,0.5,0.5,0,0.719418
civilization_recursive_gv,103,0.2,0.402502,0.973177,1.0,0.967812,0.5,0.5,0,0.720522
civilization_recursive_gv,104,0.2,0.399997,0.968836,1.0,0.962604,0.5,0.5,0,0.718406
civilization_recursive_gv,105,0.2,0.408386,0.979555,1.0,0.975466,0.5,0.5,0,0.724072
civilization_recursive_gv,106,0.2,0.434788,0.981349,0.993457,0.978927,0.5,0.5,0,0.729182
civilization_recursive_gv,107,0.2,0.448002,0.974088,0.989119,0.971081,0.5,0.5,0,0.728568
civilization_recursive_gv,108,0.2,0.446629,0.974126,0.995853,0.96978,0.5,0.5,0,0.72917
civilization_recursive_gv,109,0.2,0.43568,0.966491,0.999455,0.959898,0.5,0.5,0,0.724601
civilization_recursive_gv,110,0.2,0.43094,0.960443,0.997847,0.952962,0.5,0.5,0,0.721197
civilization_recursive_gv,111,0.2,0.425053,0.957535,0.990762,0.95089,0.5,0.5,0,0.718031
civilization_recursive_gv,112,0.2,0.428558,0.971372,0.992318,0.967183,0.5,0.5,0,0.724079
civilization_recursive_gv,113,0.2,0.436261,0.976323,0.989059,0.973775,0.5,0.5,0,0.727044
civilization_recursive_gv,114,0.2,0.436866,0.97838,0.992663,0.975524,0.5,0.5,0,0.728391
civilization_recursive_gv,115,0.2,0.449869,0.975425,0.997561,0.970997,0.5,0.5,0,0.73052
civilization_recursive_gv,116,0.2,0.458531,0.974798,0.995524,0.970653,0.5,0.5,0,0.731758
civilization_recursive_gv,117,0.2,0.462195,0.970557,1.0,0.964668,0.5,0.5,0,0.731486
civilization_recursive_gv,118,0.2,0.462401,0.968542,1.0,0.962251,0.5,0.5,0,0.730778
civilization_recursive_gv,119,0.2,0.450449,0.971646,1.0,0.965975,0.5,0.5,0,0.729542
civilization_recursive_gv,120,0.2,0.452818,0.976579,1.0,0.971895,0.5,0.5,0,0.731851
civilization_recursive_gv,121,0.2,0.450998,0.970972,0.989202,0.967326,0.5,0.5,0,0.728019
civilization_recursive_gv,122,0.2,0.457422,0.978767,0.985142,0.977492,0.5,0.5,0,0.731684
civilization_recursive_gv,123,0.2,0.446201,0.974123,0.986299,0.971688,0.5,0.5,0,0.72786
civilization_recursive_gv,124,0.2,0.460433,0.973381,0.981475,0.971763,0.5,0.5,0,0.729813
civilization_recursive_gv,125,0.2,0.45573,0.987426,0.986516,0.986334,0.5,0.5,0,0.734539
civilization_recursive_gv,126,0.2,0.454618,0.987756,0.991076,0.987092,0.5,0.5,0,0.735227
civilization_recursive_gv,127,0.2,0.453088,0.984038,0.988632,0.983119,0.5,0.5,0,0.733225
civilization_recursive_gv,128,0.2,0.447314,0.986185,0.990646,0.985293,0.5,0.5,0,0.733126
civilization_recursive_gv,129,0.2,0.441494,0.987188,0.987869,0.987051,0.5,0.5,0,0.73198
civilization_recursive_gv,130,0.2,0.451079,0.980016,1.0,0.976019,0.5,0.5,0,0.732782
civilization_recursive_gv,131,0.2,0.455174,0.976039,1.0,0.971247,0.5,0.5,0,0.732121
civilization_recursive_gv,132,0.2,0.452821,0.973233,0.998389,0.968202,0.5,0.5,0,0.730401
civilization_recursive_gv,133,0.2,0.455004,0.973717,0.994164,0.969627,0.5,0.5,0,0.730476
civilization_recursive_gv,134,0.2,0.452117,0.977188,0.998295,0.972966,0.5,0.5,0,0.731719
civilization_recursive_gv,135,0.2,0.452905,0.980105,0.99733,0.97666,0.5,0.5,0,0.732838
civilization_recursive_gv,136,0.2,0.451978,0.97839,0.991168,0.975835,0.5,0.5,0,0.731226
civilization_recursive_gv,137,0.2,0.453858,0.972174,0.987142,0.969181,0.5,0.5,0,0.728775
civilization_recursive_gv,138,0.2,0.441837,0.971827,0.980491,0.970094,0.5,0.5,0,0.72539
civilization_recursive_gv,139,0.2,0.441055,0.966662,0.984462,0.963102,0.5,0.5,0,0.72382
civilization_recursive_gv,140,0.2,0.448588,0.97371,0.976603,0.973131,0.5,0.5,0,0.726943
civilization_recursive_gv,141,0.2,0.453128,0.979647,0.987755,0.978025,0.5,0.5,0,0.731487
civilization_recursive_gv,142,0.2,0.461099,0.995998,0.988663,0.987196,0.5,0.5,0,0.737637
civilization_recursive_gv,143,0.2,0.463318,0.990615,0.989375,0.989127,0.5,0.5,0,0.737535
civilization_recursive_gv,144,0.2,0.459882,0.990177,0.99536,0.98914,0.5,0.5,0,0.737728
civilization_recursive_gv,145,0.2,0.452973,1.0,0.996375,0.99565,0.5,0.5,0,0.739319
civilization_recursive_gv,146,0.2,0.440832,0.99628,1.0,0.995536,0.5,0.5,0,0.736782
civilization_recursive_gv,147,0.2,0.442494,0.997743,0.991341,0.99006,0.5,0.5,0,0.735117
civilization_recursive_gv,148,0.2,0.454561,1.0,0.990823,0.988988,0.5,0.5,0,0.737682
civilization_recursive_gv,149,0.2,0.445288,0.99417,1.0,0.993004,0.5,0.5,0,0.736889
civilization_recursive_gv,150,0.2,0.443777,0.993995,0.99516,0.993762,0.5,0.5,0,0.735902
civilization_recursive_gv,151,0.2,0.446156,0.994277,0.988332,0.987143,0.5,0.5,0,0.734277
civilization_recursive_gv,152,0.2,0.44272,0.988515,0.996248,0.986969,0.5,0.5,0,0.733791
civilization_recursive_gv,153,0.2,0.459061,0.992726,0.994756,0.99232,0.5,0.5,0,0.738435
civilization_recursive_gv,154,0.2,0.463106,0.990401,1.0,0.988481,0.5,0.5,0,0.73905
civilization_recursive_gv,155,0.2,0.46154,0.995467,0.994929,0.994822,0.5,0.5,0,0.739852
civilization_recursive_gv,156,0.2,0.467089,1.0,0.987302,0.984763,0.5,0.5,0,0.738948
civilization_recursive_gv,157,0.2,0.460321,0.990775,0.978847,0.976461,0.5,0.5,0,0.733253
civilization_recursive_gv,158,0.2,0.470989,0.989151,0.979606,0.977697,0.5,0.5,0,0.735414
civilization_recursive_gv,159,0.2,0.476857,1.0,0.974831,0.969797,0.5,0.5,0,0.736512
civilization_recursive_gv,160,0.95,0.654572,0.977917,0.953509,0.948627,0.595,0.576,1,0.786931
civilization_recursive_gv,161,0.2,0.670229,0.981634,0.958011,0.953286,0.53,0.525,1,0.774797
civilization_recursive_gv,162,0.2,0.677742,0.976389,0.959798,0.95648,0.53,0.525,1,0.776153
civilization_recursive_gv,163,0.2,0.658508,0.978426,0.962513,0.959331,0.53,0.525,1,0.773563
civilization_recursive_gv,164,0.2,0.657672,0.979556,0.962014,0.958505,0.53,0.525,1,0.773388
civilization_recursive_gv,165,0.2,0.654571,0.992243,0.961527,0.955384,0.53,0.525,1,0.774474
civilization_recursive_gv,166,0.2,0.650019,0.998051,0.966967,0.96075,0.53,0.525,1,0.776338
civilization_recursive_gv,167,0.2,0.6426,0.993589,0.977976,0.974853,0.53,0.525,1,0.778069
civilization_recursive_gv,168,0.2,0.648528,0.988094,0.984621,0.983926,0.53,0.525,1,0.78078
civilization_recursive_gv,169,0.2,0.641622,0.984142,0.981713,0.981227,0.53,0.525,1,0.77779
civilization_recursive_gv,170,0.2,0.642977,0.977999,0.982039,0.977191,0.53,0.525,1,0.776362
civilization_recursive_gv,171,0.2,0.648926,0.983554,0.98238,0.982145,0.53,0.525,1,0.779399
civilization_recursive_gv,172,0.2,0.663743,0.983053,0.977191,0.976018,0.53,0.525,1,0.780461
civilization_recursive_gv,173,0.2,0.655481,0.982247,0.974212,0.972606,0.53,0.525,1,0.777642
civilization_recursive_gv,174,0.2,0.654281,0.988126,0.981543,0.980226,0.53,0.525,1,0.780852
civilization_recursive_gv,175,0.2,0.657772,0.9869,0.967894,0.964093,0.53,0.525,1,0.776564
civilization_recursive_gv,176,0.2,0.640337,0.975714,0.967791,0.966206,0.53,0.525,1,0.771385
civilization_recursive_gv,177,0.2,0.637528,0.985582,0.971433,0.968603,0.53,0.525,1,0.773566
civilization_recursive_gv,178,0.2,0.649419,0.995362,0.97528,0.971263,0.53,0.525,1,0.778746
civilization_recursive_gv,179,0.2,0.645817,0.986807,0.975693,0.97347,0.53,0.525,1,0.776905
civilization_recursive_gv,180,0.2,0.643984,0.988727,0.964447,0.959591,0.53,0.525,1,0.772864
civilization_recursive_gv,181,0.2,0.640729,0.988716,0.962443,0.957189,0.53,0.525,1,0.771506
civilization_recursive_gv,182,0.2,0.63588,0.980324,0.960249,0.956234,0.53,0.525,1,0.768522
civilization_recursive_gv,183,0.2,0.634197,0.981526,0.963836,0.960297,0.53,0.525,1,0.769625
civilization_recursive_gv,184,0.2,0.629928,0.97257,0.972442,0.972416,0.53,0.525,1,0.770476
civilization_recursive_gv,185,0.2,0.623091,0.974977,0.979594,0.974054,0.53,0.525,1,0.770948
civilization_recursive_gv,186,0.2,0.625896,0.982011,0.972887,0.971062,0.53,0.525,1,0.771223
civilization_recursive_gv,187,0.2,0.624016,0.984552,0.983286,0.983033,0.53,0.525,1,0.774884
civilization_recursive_gv,188,0.2,0.617314,0.977389,0.993612,0.974144,0.53,0.525,1,0.772484
civilization_recursive_gv,189,0.2,0.621699,0.975937,0.995392,0.972046,0.53,0.525,1,0.773048
civilization_recursive_gv,190,0.2,0.625596,0.969537,0.993361,0.964772,0.53,0.525,1,0.771187
civilization_recursive_gv,191,0.2,0.600337,0.968279,0.988147,0.964306,0.53,0.525,1,0.765
civilization_recursive_gv,192,0.2,0.601151,0.979743,0.990295,0.977633,0.53,0.525,1,0.769702
civilization_recursive_gv,193,0.2,0.605916,0.985521,0.993283,0.983969,0.53,0.525,1,0.773187
civilization_recursive_gv,194,0.2,0.612406,0.971352,1.0,0.965622,0.53,0.525,1,0.770074
civilization_recursive_gv,195,0.2,0.614943,0.963647,1.0,0.956377,0.53,0.525,1,0.767715
civilization_recursive_gv,196,0.2,0.620014,0.956932,1.0,0.948318,0.53,0.525,1,0.766231
civilization_recursive_gv,197,0.2,0.621366,0.945361,0.999753,0.934483,0.53,0.525,1,0.762166
civilization_recursive_gv,198,0.2,0.631263,0.944284,1.0,0.933141,0.53,0.525,1,0.763776
civilization_recursive_gv,199,0.2,0.629808,0.944217,1.0,0.933061,0.53,0.525,1,0.76346
civilization_recursive_gv,200,0.2,0.636385,0.947324,1.0,0.936789,0.53,0.525,1,0.765932
civilization_recursive_gv,201,0.2,0.640296,0.958396,0.98992,0.952091,0.53,0.525,1,0.769542
civilization_recursive_gv,202,0.2,0.64651,0.968286,0.994548,0.963034,0.53,0.525,1,0.775057
civilization_recursive_gv,203,0.2,0.650751,0.964732,0.992368,0.959205,0.53,0.525,1,0.774304
civilization_recursive_gv,204,0.2,0.663447,0.968385,0.987077,0.964647,0.53,0.525,1,0.777525
civilization_recursive_gv,205,0.2,0.673522,0.975196,0.98186,0.973863,0.53,0.525,1,0.781405
civilization_recursive_gv,206,0.2,0.682451,0.978238,0.977029,0.976787,0.53,0.525,1,0.783434
civilization_recursive_gv,207,0.2,0.690853,0.985507,0.988118,0.984985,0.53,0.525,1,0.789508
civilization_recursive_gv,208,0.2,0.70565,0.994173,0.997236,0.99356,0.53,0.525,1,0.796858
civilization_recursive_gv,209,0.2,0.696135,1.0,0.997688,0.997226,0.53,0.525,1,0.796663
civilization_recursive_gv,210,0.2,0.692533,1.0,0.983081,0.979697,0.53,0.525,1,0.790801
civilization_recursive_gv,211,0.2,0.692546,1.0,0.98997,0.987964,0.53,0.525,1,0.793228
civilization_recursive_gv,212,0.2,0.698625,1.0,1.0,1.0,0.53,0.525,1,0.797975
civilization_recursive_gv,213,0.2,0.695749,0.992369,1.0,0.990843,0.53,0.525,1,0.794561
civilization_recursive_gv,214,0.2,0.696373,0.982857,0.994413,0.980545,0.53,0.525,1,0.790432
civilization_recursive_gv,215,0.2,0.700004,0.971641,0.998359,0.966298,0.53,0.525,1,0.787491
civilization_recursive_gv,216,0.2,0.711636,0.973658,0.995623,0.969265,0.53,0.525,1,0.790218
civilization_recursive_gv,217,0.2,0.715264,0.982319,0.996224,0.979538,0.53,0.525,1,0.794242
civilization_recursive_gv,218,0.2,0.713782,0.984374,1.0,0.981249,0.53,0.525,1,0.795194
civilization_recursive_gv,219,0.2,0.719766,0.979514,0.9876,0.977896,0.53,0.525,1,0.792995
civilization_recursive_gv,220,0.2,0.723529,0.979406,0.978959,0.978869,0.53,0.525,1,0.792501
civilization_recursive_gv,221,0.2,0.72646,0.97463,0.971406,0.970761,0.53,0.525,1,0.789722
civilization_recursive_gv,222,0.2,0.732483,0.977815,0.966893,0.964708,0.53,0.525,1,0.789809
civilization_recursive_gv,223,0.2,0.74038,0.971378,0.968166,0.967523,0.53,0.525,1,0.790884
civilization_recursive_gv,224,0.2,0.730981,0.979084,0.97874,0.978671,0.53,0.525,1,0.793867
civilization_recursive_gv,225,0.2,0.729036,0.985847,0.978197,0.976668,0.53,0.525,1,0.794288
civilization_recursive_gv,226,0.2,0.729046,0.989052,0.983227,0.982062,0.53,0.525,1,0.796535
civilization_recursive_gv,227,0.2,0.727688,0.995209,0.983319,0.980942,0.53,0.525,1,0.797207
civilization_recursive_gv,228,0.2,0.738389,0.994053,0.990317,0.98957,0.53,0.525,1,0.801639
civilization_recursive_gv,229,0.2,0.738221,0.997272,0.990056,0.988612,0.53,0.525,1,0.80199
civilization_recursive_gv,230,0.2,0.719926,1.0,0.991812,0.990175,0.53,0.525,1,0.799353
civilization_recursive_gv,231,0.2,0.728156,1.0,0.990106,0.988127,0.53,0.525,1,0.800398
civilization_recursive_gv,232,0.2,0.740416,1.0,1.0,1.0,0.53,0.525,1,0.806333
civilization_recursive_gv,233,0.2,0.728361,1.0,0.995088,0.994105,0.53,0.525,1,0.802193
civilization_recursive_gv,234,0.2,0.73986,1.0,1.0,1.0,0.53,0.525,1,0.806222
civilization_recursive_gv,235,0.2,0.727385,1.0,0.991003,0.989203,0.53,0.525,1,0.80056
civilization_recursive_gv,236,0.2,0.733542,0.999542,0.993898,0.992769,0.53,0.525,1,0.802743
civilization_recursive_gv,237,0.2,0.732723,1.0,1.0,1.0,0.53,0.525,1,0.804795
civilization_recursive_gv,238,0.2,0.728723,1.0,0.987865,0.985438,0.53,0.525,1,0.799723
civilization_recursive_gv,239,0.2,0.735439,0.99503,0.994035,0.993836,0.53,0.525,1,0.802503
civilization_recursive_gv,240,0.2,0.731874,1.0,0.987682,0.985218,0.53,0.525,1,0.800289
civilization_recursive_gv,241,0.2,0.716815,1.0,0.988278,0.985933,0.53,0.525,1,0.797487
civilization_recursive_gv,242,0.2,0.720732,0.999523,0.994922,0.994002,0.53,0.525,1,0.800538
civilization_recursive_gv,243,0.2,0.725153,1.0,0.992226,0.990672,0.53,0.525,1,0.800544
civilization_recursive_gv,244,0.2,0.727939,0.99896,0.999105,0.998931,0.53,0.525,1,0.803336
civilization_recursive_gv,245,0.2,0.731747,0.990572,1.0,0.988686,0.53,0.525,1,0.801092
civilization_recursive_gv,246,0.2,0.724206,1.0,1.0,1.0,0.53,0.525,1,0.803091
civilization_recursive_gv,247,0.2,0.728642,0.999441,0.998322,0.998099,0.53,0.525,1,0.803305
civilization_recursive_gv,248,0.2,0.738502,0.999047,1.0,0.998856,0.53,0.525,1,0.805596
civilization_recursive_gv,249,0.2,0.72815,0.988744,0.989873,0.988518,0.53,0.525,1,0.798396
civilization_recursive_gv,250,0.2,0.727093,0.993143,0.989975,0.989342,0.53,0.525,1,0.799125
civilization_recursive_gv,251,0.2,0.728253,0.993409,0.986781,0.985455,0.53,0.525,1,0.798272
civilization_recursive_gv,252,0.2,0.716801,0.995395,0.986048,0.984178,0.53,0.525,1,0.796017
civilization_recursive_gv,253,0.2,0.717434,0.995571,0.984825,0.982675,0.53,0.525,1,0.79574
civilization_recursive_gv,254,0.2,0.718253,1.0,0.986868,0.984241,0.53,0.525,1,0.797278
civilization_recursive_gv,255,0.2,0.717891,1.0,0.983692,0.98043,0.53,0.525,1,0.796088
civilization_recursive_gv,256,0.2,0.718756,1.0,0.986233,0.983479,0.53,0.525,1,0.797155
civilization_recursive_gv,257,0.2,0.720315,1.0,0.98914,0.986968,0.53,0.525,1,0.79849
civilization_recursive_gv,258,0.2,0.721514,1.0,0.985077,0.982092,0.53,0.525,1,0.7973
civilization_recursive_gv,259,0.2,0.71668,1.0,0.983893,0.980672,0.53,0.525,1,0.795916
civilization_recursive_gv,260,0.2,0.715601,0.995264,0.982698,0.980185,0.53,0.525,1,0.794579
civilization_recursive_gv,261,0.2,0.720139,0.987659,0.989738,0.987244,0.53,0.525,1,0.796374
civilization_recursive_gv,262,0.2,0.726886,0.991311,0.993713,0.990831,0.53,0.525,1,0.79959
civilization_recursive_gv,263,0.2,0.721057,0.995211,1.0,0.994253,0.53,0.525,1,0.80068
civilization_recursive_gv,264,0.2,0.715891,0.993617,1.0,0.99234,0.53,0.525,1,0.799054
civilization_recursive_gv,265,0.2,0.721102,0.985339,1.0,0.982407,0.53,0.525,1,0.797017
civilization_recursive_gv,266,0.2,0.737208,0.989748,0.998171,0.988063,0.53,0.525,1,0.801644
civilization_recursive_gv,267,0.2,0.739919,0.989843,1.0,0.987811,0.53,0.525,1,0.802455
civilization_recursive_gv,268,0.2,0.756886,0.997766,0.998779,0.997563,0.53,0.525,1,0.80864
civilization_recursive_gv,269,0.2,0.751421,0.99906,0.991153,0.989572,0.53,0.525,1,0.805281
civilization_recursive_gv,270,0.2,0.739042,0.990442,0.987584,0.987012,0.53,0.525,1,0.800273
civilization_recursive_gv,271,0.2,0.74748,0.991433,0.994032,0.990913,0.53,0.525,1,0.803795
civilization_recursive_gv,272,0.2,0.75166,1.0,0.992714,0.991257,0.53,0.525,1,0.806017
civilization_recursive_gv,273,0.2,0.756223,1.0,0.993573,0.992288,0.53,0.525,1,0.807232
civilization_recursive_gv,274,0.2,0.755413,1.0,0.995994,0.995193,0.53,0.525,1,0.807923
civilization_recursive_gv,275,0.2,0.753906,1.0,0.99832,0.997984,0.53,0.525,1,0.80844
civilization_recursive_gv,276,0.2,0.75893,1.0,1.0,1.0,0.53,0.525,1,0.810036
civilization_recursive_gv,277,0.2,0.747745,0.985045,1.0,0.982054,0.53,0.525,1,0.802236
civilization_recursive_gv,278,0.2,0.748372,0.989615,1.0,0.987538,0.53,0.525,1,0.804061
civilization_recursive_gv,279,0.2,0.75687,0.984575,0.995459,0.982398,0.53,0.525,1,0.803305
civilization_recursive_gv,280,0.2,0.762738,0.991643,1.0,0.989971,0.53,0.525,1,0.807689
civilization_recursive_gv,281,0.2,0.762306,0.988483,0.995048,0.98717,0.53,0.525,1,0.805793
civilization_recursive_gv,282,0.2,0.755283,0.99933,0.987367,0.984975,0.53,0.525,1,0.804761
civilization_recursive_gv,283,0.2,0.740593,1.0,0.987694,0.985233,0.53,0.525,1,0.802037
civilization_recursive_gv,284,0.2,0.733931,1.0,0.98476,0.981711,0.53,0.525,1,0.799672
civilization_recursive_gv,285,0.2,0.750391,1.0,0.988368,0.986042,0.53,0.525,1,0.804234
civilization_recursive_gv,286,0.2,0.744915,0.999862,1.0,0.999835,0.53,0.525,1,0.807182
civilization_recursive_gv,287,0.2,0.748607,0.994896,0.983468,0.981183,0.53,0.525,1,0.801397
civilization_recursive_gv,288,0.2,0.768452,0.998606,0.99376,0.992791,0.53,0.525,1,0.809538
civilization_recursive_gv,289,0.2,0.750398,0.991991,0.996311,0.991127,0.53,0.525,1,0.804878
civilization_recursive_gv,290,0.2,0.751114,0.989026,1.0,0.986831,0.53,0.525,1,0.80439
civilization_recursive_gv,291,0.2,0.754377,0.990494,0.997789,0.989035,0.53,0.525,1,0.805306
civilization_recursive_gv,292,0.2,0.751758,1.0,1.0,1.0,0.53,0.525,1,0.808602
civilization_recursive_gv,293,0.2,0.746266,0.991374,1.0,0.989649,0.53,0.525,1,0.804294
civilization_recursive_gv,294,0.2,0.748164,0.989384,0.991216,0.989017,0.53,0.525,1,0.802809
civilization_recursive_gv,295,0.2,0.758454,0.985596,0.986878,0.985339,0.53,0.525,1,0.802903
civilization_recursive_gv,296,0.2,0.754119,0.996659,0.986578,0.984562,0.53,0.525,1,0.803855
civilization_recursive_gv,297,0.2,0.75528,0.994429,0.993698,0.993551,0.53,0.525,1,0.806263
civilization_recursive_gv,298,0.2,0.764784,0.995687,0.99113,0.990218,0.53,0.525,1,0.807446
civilization_recursive_gv,299,0.2,0.762179,1.0,0.997383,0.996859,0.53,0.525,1,0.809764
civilization_recursive_gv,300,0.2,0.755567,1.0,0.998274,0.997928,0.53,0.525,1,0.808756
civilization_recursive_gv,301,0.2,0.768764,0.99694,0.996407,0.9963,0.53,0.525,1,0.810285
civilization_recursive_gv,302,0.2,0.759032,0.998917,0.99193,0.990532,0.53,0.525,1,0.807055
civilization_recursive_gv,303,0.2,0.754196,0.995424,0.987114,0.985452,0.53,0.525,1,0.803876
civilization_recursive_gv,304,0.2,0.753751,0.995836,1.0,0.995003,0.53,0.525,1,0.807451
civilization_recursive_gv,305,0.2,0.759391,1.0,0.999623,0.999547,0.53,0.525,1,0.809995
civilization_recursive_gv,306,0.2,0.760357,1.0,0.996114,0.995337,0.53,0.525,1,0.808953
civilization_recursive_gv,307,0.2,0.761292,0.988169,1.0,0.985802,0.53,0.525,1,0.806107
civilization_recursive_gv,308,0.2,0.763455,0.992481,1.0,0.990977,0.53,0.525,1,0.808144
civilization_recursive_gv,309,0.2,0.771681,0.990125,1.0,0.98815,0.53,0.525,1,0.808913
civilization_recursive_gv,310,0.2,0.779746,0.989321,1.0,0.987186,0.53,0.525,1,0.810227
civilization_recursive_gv,311,0.2,0.789867,0.99337,1.0,0.992044,0.53,0.525,1,0.813757
civilization_recursive_gv,312,0.2,0.785331,0.978032,1.0,0.973639,0.53,0.525,1,0.807144
civilization_recursive_gv,313,0.2,0.795488,0.980736,1.0,0.976883,0.53,0.525,1,0.810181
civilization_recursive_gv,314,0.2,0.77657,0.984945,0.997938,0.982347,0.53,0.525,1,0.8077
civilization_recursive_gv,315,0.2,0.7821,0.98897,0.99636,0.987491,0.53,0.525,1,0.810101
civilization_recursive_gv,316,0.2,0.779437,0.978468,0.992916,0.975578,0.53,0.525,1,0.805221
civilization_recursive_gv,317,0.2,0.768735,0.979748,0.996312,0.976436,0.53,0.525,1,0.803991
civilization_recursive_gv,318,0.2,0.765545,0.974611,0.994508,0.970631,0.53,0.525,1,0.801211
civilization_recursive_gv,319,0.2,0.765842,0.966167,0.998865,0.959627,0.53,0.525,1,0.798687
civilization_recursive_gv,320,0.95,0.772652,0.972404,1.0,0.966884,0.53,0.525,1,0.802515
civilization_recursive_gv,321,0.2,0.756919,0.970192,1.0,0.96423,0.53,0.525,1,0.798545
civilization_recursive_gv,322,0.2,0.772507,0.981223,1.0,0.977467,0.53,0.525,1,0.805766
civilization_recursive_gv,323,0.2,0.765639,0.978875,0.997551,0.97514,0.53,0.525,1,0.803206
civilization_recursive_gv,324,0.2,0.759092,0.981855,1.0,0.978226,0.53,0.525,1,0.803318
civilization_recursive_gv,325,0.2,0.757313,0.988429,1.0,0.986115,0.53,0.525,1,0.805408
civilization_recursive_gv,326,0.2,0.757288,0.987542,1.0,0.98505,0.53,0.525,1,0.805073
civilization_recursive_gv,327,0.2,0.752261,0.983217,1.0,0.97986,0.53,0.525,1,0.802459
civilization_recursive_gv,328,0.2,0.750556,0.976878,1.0,0.972254,0.53,0.525,1,0.79976
civilization_recursive_gv,329,0.2,0.735457,0.98554,0.998746,0.982899,0.53,0.525,1,0.799802
civilization_recursive_gv,330,0.2,0.745362,0.995845,1.0,0.995015,0.53,0.525,1,0.805777
civilization_recursive_gv,331,0.2,0.735157,0.9838,1.0,0.98056,0.53,0.525,1,0.799255
civilization_recursive_gv,332,0.2,0.72944,0.982619,0.996656,0.979811,0.53,0.525,1,0.797244
civilization_recursive_gv,333,0.2,0.73884,0.984398,0.995372,0.982204,0.53,0.525,1,0.799622
civilization_recursive_gv,334,0.2,0.728164,0.988107,0.989203,0.987888,0.53,0.525,1,0.798077
civilization_recursive_gv,335,0.2,0.730154,0.993496,0.987927,0.986813,0.53,0.525,1,0.799068
civilization_recursive_gv,336,0.2,0.728721,0.987192,0.992047,0.986221,0.53,0.525,1,0.798212
civilization_recursive_gv,337,0.2,0.733002,0.98712,0.991104,0.986324,0.53,0.525,1,0.798921
civilization_recursive_gv,338,0.2,0.741977,0.995957,0.99358,0.993105,0.53,0.525,1,0.803787
civilization_recursive_gv,339,0.2,0.739448,0.994861,1.0,0.993833,0.53,0.525,1,0.804228
civilization_recursive_gv,340,0.2,0.737924,0.988722,0.998776,0.986711,0.53,0.525,1,0.801483
civilization_recursive_gv,341,0.2,0.75252,0.993587,0.994214,0.993462,0.53,0.525,1,0.805628
civilization_recursive_gv,342,0.2,0.747094,0.990407,0.99337,0.989815,0.53,0.525,1,0.803252
civilization_recursive_gv,343,0.2,0.740162,1.0,0.987889,0.985467,0.53,0.525,1,0.802019
civilization_recursive_gv,344,0.2,0.754468,1.0,0.987122,0.984546,0.53,0.525,1,0.804611
civilization_recursive_gv,345,0.2,0.758521,1.0,0.979691,0.975629,0.53,0.525,1,0.802805
civilization_recursive_gv,346,0.2,0.752563,1.0,0.991372,0.989646,0.53,0.525,1,0.805725
civilization_recursive_gv,347,0.2,0.745699,1.0,0.994238,0.993086,0.53,0.525,1,0.805362
civilization_recursive_gv,348,0.2,0.726283,1.0,1.0,1.0,0.53,0.525,1,0.803507
civilization_recursive_gv,349,0.2,0.721335,1.0,1.0,1.0,0.53,0.525,1,0.802517
civilization_recursive_gv,350,0.2,0.725802,0.999324,1.0,0.999188,0.53,0.525,1,0.803159
civilization_recursive_gv,351,0.2,0.729348,1.0,1.0,1.0,0.53,0.525,1,0.80412
civilization_recursive_gv,352,0.2,0.723765,1.0,0.995621,0.994745,0.53,0.525,1,0.801462
civilization_recursive_gv,353,0.2,0.734867,0.999106,0.984764,0.981895,0.53,0.525,1,0.799728
civilization_recursive_gv,354,0.2,0.736132,0.999368,0.988511,0.98634,0.53,0.525,1,0.801339
civilization_recursive_gv,355,0.2,0.735821,0.992227,0.986175,0.984964,0.53,0.525,1,0.799397
civilization_recursive_gv,356,0.2,0.734341,0.996584,0.988973,0.98745,0.53,0.525,1,0.800731
civilization_recursive_gv,357,0.2,0.732068,1.0,0.993307,0.991969,0.53,0.525,1,0.802308
civilization_recursive_gv,358,0.2,0.737695,0.995945,0.980836,0.977814,0.53,0.525,1,0.798443
civilization_recursive_gv,359,0.2,0.744474,0.996536,0.980532,0.977331,0.53,0.525,1,0.799779
civilization_recursive_gv,360,0.2,0.729628,1.0,0.97981,0.975772,0.53,0.525,1,0.797069
civilization_recursive_gv,361,0.2,0.725055,1.0,0.985643,0.982772,0.53,0.525,1,0.798207
civilization_recursive_gv,362,0.2,0.735171,0.99913,0.982368,0.979016,0.53,0.525,1,0.798949
civilization_recursive_gv,363,0.2,0.729705,0.991228,0.987501,0.986755,0.53,0.525,1,0.798493
civilization_recursive_gv,364,0.2,0.735442,0.993188,0.991129,0.990718,0.53,0.525,1,0.801208
civilization_recursive_gv,365,0.2,0.729308,0.996788,0.98372,0.981106,0.53,0.525,1,0.797906
civilization_recursive_gv,366,0.2,0.718983,0.996973,0.993819,0.993189,0.53,0.525,1,0.799423
civilization_recursive_gv,367,0.2,0.704977,1.0,1.0,1.0,0.53,0.525,1,0.799245
civilization_recursive_gv,368,0.2,0.709577,0.991813,1.0,0.990176,0.53,0.525,1,0.79712
civilization_recursive_gv,369,0.2,0.70888,0.998293,0.994962,0.994296,0.53,0.525,1,0.798
civilization_recursive_gv,370,0.2,0.689764,0.992637,0.995062,0.992152,0.53,0.525,1,0.792832
civilization_recursive_gv,371,0.2,0.680159,0.989838,0.997173,0.988371,0.53,0.525,1,0.79014
civilization_recursive_gv,372,0.2,0.681446,0.994504,0.99519,0.994367,0.53,0.525,1,0.791879
civilization_recursive_gv,373,0.2,0.674332,1.0,1.0,1.0,0.53,0.525,1,0.793116
civilization_recursive_gv,374,0.2,0.672818,1.0,1.0,1.0,0.53,0.525,1,0.792814
civilization_recursive_gv,375,0.2,0.662893,1.0,0.987301,0.984761,0.53,0.525,1,0.786359
civilization_recursive_gv,376,0.2,0.675324,0.991494,0.978048,0.975359,0.53,0.525,1,0.784329
civilization_recursive_gv,377,0.2,0.687224,0.993676,0.967213,0.961921,0.53,0.525,1,0.783218
civilization_recursive_gv,378,0.2,0.688806,0.986772,0.968919,0.965348,0.53,0.525,1,0.783113
civilization_recursive_gv,379,0.2,0.685688,0.998017,0.973301,0.968357,0.53,0.525,1,0.785696
civilization_recursive_gv,380,0.2,0.693852,0.99717,0.972855,0.967992,0.53,0.525,1,0.787047
civilization_recursive_gv,381,0.2,0.700101,0.993345,0.983938,0.982057,0.53,0.525,1,0.791631
civilization_recursive_gv,382,0.2,0.702617,0.99215,0.981667,0.97957,0.53,0.525,1,0.791158
civilization_recursive_gv,383,0.2,0.699904,0.990533,0.978177,0.975706,0.53,0.525,1,0.789148
civilization_recursive_gv,384,0.2,0.699894,0.984074,0.97622,0.974649,0.53,0.525,1,0.787501
civilization_recursive_gv,385,0.2,0.70891,0.984648,0.977216,0.97573,0.53,0.525,1,0.78974
civilization_recursive_gv,386,0.2,0.70569,0.979545,0.968491,0.966281,0.53,0.525,1,0.78527
civilization_recursive_gv,387,0.2,0.713723,0.97755,0.967266,0.965209,0.53,0.525,1,0.78615
civilization_recursive_gv,388,0.2,0.72448,0.972586,0.969812,0.969257,0.53,0.525,1,0.788463
civilization_recursive_gv,389,0.2,0.725824,0.974793,0.97097,0.970206,0.53,0.525,1,0.789466
civilization_recursive_gv,390,0.2,0.72639,0.985939,0.972021,0.969237,0.53,0.525,1,0.791598
civilization_recursive_gv,391,0.2,0.732296,0.988672,0.972972,0.969832,0.53,0.525,1,0.793519
civilization_recursive_gv,392,0.2,0.716179,0.977296,0.983587,0.976038,0.53,0.525,1,0.790939
civilization_recursive_gv,393,0.2,0.724704,0.968291,0.977749,0.9664,0.53,0.525,1,0.788547
civilization_recursive_gv,394,0.2,0.724684,0.972373,0.978268,0.971195,0.53,0.525,1,0.790128
civilization_recursive_gv,395,0.2,0.720044,0.965955,0.98727,0.961692,0.53,0.525,1,0.787965
civilization_recursive_gv,396,0.2,0.712534,0.96025,0.985528,0.955195,0.53,0.525,1,0.784117
civilization_recursive_gv,397,0.2,0.71188,0.96432,0.985623,0.96006,0.53,0.525,1,0.785513
civilization_recursive_gv,398,0.2,0.731984,0.962133,0.995851,0.955389,0.53,0.525,1,0.790029
civilization_recursive_gv,399,0.2,0.736817,0.951598,0.996149,0.942688,0.53,0.525,1,0.787115
civilization_recursive_gv,400,0.95,0.911778,0.924343,0.976388,0.913934,0.625,0.601,2,0.835089
civilization_recursive_gv,401,0.2,0.921938,0.924092,0.970669,0.914777,0.56,0.55,2,0.818896
civilization_recursive_gv,402,0.2,0.936787,0.926558,0.974174,0.917035,0.56,0.55,2,0.823231
civilization_recursive_gv,403,0.2,0.933559,0.932491,0.974235,0.924142,0.56,0.55,2,0.824801
civilization_recursive_gv,404,0.2,0.938419,0.936399,0.978278,0.928023,0.56,0.55,2,0.827744
civilization_recursive_gv,405,0.2,0.931907,0.93786,0.978753,0.929682,0.56,0.55,2,0.827046
civilization_recursive_gv,406,0.2,0.934635,0.944987,0.986452,0.936694,0.56,0.55,2,0.831228
civilization_recursive_gv,407,0.2,0.945907,0.938584,0.97984,0.930333,0.56,0.55,2,0.830254
civilization_recursive_gv,408,0.2,0.947349,0.938812,0.977068,0.93116,0.56,0.55,2,0.830272
civilization_recursive_gv,409,0.2,0.952016,0.932486,0.991748,0.920634,0.56,0.55,2,0.830732
civilization_recursive_gv,410,0.2,0.961222,0.930829,0.995416,0.917911,0.56,0.55,2,0.832426
civilization_recursive_gv,411,0.2,0.968877,0.931505,1.0,0.917805,0.56,0.55,2,0.834795
civilization_recursive_gv,412,0.2,0.977272,0.934066,0.99389,0.922101,0.56,0.55,2,0.836645
civilization_recursive_gv,413,0.2,0.992861,0.923403,0.995116,0.909061,0.56,0.55,2,0.835953
civilization_recursive_gv,414,0.2,0.997195,0.934564,1.0,0.921477,0.56,0.55,2,0.841597
civilization_recursive_gv,415,0.2,1.0,0.941952,0.997892,0.930764,0.56,0.55,2,0.844636
civilization_recursive_gv,416,0.2,1.0,0.938762,0.99549,0.927416,0.56,0.55,2,0.843142
civilization_recursive_gv,417,0.2,1.0,0.939255,0.98771,0.929563,0.56,0.55,2,0.84233
civilization_recursive_gv,418,0.2,0.997565,0.953014,0.989866,0.945644,0.56,0.55,2,0.847237
civilization_recursive_gv,419,0.2,1.0,0.962173,0.993561,0.955896,0.56,0.55,2,0.851604
civilization_recursive_gv,420,0.2,1.0,0.97811,0.992116,0.975309,0.56,0.55,2,0.857348
civilization_recursive_gv,421,0.2,1.0,0.981738,0.992582,0.979569,0.56,0.55,2,0.858757
civilization_recursive_gv,422,0.2,0.999199,0.988228,0.988191,0.988184,0.56,0.55,2,0.860441
civilization_recursive_gv,423,0.2,1.0,0.987397,0.993945,0.986088,0.56,0.55,2,0.861037
civilization_recursive_gv,424,0.2,1.0,0.993833,0.995327,0.993534,0.56,0.55,2,0.863608
civilization_recursive_gv,425,0.2,0.997775,0.983173,0.999397,0.979928,0.56,0.55,2,0.859718
civilization_recursive_gv,426,0.2,1.0,0.986562,1.0,0.983874,0.56,0.55,2,0.861501
civilization_recursive_gv,427,0.2,0.999939,0.978435,0.99785,0.974552,0.56,0.55,2,0.858191
civilization_recursive_gv,428,0.2,1.0,0.982991,0.996818,0.980226,0.56,0.55,2,0.859765
civilization_recursive_gv,429,0.2,1.0,0.990114,0.999363,0.988265,0.56,0.55,2,0.862741
civilization_recursive_gv,430,0.2,1.0,0.978901,1.0,0.974682,0.56,0.55,2,0.858651
civilization_recursive_gv,431,0.2,0.991015,0.984379,1.0,0.981254,0.56,0.55,2,0.858892
civilization_recursive_gv,432,0.2,1.0,0.98861,0.99613,0.987106,0.56,0.55,2,0.861768
civilization_recursive_gv,433,0.2,0.998511,0.996518,0.997921,0.996238,0.56,0.55,2,0.864641
civilization_recursive_gv,434,0.2,0.987772,0.996981,0.997639,0.996849,0.56,0.55,2,0.862629
civilization_recursive_gv,435,0.2,0.9868,0.999677,0.997677,0.997277,0.56,0.55,2,0.862994
civilization_recursive_gv,436,0.2,0.985415,0.996877,0.998901,0.996472,0.56,0.55,2,0.862281
civilization_recursive_gv,437,0.2,0.982922,0.994257,0.999334,0.993242,0.56,0.55,2,0.860863
civilization_recursive_gv,438,0.2,0.985951,1.0,1.0,1.0,0.56,0.55,2,0.86369
civilization_recursive_gv,439,0.2,0.9977,1.0,0.993081,0.991697,0.56,0.55,2,0.863605
civilization_recursive_gv,440,0.2,1.0,1.0,0.988644,0.986372,0.56,0.55,2,0.862503
civilization_recursive_gv,441,0.2,1.0,1.0,0.980627,0.976752,0.56,0.55,2,0.859681
civilization_recursive_gv,442,0.2,0.986315,1.0,0.994733,0.993679,0.56,0.55,2,0.861909
civilization_recursive_gv,443,0.2,0.987923,1.0,0.994177,0.993013,0.56,0.55,2,0.862035
civilization_recursive_gv,444,0.2,0.991861,0.994927,0.99377,0.993539,0.56,0.55,2,0.861928
civilization_recursive_gv,445,0.2,1.0,1.0,0.995951,0.995141,0.56,0.55,2,0.865075
civilization_recursive_gv,446,0.2,1.0,0.996431,0.992246,0.991408,0.56,0.55,2,0.863242
civilization_recursive_gv,447,0.2,0.9906,0.998969,0.998749,0.998705,0.56,0.55,2,0.864027
civilization_recursive_gv,448,0.2,0.994881,0.995222,0.992684,0.992176,0.56,0.55,2,0.862194
civilization_recursive_gv,449,0.2,0.987663,0.987675,0.99417,0.986376,0.56,0.55,2,0.858702
civilization_recursive_gv,450,0.2,0.993801,1.0,0.989664,0.987597,0.56,0.55,2,0.861622
civilization_recursive_gv,451,0.2,1.0,1.0,0.994744,0.993692,0.56,0.55,2,0.86465
civilization_recursive_gv,452,0.2,1.0,1.0,0.996023,0.995227,0.56,0.55,2,0.8651
civilization_recursive_gv,453,0.2,1.0,1.0,0.989566,0.98748,0.56,0.55,2,0.862827
civilization_recursive_gv,454,0.2,0.995778,0.997535,0.989754,0.988197,0.56,0.55,2,0.861684
civilization_recursive_gv,455,0.2,1.0,0.997967,0.991692,0.990437,0.56,0.55,2,0.863275
civilization_recursive_gv,456,0.2,0.987346,1.0,0.986958,0.98435,0.56,0.55,2,0.859379
civilization_recursive_gv,457,0.2,0.99087,0.999548,0.990232,0.988369,0.56,0.55,2,0.861169
civilization_recursive_gv,458,0.2,0.989355,1.0,0.994744,0.993693,0.56,0.55,2,0.862521
civilization_recursive_gv,459,0.2,0.995695,0.995768,1.0,0.994922,0.56,0.55,2,0.864065
civilization_recursive_gv,460,0.2,0.997401,0.994164,0.998054,0.993386,0.56,0.55,2,0.86356
civilization_recursive_gv,461,0.2,0.992027,1.0,0.990878,0.989053,0.56,0.55,2,0.861694
civilization_recursive_gv,462,0.2,0.998015,0.997715,0.99432,0.993641,0.56,0.55,2,0.863765
civilization_recursive_gv,463,0.2,0.990007,0.991234,0.998406,0.989799,0.56,0.55,2,0.861036
civilization_recursive_gv,464,0.2,0.992743,0.989121,0.997306,0.987484,0.56,0.55,2,0.860657
civilization_recursive_gv,465,0.2,0.979568,0.989783,1.0,0.987739,0.56,0.55,2,0.858613
civilization_recursive_gv,466,0.2,0.994521,0.984031,0.996033,0.981631,0.56,0.55,2,0.858956
civilization_recursive_gv,467,0.2,0.997271,0.973055,0.999757,0.967715,0.56,0.55,2,0.8559
civilization_recursive_gv,468,0.2,0.981116,0.973082,0.994912,0.968716,0.56,0.55,2,0.852059
civilization_recursive_gv,469,0.2,0.971211,0.976306,1.0,0.971567,0.56,0.55,2,0.851928
civilization_recursive_gv,470,0.2,0.954736,0.978659,0.998832,0.974625,0.56,0.55,2,0.849359
civilization_recursive_gv,471,0.2,0.958365,0.984514,0.994853,0.982447,0.56,0.55,2,0.851753
civilization_recursive_gv,472,0.2,0.943072,0.980938,0.994059,0.978314,0.56,0.55,2,0.847263
civilization_recursive_gv,473,0.2,0.938405,0.98486,0.996996,0.982433,0.56,0.55,2,0.848165
civilization_recursive_gv,474,0.2,0.945737,0.981331,0.99051,0.979496,0.56,0.55,2,0.847488
civilization_recursive_gv,475,0.2,0.941807,0.969528,0.987493,0.965935,0.56,0.55,2,0.841925
civilization_recursive_gv,476,0.2,0.949014,0.973501,0.98862,0.970478,0.56,0.55,2,0.844989
civilization_recursive_gv,477,0.2,0.941332,0.968428,0.995673,0.962979,0.56,0.55,2,0.842468
civilization_recursive_gv,478,0.2,0.936763,0.972592,0.993159,0.968478,0.56,0.55,2,0.842781
civilization_recursive_gv,479,0.2,0.93064,0.975261,0.994579,0.971398,0.56,0.55,2,0.842731
civilization_recursive_gv,480,0.2,0.929119,0.974086,1.0,0.968904,0.56,0.55,2,0.842684
civilization_recursive_gv,481,0.2,0.931079,0.96542,0.995129,0.959478,0.56,0.55,2,0.839228
civilization_recursive_gv,482,0.2,0.93217,0.963303,1.0,0.955964,0.56,0.55,2,0.839283
civilization_recursive_gv,483,0.2,0.92368,0.965762,1.0,0.958914,0.56,0.55,2,0.838499
civilization_recursive_gv,484,0.2,0.910596,0.965105,1.0,0.958126,0.56,0.55,2,0.835638
civilization_recursive_gv,485,0.2,0.90808,0.965023,0.994979,0.959032,0.56,0.55,2,0.834462
civilization_recursive_gv,486,0.2,0.921109,0.973504,0.99494,0.969216,0.56,0.55,2,0.840217
civilization_recursive_gv,487,0.2,0.921974,0.982504,0.992674,0.98047,0.56,0.55,2,0.843448
civilization_recursive_gv,488,0.2,0.919894,0.981302,0.981944,0.981174,0.56,0.55,2,0.841212
civilization_recursive_gv,489,0.2,0.924742,0.992966,0.974437,0.970731,0.56,0.55,2,0.841409
civilization_recursive_gv,490,0.2,0.933277,0.996274,0.969087,0.963649,0.56,0.55,2,0.841722
civilization_recursive_gv,491,0.2,0.934854,0.996916,0.966565,0.960494,0.56,0.55,2,0.841245
civilization_recursive_gv,492,0.2,0.932448,0.985637,0.966123,0.96222,0.56,0.55,2,0.838939
civilization_recursive_gv,493,0.2,0.935984,0.98803,0.976002,0.973596,0.56,0.55,2,0.843478
civilization_recursive_gv,494,0.2,0.933394,0.997623,0.964845,0.95829,0.56,0.55,2,0.840453
civilization_recursive_gv,495,0.2,0.944026,1.0,0.969755,0.963706,0.56,0.55,2,0.844659
civilization_recursive_gv,496,0.2,0.936498,1.0,0.963372,0.956046,0.56,0.55,2,0.840906
civilization_recursive_gv,497,0.2,0.940401,0.997042,0.965601,0.959313,0.56,0.55,2,0.842034
civilization_recursive_gv,498,0.2,0.955425,0.999724,0.962818,0.955437,0.56,0.55,2,0.844456
civilization_recursive_gv,499,0.2,0.949571,1.0,0.96421,0.957052,0.56,0.55,2,0.843816
civilization_recursive_gv,500,0.2,0.936126,0.986496,0.956168,0.950102,0.56,0.55,2,0.836298
civilization_recursive_gv,501,0.2,0.927741,0.991254,0.9535,0.945949,0.56,0.55,2,0.834386
civilization_recursive_gv,502,0.2,0.928183,1.0,0.958262,0.949915,0.56,0.55,2,0.837445
civilization_recursive_gv,503,0.2,0.939357,0.996201,0.965799,0.959719,0.56,0.55,2,0.84177
civilization_recursive_gv,504,0.2,0.947276,0.995373,0.964099,0.957844,0.56,0.55,2,0.842633
civilization_recursive_gv,505,0.2,0.941618,0.989996,0.967269,0.962724,0.56,0.55,2,0.841822
civilization_recursive_gv,506,0.2,0.94587,0.993194,0.961794,0.955515,0.56,0.55,2,0.841218
civilization_recursive_gv,507,0.2,0.94484,0.988727,0.957544,0.951307,0.56,0.55,2,0.838855
civilization_recursive_gv,508,0.2,0.933374,1.0,0.960423,0.952508,0.56,0.55,2,0.839244
civilization_recursive_gv,509,0.2,0.94112,1.0,0.971463,0.965755,0.56,0.55,2,0.844679
civilization_recursive_gv,510,0.2,0.940669,0.994883,0.962057,0.955491,0.56,0.55,2,0.84052
civilization_recursive_gv,511,0.2,0.95645,0.99398,0.974982,0.971183,0.56,0.55,2,0.848093
civilization_recursive_gv,512,0.2,0.981211,1.0,0.989807,0.987768,0.56,0.55,2,0.859154
civilization_recursive_gv,513,0.2,0.983837,1.0,0.990082,0.988099,0.56,0.55,2,0.859776
civilization_recursive_gv,514,0.2,0.990655,0.997205,0.982084,0.97906,0.56,0.55,2,0.857911
civilization_recursive_gv,515,0.2,0.985912,0.993745,0.981711,0.979305,0.56,0.55,2,0.856319
civilization_recursive_gv,516,0.2,0.995593,0.992913,0.989168,0.988419,0.56,0.55,2,0.860757
civilization_recursive_gv,517,0.2,0.995684,0.994054,0.981711,0.979242,0.56,0.55,2,0.858319
civilization_recursive_gv,518,0.2,1.0,1.0,0.974091,0.96891,0.56,0.55,2,0.85738
civilization_recursive_gv,519,0.2,0.996505,1.0,0.976117,0.97134,0.56,0.55,2,0.857394
civilization_recursive_gv,520,0.2,0.985682,0.995896,0.972252,0.967523,0.56,0.55,2,0.853262
civilization_recursive_gv,521,0.2,0.994582,0.989707,0.97752,0.975083,0.56,0.55,2,0.85598
civilization_recursive_gv,522,0.2,0.985945,0.989482,0.980172,0.97831,0.56,0.55,2,0.855153
civilization_recursive_gv,523,0.2,0.973061,0.990554,0.984525,0.98332,0.56,0.55,2,0.854267
civilization_recursive_gv,524,0.2,0.96851,0.987536,0.98369,0.982921,0.56,0.55,2,0.852616
civilization_recursive_gv,525,0.2,0.970086,0.991498,0.977379,0.974555,0.56,0.55,2,0.851296
civilization_recursive_gv,526,0.2,0.964949,0.990868,0.988238,0.987712,0.56,0.55,2,0.853998
civilization_recursive_gv,527,0.2,0.963513,0.983466,0.989474,0.982265,0.56,0.55,2,0.851705
civilization_recursive_gv,528,0.2,0.96567,0.983213,0.997729,0.980309,0.56,0.55,2,0.853098
civilization_recursive_gv,529,0.2,0.973027,0.987957,0.980532,0.979047,0.56,0.55,2,0.85247
civilization_recursive_gv,530,0.2,0.965202,0.983307,0.989906,0.981987,0.56,0.55,2,0.852038
civilization_recursive_gv,531,0.2,0.981143,0.975311,0.983676,0.973638,0.56,0.55,2,0.851455
civilization_recursive_gv,532,0.2,0.979212,0.977822,0.983443,0.976698,0.56,0.55,2,0.851973
civilization_recursive_gv,533,0.2,0.977578,0.979498,0.98774,0.977849,0.56,0.55,2,0.852819
civilization_recursive_gv,534,0.2,0.976758,0.977689,0.984936,0.97624,0.56,0.55,2,0.851624
civilization_recursive_gv,535,0.2,0.98308,0.966897,0.973684,0.96554,0.56,0.55,2,0.847433
civilization_recursive_gv,536,0.2,0.985721,0.96759,0.977483,0.965612,0.56,0.55,2,0.848706
civilization_recursive_gv,537,0.2,0.997701,0.973098,0.978557,0.972006,0.56,0.55,2,0.853288
civilization_recursive_gv,538,0.2,0.985309,0.973314,0.979961,0.971985,0.56,0.55,2,0.85107
civilization_recursive_gv,539,0.2,0.972388,0.972472,0.982905,0.970386,0.56,0.55,2,0.848549
civilization_recursive_gv,540,0.2,0.982677,0.977784,0.983001,0.976741,0.56,0.55,2,0.852595
civilization_recursive_gv,541,0.2,0.981866,0.979265,0.988229,0.977472,0.56,0.55,2,0.853653
civilization_recursive_gv,542,0.2,0.985562,0.985593,0.99282,0.984147,0.56,0.55,2,0.857334
civilization_recursive_gv,543,0.2,1.0,0.990199,0.990246,0.99019,0.56,0.55,2,0.861606
civilization_recursive_gv,544,0.2,1.0,0.994145,0.999479,0.993078,0.56,0.55,2,0.864255
civilization_recursive_gv,545,0.2,1.0,1.0,1.0,1.0,0.56,0.55,2,0.8665
civilization_recursive_gv,546,0.2,0.998867,1.0,1.0,1.0,0.56,0.55,2,0.866273
civilization_recursive_gv,547,0.2,1.0,1.0,1.0,1.0,0.56,0.55,2,0.8665
civilization_recursive_gv,548,0.2,0.992605,1.0,1.0,1.0,0.56,0.55,2,0.865021
civilization_recursive_gv,549,0.2,1.0,0.994496,0.999821,0.993431,0.56,0.55,2,0.86443
civilization_recursive_gv,550,0.2,1.0,1.0,0.999231,0.999077,0.56,0.55,2,0.866229
civilization_recursive_gv,551,0.2,1.0,0.999802,1.0,0.999763,0.56,0.55,2,0.866427
civilization_recursive_gv,552,0.2,0.99406,1.0,1.0,1.0,0.56,0.55,2,0.865312
civilization_recursive_gv,553,0.2,1.0,1.0,0.999017,0.998821,0.56,0.55,2,0.866154
civilization_recursive_gv,554,0.2,1.0,1.0,1.0,1.0,0.56,0.55,2,0.8665
civilization_recursive_gv,555,0.2,0.998485,0.993719,1.0,0.992462,0.56,0.55,2,0.86386
civilization_recursive_gv,556,0.2,1.0,0.989314,1.0,0.987177,0.56,0.55,2,0.862525
civilization_recursive_gv,557,0.2,1.0,0.985715,0.994734,0.983911,0.56,0.55,2,0.860512
civilization_recursive_gv,558,0.2,0.982453,0.979141,0.999571,0.975056,0.56,0.55,2,0.855176
civilization_recursive_gv,559,0.2,0.974659,0.982992,0.994313,0.980728,0.56,0.55,2,0.854377
civilization_recursive_gv,560,0.95,1.0,0.959316,0.969517,0.957276,0.655,0.626,3,0.873114
civilization_recursive_gv,561,0.2,0.99473,0.961774,0.975029,0.959123,0.59,0.575,3,0.856279
civilization_recursive_gv,562,0.2,0.982776,0.959199,0.98026,0.954987,0.59,0.575,3,0.8536
civilization_recursive_gv,563,0.2,0.981727,0.965765,0.975955,0.963728,0.59,0.575,3,0.855282
civilization_recursive_gv,564,0.2,0.970416,0.968614,0.977981,0.966741,0.59,0.575,3,0.854339
civilization_recursive_gv,565,0.2,0.962054,0.96831,0.970905,0.967791,0.59,0.575,3,0.851648
civilization_recursive_gv,566,0.2,0.974708,0.967241,0.963495,0.962745,0.59,0.575,3,0.851993
civilization_recursive_gv,567,0.2,0.962621,0.960351,0.968506,0.95872,0.59,0.575,3,0.848494
civilization_recursive_gv,568,0.2,0.965919,0.961576,0.966167,0.960658,0.59,0.575,3,0.84931
civilization_recursive_gv,569,0.2,0.959218,0.967659,0.962891,0.961937,0.59,0.575,3,0.848745
civilization_recursive_gv,570,0.2,0.955975,0.972669,0.967159,0.966057,0.59,0.575,3,0.85034
civilization_recursive_gv,571,0.2,0.958809,0.962939,0.965998,0.962327,0.59,0.575,3,0.848373
civilization_recursive_gv,572,0.2,0.956793,0.966945,0.971237,0.966086,0.59,0.575,3,0.85013
civilization_recursive_gv,573,0.2,0.951114,0.967621,0.962751,0.961777,0.59,0.575,3,0.847069
civilization_recursive_gv,574,0.2,0.962699,0.959458,0.961716,0.959006,0.59,0.575,3,0.847308
civilization_recursive_gv,575,0.2,0.979541,0.957325,0.959871,0.956816,0.59,0.575,3,0.849647
civilization_recursive_gv,576,0.2,0.980416,0.960098,0.955639,0.954747,0.59,0.575,3,0.849313
civilization_recursive_gv,577,0.2,0.983384,0.966287,0.954868,0.952584,0.59,0.575,3,0.850551
civilization_recursive_gv,578,0.2,0.982479,0.975944,0.956784,0.952952,0.59,0.575,3,0.852474
civilization_recursive_gv,579,0.2,0.979613,0.973497,0.959377,0.956554,0.59,0.575,3,0.852451
civilization_recursive_gv,580,0.2,0.974937,0.974972,0.961579,0.958901,0.59,0.575,3,0.852509
civilization_recursive_gv,581,0.2,0.962077,0.9701,0.954422,0.951286,0.59,0.575,3,0.846697
civilization_recursive_gv,582,0.2,0.955669,0.96793,0.948487,0.944598,0.59,0.575,3,0.843005
civilization_recursive_gv,583,0.2,0.947476,0.973343,0.952753,0.948635,0.59,0.575,3,0.843669
civilization_recursive_gv,584,0.2,0.945861,0.961837,0.951279,0.949168,0.59,0.575,3,0.841124
civilization_recursive_gv,585,0.2,0.948639,0.966585,0.954542,0.952134,0.59,0.575,3,0.843531
civilization_recursive_gv,586,0.2,0.944892,0.963829,0.961997,0.961631,0.59,0.575,3,0.844998
civilization_recursive_gv,587,0.2,0.943716,0.975884,0.96649,0.964611,0.59,0.575,3,0.848129
civilization_recursive_gv,588,0.2,0.939029,0.984495,0.968636,0.965465,0.59,0.575,3,0.849221
civilization_recursive_gv,589,0.2,0.945239,0.990194,0.972782,0.9693,0.59,0.575,3,0.852766
civilization_recursive_gv,590,0.2,0.94965,0.993788,0.969127,0.964195,0.59,0.575,3,0.852893
civilization_recursive_gv,591,0.2,0.940581,0.995812,0.96194,0.955166,0.59,0.575,3,0.848849
civilization_recursive_gv,592,0.2,0.937354,0.995336,0.95954,0.952381,0.59,0.575,3,0.847289
civilization_recursive_gv,593,0.2,0.940888,0.989724,0.960456,0.954603,0.59,0.575,3,0.847487
civilization_recursive_gv,594,0.2,0.931189,0.984877,0.966688,0.963051,0.59,0.575,3,0.847024
civilization_recursive_gv,595,0.2,0.933199,0.991419,0.962823,0.957104,0.59,0.575,3,0.847034
civilization_recursive_gv,596,0.2,0.928858,0.989562,0.971864,0.968325,0.59,0.575,3,0.849073
civilization_recursive_gv,597,0.2,0.920104,0.98165,0.981034,0.980911,0.59,0.575,3,0.849379
civilization_recursive_gv,598,0.2,0.91829,0.972457,0.979972,0.970954,0.59,0.575,3,0.845599
civilization_recursive_gv,599,0.2,0.921114,0.972554,0.971123,0.970837,0.59,0.575,3,0.844746
civilization_recursive_gv,600,0.2,0.923089,0.967344,0.975832,0.965646,0.59,0.575,3,0.844126
civilization_recursive_gv,601,0.2,0.91966,0.972581,0.975826,0.971931,0.59,0.575,3,0.845388
civilization_recursive_gv,602,0.2,0.936733,0.966759,0.981096,0.963891,0.59,0.575,3,0.847311
civilization_recursive_gv,603,0.2,0.929768,0.964206,0.978088,0.961429,0.59,0.575,3,0.844583
civilization_recursive_gv,604,0.2,0.927717,0.963982,0.983708,0.960037,0.59,0.575,3,0.844809
civilization_recursive_gv,605,0.2,0.920726,0.968974,0.987464,0.965276,0.59,0.575,3,0.845749
civilization_recursive_gv,606,0.2,0.926004,0.977773,0.987509,0.975826,0.59,0.575,3,0.850083
civilization_recursive_gv,607,0.2,0.933803,0.988712,0.982529,0.981292,0.59,0.575,3,0.85369
civilization_recursive_gv,608,0.2,0.943324,0.989709,0.972517,0.969079,0.59,0.575,3,0.852218
civilization_recursive_gv,609,0.2,0.936294,0.982362,0.962892,0.958999,0.59,0.575,3,0.846337
civilization_recursive_gv,610,0.2,0.930416,0.984838,0.967368,0.963874,0.59,0.575,3,0.847103
civilization_recursive_gv,611,0.2,0.933589,0.987534,0.969078,0.965386,0.59,0.575,3,0.848738
civilization_recursive_gv,612,0.2,0.927594,0.987241,0.969156,0.965539,0.59,0.575,3,0.847523
civilization_recursive_gv,613,0.2,0.937207,0.989649,0.965123,0.960218,0.59,0.575,3,0.848383
civilization_recursive_gv,614,0.2,0.931856,0.981861,0.961683,0.957647,0.59,0.575,3,0.844949
civilization_recursive_gv,615,0.2,0.933331,0.9935,0.965616,0.960039,0.59,0.575,3,0.848351
civilization_recursive_gv,616,0.2,0.939852,1.0,0.964391,0.957269,0.59,0.575,3,0.850186
civilization_recursive_gv,617,0.2,0.93706,0.999929,0.961583,0.953914,0.59,0.575,3,0.848629
civilization_recursive_gv,618,0.2,0.941195,0.993898,0.953419,0.945324,0.59,0.575,3,0.84569
civilization_recursive_gv,619,0.2,0.94012,0.988118,0.953309,0.946347,0.59,0.575,3,0.84458
civilization_recursive_gv,620,0.2,0.945516,0.984473,0.946746,0.9392,0.59,0.575,3,0.84281
civilization_recursive_gv,621,0.2,0.951561,0.990228,0.950301,0.942315,0.59,0.575,3,0.846122
civilization_recursive_gv,622,0.2,0.966195,0.987592,0.960562,0.955156,0.59,0.575,3,0.85227
civilization_recursive_gv,623,0.2,0.975153,0.992179,0.949765,0.941282,0.59,0.575,3,0.85094
civilization_recursive_gv,624,0.2,0.966183,0.981698,0.956397,0.951337,0.59,0.575,3,0.84993
civilization_recursive_gv,625,0.2,0.964922,0.987317,0.966482,0.962315,0.59,0.575,3,0.854059
civilization_recursive_gv,626,0.2,0.965519,0.986185,0.970612,0.967498,0.59,0.575,3,0.855465
civilization_recursive_gv,627,0.2,0.970014,0.989123,0.971098,0.967494,0.59,0.575,3,0.85697
civilization_recursive_gv,628,0.2,0.977995,0.981709,0.975595,0.974372,0.59,0.575,3,0.859051
civilization_recursive_gv,629,0.2,0.969672,0.978556,0.988983,0.97647,0.59,0.575,3,0.859297
civilization_recursive_gv,630,0.2,0.96071,0.98394,0.984644,0.983799,0.59,0.575,3,0.858952
civilization_recursive_gv,631,0.2,0.965668,0.978874,0.986986,0.977252,0.59,0.575,3,0.858359
civilization_recursive_gv,632,0.2,0.972126,0.980545,0.971802,0.970053,0.59,0.575,3,0.85637
civilization_recursive_gv,633,0.2,0.970608,0.989571,0.974935,0.972007,0.59,0.575,3,0.858505
civilization_recursive_gv,634,0.2,0.965724,0.985112,0.975458,0.973527,0.59,0.575,3,0.857052
civilization_recursive_gv,635,0.2,0.977228,0.984594,0.968771,0.965607,0.59,0.575,3,0.856923
civilization_recursive_gv,636,0.2,0.985748,0.984007,0.96829,0.965147,0.59,0.575,3,0.858371
civilization_recursive_gv,637,0.2,0.97923,0.971027,0.964029,0.96263,0.59,0.575,3,0.853646
civilization_recursive_gv,638,0.2,0.978034,0.962447,0.971097,0.960717,0.59,0.575,3,0.852688
civilization_recursive_gv,639,0.2,0.981946,0.965979,0.964086,0.963707,0.59,0.575,3,0.853462
civilization_recursive_gv,640,0.95,1.0,0.951555,0.94498,0.943666,0.685,0.651,4,0.873863
civilization_recursive_gv,641,0.2,0.986901,0.952773,0.940726,0.938317,0.62,0.6,4,0.852526
civilization_recursive_gv,642,0.2,0.996744,0.948345,0.942051,0.940792,0.62,0.6,4,0.854306
civilization_recursive_gv,643,0.2,1.0,0.939686,0.930358,0.928492,0.62,0.6,4,0.84956
civilization_recursive_gv,644,0.2,0.980549,0.942266,0.935791,0.934497,0.62,0.6,4,0.847964
civilization_recursive_gv,645,0.2,0.976368,0.944792,0.941434,0.940763,0.62,0.6,4,0.849488
civilization_recursive_gv,646,0.2,0.984491,0.947929,0.939383,0.937674,0.62,0.6,4,0.850854
civilization_recursive_gv,647,0.2,0.984176,0.954015,0.938857,0.935825,0.62,0.6,4,0.851507
civilization_recursive_gv,648,0.2,0.980009,0.949629,0.941537,0.939918,0.62,0.6,4,0.850968
civilization_recursive_gv,649,0.2,0.987213,0.954543,0.938525,0.935321,0.62,0.6,4,0.852076
civilization_recursive_gv,650,0.2,0.981856,0.946144,0.936601,0.934692,0.62,0.6,4,0.849084
civilization_recursive_gv,651,0.2,0.986827,0.948495,0.943759,0.942812,0.62,0.6,4,0.852946
civilization_recursive_gv,652,0.2,0.984613,0.959752,0.933691,0.928479,0.62,0.6,4,0.850625
civilization_recursive_gv,653,0.2,0.976842,0.959666,0.932875,0.927516,0.62,0.6,4,0.848771
civilization_recursive_gv,654,0.2,0.970549,0.962289,0.926853,0.919766,0.62,0.6,4,0.845781
civilization_recursive_gv,655,0.2,0.971348,0.967743,0.943426,0.938563,0.62,0.6,4,0.852582
civilization_recursive_gv,656,0.2,0.964048,0.968051,0.946039,0.941637,0.62,0.6,4,0.852087
civilization_recursive_gv,657,0.2,0.96861,0.955285,0.950815,0.949921,0.62,0.6,4,0.852791
civilization_recursive_gv,658,0.2,0.968533,0.965287,0.944574,0.940431,0.62,0.6,4,0.852059
civilization_recursive_gv,659,0.2,0.975684,0.967246,0.936385,0.930213,0.62,0.6,4,0.850897
civilization_recursive_gv,660,0.2,0.974793,0.964965,0.93624,0.930495,0.62,0.6,4,0.85033
civilization_recursive_gv,661,0.2,0.966072,0.966901,0.934378,0.927874,0.62,0.6,4,0.848217
civilization_recursive_gv,662,0.2,0.971012,0.977549,0.93488,0.926346,0.62,0.6,4,0.850957
civilization_recursive_gv,663,0.2,0.960054,0.991315,0.940611,0.93047,0.62,0.6,4,0.852821
civilization_recursive_gv,664,0.2,0.9744,0.999686,0.934107,0.920991,0.62,0.6,4,0.854639
civilization_recursive_gv,665,0.2,0.974141,0.993274,0.935307,0.923713,0.62,0.6,4,0.854061
civilization_recursive_gv,666,0.2,0.963955,0.995214,0.944064,0.933834,0.62,0.6,4,0.855393
civilization_recursive_gv,667,0.2,0.96415,0.991335,0.95056,0.942405,0.62,0.6,4,0.857144
civilization_recursive_gv,668,0.2,0.966892,0.991722,0.958648,0.952033,0.62,0.6,4,0.860597
civilization_recursive_gv,669,0.2,0.969518,0.988449,0.956778,0.950444,0.62,0.6,4,0.85998
civilization_recursive_gv,670,0.2,0.973816,0.986218,0.952773,0.946084,0.62,0.6,4,0.859099
civilization_recursive_gv,671,0.2,0.978913,0.979972,0.947963,0.941561,0.62,0.6,4,0.857501
civilization_recursive_gv,672,0.2,0.978384,0.986245,0.947212,0.939405,0.62,0.6,4,0.85806
civilization_recursive_gv,673,0.2,0.980435,0.99494,0.956472,0.948779,0.62,0.6,4,0.863016
civilization_recursive_gv,674,0.2,0.976204,0.989156,0.962212,0.956823,0.62,0.6,4,0.863335
civilization_recursive_gv,675,0.2,0.986307,0.989527,0.967599,0.963214,0.62,0.6,4,0.867306
civilization_recursive_gv,676,0.2,0.988298,0.990964,0.969063,0.964683,0.62,0.6,4,0.868433
civilization_recursive_gv,677,0.2,0.98361,0.986999,0.960303,0.954964,0.62,0.6,4,0.863825
civilization_recursive_gv,678,0.2,0.984085,0.991922,0.968939,0.964343,0.62,0.6,4,0.867688
civilization_recursive_gv,679,0.2,0.996233,0.987598,0.961186,0.955904,0.62,0.6,4,0.866749
civilization_recursive_gv,680,0.2,1.0,0.997268,0.965144,0.958719,0.62,0.6,4,0.870326
civilization_recursive_gv,681,0.2,1.0,1.0,0.973598,0.968317,0.62,0.6,4,0.873706
civilization_recursive_gv,682,0.2,1.0,0.996476,0.968136,0.962468,0.62,0.6,4,0.871262
civilization_recursive_gv,683,0.2,0.994461,1.0,0.958769,0.950523,0.62,0.6,4,0.867379
civilization_recursive_gv,684,0.2,0.997817,0.998759,0.954331,0.945446,0.62,0.6,4,0.866304
civilization_recursive_gv,685,0.2,0.994366,0.99571,0.962235,0.95554,0.62,0.6,4,0.867945
civilization_recursive_gv,686,0.2,0.998788,0.988072,0.966136,0.961749,0.62,0.6,4,0.869072
civilization_recursive_gv,687,0.2,1.0,0.987548,0.950283,0.942831,0.62,0.6,4,0.863657
civilization_recursive_gv,688,0.2,0.993795,0.983949,0.949438,0.942536,0.62,0.6,4,0.861586
civilization_recursive_gv,689,0.2,0.988063,0.97743,0.955734,0.951394,0.62,0.6,4,0.861691
civilization_recursive_gv,690,0.2,0.986827,0.977934,0.950171,0.944618,0.62,0.6,4,0.85956
civilization_recursive_gv,691,0.2,0.989467,0.977213,0.953893,0.949229,0.62,0.6,4,0.861291
civilization_recursive_gv,692,0.2,0.981833,0.984987,0.953892,0.947673,0.62,0.6,4,0.860915
civilization_recursive_gv,693,0.2,0.985997,0.997218,0.962188,0.955183,0.62,0.6,4,0.866478
civilization_recursive_gv,694,0.2,0.981012,0.993083,0.966407,0.961072,0.62,0.6,4,0.866354
civilization_recursive_gv,695,0.2,0.9771,0.998269,0.967547,0.961403,0.62,0.6,4,0.86674
civilization_recursive_gv,696,0.2,0.970096,1.0,0.971429,0.965715,0.62,0.6,4,0.866962
civilization_recursive_gv,697,0.2,0.978715,0.99949,0.971208,0.965552,0.62,0.6,4,0.868533
civilization_recursive_gv,698,0.2,0.977191,1.0,0.969698,0.963637,0.62,0.6,4,0.867772
civilization_recursive_gv,699,0.2,0.968172,1.0,0.974722,0.969667,0.62,0.6,4,0.867737
civilization_recursive_gv,700,0.2,0.97814,1.0,0.970754,0.964904,0.62,0.6,4,0.868333
civilization_recursive_gv,701,0.2,0.980297,0.996547,0.974378,0.969945,0.62,0.6,4,0.869529
civilization_recursive_gv,702,0.2,0.976257,0.995573,0.983552,0.981147,0.62,0.6,4,0.871806
civilization_recursive_gv,703,0.2,0.978562,0.996036,0.975397,0.97127,0.62,0.6,4,0.869466
civilization_recursive_gv,704,0.2,0.987652,1.0,0.962413,0.954896,0.62,0.6,4,0.8673
civilization_recursive_gv,705,0.2,0.987435,1.0,0.960722,0.952866,0.62,0.6,4,0.866661
civilization_recursive_gv,706,0.2,0.993191,0.995359,0.958338,0.950934,0.62,0.6,4,0.866286
civilization_recursive_gv,707,0.2,1.0,1.0,0.965915,0.959099,0.62,0.6,4,0.871002
civilization_recursive_gv,708,0.2,1.0,0.989553,0.978969,0.976852,0.62,0.6,4,0.874051
civilization_recursive_gv,709,0.2,1.0,0.994829,0.979309,0.976205,0.62,0.6,4,0.874951
civilization_recursive_gv,710,0.2,0.995913,0.994674,0.983203,0.980909,0.62,0.6,4,0.875482
civilization_recursive_gv,711,0.2,1.0,0.99542,0.974724,0.970585,0.62,0.6,4,0.873425
civilization_recursive_gv,712,0.2,0.991032,0.992187,0.977037,0.974007,0.62,0.6,4,0.871967
civilization_recursive_gv,713,0.2,0.980269,0.987919,0.968772,0.964943,0.62,0.6,4,0.866274
civilization_recursive_gv,714,0.2,0.990536,0.980914,0.975589,0.974524,0.62,0.6,4,0.86969
civilization_recursive_gv,715,0.2,0.986063,0.969534,0.969821,0.969477,0.62,0.6,4,0.865016
civilization_recursive_gv,716,0.2,0.999197,0.969647,0.964595,0.963584,0.62,0.6,4,0.865884
civilization_recursive_gv,717,0.2,0.989634,0.973552,0.959685,0.956911,0.62,0.6,4,0.862821
civilization_recursive_gv,718,0.2,0.993438,0.984768,0.97396,0.971798,0.62,0.6,4,0.870267
civilization_recursive_gv,719,0.2,0.989465,0.988272,0.981676,0.980356,0.62,0.6,4,0.872707
civilization_recursive_gv,720,0.2,0.990964,0.985666,0.970626,0.967618,0.62,0.6,4,0.868732
civilization_recursive_gv,721,0.2,0.987222,0.986406,0.977468,0.97568,0.62,0.6,4,0.870501
civilization_recursive_gv,722,0.2,0.995602,0.986933,0.973847,0.971229,0.62,0.6,4,0.870981
civilization_recursive_gv,723,0.2,1.0,0.993482,0.973666,0.969702,0.62,0.6,4,0.872766
civilization_recursive_gv,724,0.2,1.0,0.996525,0.981773,0.978822,0.62,0.6,4,0.87607
civilization_recursive_gv,725,0.2,0.995458,1.0,0.97982,0.975784,0.62,0.6,4,0.874988
civilization_recursive_gv,726,0.2,1.0,0.991774,0.992702,0.991588,0.62,0.6,4,0.879006
civilization_recursive_gv,727,0.2,1.0,0.991343,0.994528,0.990706,0.62,0.6,4,0.879079
civilization_recursive_gv,728,0.2,1.0,0.989493,0.991238,0.989144,0.62,0.6,4,0.87797
civilization_recursive_gv,729,0.2,1.0,0.985723,0.982533,0.981895,0.62,0.6,4,0.874738
civilization_recursive_gv,730,0.2,0.996385,0.998479,0.985397,0.982781,0.62,0.6,4,0.876912
civilization_recursive_gv,731,0.2,0.998543,1.0,0.972638,0.967166,0.62,0.6,4,0.873077
civilization_recursive_gv,732,0.2,0.997222,0.998721,0.974273,0.969383,0.62,0.6,4,0.873199
civilization_recursive_gv,733,0.2,0.999527,0.998614,0.967086,0.960781,0.62,0.6,4,0.871115
civilization_recursive_gv,734,0.2,1.0,0.9954,0.979182,0.975939,0.62,0.6,4,0.874991
civilization_recursive_gv,735,0.2,1.0,1.0,0.979925,0.97591,0.62,0.6,4,0.875934
civilization_recursive_gv,736,0.2,1.0,1.0,0.977045,0.972454,0.62,0.6,4,0.87492
civilization_recursive_gv,737,0.2,1.0,1.0,0.9772,0.97264,0.62,0.6,4,0.874974
civilization_recursive_gv,738,0.2,1.0,0.993566,0.972168,0.967888,0.62,0.6,4,0.872251
civilization_recursive_gv,739,0.2,0.993252,1.0,0.980604,0.976725,0.62,0.6,4,0.874823
civilization_recursive_gv,740,0.2,0.998022,0.999937,0.973976,0.968784,0.62,0.6,4,0.873435
civilization_recursive_gv,741,0.2,1.0,1.0,0.969543,0.963452,0.62,0.6,4,0.872279
civilization_recursive_gv,742,0.2,0.995261,1.0,0.972225,0.96667,0.62,0.6,4,0.872275
civilization_recursive_gv,743,0.2,0.984425,1.0,0.9744,0.96928,0.62,0.6,4,0.870874
civilization_recursive_gv,744,0.2,0.981846,0.990628,0.974592,0.971384,0.62,0.6,4,0.869038
civilization_recursive_gv,745,0.2,0.988322,0.996317,0.979868,0.976578,0.62,0.6,4,0.873033
civilization_recursive_gv,746,0.2,1.0,0.998756,0.987007,0.984657,0.62,0.6,4,0.878242
civilization_recursive_gv,747,0.2,0.9856,0.997862,0.982151,0.979009,0.62,0.6,4,0.873521
civilization_recursive_gv,748,0.2,0.980072,1.0,0.988519,0.986223,0.62,0.6,4,0.874973
civilization_recursive_gv,749,0.2,0.993826,0.989944,0.981635,0.979974,0.62,0.6,4,0.873812
civilization_recursive_gv,750,0.2,1.0,0.991562,0.982323,0.980476,0.62,0.6,4,0.875529
civilization_recursive_gv,751,0.2,0.98533,0.987156,0.98213,0.981124,0.62,0.6,4,0.871875
civilization_recursive_gv,752,0.2,0.981449,1.0,0.981102,0.977323,0.62,0.6,4,0.872638
civilization_recursive_gv,753,0.2,0.984189,1.0,0.978749,0.974499,0.62,0.6,4,0.872357
civilization_recursive_gv,754,0.2,0.988538,0.992277,0.978678,0.975958,0.62,0.6,4,0.872059
civilization_recursive_gv,755,0.2,0.987592,0.995541,0.983062,0.980566,0.62,0.6,4,0.873896
civilization_recursive_gv,756,0.2,0.991104,0.996176,0.970612,0.965499,0.62,0.6,4,0.87031
civilization_recursive_gv,757,0.2,0.995811,0.99037,0.973089,0.969632,0.62,0.6,4,0.871264
civilization_recursive_gv,758,0.2,1.0,0.993692,0.975745,0.972155,0.62,0.6,4,0.873529
civilization_recursive_gv,759,0.2,0.998348,0.996334,0.972673,0.967941,0.62,0.6,4,0.872508
civilization_recursive_gv,760,0.2,0.98627,1.0,0.973517,0.968221,0.62,0.6,4,0.870932
civilization_recursive_gv,761,0.2,0.980826,1.0,0.974596,0.969515,0.62,0.6,4,0.870223
civilization_recursive_gv,762,0.2,0.973245,1.0,0.964207,0.957048,0.62,0.6,4,0.86505
civilization_recursive_gv,763,0.2,0.961543,1.0,0.967574,0.961088,0.62,0.6,4,0.863895
civilization_recursive_gv,764,0.2,0.974129,0.998104,0.972107,0.966907,0.62,0.6,4,0.867727
civilization_recursive_gv,765,0.2,0.974239,1.0,0.985351,0.982421,0.62,0.6,4,0.872691
civilization_recursive_gv,766,0.2,0.981709,1.0,0.987733,0.98528,0.62,0.6,4,0.875024
civilization_recursive_gv,767,0.2,0.979844,0.97849,0.997273,0.974733,0.62,0.6,4,0.870618
civilization_recursive_gv,768,0.2,0.978712,0.977749,0.992644,0.97477,0.62,0.6,4,0.869523
civilization_recursive_gv,769,0.2,0.979157,0.974051,0.993739,0.970113,0.62,0.6,4,0.868377
civilization_recursive_gv,770,0.2,0.98738,0.966709,0.989075,0.962236,0.62,0.6,4,0.866693
civilization_recursive_gv,771,0.2,0.983062,0.962187,0.985829,0.957459,0.62,0.6,4,0.863732
civilization_recursive_gv,772,0.2,0.983084,0.961949,0.98004,0.95833,0.62,0.6,4,0.862907
civilization_recursive_gv,773,0.2,0.994494,0.951513,0.971257,0.947565,0.62,0.6,4,0.860183
civilization_recursive_gv,774,0.2,1.0,0.940048,0.976926,0.932672,0.62,0.6,4,0.857744
civilization_recursive_gv,775,0.2,0.993901,0.951144,0.976481,0.946077,0.62,0.6,4,0.860595
civilization_recursive_gv,776,0.2,0.988947,0.95847,0.982123,0.953739,0.62,0.6,4,0.863052
civilization_recursive_gv,777,0.2,1.0,0.959536,1.0,0.951443,0.62,0.6,4,0.867947
civilization_recursive_gv,778,0.2,1.0,0.954646,0.99082,0.947411,0.62,0.6,4,0.864953
civilization_recursive_gv,779,0.2,0.993331,0.964134,0.99399,0.958163,0.62,0.6,4,0.867555
civilization_recursive_gv,780,0.2,0.993044,0.963556,0.998953,0.956476,0.62,0.6,4,0.867917
civilization_recursive_gv,781,0.2,0.996641,0.96634,0.993888,0.960831,0.62,0.6,4,0.869024
civilization_recursive_gv,782,0.2,0.995077,0.961293,0.99917,0.953717,0.62,0.6,4,0.86751
civilization_recursive_gv,783,0.2,0.999144,0.95523,1.0,0.946276,0.62,0.6,4,0.866174
civilization_recursive_gv,784,0.2,0.989841,0.958564,0.995288,0.951219,0.62,0.6,4,0.864951
civilization_recursive_gv,785,0.2,1.0,0.961375,0.988048,0.956041,0.62,0.6,4,0.867102
civilization_recursive_gv,786,0.2,1.0,0.954243,0.980384,0.949015,0.62,0.6,4,0.863468
civilization_recursive_gv,787,0.2,1.0,0.957759,0.978277,0.953655,0.62,0.6,4,0.864506
civilization_recursive_gv,788,0.2,0.993905,0.962659,0.980148,0.959161,0.62,0.6,4,0.865349
civilization_recursive_gv,789,0.2,1.0,0.960935,0.976717,0.957779,0.62,0.6,4,0.865488
civilization_recursive_gv,790,0.2,0.984648,0.960934,0.976701,0.957781,0.62,0.6,4,0.862415
civilization_recursive_gv,791,0.2,0.978479,0.97113,0.982585,0.968839,0.62,0.6,4,0.865727
civilization_recursive_gv,792,0.2,0.97574,0.974345,0.979297,0.973355,0.62,0.6,4,0.865954
civilization_recursive_gv,793,0.2,0.973834,0.981582,0.986944,0.980509,0.62,0.6,4,0.869244
civilization_recursive_gv,794,0.2,0.978319,0.982041,0.981247,0.981088,0.62,0.6,4,0.869405
civilization_recursive_gv,795,0.2,0.969005,0.989504,0.991068,0.989191,0.62,0.6,4,0.871753
civilization_recursive_gv,796,0.2,0.964612,0.996115,0.998606,0.995617,0.62,0.6,4,0.874299
civilization_recursive_gv,797,0.2,0.964228,0.995866,0.994019,0.99365,0.62,0.6,4,0.873129
civilization_recursive_gv,798,0.2,0.959428,0.992736,0.993573,0.992569,0.62,0.6,4,0.871361
civilization_recursive_gv,799,0.2,0.943777,0.998442,0.989304,0.987477,0.62,0.6,4,0.86776
civilization_recursive_gv,800,0.95,1.0,0.973261,0.979225,0.972068,0.715,0.676,5,0.896044
civilization_recursive_gv,801,0.2,0.995637,0.958492,0.983914,0.953407,0.65,0.625,5,0.872877
civilization_recursive_gv,802,0.2,0.999888,0.958239,0.977486,0.95439,0.65,0.625,5,0.872811
civilization_recursive_gv,803,0.2,1.0,0.957241,0.975931,0.953503,0.65,0.625,5,0.872263
civilization_recursive_gv,804,0.2,1.0,0.951724,0.982092,0.94565,0.65,0.625,5,0.870999
civilization_recursive_gv,805,0.2,0.998434,0.966011,0.980736,0.963066,0.65,0.625,5,0.875827
civilization_recursive_gv,806,0.2,1.0,0.956217,0.988761,0.949708,0.65,0.625,5,0.873524
civilization_recursive_gv,807,0.2,1.0,0.937137,0.987508,0.927062,0.65,0.625,5,0.866266
civilization_recursive_gv,808,0.2,1.0,0.945149,0.990173,0.936144,0.65,0.625,5,0.869588
civilization_recursive_gv,809,0.2,1.0,0.945057,1.0,0.934068,0.65,0.625,5,0.870811
civilization_recursive_gv,810,0.2,1.0,0.943778,1.0,0.932534,0.65,0.625,5,0.870336
civilization_recursive_gv,811,0.2,1.0,0.946362,0.999718,0.93569,0.65,0.625,5,0.87126
civilization_recursive_gv,812,0.2,1.0,0.95391,1.0,0.944692,0.65,0.625,5,0.874105
civilization_recursive_gv,813,0.2,1.0,0.946522,1.0,0.935827,0.65,0.625,5,0.871356
civilization_recursive_gv,814,0.2,0.989458,0.950201,1.0,0.940242,0.65,0.625,5,0.870616
civilization_recursive_gv,815,0.2,0.996385,0.96568,1.0,0.958816,0.65,0.625,5,0.87776
civilization_recursive_gv,816,0.2,0.999081,0.969491,1.0,0.96339,0.65,0.625,5,0.879717
civilization_recursive_gv,817,0.2,0.977722,0.965178,0.99958,0.958297,0.65,0.625,5,0.873787
civilization_recursive_gv,818,0.2,0.948921,0.961764,0.99957,0.954203,0.65,0.625,5,0.866755
civilization_recursive_gv,819,0.2,0.941746,0.963045,1.0,0.955655,0.65,0.625,5,0.865852
civilization_recursive_gv,820,0.2,0.95352,0.96439,0.994771,0.958313,0.65,0.625,5,0.868038
civilization_recursive_gv,821,0.2,0.952616,0.972032,0.98997,0.968444,0.65,0.625,5,0.870085
civilization_recursive_gv,822,0.2,0.954172,0.984746,0.992582,0.983179,0.65,0.625,5,0.875461
civilization_recursive_gv,823,0.2,0.960863,0.989778,0.990401,0.989654,0.65,0.625,5,0.878391
civilization_recursive_gv,824,0.2,0.965952,0.990435,0.98156,0.979785,0.65,0.625,5,0.876534
civilization_recursive_gv,825,0.2,0.961656,0.9816,0.979946,0.979615,0.65,0.625,5,0.873799
civilization_recursive_gv,826,0.2,0.97212,0.987777,0.982102,0.980967,0.65,0.625,5,0.877565
civilization_recursive_gv,827,0.2,0.973709,0.981477,0.977153,0.976288,0.65,0.625,5,0.875208
civilization_recursive_gv,828,0.2,0.98572,0.988437,0.97129,0.967861,0.65,0.625,5,0.876577
civilization_recursive_gv,829,0.2,0.983299,0.987819,0.968849,0.965055,0.65,0.625,5,0.875142
civilization_recursive_gv,830,0.2,0.983948,0.989445,0.971036,0.967354,0.65,0.625,5,0.876282
civilization_recursive_gv,831,0.2,0.985616,0.996103,0.980654,0.977564,0.65,0.625,5,0.880987
civilization_recursive_gv,832,0.2,0.974268,0.996581,0.987831,0.986081,0.65,0.625,5,0.881314
civilization_recursive_gv,833,0.2,0.98051,0.988512,0.984728,0.983971,0.65,0.625,5,0.880276
civilization_recursive_gv,834,0.2,0.98017,0.975837,0.993136,0.972377,0.65,0.625,5,0.877417
civilization_recursive_gv,835,0.2,0.982095,0.967414,0.995576,0.961782,0.65,0.625,5,0.874981
civilization_recursive_gv,836,0.2,0.986701,0.975404,0.992784,0.971928,0.65,0.625,5,0.878517
civilization_recursive_gv,837,0.2,0.986934,0.964508,1.0,0.957409,0.65,0.625,5,0.875434
civilization_recursive_gv,838,0.2,0.994668,0.962697,0.990741,0.957088,0.65,0.625,5,0.875122
civilization_recursive_gv,839,0.2,0.986476,0.965797,0.99365,0.960227,0.65,0.625,5,0.875009
civilization_recursive_gv,840,0.2,0.980999,0.965823,0.988121,0.961363,0.65,0.625,5,0.873215
civilization_recursive_gv,841,0.2,0.986371,0.966617,0.985032,0.962934,0.65,0.625,5,0.87419
civilization_recursive_gv,842,0.2,0.976755,0.958251,0.984944,0.952912,0.65,0.625,5,0.869143
civilization_recursive_gv,843,0.2,0.986335,0.963255,0.985528,0.9588,0.65,0.625,5,0.872995
civilization_recursive_gv,844,0.2,0.990993,0.976868,0.987438,0.974754,0.65,0.625,5,0.879236
civilization_recursive_gv,845,0.2,0.993381,0.961781,0.987582,0.95662,0.65,0.625,5,0.874119
civilization_recursive_gv,846,0.2,0.998998,0.964604,0.991812,0.959162,0.65,0.625,5,0.876834
civilization_recursive_gv,847,0.2,1.0,0.968244,0.990137,0.963866,0.65,0.625,5,0.878174
civilization_recursive_gv,848,0.2,1.0,0.972193,0.991319,0.968368,0.65,0.625,5,0.879795
civilization_recursive_gv,849,0.2,1.0,0.9714,0.991347,0.967411,0.65,0.625,5,0.879503
civilization_recursive_gv,850,0.2,1.0,0.965281,0.994956,0.959346,0.65,0.625,5,0.877689
civilization_recursive_gv,851,0.2,0.995314,0.97153,0.989122,0.968011,0.65,0.625,5,0.878329
civilization_recursive_gv,852,0.2,0.996925,0.962409,0.997602,0.95537,0.65,0.625,5,0.876344
civilization_recursive_gv,853,0.2,1.0,0.969467,1.0,0.963361,0.65,0.625,5,0.879892
civilization_recursive_gv,854,0.2,1.0,0.972519,0.997943,0.967434,0.65,0.625,5,0.880764
civilization_recursive_gv,855,0.2,1.0,0.981534,1.0,0.977841,0.65,0.625,5,0.884381
civilization_recursive_gv,856,0.2,1.0,0.980176,0.987448,0.978722,0.65,0.625,5,0.882269
civilization_recursive_gv,857,0.2,0.993237,0.991396,0.994673,0.99074,0.65,0.625,5,0.886015
civilization_recursive_gv,858,0.2,0.997712,1.0,1.0,1.0,0.65,0.625,5,0.890792
civilization_recursive_gv,859,0.2,1.0,1.0,1.0,1.0,0.65,0.625,5,0.89125
civilization_recursive_gv,860,0.2,0.987402,0.998273,1.0,0.997928,0.65,0.625,5,0.888088
civilization_recursive_gv,861,0.2,0.976844,1.0,0.995018,0.994021,0.65,0.625,5,0.884865
civilization_recursive_gv,862,0.2,0.985123,0.997627,0.989369,0.987718,0.65,0.625,5,0.884181
civilization_recursive_gv,863,0.2,0.992907,0.998603,0.998467,0.99844,0.65,0.625,5,0.889085
civilization_recursive_gv,864,0.2,0.988743,0.99263,0.997861,0.991584,0.65,0.625,5,0.885983
civilization_recursive_gv,865,0.2,1.0,0.99297,1.0,0.991565,0.65,0.625,5,0.888635
civilization_recursive_gv,866,0.2,0.994547,0.985322,0.996963,0.982994,0.65,0.625,5,0.884311
civilization_recursive_gv,867,0.2,1.0,0.988354,0.996471,0.986731,0.65,0.625,5,0.886466
civilization_recursive_gv,868,0.2,0.990382,0.987846,1.0,0.985415,0.65,0.625,5,0.884805
civilization_recursive_gv,869,0.2,1.0,0.992888,1.0,0.991465,0.65,0.625,5,0.888604
civilization_recursive_gv,870,0.2,1.0,0.990151,0.999307,0.988319,0.65,0.625,5,0.887497
civilization_recursive_gv,871,0.2,1.0,0.99039,1.0,0.988468,0.65,0.625,5,0.887675
civilization_recursive_gv,872,0.2,1.0,0.977692,0.992698,0.974691,0.65,0.625,5,0.882017
civilization_recursive_gv,873,0.2,1.0,0.977637,0.984088,0.976347,0.65,0.625,5,0.880894
civilization_recursive_gv,874,0.2,0.991219,0.969879,0.996511,0.964553,0.65,0.625,5,0.877842
civilization_recursive_gv,875,0.2,0.993404,0.970135,0.995096,0.965142,0.65,0.625,5,0.878193
civilization_recursive_gv,876,0.2,0.991719,0.972964,1.0,0.967557,0.65,0.625,5,0.879537
civilization_recursive_gv,877,0.2,0.982767,0.979626,1.0,0.975551,0.65,0.625,5,0.880224
civilization_recursive_gv,878,0.2,0.985024,0.983609,1.0,0.980331,0.65,0.625,5,0.882157
civilization_recursive_gv,879,0.2,0.97892,0.996009,0.988424,0.986907,0.65,0.625,5,0.882369
civilization_recursive_gv,880,0.2,0.982654,0.999974,0.984487,0.981389,0.65,0.625,5,0.882316
civilization_recursive_gv,881,0.2,0.98259,0.992858,0.978337,0.975432,0.65,0.625,5,0.879085
civilization_recursive_gv,882,0.2,0.970618,1.0,0.985215,0.982258,0.65,0.625,5,0.880169
civilization_recursive_gv,883,0.2,0.985189,0.997889,0.980398,0.9769,0.65,0.625,5,0.881076
civilization_recursive_gv,884,0.2,0.98274,1.0,0.97596,0.971152,0.65,0.625,5,0.879336
civilization_recursive_gv,885,0.2,0.979103,1.0,0.984326,0.981191,0.65,0.625,5,0.881553
civilization_recursive_gv,886,0.2,0.969121,1.0,0.989148,0.986977,0.65,0.625,5,0.881254
civilization_recursive_gv,887,0.2,0.983577,0.99181,0.995028,0.991166,0.65,0.625,5,0.884282
civilization_recursive_gv,888,0.2,0.98923,0.977708,0.993598,0.97453,0.65,0.625,5,0.879984
civilization_recursive_gv,889,0.2,0.989523,0.985842,1.0,0.98301,0.65,0.625,5,0.883888
civilization_recursive_gv,890,0.2,0.996915,0.980268,1.0,0.976322,0.65,0.625,5,0.883293
civilization_recursive_gv,891,0.2,0.991033,0.985522,0.996968,0.983233,0.65,0.625,5,0.883683
civilization_recursive_gv,892,0.2,0.997486,0.980897,0.991729,0.978731,0.65,0.625,5,0.882582
civilization_recursive_gv,893,0.2,0.999155,0.972688,0.997086,0.967809,0.65,0.625,5,0.880548
civilization_recursive_gv,894,0.2,0.98873,0.958382,1.0,0.950058,0.65,0.625,5,0.873514
civilization_recursive_gv,895,0.2,0.97958,0.963342,1.0,0.95601,0.65,0.625,5,0.873529
civilization_recursive_gv,896,0.2,0.987681,0.976661,1.0,0.971993,0.65,0.625,5,0.880104
civilization_recursive_gv,897,0.2,0.990994,0.974629,0.999665,0.969622,0.65,0.625,5,0.879968
civilization_recursive_gv,898,0.2,0.981734,0.970698,0.991107,0.966616,0.65,0.625,5,0.875558
civilization_recursive_gv,899,0.2,0.983198,0.967573,0.99627,0.961833,0.65,0.625,5,0.875349
civilization_recursive_gv,900,0.95,0.981479,0.973131,1.0,0.967758,0.65,0.625,5,0.877551
civilization_recursive_gv,901,0.2,0.984136,0.969184,0.998816,0.963258,0.65,0.625,5,0.876462
civilization_recursive_gv,902,0.2,0.989419,0.971921,1.0,0.966306,0.65,0.625,5,0.878688
civilization_recursive_gv,903,0.2,0.993325,0.975986,1.0,0.971183,0.65,0.625,5,0.880982
civilization_recursive_gv,904,0.2,1.0,0.968731,0.997415,0.962994,0.65,0.625,5,0.879287
civilization_recursive_gv,905,0.2,0.990701,0.967831,0.998814,0.961634,0.65,0.625,5,0.877271
civilization_recursive_gv,906,0.2,0.988343,0.958209,1.0,0.949851,0.65,0.625,5,0.873372
civilization_recursive_gv,907,0.2,0.99015,0.96073,1.0,0.952876,0.65,0.625,5,0.874671
civilization_recursive_gv,908,0.2,0.978441,0.969651,1.0,0.963581,0.65,0.625,5,0.875649
civilization_recursive_gv,909,0.2,0.978292,0.951854,0.992536,0.943718,0.65,0.625,5,0.868043
civilization_recursive_gv,910,0.2,0.988697,0.957527,0.992283,0.950576,0.65,0.625,5,0.872202
civilization_recursive_gv,911,0.2,0.997538,0.956311,1.0,0.947573,0.65,0.625,5,0.874505
civilization_recursive_gv,912,0.2,0.986563,0.954964,0.995448,0.946867,0.65,0.625,5,0.871227
civilization_recursive_gv,913,0.2,0.993748,0.955976,0.995521,0.948067,0.65,0.625,5,0.873049
civilization_recursive_gv,914,0.2,0.976049,0.948073,0.99333,0.939021,0.65,0.625,5,0.866289
civilization_recursive_gv,915,0.2,0.974995,0.9579,0.993064,0.950867,0.65,0.625,5,0.8697
civilization_recursive_gv,916,0.2,0.96945,0.9693,1.0,0.96316,0.65,0.625,5,0.87372
civilization_recursive_gv,917,0.2,0.95775,0.97197,1.0,0.966364,0.65,0.625,5,0.872373
civilization_recursive_gv,918,0.2,0.95399,0.970551,0.996162,0.965428,0.65,0.625,5,0.870602
civilization_recursive_gv,919,0.2,0.965718,0.97664,0.994556,0.973056,0.65,0.625,5,0.875007
civilization_recursive_gv,920,0.2,0.969636,0.991328,0.999938,0.989606,0.65,0.625,5,0.881943
civilization_recursive_gv,921,0.2,0.97074,0.988955,1.0,0.986746,0.65,0.625,5,0.881289
civilization_recursive_gv,922,0.2,0.960846,0.984276,1.0,0.981132,0.65,0.625,5,0.87757
civilization_recursive_gv,923,0.2,0.944879,0.979167,1.0,0.975,0.65,0.625,5,0.872476
civilization_recursive_gv,924,0.2,0.93155,0.978106,1.0,0.973727,0.65,0.625,5,0.869415
civilization_recursive_gv,925,0.2,0.945009,0.979191,0.997764,0.975476,0.65,0.625,5,0.872225
civilization_recursive_gv,926,0.2,0.942732,0.983998,1.0,0.980798,0.65,0.625,5,0.873844
civilization_recursive_gv,927,0.2,0.947909,0.992088,1.0,0.990506,0.65,0.625,5,0.877889
civilization_recursive_gv,928,0.2,0.942896,0.991862,0.997115,0.990812,0.65,0.625,5,0.876433
civilization_recursive_gv,929,0.2,0.93558,0.990151,0.986035,0.985212,0.65,0.625,5,0.871993
civilization_recursive_gv,930,0.2,0.946354,0.995881,0.991288,0.990369,0.65,0.625,5,0.876845
civilization_recursive_gv,931,0.2,0.952752,0.999679,0.995596,0.99478,0.65,0.625,5,0.880203
civilization_recursive_gv,932,0.2,0.95195,1.0,0.993701,0.992441,0.65,0.625,5,0.879423
civilization_recursive_gv,933,0.2,0.94287,1.0,0.999306,0.999167,0.65,0.625,5,0.87958
civilization_recursive_gv,934,0.2,0.965789,0.994481,1.0,0.993378,0.65,0.625,5,0.882355
civilization_recursive_gv,935,0.2,0.975114,0.998561,1.0,0.998273,0.65,0.625,5,0.885737
civilization_recursive_gv,936,0.2,0.989217,1.0,0.994887,0.993864,0.65,0.625,5,0.887294
civilization_recursive_gv,937,0.2,0.977639,1.0,0.99637,0.995644,0.65,0.625,5,0.8855
civilization_recursive_gv,938,0.2,0.977564,0.988862,1.0,0.986635,0.65,0.625,5,0.88262
civilization_recursive_gv,939,0.2,0.970362,0.996038,1.0,0.995245,0.65,0.625,5,0.883848
civilization_recursive_gv,940,0.2,0.970368,0.997573,0.993334,0.992486,0.65,0.625,5,0.882618
civilization_recursive_gv,941,0.2,0.985424,0.996845,0.988489,0.986818,0.65,0.625,5,0.883816
civilization_recursive_gv,942,0.2,0.994806,0.985075,0.990328,0.984025,0.65,0.625,5,0.883421
civilization_recursive_gv,943,0.2,1.0,0.988917,0.998487,0.987003,0.65,0.625,5,0.886934
civilization_recursive_gv,944,0.2,0.999793,0.994765,1.0,0.993718,0.65,0.625,5,0.889261
civilization_recursive_gv,945,0.2,1.0,0.997075,1.0,0.99649,0.65,0.625,5,0.890162
civilization_recursive_gv,946,0.2,1.0,0.999048,1.0,0.998857,0.65,0.625,5,0.890896
civilization_recursive_gv,947,0.2,0.999377,0.994034,0.997165,0.993408,0.65,0.625,5,0.888543
civilization_recursive_gv,948,0.2,0.994528,0.99987,0.999822,0.999813,0.65,0.625,5,0.890074
civilization_recursive_gv,949,0.2,0.990218,0.994887,1.0,0.993865,0.65,0.625,5,0.887392
civilization_recursive_gv,950,0.2,0.989398,0.999217,1.0,0.999061,0.65,0.625,5,0.888838
civilization_recursive_gv,951,0.2,1.0,0.996776,1.0,0.996131,0.65,0.625,5,0.890051
civilization_recursive_gv,952,0.2,1.0,0.995749,0.988149,0.986628,0.65,0.625,5,0.886449
civilization_recursive_gv,953,0.2,0.985409,0.994114,0.995094,0.993918,0.65,0.625,5,0.885514
civilization_recursive_gv,954,0.2,0.978979,0.999075,0.99373,0.99266,0.65,0.625,5,0.884702
civilization_recursive_gv,955,0.2,0.989979,0.992097,0.991141,0.99095,0.65,0.625,5,0.884958
civilization_recursive_gv,956,0.2,0.980923,1.0,0.990079,0.988095,0.65,0.625,5,0.883943
civilization_recursive_gv,957,0.2,0.988702,0.999086,0.987473,0.98515,0.65,0.625,5,0.884446
civilization_recursive_gv,958,0.2,0.995204,0.993192,0.980592,0.978072,0.65,0.625,5,0.882452
civilization_recursive_gv,959,0.2,0.990125,0.995501,0.979903,0.976783,0.65,0.625,5,0.881535
civilization_recursive_gv,960,0.2,1.0,0.995111,0.978304,0.974943,0.65,0.625,5,0.88289
civilization_recursive_gv,961,0.2,0.996772,0.991223,0.975893,0.972828,0.65,0.625,5,0.88082
civilization_recursive_gv,962,0.2,1.0,0.989388,0.982434,0.981043,0.65,0.625,5,0.883496
civilization_recursive_gv,963,0.2,1.0,0.997446,0.996326,0.996103,0.65,0.625,5,0.889579
civilization_recursive_gv,964,0.2,1.0,1.0,0.992671,0.991205,0.65,0.625,5,0.88867
civilization_recursive_gv,965,0.2,1.0,1.0,0.987733,0.98528,0.65,0.625,5,0.886932
civilization_recursive_gv,966,0.2,1.0,1.0,0.983846,0.980615,0.65,0.625,5,0.885564
civilization_recursive_gv,967,0.2,1.0,1.0,0.986402,0.983682,0.65,0.625,5,0.886464
civilization_recursive_gv,968,0.2,1.0,1.0,0.992411,0.990894,0.65,0.625,5,0.888579
civilization_recursive_gv,969,0.2,1.0,0.994017,0.985182,0.983415,0.65,0.625,5,0.885149
civilization_recursive_gv,970,0.2,1.0,0.996848,0.998825,0.996452,0.65,0.625,5,0.889927
civilization_recursive_gv,971,0.2,0.99818,0.990133,1.0,0.988159,0.65,0.625,5,0.887215
civilization_recursive_gv,972,0.2,0.986931,0.990533,0.994026,0.989834,0.65,0.625,5,0.88435
civilization_recursive_gv,973,0.2,0.987781,0.985357,0.991261,0.984177,0.65,0.625,5,0.882241
civilization_recursive_gv,974,0.2,0.982843,0.979705,0.9886,0.977925,0.65,0.625,5,0.878809
civilization_recursive_gv,975,0.2,0.988335,0.981457,0.996077,0.978533,0.65,0.625,5,0.881517
civilization_recursive_gv,976,0.2,0.994554,0.984655,1.0,0.981587,0.65,0.625,5,0.884453
civilization_recursive_gv,977,0.2,0.995755,0.984894,0.99387,0.983099,0.65,0.625,5,0.883997
civilization_recursive_gv,978,0.2,0.996305,0.993999,0.999526,0.992893,0.65,0.625,5,0.888218
civilization_recursive_gv,979,0.2,0.99921,0.990405,1.0,0.988486,0.65,0.625,5,0.887523
civilization_recursive_gv,980,0.2,1.0,0.982634,1.0,0.97916,0.65,0.625,5,0.88479
civilization_recursive_gv,981,0.2,1.0,0.98113,0.987127,0.979931,0.65,0.625,5,0.882583
civilization_recursive_gv,982,0.2,0.999047,0.969345,0.987747,0.965664,0.65,0.625,5,0.878087
civilization_recursive_gv,983,0.2,1.0,0.968696,0.999844,0.962466,0.65,0.625,5,0.879585
civilization_recursive_gv,984,0.2,1.0,0.968263,0.990109,0.963893,0.65,0.625,5,0.878178
civilization_recursive_gv,985,0.2,1.0,0.972731,0.988616,0.969554,0.65,0.625,5,0.879649
civilization_recursive_gv,986,0.2,1.0,0.975985,0.993984,0.972385,0.65,0.625,5,0.881546
civilization_recursive_gv,987,0.2,0.987325,0.979836,0.994092,0.976984,0.65,0.625,5,0.880458
civilization_recursive_gv,988,0.2,0.988355,0.980107,0.996755,0.976778,0.65,0.625,5,0.881105
civilization_recursive_gv,989,0.2,0.983994,0.980057,0.99132,0.977804,0.65,0.625,5,0.879519
civilization_recursive_gv,990,0.2,1.0,0.986851,0.993402,0.985541,0.65,0.625,5,0.885514
civilization_recursive_gv,991,0.2,0.994201,1.0,0.990818,0.988981,0.65,0.625,5,0.886858
civilization_recursive_gv,992,0.2,1.0,0.989481,0.999868,0.987403,0.65,0.625,5,0.88732
civilization_recursive_gv,993,0.2,0.996256,0.992912,0.993824,0.99273,0.65,0.625,5,0.887074
civilization_recursive_gv,994,0.2,0.98953,0.994166,1.0,0.993,0.65,0.625,5,0.886986
civilization_recursive_gv,995,0.2,0.987452,0.997572,0.991561,0.990359,0.65,0.625,5,0.885411
civilization_recursive_gv,996,0.2,0.984809,1.0,0.994224,0.993069,0.65,0.625,5,0.886179
civilization_recursive_gv,997,0.2,0.98539,0.995271,1.0,0.994326,0.65,0.625,5,0.886569
civilization_recursive_gv,998,0.2,0.989543,0.994726,1.0,0.993672,0.65,0.625,5,0.887197
civilization_recursive_gv,999,0.2,0.998764,1.0,1.0,1.0,0.65,0.625,5,0.891003
