system,step,escape,recovery,discipline,basin,truth,constraint,correction,coherence,inside_kernel,novelty,discoveries,missed_opportunity,survivability,extinct
strict_viability,0,0.05,0.92,0.95,0.34188,1.0,1.0,0.988294,0.991407,True,0.0,0,0.0,0.747244,False
strict_viability,1,0.05,0.92,0.95,0.343103,0.998103,0.999899,0.983552,0.98763,True,0.0,0,0.0,0.746232,False
strict_viability,2,0.05,0.92,0.95,0.349525,0.99856,1.0,0.986887,0.990158,True,0.0,0,0.0,0.749544,False
strict_viability,3,0.05,0.92,0.95,0.352675,0.992853,1.0,0.98701,0.988772,True,0.0,0,0.0,0.749564,False
strict_viability,4,0.05,0.92,0.95,0.347428,1.0,0.999073,0.984858,0.988753,True,0.0,0,0.0,0.748386,False
strict_viability,5,0.05,0.92,0.95,0.351886,1.0,1.0,0.987931,0.991141,True,0.0,0,0.0,0.750964,False
strict_viability,6,0.05,0.92,0.95,0.348835,0.996927,0.995117,0.992015,0.992962,True,0.0,0,0.0,0.749163,False
strict_viability,7,0.05,0.92,0.95,0.348123,0.991985,0.990328,0.996176,0.990737,True,0.0,0,0.0,0.747456,False
strict_viability,8,0.05,0.92,0.95,0.352669,0.98825,0.992032,0.996999,0.989382,True,0.0,0,0.0,0.74877,False
strict_viability,9,0.05,0.92,0.95,0.35984,0.98997,0.996362,0.997501,0.991793,True,0.0,0,0.0,0.752944,False
strict_viability,10,0.05,0.92,0.95,0.36509,0.98155,0.994561,0.994759,0.985036,True,0.0,0,0.0,0.751905,False
strict_viability,11,0.05,0.92,0.95,0.363089,0.991113,0.989541,1.0,0.989638,True,0.0,0,0.0,0.753248,False
strict_viability,12,0.05,0.92,0.95,0.36061,0.992376,0.993396,1.0,0.992385,True,0.0,0,0.0,0.753557,False
strict_viability,13,0.05,0.92,0.95,0.35802,0.989847,0.998756,0.998852,0.992229,True,0.0,0,0.0,0.752903,False
strict_viability,14,0.05,0.92,0.95,0.349154,0.984658,1.0,0.999744,0.988704,True,0.0,0,0.0,0.748525,False
strict_viability,15,0.05,0.92,0.95,0.345936,0.986103,1.0,0.997896,0.989468,True,0.0,0,0.0,0.747396,False
strict_viability,16,0.05,0.92,0.95,0.340841,0.984372,0.99771,0.990789,0.986327,True,0.0,0,0.0,0.743364,False
strict_viability,17,0.05,0.92,0.95,0.337285,0.98495,1.0,0.993764,0.987657,True,0.0,0,0.0,0.743105,False
strict_viability,18,0.05,0.92,0.95,0.336697,0.982895,0.999522,0.983841,0.982272,True,0.0,0,0.0,0.74039,False
strict_viability,19,0.05,0.92,0.95,0.326316,0.977462,1.0,0.978929,0.976712,True,0.0,0,0.0,0.734199,False
strict_viability,20,0.05,0.92,0.95,0.33691,0.97605,1.0,0.974005,0.973321,True,0.0,0,0.0,0.736874,False
strict_viability,21,0.05,0.92,0.95,0.32951,0.974787,1.0,0.964478,0.967072,True,0.0,0,0.0,0.731751,False
strict_viability,22,0.05,0.92,0.95,0.331611,0.972034,0.991324,0.966055,0.967306,True,0.0,0,0.0,0.730741,False
strict_viability,23,0.05,0.92,0.95,0.333673,0.973066,1.0,0.965712,0.967064,True,0.0,0,0.0,0.733195,False
strict_viability,24,0.05,0.92,0.95,0.335307,0.975253,1.0,0.971827,0.971691,True,0.0,0,0.0,0.735621,False
strict_viability,25,0.05,0.92,0.95,0.347213,0.968918,0.996161,0.967174,0.966136,True,0.0,0,0.0,0.736996,False
strict_viability,26,0.05,0.92,0.95,0.3364,0.973729,0.994952,0.959407,0.963617,True,0.0,0,0.0,0.732146,False
strict_viability,27,0.05,0.92,0.95,0.339108,0.979604,1.0,0.978197,0.977465,True,0.0,0,0.0,0.739433,False
strict_viability,28,0.05,0.92,0.95,0.331392,0.967468,1.0,0.974021,0.968556,True,0.0,0,0.0,0.732663,False
strict_viability,29,0.05,0.92,0.95,0.326695,0.967671,1.0,0.9758,0.969486,True,0.0,0,0.0,0.731275,False
strict_viability,30,0.05,0.92,0.95,0.31861,0.958664,0.997082,0.976257,0.963987,True,0.0,0,0.0,0.72546,False
strict_viability,31,0.05,0.92,0.95,0.319852,0.965892,0.99418,0.969911,0.966039,True,0.0,0,0.0,0.726069,False
strict_viability,32,0.05,0.92,0.95,0.31425,0.979761,0.989439,0.975911,0.976866,True,0.0,0,0.0,0.727723,False
strict_viability,33,0.05,0.92,0.95,0.321903,0.982722,0.98884,0.976442,0.978366,True,0.0,0,0.0,0.73131,False
strict_viability,34,0.05,0.92,0.95,0.325671,0.980549,0.981845,0.969533,0.972614,True,0.0,0,0.0,0.729434,False
strict_viability,35,0.05,0.92,0.95,0.338504,0.982135,0.981718,0.972229,0.974806,True,0.0,0,0.0,0.735214,False
strict_viability,36,0.05,0.92,0.95,0.340459,0.980244,0.988945,0.975696,0.976956,True,0.0,0,0.0,0.737661,False
strict_viability,37,0.05,0.92,0.95,0.342125,0.973534,0.981092,0.986384,0.975854,True,0.0,0,0.0,0.737036,False
strict_viability,38,0.05,0.92,0.95,0.340889,0.972087,0.990469,0.98018,0.974518,True,0.0,0,0.0,0.736965,False
strict_viability,39,0.05,0.92,0.95,0.346235,0.970618,0.990745,0.979838,0.973408,True,0.0,0,0.0,0.738601,False
strict_viability,40,0.05,0.92,0.95,0.357695,0.972108,0.994907,0.968186,0.968386,True,0.0,0,0.0,0.741739,False
strict_viability,41,0.05,0.92,0.95,0.351149,0.965693,0.989802,0.967206,0.964862,True,0.0,0,0.0,0.736618,False
strict_viability,42,0.05,0.92,0.95,0.340738,0.966981,0.987225,0.966296,0.965248,True,0.0,0,0.0,0.732349,False
strict_viability,43,0.05,0.92,0.95,0.345243,0.976069,0.98671,0.963205,0.96716,True,0.0,0,0.0,0.7354,False
strict_viability,44,0.05,0.92,0.95,0.347383,0.977899,0.980631,0.964933,0.968667,True,0.0,0,0.0,0.735872,False
strict_viability,45,0.05,0.92,0.95,0.367723,0.989872,0.976135,0.964338,0.967913,True,0.0,0,0.0,0.744773,False
strict_viability,46,0.05,0.92,0.95,0.363197,0.992091,0.984139,0.961112,0.967948,True,0.0,0,0.0,0.744446,False
strict_viability,47,0.05,0.92,0.95,0.346219,0.99137,0.978275,0.959187,0.965045,True,0.0,0,0.0,0.736191,False
strict_viability,48,0.05,0.92,0.95,0.35541,0.991082,0.968428,0.951699,0.956685,True,0.0,0,0.0,0.735808,False
strict_viability,49,0.05,0.92,0.95,0.345311,0.984789,0.980467,0.970685,0.973632,True,0.0,0,0.0,0.737696,False
strict_viability,50,0.05,0.92,0.95,0.342565,0.987328,0.991468,0.965708,0.971901,True,0.0,0,0.0,0.738185,False
strict_viability,51,0.05,0.92,0.95,0.348983,0.990345,0.989485,0.966009,0.972363,True,0.0,0,0.0,0.740908,False
strict_viability,52,0.05,0.92,0.95,0.347278,0.989057,0.991217,0.963771,0.970757,True,0.0,0,0.0,0.739834,False
strict_viability,53,0.05,0.92,0.95,0.35558,0.990342,0.99361,0.965257,0.972304,True,0.0,0,0.0,0.744044,False
strict_viability,54,0.05,0.92,0.95,0.350007,0.992552,0.993232,0.978935,0.982642,True,0.0,0,0.0,0.745412,False
strict_viability,55,0.05,0.92,0.95,0.353294,0.988214,0.986776,0.98676,0.98667,True,0.0,0,0.0,0.746297,False
strict_viability,56,0.05,0.92,0.95,0.357335,0.978126,0.992766,0.989913,0.981548,True,0.0,0,0.0,0.746921,False
strict_viability,57,0.05,0.92,0.95,0.353763,0.980412,0.993314,0.988485,0.98288,True,0.0,0,0.0,0.746034,False
strict_viability,58,0.05,0.92,0.95,0.351947,0.981958,1.0,0.973455,0.97573,True,0.0,0,0.0,0.743864,False
strict_viability,59,0.05,0.92,0.95,0.353559,0.984315,0.997769,0.96377,0.970068,True,0.0,0,0.0,0.742463,False
strict_viability,60,0.05,0.92,0.95,0.367578,0.975617,1.0,0.962965,0.966463,True,0.0,0,0.0,0.746081,False
strict_viability,61,0.05,0.92,0.95,0.359355,0.974396,1.0,0.967654,0.968839,True,0.0,0,0.0,0.743678,False
strict_viability,62,0.05,0.92,0.95,0.368974,0.977855,1.0,0.971329,0.972632,True,0.0,0,0.0,0.748926,False
strict_viability,63,0.05,0.92,0.95,0.366801,0.978967,0.995815,0.97819,0.977412,True,0.0,0,0.0,0.749081,False
strict_viability,64,0.05,0.92,0.95,0.37326,0.9785,1.0,0.983397,0.979479,True,0.0,0,0.0,0.753182,False
strict_viability,65,0.05,0.92,0.95,0.379306,0.96976,0.999598,0.9769,0.971273,True,0.0,0,0.0,0.75194,False
strict_viability,66,0.05,0.92,0.95,0.391596,0.974559,0.995418,0.971561,0.971494,True,0.0,0,0.0,0.756,False
strict_viability,67,0.05,0.92,0.95,0.382064,0.971352,0.997437,0.979409,0.973463,True,0.0,0,0.0,0.753499,False
strict_viability,68,0.05,0.92,0.95,0.363933,0.9741,0.997952,0.982555,0.976476,True,0.0,0,0.0,0.747999,False
strict_viability,69,0.05,0.92,0.95,0.347628,0.971388,1.0,0.973628,0.970628,True,0.0,0,0.0,0.739731,False
strict_viability,70,0.05,0.92,0.95,0.350774,0.977388,0.996574,0.979359,0.977116,True,0.0,0,0.0,0.742972,False
strict_viability,71,0.05,0.92,0.95,0.352837,0.979523,0.998307,0.974844,0.975606,True,0.0,0,0.0,0.743638,False
strict_viability,72,0.05,0.92,0.95,0.351817,0.982483,1.0,0.969303,0.973241,True,0.0,0,0.0,0.743029,False
strict_viability,73,0.05,0.92,0.95,0.363869,0.978585,0.995066,0.971505,0.973329,True,0.0,0,0.0,0.746338,False
strict_viability,74,0.05,0.92,0.95,0.36416,0.987248,1.0,0.977473,0.980401,True,0.0,0,0.0,0.75058,False
strict_viability,75,0.05,0.92,0.95,0.382982,0.986428,0.987979,0.987824,0.986818,True,0.0,0,0.0,0.75764,False
strict_viability,76,0.05,0.92,0.95,0.384045,0.994722,0.978752,0.980707,0.978681,True,0.0,0,0.0,0.755903,False
strict_viability,77,0.05,0.92,0.95,0.377891,0.99753,0.982582,0.982985,0.981789,True,0.0,0,0.0,0.755451,False
strict_viability,78,0.05,0.92,0.95,0.359611,0.997936,0.980312,0.98629,0.981959,True,0.0,0,0.0,0.748652,False
strict_viability,79,0.05,0.92,0.95,0.360917,1.0,0.982321,0.989911,0.984589,True,0.0,0,0.0,0.750704,False
strict_viability,80,0.05,0.92,0.95,0.27968,1.0,0.987814,0.987874,0.987025,True,0.0,0,0.0,0.72083,False
strict_viability,81,0.05,0.92,0.95,0.277753,0.999295,0.993183,0.976306,0.981331,True,0.0,0,0.0,0.718635,False
strict_viability,82,0.05,0.92,0.95,0.266096,0.985316,0.989333,0.981566,0.982709,True,0.0,0,0.0,0.711897,False
strict_viability,83,0.05,0.92,0.95,0.267878,0.992324,0.997643,0.981744,0.984954,True,0.0,0,0.0,0.715626,False
strict_viability,84,0.05,0.92,0.95,0.267293,1.0,0.998271,0.977308,0.983093,True,0.0,0,0.0,0.716054,False
strict_viability,85,0.05,0.92,0.95,0.255649,0.994671,0.996179,0.98286,0.986175,True,0.0,0,0.0,0.711441,False
strict_viability,86,0.05,0.92,0.95,0.244791,0.9972,0.990059,0.98626,0.987318,True,0.0,0,0.0,0.707282,False
strict_viability,87,0.05,0.92,0.95,0.230344,1.0,0.986749,0.983499,0.984016,True,0.0,0,0.0,0.700917,False
strict_viability,88,0.05,0.92,0.95,0.22531,1.0,0.98604,0.986002,0.98508,True,0.0,0,0.0,0.699355,False
strict_viability,89,0.05,0.92,0.95,0.236075,0.997943,0.977628,0.992856,0.98214,True,0.0,0,0.0,0.702168,False
strict_viability,90,0.05,0.92,0.95,0.245192,1.0,0.977562,0.995179,0.982716,True,0.0,0,0.0,0.706385,False
strict_viability,91,0.05,0.92,0.95,0.262008,1.0,0.979245,1.0,0.984766,True,0.0,0,0.0,0.713999,False
strict_viability,92,0.05,0.92,0.95,0.264872,0.999845,0.981797,0.995,0.985731,True,0.0,0,0.0,0.714935,False
strict_viability,93,0.05,0.92,0.95,0.248488,0.993146,0.979631,0.993402,0.983259,True,0.0,0,0.0,0.706593,False
strict_viability,94,0.05,0.92,0.95,0.257536,0.987594,0.982373,0.991172,0.983976,True,0.0,0,0.0,0.709299,False
strict_viability,95,0.05,0.92,0.95,0.259219,0.991708,0.980905,0.997839,0.984201,True,0.0,0,0.0,0.711375,False
strict_viability,96,0.05,0.92,0.95,0.25947,1.0,0.982859,1.0,0.987418,True,0.0,0,0.0,0.714003,False
strict_viability,97,0.05,0.92,0.95,0.264316,0.999659,0.982388,0.995323,0.986221,True,0.0,0,0.0,0.7149,False
strict_viability,98,0.05,0.92,0.95,0.257704,1.0,0.989467,0.997673,0.991873,True,0.0,0,0.0,0.71473,False
strict_viability,99,0.05,0.92,0.95,0.261535,0.998148,0.99542,0.986759,0.989316,True,0.0,0,0.0,0.71509,False
strict_viability,100,0.05,0.92,0.95,0.245809,0.989237,1.0,0.992557,0.990106,True,0.0,0,0.0,0.709241,False
strict_viability,101,0.05,0.92,0.95,0.233989,0.971797,0.996739,1.0,0.978804,True,0.0,0,0.0,0.700709,False
strict_viability,102,0.05,0.92,0.95,0.229712,0.975495,0.987478,0.998216,0.979175,True,0.0,0,0.0,0.697877,False
strict_viability,103,0.05,0.92,0.95,0.229223,0.981029,0.989949,1.0,0.983739,True,0.0,0,0.0,0.69993,False
strict_viability,104,0.05,0.92,0.95,0.236606,0.991414,0.984452,0.994674,0.986556,True,0.0,0,0.0,0.703207,False
strict_viability,105,0.05,0.92,0.95,0.235275,1.0,0.982298,1.0,0.987006,True,0.0,0,0.0,0.704659,False
strict_viability,106,0.05,0.92,0.95,0.237541,1.0,0.980697,0.994353,0.984795,True,0.0,0,0.0,0.704176,False
strict_viability,107,0.05,0.92,0.95,0.24136,0.990605,0.985143,0.991302,0.986676,True,0.0,0,0.0,0.704535,False
strict_viability,108,0.05,0.92,0.95,0.222406,0.986189,0.975503,0.986625,0.9784,True,0.0,0,0.0,0.693154,False
strict_viability,109,0.05,0.92,0.95,0.221172,0.985113,0.975337,0.988276,0.978227,True,0.0,0,0.0,0.692672,False
strict_viability,110,0.05,0.92,0.95,0.227027,0.989568,0.978441,0.991993,0.981652,True,0.0,0,0.0,0.697189,False
strict_viability,111,0.05,0.92,0.95,0.243507,0.989382,0.977293,0.98773,0.980252,True,0.0,0,0.0,0.702447,False
strict_viability,112,0.05,0.92,0.95,0.233751,0.984391,0.9776,0.99013,0.979687,True,0.0,0,0.0,0.698165,False
strict_viability,113,0.05,0.92,0.95,0.227827,0.990295,0.982758,0.98949,0.984642,True,0.0,0,0.0,0.698409,False
strict_viability,114,0.05,0.92,0.95,0.232415,0.991735,0.974624,0.989421,0.978817,True,0.0,0,0.0,0.698239,False
strict_viability,115,0.05,0.92,0.95,0.225417,0.99314,0.966712,0.997779,0.974246,True,0.0,0,0.0,0.69503,False
strict_viability,116,0.05,0.92,0.95,0.223597,0.995542,0.953324,0.990912,0.963857,True,0.0,0,0.0,0.690153,False
strict_viability,117,0.05,0.92,0.95,0.21522,0.999972,0.966811,0.984145,0.972132,True,0.0,0,0.0,0.690241,False
strict_viability,118,0.05,0.92,0.95,0.217303,1.0,0.960546,0.98615,0.96834,True,0.0,0,0.0,0.689735,False
strict_viability,119,0.05,0.92,0.95,0.204289,0.992314,0.959274,0.983472,0.966483,True,0.0,0,0.0,0.68258,False
strict_viability,120,0.05,0.92,0.95,0.206423,0.981911,0.963678,0.980539,0.968329,True,0.0,0,0.0,0.682122,False
strict_viability,121,0.05,0.92,0.95,0.201602,0.978674,0.968095,0.985743,0.971339,True,0.0,0,0.0,0.681592,False
strict_viability,122,0.05,0.92,0.95,0.188317,0.982589,0.962916,0.987614,0.968647,True,0.0,0,0.0,0.676255,False
strict_viability,123,0.05,0.92,0.95,0.192088,0.97831,0.956414,0.992296,0.963122,True,0.0,0,0.0,0.67574,False
strict_viability,124,0.05,0.92,0.95,0.187376,0.987716,0.955174,0.992737,0.964389,True,0.0,0,0.0,0.675633,False
strict_viability,125,0.05,0.92,0.95,0.182619,0.990938,0.953417,0.990501,0.963337,True,0.0,0,0.0,0.673649,False
strict_viability,126,0.05,0.92,0.95,0.174494,0.976753,0.964582,1.0,0.967956,True,0.0,0,0.0,0.671903,False
strict_viability,127,0.05,0.92,0.95,0.159199,0.975639,0.964005,0.99886,0.967186,True,0.0,0,0.0,0.665534,False
strict_viability,128,0.05,0.92,0.95,0.164036,0.97957,0.956198,1.0,0.963378,True,0.0,0,0.0,0.666377,False
strict_viability,129,0.05,0.92,0.95,0.165611,0.978204,0.956756,1.0,0.963314,True,0.0,0,0.0,0.666823,False
strict_viability,130,0.05,0.92,0.95,0.155645,0.968522,0.959135,0.997657,0.961164,True,0.0,0,0.0,0.661135,False
strict_viability,131,0.05,0.92,0.95,0.154452,0.979543,0.953829,1.0,0.961734,True,0.0,0,0.0,0.662107,False
strict_viability,132,0.05,0.92,0.95,0.147699,0.981266,0.96259,0.998057,0.968325,True,0.0,0,0.0,0.661947,False
strict_viability,133,0.05,0.92,0.95,0.147759,0.976455,0.961741,0.99763,0.966087,True,0.0,0,0.0,0.660622,False
strict_viability,134,0.05,0.92,0.95,0.135034,0.980105,0.959837,0.982318,0.965487,True,0.0,0,0.0,0.653885,False
strict_viability,135,0.05,0.92,0.95,0.137413,0.976462,0.953229,0.987902,0.960269,True,0.0,0,0.0,0.6531,False
strict_viability,136,0.05,0.92,0.95,0.156673,0.979742,0.957061,0.98729,0.963778,True,0.0,0,0.0,0.662034,False
strict_viability,137,0.05,0.92,0.95,0.161874,0.987904,0.955316,0.985087,0.963571,True,0.0,0,0.0,0.664832,False
strict_viability,138,0.05,0.92,0.95,0.1684,0.997284,0.954002,0.983019,0.962794,True,0.0,0,0.0,0.668381,False
strict_viability,139,0.05,0.92,0.95,0.166634,1.0,0.941972,0.978605,0.953159,True,0.0,0,0.0,0.66426,False
strict_viability,140,0.05,0.92,0.95,0.148272,0.994218,0.93835,0.978088,0.950263,True,0.0,0,0.0,0.655169,False
strict_viability,141,0.05,0.92,0.95,0.146511,0.988219,0.939993,0.985088,0.952372,True,0.0,0,0.0,0.654949,False
strict_viability,142,0.05,0.92,0.95,0.139426,0.99195,0.940596,0.989453,0.953904,True,0.0,0,0.0,0.653832,False
strict_viability,143,0.05,0.92,0.95,0.14524,0.985999,0.942436,0.988529,0.954338,True,0.0,0,0.0,0.655224,False
strict_viability,144,0.05,0.92,0.95,0.132932,0.990564,0.942184,0.982764,0.95381,True,0.0,0,0.0,0.650453,False
strict_viability,145,0.05,0.92,0.95,0.142156,0.977184,0.935066,0.977782,0.946346,True,0.0,0,0.0,0.648675,False
strict_viability,146,0.05,0.92,0.95,0.144617,0.982522,0.930316,0.97178,0.942406,True,0.0,0,0.0,0.648403,False
strict_viability,147,0.05,0.92,0.95,0.145283,0.986377,0.931434,0.974358,0.94401,True,0.0,0,0.0,0.650105,False
strict_viability,148,0.05,0.92,0.95,0.151705,0.991658,0.923922,0.9617,0.935536,True,0.0,0,0.0,0.649355,False
strict_viability,149,0.05,0.92,0.95,0.161407,0.985803,0.915213,0.963527,0.929803,True,0.0,0,0.0,0.649988,False
strict_viability,150,0.05,0.92,0.95,0.175988,0.989358,0.915713,0.959343,0.929104,True,0.0,0,0.0,0.655589,False
strict_viability,151,0.05,0.92,0.95,0.173794,0.98361,0.930719,0.971363,0.942682,True,0.0,0,0.0,0.659734,False
strict_viability,152,0.05,0.92,0.95,0.166627,0.989268,0.936788,0.974941,0.948173,True,0.0,0,0.0,0.660281,False
strict_viability,153,0.05,0.92,0.95,0.17191,0.994054,0.942645,0.977792,0.953261,True,0.0,0,0.0,0.665214,False
strict_viability,154,0.05,0.92,0.95,0.172779,0.990908,0.936813,0.988598,0.950878,True,0.0,0,0.0,0.665155,False
strict_viability,155,0.05,0.92,0.95,0.183852,0.992732,0.946951,0.989038,0.95859,True,0.0,0,0.0,0.672503,False
strict_viability,156,0.05,0.92,0.95,0.175305,0.995348,0.949022,0.981575,0.958805,True,0.0,0,0.0,0.669079,False
strict_viability,157,0.05,0.92,0.95,0.174867,1.0,0.956028,0.982237,0.964069,True,0.0,0,0.0,0.671736,False
strict_viability,158,0.05,0.92,0.95,0.175421,0.998783,0.95095,0.981902,0.960375,True,0.0,0,0.0,0.670323,False
strict_viability,159,0.05,0.92,0.95,0.165618,1.0,0.954877,0.971765,0.959725,True,0.0,0,0.0,0.666027,False
strict_viability,160,0.05,0.92,0.95,0.093784,1.0,0.962485,0.972907,0.965024,True,0.0,0,0.0,0.640895,False
strict_viability,161,0.05,0.92,0.95,0.085314,1.0,0.965968,0.981504,0.970666,True,0.0,0,0.0,0.640184,False
strict_viability,162,0.05,0.92,0.95,0.084456,0.992535,0.96515,0.983403,0.970685,True,0.0,0,0.0,0.638635,False
strict_viability,163,0.05,0.92,0.95,0.080033,0.994292,0.963248,0.980169,0.968449,True,0.0,0,0.0,0.636207,False
strict_viability,164,0.05,0.92,0.95,0.077017,0.995941,0.966071,0.973971,0.967919,True,0.0,0,0.0,0.634935,False
strict_viability,165,0.05,0.92,0.95,0.088719,0.989099,0.954463,0.963638,0.956613,True,0.0,0,0.0,0.633257,False
strict_viability,166,0.05,0.92,0.95,0.089167,0.988744,0.963215,0.948772,0.952863,True,0.0,0,0.0,0.632408,False
strict_viability,167,0.05,0.92,0.95,0.101858,0.98234,0.96212,0.945904,0.950786,True,0.0,0,0.0,0.63523,False
strict_viability,168,0.05,0.92,0.95,0.099448,0.991474,0.974364,0.94563,0.954412,True,0.0,0,0.0,0.638559,False
strict_viability,169,0.05,0.92,0.95,0.099933,1.0,0.97463,0.948167,0.956278,True,0.0,0,0.0,0.640905,False
strict_viability,170,0.05,0.92,0.95,0.125564,1.0,0.971203,0.95565,0.960001,True,0.0,0,0.0,0.651522,False
strict_viability,171,0.05,0.92,0.95,0.121845,1.0,0.972317,0.95875,0.962431,True,0.0,0,0.0,0.651035,False
strict_viability,172,0.05,0.92,0.95,0.124738,1.0,0.961587,0.964077,0.960303,True,0.0,0,0.0,0.650693,False
strict_viability,173,0.05,0.92,0.95,0.1134,0.99965,0.963327,0.961073,0.959657,True,0.0,0,0.0,0.646137,False
strict_viability,174,0.05,0.92,0.95,0.102862,0.997219,0.960999,0.962047,0.959114,True,0.0,0,0.0,0.641347,False
strict_viability,175,0.05,0.92,0.95,0.094999,1.0,0.962633,0.951917,0.953998,True,0.0,0,0.0,0.637122,False
strict_viability,176,0.05,0.92,0.95,0.095101,0.998674,0.963216,0.953298,0.955173,True,0.0,0,0.0,0.637361,False
strict_viability,177,0.05,0.92,0.95,0.102882,0.99205,0.957368,0.948242,0.949846,True,0.0,0,0.0,0.636726,False
strict_viability,178,0.05,0.92,0.95,0.113041,0.989718,0.943731,0.939684,0.938422,True,0.0,0,0.0,0.635143,False
strict_viability,179,0.05,0.92,0.95,0.10878,0.987599,0.945774,0.939756,0.939624,True,0.0,0,0.0,0.633664,False
strict_viability,180,0.05,0.92,0.95,0.103571,0.982824,0.950393,0.932482,0.937523,True,0.0,0,0.0,0.630387,False
strict_viability,181,0.05,0.92,0.95,0.104592,0.982493,0.96152,0.930923,0.940313,True,0.0,0,0.0,0.632834,False
strict_viability,182,0.05,0.92,0.95,0.102988,0.975394,0.963179,0.92669,0.937501,True,0.0,0,0.0,0.630315,False
strict_viability,183,0.05,0.92,0.95,0.106365,0.97952,0.960632,0.934975,0.942858,True,0.0,0,0.0,0.633685,False
strict_viability,184,0.05,0.92,0.95,0.118055,0.983356,0.97008,0.925784,0.938817,True,0.0,0,0.0,0.638747,False
strict_viability,185,0.05,0.92,0.95,0.111319,0.984607,0.967615,0.927177,0.939324,True,0.0,0,0.0,0.636225,False
strict_viability,186,0.05,0.92,0.95,0.110161,0.987586,0.967264,0.929976,0.94133,True,0.0,0,0.0,0.63689,False
strict_viability,187,0.05,0.92,0.95,0.113948,0.994977,0.978202,0.934088,0.947262,True,0.0,0,0.0,0.642916,False
strict_viability,188,0.05,0.92,0.95,0.104941,0.994612,0.984546,0.941406,0.953905,True,0.0,0,0.0,0.642392,False
strict_viability,189,0.05,0.92,0.95,0.112232,0.99773,0.992245,0.945029,0.958227,True,0.0,0,0.0,0.648135,False
strict_viability,190,0.05,0.92,0.95,0.115119,0.980219,0.994792,0.924909,0.941053,True,0.0,0,0.0,0.641661,False
strict_viability,191,0.05,0.92,0.95,0.118933,0.983722,0.987985,0.923054,0.939714,True,0.0,0,0.0,0.642095,False
strict_viability,192,0.05,0.92,0.95,0.115261,0.997703,0.988361,0.92798,0.945081,True,0.0,0,0.0,0.644618,False
strict_viability,193,0.05,0.92,0.95,0.116509,0.991763,0.988077,0.930085,0.945966,True,0.0,0,0.0,0.644373,False
strict_viability,194,0.05,0.92,0.95,0.114662,0.987575,0.994007,0.932544,0.94793,True,0.0,0,0.0,0.644564,False
strict_viability,195,0.05,0.92,0.95,0.114013,0.989314,0.997901,0.928718,0.945807,True,0.0,0,0.0,0.644541,False
strict_viability,196,0.05,0.92,0.95,0.12305,0.987184,0.989468,0.933676,0.948197,True,0.0,0,0.0,0.647055,False
strict_viability,197,0.05,0.92,0.95,0.111005,0.988974,0.99422,0.938058,0.952221,True,0.0,0,0.0,0.644751,False
strict_viability,198,0.05,0.92,0.95,0.09997,0.991315,0.992591,0.937156,0.951726,True,0.0,0,0.0,0.640501,False
strict_viability,199,0.05,0.92,0.95,0.112005,1.0,1.0,0.938521,0.954873,True,0.0,0,0.0,0.648539,False
strict_viability,200,0.05,0.92,0.95,0.118339,1.0,1.0,0.945443,0.959954,True,0.0,0,0.0,0.652525,False
strict_viability,201,0.05,0.92,0.95,0.112705,0.997513,1.0,0.947218,0.960908,True,0.0,0,0.0,0.6503,False
strict_viability,202,0.05,0.92,0.95,0.118266,0.995344,1.0,0.951191,0.963484,True,0.0,0,0.0,0.652888,False
strict_viability,203,0.05,0.92,0.95,0.130004,0.99249,0.990069,0.946492,0.958385,True,0.0,0,0.0,0.653777,False
strict_viability,204,0.05,0.92,0.95,0.130621,0.991088,0.988368,0.951933,0.961956,True,0.0,0,0.0,0.654644,False
strict_viability,205,0.05,0.92,0.95,0.13335,0.993834,0.99244,0.940833,0.954739,True,0.0,0,0.0,0.654488,False
strict_viability,206,0.05,0.92,0.95,0.116108,0.994249,0.992655,0.949012,0.960823,True,0.0,0,0.0,0.649924,False
strict_viability,207,0.05,0.92,0.95,0.11793,0.991432,0.995803,0.947486,0.959694,True,0.0,0,0.0,0.650327,False
strict_viability,208,0.05,0.92,0.95,0.126019,0.988361,1.0,0.953241,0.96364,True,0.0,0,0.0,0.654883,False
strict_viability,209,0.05,0.92,0.95,0.134011,0.992928,1.0,0.950173,0.962323,True,0.0,0,0.0,0.658154,False
strict_viability,210,0.05,0.92,0.95,0.129909,0.996411,0.994266,0.954402,0.965274,True,0.0,0,0.0,0.657137,False
strict_viability,211,0.05,0.92,0.95,0.128477,0.997184,1.0,0.947607,0.961144,True,0.0,0,0.0,0.656317,False
strict_viability,212,0.05,0.92,0.95,0.129875,0.999742,1.0,0.951962,0.964704,True,0.0,0,0.0,0.658345,False
strict_viability,213,0.05,0.92,0.95,0.141708,0.997012,1.0,0.949643,0.962612,True,0.0,0,0.0,0.661774,False
strict_viability,214,0.05,0.92,0.95,0.133332,0.999838,1.0,0.9508,0.963864,True,0.0,0,0.0,0.659413,False
strict_viability,215,0.05,0.92,0.95,0.124615,0.998467,0.990443,0.946907,0.959351,True,0.0,0,0.0,0.653047,False
strict_viability,216,0.05,0.92,0.95,0.135367,1.0,0.987231,0.957229,0.966248,True,0.0,0,0.0,0.659103,False
strict_viability,217,0.05,0.92,0.95,0.134357,1.0,0.988014,0.959268,0.9679,True,0.0,0,0.0,0.659344,False
strict_viability,218,0.05,0.92,0.95,0.123372,0.990738,0.99232,0.95892,0.967581,True,0.0,0,0.0,0.65419,False
strict_viability,219,0.05,0.92,0.95,0.12364,0.995806,0.993649,0.956306,0.966507,True,0.0,0,0.0,0.654949,False
strict_viability,220,0.05,0.92,0.95,0.123304,1.0,0.996821,0.963555,0.972782,True,0.0,0,0.0,0.657915,False
strict_viability,221,0.05,0.92,0.95,0.132545,1.0,1.0,0.967846,0.976398,True,0.0,0,0.0,0.663033,False
strict_viability,222,0.05,0.92,0.95,0.13835,0.991865,0.995232,0.976703,0.981083,True,0.0,0,0.0,0.664719,False
strict_viability,223,0.05,0.92,0.95,0.15045,0.990497,0.988472,0.976011,0.979549,True,0.0,0,0.0,0.667573,False
strict_viability,224,0.05,0.92,0.95,0.151282,0.997605,0.986676,0.978895,0.981202,True,0.0,0,0.0,0.669447,False
strict_viability,225,0.05,0.92,0.95,0.155084,0.997701,0.982606,0.97816,0.979047,True,0.0,0,0.0,0.669815,False
strict_viability,226,0.05,0.92,0.95,0.153123,1.0,0.982576,0.9774,0.978441,True,0.0,0,0.0,0.669299,False
strict_viability,227,0.05,0.92,0.95,0.146169,0.998422,0.979022,0.986418,0.981159,True,0.0,0,0.0,0.667322,False
strict_viability,228,0.05,0.92,0.95,0.156677,0.998843,0.97992,0.986322,0.981682,True,0.0,0,0.0,0.671601,False
strict_viability,229,0.05,0.92,0.95,0.170627,0.984962,0.968558,0.983504,0.972707,True,0.0,0,0.0,0.670887,False
strict_viability,230,0.05,0.92,0.95,0.176348,0.988285,0.967265,0.990149,0.97308,True,0.0,0,0.0,0.674402,False
strict_viability,231,0.05,0.92,0.95,0.17802,0.994438,0.969955,0.987098,0.97511,True,0.0,0,0.0,0.676445,False
strict_viability,232,0.05,0.92,0.95,0.179105,0.994625,0.97976,0.972808,0.974662,True,0.0,0,0.0,0.676602,False
strict_viability,233,0.05,0.92,0.95,0.169809,0.992619,0.978884,0.964639,0.969004,True,0.0,0,0.0,0.670728,False
strict_viability,234,0.05,0.92,0.95,0.163122,1.0,0.990374,0.963307,0.971357,True,0.0,0,0.0,0.67168,False
strict_viability,235,0.05,0.92,0.95,0.154128,0.988551,0.989983,0.958502,0.966675,True,0.0,0,0.0,0.664896,False
strict_viability,236,0.05,0.92,0.95,0.141527,0.984348,0.991197,0.962035,0.96861,True,0.0,0,0.0,0.660297,False
strict_viability,237,0.05,0.92,0.95,0.131163,0.98998,0.986679,0.967055,0.972637,True,0.0,0,0.0,0.657745,False
strict_viability,238,0.05,0.92,0.95,0.120352,0.988406,0.989301,0.971794,0.976324,True,0.0,0,0.0,0.654931,False
strict_viability,239,0.05,0.92,0.95,0.132806,0.994824,0.988105,0.977203,0.980539,True,0.0,0,0.0,0.661866,False
strict_viability,240,0.05,0.92,0.95,0.06869,0.987623,0.982929,0.986846,0.984053,True,0.0,0,0.0,0.637046,False
strict_viability,241,0.05,0.92,0.95,0.058309,0.985104,0.986,0.986655,0.985379,True,0.0,0,0.0,0.633334,False
strict_viability,242,0.05,0.92,0.95,0.053116,0.98131,0.981174,1.0,0.979978,True,0.0,0,0.0,0.631028,False
strict_viability,243,0.05,0.92,0.95,0.06041,0.978977,0.980664,0.995719,0.978723,True,0.0,0,0.0,0.632539,False
strict_viability,244,0.05,0.92,0.95,0.049586,0.96879,0.967788,0.988684,0.966908,True,0.0,0,0.0,0.621871,False
strict_viability,245,0.05,0.92,0.95,0.04943,0.977539,0.971291,0.993744,0.972815,True,0.0,0,0.0,0.625435,False
strict_viability,246,0.05,0.92,0.95,0.053822,0.982634,0.968756,0.997303,0.97299,True,0.0,0,0.0,0.628084,False
strict_viability,247,0.05,0.92,0.95,0.049625,0.976457,0.962657,0.997909,0.966679,True,0.0,0,0.0,0.623607,False
strict_viability,248,0.05,0.92,0.95,0.043485,0.977374,0.967283,1.0,0.969925,True,0.0,0,0.0,0.622954,False
strict_viability,249,0.05,0.92,0.95,0.053901,0.972095,0.978438,0.996814,0.973539,True,0.0,0,0.0,0.627957,False
strict_viability,250,0.05,0.92,0.95,0.054645,0.970521,0.968286,0.995887,0.967591,True,0.0,0,0.0,0.625285,False
strict_viability,251,0.05,0.92,0.95,0.062583,0.980571,0.964526,0.997832,0.969416,True,0.0,0,0.0,0.629925,False
strict_viability,252,0.05,0.92,0.95,0.057756,0.985843,0.965437,1.0,0.971701,True,0.0,0,0.0,0.629782,False
strict_viability,253,0.05,0.92,0.95,0.06595,0.986884,0.971324,0.997317,0.976097,True,0.0,0,0.0,0.634295,False
strict_viability,254,0.05,0.92,0.95,0.065226,0.98229,0.97622,1.0,0.977595,True,0.0,0,0.0,0.634629,False
strict_viability,255,0.05,0.92,0.95,0.077722,0.991556,0.974736,1.0,0.979838,True,0.0,0,0.0,0.641047,False
strict_viability,256,0.05,0.92,0.95,0.078109,0.988229,0.98527,1.0,0.985759,True,0.0,0,0.0,0.643202,False
strict_viability,257,0.05,0.92,0.95,0.087858,0.975585,0.97366,1.0,0.972891,True,0.0,0,0.0,0.640997,False
strict_viability,258,0.05,0.92,0.95,0.090061,0.968413,0.974368,1.0,0.969279,True,0.0,0,0.0,0.640237,False
strict_viability,259,0.05,0.92,0.95,0.091619,0.966795,0.972826,0.987225,0.968331,True,0.0,0,0.0,0.638358,False
strict_viability,260,0.05,0.92,0.95,0.098583,0.958411,0.969733,0.980691,0.96188,True,0.0,0,0.0,0.63725,False
strict_viability,261,0.05,0.92,0.95,0.099211,0.947244,0.974393,0.985836,0.955401,True,0.0,0,0.0,0.63626,False
strict_viability,262,0.05,0.92,0.95,0.079565,0.942964,0.982615,0.969624,0.951038,True,0.0,0,0.0,0.626711,False
strict_viability,263,0.05,0.92,0.95,0.070325,0.949628,0.979124,0.973026,0.956453,True,0.0,0,0.0,0.624897,False
strict_viability,264,0.05,0.92,0.95,0.085215,0.950032,0.982053,0.964984,0.95457,True,0.0,0,0.0,0.629803,False
strict_viability,265,0.05,0.92,0.95,0.079331,0.948277,0.982497,0.956735,0.950132,True,0.0,0,0.0,0.625644,False
strict_viability,266,0.05,0.92,0.95,0.08727,0.9517,0.973527,0.957385,0.953012,True,0.0,0,0.0,0.628099,False
strict_viability,267,0.05,0.92,0.95,0.072447,0.946806,0.979639,0.960378,0.950824,True,0.0,0,0.0,0.622842,False
strict_viability,268,0.05,0.92,0.95,0.087523,0.95133,0.984242,0.977918,0.959043,True,0.0,0,0.0,0.633655,False
strict_viability,269,0.05,0.92,0.95,0.081339,0.955464,0.987383,0.975469,0.961578,True,0.0,0,0.0,0.632577,False
strict_viability,270,0.05,0.92,0.95,0.100018,0.95886,0.983396,0.981754,0.96515,True,0.0,0,0.0,0.640876,False
strict_viability,271,0.05,0.92,0.95,0.098195,0.963558,0.976179,0.984457,0.967427,True,0.0,0,0.0,0.640382,False
strict_viability,272,0.05,0.92,0.95,0.102125,0.962474,0.973904,0.982496,0.965987,True,0.0,0,0.0,0.640823,False
strict_viability,273,0.05,0.92,0.95,0.099302,0.96918,0.964345,0.988232,0.965154,True,0.0,0,0.0,0.63994,False
strict_viability,274,0.05,0.92,0.95,0.102518,0.963411,0.973465,0.996084,0.966039,True,0.0,0,0.0,0.642971,False
strict_viability,275,0.05,0.92,0.95,0.0906,0.969564,0.976748,0.986579,0.971702,True,0.0,0,0.0,0.639489,False
strict_viability,276,0.05,0.92,0.95,0.093716,0.97388,0.97856,0.988758,0.97512,True,0.0,0,0.0,0.642492,False
strict_viability,277,0.05,0.92,0.95,0.103724,0.957519,0.977346,0.988132,0.963556,True,0.0,0,0.0,0.641656,False
strict_viability,278,0.05,0.92,0.95,0.104678,0.966379,0.971556,0.990533,0.96733,True,0.0,0,0.0,0.64336,False
strict_viability,279,0.05,0.92,0.95,0.099502,0.976326,0.969217,0.993611,0.971011,True,0.0,0,0.0,0.643635,False
strict_viability,280,0.05,0.92,0.95,0.114601,0.980704,0.969113,0.99727,0.972541,True,0.0,0,0.0,0.650838,False
strict_viability,281,0.05,0.92,0.95,0.124261,0.979382,0.968883,0.994408,0.971987,True,0.0,0,0.0,0.653763,False
strict_viability,282,0.05,0.92,0.95,0.130019,0.981581,0.973796,0.994535,0.976033,True,0.0,0,0.0,0.657734,False
strict_viability,283,0.05,0.92,0.95,0.126868,0.995553,0.965232,1.0,0.973797,True,0.0,0,0.0,0.658007,False
strict_viability,284,0.05,0.92,0.95,0.12025,1.0,0.972324,1.0,0.979685,True,0.0,0,0.0,0.658276,False
strict_viability,285,0.05,0.92,0.95,0.118713,0.998744,0.975559,1.0,0.981882,True,0.0,0,0.0,0.658311,False
strict_viability,286,0.05,0.92,0.95,0.111621,1.0,0.981872,1.0,0.986694,True,0.0,0,0.0,0.657556,False
strict_viability,287,0.05,0.92,0.95,0.109654,0.994426,0.977247,0.990187,0.981076,True,0.0,0,0.0,0.652925,False
strict_viability,288,0.05,0.92,0.95,0.109186,0.991966,0.960246,0.983019,0.96706,True,0.0,0,0.0,0.646559,False
strict_viability,289,0.05,0.92,0.95,0.104069,0.994388,0.953182,0.992198,0.963832,True,0.0,0,0.0,0.644676,False
strict_viability,290,0.05,0.92,0.95,0.106589,1.0,0.963788,0.99061,0.971757,True,0.0,0,0.0,0.649282,False
strict_viability,291,0.05,0.92,0.95,0.104185,1.0,0.964323,0.988541,0.971646,True,0.0,0,0.0,0.648162,False
strict_viability,292,0.05,0.92,0.95,0.103471,1.0,0.966016,0.999622,0.975004,True,0.0,0,0.0,0.65015,False
strict_viability,293,0.05,0.92,0.95,0.111375,0.995652,0.961988,1.0,0.971441,True,0.0,0,0.0,0.651271,False
strict_viability,294,0.05,0.92,0.95,0.111897,0.988074,0.95505,0.991437,0.964232,True,0.0,0,0.0,0.646792,False
strict_viability,295,0.05,0.92,0.95,0.112973,0.995208,0.956417,0.97815,0.963098,True,0.0,0,0.0,0.646735,False
strict_viability,296,0.05,0.92,0.95,0.111871,1.0,0.949078,0.97651,0.957508,True,0.0,0,0.0,0.644957,False
strict_viability,297,0.05,0.92,0.95,0.11567,1.0,0.951405,0.979246,0.959961,True,0.0,0,0.0,0.647497,False
strict_viability,298,0.05,0.92,0.95,0.109395,1.0,0.944732,0.981884,0.955984,True,0.0,0,0.0,0.643804,False
strict_viability,299,0.05,0.92,0.95,0.104664,0.999864,0.942776,0.976038,0.952992,True,0.0,0,0.0,0.640452,False
strict_viability,300,0.05,0.92,0.95,0.096032,1.0,0.937718,0.981081,0.950773,True,0.0,0,0.0,0.636726,False
strict_viability,301,0.05,0.92,0.95,0.091702,0.996252,0.947674,0.983672,0.958368,True,0.0,0,0.0,0.637472,False
strict_viability,302,0.05,0.92,0.95,0.095892,0.98373,0.949101,0.996183,0.959406,True,0.0,0,0.0,0.638943,False
strict_viability,303,0.05,0.92,0.95,0.096635,0.987543,0.956113,0.984321,0.963992,True,0.0,0,0.0,0.640063,False
strict_viability,304,0.05,0.92,0.95,0.098517,0.983654,0.965398,0.982935,0.970154,True,0.0,0,0.0,0.642295,False
strict_viability,305,0.05,0.92,0.95,0.088573,0.967683,0.965108,0.982354,0.965258,True,0.0,0,0.0,0.634921,False
strict_viability,306,0.05,0.92,0.95,0.097404,0.975914,0.965209,0.970114,0.966693,True,0.0,0,0.0,0.638235,False
strict_viability,307,0.05,0.92,0.95,0.102047,0.978546,0.972218,0.964087,0.966587,True,0.0,0,0.0,0.640878,False
strict_viability,308,0.05,0.92,0.95,0.094572,0.983732,0.962989,0.959662,0.959742,True,0.0,0,0.0,0.635869,False
strict_viability,309,0.05,0.92,0.95,0.092685,0.989296,0.965602,0.960331,0.961036,True,0.0,0,0.0,0.636872,False
strict_viability,310,0.05,0.92,0.95,0.090991,0.978956,0.96189,0.964916,0.962268,True,0.0,0,0.0,0.634489,False
strict_viability,311,0.05,0.92,0.95,0.078655,0.975288,0.959627,0.963853,0.960633,True,0.0,0,0.0,0.628389,False
strict_viability,312,0.05,0.92,0.95,0.073828,0.971712,0.965556,0.969871,0.966854,True,0.0,0,0.0,0.628567,False
strict_viability,313,0.05,0.92,0.95,0.070891,0.973462,0.961766,0.96396,0.962082,True,0.0,0,0.0,0.625684,False
strict_viability,314,0.05,0.92,0.95,0.066013,0.967336,0.963969,0.969499,0.965001,True,0.0,0,0.0,0.62425,False
strict_viability,315,0.05,0.92,0.95,0.066414,0.967068,0.967179,0.970404,0.966902,True,0.0,0,0.0,0.625286,False
strict_viability,316,0.05,0.92,0.95,0.056515,0.968305,0.974408,0.958072,0.961199,True,0.0,0,0.0,0.620638,False
strict_viability,317,0.05,0.92,0.95,0.066232,0.968407,0.978534,0.955203,0.959262,True,0.0,0,0.0,0.624457,False
strict_viability,318,0.05,0.92,0.95,0.053465,0.955359,0.984881,0.950736,0.950802,True,0.0,0,0.0,0.616759,False
strict_viability,319,0.05,0.92,0.95,0.042573,0.948336,0.984325,0.947945,0.945702,True,0.0,0,0.0,0.610253,False
strict_viability,320,0.05,0.92,0.95,0.00382,0.951925,0.986261,0.959087,0.953186,True,0.0,0,0.205444,0.59898,False
strict_viability,321,0.05,0.92,0.95,0.003581,0.960269,0.994291,0.951874,0.953223,True,0.0,0,0.0,0.600831,False
strict_viability,322,0.05,0.92,0.95,0.014646,0.964597,0.995646,0.952118,0.955231,True,0.0,0,0.0,0.606333,False
strict_viability,323,0.05,0.92,0.95,0.017152,0.964223,0.995531,0.954131,0.956313,True,0.0,0,0.0,0.607609,False
strict_viability,324,0.05,0.92,0.95,0.021609,0.98286,0.985013,0.957552,0.964543,True,0.0,0,0.0,0.612231,False
strict_viability,325,0.05,0.92,0.95,0.026428,0.983691,0.990067,0.965972,0.971246,True,0.0,0,0.0,0.617105,False
strict_viability,326,0.05,0.92,0.95,0.035684,0.970151,0.999929,0.969318,0.967697,True,0.0,0,0.0,0.620003,False
strict_viability,327,0.05,0.92,0.95,0.026125,0.966127,1.0,0.970204,0.965943,True,0.0,0,0.0,0.615572,False
strict_viability,328,0.05,0.92,0.95,0.035001,0.956627,1.0,0.971213,0.960629,True,0.0,0,0.0,0.616739,False
strict_viability,329,0.05,0.92,0.95,0.023432,0.961042,0.985515,0.97603,0.965632,True,0.0,0,0.0,0.611805,False
strict_viability,330,0.05,0.92,0.95,0.02406,0.961581,0.992999,0.97573,0.96585,True,0.0,0,0.0,0.613471,False
strict_viability,331,0.05,0.92,0.95,0.020207,0.970455,0.996442,0.974198,0.970615,True,0.0,0,0.0,0.614582,False
strict_viability,332,0.05,0.92,0.95,0.00787,0.973738,0.985998,0.979539,0.975502,True,0.0,0,0.0,0.609939,False
strict_viability,333,0.05,0.92,0.95,0.027165,0.967982,0.985833,0.990988,0.973222,True,0.0,0,0.0,0.617535,False
strict_viability,334,0.05,0.92,0.95,0.021796,0.970357,0.986301,0.99297,0.975145,True,0.0,0,0.0,0.616514,False
strict_viability,335,0.05,0.92,0.95,0.021281,0.961723,0.987553,0.995896,0.969359,True,0.0,0,0.0,0.614705,False
strict_viability,336,0.05,0.92,0.95,0.008561,0.968887,0.990141,0.991673,0.974728,True,0.0,0,0.0,0.61168,False
strict_viability,337,0.05,0.92,0.95,0.0,0.963736,0.987231,0.999311,0.970871,True,0.0,0,0.0,0.607582,False
strict_viability,338,0.05,0.92,0.95,0.005322,0.961674,0.98913,0.998485,0.969818,True,0.0,0,0.0,0.609333,False
strict_viability,339,0.05,0.92,0.95,0.001243,0.953473,0.981188,0.995343,0.961887,True,0.0,0,0.0,0.603486,False
strict_viability,340,0.05,0.92,0.95,0.004725,0.952177,0.996042,0.985066,0.961919,True,0.0,0,0.0,0.605814,False
strict_viability,341,0.05,0.92,0.95,0.0,0.950756,0.997018,0.971595,0.957043,True,0.0,0,0.0,0.601468,False
strict_viability,342,0.05,0.92,0.95,0.015423,0.949621,0.998673,0.978659,0.958534,True,0.0,0,0.0,0.60859,False
strict_viability,343,0.05,0.92,0.95,0.010976,0.937589,1.0,0.978667,0.95007,True,0.0,0,0.0,0.603959,False
strict_viability,344,0.05,0.92,0.95,0.012188,0.936097,0.996829,0.982992,0.949881,True,0.0,0,0.0,0.604163,False
strict_viability,345,0.05,0.92,0.95,0.020767,0.929768,0.992955,0.995077,0.946846,True,0.0,0,0.0,0.606914,False
strict_viability,346,0.05,0.92,0.95,0.021748,0.926386,0.990007,0.995675,0.943989,True,0.0,0,0.0,0.605888,False
strict_viability,347,0.05,0.92,0.95,0.021221,0.928572,0.989042,0.987163,0.944396,True,0.0,0,0.0,0.604765,False
strict_viability,348,0.05,0.92,0.95,0.028738,0.922662,0.988258,0.982658,0.939289,True,0.0,0,0.0,0.605173,False
strict_viability,349,0.05,0.92,0.95,0.025829,0.934016,0.991675,0.975345,0.946387,True,0.0,0,0.0,0.606554,False
strict_viability,350,0.05,0.92,0.95,0.019831,0.932679,0.993826,0.973189,0.944976,True,0.0,0,0.0,0.60395,False
strict_viability,351,0.05,0.92,0.95,0.013835,0.931133,0.990087,0.970658,0.943109,True,0.0,0,0.0,0.600142,False
strict_viability,352,0.05,0.92,0.95,0.019066,0.94361,1.0,0.965419,0.949942,True,0.0,0,0.0,0.606246,False
strict_viability,353,0.05,0.92,0.95,0.009856,0.94076,0.99622,0.960189,0.946193,True,0.0,0,0.0,0.600371,False
strict_viability,354,0.05,0.92,0.95,0.008902,0.935368,1.0,0.955965,0.940863,True,0.0,0,0.0,0.598487,False
strict_viability,355,0.05,0.92,0.95,0.005491,0.937881,0.992228,0.967619,0.947022,True,0.0,0,0.0,0.598615,False
strict_viability,356,0.05,0.92,0.95,0.008066,0.9318,0.993742,0.961933,0.940995,True,0.0,0,0.0,0.597253,False
strict_viability,357,0.05,0.92,0.95,0.01474,0.934569,0.979325,0.957258,0.941519,True,0.0,0,0.0,0.597101,False
strict_viability,358,0.05,0.92,0.95,0.024643,0.943331,0.970439,0.960444,0.948557,True,0.0,0,0.0,0.602132,False
strict_viability,359,0.05,0.92,0.95,0.011576,0.945108,0.973034,0.959913,0.949655,True,0.0,0,0.0,0.598011,False
strict_viability,360,0.05,0.92,0.95,0.00917,0.944912,0.973014,0.957823,0.948821,True,0.0,0,0.0,0.596665,False
strict_viability,361,0.05,0.92,0.95,0.009053,0.94934,0.972056,0.956723,0.951331,True,0.0,0,0.0,0.597393,False
strict_viability,362,0.05,0.92,0.95,0.0,0.953834,0.972953,0.958355,0.954779,True,0.0,0,0.0,0.595565,False
strict_viability,363,0.05,0.92,0.95,0.0,0.943477,0.975466,0.959653,0.948432,True,0.0,0,0.0,0.593573,False
strict_viability,364,0.05,0.92,0.95,0.0,0.949284,0.981852,0.963856,0.953675,True,0.0,0,0.0,0.596985,False
strict_viability,365,0.05,0.92,0.95,0.0,0.955532,0.989767,0.968887,0.95942,True,0.0,0,0.0,0.600929,False
strict_viability,366,0.05,0.92,0.95,0.00559,0.962127,0.999449,0.964633,0.960924,True,0.0,0,0.0,0.605568,False
strict_viability,367,0.05,0.92,0.95,0.011769,0.963691,0.992763,0.968259,0.964054,True,0.0,0,0.0,0.607877,False
strict_viability,368,0.05,0.92,0.95,0.012672,0.966178,0.991444,0.978151,0.969819,True,0.0,0,0.0,0.610507,False
strict_viability,369,0.05,0.92,0.95,0.008174,0.967333,0.996993,0.96987,0.966655,True,0.0,0,0.0,0.608465,False
strict_viability,370,0.05,0.92,0.95,0.0,0.968581,0.99038,0.968533,0.967087,True,0.0,0,0.0,0.604258,False
strict_viability,371,0.05,0.92,0.95,0.0,0.97098,0.988894,0.973579,0.9711,True,0.0,0,0.0,0.60561,False
strict_viability,372,0.05,0.92,0.95,0.0,0.970903,0.995514,0.97679,0.97215,True,0.0,0,0.0,0.607364,False
strict_viability,373,0.05,0.92,0.95,0.005445,0.965332,1.0,0.983682,0.970968,True,0.0,0,0.0,0.61006,False
strict_viability,374,0.05,0.92,0.95,0.006903,0.965194,1.0,0.981983,0.970312,True,0.0,0,0.0,0.610273,False
strict_viability,375,0.05,0.92,0.95,0.014078,0.962944,0.996303,0.975397,0.966515,True,0.0,0,0.0,0.610552,False
strict_viability,376,0.05,0.92,0.95,0.0,0.968516,1.0,0.984741,0.973492,True,0.0,0,0.0,0.609016,False
strict_viability,377,0.05,0.92,0.95,0.005999,0.978063,0.997259,0.985841,0.980353,True,0.0,0,0.0,0.613498,False
strict_viability,378,0.05,0.92,0.95,0.008333,0.972388,0.998545,0.97693,0.972921,True,0.0,0,0.0,0.611455,False
strict_viability,379,0.05,0.92,0.95,0.016729,0.968578,0.991771,0.964736,0.964877,True,0.0,0,0.0,0.610068,False
strict_viability,380,0.05,0.92,0.95,0.012276,0.960283,0.994754,0.963172,0.959465,True,0.0,0,0.0,0.606551,False
strict_viability,381,0.05,0.92,0.95,0.008039,0.96799,0.99854,0.963578,0.963488,True,0.0,0,0.0,0.60755,False
strict_viability,382,0.05,0.92,0.95,0.0,0.969215,0.999471,0.961931,0.963057,True,0.0,0,0.0,0.604601,False
strict_viability,383,0.05,0.92,0.95,0.0,0.973265,1.0,0.945654,0.954114,True,0.0,0,0.0,0.602073,False
strict_viability,384,0.05,0.92,0.95,0.0,0.97043,1.0,0.945501,0.953042,True,0.0,0,0.0,0.601412,False
strict_viability,385,0.05,0.92,0.95,0.0,0.977543,0.988471,0.954029,0.961133,True,0.0,0,0.0,0.602783,False
strict_viability,386,0.05,0.92,0.95,0.0,0.974768,0.982739,0.960707,0.964996,True,0.0,0,0.0,0.60265,False
strict_viability,387,0.05,0.92,0.95,0.0,0.973159,0.978116,0.969733,0.970744,True,0.0,0,0.0,0.603481,False
strict_viability,388,0.05,0.92,0.95,0.013034,0.973823,0.971849,0.966644,0.968198,True,0.0,0,0.0,0.606688,False
strict_viability,389,0.05,0.92,0.95,0.003037,0.975235,0.965388,0.954636,0.957936,True,0.0,0,0.0,0.599067,False
strict_viability,390,0.05,0.92,0.95,0.0,0.97152,0.961048,0.95087,0.953979,True,0.0,0,0.0,0.595461,False
strict_viability,391,0.05,0.92,0.95,0.000651,0.973909,0.951643,0.948528,0.94842,True,0.0,0,0.0,0.593451,False
strict_viability,392,0.05,0.92,0.95,0.0,0.980197,0.945984,0.948467,0.944977,True,0.0,0,0.0,0.592895,False
strict_viability,393,0.05,0.92,0.95,0.001515,0.976992,0.946098,0.94871,0.945376,True,0.0,0,0.0,0.592996,False
strict_viability,394,0.05,0.92,0.95,0.005595,0.979163,0.947302,0.947778,0.945409,True,0.0,0,0.0,0.595028,False
strict_viability,395,0.05,0.92,0.95,0.003909,0.977994,0.949627,0.959639,0.952436,True,0.0,0,0.0,0.597099,False
strict_viability,396,0.05,0.92,0.95,0.010267,0.967344,0.952553,0.970389,0.956807,True,0.0,0,0.0,0.600154,False
strict_viability,397,0.05,0.92,0.95,0.011832,0.965032,0.954267,0.969831,0.957512,True,0.0,0,0.0,0.600648,False
strict_viability,398,0.05,0.92,0.95,0.009713,0.967349,0.951136,0.965964,0.955246,True,0.0,0,0.0,0.598883,False
strict_viability,399,0.05,0.92,0.95,0.013039,0.971672,0.9541,0.972851,0.958919,True,0.0,0,0.0,0.602863,False
strict_viability,400,0.05,0.92,0.95,0.003336,0.974407,0.955028,0.970541,0.959541,True,0.0,0,0.159643,0.599587,False
strict_viability,401,0.05,0.92,0.95,0.0,0.971236,0.959081,0.973,0.962512,True,0.0,0,0.0,0.599178,False
strict_viability,402,0.05,0.92,0.95,0.009181,0.971597,0.953733,0.981002,0.959164,True,0.0,0,0.0,0.602488,False
strict_viability,403,0.05,0.92,0.95,0.0,0.983175,0.959175,0.981553,0.965326,True,0.0,0,0.0,0.602879,False
strict_viability,404,0.05,0.92,0.95,0.001474,0.983548,0.956528,0.985638,0.963969,True,0.0,0,0.0,0.60344,False
strict_viability,405,0.05,0.92,0.95,0.001792,0.979338,0.958707,0.985682,0.964787,True,0.0,0,0.0,0.603299,False
strict_viability,406,0.05,0.92,0.95,0.0,0.983394,0.944426,0.987375,0.955262,True,0.0,0,0.0,0.599871,False
strict_viability,407,0.05,0.92,0.95,0.010666,0.980968,0.950172,0.9854,0.958863,True,0.0,0,0.0,0.604678,False
strict_viability,408,0.05,0.92,0.95,0.016761,0.978805,0.957756,0.979908,0.963493,True,0.0,0,0.0,0.607756,False
strict_viability,409,0.05,0.92,0.95,0.024342,0.983448,0.970615,0.975974,0.972206,True,0.0,0,0.0,0.614282,False
strict_viability,410,0.05,0.92,0.95,0.016587,0.987944,0.974548,0.977362,0.975049,True,0.0,0,0.0,0.613388,False
strict_viability,411,0.05,0.92,0.95,0.022922,0.980984,0.982322,0.995235,0.980718,True,0.0,0,0.0,0.619124,False
strict_viability,412,0.05,0.92,0.95,0.023552,0.985095,0.979934,0.984527,0.981221,True,0.0,0,0.0,0.618235,False
strict_viability,413,0.05,0.92,0.95,0.015009,0.976893,0.990914,0.986663,0.979834,True,0.0,0,0.0,0.615621,False
strict_viability,414,0.05,0.92,0.95,0.012737,0.976599,0.996994,0.986898,0.979753,True,0.0,0,0.0,0.615823,False
strict_viability,415,0.05,0.92,0.95,0.011369,0.9753,0.988649,0.975454,0.974483,True,0.0,0,0.0,0.611332,False
strict_viability,416,0.05,0.92,0.95,0.012021,0.968379,0.988808,0.976567,0.970782,True,0.0,0,0.0,0.610075,False
strict_viability,417,0.05,0.92,0.95,0.0049,0.97184,0.991491,0.970399,0.969732,True,0.0,0,0.0,0.607485,False
strict_viability,418,0.05,0.92,0.95,0.013279,0.97741,0.991193,0.968544,0.971128,True,0.0,0,0.0,0.611526,False
strict_viability,419,0.05,0.92,0.95,0.017222,0.979308,0.995253,0.970348,0.972882,True,0.0,0,0.0,0.61456,False
strict_viability,420,0.05,0.92,0.95,0.018178,0.984682,1.0,0.966476,0.972072,True,0.0,0,0.0,0.616106,False
strict_viability,421,0.05,0.92,0.95,0.030726,0.986715,0.989713,0.963273,0.969852,True,0.0,0,0.0,0.618674,False
strict_viability,422,0.05,0.92,0.95,0.028689,0.984071,0.99845,0.958171,0.966064,True,0.0,0,0.0,0.617827,False
strict_viability,423,0.05,0.92,0.95,0.03058,0.986926,1.0,0.964986,0.971691,True,0.0,0,0.0,0.620968,False
strict_viability,424,0.05,0.92,0.95,0.034695,0.985792,1.0,0.966758,0.972608,True,0.0,0,0.0,0.622686,False
strict_viability,425,0.05,0.92,0.95,0.041075,0.98958,1.0,0.962974,0.970933,True,0.0,0,0.0,0.625062,False
strict_viability,426,0.05,0.92,0.95,0.041051,0.991075,1.0,0.961024,0.969861,True,0.0,0,0.0,0.62492,False
strict_viability,427,0.05,0.92,0.95,0.049799,0.99195,1.0,0.96001,0.969308,True,0.0,0,0.0,0.628193,False
strict_viability,428,0.05,0.92,0.95,0.043609,0.9901,1.0,0.966376,0.9735,True,0.0,0,0.0,0.626902,False
strict_viability,429,0.05,0.92,0.95,0.053882,0.989849,0.998007,0.983683,0.985526,True,0.0,0,0.0,0.634268,False
strict_viability,430,0.05,0.92,0.95,0.048326,0.986011,0.992415,0.989827,0.987182,True,0.0,0,0.0,0.631518,False
strict_viability,431,0.05,0.92,0.95,0.049545,0.98608,0.997048,0.985075,0.984791,True,0.0,0,0.0,0.631875,False
strict_viability,432,0.05,0.92,0.95,0.051539,0.990134,0.999139,0.980698,0.983591,True,0.0,0,0.0,0.632983,False
strict_viability,433,0.05,0.92,0.95,0.045788,0.987322,0.993503,0.989127,0.987778,True,0.0,0,0.0,0.630959,False
strict_viability,434,0.05,0.92,0.95,0.050828,0.995214,1.0,0.979222,0.983927,True,0.0,0,0.0,0.633615,False
strict_viability,435,0.05,0.92,0.95,0.046099,0.990263,0.993535,0.978093,0.98165,True,0.0,0,0.0,0.629332,False
strict_viability,436,0.05,0.92,0.95,0.048979,0.990887,0.996629,0.981845,0.984614,True,0.0,0,0.0,0.631977,False
strict_viability,437,0.05,0.92,0.95,0.046192,1.0,0.998144,0.971254,0.978634,True,0.0,0,0.0,0.63063,False
strict_viability,438,0.05,0.92,0.95,0.032468,1.0,0.997473,0.969369,0.977148,True,0.0,0,0.0,0.624852,False
strict_viability,439,0.05,0.92,0.95,0.03706,1.0,0.991968,0.964361,0.972469,True,0.0,0,0.0,0.624344,False
strict_viability,440,0.05,0.92,0.95,0.038644,0.988862,0.991145,0.965593,0.972053,True,0.0,0,0.0,0.622915,False
strict_viability,441,0.05,0.92,0.95,0.032336,0.985984,0.990369,0.967245,0.972676,True,0.0,0,0.0,0.620167,False
strict_viability,442,0.05,0.92,0.95,0.041183,0.984669,0.987942,0.970926,0.974913,True,0.0,0,0.0,0.623639,False
strict_viability,443,0.05,0.92,0.95,0.03791,0.989905,0.994208,0.979612,0.982703,True,0.0,0,0.0,0.626616,False
strict_viability,444,0.05,0.92,0.95,0.031178,0.990313,0.994462,0.97968,0.982861,True,0.0,0,0.0,0.624206,False
strict_viability,445,0.05,0.92,0.95,0.019494,0.991181,0.99003,0.980851,0.983425,True,0.0,0,0.0,0.619356,False
strict_viability,446,0.05,0.92,0.95,0.010897,0.992871,0.991257,0.984943,0.986782,True,0.0,0,0.0,0.61759,False
strict_viability,447,0.05,0.92,0.95,0.013315,0.996011,0.985073,0.977706,0.979871,True,0.0,0,0.0,0.616118,False
strict_viability,448,0.05,0.92,0.95,0.006127,0.989876,0.985319,0.977883,0.980158,True,0.0,0,0.0,0.612386,False
strict_viability,449,0.05,0.92,0.95,0.003887,0.997578,0.980956,0.970233,0.97336,True,0.0,0,0.0,0.610249,False
strict_viability,450,0.05,0.92,0.95,0.008026,0.993933,0.972076,0.966724,0.967573,True,0.0,0,0.0,0.608381,False
strict_viability,451,0.05,0.92,0.95,0.017551,0.987909,0.972468,0.971846,0.971092,True,0.0,0,0.0,0.612127,False
strict_viability,452,0.05,0.92,0.95,0.026021,0.981203,0.975346,0.974233,0.974329,True,0.0,0,0.0,0.615379,False
strict_viability,453,0.05,0.92,0.95,0.030629,0.967545,0.971432,0.975892,0.968724,True,0.0,0,0.0,0.613526,False
strict_viability,454,0.05,0.92,0.95,0.03465,0.973326,0.976002,0.975383,0.973931,True,0.0,0,0.0,0.617471,False
strict_viability,455,0.05,0.92,0.95,0.031206,0.976683,0.970232,0.979963,0.97219,True,0.0,0,0.0,0.616161,False
strict_viability,456,0.05,0.92,0.95,0.032421,0.959051,0.963522,0.991925,0.959125,True,0.0,0,0.0,0.612348,False
strict_viability,457,0.05,0.92,0.95,0.016748,0.967781,0.964777,0.998815,0.964046,True,0.0,0,0.0,0.609744,False
strict_viability,458,0.05,0.92,0.95,0.020616,0.970997,0.970096,1.0,0.968558,True,0.0,0,0.0,0.613458,False
strict_viability,459,0.05,0.92,0.95,0.008173,0.974611,0.977908,1.0,0.974592,True,0.0,0,0.0,0.61151,False
strict_viability,460,0.05,0.92,0.95,0.017693,0.980995,0.994054,0.9955,0.984638,True,0.0,0,0.0,0.619759,False
strict_viability,461,0.05,0.92,0.95,0.015444,0.978665,0.988906,0.979069,0.978189,True,0.0,0,0.0,0.614484,False
strict_viability,462,0.05,0.92,0.95,0.018599,0.976393,1.0,0.979823,0.976553,True,0.0,0,0.0,0.61718,False
strict_viability,463,0.05,0.92,0.95,0.02089,0.982112,1.0,0.988685,0.983986,True,0.0,0,0.0,0.621213,False
strict_viability,464,0.05,0.92,0.95,0.025059,0.984886,0.99827,0.99148,0.9869,True,0.0,0,0.0,0.623726,False
strict_viability,465,0.05,0.92,0.95,0.023096,0.987889,1.0,0.998596,0.990898,True,0.0,0,0.0,0.625308,False
strict_viability,466,0.05,0.92,0.95,0.004229,0.991379,0.986683,1.0,0.988,True,0.0,0,0.0,0.616218,False
strict_viability,467,0.05,0.92,0.95,0.012426,0.986244,0.977797,1.0,0.980236,True,0.0,0,0.0,0.615878,False
strict_viability,468,0.05,0.92,0.95,0.008694,0.987195,0.995116,1.0,0.989619,True,0.0,0,0.0,0.618874,False
strict_viability,469,0.05,0.92,0.95,0.015645,0.996484,0.994133,0.987671,0.989596,True,0.0,0,0.0,0.621282,False
strict_viability,470,0.05,0.92,0.95,0.022339,0.990779,0.993264,0.983918,0.985961,True,0.0,0,0.0,0.62168,False
strict_viability,471,0.05,0.92,0.95,0.028535,0.994985,0.997211,0.984212,0.987311,True,0.0,0,0.0,0.625705,False
strict_viability,472,0.05,0.92,0.95,0.019253,0.982028,0.998201,0.986664,0.983184,True,0.0,0,0.0,0.619873,False
strict_viability,473,0.05,0.92,0.95,0.032024,0.992026,0.992271,0.98498,0.986886,True,0.0,0,0.0,0.625666,False
strict_viability,474,0.05,0.92,0.95,0.052479,1.0,0.999236,0.983137,0.987515,True,0.0,0,0.0,0.635946,False
strict_viability,475,0.05,0.92,0.95,0.058991,0.993396,0.99783,0.982991,0.98612,True,0.0,0,0.0,0.63679,False
strict_viability,476,0.05,0.92,0.95,0.056353,0.978973,1.0,0.979345,0.977754,True,0.0,0,0.0,0.632068,False
strict_viability,477,0.05,0.92,0.95,0.055859,0.978008,1.0,0.970813,0.972387,True,0.0,0,0.0,0.629868,False
strict_viability,478,0.05,0.92,0.95,0.061532,0.975032,0.990347,0.975764,0.974385,True,0.0,0,0.0,0.630683,False
strict_viability,479,0.05,0.92,0.95,0.061372,0.964071,0.994894,0.966585,0.963304,True,0.0,0,0.0,0.626853,False
strict_viability,480,0.05,0.92,0.95,0.0,0.958268,0.992407,0.966561,0.960055,True,0.0,0,0.0,0.601647,False
strict_viability,481,0.05,0.92,0.95,0.00491,0.956936,0.998532,0.969325,0.960109,True,0.0,0,0.0,0.604768,False
strict_viability,482,0.05,0.92,0.95,0.0,0.948437,1.0,0.968185,0.954152,True,0.0,0,0.0,0.600763,False
strict_viability,483,0.05,0.92,0.95,0.0,0.944692,1.0,0.958993,0.94797,True,0.0,0,0.0,0.59806,False
strict_viability,484,0.05,0.92,0.95,0.00908,0.954613,0.99553,0.956521,0.952861,True,0.0,0,0.0,0.602732,False
strict_viability,485,0.05,0.92,0.95,0.0,0.944907,0.99399,0.96722,0.95165,True,0.0,0,0.0,0.59861,False
strict_viability,486,0.05,0.92,0.95,0.001007,0.953484,1.0,0.964815,0.955932,True,0.0,0,0.0,0.601796,False
strict_viability,487,0.05,0.92,0.95,0.015784,0.945849,1.0,0.959838,0.949053,True,0.0,0,0.0,0.604514,False
strict_viability,488,0.05,0.92,0.95,0.014043,0.941844,0.994101,0.96279,0.947993,True,0.0,0,0.0,0.602356,False
strict_viability,489,0.05,0.92,0.95,0.013205,0.944138,0.997718,0.958158,0.947387,True,0.0,0,0.0,0.602381,False
strict_viability,490,0.05,0.92,0.95,0.01996,0.961558,0.995535,0.956757,0.956612,True,0.0,0,0.0,0.608601,False
strict_viability,491,0.05,0.92,0.95,0.026713,0.959585,0.99326,0.961396,0.958268,True,0.0,0,0.0,0.611251,False
strict_viability,492,0.05,0.92,0.95,0.023628,0.961424,0.999453,0.959011,0.957553,True,0.0,0,0.0,0.611105,False
strict_viability,493,0.05,0.92,0.95,0.008496,0.95511,0.991591,0.959404,0.954864,True,0.0,0,0.0,0.602535,False
strict_viability,494,0.05,0.92,0.95,0.003074,0.951911,0.989219,0.968646,0.956956,True,0.0,0,0.0,0.601017,False
strict_viability,495,0.05,0.92,0.95,0.003403,0.950693,0.986967,0.971622,0.957124,True,0.0,0,0.0,0.600954,False
strict_viability,496,0.05,0.92,0.95,0.0,0.9525,0.975197,0.973806,0.958338,True,0.0,0,0.0,0.598319,False
strict_viability,497,0.05,0.92,0.95,0.0,0.964928,0.970708,0.975954,0.966703,True,0.0,0,0.0,0.601052,False
strict_viability,498,0.05,0.92,0.95,0.0,0.965372,0.972294,0.981816,0.967431,True,0.0,0,0.0,0.602326,False
strict_viability,499,0.05,0.92,0.95,0.000182,0.971379,0.968975,0.986997,0.968993,True,0.0,0,0.0,0.603792,False
strict_viability,500,0.05,0.92,0.95,0.009107,0.985564,0.969242,0.974261,0.970553,True,0.0,0,0.0,0.608189,False
strict_viability,501,0.05,0.92,0.95,0.019162,0.989348,0.971726,0.981142,0.974619,True,0.0,0,0.0,0.614589,False
strict_viability,502,0.05,0.92,0.95,0.029104,0.995207,0.981766,0.983902,0.981945,True,0.0,0,0.0,0.622494,False
strict_viability,503,0.05,0.92,0.95,0.026847,0.991753,0.992594,0.985717,0.987418,True,0.0,0,0.0,0.623875,False
strict_viability,504,0.05,0.92,0.95,0.028037,0.988499,0.992898,0.994793,0.989823,True,0.0,0,0.0,0.625355,False
strict_viability,505,0.05,0.92,0.95,0.014545,0.987578,1.0,0.993678,0.989441,True,0.0,0,0.0,0.621139,False
strict_viability,506,0.05,0.92,0.95,0.02989,0.992072,0.99958,0.991653,0.991339,True,0.0,0,0.0,0.627648,False
strict_viability,507,0.05,0.92,0.95,0.025754,0.999217,1.0,0.99339,0.995029,True,0.0,0,0.0,0.628124,False
strict_viability,508,0.05,0.92,0.95,0.024554,1.0,0.994808,0.983871,0.987179,True,0.0,0,0.0,0.624599,False
strict_viability,509,0.05,0.92,0.95,0.029804,1.0,0.997421,0.982467,0.986726,True,0.0,0,0.0,0.626814,False
strict_viability,510,0.05,0.92,0.95,0.029639,0.997077,0.995633,0.995156,0.995261,True,0.0,0,0.0,0.628704,False
strict_viability,511,0.05,0.92,0.95,0.033838,0.987097,0.995124,0.99271,0.988785,True,0.0,0,0.0,0.627292,False
strict_viability,512,0.05,0.92,0.95,0.03715,0.985232,0.982686,0.997982,0.982945,True,0.0,0,0.0,0.626013,False
strict_viability,513,0.05,0.92,0.95,0.049271,0.987861,0.98352,1.0,0.984532,True,0.0,0,0.0,0.631715,False
strict_viability,514,0.05,0.92,0.95,0.05854,0.982603,0.985259,1.0,0.982783,True,0.0,0,0.0,0.634394,False
strict_viability,515,0.05,0.92,0.95,0.062494,0.996801,0.989573,1.0,0.991751,True,0.0,0,0.0,0.640305,False
strict_viability,516,0.05,0.92,0.95,0.062109,0.999192,0.985014,0.994217,0.987815,True,0.0,0,0.0,0.638487,False
strict_viability,517,0.05,0.92,0.95,0.073287,0.993271,0.991304,0.993882,0.991884,True,0.0,0,0.0,0.643242,False
strict_viability,518,0.05,0.92,0.95,0.077169,0.999454,0.992081,1.0,0.994109,True,0.0,0,0.0,0.647094,False
strict_viability,519,0.05,0.92,0.95,0.082363,0.994472,1.0,1.0,0.995942,True,0.0,0,0.0,0.649816,False
strict_viability,520,0.05,0.92,0.95,0.069697,0.989714,1.0,1.0,0.99245,True,0.0,0,0.0,0.643727,False
strict_viability,521,0.05,0.92,0.95,0.078204,0.986782,1.0,0.999473,0.990224,True,0.0,0,0.0,0.646091,False
strict_viability,522,0.05,0.92,0.95,0.087835,0.981823,0.994043,0.998311,0.985453,True,0.0,0,0.0,0.647051,False
strict_viability,523,0.05,0.92,0.95,0.077388,0.9724,0.999177,0.994747,0.978814,True,0.0,0,0.0,0.641014,False
strict_viability,524,0.05,0.92,0.95,0.062734,0.969215,0.999158,1.0,0.977287,True,0.0,0,0.0,0.63542,False
strict_viability,525,0.05,0.92,0.95,0.076193,0.966099,0.995087,1.0,0.974347,True,0.0,0,0.0,0.638888,False
strict_viability,526,0.05,0.92,0.95,0.071976,0.96626,1.0,1.0,0.975234,True,0.0,0,0.0,0.638306,False
strict_viability,527,0.05,0.92,0.95,0.071837,0.967887,0.994083,0.999666,0.975436,True,0.0,0,0.0,0.637458,False
strict_viability,528,0.05,0.92,0.95,0.081159,0.976166,0.992298,0.998393,0.980981,True,0.0,0,0.0,0.642656,False
strict_viability,529,0.05,0.92,0.95,0.076677,0.980465,0.992018,0.992628,0.983614,True,0.0,0,0.0,0.641186,False
strict_viability,530,0.05,0.92,0.95,0.088454,0.980155,1.0,0.989784,0.983092,True,0.0,0,0.0,0.646581,False
strict_viability,531,0.05,0.92,0.95,0.107795,0.97445,0.988613,0.997832,0.978791,True,0.0,0,0.0,0.651465,False
strict_viability,532,0.05,0.92,0.95,0.107829,0.971757,0.990589,0.992199,0.97696,True,0.0,0,0.0,0.650341,False
strict_viability,533,0.05,0.92,0.95,0.111628,0.966617,0.986691,0.990366,0.972353,True,0.0,0,0.0,0.649348,False
strict_viability,534,0.05,0.92,0.95,0.108447,0.968405,0.984723,0.989048,0.973169,True,0.0,0,0.0,0.64802,False
strict_viability,535,0.05,0.92,0.95,0.103401,0.973568,0.99383,0.986614,0.977543,True,0.0,0,0.0,0.648855,False
strict_viability,536,0.05,0.92,0.95,0.101685,0.976612,1.0,0.990097,0.980756,True,0.0,0,0.0,0.650735,False
strict_viability,537,0.05,0.92,0.95,0.105516,0.984763,0.99867,0.99639,0.988098,True,0.0,0,0.0,0.65518,False
strict_viability,538,0.05,0.92,0.95,0.093832,0.9861,0.988174,0.995067,0.986523,True,0.0,0,0.0,0.648718,False
strict_viability,539,0.05,0.92,0.95,0.078754,0.978871,0.982363,0.994846,0.979531,True,0.0,0,0.0,0.639771,False
strict_viability,540,0.05,0.92,0.95,0.090147,0.985277,0.985903,0.995886,0.984891,True,0.0,0,0.0,0.646679,False
strict_viability,541,0.05,0.92,0.95,0.083451,0.990895,0.979684,1.0,0.983131,True,0.0,0,0.0,0.644391,False
strict_viability,542,0.05,0.92,0.95,0.085338,0.990131,0.98274,0.982831,0.982291,True,0.0,0,0.0,0.643016,False
strict_viability,543,0.05,0.92,0.95,0.084631,0.990145,0.987535,0.982935,0.984338,True,0.0,0,0.0,0.643874,False
strict_viability,544,0.05,0.92,0.95,0.0837,0.990867,0.988626,0.984456,0.985725,True,0.0,0,0.0,0.644226,False
strict_viability,545,0.05,0.92,0.95,0.075212,0.992215,0.996732,0.974549,0.979696,True,0.0,0,0.0,0.640591,False
strict_viability,546,0.05,0.92,0.95,0.070729,0.990242,0.991408,0.974351,0.97872,True,0.0,0,0.0,0.63743,False
strict_viability,547,0.05,0.92,0.95,0.060813,0.983538,0.983873,0.985542,0.983573,True,0.0,0,0.0,0.633248,False
strict_viability,548,0.05,0.92,0.95,0.060808,0.981652,0.978726,0.984596,0.979621,True,0.0,0,0.0,0.631373,False
strict_viability,549,0.05,0.92,0.95,0.072145,0.977125,0.983297,0.980103,0.978033,True,0.0,0,0.0,0.634869,False
strict_viability,550,0.05,0.92,0.95,0.080501,0.984822,0.990111,0.977925,0.980045,True,0.0,0,0.0,0.640593,False
strict_viability,551,0.05,0.92,0.95,0.086699,0.98766,0.988067,0.968921,0.973958,True,0.0,0,0.0,0.6411,False
strict_viability,552,0.05,0.92,0.95,0.095531,0.980872,0.992284,0.971911,0.974602,True,0.0,0,0.0,0.64449,False
strict_viability,553,0.05,0.92,0.95,0.102707,0.977321,0.982831,0.969614,0.971981,True,0.0,0,0.0,0.64424,False
strict_viability,554,0.05,0.92,0.95,0.098571,0.973887,0.972456,0.981109,0.972598,True,0.0,0,0.0,0.641866,False
strict_viability,555,0.05,0.92,0.95,0.10493,0.980534,0.976803,0.980251,0.977754,True,0.0,0,0.0,0.64676,False
strict_viability,556,0.05,0.92,0.95,0.10171,0.996969,0.980885,0.978104,0.978251,True,0.0,0,0.0,0.648988,False
strict_viability,557,0.05,0.92,0.95,0.093823,1.0,0.977534,0.981816,0.978171,True,0.0,0,0.0,0.646444,False
strict_viability,558,0.05,0.92,0.95,0.097101,1.0,0.978322,0.982063,0.978753,True,0.0,0,0.0,0.647935,False
strict_viability,559,0.05,0.92,0.95,0.093705,1.0,0.978369,0.977925,0.976674,True,0.0,0,0.0,0.645825,False
strict_viability,560,0.05,0.92,0.95,0.022708,1.0,0.982428,0.977091,0.978187,True,0.0,0,0.0,0.619641,False
strict_viability,561,0.05,0.92,0.95,0.017759,0.998442,0.988812,0.983074,0.98472,True,0.0,0,0.0,0.620251,False
strict_viability,562,0.05,0.92,0.95,0.011115,0.999145,0.999529,0.972126,0.979363,True,0.0,0,0.0,0.617606,False
strict_viability,563,0.05,0.92,0.95,0.000307,0.995366,0.997358,0.9705,0.977356,True,0.0,0,0.0,0.61196,False
strict_viability,564,0.05,0.92,0.95,0.000565,0.992304,0.988668,0.97613,0.979811,True,0.0,0,0.0,0.611025,False
strict_viability,565,0.05,0.92,0.95,0.00751,0.983307,0.990827,0.980954,0.981451,True,0.0,0,0.0,0.613306,False
strict_viability,566,0.05,0.92,0.95,0.007783,0.983147,1.0,0.993114,0.986207,True,0.0,0,0.0,0.617305,False
strict_viability,567,0.05,0.92,0.95,0.027935,0.978199,1.0,0.999159,0.98388,True,0.0,0,0.0,0.624639,False
strict_viability,568,0.05,0.92,0.95,0.032081,0.978255,1.0,1.0,0.984039,True,0.0,0,0.0,0.626361,False
strict_viability,569,0.05,0.92,0.95,0.032884,0.977948,1.0,1.0,0.983813,True,0.0,0,0.0,0.626584,False
strict_viability,570,0.05,0.92,0.95,0.027767,0.972387,0.996594,0.996275,0.978782,True,0.0,0,0.0,0.6219,False
strict_viability,571,0.05,0.92,0.95,0.035775,0.972345,1.0,1.0,0.979701,True,0.0,0,0.0,0.626181,False
strict_viability,572,0.05,0.92,0.95,0.0294,0.982688,0.999634,1.0,0.987243,True,0.0,0,0.0,0.626459,False
strict_viability,573,0.05,0.92,0.95,0.022482,0.974433,1.0,0.9953,0.980466,True,0.0,0,0.0,0.620939,False
strict_viability,574,0.05,0.92,0.95,0.013993,0.967712,1.0,1.0,0.9763,True,0.0,0,0.0,0.616662,False
strict_viability,575,0.05,0.92,0.95,0.018771,0.957691,0.995935,0.993558,0.967524,True,0.0,0,0.0,0.613987,False
strict_viability,576,0.05,0.92,0.95,0.019907,0.945596,0.988133,0.990543,0.95721,True,0.0,0,0.0,0.609177,False
strict_viability,577,0.05,0.92,0.95,0.023278,0.949181,0.993878,0.995361,0.961259,True,0.0,0,0.0,0.613298,False
strict_viability,578,0.05,0.92,0.95,0.023463,0.952639,0.997144,0.996361,0.96437,True,0.0,0,0.0,0.615092,False
strict_viability,579,0.05,0.92,0.95,0.021003,0.949258,0.999765,0.995914,0.962134,True,0.0,0,0.0,0.61369,False
strict_viability,580,0.05,0.92,0.95,0.016098,0.946913,0.9958,0.988783,0.95882,True,0.0,0,0.0,0.609293,False
strict_viability,581,0.05,0.92,0.95,0.016926,0.943446,1.0,0.985781,0.955992,True,0.0,0,0.0,0.608981,False
strict_viability,582,0.05,0.92,0.95,0.025296,0.942044,0.997547,0.986486,0.954971,True,0.0,0,0.0,0.611444,False
strict_viability,583,0.05,0.92,0.95,0.025657,0.936716,1.0,0.984012,0.950737,True,0.0,0,0.0,0.610208,False
strict_viability,584,0.05,0.92,0.95,0.025848,0.925343,1.0,0.996194,0.944664,True,0.0,0,0.0,0.609211,False
strict_viability,585,0.05,0.92,0.95,0.040695,0.921629,1.0,0.991985,0.941278,True,0.0,0,0.0,0.613189,False
strict_viability,586,0.05,0.92,0.95,0.030712,0.920285,0.995943,0.997634,0.940628,True,0.0,0,0.0,0.609136,False
strict_viability,587,0.05,0.92,0.95,0.033126,0.91475,0.994203,0.993234,0.935751,True,0.0,0,0.0,0.607542,False
strict_viability,588,0.05,0.92,0.95,0.042752,0.923833,0.989859,0.977014,0.939274,True,0.0,0,0.0,0.610205,False
strict_viability,589,0.05,0.92,0.95,0.054325,0.923878,0.985681,0.98761,0.940564,True,0.0,0,0.0,0.615497,False
strict_viability,590,0.05,0.92,0.95,0.05472,0.924569,0.985349,0.989372,0.941231,True,0.0,0,0.0,0.616039,False
strict_viability,591,0.05,0.92,0.95,0.0583,0.931354,0.992837,0.982696,0.946086,True,0.0,0,0.0,0.619616,False
strict_viability,592,0.05,0.92,0.95,0.056143,0.918468,0.980298,0.977145,0.934469,True,0.0,0,0.0,0.612049,False
strict_viability,593,0.05,0.92,0.95,0.057254,0.922199,0.992638,0.970266,0.936722,True,0.0,0,0.0,0.614671,False
strict_viability,594,0.05,0.92,0.95,0.059889,0.920287,0.993045,0.961624,0.932993,True,0.0,0,0.0,0.613744,False
strict_viability,595,0.05,0.92,0.95,0.054636,0.935042,0.993075,0.969028,0.945479,True,0.0,0,0.0,0.616944,False
strict_viability,596,0.05,0.92,0.95,0.05459,0.933629,0.994012,0.971933,0.945321,True,0.0,0,0.0,0.617229,False
strict_viability,597,0.05,0.92,0.95,0.044034,0.931061,0.993455,0.969176,0.942736,True,0.0,0,0.0,0.611959,False
strict_viability,598,0.05,0.92,0.95,0.043516,0.942552,0.992492,0.971725,0.951512,True,0.0,0,0.0,0.615067,False
strict_viability,599,0.05,0.92,0.95,0.040139,0.945665,1.0,0.973967,0.954351,True,0.0,0,0.0,0.61635,False
strict_viability,600,0.05,0.92,0.95,0.045465,0.957179,0.999646,0.989147,0.966639,True,0.0,0,0.0,0.623983,False
strict_viability,601,0.05,0.92,0.95,0.039534,0.951298,1.0,0.994413,0.963406,True,0.0,0,0.0,0.621083,False
strict_viability,602,0.05,0.92,0.95,0.049726,0.956992,1.0,0.985306,0.965594,True,0.0,0,0.0,0.624969,False
strict_viability,603,0.05,0.92,0.95,0.046226,0.946535,1.0,0.984157,0.957838,True,0.0,0,0.0,0.620664,False
strict_viability,604,0.05,0.92,0.95,0.065304,0.946137,0.997473,0.985379,0.957704,True,0.0,0,0.0,0.627543,False
strict_viability,605,0.05,0.92,0.95,0.06097,0.944086,1.0,0.988121,0.956958,True,0.0,0,0.0,0.626276,False
strict_viability,606,0.05,0.92,0.95,0.056919,0.933618,0.992648,0.997511,0.949907,True,0.0,0,0.0,0.621998,False
strict_viability,607,0.05,0.92,0.95,0.051022,0.934733,0.992964,1.0,0.951036,True,0.0,0,0.0,0.620498,False
strict_viability,608,0.05,0.92,0.95,0.044494,0.938472,0.992591,1.0,0.953709,True,0.0,0,0.0,0.618944,False
strict_viability,609,0.05,0.92,0.95,0.047551,0.947003,0.995751,1.0,0.96048,True,0.0,0,0.0,0.623023,False
strict_viability,610,0.05,0.92,0.95,0.041072,0.948277,1.0,0.999286,0.961938,True,0.0,0,0.0,0.62163,False
strict_viability,611,0.05,0.92,0.95,0.037334,0.951148,0.997759,1.0,0.963827,True,0.0,0,0.0,0.62065,False
strict_viability,612,0.05,0.92,0.95,0.044646,0.961262,1.0,0.994395,0.970689,True,0.0,0,0.0,0.625691,False
strict_viability,613,0.05,0.92,0.95,0.04424,0.959803,0.99317,0.991925,0.968505,True,0.0,0,0.0,0.623436,False
strict_viability,614,0.05,0.92,0.95,0.039065,0.959202,1.0,0.99338,0.968998,True,0.0,0,0.0,0.622854,False
strict_viability,615,0.05,0.92,0.95,0.040629,0.958776,1.0,0.995132,0.969001,True,0.0,0,0.0,0.623617,False
strict_viability,616,0.05,0.92,0.95,0.057443,0.955031,1.0,0.996536,0.966489,True,0.0,0,0.0,0.629228,False
strict_viability,617,0.05,0.92,0.95,0.063809,0.964085,0.994857,0.996594,0.972486,True,0.0,0,0.0,0.633078,False
strict_viability,618,0.05,0.92,0.95,0.053938,0.971529,0.992224,0.990051,0.976708,True,0.0,0,0.0,0.629784,False
strict_viability,619,0.05,0.92,0.95,0.049959,0.969621,0.99691,0.9834,0.973841,True,0.0,0,0.0,0.627497,False
antifragile_escape,0,0.9,0.56,0.48,0.354833,1.0,1.0,0.99601,0.997071,True,0.0,0,0.0,0.753926,False
antifragile_escape,1,0.9,0.56,0.48,0.35216,1.0,0.993197,1.0,0.995007,True,0.0,0,0.0,0.751997,False
antifragile_escape,2,0.9,0.56,0.48,0.371865,1.0,0.987235,0.996867,0.990083,True,0.0,0,0.0,0.757382,False
antifragile_escape,3,0.9,0.56,0.48,0.383887,0.999576,0.987753,1.0,0.990952,True,0.0,0,0.0,0.76251,False
antifragile_escape,4,0.9,0.56,0.48,0.377139,0.994706,0.989404,1.0,0.991026,True,0.0,0,0.0,0.759376,False
antifragile_escape,5,0.9,0.56,0.48,0.386975,0.996534,0.994104,0.995999,0.99466,True,0.0,0,0.0,0.764164,False
antifragile_escape,6,0.9,0.56,0.48,0.383982,0.989109,0.996221,0.997191,0.991111,True,0.0,0,0.0,0.761813,False
antifragile_escape,7,0.9,0.56,0.48,0.391951,0.990778,0.999635,0.99699,0.992646,True,0.0,0,0.0,0.765912,False
antifragile_escape,8,0.9,0.56,0.48,0.389742,0.993177,1.0,0.993031,0.992639,True,0.0,0,0.0,0.765015,False
antifragile_escape,9,0.9,0.56,0.48,0.388353,0.990152,0.99325,1.0,0.990973,True,0.0,0,0.0,0.763503,False
antifragile_escape,10,0.9,0.56,0.48,0.396252,1.0,0.992247,1.0,0.994309,True,0.0,0,0.0,0.768497,False
antifragile_escape,11,0.9,0.56,0.48,0.401894,0.997613,0.994633,1.0,0.995549,True,0.0,0,0.0,0.77079,False
antifragile_escape,12,0.9,0.56,0.48,0.419707,0.999095,0.996361,0.994546,0.995078,True,0.0,0,0.0,0.777317,False
antifragile_escape,13,0.9,0.56,0.48,0.422235,0.995463,0.991774,1.0,0.992886,True,0.0,0,0.0,0.777298,False
antifragile_escape,14,0.9,0.56,0.48,0.414179,0.991363,0.991626,1.0,0.99092,True,0.0,0,0.0,0.773236,False
antifragile_escape,15,0.9,0.56,0.48,0.423192,0.987663,0.993832,0.994744,0.989406,True,0.0,0,0.0,0.775475,False
antifragile_escape,16,0.9,0.56,0.48,0.419451,0.980774,1.0,0.998978,0.985744,True,0.0,0,0.0,0.774077,False
antifragile_escape,17,0.9,0.56,0.48,0.423365,0.985812,0.989432,1.0,0.986632,True,0.0,0,0.0,0.774819,False
antifragile_escape,18,0.9,0.56,0.48,0.431982,0.98837,0.983717,0.991012,0.985137,True,0.0,0,0.0,0.776087,False
antifragile_escape,19,0.9,0.56,0.48,0.440101,0.992739,0.975829,0.985301,0.978741,True,0.0,0,0.0,0.776972,False
antifragile_escape,20,0.9,0.56,0.48,0.440843,0.984709,0.96777,0.980658,0.971574,True,0.0,0,0.0,0.772848,False
antifragile_escape,21,0.9,0.56,0.48,0.434998,0.984314,0.974753,0.973227,0.973261,True,0.0,0,0.0,0.770974,False
antifragile_escape,22,0.9,0.56,0.48,0.446796,0.982112,0.971806,0.980733,0.974334,True,0.0,0,0.0,0.77571,False
antifragile_escape,23,0.9,0.56,0.48,0.459232,0.985036,0.970301,0.983988,0.974069,True,0.0,0,0.0,0.781116,False
antifragile_escape,24,0.9,0.56,0.48,0.470999,0.982039,0.971131,0.983933,0.974239,True,0.0,0,0.0,0.78521,False
antifragile_escape,25,0.9,0.56,0.48,0.466398,0.988493,0.974495,0.976346,0.974501,True,0.0,0,0.0,0.784198,False
antifragile_escape,26,0.9,0.56,0.48,0.487871,0.99473,0.983556,0.977322,0.979082,True,0.0,0,0.0,0.795797,False
antifragile_escape,27,0.9,0.56,0.48,0.476718,0.996363,0.980327,0.972279,0.97448,True,0.0,0,0.0,0.790014,False
antifragile_escape,28,0.9,0.56,0.48,0.485242,0.987718,0.978019,0.981882,0.979151,True,0.0,0,0.0,0.793186,False
antifragile_escape,29,0.9,0.56,0.48,0.4958,0.985051,0.981725,0.988821,0.982735,True,0.0,0,0.0,0.798787,False
antifragile_escape,30,0.9,0.56,0.48,0.506674,0.978434,0.988765,0.983924,0.98012,True,0.0,0,0.0,0.801996,False
antifragile_escape,31,0.9,0.56,0.48,0.51234,0.981767,0.991007,0.979176,0.979667,True,0.0,0,0.0,0.804433,False
antifragile_escape,32,0.9,0.56,0.48,0.522918,0.98324,0.998079,0.979316,0.98001,True,0.0,0,0.0,0.810052,False
antifragile_escape,33,0.9,0.56,0.48,0.534247,0.981346,1.0,0.975837,0.976939,True,0.0,0,0.0,0.813506,False
antifragile_escape,34,0.9,0.56,0.48,0.530835,0.979687,1.0,0.969757,0.972449,True,0.0,0,0.0,0.810521,False
antifragile_escape,35,0.9,0.56,0.48,0.54733,0.977142,1.0,0.953853,0.960985,True,0.0,0,0.0,0.812729,False
antifragile_escape,36,0.9,0.56,0.48,0.548426,0.972679,1.0,0.9528,0.958713,True,0.0,0,0.0,0.811922,False
antifragile_escape,37,0.9,0.56,0.48,0.549008,0.961714,0.993208,0.959492,0.958384,True,0.0,0,0.0,0.809844,False
antifragile_escape,38,0.9,0.56,0.48,0.546478,0.960066,1.0,0.964897,0.959861,True,0.0,0,0.0,0.810742,False
antifragile_escape,39,0.9,0.56,0.48,0.560514,0.956406,1.0,0.957432,0.954013,True,0.0,0,0.0,0.81367,False
antifragile_escape,40,0.9,0.56,0.48,0.560865,0.951089,0.998697,0.959931,0.952331,True,0.0,0,0.0,0.81276,False
antifragile_escape,41,0.9,0.56,0.48,0.568896,0.94855,1.0,0.963369,0.952259,True,0.0,0,0.0,0.816062,False
antifragile_escape,42,0.9,0.56,0.48,0.568965,0.950468,1.0,0.976458,0.958447,True,0.0,0,0.0,0.819009,False
antifragile_escape,43,0.9,0.56,0.48,0.580373,0.969969,1.0,0.979827,0.972642,True,0.0,0,0.0,0.829029,False
antifragile_escape,44,0.9,0.56,0.48,0.575902,0.967895,0.996963,0.984108,0.972879,True,0.0,0,0.0,0.827038,False
antifragile_escape,45,0.9,0.56,0.48,0.580607,0.975049,1.0,0.98345,0.977355,True,0.0,0,0.0,0.831105,False
antifragile_escape,46,0.9,0.56,0.48,0.59329,0.980181,0.990362,0.981895,0.980363,True,0.0,0,0.0,0.835257,False
antifragile_escape,47,0.9,0.56,0.48,0.60312,0.98603,0.992255,0.985761,0.985466,True,0.0,0,0.0,0.841539,False
antifragile_escape,48,0.9,0.56,0.48,0.601329,0.984736,0.992521,0.985832,0.984772,True,0.0,0,0.0,0.840601,False
antifragile_escape,49,0.9,0.56,0.48,0.60175,0.985373,0.990979,0.984629,0.984584,True,0.0,0,0.0,0.840406,False
antifragile_escape,50,0.9,0.56,0.48,0.596718,0.975891,0.989067,0.989515,0.979453,True,0.0,0,0.0,0.836512,False
antifragile_escape,51,0.9,0.56,0.48,0.606575,0.967554,0.987887,0.99126,0.973333,True,0.0,0,0.0,0.838054,False
antifragile_escape,52,0.9,0.56,0.48,0.614489,0.962688,0.988514,0.993954,0.970125,True,0.0,0,0.0,0.840291,False
antifragile_escape,53,0.9,0.56,0.48,0.611644,0.961348,0.972516,0.990343,0.964586,True,0.0,0,0.0,0.834919,False
antifragile_escape,54,0.9,0.56,0.48,0.607087,0.963099,0.972719,0.976977,0.965998,True,0.0,0,0.0,0.831837,False
antifragile_escape,55,0.9,0.56,0.48,0.60326,0.966737,0.965563,0.977609,0.96536,True,0.0,0,0.0,0.829761,False
antifragile_escape,56,0.9,0.56,0.48,0.609285,0.968137,0.964707,0.96883,0.965692,True,0.0,0,0.0,0.830959,False
antifragile_escape,57,0.9,0.56,0.48,0.608214,0.968712,0.961749,0.973192,0.963882,True,0.0,0,0.0,0.830517,False
antifragile_escape,58,0.9,0.56,0.48,0.604094,0.967656,0.963854,0.975667,0.964874,True,0.0,0,0.0,0.829606,False
antifragile_escape,59,0.9,0.56,0.48,0.602343,0.967849,0.967119,0.976003,0.966901,True,0.0,0,0.0,0.829853,False
antifragile_escape,60,0.9,0.56,0.48,0.593549,0.965415,0.961321,0.966114,0.962487,True,0.0,0,0.0,0.823115,False
antifragile_escape,61,0.9,0.56,0.48,0.588772,0.969595,0.965686,0.961355,0.962685,True,0.0,0,0.0,0.822196,False
antifragile_escape,62,0.9,0.56,0.48,0.577506,0.967225,0.968752,0.967062,0.967033,True,0.0,0,0.0,0.819361,False
antifragile_escape,63,0.9,0.56,0.48,0.589521,0.958773,0.961879,0.971965,0.959419,True,0.0,0,0.0,0.820941,False
antifragile_escape,64,0.9,0.56,0.48,0.590187,0.969608,0.965587,0.972273,0.96682,True,0.0,0,0.0,0.824743,False
antifragile_escape,65,0.9,0.56,0.48,0.577608,0.97098,0.964113,0.966181,0.964646,True,0.0,0,0.0,0.818831,False
antifragile_escape,66,0.9,0.56,0.48,0.582129,0.977216,0.965636,0.974214,0.968185,True,0.0,0,0.0,0.823494,False
antifragile_escape,67,0.9,0.56,0.48,0.584806,0.984048,0.960439,0.991607,0.967414,True,0.0,0,0.0,0.827149,False
antifragile_escape,68,0.9,0.56,0.48,0.591453,0.987511,0.972477,0.996526,0.977073,True,0.0,0,0.0,0.834312,False
antifragile_escape,69,0.9,0.56,0.48,0.60628,0.985711,0.973659,0.988919,0.977179,True,0.0,0,0.0,0.838783,False
antifragile_escape,70,0.9,0.56,0.48,0.604669,0.986592,0.972471,1.0,0.9768,True,0.0,0,0.0,0.839622,False
antifragile_escape,71,0.9,0.56,0.48,0.608642,0.987238,0.97077,1.0,0.975833,True,0.0,0,0.0,0.840825,False
antifragile_escape,72,0.9,0.56,0.48,0.608871,0.99336,0.968113,0.999773,0.975466,True,0.0,0,0.0,0.84146,False
antifragile_escape,73,0.9,0.56,0.48,0.618104,1.0,0.973065,1.0,0.980229,True,0.0,0,0.0,0.847659,False
antifragile_escape,74,0.9,0.56,0.48,0.623595,0.994341,0.972227,1.0,0.97867,True,0.0,0,0.0,0.848389,False
antifragile_escape,75,0.9,0.56,0.48,0.615894,0.986562,0.964484,1.0,0.971237,True,0.0,0,0.0,0.841776,False
antifragile_escape,76,0.9,0.56,0.48,0.630394,0.975449,0.973707,1.0,0.972848,True,0.0,0,0.0,0.847139,False
antifragile_escape,77,0.9,0.56,0.48,0.631568,0.982504,0.977525,0.992145,0.978899,True,0.0,0,0.0,0.849169,False
antifragile_escape,78,0.9,0.56,0.48,0.618068,0.98151,0.984793,0.99241,0.982357,True,0.0,0,0.0,0.84562,False
antifragile_escape,79,0.9,0.56,0.48,0.628783,0.987721,0.992951,0.997805,0.989325,True,0.0,0,0.0,0.85387,False
antifragile_escape,80,0.9,0.56,0.48,0.638246,0.989554,0.993626,0.996424,0.990804,True,0.0,0,0.0,0.857902,False
antifragile_escape,81,0.9,0.56,0.48,0.634203,0.988067,0.9952,1.0,0.990255,True,0.0,0,0.0,0.856816,False
antifragile_escape,82,0.9,0.56,0.48,0.645831,0.994777,0.993905,1.0,0.99394,True,0.0,0,0.0,0.862651,False
antifragile_escape,83,0.9,0.56,0.48,0.660008,0.998694,0.986882,1.0,0.990177,True,0.0,0,0.0,0.867028,False
antifragile_escape,84,0.9,0.56,0.48,0.662159,1.0,0.990414,0.99378,0.991356,True,0.0,0,0.0,0.867987,False
antifragile_escape,85,0.9,0.56,0.48,0.654608,0.996246,0.997057,0.996043,0.996076,True,0.0,0,0.0,0.866521,False
antifragile_escape,86,0.9,0.56,0.48,0.66178,0.995959,0.99719,1.0,0.996279,True,0.0,0,0.0,0.869797,False
antifragile_escape,87,0.9,0.56,0.48,0.665702,0.994165,0.987731,0.994477,0.989482,True,0.0,0,0.0,0.867673,False
antifragile_escape,88,0.9,0.56,0.48,0.67238,0.986338,0.97873,0.993913,0.981058,True,0.0,0,0.0,0.866091,False
antifragile_escape,89,0.9,0.56,0.48,0.674486,0.994447,0.981258,0.996859,0.985026,True,0.0,0,0.0,0.869695,False
antifragile_escape,90,0.9,0.56,0.48,0.685586,0.992547,0.986804,0.992036,0.988256,True,0.0,0,0.0,0.874282,False
antifragile_escape,91,0.9,0.56,0.48,0.692002,0.991769,0.98949,0.990594,0.989827,True,0.0,0,0.0,0.87705,False
antifragile_escape,92,0.9,0.56,0.48,0.708446,0.998224,0.985131,0.994189,0.987861,True,0.0,0,0.0,0.883943,False
antifragile_escape,93,0.9,0.56,0.48,0.702569,1.0,0.975198,0.999864,0.981776,True,0.0,0,0.0,0.880306,False
antifragile_escape,94,0.9,0.56,0.48,0.704476,1.0,0.979171,0.994908,0.983824,True,0.0,0,0.0,0.881298,False
antifragile_escape,95,0.9,0.56,0.48,0.708983,0.992464,0.97856,1.0,0.982793,True,0.0,0,0.0,0.882133,False
antifragile_escape,96,0.9,0.56,0.48,0.718322,0.985469,0.981924,1.0,0.982483,True,0.0,0,0.0,0.884991,False
antifragile_escape,97,0.9,0.56,0.48,0.728202,0.987934,0.981844,0.99635,0.983654,True,0.0,0,0.0,0.888804,False
antifragile_escape,98,0.9,0.56,0.48,0.734519,0.989287,0.985545,0.988396,0.986386,True,0.0,0,0.0,0.891329,False
antifragile_escape,99,0.9,0.56,0.48,0.754555,0.989967,0.985458,0.990478,0.986717,True,0.0,0,0.0,0.89938,False
antifragile_escape,100,0.9,0.56,0.48,0.749966,0.991383,0.980945,0.987382,0.982915,True,0.0,0,0.0,0.896189,False
antifragile_escape,101,0.9,0.56,0.48,0.764344,1.0,0.984008,0.98537,0.983639,True,0.0,0,0.0,0.903561,False
antifragile_escape,102,0.9,0.56,0.48,0.764524,0.996573,0.973671,0.994033,0.97938,True,0.0,0,0.0,0.901853,False
antifragile_escape,103,0.9,0.56,0.48,0.787466,0.988303,0.982936,0.994571,0.984562,True,0.0,0,0.0,0.911448,False
antifragile_escape,104,0.9,0.56,0.48,0.777884,0.997341,0.98799,0.994444,0.989936,True,0.0,0,0.0,0.91097,False
antifragile_escape,105,0.9,0.56,0.48,0.77536,0.993916,0.985445,0.983436,0.983739,True,0.0,0,0.0,0.906652,False
antifragile_escape,106,0.9,0.56,0.48,0.788493,0.989828,0.987819,0.982168,0.983848,True,0.0,0,0.0,0.911169,False
antifragile_escape,107,0.9,0.56,0.48,0.787072,0.984726,0.99437,0.982134,0.982602,True,0.0,0,0.0,0.910736,False
antifragile_escape,108,0.9,0.56,0.48,0.791043,0.979469,1.0,0.986269,0.981321,True,0.0,0,0.0,0.912737,False
antifragile_escape,109,0.9,0.56,0.48,0.804168,0.975955,0.999236,0.98551,0.978778,True,0.0,0,0.0,0.916543,False
antifragile_escape,110,0.9,0.56,0.48,0.805659,0.984445,1.0,0.977717,0.979455,True,0.0,0,0.0,0.917765,False
antifragile_escape,111,0.9,0.56,0.48,0.822577,0.984207,0.996116,0.97651,0.978756,True,0.0,0,0.0,0.9232,False
antifragile_escape,112,0.9,0.56,0.48,0.837562,0.982159,1.0,0.97728,0.978179,True,0.0,0,0.0,0.929263,False
antifragile_escape,113,0.9,0.56,0.48,0.843215,0.987628,1.0,0.981465,0.983147,True,0.0,0,0.0,0.933578,False
antifragile_escape,114,0.9,0.56,0.48,0.844953,0.999363,0.994558,0.981854,0.985647,True,0.0,0,0.0,0.935725,False
antifragile_escape,115,0.9,0.56,0.48,0.851772,0.996799,0.996554,0.981197,0.985313,True,0.0,0,0.0,0.938082,False
antifragile_escape,116,0.9,0.56,0.48,0.855449,0.990258,0.986215,0.982387,0.983555,True,0.0,0,0.0,0.936396,False
antifragile_escape,117,0.9,0.56,0.48,0.863262,0.993852,0.974889,0.974566,0.973439,True,0.0,0,0.0,0.935665,False
antifragile_escape,118,0.9,0.56,0.48,0.858485,0.997637,0.97126,0.975542,0.971656,True,0.0,0,0.0,0.9338,False
antifragile_escape,119,0.9,0.56,0.48,0.866577,0.998504,0.969134,0.969721,0.967467,True,0.0,0,0.0,0.935331,False
antifragile_escape,120,0.9,0.56,0.48,0.860475,1.0,0.985497,0.978415,0.980335,True,0.0,0,0.0,0.938988,False
antifragile_escape,121,0.9,0.56,0.48,0.86339,0.988367,0.977848,0.986535,0.98035,True,0.0,0,0.0,0.937764,False
antifragile_escape,122,0.9,0.56,0.48,0.861396,0.987602,0.97191,0.979438,0.974203,True,0.0,0,0.0,0.934068,False
antifragile_escape,123,0.9,0.56,0.48,0.857864,0.983398,0.967773,0.982976,0.971871,True,0.0,0,0.0,0.93144,False
antifragile_escape,124,0.9,0.56,0.48,0.860035,0.987306,0.967553,0.98164,0.971774,True,0.0,0,0.0,0.93273,False
antifragile_escape,125,0.9,0.56,0.48,0.868981,0.986672,0.968672,0.977309,0.971303,True,0.0,0,0.0,0.935554,False
antifragile_escape,126,0.9,0.56,0.48,0.878734,0.989603,0.972018,0.979439,0.974226,True,0.0,0,0.0,0.941039,False
antifragile_escape,127,0.9,0.56,0.48,0.887905,0.995417,0.978034,0.979237,0.977492,True,0.0,0,0.0,0.947018,False
antifragile_escape,128,0.9,0.56,0.48,0.893333,0.999301,0.980157,0.981126,0.979377,True,0.0,0,0.0,0.950652,False
antifragile_escape,129,0.9,0.56,0.48,0.902544,1.0,0.978297,0.981922,0.978671,True,0.0,0,0.0,0.95397,False
antifragile_escape,130,0.9,0.56,0.48,0.90224,1.0,0.974685,0.979432,0.975366,True,0.0,0,0.0,0.952459,False
antifragile_escape,131,0.9,0.56,0.48,0.899779,0.98975,0.978972,0.996633,0.982273,True,0.0,0,0.0,0.953687,False
antifragile_escape,132,0.9,0.56,0.48,0.890045,0.995351,0.975022,1.0,0.980905,True,0.0,0,0.0,0.950593,False
antifragile_escape,133,0.9,0.56,0.48,0.88859,0.994374,0.980059,0.998635,0.984269,True,0.0,0,0.0,0.950983,False
antifragile_escape,134,0.9,0.56,0.48,0.8906,0.986853,0.982832,0.987942,0.984007,True,0.0,0,0.0,0.949364,False
antifragile_escape,135,0.9,0.56,0.48,0.900275,0.988929,0.98671,0.987788,0.987039,True,0.0,0,0.0,0.954454,False
antifragile_escape,136,0.9,0.56,0.48,0.911272,0.991823,0.992536,0.99253,0.992012,True,0.0,0,0.0,0.961464,False
antifragile_escape,137,0.9,0.56,0.48,0.904121,0.994505,0.995959,0.999219,0.994886,True,0.0,0,0.0,0.961126,False
antifragile_escape,138,0.9,0.56,0.48,0.90047,0.997372,0.995611,0.98792,0.990146,True,0.0,0,0.0,0.958042,False
antifragile_escape,139,0.9,0.56,0.48,0.88925,0.991752,1.0,0.999106,0.993812,True,0.0,0,0.0,0.955563,False
antifragile_escape,140,0.9,0.56,0.48,0.890215,0.99217,1.0,0.996166,0.993395,True,0.0,0,0.0,0.955543,False
antifragile_escape,141,0.9,0.56,0.48,0.906205,0.990074,1.0,0.987378,0.987871,True,0.0,0,0.0,0.959349,False
antifragile_escape,142,0.9,0.56,0.48,0.914766,0.980311,0.993667,0.992661,0.983718,True,0.0,0,0.0,0.959946,False
antifragile_escape,143,0.9,0.56,0.48,0.915813,0.976205,0.992468,0.994612,0.980776,True,0.0,0,0.0,0.959309,False
antifragile_escape,144,0.9,0.56,0.48,0.898412,0.971681,0.99357,0.994124,0.977574,True,0.0,0,0.0,0.951628,False
antifragile_escape,145,0.9,0.56,0.48,0.904152,0.970407,0.990535,0.992766,0.976022,True,0.0,0,0.0,0.952657,False
antifragile_escape,146,0.9,0.56,0.48,0.904361,0.966594,0.990343,0.994008,0.97332,True,0.0,0,0.0,0.951866,False
antifragile_escape,147,0.9,0.56,0.48,0.905559,0.973002,0.997925,0.993743,0.97896,True,0.0,0,0.0,0.955478,False
antifragile_escape,148,0.9,0.56,0.48,0.906526,0.971996,1.0,0.995252,0.978682,True,0.0,0,0.0,0.956216,False
antifragile_escape,149,0.9,0.56,0.48,0.901124,0.96674,1.0,0.994278,0.974665,True,0.0,0,0.0,0.952599,False
antifragile_escape,150,0.9,0.56,0.48,0.916173,0.969083,1.0,0.993562,0.976227,True,0.0,0,0.0,0.958827,False
antifragile_escape,151,0.9,0.56,0.48,0.918417,0.961393,0.999472,0.995464,0.970921,True,0.0,0,0.0,0.957829,False
antifragile_escape,152,0.9,0.56,0.48,0.922705,0.948144,0.998919,1.0,0.961789,True,0.0,0,0.0,0.956514,False
antifragile_escape,153,0.9,0.56,0.48,0.919817,0.952707,0.994488,0.991877,0.963447,True,0.0,0,0.0,0.954502,False
antifragile_escape,154,0.9,0.56,0.48,0.92415,0.942401,0.987701,0.992098,0.954973,True,0.0,0,0.0,0.952086,False
antifragile_escape,155,0.9,0.56,0.48,0.930908,0.936242,0.992227,0.985151,0.950049,True,0.0,0,0.0,0.952796,False
antifragile_escape,156,0.9,0.56,0.48,0.920782,0.930936,0.994883,0.995427,0.948016,True,0.0,0,0.0,0.949666,False
antifragile_escape,157,0.9,0.56,0.48,0.928885,0.932395,0.988825,0.992576,0.947867,True,0.0,0,0.0,0.951501,False
antifragile_escape,158,0.9,0.56,0.48,0.922255,0.936131,0.982305,0.994639,0.94962,True,0.0,0,0.0,0.948979,False
antifragile_escape,159,0.9,0.56,0.48,0.928226,0.934451,0.991092,0.996686,0.950181,True,0.0,0,0.0,0.952881,False
antifragile_escape,160,0.9,0.56,0.48,0.925781,0.936072,0.98538,0.994269,0.950149,True,0.0,0,0.0,0.950874,False
antifragile_escape,161,0.9,0.56,0.48,0.923574,0.930032,0.977185,0.980343,0.942963,True,0.0,0,0.0,0.944661,False
antifragile_escape,162,0.9,0.56,0.48,0.932194,0.921813,0.969424,0.991474,0.936194,True,0.0,0,0.0,0.945806,False
antifragile_escape,163,0.9,0.56,0.48,0.938363,0.927199,0.973998,0.982507,0.940566,True,0.0,0,0.0,0.949212,False
antifragile_escape,164,0.9,0.56,0.48,0.929017,0.943304,0.964939,0.976563,0.949887,True,0.0,0,0.0,0.947215,False
antifragile_escape,165,0.9,0.56,0.48,0.920644,0.952531,0.98016,0.974168,0.958866,True,0.0,0,0.0,0.949176,False
antifragile_escape,166,0.9,0.56,0.48,0.906348,0.951996,0.978651,0.970766,0.957635,True,0.0,0,0.0,0.942752,False
antifragile_escape,167,0.9,0.56,0.48,0.913109,0.954876,0.977173,0.96473,0.957838,True,0.0,0,0.0,0.944753,False
antifragile_escape,168,0.9,0.56,0.48,0.91681,0.96109,0.982361,0.95689,0.957303,True,0.0,0,0.0,0.94705,False
antifragile_escape,169,0.9,0.56,0.48,0.914365,0.955515,0.987238,0.959843,0.955593,True,0.0,0,0.0,0.946204,False
antifragile_escape,170,0.9,0.56,0.48,0.921137,0.957639,0.994686,0.963449,0.958096,True,0.0,0,0.0,0.951305,False
antifragile_escape,171,0.9,0.56,0.48,0.936581,0.95916,0.992965,0.959138,0.956871,True,0.0,0,0.0,0.956387,False
antifragile_escape,172,0.9,0.56,0.48,0.950077,0.959657,1.0,0.948119,0.950353,True,0.0,0,0.0,0.960547,False
antifragile_escape,173,0.9,0.56,0.48,0.953356,0.956086,1.0,0.948739,0.949037,True,0.0,0,0.0,0.961079,False
antifragile_escape,174,0.9,0.56,0.48,0.957164,0.94493,0.995441,0.955643,0.946867,True,0.0,0,0.0,0.960403,False
antifragile_escape,175,0.9,0.56,0.48,0.954133,0.953866,1.0,0.959614,0.953712,True,0.0,0,0.0,0.963058,False
antifragile_escape,176,0.9,0.56,0.48,0.955817,0.949946,0.994031,0.954139,0.949151,True,0.0,0,0.0,0.960604,False
antifragile_escape,177,0.9,0.56,0.48,0.95114,0.941545,0.995465,0.956446,0.94516,True,0.0,0,0.0,0.957416,False
antifragile_escape,178,0.9,0.56,0.48,0.949393,0.944467,0.99743,0.955776,0.946533,True,0.0,0,0.0,0.957703,False
antifragile_escape,179,0.9,0.56,0.48,0.959195,0.94752,0.995946,0.954498,0.94782,True,0.0,0,0.0,0.961686,False
antifragile_escape,180,0.9,0.56,0.48,0.956347,0.944816,0.989282,0.958029,0.948195,True,0.0,0,0.0,0.959457,False
antifragile_escape,181,0.9,0.56,0.48,0.952683,0.947599,0.983287,0.957022,0.9498,True,0.0,0,0.0,0.957538,False
antifragile_escape,182,0.9,0.56,0.48,0.961098,0.944553,0.989685,0.95639,0.947302,True,0.0,0,0.0,0.960951,False
antifragile_escape,183,0.9,0.56,0.48,0.954672,0.947159,0.995258,0.958885,0.949695,True,0.0,0,0.0,0.960618,False
antifragile_escape,184,0.9,0.56,0.48,0.96971,0.94635,0.993443,0.962509,0.950826,True,0.0,0,0.0,0.966503,False
antifragile_escape,185,0.9,0.56,0.48,0.98264,0.949571,0.995111,0.967366,0.954754,True,0.0,0,0.0,0.973448,False
antifragile_escape,186,0.9,0.56,0.48,0.987608,0.949881,1.0,0.973811,0.957166,True,0.0,0,0.0,0.977463,False
antifragile_escape,187,0.9,0.56,0.48,0.991249,0.952035,1.0,0.966184,0.955636,True,0.0,0,0.0,0.977983,False
antifragile_escape,188,0.9,0.56,0.48,0.98775,0.947187,0.996137,0.970655,0.954336,True,0.0,0,0.0,0.975555,False
antifragile_escape,189,0.9,0.56,0.48,0.992921,0.940876,0.993443,0.974754,0.951198,True,0.0,0,0.0,0.976097,False
antifragile_escape,190,0.9,0.56,0.48,0.990725,0.943005,1.0,0.975143,0.952885,True,0.0,0,0.0,0.977083,False
antifragile_escape,191,0.9,0.56,0.48,0.992935,0.944675,0.999093,0.975442,0.954133,True,0.0,0,0.0,0.978251,False
antifragile_escape,192,0.9,0.56,0.48,0.988834,0.944864,0.998119,0.972527,0.953352,True,0.0,0,0.0,0.97605,False
antifragile_escape,193,0.9,0.56,0.48,0.992922,0.951281,0.997561,0.97546,0.958702,True,0.0,0,0.0,0.97971,False
antifragile_escape,194,0.9,0.56,0.48,1.0,0.95449,1.0,0.980221,0.9624,True,0.0,0,0.0,0.984527,False
antifragile_escape,195,0.9,0.56,0.48,1.0,0.956852,1.0,0.976697,0.962861,True,0.0,0,0.0,0.984514,False
antifragile_escape,196,0.9,0.56,0.48,1.0,0.960189,0.995055,0.976705,0.965212,True,0.0,0,0.0,0.984508,False
antifragile_escape,197,0.9,0.56,0.48,0.985878,0.959652,0.994208,0.9762,0.964692,True,0.0,0,0.0,0.978759,False
antifragile_escape,198,0.9,0.56,0.48,0.979751,0.955495,0.978649,0.973781,0.960836,True,0.0,0,0.0,0.972081,False
antifragile_escape,199,0.9,0.56,0.48,0.979272,0.963013,0.984231,0.974762,0.966625,True,0.0,0,0.0,0.975089,False
antifragile_escape,200,0.9,0.56,0.48,0.991081,0.96362,0.97963,0.964959,0.963238,True,0.0,0,0.0,0.977079,False
antifragile_escape,201,0.9,0.56,0.48,1.0,0.977992,0.980399,0.961053,0.965831,True,0.0,0,0.0,0.982958,False
antifragile_escape,202,0.9,0.56,0.48,1.0,0.967836,0.984086,0.966723,0.966136,True,0.0,0,0.0,0.982623,False
antifragile_escape,203,0.9,0.56,0.48,1.0,0.971856,0.985423,0.962707,0.965396,True,0.0,0,0.0,0.982937,False
antifragile_escape,204,0.9,0.56,0.48,1.0,0.977062,0.971197,0.971096,0.970748,True,0.0,0,0.0,0.98313,False
antifragile_escape,205,0.9,0.56,0.48,1.0,0.980864,0.975113,0.967806,0.970052,True,0.0,0,0.0,0.983975,False
antifragile_escape,206,0.9,0.56,0.48,0.997131,0.977587,0.982362,0.974285,0.97526,True,0.0,0,0.0,0.985132,False
antifragile_escape,207,0.9,0.56,0.48,0.994862,0.974152,0.987104,0.968789,0.970147,True,0.0,0,0.0,0.983122,False
antifragile_escape,208,0.9,0.56,0.48,1.0,0.97413,0.993417,0.967575,0.969051,True,0.0,0,0.0,0.985905,False
antifragile_escape,209,0.9,0.56,0.48,0.995782,0.98074,0.988947,0.970309,0.973516,True,0.0,0,0.0,0.985606,False
antifragile_escape,210,0.9,0.56,0.48,0.99096,0.977463,0.997461,0.972101,0.973066,True,0.0,0,0.0,0.984913,False
antifragile_escape,211,0.9,0.56,0.48,0.997002,0.977028,1.0,0.974359,0.974012,True,0.0,0,0.0,0.988018,False
antifragile_escape,212,0.9,0.56,0.48,1.0,0.966432,1.0,0.986828,0.972682,True,0.0,0,0.0,0.988835,False
antifragile_escape,213,0.9,0.56,0.48,0.989734,0.964714,1.0,0.989342,0.972125,True,0.0,0,0.0,0.98491,False
antifragile_escape,214,0.9,0.56,0.48,0.987852,0.962047,1.0,0.997581,0.971796,True,0.0,0,0.0,0.984829,False
antifragile_escape,215,0.9,0.56,0.48,0.9951,0.954801,0.992032,1.0,0.965534,True,0.0,0,0.0,0.984432,False
antifragile_escape,216,0.9,0.56,0.48,0.996895,0.957512,0.985363,0.993854,0.965716,True,0.0,0,0.0,0.983563,False
antifragile_escape,217,0.9,0.56,0.48,1.0,0.964714,0.989292,0.994417,0.971788,True,0.0,0,0.0,0.987554,False
antifragile_escape,218,0.9,0.56,0.48,0.996538,0.960929,0.983077,0.991461,0.967541,True,0.0,0,0.0,0.983515,False
antifragile_escape,219,0.9,0.56,0.48,1.0,0.949095,0.978694,0.998855,0.958178,True,0.0,0,0.0,0.981823,False
antifragile_escape,220,0.9,0.56,0.48,0.992264,0.964228,0.978938,1.0,0.968577,True,0.0,0,0.0,0.983059,False
antifragile_escape,221,0.9,0.56,0.48,0.992923,0.960563,0.992081,1.0,0.969736,True,0.0,0,0.0,0.985155,False
antifragile_escape,222,0.9,0.56,0.48,1.0,0.955316,0.999901,0.994941,0.966428,True,0.0,0,0.0,0.987202,False
antifragile_escape,223,0.9,0.56,0.48,0.990485,0.943947,1.0,0.990186,0.957269,True,0.0,0,0.0,0.979793,False
antifragile_escape,224,0.9,0.56,0.48,0.99841,0.957766,1.0,0.988834,0.967012,True,0.0,0,0.0,0.986272,False
antifragile_escape,225,0.9,0.56,0.48,1.0,0.965327,0.997939,0.989258,0.972453,True,0.0,0,0.0,0.988578,False
antifragile_escape,226,0.9,0.56,0.48,1.0,0.965208,0.997259,0.997748,0.973796,True,0.0,0,0.0,0.989784,False
antifragile_escape,227,0.9,0.56,0.48,1.0,0.976204,0.994994,1.0,0.981693,True,0.0,0,0.0,0.992619,False
antifragile_escape,228,0.9,0.56,0.48,1.0,0.969516,0.990956,1.0,0.975958,True,0.0,0,0.0,0.99,False
antifragile_escape,229,0.9,0.56,0.48,1.0,0.966103,0.996563,1.0,0.974607,True,0.0,0,0.0,0.990233,False
antifragile_escape,230,0.9,0.56,0.48,0.995912,0.975214,1.0,1.0,0.981806,True,0.0,0,0.0,0.991802,False
antifragile_escape,231,0.9,0.56,0.48,1.0,0.975227,1.0,1.0,0.981816,True,0.0,0,0.0,0.993359,False
antifragile_escape,232,0.9,0.56,0.48,0.994631,0.970622,0.993708,0.995488,0.976979,True,0.0,0,0.0,0.988145,False
antifragile_escape,233,0.9,0.56,0.48,0.998015,0.97249,0.996837,0.991812,0.978125,True,0.0,0,0.0,0.989953,False
antifragile_escape,234,0.9,0.56,0.48,0.999473,0.970428,0.999793,0.980954,0.9734,True,0.0,0,0.0,0.988581,False
antifragile_escape,235,0.9,0.56,0.48,1.0,0.960583,1.0,0.990394,0.969395,True,0.0,0,0.0,0.987888,False
antifragile_escape,236,0.9,0.56,0.48,1.0,0.968071,0.997199,0.995789,0.97562,True,0.0,0,0.0,0.990233,False
antifragile_escape,237,0.9,0.56,0.48,0.999779,0.9639,0.99931,1.0,0.973408,True,0.0,0,0.0,0.990103,False
antifragile_escape,238,0.9,0.56,0.48,0.993209,0.958112,1.0,1.0,0.969253,True,0.0,0,0.0,0.98619,False
antifragile_escape,239,0.9,0.56,0.48,0.993714,0.96353,0.998563,0.99773,0.972734,True,0.0,0,0.0,0.987198,False
antifragile_escape,240,0.9,0.56,0.48,1.0,0.949009,1.0,0.994992,0.961828,True,0.0,0,0.0,0.98554,False
antifragile_escape,241,0.9,0.56,0.48,1.0,0.945724,0.99592,0.994308,0.958852,True,0.0,0,0.0,0.983761,False
antifragile_escape,242,0.9,0.56,0.48,1.0,0.937345,0.990805,1.0,0.952569,True,0.0,0,0.0,0.981375,False
antifragile_escape,243,0.9,0.56,0.48,1.0,0.937004,0.987029,1.0,0.951591,True,0.0,0,0.0,0.980517,False
antifragile_escape,244,0.9,0.56,0.48,1.0,0.944816,0.982949,0.996432,0.956152,True,0.0,0,0.0,0.981236,False
antifragile_escape,245,0.9,0.56,0.48,1.0,0.947455,0.995833,0.998519,0.960658,True,0.0,0,0.0,0.984863,False
antifragile_escape,246,0.9,0.56,0.48,1.0,0.948712,0.996175,1.0,0.9618,True,0.0,0,0.0,0.985496,False
antifragile_escape,247,0.9,0.56,0.48,1.0,0.953396,0.992998,0.994314,0.964097,True,0.0,0,0.0,0.985246,False
antifragile_escape,248,0.9,0.56,0.48,0.997873,0.95491,0.984161,0.995124,0.963637,True,0.0,0,0.0,0.983178,False
antifragile_escape,249,0.9,0.56,0.48,0.997933,0.962064,0.987304,0.99863,0.969675,True,0.0,0,0.0,0.98627,False
antifragile_escape,250,0.9,0.56,0.48,1.0,0.955656,0.996724,1.0,0.966977,True,0.0,0,0.0,0.987466,False
antifragile_escape,251,0.9,0.56,0.48,0.99676,0.957435,0.993962,1.0,0.967815,True,0.0,0,0.0,0.986158,False
antifragile_escape,252,0.9,0.56,0.48,0.984051,0.965,0.993594,0.997091,0.97301,True,0.0,0,0.0,0.98284,False
antifragile_escape,253,0.9,0.56,0.48,0.990519,0.960323,0.980189,0.999591,0.966408,True,0.0,0,0.0,0.981601,False
antifragile_escape,254,0.9,0.56,0.48,0.992522,0.954214,0.981111,0.990812,0.96222,True,0.0,0,0.0,0.979697,False
antifragile_escape,255,0.9,0.56,0.48,0.990116,0.960175,0.979305,0.988305,0.965958,True,0.0,0,0.0,0.979628,False
antifragile_escape,256,0.9,0.56,0.48,0.996536,0.962989,0.977493,0.984956,0.967394,True,0.0,0,0.0,0.981951,False
antifragile_escape,257,0.9,0.56,0.48,1.0,0.966405,0.976859,0.984427,0.969616,True,0.0,0,0.0,0.983961,False
antifragile_escape,258,0.9,0.56,0.48,0.991162,0.963524,0.970494,0.995361,0.964845,True,0.0,0,0.0,0.979897,False
antifragile_escape,259,0.9,0.56,0.48,0.977141,0.955156,0.970279,0.992618,0.959604,True,0.0,0,0.0,0.972011,False
antifragile_escape,260,0.9,0.56,0.48,0.996299,0.95791,0.97371,0.98861,0.962755,True,0.0,0,0.0,0.980221,False
antifragile_escape,261,0.9,0.56,0.48,0.996855,0.957035,0.977891,0.97906,0.962728,True,0.0,0,0.0,0.979688,False
antifragile_escape,262,0.9,0.56,0.48,1.0,0.965563,0.971872,0.973931,0.967429,True,0.0,0,0.0,0.98118,False
antifragile_escape,263,0.9,0.56,0.48,1.0,0.966634,0.969637,0.968358,0.967164,True,0.0,0,0.0,0.980158,False
antifragile_escape,264,0.9,0.56,0.48,1.0,0.964494,0.966119,0.97826,0.964403,True,0.0,0,0.0,0.980195,False
antifragile_escape,265,0.9,0.56,0.48,1.0,0.961991,0.968251,0.978354,0.963802,True,0.0,0,0.0,0.980069,False
antifragile_escape,266,0.9,0.56,0.48,1.0,0.961925,0.973352,0.974266,0.965075,True,0.0,0,0.0,0.980556,False
antifragile_escape,267,0.9,0.56,0.48,0.996665,0.970087,0.975743,0.976972,0.971719,True,0.0,0,0.0,0.982365,False
antifragile_escape,268,0.9,0.56,0.48,1.0,0.975265,0.967688,0.97325,0.969344,True,0.0,0,0.0,0.982308,False
antifragile_escape,269,0.9,0.56,0.48,1.0,0.976774,0.959978,0.972641,0.963724,True,0.0,0,0.0,0.980432,False
antifragile_escape,270,0.9,0.56,0.48,1.0,0.967297,0.963936,0.975445,0.964785,True,0.0,0,0.0,0.979958,False
antifragile_escape,271,0.9,0.56,0.48,1.0,0.965401,0.969551,0.967541,0.966057,True,0.0,0,0.0,0.979674,False
antifragile_escape,272,0.9,0.56,0.48,1.0,0.953129,0.969925,0.962055,0.955871,True,0.0,0,0.0,0.975542,False
antifragile_escape,273,0.9,0.56,0.48,0.994978,0.956593,0.97063,0.971201,0.960399,True,0.0,0,0.0,0.976208,False
antifragile_escape,274,0.9,0.56,0.48,0.992429,0.955963,0.96314,0.974203,0.958058,True,0.0,0,0.0,0.973917,False
antifragile_escape,275,0.9,0.56,0.48,1.0,0.953095,0.962256,0.971254,0.9559,True,0.0,0,0.0,0.975447,False
antifragile_escape,276,0.9,0.56,0.48,1.0,0.953694,0.969514,0.968115,0.957696,True,0.0,0,0.0,0.976637,False
antifragile_escape,277,0.9,0.56,0.48,1.0,0.954529,0.968222,0.9833,0.958696,True,0.0,0,0.0,0.978801,False
antifragile_escape,278,0.9,0.56,0.48,1.0,0.950919,0.979558,0.988948,0.959394,True,0.0,0,0.0,0.981066,False
antifragile_escape,279,0.9,0.56,0.48,1.0,0.953428,0.976859,0.993714,0.960625,True,0.0,0,0.0,0.981847,False
antifragile_escape,280,0.9,0.56,0.48,1.0,0.954089,0.979899,0.995214,0.961976,True,0.0,0,0.0,0.982885,False
antifragile_escape,281,0.9,0.56,0.48,0.998472,0.965151,0.97399,0.997873,0.967257,True,0.0,0,0.0,0.984238,False
antifragile_escape,282,0.9,0.56,0.48,1.0,0.960413,0.970089,0.992096,0.962931,True,0.0,0,0.0,0.981936,False
antifragile_escape,283,0.9,0.56,0.48,0.992616,0.958318,0.957761,0.993693,0.955636,True,0.0,0,0.0,0.975882,False
antifragile_escape,284,0.9,0.56,0.48,0.984311,0.965649,0.950743,0.998599,0.954668,True,0.0,0,0.0,0.973353,False
antifragile_escape,285,0.9,0.56,0.48,1.0,0.970819,0.94566,0.993124,0.953387,True,0.0,0,0.0,0.97841,False
antifragile_escape,286,0.9,0.56,0.48,1.0,0.970375,0.954358,0.988766,0.959217,True,0.0,0,0.0,0.979985,False
antifragile_escape,287,0.9,0.56,0.48,1.0,0.975811,0.954295,0.987253,0.96084,True,0.0,0,0.0,0.980935,False
antifragile_escape,288,0.9,0.56,0.48,0.99515,0.978195,0.954364,0.987952,0.961512,True,0.0,0,0.0,0.979712,False
antifragile_escape,289,0.9,0.56,0.48,0.989251,0.977205,0.95639,0.983964,0.962546,True,0.0,0,0.0,0.977223,False
antifragile_escape,290,0.9,0.56,0.48,1.0,0.979393,0.968011,0.975285,0.970229,True,0.0,0,0.0,0.9835,False
antifragile_escape,291,0.9,0.56,0.48,1.0,0.974309,0.970442,0.969129,0.969425,True,0.0,0,0.0,0.982064,False
antifragile_escape,292,0.9,0.56,0.48,1.0,0.976447,0.959904,0.963934,0.960775,True,0.0,0,0.0,0.978787,False
antifragile_escape,293,0.9,0.56,0.48,1.0,0.960744,0.968147,0.965461,0.962183,True,0.0,0,0.0,0.977827,False
antifragile_escape,294,0.9,0.56,0.48,1.0,0.957449,0.964641,0.968288,0.959631,True,0.0,0,0.0,0.976692,False
antifragile_escape,295,0.9,0.56,0.48,1.0,0.960441,0.968108,0.973658,0.962796,True,0.0,0,0.0,0.978987,False
antifragile_escape,296,0.9,0.56,0.48,1.0,0.956812,0.970644,0.97281,0.960732,True,0.0,0,0.0,0.978423,False
antifragile_escape,297,0.9,0.56,0.48,1.0,0.93922,0.972293,0.977196,0.948567,True,0.0,0,0.0,0.974708,False
antifragile_escape,298,0.9,0.56,0.48,0.996414,0.943087,0.97222,0.987496,0.951943,True,0.0,0,0.0,0.975875,False
antifragile_escape,299,0.9,0.56,0.48,0.989258,0.946071,0.975391,0.994008,0.955051,True,0.0,0,0.0,0.975548,False
antifragile_escape,300,0.9,0.56,0.48,0.985674,0.932498,0.973011,0.998691,0.944905,True,0.0,0,0.0,0.970753,False
antifragile_escape,301,0.9,0.56,0.48,0.995683,0.934713,0.981268,0.996945,0.948512,True,0.0,0,0.0,0.97663,False
antifragile_escape,302,0.9,0.56,0.48,1.0,0.945002,0.971395,0.994254,0.953112,True,0.0,0,0.0,0.978521,False
antifragile_escape,303,0.9,0.56,0.48,1.0,0.947521,0.9702,0.99891,0.954337,True,0.0,0,0.0,0.979557,False
antifragile_escape,304,0.9,0.56,0.48,1.0,0.950531,0.977867,1.0,0.958935,True,0.0,0,0.0,0.982184,False
antifragile_escape,305,0.9,0.56,0.48,1.0,0.951176,0.981645,0.999306,0.960478,True,0.0,0,0.0,0.983068,False
antifragile_escape,306,0.9,0.56,0.48,0.995137,0.959916,0.975164,0.996727,0.964432,True,0.0,0,0.0,0.98174,False
antifragile_escape,307,0.9,0.56,0.48,1.0,0.958165,0.971654,0.993486,0.962065,True,0.0,0,0.0,0.981903,False
antifragile_escape,308,0.9,0.56,0.48,0.981101,0.952969,0.988598,0.997159,0.96331,True,0.0,0,0.0,0.9775,False
antifragile_escape,309,0.9,0.56,0.48,0.984366,0.954295,0.993898,1.0,0.965509,True,0.0,0,0.0,0.980595,False
antifragile_escape,310,0.9,0.56,0.48,0.983648,0.959914,0.989828,0.9938,0.968324,True,0.0,0,0.0,0.98007,False
antifragile_escape,311,0.9,0.56,0.48,0.974727,0.955321,0.982961,0.995801,0.963671,True,0.0,0,0.0,0.974339,False
antifragile_escape,312,0.9,0.56,0.48,0.953177,0.949933,0.980464,0.992251,0.959058,True,0.0,0,0.0,0.963681,False
antifragile_escape,313,0.9,0.56,0.48,0.951869,0.9562,0.980733,0.992149,0.963612,True,0.0,0,0.0,0.964892,False
antifragile_escape,314,0.9,0.56,0.48,0.954999,0.952468,0.98213,0.990885,0.961187,True,0.0,0,0.0,0.965193,False
antifragile_escape,315,0.9,0.56,0.48,0.966534,0.95596,0.979792,0.991937,0.963194,True,0.0,0,0.0,0.970173,False
antifragile_escape,316,0.9,0.56,0.48,0.963193,0.957246,0.976462,0.986425,0.963084,True,0.0,0,0.0,0.967751,False
antifragile_escape,317,0.9,0.56,0.48,0.963924,0.961486,0.972756,1.0,0.964338,True,0.0,0,0.0,0.970175,False
antifragile_escape,318,0.9,0.56,0.48,0.977959,0.967013,0.984407,0.995278,0.972337,True,0.0,0,0.0,0.978899,False
antifragile_escape,319,0.9,0.56,0.48,0.98074,0.964982,0.988062,0.99628,0.971847,True,0.0,0,0.0,0.98033,False
antifragile_escape,320,0.9,0.56,0.48,0.994907,0.967961,0.993089,0.990715,0.974293,True,0.0,0,0.0,0.986669,False
antifragile_escape,321,0.9,0.56,0.48,1.0,0.969194,0.989485,0.987169,0.974241,True,0.0,0,0.0,0.987675,False
antifragile_escape,322,0.9,0.56,0.48,0.997928,0.962099,0.980689,0.98625,0.967568,True,0.0,0,0.0,0.983098,False
antifragile_escape,323,0.9,0.56,0.48,1.0,0.964601,0.982659,0.982061,0.969321,True,0.0,0,0.0,0.984314,False
antifragile_escape,324,0.9,0.56,0.48,1.0,0.969592,0.982436,0.988887,0.973488,True,0.0,0,0.0,0.986628,False
antifragile_escape,325,0.9,0.56,0.48,1.0,0.967249,0.971905,0.990715,0.968,True,0.0,0,0.0,0.983908,False
antifragile_escape,326,0.9,0.56,0.48,1.0,0.970424,0.970364,0.986057,0.969338,True,0.0,0,0.0,0.98371,False
antifragile_escape,327,0.9,0.56,0.48,1.0,0.967638,0.977601,0.981033,0.970595,True,0.0,0,0.0,0.983959,False
antifragile_escape,328,0.9,0.56,0.48,1.0,0.973484,0.975892,0.983129,0.974018,True,0.0,0,0.0,0.985408,False
antifragile_escape,329,0.9,0.56,0.48,0.981635,0.968565,0.976059,0.98132,0.970866,True,0.0,0,0.0,0.976942,False
antifragile_escape,330,0.9,0.56,0.48,0.994271,0.967251,0.970183,0.983635,0.967626,True,0.0,0,0.0,0.980385,False
antifragile_escape,331,0.9,0.56,0.48,0.996622,0.966143,0.984218,0.970512,0.967079,True,0.0,0,0.0,0.981703,False
antifragile_escape,332,0.9,0.56,0.48,1.0,0.962119,0.989927,0.975969,0.966356,True,0.0,0,0.0,0.983967,False
antifragile_escape,333,0.9,0.56,0.48,1.0,0.96219,0.989495,0.97597,0.96641,True,0.0,0,0.0,0.983908,False
antifragile_escape,334,0.9,0.56,0.48,1.0,0.967451,0.98232,0.970137,0.967803,True,0.0,0,0.0,0.982914,False
antifragile_escape,335,0.9,0.56,0.48,1.0,0.96959,0.985698,0.962145,0.964123,True,0.0,0,0.0,0.982347,False
antifragile_escape,336,0.9,0.56,0.48,0.998729,0.971196,0.991104,0.956965,0.961187,True,0.0,0,0.0,0.982049,False
antifragile_escape,337,0.9,0.56,0.48,1.0,0.988905,0.993085,0.967447,0.973599,True,0.0,0,0.0,0.989033,False
antifragile_escape,338,0.9,0.56,0.48,1.0,0.983187,0.999579,0.959096,0.966489,True,0.0,0,0.0,0.98715,False
antifragile_escape,339,0.9,0.56,0.48,1.0,0.967616,0.997545,0.963822,0.963507,True,0.0,0,0.0,0.984285,False
antifragile_escape,340,0.9,0.56,0.48,1.0,0.96315,0.989757,0.964102,0.961861,True,0.0,0,0.0,0.981921,False
antifragile_escape,341,0.9,0.56,0.48,1.0,0.971236,0.984856,0.966685,0.967697,True,0.0,0,0.0,0.983556,False
antifragile_escape,342,0.9,0.56,0.48,0.991146,0.963886,0.985225,0.979225,0.968474,True,0.0,0,0.0,0.980784,False
antifragile_escape,343,0.9,0.56,0.48,0.980941,0.945931,0.989913,0.979055,0.955732,True,0.0,0,0.0,0.972965,False
antifragile_escape,344,0.9,0.56,0.48,0.977495,0.949092,0.995187,0.976781,0.957583,True,0.0,0,0.0,0.973078,False
antifragile_escape,345,0.9,0.56,0.48,0.981298,0.953346,0.995196,0.98308,0.962262,True,0.0,0,0.0,0.976733,False
antifragile_escape,346,0.9,0.56,0.48,0.97427,0.966122,0.991662,0.980001,0.970388,True,0.0,0,0.0,0.97627,False
antifragile_escape,347,0.9,0.56,0.48,0.978408,0.964466,0.991721,0.980154,0.969286,True,0.0,0,0.0,0.977445,False
antifragile_escape,348,0.9,0.56,0.48,0.963148,0.976447,0.990999,0.984027,0.978773,True,0.0,0,0.0,0.975353,False
antifragile_escape,349,0.9,0.56,0.48,0.96298,0.972875,0.999994,0.980825,0.97489,True,0.0,0,0.0,0.975351,False
antifragile_escape,350,0.9,0.56,0.48,0.961377,0.970691,0.998521,0.988904,0.976229,True,0.0,0,0.0,0.975375,False
antifragile_escape,351,0.9,0.56,0.48,0.954451,0.959582,0.992025,0.984252,0.966863,True,0.0,0,0.0,0.9678,False
antifragile_escape,352,0.9,0.56,0.48,0.952178,0.948286,0.986073,0.991763,0.958974,True,0.0,0,0.0,0.963936,False
antifragile_escape,353,0.9,0.56,0.48,0.957278,0.943283,0.97713,0.98509,0.953094,True,0.0,0,0.0,0.961724,False
antifragile_escape,354,0.9,0.56,0.48,0.967823,0.949808,0.981362,0.980956,0.958146,True,0.0,0,0.0,0.967695,False
antifragile_escape,355,0.9,0.56,0.48,0.968852,0.949585,0.99395,0.970758,0.95603,True,0.0,0,0.0,0.96863,False
antifragile_escape,356,0.9,0.56,0.48,0.982146,0.941778,0.990206,0.968157,0.949886,True,0.0,0,0.0,0.970501,False
antifragile_escape,357,0.9,0.56,0.48,0.972979,0.946491,0.994396,0.971831,0.954273,True,0.0,0,0.0,0.969661,False
antifragile_escape,358,0.9,0.56,0.48,0.977271,0.942143,0.99251,0.985304,0.954415,True,0.0,0,0.0,0.972073,False
antifragile_escape,359,0.9,0.56,0.48,0.971371,0.944359,0.984546,0.978398,0.954078,True,0.0,0,0.0,0.967789,False
antifragile_escape,360,0.9,0.56,0.48,0.971416,0.951071,0.988319,0.981959,0.959955,True,0.0,0,0.0,0.970897,False
antifragile_escape,361,0.9,0.56,0.48,0.970686,0.953662,0.984778,0.980643,0.9613,True,0.0,0,0.0,0.970426,False
antifragile_escape,362,0.9,0.56,0.48,0.971496,0.955927,0.994633,0.979991,0.963287,True,0.0,0,0.0,0.973062,False
antifragile_escape,363,0.9,0.56,0.48,0.97957,0.947987,0.988125,0.975382,0.956264,True,0.0,0,0.0,0.972042,False
antifragile_escape,364,0.9,0.56,0.48,0.982448,0.952695,0.995889,0.977713,0.960381,True,0.0,0,0.0,0.976201,False
antifragile_escape,365,0.9,0.56,0.48,0.96939,0.954045,0.996124,0.979247,0.961776,True,0.0,0,0.0,0.971907,False
antifragile_escape,366,0.9,0.56,0.48,0.982915,0.959656,0.990428,0.976576,0.964858,True,0.0,0,0.0,0.977026,False
antifragile_escape,367,0.9,0.56,0.48,0.980312,0.96345,0.992757,0.970506,0.964955,True,0.0,0,0.0,0.976301,False
antifragile_escape,368,0.9,0.56,0.48,0.98473,0.953792,0.992591,0.972771,0.959586,True,0.0,0,0.0,0.975885,False
antifragile_escape,369,0.9,0.56,0.48,0.98563,0.959665,0.993859,0.965414,0.960272,True,0.0,0,0.0,0.976565,False
antifragile_escape,370,0.9,0.56,0.48,0.998211,0.967632,0.995917,0.975066,0.969362,True,0.0,0,0.0,0.985592,False
antifragile_escape,371,0.9,0.56,0.48,1.0,0.962798,1.0,0.978773,0.967571,True,0.0,0,0.0,0.98644,False
antifragile_escape,372,0.9,0.56,0.48,0.998254,0.965068,0.989974,0.983387,0.97052,True,0.0,0,0.0,0.98538,False
antifragile_escape,373,0.9,0.56,0.48,1.0,0.962623,0.988584,0.979171,0.967671,True,0.0,0,0.0,0.984422,False
antifragile_escape,374,0.9,0.56,0.48,1.0,0.971666,0.990934,0.979428,0.973948,True,0.0,0,0.0,0.987262,False
antifragile_escape,375,0.9,0.56,0.48,1.0,0.967242,0.990647,0.968899,0.966532,True,0.0,0,0.0,0.98405,False
antifragile_escape,376,0.9,0.56,0.48,1.0,0.968365,0.978081,0.973162,0.969831,True,0.0,0,0.0,0.982983,False
antifragile_escape,377,0.9,0.56,0.48,0.998293,0.972744,0.980038,0.970759,0.971123,True,0.0,0,0.0,0.983293,False
antifragile_escape,378,0.9,0.56,0.48,1.0,0.970822,0.973773,0.969337,0.969744,True,0.0,0,0.0,0.982104,False
antifragile_escape,379,0.9,0.56,0.48,1.0,0.962913,0.980222,0.953505,0.956141,True,0.0,0,0.0,0.977992,False
antifragile_escape,380,0.9,0.56,0.48,0.998638,0.964529,0.983979,0.961177,0.96135,True,0.0,0,0.0,0.980141,False
antifragile_escape,381,0.9,0.56,0.48,1.0,0.966399,0.974024,0.973341,0.968327,True,0.0,0,0.0,0.981743,False
antifragile_escape,382,0.9,0.56,0.48,1.0,0.969397,0.976187,0.970896,0.969685,True,0.0,0,0.0,0.982493,False
antifragile_escape,383,0.9,0.56,0.48,0.991117,0.969602,0.973271,0.967403,0.968035,True,0.0,0,0.0,0.977942,False
antifragile_escape,384,0.9,0.56,0.48,1.0,0.968138,0.978479,0.96834,0.967549,True,0.0,0,0.0,0.982065,False
antifragile_escape,385,0.9,0.56,0.48,1.0,0.966966,0.97472,0.971532,0.968368,True,0.0,0,0.0,0.981722,False
antifragile_escape,386,0.9,0.56,0.48,0.990875,0.957704,0.977764,0.967198,0.960591,True,0.0,0,0.0,0.975595,False
antifragile_escape,387,0.9,0.56,0.48,1.0,0.950907,0.969731,0.977888,0.956572,True,0.0,0,0.0,0.977408,False
antifragile_escape,388,0.9,0.56,0.48,1.0,0.946266,0.967261,0.971177,0.952271,True,0.0,0,0.0,0.974672,False
antifragile_escape,389,0.9,0.56,0.48,0.997386,0.95388,0.965499,0.965482,0.956968,True,0.0,0,0.0,0.974499,False
antifragile_escape,390,0.9,0.56,0.48,0.979993,0.95406,0.965155,0.971107,0.957436,True,0.0,0,0.0,0.968703,False
antifragile_escape,391,0.9,0.56,0.48,0.992888,0.959884,0.97335,0.971357,0.963153,True,0.0,0,0.0,0.976848,False
antifragile_escape,392,0.9,0.56,0.48,0.984718,0.964948,0.969245,0.96201,0.962876,True,0.0,0,0.0,0.972574,False
antifragile_escape,393,0.9,0.56,0.48,0.988362,0.96069,0.972105,0.951905,0.954537,True,0.0,0,0.0,0.971292,False
antifragile_escape,394,0.9,0.56,0.48,1.0,0.966883,0.966355,0.95283,0.956495,True,0.0,0,0.0,0.976158,False
antifragile_escape,395,0.9,0.56,0.48,1.0,0.968421,0.973586,0.94937,0.954941,True,0.0,0,0.0,0.977066,False
antifragile_escape,396,0.9,0.56,0.48,1.0,0.967404,0.971765,0.9508,0.955645,True,0.0,0,0.0,0.97684,False
antifragile_escape,397,0.9,0.56,0.48,0.995213,0.972853,0.96646,0.950455,0.955248,True,0.0,0,0.0,0.974951,False
antifragile_escape,398,0.9,0.56,0.48,1.0,0.960671,0.972463,0.947364,0.951451,True,0.0,0,0.0,0.974769,False
antifragile_escape,399,0.9,0.56,0.48,0.999775,0.961149,0.984485,0.946732,0.9509,True,0.0,0,0.0,0.976779,False
antifragile_escape,400,0.9,0.56,0.48,1.0,0.964403,0.985209,0.952863,0.956114,True,0.0,0,0.0,0.979065,False
antifragile_escape,401,0.9,0.56,0.48,0.995728,0.961269,0.986097,0.952462,0.954504,True,0.0,0,0.0,0.976787,False
antifragile_escape,402,0.9,0.56,0.48,1.0,0.956173,0.981966,0.944776,0.947748,True,0.0,0,0.0,0.974863,False
antifragile_escape,403,0.9,0.56,0.48,1.0,0.959911,0.974278,0.945851,0.950149,True,0.0,0,0.0,0.974591,False
antifragile_escape,404,0.9,0.56,0.48,1.0,0.967151,0.988653,0.94123,0.949198,True,0.0,0,0.0,0.977721,False
antifragile_escape,405,0.9,0.56,0.48,0.996578,0.977432,0.99513,0.941569,0.952438,True,0.0,0,0.0,0.979873,False
antifragile_escape,406,0.9,0.56,0.48,0.993646,0.983214,0.992946,0.941154,0.953334,True,0.0,0,0.0,0.979456,False
antifragile_escape,407,0.9,0.56,0.48,0.995742,0.982133,0.993148,0.947079,0.957424,True,0.0,0,0.0,0.981414,False
antifragile_escape,408,0.9,0.56,0.48,1.0,0.987304,0.992083,0.94387,0.955983,True,0.0,0,0.0,0.983149,False
antifragile_escape,409,0.9,0.56,0.48,1.0,0.979017,0.99027,0.944473,0.95469,True,0.0,0,0.0,0.98126,False
antifragile_escape,410,0.9,0.56,0.48,1.0,0.982307,0.998699,0.947141,0.957767,True,0.0,0,0.0,0.984113,False
antifragile_escape,411,0.9,0.56,0.48,0.996107,0.982725,0.998803,0.939975,0.952733,True,0.0,0,0.0,0.98112,False
antifragile_escape,412,0.9,0.56,0.48,0.997121,0.985545,1.0,0.937663,0.951758,True,0.0,0,0.0,0.981788,False
antifragile_escape,413,0.9,0.56,0.48,0.999264,0.96861,0.997092,0.945359,0.952371,True,0.0,0,0.0,0.980182,False
antifragile_escape,414,0.9,0.56,0.48,1.0,0.978737,0.992585,0.946443,0.956156,True,0.0,0,0.0,0.982079,False
antifragile_escape,415,0.9,0.56,0.48,1.0,0.978654,0.99301,0.955619,0.96267,True,0.0,0,0.0,0.984206,False
antifragile_escape,416,0.9,0.56,0.48,0.996595,0.975189,0.996117,0.952744,0.959629,True,0.0,0,0.0,0.982081,False
antifragile_escape,417,0.9,0.56,0.48,0.999769,0.966794,1.0,0.954731,0.957571,True,0.0,0,0.0,0.982506,False
antifragile_escape,418,0.9,0.56,0.48,0.99778,0.956108,0.993403,0.961716,0.956452,True,0.0,0,0.0,0.979483,False
antifragile_escape,419,0.9,0.56,0.48,1.0,0.956416,0.990941,0.956727,0.954256,True,0.0,0,0.0,0.978977,False
antifragile_escape,420,0.9,0.56,0.48,1.0,0.969964,0.999479,0.947131,0.953977,True,0.0,0,0.0,0.981575,False
antifragile_escape,421,0.9,0.56,0.48,0.998248,0.970074,0.999128,0.966144,0.965945,True,0.0,0,0.0,0.984964,False
antifragile_escape,422,0.9,0.56,0.48,1.0,0.974359,0.999135,0.967469,0.968763,True,0.0,0,0.0,0.986926,False
antifragile_escape,423,0.9,0.56,0.48,1.0,0.97793,1.0,0.971528,0.972786,True,0.0,0,0.0,0.988776,False
antifragile_escape,424,0.9,0.56,0.48,1.0,0.978791,0.992969,0.968486,0.97155,True,0.0,0,0.0,0.987091,False
antifragile_escape,425,0.9,0.56,0.48,1.0,0.976336,0.987493,0.961974,0.966389,True,0.0,0,0.0,0.984132,False
antifragile_escape,426,0.9,0.56,0.48,1.0,0.967982,0.981735,0.960356,0.962505,True,0.0,0,0.0,0.9809,False
antifragile_escape,427,0.9,0.56,0.48,1.0,0.973051,0.978796,0.958511,0.962863,True,0.0,0,0.0,0.981068,False
antifragile_escape,428,0.9,0.56,0.48,0.997888,0.968883,0.986391,0.964629,0.965296,True,0.0,0,0.0,0.98203,False
antifragile_escape,429,0.9,0.56,0.48,1.0,0.957629,0.994781,0.967675,0.960024,True,0.0,0,0.0,0.982111,False
antifragile_escape,430,0.9,0.56,0.48,1.0,0.958753,0.993231,0.970511,0.962001,True,0.0,0,0.0,0.982669,False
antifragile_escape,431,0.9,0.56,0.48,1.0,0.950043,0.990114,0.983358,0.959617,True,0.0,0,0.0,0.982052,False
antifragile_escape,432,0.9,0.56,0.48,1.0,0.945726,0.992323,0.979267,0.955757,True,0.0,0,0.0,0.980637,False
antifragile_escape,433,0.9,0.56,0.48,1.0,0.942598,0.997205,0.984607,0.954959,True,0.0,0,0.0,0.981605,False
antifragile_escape,434,0.9,0.56,0.48,1.0,0.96317,1.0,0.986858,0.970389,True,0.0,0,0.0,0.987977,False
antifragile_escape,435,0.9,0.56,0.48,1.0,0.97245,1.0,0.995985,0.979149,True,0.0,0,0.0,0.991977,False
antifragile_escape,436,0.9,0.56,0.48,0.993555,0.975913,0.992552,0.987139,0.979311,True,0.0,0,0.0,0.987591,False
antifragile_escape,437,0.9,0.56,0.48,1.0,0.981805,0.99568,0.990581,0.984485,True,0.0,0,0.0,0.992767,False
antifragile_escape,438,0.9,0.56,0.48,1.0,0.973119,0.983745,0.995209,0.976357,True,0.0,0,0.0,0.988728,False
antifragile_escape,439,0.9,0.56,0.48,1.0,0.980296,0.980348,0.998845,0.979074,True,0.0,0,0.0,0.990243,False
antifragile_escape,440,0.9,0.56,0.48,0.988833,0.981422,0.977907,0.996227,0.978438,True,0.0,0,0.0,0.98532,False
antifragile_escape,441,0.9,0.56,0.48,0.980226,0.984084,0.972372,1.0,0.975861,True,0.0,0,0.0,0.981751,False
antifragile_escape,442,0.9,0.56,0.48,0.986861,0.978726,0.96832,1.0,0.971142,True,0.0,0,0.0,0.982012,False
antifragile_escape,443,0.9,0.56,0.48,0.994303,0.973759,0.970974,1.0,0.970463,True,0.0,0,0.0,0.984343,False
antifragile_escape,444,0.9,0.56,0.48,1.0,0.969831,0.971291,1.0,0.968567,True,0.0,0,0.0,0.98563,False
antifragile_escape,445,0.9,0.56,0.48,0.997469,0.965565,0.977783,1.0,0.969,True,0.0,0,0.0,0.985121,False
antifragile_escape,446,0.9,0.56,0.48,1.0,0.967048,0.976351,1.0,0.969343,True,0.0,0,0.0,0.986133,False
antifragile_escape,447,0.9,0.56,0.48,0.99574,0.961492,0.979766,0.998936,0.96707,True,0.0,0,0.0,0.983707,False
antifragile_escape,448,0.9,0.56,0.48,1.0,0.966801,0.988142,0.987368,0.97237,True,0.0,0,0.0,0.986806,False
antifragile_escape,449,0.9,0.56,0.48,1.0,0.958292,0.984445,0.982573,0.964978,True,0.0,0,0.0,0.98305,False
antifragile_escape,450,0.9,0.56,0.48,1.0,0.971245,0.979864,0.986074,0.973893,True,0.0,0,0.0,0.986117,False
antifragile_escape,451,0.9,0.56,0.48,1.0,0.974203,0.982081,0.996472,0.976415,True,0.0,0,0.0,0.988807,False
antifragile_escape,452,0.9,0.56,0.48,0.995119,0.979483,0.987787,0.998431,0.981975,True,0.0,0,0.0,0.989871,False
antifragile_escape,453,0.9,0.56,0.48,1.0,0.981088,0.988754,0.986352,0.982676,True,0.0,0,0.0,0.990582,False
antifragile_escape,454,0.9,0.56,0.48,0.998254,0.97434,0.997578,0.989645,0.978989,True,0.0,0,0.0,0.990311,False
antifragile_escape,455,0.9,0.56,0.48,0.997336,0.976619,1.0,0.984886,0.97894,True,0.0,0,0.0,0.990136,False
antifragile_escape,456,0.9,0.56,0.48,1.0,0.965462,0.999655,0.982607,0.970709,True,0.0,0,0.0,0.987771,False
antifragile_escape,457,0.9,0.56,0.48,0.999587,0.966964,1.0,0.981004,0.97115,True,0.0,0,0.0,0.987775,False
antifragile_escape,458,0.9,0.56,0.48,1.0,0.964312,1.0,0.981408,0.969519,True,0.0,0,0.0,0.987316,False
antifragile_escape,459,0.9,0.56,0.48,1.0,0.966854,0.999606,0.978028,0.969941,True,0.0,0,0.0,0.98728,False
antifragile_escape,460,0.9,0.56,0.48,1.0,0.967425,0.997714,0.976954,0.969949,True,0.0,0,0.0,0.986893,False
antifragile_escape,461,0.9,0.56,0.48,1.0,0.964061,0.993747,0.979682,0.968857,True,0.0,0,0.0,0.985824,False
antifragile_escape,462,0.9,0.56,0.48,1.0,0.957254,0.992286,0.974497,0.962522,True,0.0,0,0.0,0.982849,False
antifragile_escape,463,0.9,0.56,0.48,1.0,0.949556,0.982724,0.970025,0.955821,True,0.0,0,0.0,0.978312,False
antifragile_escape,464,0.9,0.56,0.48,1.0,0.953169,0.990116,0.960034,0.954135,True,0.0,0,0.0,0.978692,False
antifragile_escape,465,0.9,0.56,0.48,1.0,0.958476,0.982369,0.960847,0.958095,True,0.0,0,0.0,0.978842,False
antifragile_escape,466,0.9,0.56,0.48,1.0,0.949779,0.9829,0.955103,0.95025,True,0.0,0,0.0,0.975627,False
antifragile_escape,467,0.9,0.56,0.48,1.0,0.958486,0.980025,0.961547,0.958599,True,0.0,0,0.0,0.97858,False
antifragile_escape,468,0.9,0.56,0.48,0.990454,0.962974,0.986167,0.960748,0.960193,True,0.0,0,0.0,0.976946,False
antifragile_escape,469,0.9,0.56,0.48,1.0,0.956502,0.985368,0.961277,0.956977,True,0.0,0,0.0,0.978953,False
antifragile_escape,470,0.9,0.56,0.48,0.998587,0.953247,0.986248,0.968074,0.957719,True,0.0,0,0.0,0.979029,False
antifragile_escape,471,0.9,0.56,0.48,0.990127,0.956056,0.979999,0.974813,0.961547,True,0.0,0,0.0,0.976598,False
antifragile_escape,472,0.9,0.56,0.48,0.98833,0.953382,0.979934,0.977245,0.960043,True,0.0,0,0.0,0.975582,False
antifragile_escape,473,0.9,0.56,0.48,0.991884,0.946316,0.984694,0.977374,0.95532,True,0.0,0,0.0,0.975968,False
antifragile_escape,474,0.9,0.56,0.48,0.989822,0.937754,0.984789,0.985593,0.950369,True,0.0,0,0.0,0.974218,False
antifragile_escape,475,0.9,0.56,0.48,0.991825,0.933752,0.995634,0.979698,0.947395,True,0.0,0,0.0,0.975028,False
antifragile_escape,476,0.9,0.56,0.48,0.999985,0.923915,1.0,0.983841,0.941431,True,0.0,0,0.0,0.977008,False
antifragile_escape,477,0.9,0.56,0.48,1.0,0.924439,0.993621,0.983317,0.941221,True,0.0,0,0.0,0.975862,False
antifragile_escape,478,0.9,0.56,0.48,1.0,0.930761,1.0,0.985875,0.946821,True,0.0,0,0.0,0.979178,False
antifragile_escape,479,0.9,0.56,0.48,1.0,0.929248,1.0,0.983833,0.945297,True,0.0,0,0.0,0.978437,False
antifragile_escape,480,0.9,0.56,0.48,0.99511,0.925345,1.0,0.98947,0.943562,True,0.0,0,0.0,0.976457,False
antifragile_escape,481,0.9,0.56,0.48,1.0,0.923612,1.0,0.998178,0.94368,True,0.0,0,0.0,0.979237,False
antifragile_escape,482,0.9,0.56,0.48,1.0,0.936562,0.995777,0.992298,0.951817,True,0.0,0,0.0,0.980961,False
antifragile_escape,483,0.9,0.56,0.48,1.0,0.923678,0.994615,0.989182,0.941758,True,0.0,0,0.0,0.976789,False
antifragile_escape,484,0.9,0.56,0.48,1.0,0.92157,0.99826,0.993733,0.941324,True,0.0,0,0.0,0.977651,False
antifragile_escape,485,0.9,0.56,0.48,0.999656,0.909755,0.99175,0.989401,0.931241,True,0.0,0,0.0,0.972405,False
antifragile_escape,486,0.9,0.56,0.48,0.995693,0.908443,0.98456,0.990636,0.929426,True,0.0,0,0.0,0.969324,False
antifragile_escape,487,0.9,0.56,0.48,1.0,0.910312,0.975616,0.9871,0.928931,True,0.0,0,0.0,0.969133,False
antifragile_escape,488,0.9,0.56,0.48,1.0,0.912519,0.984647,0.992225,0.932598,True,0.0,0,0.0,0.972313,False
antifragile_escape,489,0.9,0.56,0.48,1.0,0.918076,0.980112,0.997471,0.936251,True,0.0,0,0.0,0.97367,False
antifragile_escape,490,0.9,0.56,0.48,0.99232,0.922413,0.981804,0.996154,0.939657,True,0.0,0,0.0,0.972061,False
antifragile_escape,491,0.9,0.56,0.48,0.990168,0.927594,0.981899,0.997228,0.943513,True,0.0,0,0.0,0.972806,False
antifragile_escape,492,0.9,0.56,0.48,0.984531,0.923648,0.968995,1.0,0.937564,True,0.0,0,0.0,0.967305,False
antifragile_escape,493,0.9,0.56,0.48,0.989192,0.92737,0.973216,0.992776,0.941155,True,0.0,0,0.0,0.969926,False
antifragile_escape,494,0.9,0.56,0.48,1.0,0.93908,0.979665,0.994942,0.951192,True,0.0,0,0.0,0.978809,False
antifragile_escape,495,0.9,0.56,0.48,1.0,0.939326,0.983427,0.991245,0.951905,True,0.0,0,0.0,0.979098,False
antifragile_escape,496,0.9,0.56,0.48,1.0,0.941992,0.986714,0.987941,0.954045,True,0.0,0,0.0,0.979964,False
antifragile_escape,497,0.9,0.56,0.48,1.0,0.958065,0.989659,0.980233,0.964729,True,0.0,0,0.0,0.98359,False
antifragile_escape,498,0.9,0.56,0.48,1.0,0.966934,0.982584,0.979875,0.970659,True,0.0,0,0.0,0.984575,False
antifragile_escape,499,0.9,0.56,0.48,1.0,0.96552,0.973543,0.983996,0.967923,True,0.0,0,0.0,0.982942,False
antifragile_escape,500,0.9,0.56,0.48,1.0,0.968627,0.971215,0.979235,0.969187,True,0.0,0,0.0,0.982567,False
antifragile_escape,501,0.9,0.56,0.48,1.0,0.972184,0.980791,0.973313,0.972183,True,0.0,0,0.0,0.984462,False
antifragile_escape,502,0.9,0.56,0.48,1.0,0.969344,0.985867,0.972712,0.969915,True,0.0,0,0.0,0.984507,False
antifragile_escape,503,0.9,0.56,0.48,1.0,0.970967,0.991752,0.975606,0.971869,True,0.0,0,0.0,0.986498,False
antifragile_escape,504,0.9,0.56,0.48,1.0,0.970406,0.987616,0.977817,0.972622,True,0.0,0,0.0,0.986053,False
antifragile_escape,505,0.9,0.56,0.48,1.0,0.979039,0.991656,0.980522,0.978953,True,0.0,0,0.0,0.989473,False
antifragile_escape,506,0.9,0.56,0.48,0.993511,0.978153,0.992428,0.982281,0.979189,True,0.0,0,0.0,0.987261,False
antifragile_escape,507,0.9,0.56,0.48,1.0,0.974429,0.988478,0.991333,0.978466,True,0.0,0,0.0,0.989526,False
antifragile_escape,508,0.9,0.56,0.48,1.0,0.974286,0.988087,0.991693,0.978313,True,0.0,0,0.0,0.989462,False
antifragile_escape,509,0.9,0.56,0.48,1.0,0.975929,0.992296,0.981737,0.977562,True,0.0,0,0.0,0.989031,False
antifragile_escape,510,0.9,0.56,0.48,1.0,0.978815,0.966113,0.986139,0.96999,True,0.0,0,0.0,0.984545,False
antifragile_escape,511,0.9,0.56,0.48,0.987633,0.988346,0.950145,0.992038,0.960746,True,0.0,0,0.0,0.978404,False
antifragile_escape,512,0.9,0.56,0.48,0.972433,0.991251,0.958027,0.994378,0.967238,True,0.0,0,0.0,0.975676,False
antifragile_escape,513,0.9,0.56,0.48,0.97274,0.980255,0.963001,1.0,0.968237,True,0.0,0,0.0,0.975615,False
antifragile_escape,514,0.9,0.56,0.48,0.960437,0.971552,0.958651,0.990442,0.962451,True,0.0,0,0.0,0.966558,False
antifragile_escape,515,0.9,0.56,0.48,0.967184,0.963528,0.964124,0.994236,0.961776,True,0.0,0,0.0,0.969113,False
antifragile_escape,516,0.9,0.56,0.48,0.969404,0.952544,0.962833,0.994393,0.954789,True,0.0,0,0.0,0.966931,False
antifragile_escape,517,0.9,0.56,0.48,0.976035,0.95494,0.961976,0.99622,0.955718,True,0.0,0,0.0,0.970095,False
antifragile_escape,518,0.9,0.56,0.48,0.978871,0.957729,0.961604,0.992414,0.957392,True,0.0,0,0.0,0.971276,False
antifragile_escape,519,0.9,0.56,0.48,0.978029,0.960874,0.962526,0.990739,0.95973,True,0.0,0,0.0,0.971734,False
antifragile_escape,520,0.9,0.56,0.48,0.977564,0.951766,0.965558,0.99231,0.955571,True,0.0,0,0.0,0.970185,False
antifragile_escape,521,0.9,0.56,0.48,0.976912,0.964084,0.963955,0.98721,0.962457,True,0.0,0,0.0,0.971978,False
antifragile_escape,522,0.9,0.56,0.48,0.966641,0.973984,0.972888,0.991065,0.972238,True,0.0,0,0.0,0.973178,False
antifragile_escape,523,0.9,0.56,0.48,0.984731,0.972383,0.971805,0.999864,0.970222,True,0.0,0,0.0,0.980559,False
antifragile_escape,524,0.9,0.56,0.48,1.0,0.974417,0.969975,0.996196,0.970457,True,0.0,0,0.0,0.985913,False
antifragile_escape,525,0.9,0.56,0.48,1.0,0.981786,0.974157,0.996392,0.97627,True,0.0,0,0.0,0.988717,False
antifragile_escape,526,0.9,0.56,0.48,1.0,0.98822,0.977248,0.997463,0.98062,True,0.0,0,0.0,0.991103,False
antifragile_escape,527,0.9,0.56,0.48,1.0,0.969659,0.979991,1.0,0.972511,True,0.0,0,0.0,0.987638,False
antifragile_escape,528,0.9,0.56,0.48,1.0,0.970206,0.977607,1.0,0.971838,True,0.0,0,0.0,0.987227,False
antifragile_escape,529,0.9,0.56,0.48,1.0,0.975574,0.978147,1.0,0.975259,True,0.0,0,0.0,0.988701,False
antifragile_escape,530,0.9,0.56,0.48,1.0,0.96579,0.975314,1.0,0.968114,True,0.0,0,0.0,0.985572,False
antifragile_escape,531,0.9,0.56,0.48,0.98634,0.966654,0.984023,1.0,0.971984,True,0.0,0,0.0,0.982569,False
antifragile_escape,532,0.9,0.56,0.48,0.975072,0.970021,0.988303,0.98931,0.97501,True,0.0,0,0.0,0.97853,False
antifragile_escape,533,0.9,0.56,0.48,0.984797,0.977403,0.992034,0.993441,0.981462,True,0.0,0,0.0,0.985579,False
antifragile_escape,534,0.9,0.56,0.48,0.995345,0.966933,0.983184,0.989154,0.971776,True,0.0,0,0.0,0.984347,False
antifragile_escape,535,0.9,0.56,0.48,1.0,0.969529,0.990216,0.996257,0.975606,True,0.0,0,0.0,0.989303,False
antifragile_escape,536,0.9,0.56,0.48,1.0,0.96504,0.989278,0.998261,0.972266,True,0.0,0,0.0,0.988206,False
antifragile_escape,537,0.9,0.56,0.48,1.0,0.969123,0.985914,1.0,0.974284,True,0.0,0,0.0,0.988821,False
antifragile_escape,538,0.9,0.56,0.48,1.0,0.966806,0.996102,0.99937,0.974981,True,0.0,0,0.0,0.990233,False
antifragile_escape,539,0.9,0.56,0.48,1.0,0.970967,0.995852,1.0,0.978042,True,0.0,0,0.0,0.991393,False
antifragile_escape,540,0.9,0.56,0.48,1.0,0.972237,0.996957,1.0,0.979164,True,0.0,0,0.0,0.991955,False
antifragile_escape,541,0.9,0.56,0.48,1.0,0.963556,0.989914,0.996893,0.971252,True,0.0,0,0.0,0.98774,False
antifragile_escape,542,0.9,0.56,0.48,1.0,0.967487,0.984639,0.992586,0.972668,True,0.0,0,0.0,0.987065,False
antifragile_escape,543,0.9,0.56,0.48,1.0,0.968293,0.982285,0.999481,0.972511,True,0.0,0,0.0,0.987733,False
antifragile_escape,544,0.9,0.56,0.48,1.0,0.98255,0.983864,0.994838,0.982402,True,0.0,0,0.0,0.99112,False
antifragile_escape,545,0.9,0.56,0.48,0.99984,0.974528,0.988387,1.0,0.978787,True,0.0,0,0.0,0.990718,False
antifragile_escape,546,0.9,0.56,0.48,1.0,0.969257,0.987715,0.996626,0.974845,True,0.0,0,0.0,0.988764,False
antifragile_escape,547,0.9,0.56,0.48,1.0,0.972659,0.99139,1.0,0.978314,True,0.0,0,0.0,0.990927,False
antifragile_escape,548,0.9,0.56,0.48,1.0,0.97483,0.989945,1.0,0.979465,True,0.0,0,0.0,0.991195,False
antifragile_escape,549,0.9,0.56,0.48,1.0,0.967348,0.991019,0.998774,0.974352,True,0.0,0,0.0,0.989257,False
antifragile_escape,550,0.9,0.56,0.48,1.0,0.97378,1.0,0.996451,0.980205,True,0.0,0,0.0,0.992408,False
antifragile_escape,551,0.9,0.56,0.48,0.994725,0.975545,1.0,0.991653,0.980439,True,0.0,0,0.0,0.990078,False
antifragile_escape,552,0.9,0.56,0.48,0.982495,0.981583,0.995376,0.991609,0.984575,True,0.0,0,0.0,0.986175,False
antifragile_escape,553,0.9,0.56,0.48,0.981436,0.980266,0.995399,0.994652,0.984186,True,0.0,0,0.0,0.985919,False
antifragile_escape,554,0.9,0.56,0.48,0.990898,0.986426,1.0,0.998175,0.989754,True,0.0,0,0.0,0.992613,False
antifragile_escape,555,0.9,0.56,0.48,1.0,0.99313,1.0,0.989483,0.990498,True,0.0,0,0.0,0.996151,False
antifragile_escape,556,0.9,0.56,0.48,1.0,0.997943,0.999872,0.99651,0.996937,True,0.0,0,0.0,0.99875,False
antifragile_escape,557,0.9,0.56,0.48,1.0,1.0,0.993652,0.999474,0.995264,True,0.0,0,0.0,0.998216,False
antifragile_escape,558,0.9,0.56,0.48,0.990407,0.998275,1.0,1.0,0.998734,True,0.0,0,0.0,0.995892,False
antifragile_escape,559,0.9,0.56,0.48,0.995425,1.0,1.0,1.0,1.0,True,0.0,0,0.0,0.998262,False
antifragile_escape,560,0.9,0.56,0.48,1.0,0.996987,0.996118,1.0,0.996288,True,0.0,0,0.0,0.998313,False
antifragile_escape,561,0.9,0.56,0.48,1.0,0.994873,0.995888,0.999641,0.995058,True,0.0,0,0.0,0.997694,False
antifragile_escape,562,0.9,0.56,0.48,1.0,0.997183,1.0,1.0,0.997932,True,0.0,0,0.0,0.999245,False
antifragile_escape,563,0.9,0.56,0.48,1.0,1.0,1.0,1.0,1.0,True,0.0,0,0.0,1.0,False
antifragile_escape,564,0.9,0.56,0.48,1.0,1.0,1.0,1.0,1.0,True,0.0,0,0.0,1.0,False
antifragile_escape,565,0.9,0.56,0.48,1.0,0.998033,0.999027,1.0,0.998337,True,0.0,0,0.0,0.999271,False
antifragile_escape,566,0.9,0.56,0.48,1.0,0.998387,0.993854,1.0,0.995202,True,0.0,0,0.0,0.998028,False
antifragile_escape,567,0.9,0.56,0.48,1.0,0.999639,0.997421,0.999079,0.997912,True,0.0,0,0.0,0.999091,False
antifragile_escape,568,0.9,0.56,0.48,1.0,0.999995,0.998298,1.0,0.99875,True,0.0,0,0.0,0.999543,False
antifragile_escape,569,0.9,0.56,0.48,1.0,1.0,1.0,0.992774,0.994696,True,0.0,0,0.0,0.998352,False
antifragile_escape,570,0.9,0.56,0.48,0.995943,0.99938,1.0,0.996463,0.997304,True,0.0,0,0.0,0.997528,False
antifragile_escape,571,0.9,0.56,0.48,1.0,0.99524,0.998535,0.996412,0.99557,True,0.0,0,0.0,0.997846,False
antifragile_escape,572,0.9,0.56,0.48,0.99431,0.988604,1.0,0.997954,0.991303,True,0.0,0,0.0,0.994456,False
antifragile_escape,573,0.9,0.56,0.48,0.983192,0.979926,1.0,0.981322,0.979304,True,0.0,0,0.0,0.984901,False
antifragile_escape,574,0.9,0.56,0.48,0.972206,0.985379,0.994668,0.987982,0.986017,True,0.0,0,0.0,0.982486,False
antifragile_escape,575,0.9,0.56,0.48,0.95762,0.989838,0.983924,0.990778,0.985601,True,0.0,0,0.0,0.976154,False
antifragile_escape,576,0.9,0.56,0.48,0.962259,0.984567,0.988922,0.982269,0.982907,True,0.0,0,0.0,0.976353,False
antifragile_escape,577,0.9,0.56,0.48,0.962585,0.976454,0.998709,0.982212,0.977775,True,0.0,0,0.0,0.976154,False
antifragile_escape,578,0.9,0.56,0.48,0.975955,0.972126,0.998224,0.983287,0.975458,True,0.0,0,0.0,0.980241,False
antifragile_escape,579,0.9,0.56,0.48,0.983056,0.97373,0.99706,0.983311,0.976562,True,0.0,0,0.0,0.983154,False
antifragile_escape,580,0.9,0.56,0.48,0.986685,0.971875,0.993731,0.980316,0.974325,True,0.0,0,0.0,0.982913,False
antifragile_escape,581,0.9,0.56,0.48,0.984282,0.981417,0.992614,0.984928,0.982345,True,0.0,0,0.0,0.985124,False
antifragile_escape,582,0.9,0.56,0.48,0.992429,0.980813,0.98987,0.986309,0.982497,True,0.0,0,0.0,0.987829,False
antifragile_escape,583,0.9,0.56,0.48,0.979038,0.986723,0.991527,0.984694,0.985212,True,0.0,0,0.0,0.984202,False
antifragile_escape,584,0.9,0.56,0.48,0.970879,0.988326,1.0,0.986213,0.986359,True,0.0,0,0.0,0.983266,False
antifragile_escape,585,0.9,0.56,0.48,0.97628,0.988235,1.0,0.990123,0.988401,True,0.0,0,0.0,0.986094,False
antifragile_escape,586,0.9,0.56,0.48,0.984242,0.982445,0.99147,0.989186,0.984443,True,0.0,0,0.0,0.985936,False
antifragile_escape,587,0.9,0.56,0.48,0.974716,0.987016,0.996217,0.98968,0.987685,True,0.0,0,0.0,0.984451,False
antifragile_escape,588,0.9,0.56,0.48,0.970481,0.993426,0.987224,0.996269,0.989096,True,0.0,0,0.0,0.983469,False
antifragile_escape,589,0.9,0.56,0.48,0.973314,0.983307,0.986594,1.0,0.983829,True,0.0,0,0.0,0.982501,False
antifragile_escape,590,0.9,0.56,0.48,0.980903,0.984168,0.982994,1.0,0.982462,True,0.0,0,0.0,0.984728,False
antifragile_escape,591,0.9,0.56,0.48,0.987277,0.994195,0.991967,1.0,0.992509,True,0.0,0,0.0,0.991775,False
antifragile_escape,592,0.9,0.56,0.48,0.98579,0.992491,0.995387,0.995157,0.993228,True,0.0,0,0.0,0.990928,False
antifragile_escape,593,0.9,0.56,0.48,1.0,0.992267,0.987411,0.987183,0.986961,True,0.0,0,0.0,0.992983,False
antifragile_escape,594,0.9,0.56,0.48,1.0,0.997679,0.984456,0.992418,0.986898,True,0.0,0,0.0,0.994151,False
antifragile_escape,595,0.9,0.56,0.48,0.99774,0.995319,0.977579,1.0,0.982757,True,0.0,0,0.0,0.992194,False
antifragile_escape,596,0.9,0.56,0.48,1.0,0.992189,0.971706,0.998597,0.97775,True,0.0,0,0.0,0.990635,False
antifragile_escape,597,0.9,0.56,0.48,0.999434,0.987119,0.973194,1.0,0.977467,True,0.0,0,0.0,0.989937,False
antifragile_escape,598,0.9,0.56,0.48,1.0,0.991236,0.978035,0.993082,0.981755,True,0.0,0,0.0,0.991311,False
antifragile_escape,599,0.9,0.56,0.48,0.994929,0.983415,0.983238,0.994958,0.982543,True,0.0,0,0.0,0.98927,False
antifragile_escape,600,0.9,0.56,0.48,0.977787,0.996073,0.978201,1.0,0.983361,True,0.0,0,0.0,0.984932,False
antifragile_escape,601,0.9,0.56,0.48,0.974888,0.982932,0.980801,0.993392,0.981032,True,0.0,0,0.0,0.980728,False
antifragile_escape,602,0.9,0.56,0.48,0.967508,0.987931,0.985446,1.0,0.985723,True,0.0,0,0.0,0.981148,False
antifragile_escape,603,0.9,0.56,0.48,0.972858,0.980432,0.983721,0.996887,0.98097,True,0.0,0,0.0,0.980514,False
antifragile_escape,604,0.9,0.56,0.48,0.984595,0.986762,0.978983,1.0,0.981207,True,0.0,0,0.0,0.985725,False
antifragile_escape,605,0.9,0.56,0.48,0.985598,0.98277,0.976036,1.0,0.977691,True,0.0,0,0.0,0.984435,False
antifragile_escape,606,0.9,0.56,0.48,0.990595,0.981534,0.991181,1.0,0.984495,True,0.0,0,0.0,0.989654,False
antifragile_escape,607,0.9,0.56,0.48,0.992006,0.980611,0.992229,0.995793,0.984034,True,0.0,0,0.0,0.989568,False
antifragile_escape,608,0.9,0.56,0.48,1.0,0.973109,0.985613,0.992976,0.976929,True,0.0,0,0.0,0.988818,False
antifragile_escape,609,0.9,0.56,0.48,1.0,0.979646,0.991561,0.991528,0.982811,True,0.0,0,0.0,0.991568,False
antifragile_escape,610,0.9,0.56,0.48,0.991986,0.984736,0.994672,0.99941,0.987742,True,0.0,0,0.0,0.991695,False
antifragile_escape,611,0.9,0.56,0.48,0.994452,0.986055,1.0,0.9906,0.987283,True,0.0,0,0.0,0.99254,False
antifragile_escape,612,0.9,0.56,0.48,0.997888,0.979977,0.987492,0.989965,0.982201,True,0.0,0,0.0,0.989801,False
antifragile_escape,613,0.9,0.56,0.48,1.0,0.982501,0.99951,0.989904,0.98472,True,0.0,0,0.0,0.993515,False
antifragile_escape,614,0.9,0.56,0.48,0.99999,0.979757,0.995454,0.977739,0.977586,True,0.0,0,0.0,0.989728,False
antifragile_escape,615,0.9,0.56,0.48,0.998457,0.975345,0.988463,0.976949,0.975286,True,0.0,0,0.0,0.986706,False
antifragile_escape,616,0.9,0.56,0.48,1.0,0.965863,0.986563,0.971195,0.967081,True,0.0,0,0.0,0.983454,False
antifragile_escape,617,0.9,0.56,0.48,1.0,0.962713,0.987262,0.968895,0.964095,True,0.0,0,0.0,0.982332,False
antifragile_escape,618,0.9,0.56,0.48,1.0,0.967462,0.97151,0.969104,0.967946,True,0.0,0,0.0,0.980843,False
antifragile_escape,619,0.9,0.56,0.48,1.0,0.957018,0.970188,0.9625,0.958644,True,0.0,0,0.0,0.976684,False
fixed_gv_escape,0,0.82,0.88,0.86,0.355234,0.995393,1.0,0.984356,0.98767,True,0.0,0,0.0,0.75049,False
fixed_gv_escape,1,0.82,0.88,0.86,0.358806,1.0,0.988352,0.982551,0.984134,True,0.0,0,0.0,0.749903,False
fixed_gv_escape,2,0.82,0.88,0.86,0.350474,1.0,0.989107,0.993374,0.990351,True,0.0,0,0.0,0.749134,False
fixed_gv_escape,3,0.82,0.88,0.86,0.352381,1.0,0.981484,0.992253,0.984792,True,0.0,0,0.0,0.747663,False
fixed_gv_escape,4,0.82,0.88,0.86,0.35455,1.0,0.985379,0.988,0.985716,True,0.0,0,0.0,0.748703,False
fixed_gv_escape,5,0.82,0.88,0.86,0.369754,0.995012,0.986701,0.98721,0.986408,True,0.0,0,0.0,0.753793,False
fixed_gv_escape,6,0.82,0.88,0.86,0.359988,1.0,0.982464,0.993761,0.985906,True,0.0,0,0.0,0.751074,False
fixed_gv_escape,7,0.82,0.88,0.86,0.358264,1.0,0.988968,0.995205,0.990885,True,0.0,0,0.0,0.752389,False
fixed_gv_escape,8,0.82,0.88,0.86,0.359236,0.99995,0.985338,1.0,0.989231,True,0.0,0,0.0,0.752569,False
fixed_gv_escape,9,0.82,0.88,0.86,0.374397,0.998056,0.985912,1.0,0.989358,True,0.0,0,0.0,0.758108,False
fixed_gv_escape,10,0.82,0.88,0.86,0.375294,0.997936,0.991709,0.996023,0.993009,True,0.0,0,0.0,0.759352,False
fixed_gv_escape,11,0.82,0.88,0.86,0.378656,1.0,0.991365,1.0,0.993662,True,0.0,0,0.0,0.761575,False
fixed_gv_escape,12,0.82,0.88,0.86,0.380035,0.998974,0.983732,0.99378,0.986784,True,0.0,0,0.0,0.758843,False
fixed_gv_escape,13,0.82,0.88,0.86,0.392401,0.998807,0.981325,1.0,0.986121,True,0.0,0,0.0,0.763871,False
fixed_gv_escape,14,0.82,0.88,0.86,0.405724,0.993725,0.978928,1.0,0.983376,True,0.0,0,0.0,0.767258,False
fixed_gv_escape,15,0.82,0.88,0.86,0.406863,0.998228,0.985621,0.996571,0.988719,True,0.0,0,0.0,0.769867,False
fixed_gv_escape,16,0.82,0.88,0.86,0.417556,0.991321,0.986138,0.989991,0.987282,True,0.0,0,0.0,0.771686,False
fixed_gv_escape,17,0.82,0.88,0.86,0.416331,0.994451,0.984633,0.986408,0.984866,True,0.0,0,0.0,0.770722,False
fixed_gv_escape,18,0.82,0.88,0.86,0.410435,0.997195,0.991895,0.986352,0.988051,True,0.0,0,0.0,0.770657,False
fixed_gv_escape,19,0.82,0.88,0.86,0.416703,0.98511,0.995365,1.0,0.988204,True,0.0,0,0.0,0.773417,False
fixed_gv_escape,20,0.82,0.88,0.86,0.41903,0.990031,1.0,1.0,0.992682,True,0.0,0,0.0,0.776559,False
fixed_gv_escape,21,0.82,0.88,0.86,0.426817,1.0,1.0,0.993072,0.994915,True,0.0,0,0.0,0.78061,False
fixed_gv_escape,22,0.82,0.88,0.86,0.419852,1.0,0.994265,0.993731,0.993587,True,0.0,0,0.0,0.776864,False
fixed_gv_escape,23,0.82,0.88,0.86,0.41876,1.0,0.995062,0.990569,0.991937,True,0.0,0,0.0,0.775952,False
fixed_gv_escape,24,0.82,0.88,0.86,0.407066,0.992492,0.995886,0.996741,0.99348,True,0.0,0,0.0,0.771355,False
fixed_gv_escape,25,0.82,0.88,0.86,0.422911,0.988419,0.994585,0.990364,0.988935,True,0.0,0,0.0,0.77497,False
fixed_gv_escape,26,0.82,0.88,0.86,0.442971,0.978204,0.992674,0.998249,0.982529,True,0.0,0,0.0,0.780745,False
fixed_gv_escape,27,0.82,0.88,0.86,0.450784,0.986204,0.993369,1.0,0.988403,True,0.0,0,0.0,0.78623,False
fixed_gv_escape,28,0.82,0.88,0.86,0.469652,0.986258,0.990379,0.99448,0.987519,True,0.0,0,0.0,0.791992,False
fixed_gv_escape,29,0.82,0.88,0.86,0.461957,0.985165,0.991292,0.991632,0.986837,True,0.0,0,0.0,0.788555,False
fixed_gv_escape,30,0.82,0.88,0.86,0.485754,0.984893,0.988948,0.997982,0.985957,True,0.0,0,0.0,0.79791,False
fixed_gv_escape,31,0.82,0.88,0.86,0.500548,0.986346,0.987797,0.987342,0.986647,True,0.0,0,0.0,0.80218,False
fixed_gv_escape,32,0.82,0.88,0.86,0.489143,0.989043,0.98,0.995265,0.982775,True,0.0,0,0.0,0.797572,False
fixed_gv_escape,33,0.82,0.88,0.86,0.490469,0.984317,0.984349,0.990584,0.983912,True,0.0,0,0.0,0.797489,False
fixed_gv_escape,34,0.82,0.88,0.86,0.503256,0.986928,0.983422,0.994722,0.984343,True,0.0,0,0.0,0.803283,False
fixed_gv_escape,35,0.82,0.88,0.86,0.5096,0.982429,0.996355,0.991407,0.985165,True,0.0,0,0.0,0.806846,False
fixed_gv_escape,36,0.82,0.88,0.86,0.511369,0.987813,1.0,0.998553,0.990835,True,0.0,0,0.0,0.810824,False
fixed_gv_escape,37,0.82,0.88,0.86,0.523254,0.999267,0.998448,0.998806,0.998555,True,0.0,0,0.0,0.818085,False
fixed_gv_escape,38,0.82,0.88,0.86,0.523763,1.0,0.99247,0.99319,0.992336,True,0.0,0,0.0,0.815801,False
fixed_gv_escape,39,0.82,0.88,0.86,0.532039,1.0,0.99,0.994157,0.991232,True,0.0,0,0.0,0.818505,False
fixed_gv_escape,40,0.82,0.88,0.86,0.536466,0.989355,0.994417,0.996278,0.990864,True,0.0,0,0.0,0.819319,False
fixed_gv_escape,41,0.82,0.88,0.86,0.536623,0.984315,0.998955,0.989366,0.985718,True,0.0,0,0.0,0.817703,False
fixed_gv_escape,42,0.82,0.88,0.86,0.556498,0.993711,0.989957,0.986473,0.987535,True,0.0,0,0.0,0.82514,False
fixed_gv_escape,43,0.82,0.88,0.86,0.559216,0.985508,0.992578,0.98683,0.985697,True,0.0,0,0.0,0.824997,False
fixed_gv_escape,44,0.82,0.88,0.86,0.56047,0.992963,0.985204,0.981067,0.98222,True,0.0,0,0.0,0.824265,False
fixed_gv_escape,45,0.82,0.88,0.86,0.57242,0.987435,0.985804,0.973361,0.976857,True,0.0,0,0.0,0.826196,False
fixed_gv_escape,46,0.82,0.88,0.86,0.582395,0.985212,0.984747,0.967403,0.972076,True,0.0,0,0.0,0.827988,False
fixed_gv_escape,47,0.82,0.88,0.86,0.59974,0.986105,0.979203,0.966518,0.970381,True,0.0,0,0.0,0.833415,False
fixed_gv_escape,48,0.82,0.88,0.86,0.594907,0.994695,0.978989,0.978894,0.97788,True,0.0,0,0.0,0.835719,False
fixed_gv_escape,49,0.82,0.88,0.86,0.597899,0.998704,0.963601,0.980773,0.968844,True,0.0,0,0.0,0.833986,False
fixed_gv_escape,50,0.82,0.88,0.86,0.613067,1.0,0.95792,0.988818,0.967119,True,0.0,0,0.0,0.83988,False
fixed_gv_escape,51,0.82,0.88,0.86,0.609112,1.0,0.957999,0.998394,0.968947,True,0.0,0,0.0,0.839951,False
fixed_gv_escape,52,0.82,0.88,0.86,0.614037,1.0,0.96585,1.0,0.974933,True,0.0,0,0.0,0.844179,False
fixed_gv_escape,53,0.82,0.88,0.86,0.622187,1.0,0.974337,0.999455,0.981088,True,0.0,0,0.0,0.849466,False
fixed_gv_escape,54,0.82,0.88,0.86,0.639239,1.0,0.975078,0.99675,0.981207,True,0.0,0,0.0,0.855715,False
fixed_gv_escape,55,0.82,0.88,0.86,0.648923,1.0,0.973914,0.99884,0.98069,True,0.0,0,0.0,0.859416,False
fixed_gv_escape,56,0.82,0.88,0.86,0.646888,1.0,0.97631,0.996624,0.982085,True,0.0,0,0.0,0.858931,False
fixed_gv_escape,57,0.82,0.88,0.86,0.660478,1.0,0.975383,1.0,0.98193,True,0.0,0,0.0,0.864382,False
fixed_gv_escape,58,0.82,0.88,0.86,0.653872,1.0,0.977018,1.0,0.98313,True,0.0,0,0.0,0.86231,False
fixed_gv_escape,59,0.82,0.88,0.86,0.662842,1.0,0.978708,0.993978,0.983278,True,0.0,0,0.0,0.865197,False
fixed_gv_escape,60,0.82,0.88,0.86,0.659141,0.999714,0.96673,0.990897,0.973929,True,0.0,0,0.0,0.860031,False
fixed_gv_escape,61,0.82,0.88,0.86,0.660698,0.995752,0.965706,1.0,0.974178,True,0.0,0,0.0,0.861029,False
fixed_gv_escape,62,0.82,0.88,0.86,0.659495,0.995473,0.966592,0.995392,0.974263,True,0.0,0,0.0,0.860046,False
fixed_gv_escape,63,0.82,0.88,0.86,0.67086,0.993094,0.961053,0.995275,0.969844,True,0.0,0,0.0,0.862393,False
fixed_gv_escape,64,0.82,0.88,0.86,0.658358,0.993062,0.967461,0.998128,0.974807,True,0.0,0,0.0,0.859785,False
fixed_gv_escape,65,0.82,0.88,0.86,0.671647,1.0,0.985263,1.0,0.989183,True,0.0,0,0.0,0.871275,False
fixed_gv_escape,66,0.82,0.88,0.86,0.682717,0.996645,0.986363,0.996114,0.989023,True,0.0,0,0.0,0.874512,False
fixed_gv_escape,67,0.82,0.88,0.86,0.680781,0.992626,0.989264,0.995407,0.990298,True,0.0,0,0.0,0.87363,False
fixed_gv_escape,68,0.82,0.88,0.86,0.672417,0.98597,0.984297,0.998035,0.984232,True,0.0,0,0.0,0.867999,False
fixed_gv_escape,69,0.82,0.88,0.86,0.684219,0.990919,0.991212,1.0,0.990462,True,0.0,0,0.0,0.875642,False
fixed_gv_escape,70,0.82,0.88,0.86,0.696294,0.996715,0.993739,1.0,0.994645,True,0.0,0,0.0,0.882231,False
fixed_gv_escape,71,0.82,0.88,0.86,0.69725,0.994981,1.0,1.0,0.996316,True,0.0,0,0.0,0.88361,False
fixed_gv_escape,72,0.82,0.88,0.86,0.71182,0.988107,0.993153,0.998594,0.989645,True,0.0,0,0.0,0.885679,False
fixed_gv_escape,73,0.82,0.88,0.86,0.702632,0.992373,0.99744,1.0,0.99391,True,0.0,0,0.0,0.884436,False
fixed_gv_escape,74,0.82,0.88,0.86,0.705596,0.992425,1.0,0.982995,0.985894,True,0.0,0,0.0,0.882689,False
fixed_gv_escape,75,0.82,0.88,0.86,0.70892,0.986145,0.99845,0.982762,0.983389,True,0.0,0,0.0,0.88221,False
fixed_gv_escape,76,0.82,0.88,0.86,0.712716,0.990341,0.99708,0.980574,0.983572,True,0.0,0,0.0,0.883877,False
fixed_gv_escape,77,0.82,0.88,0.86,0.715936,0.980196,0.999939,0.978466,0.977921,True,0.0,0,0.0,0.882816,False
fixed_gv_escape,78,0.82,0.88,0.86,0.723945,0.987827,0.993875,0.976901,0.98023,True,0.0,0,0.0,0.886199,False
fixed_gv_escape,79,0.82,0.88,0.86,0.721583,0.995714,1.0,0.970724,0.977839,True,0.0,0,0.0,0.886672,False
fixed_gv_escape,80,0.82,0.88,0.86,0.724254,0.99936,0.989441,0.962007,0.970174,True,0.0,0,0.0,0.884303,False
fixed_gv_escape,81,0.82,0.88,0.86,0.711941,0.996699,0.990739,0.965671,0.972943,True,0.0,0,0.0,0.880224,False
fixed_gv_escape,82,0.82,0.88,0.86,0.712295,1.0,0.992735,0.962847,0.971528,True,0.0,0,0.0,0.880746,False
fixed_gv_escape,83,0.82,0.88,0.86,0.718641,1.0,0.997677,0.971278,0.978579,True,0.0,0,0.0,0.886074,False
fixed_gv_escape,84,0.82,0.88,0.86,0.717727,0.998588,0.996887,0.966115,0.974512,True,0.0,0,0.0,0.884119,False
fixed_gv_escape,85,0.82,0.88,0.86,0.728074,0.996797,1.0,0.968496,0.976398,True,0.0,0,0.0,0.888849,False
fixed_gv_escape,86,0.82,0.88,0.86,0.7206,0.996022,0.999652,0.973208,0.979679,True,0.0,0,0.0,0.88686,False
fixed_gv_escape,87,0.82,0.88,0.86,0.70388,0.989654,0.999296,0.974417,0.979083,True,0.0,0,0.0,0.879394,False
fixed_gv_escape,88,0.82,0.88,0.86,0.711822,0.990462,0.999124,0.98183,0.984471,True,0.0,0,0.0,0.88421,False
fixed_gv_escape,89,0.82,0.88,0.86,0.71398,0.98422,1.0,0.984744,0.983434,True,0.0,0,0.0,0.884348,False
fixed_gv_escape,90,0.82,0.88,0.86,0.716344,0.987764,0.998496,0.982007,0.983615,True,0.0,0,0.0,0.885252,False
fixed_gv_escape,91,0.82,0.88,0.86,0.722336,0.985993,0.995819,0.974545,0.978063,True,0.0,0,0.0,0.885018,False
fixed_gv_escape,92,0.82,0.88,0.86,0.724166,0.984494,0.997141,0.979817,0.980931,True,0.0,0,0.0,0.886763,False
fixed_gv_escape,93,0.82,0.88,0.86,0.731868,0.983528,0.993827,0.974175,0.977021,True,0.0,0,0.0,0.887661,False
fixed_gv_escape,94,0.82,0.88,0.86,0.735305,0.979317,0.994593,0.969178,0.97215,True,0.0,0,0.0,0.887063,False
fixed_gv_escape,95,0.82,0.88,0.86,0.74514,0.977108,0.989738,0.963564,0.967719,True,0.0,0,0.0,0.888211,False
fixed_gv_escape,96,0.82,0.88,0.86,0.75942,0.975395,0.98876,0.971116,0.972036,True,0.0,0,0.0,0.894728,False
fixed_gv_escape,97,0.82,0.88,0.86,0.778435,0.990817,0.972869,0.971421,0.97087,True,0.0,0,0.0,0.901772,False
fixed_gv_escape,98,0.82,0.88,0.86,0.779596,0.98859,0.978575,0.971626,0.973678,True,0.0,0,0.0,0.903205,False
fixed_gv_escape,99,0.82,0.88,0.86,0.781499,0.99203,0.972132,0.962622,0.96518,True,0.0,0,0.0,0.901107,False
fixed_gv_escape,100,0.82,0.88,0.86,0.779639,0.991451,0.970604,0.967062,0.967226,True,0.0,0,0.0,0.900889,False
fixed_gv_escape,101,0.82,0.88,0.86,0.787559,0.982604,0.963205,0.965683,0.96317,True,0.0,0,0.0,0.900294,False
fixed_gv_escape,102,0.82,0.88,0.86,0.777063,0.988056,0.95782,0.975699,0.963308,True,0.0,0,0.0,0.897737,False
fixed_gv_escape,103,0.82,0.88,0.86,0.778357,0.991058,0.951727,0.98019,0.960229,True,0.0,0,0.0,0.897931,False
fixed_gv_escape,104,0.82,0.88,0.86,0.772939,0.989597,0.95042,0.978849,0.958906,True,0.0,0,0.0,0.895028,False
fixed_gv_escape,105,0.82,0.88,0.86,0.769937,1.0,0.943996,0.989193,0.957111,True,0.0,0,0.0,0.895836,False
fixed_gv_escape,106,0.82,0.88,0.86,0.773209,0.997059,0.943659,0.994334,0.957478,True,0.0,0,0.0,0.897253,False
fixed_gv_escape,107,0.82,0.88,0.86,0.786013,0.99472,0.9465,0.989816,0.958594,True,0.0,0,0.0,0.90171,False
fixed_gv_escape,108,0.82,0.88,0.86,0.780123,0.992257,0.949645,0.978659,0.958415,True,0.0,0,0.0,0.898011,False
fixed_gv_escape,109,0.82,0.88,0.86,0.795531,0.999227,0.947685,0.970935,0.954702,True,0.0,0,0.0,0.903241,False
fixed_gv_escape,110,0.82,0.88,0.86,0.780271,1.0,0.948015,0.982818,0.958563,True,0.0,0,0.0,0.899768,False
fixed_gv_escape,111,0.82,0.88,0.86,0.790897,0.999397,0.94763,0.975128,0.956076,True,0.0,0,0.0,0.902253,False
fixed_gv_escape,112,0.82,0.88,0.86,0.799586,1.0,0.955291,0.972331,0.960214,True,0.0,0,0.0,0.907147,False
fixed_gv_escape,113,0.82,0.88,0.86,0.791918,1.0,0.951999,0.982064,0.961188,True,0.0,0,0.0,0.90512,False
fixed_gv_escape,114,0.82,0.88,0.86,0.794193,1.0,0.955457,0.980776,0.963239,True,0.0,0,0.0,0.906673,False
fixed_gv_escape,115,0.82,0.88,0.86,0.797349,0.997785,0.961005,0.980504,0.966994,True,0.0,0,0.0,0.908885,False
fixed_gv_escape,116,0.82,0.88,0.86,0.805428,0.997469,0.965139,0.978381,0.96905,True,0.0,0,0.0,0.912591,False
fixed_gv_escape,117,0.82,0.88,0.86,0.822588,1.0,0.971516,0.97672,0.972218,True,0.0,0,0.0,0.920863,False
fixed_gv_escape,118,0.82,0.88,0.86,0.836927,0.997877,0.968598,0.988671,0.974658,True,0.0,0,0.0,0.92737,False
fixed_gv_escape,119,0.82,0.88,0.86,0.854354,0.989552,0.972674,1.0,0.977839,True,0.0,0,0.0,0.935196,False
fixed_gv_escape,120,0.82,0.88,0.86,0.855522,0.982867,0.98001,0.995379,0.980412,True,0.0,0,0.0,0.935419,False
fixed_gv_escape,121,0.82,0.88,0.86,0.848926,0.992736,0.987555,0.995332,0.989126,True,0.0,0,0.0,0.937086,False
fixed_gv_escape,122,0.82,0.88,0.86,0.864494,0.990765,0.981307,0.984903,0.982345,True,0.0,0,0.0,0.939248,False
fixed_gv_escape,123,0.82,0.88,0.86,0.856136,0.987312,0.986349,0.983116,0.984067,True,0.0,0,0.0,0.936315,False
fixed_gv_escape,124,0.82,0.88,0.86,0.85363,0.988094,0.998295,0.981545,0.983453,True,0.0,0,0.0,0.93736,False
fixed_gv_escape,125,0.82,0.88,0.86,0.844386,0.997581,0.995484,0.988416,0.990495,True,0.0,0,0.0,0.936856,False
fixed_gv_escape,126,0.82,0.88,0.86,0.852558,1.0,0.992909,0.995325,0.993576,True,0.0,0,0.0,0.94127,False
fixed_gv_escape,127,0.82,0.88,0.86,0.862062,0.997659,0.995224,0.992697,0.993471,True,0.0,0,0.0,0.944496,False
fixed_gv_escape,128,0.82,0.88,0.86,0.856744,0.999216,0.995637,0.989681,0.991501,True,0.0,0,0.0,0.942172,False
fixed_gv_escape,129,0.82,0.88,0.86,0.861096,0.995542,0.994998,0.983965,0.986968,True,0.0,0,0.0,0.941705,False
fixed_gv_escape,130,0.82,0.88,0.86,0.872849,0.997318,1.0,0.972584,0.979478,True,0.0,0,0.0,0.944899,False
fixed_gv_escape,131,0.82,0.88,0.86,0.872935,0.989129,0.99858,0.974662,0.979097,True,0.0,0,0.0,0.943447,False
fixed_gv_escape,132,0.82,0.88,0.86,0.867109,0.991862,0.99871,0.977527,0.981864,True,0.0,0,0.0,0.942482,False
fixed_gv_escape,133,0.82,0.88,0.86,0.881454,0.991492,1.0,0.973477,0.978924,True,0.0,0,0.0,0.947179,False
fixed_gv_escape,134,0.82,0.88,0.86,0.884256,0.989787,1.0,0.972499,0.977781,True,0.0,0,0.0,0.947663,False
fixed_gv_escape,135,0.82,0.88,0.86,0.863033,0.997736,1.0,0.98467,0.988392,True,0.0,0,0.0,0.944006,False
fixed_gv_escape,136,0.82,0.88,0.86,0.855972,0.995288,1.0,0.9791,0.983855,True,0.0,0,0.0,0.939558,False
fixed_gv_escape,137,0.82,0.88,0.86,0.877168,0.998303,0.999935,0.971974,0.979179,True,0.0,0,0.0,0.946585,False
fixed_gv_escape,138,0.82,0.88,0.86,0.881059,0.99662,1.0,0.969323,0.976974,True,0.0,0,0.0,0.947136,False
fixed_gv_escape,139,0.82,0.88,0.86,0.889548,0.98807,1.0,0.969641,0.975289,True,0.0,0,0.0,0.948665,False
fixed_gv_escape,140,0.82,0.88,0.86,0.891219,0.98762,0.992726,0.975135,0.97888,True,0.0,0,0.0,0.94911,False
fixed_gv_escape,141,0.82,0.88,0.86,0.890607,0.988008,0.993677,0.965664,0.972171,True,0.0,0,0.0,0.946988,False
fixed_gv_escape,142,0.82,0.88,0.86,0.900249,0.986107,0.992524,0.967696,0.973165,True,0.0,0,0.0,0.950505,False
fixed_gv_escape,143,0.82,0.88,0.86,0.895285,0.986317,0.998719,0.962384,0.969655,True,0.0,0,0.0,0.948607,False
fixed_gv_escape,144,0.82,0.88,0.86,0.887512,0.992387,0.998204,0.958441,0.968106,True,0.0,0,0.0,0.945915,False
fixed_gv_escape,145,0.82,0.88,0.86,0.88777,0.985399,0.992058,0.950961,0.960831,True,0.0,0,0.0,0.941729,False
fixed_gv_escape,146,0.82,0.88,0.86,0.901908,0.98145,0.9951,0.947453,0.957639,True,0.0,0,0.0,0.946064,False
fixed_gv_escape,147,0.82,0.88,0.86,0.89698,0.982257,0.995568,0.963039,0.968938,True,0.0,0,0.0,0.947959,False
fixed_gv_escape,148,0.82,0.88,0.86,0.895516,0.986914,1.0,0.954399,0.964142,True,0.0,0,0.0,0.947254,False
fixed_gv_escape,149,0.82,0.88,0.86,0.896901,0.984814,0.998003,0.947978,0.958938,True,0.0,0,0.0,0.945519,False
fixed_gv_escape,150,0.82,0.88,0.86,0.8888,0.984081,1.0,0.949399,0.95987,True,0.0,0,0.0,0.942979,False
fixed_gv_escape,151,0.82,0.88,0.86,0.881291,0.983191,0.995458,0.952189,0.961469,True,0.0,0,0.0,0.93973,False
fixed_gv_escape,152,0.82,0.88,0.86,0.891075,0.984402,0.996737,0.962308,0.969043,True,0.0,0,0.0,0.946222,False
fixed_gv_escape,153,0.82,0.88,0.86,0.888549,0.981596,0.995682,0.962923,0.968662,True,0.0,0,0.0,0.944607,False
fixed_gv_escape,154,0.82,0.88,0.86,0.875644,0.978797,0.997974,0.964883,0.96902,True,0.0,0,0.0,0.93993,False
fixed_gv_escape,155,0.82,0.88,0.86,0.894568,0.984006,1.0,0.970565,0.97463,True,0.0,0,0.0,0.949892,False
fixed_gv_escape,156,0.82,0.88,0.86,0.912655,0.990206,1.0,0.97024,0.976289,True,0.0,0,0.0,0.958034,False
fixed_gv_escape,157,0.82,0.88,0.86,0.913232,0.994235,0.995678,0.97001,0.976633,True,0.0,0,0.0,0.95821,False
fixed_gv_escape,158,0.82,0.88,0.86,0.930297,0.99309,0.998545,0.979681,0.983701,True,0.0,0,0.0,0.967206,False
fixed_gv_escape,159,0.82,0.88,0.86,0.945132,0.985852,1.0,0.986829,0.98541,True,0.0,0,0.0,0.973009,False
fixed_gv_escape,160,0.82,0.88,0.86,1.0,0.954798,0.971565,0.975873,0.959684,True,0.626318,1,0.0,0.97853,False
fixed_gv_escape,161,0.82,0.88,0.86,1.0,0.959383,0.984256,0.967118,0.961418,True,0.626318,1,0.0,0.980622,False
fixed_gv_escape,162,0.82,0.88,0.86,0.998804,0.957952,0.977409,0.961604,0.958478,True,0.626318,1,0.0,0.977552,False
fixed_gv_escape,163,0.82,0.88,0.86,0.993186,0.963689,0.974127,0.955508,0.957965,True,0.626318,1,0.0,0.974944,False
fixed_gv_escape,164,0.82,0.88,0.86,0.999159,0.963143,0.975129,0.961056,0.961172,True,0.626318,1,0.0,0.978458,False
fixed_gv_escape,165,0.82,0.88,0.86,0.999958,0.958013,0.976352,0.965079,0.960062,True,0.626318,1,0.0,0.978488,False
fixed_gv_escape,166,0.82,0.88,0.86,0.996114,0.954991,0.975833,0.961589,0.956745,True,0.626318,1,0.0,0.975503,False
fixed_gv_escape,167,0.82,0.88,0.86,0.986553,0.946899,0.974574,0.961718,0.951452,True,0.626318,1,0.0,0.96957,False
fixed_gv_escape,168,0.82,0.88,0.86,0.984979,0.946128,0.972997,0.963808,0.9515,True,0.626318,1,0.0,0.968848,False
fixed_gv_escape,169,0.82,0.88,0.86,1.0,0.950717,0.968986,0.96549,0.955001,True,0.626318,1,0.0,0.975315,False
fixed_gv_escape,170,0.82,0.88,0.86,1.0,0.948633,0.974546,0.966804,0.954096,True,0.626318,1,0.0,0.976016,False
fixed_gv_escape,171,0.82,0.88,0.86,1.0,0.951396,0.973756,0.970866,0.956899,True,0.626318,1,0.0,0.977277,False
fixed_gv_escape,172,0.82,0.88,0.86,1.0,0.953364,0.97213,0.969006,0.957855,True,0.626318,1,0.0,0.977192,False
fixed_gv_escape,173,0.82,0.88,0.86,1.0,0.949881,0.979578,0.962203,0.953532,True,0.626318,1,0.0,0.976435,False
fixed_gv_escape,174,0.82,0.88,0.86,1.0,0.938511,0.992316,0.960815,0.945119,True,0.626318,1,0.0,0.975477,False
fixed_gv_escape,175,0.82,0.88,0.86,1.0,0.944761,0.994196,0.968006,0.951823,True,0.626318,1,0.0,0.978752,False
fixed_gv_escape,176,0.82,0.88,0.86,1.0,0.949597,1.0,0.974398,0.957174,True,0.626318,1,0.0,0.982204,False
fixed_gv_escape,177,0.82,0.88,0.86,1.0,0.947703,1.0,0.975348,0.956193,True,0.626318,1,0.0,0.981878,False
fixed_gv_escape,178,0.82,0.88,0.86,0.997772,0.953068,0.998481,0.985581,0.962802,True,0.626318,1,0.0,0.98395,False
fixed_gv_escape,179,0.82,0.88,0.86,1.0,0.941529,0.998014,0.988488,0.955024,True,0.626318,1,0.0,0.982109,False
fixed_gv_escape,180,0.82,0.88,0.86,1.0,0.941135,0.998368,0.99593,0.956017,True,0.626318,1,0.0,0.983263,False
fixed_gv_escape,181,0.82,0.88,0.86,1.0,0.940945,0.992944,0.998075,0.955385,True,0.626318,1,0.0,0.982477,False
fixed_gv_escape,182,0.82,0.88,0.86,1.0,0.941953,0.998416,1.0,0.957175,True,0.626318,1,0.0,0.984127,False
fixed_gv_escape,183,0.82,0.88,0.86,0.997735,0.939929,1.0,0.999747,0.955873,True,0.626318,1,0.0,0.982996,False
fixed_gv_escape,184,0.82,0.88,0.86,0.987536,0.94677,0.996719,1.0,0.96046,True,0.626318,1,0.0,0.980347,False
fixed_gv_escape,185,0.82,0.88,0.86,0.980345,0.948139,0.995796,1.0,0.96132,True,0.626318,1,0.0,0.977798,False
fixed_gv_escape,186,0.82,0.88,0.86,0.972989,0.953155,1.0,0.998882,0.965462,True,0.626318,1,0.0,0.977003,False
fixed_gv_escape,187,0.82,0.88,0.86,0.979617,0.956667,1.0,1.0,0.968192,True,0.626318,1,0.0,0.980638,False
fixed_gv_escape,188,0.82,0.88,0.86,0.990819,0.965002,1.0,0.991035,0.972729,True,0.626318,1,0.0,0.985684,False
fixed_gv_escape,189,0.82,0.88,0.86,0.995654,0.959213,0.997839,0.982855,0.966453,True,0.626318,1,0.0,0.984192,False
fixed_gv_escape,190,0.82,0.88,0.86,1.0,0.950594,1.0,0.983044,0.960456,True,0.626318,1,0.0,0.983988,False
fixed_gv_escape,191,0.82,0.88,0.86,1.0,0.947307,0.995375,0.980337,0.957275,True,0.626318,1,0.0,0.981803,False
fixed_gv_escape,192,0.82,0.88,0.86,1.0,0.947786,0.992977,0.978834,0.957155,True,0.626318,1,0.0,0.981233,False
fixed_gv_escape,193,0.82,0.88,0.86,0.997114,0.946046,1.0,0.982012,0.956953,True,0.626318,1,0.0,0.981508,False
fixed_gv_escape,194,0.82,0.88,0.86,1.0,0.942248,1.0,0.981301,0.954065,True,0.626318,1,0.0,0.981474,False
fixed_gv_escape,195,0.82,0.88,0.86,1.0,0.947425,1.0,0.984486,0.958556,True,0.626318,1,0.0,0.983391,False
fixed_gv_escape,196,0.82,0.88,0.86,1.0,0.956299,1.0,0.995774,0.967296,True,0.626318,1,0.0,0.987618,False
fixed_gv_escape,197,0.82,0.88,0.86,1.0,0.959154,1.0,0.988397,0.967909,True,0.626318,1,0.0,0.987172,False
fixed_gv_escape,198,0.82,0.88,0.86,1.0,0.957916,1.0,0.988882,0.96713,True,0.626318,1,0.0,0.986924,False
fixed_gv_escape,199,0.82,0.88,0.86,1.0,0.960215,0.991797,0.999969,0.969423,True,0.626318,1,0.0,0.987688,False
fixed_gv_escape,200,0.82,0.88,0.86,1.0,0.959385,0.989119,1.0,0.968244,True,0.626318,1,0.0,0.98692,False
fixed_gv_escape,201,0.82,0.88,0.86,1.0,0.959991,0.993169,1.0,0.969534,True,0.626318,1,0.0,0.987913,False
fixed_gv_escape,202,0.82,0.88,0.86,1.0,0.958576,0.994893,1.0,0.968814,True,0.626318,1,0.0,0.987882,False
fixed_gv_escape,203,0.82,0.88,0.86,0.998327,0.964113,0.989612,0.996565,0.971572,True,0.626318,1,0.0,0.987142,False
fixed_gv_escape,204,0.82,0.88,0.86,0.99303,0.971312,0.984118,0.992477,0.975238,True,0.626318,1,0.0,0.985304,False
fixed_gv_escape,205,0.82,0.88,0.86,0.991746,0.971067,0.978535,0.997706,0.972899,True,0.626318,1,0.0,0.984219,False
fixed_gv_escape,206,0.82,0.88,0.86,1.0,0.975183,0.979637,0.994631,0.976079,True,0.626318,1,0.0,0.988246,False
fixed_gv_escape,207,0.82,0.88,0.86,1.0,0.980537,0.976105,0.995035,0.97702,True,0.626318,1,0.0,0.988743,False
fixed_gv_escape,208,0.82,0.88,0.86,0.994254,0.982202,0.974348,0.989473,0.976758,True,0.626318,1,0.0,0.985733,False
fixed_gv_escape,209,0.82,0.88,0.86,0.985024,0.980522,0.974627,0.984545,0.976436,True,0.626318,1,0.0,0.981245,False
fixed_gv_escape,210,0.82,0.88,0.86,0.989299,0.985026,0.975016,0.988483,0.977987,True,0.626318,1,0.0,0.984487,False
fixed_gv_escape,211,0.82,0.88,0.86,0.986282,0.986172,0.968209,0.992074,0.973525,True,0.626318,1,0.0,0.982289,False
fixed_gv_escape,212,0.82,0.88,0.86,0.996908,0.984567,0.975563,0.985582,0.978077,True,0.626318,1,0.0,0.986999,False
fixed_gv_escape,213,0.82,0.88,0.86,1.0,0.992065,0.986316,0.986275,0.985906,True,0.626318,1,0.0,0.992496,False
fixed_gv_escape,214,0.82,0.88,0.86,1.0,0.998902,0.981084,0.989218,0.983544,True,0.626318,1,0.0,0.992913,False
fixed_gv_escape,215,0.82,0.88,0.86,0.994307,1.0,0.973792,0.992112,0.979303,True,0.626318,1,0.0,0.989531,False
fixed_gv_escape,216,0.82,0.88,0.86,0.993577,0.994186,0.971754,0.98656,0.976251,True,0.626318,1,0.0,0.986697,False
fixed_gv_escape,217,0.82,0.88,0.86,0.997673,0.992529,0.98267,0.982658,0.982,True,0.626318,1,0.0,0.990064,False
fixed_gv_escape,218,0.82,0.88,0.86,0.992624,0.993196,0.990303,0.98998,0.989931,True,0.626318,1,0.0,0.991616,False
fixed_gv_escape,219,0.82,0.88,0.86,1.0,0.995933,0.987362,0.993984,0.989308,True,0.626318,1,0.0,0.994868,False
fixed_gv_escape,220,0.82,0.88,0.86,1.0,0.999456,0.991784,0.985404,0.987331,True,0.626318,1,0.0,0.99486,False
fixed_gv_escape,221,0.82,0.88,0.86,0.995146,0.995934,1.0,0.984334,0.987781,True,0.626318,1,0.0,0.993764,False
fixed_gv_escape,222,0.82,0.88,0.86,1.0,0.990373,0.997315,0.992311,0.990847,True,0.626318,1,0.0,0.995609,False
fixed_gv_escape,223,0.82,0.88,0.86,0.990787,0.993933,0.995019,1.0,0.994072,True,0.626318,1,0.0,0.993799,False
fixed_gv_escape,224,0.82,0.88,0.86,1.0,1.0,0.990067,0.998841,0.992533,True,0.626318,1,0.0,0.997154,False
fixed_gv_escape,225,0.82,0.88,0.86,0.996421,1.0,0.989024,0.997406,0.991495,True,0.626318,1,0.0,0.995281,False
fixed_gv_escape,226,0.82,0.88,0.86,1.0,1.0,0.985769,0.994155,0.988343,True,0.626318,1,0.0,0.995221,False
fixed_gv_escape,227,0.82,0.88,0.86,1.0,0.997367,0.988151,0.983446,0.98474,True,0.626318,1,0.0,0.993244,False
fixed_gv_escape,228,0.82,0.88,0.86,1.0,0.993065,0.986836,0.97882,0.981284,True,0.626318,1,0.0,0.991171,False
fixed_gv_escape,229,0.82,0.88,0.86,1.0,0.994339,0.984342,0.979377,0.980731,True,0.626318,1,0.0,0.990963,False
fixed_gv_escape,230,0.82,0.88,0.86,1.0,0.988892,0.98316,0.964653,0.97011,True,0.626318,1,0.0,0.986434,False
fixed_gv_escape,231,0.82,0.88,0.86,1.0,0.994216,0.991593,0.974068,0.979023,True,0.626318,1,0.0,0.991298,False
fixed_gv_escape,232,0.82,0.88,0.86,0.999657,0.988171,0.998732,0.975254,0.979225,True,0.626318,1,0.0,0.991555,False
fixed_gv_escape,233,0.82,0.88,0.86,1.0,1.0,0.997831,0.984032,0.987944,True,0.626318,1,0.0,0.995927,False
fixed_gv_escape,234,0.82,0.88,0.86,0.995096,0.99709,0.991699,0.977145,0.981484,True,0.626318,1,0.0,0.990697,False
fixed_gv_escape,235,0.82,0.88,0.86,0.996803,0.997494,0.995293,0.966704,0.974576,True,0.626318,1,0.0,0.989775,False
fixed_gv_escape,236,0.82,0.88,0.86,0.997291,1.0,0.999162,0.975955,0.982234,True,0.626318,1,0.0,0.993321,False
fixed_gv_escape,237,0.82,0.88,0.86,0.983582,1.0,1.0,0.97049,0.978339,True,0.626318,1,0.0,0.98703,False
fixed_gv_escape,238,0.82,0.88,0.86,0.983973,0.991943,1.0,0.968016,0.975108,True,0.626318,1,0.0,0.984995,False
fixed_gv_escape,239,0.82,0.88,0.86,0.983553,0.999604,0.999755,0.969476,0.977509,True,0.626318,1,0.0,0.986662,False
fixed_gv_escape,240,0.82,0.88,0.86,0.990536,1.0,1.0,0.974537,0.98131,True,0.626318,1,0.0,0.990596,False
fixed_gv_escape,241,0.82,0.88,0.86,0.982774,0.994743,0.99877,0.970966,0.977732,True,0.626318,1,0.0,0.98555,False
fixed_gv_escape,242,0.82,0.88,0.86,0.971076,0.986826,0.997269,0.971444,0.976164,True,0.626318,1,0.0,0.979288,False
fixed_gv_escape,243,0.82,0.88,0.86,0.974988,0.984629,1.0,0.971354,0.975378,True,0.626318,1,0.0,0.980763,False
fixed_gv_escape,244,0.82,0.88,0.86,0.979893,0.97669,0.999456,0.964822,0.968108,True,0.626318,1,0.0,0.979314,False
fixed_gv_escape,245,0.82,0.88,0.86,0.977212,0.9797,0.991419,0.965994,0.970206,True,0.626318,1,0.0,0.977806,False
fixed_gv_escape,246,0.82,0.88,0.86,0.987753,0.97574,0.991789,0.968146,0.970181,True,0.626318,1,0.0,0.981464,False
fixed_gv_escape,247,0.82,0.88,0.86,0.979183,0.97102,1.0,0.967489,0.967123,True,0.626318,1,0.0,0.978376,False
fixed_gv_escape,248,0.82,0.88,0.86,0.977802,0.9553,1.0,0.973349,0.960609,True,0.626318,1,0.0,0.975061,False
fixed_gv_escape,249,0.82,0.88,0.86,0.977316,0.962218,0.989499,0.96624,0.962431,True,0.626318,1,0.0,0.973455,False
fixed_gv_escape,250,0.82,0.88,0.86,0.974578,0.961619,0.98224,0.968566,0.963527,True,0.626318,1,0.0,0.971456,False
fixed_gv_escape,251,0.82,0.88,0.86,0.982251,0.964003,0.984027,0.960856,0.960906,True,0.626318,1,0.0,0.97373,False
fixed_gv_escape,252,0.82,0.88,0.86,0.982884,0.964113,0.990808,0.957745,0.958714,True,0.626318,1,0.0,0.974512,False
fixed_gv_escape,253,0.82,0.88,0.86,0.99772,0.969735,0.985208,0.945929,0.953225,True,0.626318,1,0.0,0.97784,False
fixed_gv_escape,254,0.82,0.88,0.86,1.0,0.966196,0.992705,0.942425,0.949652,True,0.626318,1,0.0,0.9785,False
fixed_gv_escape,255,0.82,0.88,0.86,1.0,0.960555,0.992273,0.950733,0.952786,True,0.626318,1,0.0,0.978946,False
fixed_gv_escape,256,0.82,0.88,0.86,1.0,0.968572,0.992557,0.93823,0.947558,True,0.626318,1,0.0,0.978062,False
fixed_gv_escape,257,0.82,0.88,0.86,1.0,0.960238,0.990826,0.942163,0.947338,True,0.626318,1,0.0,0.976775,False
fixed_gv_escape,258,0.82,0.88,0.86,0.99868,0.957602,0.990794,0.94605,0.948695,True,0.626318,1,0.0,0.9765,False
fixed_gv_escape,259,0.82,0.88,0.86,1.0,0.954113,0.991798,0.950383,0.949531,True,0.626318,1,0.0,0.977261,False
fixed_gv_escape,260,0.82,0.88,0.86,1.0,0.95642,0.996784,0.953076,0.951876,True,0.626318,1,0.0,0.979233,False
fixed_gv_escape,261,0.82,0.88,0.86,0.998221,0.953978,1.0,0.958334,0.953138,True,0.626318,1,0.0,0.979583,False
fixed_gv_escape,262,0.82,0.88,0.86,1.0,0.941152,0.996556,0.965384,0.948422,True,0.626318,1,0.0,0.977752,False
fixed_gv_escape,263,0.82,0.88,0.86,1.0,0.924867,0.994309,0.96848,0.938193,True,0.626318,1,0.0,0.973622,False
fixed_gv_escape,264,0.82,0.88,0.86,1.0,0.925919,0.99349,0.961458,0.936831,True,0.626318,1,0.0,0.972517,False
fixed_gv_escape,265,0.82,0.88,0.86,0.993187,0.917114,0.98718,0.971697,0.933119,True,0.626318,1,0.0,0.968196,False
fixed_gv_escape,266,0.82,0.88,0.86,0.998226,0.916586,0.976831,0.978185,0.932785,True,0.626318,1,0.0,0.969021,False
fixed_gv_escape,267,0.82,0.88,0.86,0.997068,0.918827,0.978928,0.974498,0.934172,True,0.626318,1,0.0,0.969012,False
fixed_gv_escape,268,0.82,0.88,0.86,0.993939,0.916835,0.974938,0.981104,0.933015,True,0.626318,1,0.0,0.967533,False
fixed_gv_escape,269,0.82,0.88,0.86,0.999627,0.920346,0.981473,0.980887,0.936525,True,0.626318,1,0.0,0.971893,False
fixed_gv_escape,270,0.82,0.88,0.86,1.0,0.925406,0.973026,0.965646,0.936905,True,0.626318,1,0.0,0.969337,False
fixed_gv_escape,271,0.82,0.88,0.86,1.0,0.930556,0.970707,0.975643,0.941806,True,0.626318,1,0.0,0.971834,False
fixed_gv_escape,272,0.82,0.88,0.86,1.0,0.936263,0.981922,0.974491,0.947222,True,0.626318,1,0.0,0.975369,False
fixed_gv_escape,273,0.82,0.88,0.86,0.991295,0.94754,0.985007,0.977995,0.956357,True,0.626318,1,0.0,0.976233,False
fixed_gv_escape,274,0.82,0.88,0.86,0.997175,0.941342,0.984293,0.972824,0.950719,True,0.626318,1,0.0,0.975823,False
fixed_gv_escape,275,0.82,0.88,0.86,0.997234,0.939626,0.976417,0.983216,0.950144,True,0.626318,1,0.0,0.975505,False
fixed_gv_escape,276,0.82,0.88,0.86,0.998711,0.946032,0.97997,0.985387,0.955659,True,0.626318,1,0.0,0.978824,False
fixed_gv_escape,277,0.82,0.88,0.86,1.0,0.951715,0.985106,0.986814,0.960811,True,0.626318,1,0.0,0.982079,False
fixed_gv_escape,278,0.82,0.88,0.86,1.0,0.950335,0.987912,0.989703,0.960555,True,0.626318,1,0.0,0.98271,False
fixed_gv_escape,279,0.82,0.88,0.86,0.996817,0.949742,0.985331,0.981271,0.958594,True,0.626318,1,0.0,0.979513,False
fixed_gv_escape,280,0.82,0.88,0.86,1.0,0.958885,0.98911,0.966251,0.960478,True,0.626318,1,0.0,0.981172,False
fixed_gv_escape,281,0.82,0.88,0.86,0.998815,0.96287,0.98936,0.966134,0.962764,True,0.626318,1,0.0,0.981742,False
fixed_gv_escape,282,0.82,0.88,0.86,1.0,0.97208,0.98957,0.973691,0.971738,True,0.626318,1,0.0,0.986022,False
fixed_gv_escape,283,0.82,0.88,0.86,1.0,0.96222,0.996591,0.971754,0.96454,True,0.626318,1,0.0,0.984376,False
fixed_gv_escape,284,0.82,0.88,0.86,0.9955,0.956274,1.0,0.966882,0.958556,True,0.626318,1,0.0,0.980809,False
fixed_gv_escape,285,0.82,0.88,0.86,0.999727,0.9551,0.999731,0.960095,0.95467,True,0.626318,1,0.0,0.98074,False
fixed_gv_escape,286,0.82,0.88,0.86,0.994345,0.95411,1.0,0.962849,0.955409,True,0.626318,1,0.0,0.979039,False
fixed_gv_escape,287,0.82,0.88,0.86,1.0,0.955481,0.996747,0.968474,0.958924,True,0.626318,1,0.0,0.982058,False
fixed_gv_escape,288,0.82,0.88,0.86,0.993955,0.967939,0.996743,0.968956,0.966536,True,0.626318,1,0.0,0.982984,False
fixed_gv_escape,289,0.82,0.88,0.86,1.0,0.965777,0.987574,0.96584,0.964343,True,0.626318,1,0.0,0.982542,False
fixed_gv_escape,290,0.82,0.88,0.86,1.0,0.965301,0.996196,0.97138,0.966267,True,0.626318,1,0.0,0.985015,False
fixed_gv_escape,291,0.82,0.88,0.86,1.0,0.968346,0.991322,0.972289,0.968792,True,0.626318,1,0.0,0.985116,False
fixed_gv_escape,292,0.82,0.88,0.86,0.989784,0.968185,0.989771,0.979311,0.971597,True,0.626318,1,0.0,0.982245,False
fixed_gv_escape,293,0.82,0.88,0.86,0.990012,0.966274,0.995846,0.979687,0.970326,True,0.626318,1,0.0,0.982982,False
fixed_gv_escape,294,0.82,0.88,0.86,0.99859,0.964851,0.997412,0.978188,0.96879,True,0.626318,1,0.0,0.985873,False
fixed_gv_escape,295,0.82,0.88,0.86,0.991212,0.960992,1.0,0.986214,0.968673,True,0.626318,1,0.0,0.98395,False
fixed_gv_escape,296,0.82,0.88,0.86,1.0,0.961352,0.988697,0.968628,0.963064,True,0.626318,1,0.0,0.982184,False
fixed_gv_escape,297,0.82,0.88,0.86,1.0,0.962147,0.992844,0.966298,0.962205,True,0.626318,1,0.0,0.982645,False
fixed_gv_escape,298,0.82,0.88,0.86,0.999975,0.963515,0.994449,0.962601,0.960939,True,0.626318,1,0.0,0.982501,False
fixed_gv_escape,299,0.82,0.88,0.86,0.998284,0.95942,0.991366,0.970202,0.962384,True,0.626318,1,0.0,0.981804,False
fixed_gv_escape,300,0.82,0.88,0.86,0.996008,0.966227,1.0,0.972378,0.967051,True,0.626318,1,0.0,0.984583,False
fixed_gv_escape,301,0.82,0.88,0.86,1.0,0.963633,1.0,0.965533,0.962182,True,0.626318,1,0.0,0.98409,False
fixed_gv_escape,302,0.82,0.88,0.86,0.99827,0.962336,0.995501,0.964872,0.961425,True,0.626318,1,0.0,0.982207,False
fixed_gv_escape,303,0.82,0.88,0.86,1.0,0.95231,0.991162,0.956838,0.952025,True,0.626318,1,0.0,0.978025,False
fixed_gv_escape,304,0.82,0.88,0.86,1.0,0.955318,0.98671,0.959648,0.955418,True,0.626318,1,0.0,0.978566,False
fixed_gv_escape,305,0.82,0.88,0.86,0.994174,0.961146,0.992028,0.966584,0.961811,True,0.626318,1,0.0,0.980097,False
fixed_gv_escape,306,0.82,0.88,0.86,1.0,0.959381,0.996194,0.964548,0.959542,True,0.626318,1,0.0,0.982185,False
fixed_gv_escape,307,0.82,0.88,0.86,0.983911,0.958821,0.996858,0.96318,0.958505,True,0.626318,1,0.0,0.975774,False
fixed_gv_escape,308,0.82,0.88,0.86,0.977891,0.956707,0.991526,0.960931,0.956534,True,0.626318,1,0.0,0.971595,False
fixed_gv_escape,309,0.82,0.88,0.86,0.992995,0.953836,0.987449,0.955192,0.952287,True,0.626318,1,0.0,0.974771,False
fixed_gv_escape,310,0.82,0.88,0.86,1.0,0.954622,0.979459,0.948732,0.949619,True,0.626318,1,0.0,0.974911,False
fixed_gv_escape,311,0.82,0.88,0.86,1.0,0.943623,0.978163,0.960021,0.948611,True,0.626318,1,0.0,0.974158,False
fixed_gv_escape,312,0.82,0.88,0.86,1.0,0.949253,0.97233,0.959496,0.952335,True,0.626318,1,0.0,0.974495,False
fixed_gv_escape,313,0.82,0.88,0.86,0.99566,0.944997,0.982223,0.954879,0.947317,True,0.626318,1,0.0,0.972612,False
fixed_gv_escape,314,0.82,0.88,0.86,0.995448,0.946538,0.986142,0.952678,0.946992,True,0.626318,1,0.0,0.973166,False
fixed_gv_escape,315,0.82,0.88,0.86,0.982357,0.950822,0.971757,0.952774,0.950425,True,0.626318,1,0.0,0.966799,False
fixed_gv_escape,316,0.82,0.88,0.86,0.990615,0.944547,0.965609,0.950097,0.945841,True,0.626318,1,0.0,0.966776,False
fixed_gv_escape,317,0.82,0.88,0.86,1.0,0.947372,0.954477,0.951554,0.948656,True,0.626318,1,0.0,0.969389,False
fixed_gv_escape,318,0.82,0.88,0.86,1.0,0.952145,0.957221,0.949797,0.95042,True,0.626318,1,0.0,0.970708,False
fixed_gv_escape,319,0.82,0.88,0.86,1.0,0.9479,0.955069,0.954218,0.949678,True,0.626318,1,0.0,0.970086,False
fixed_gv_escape,320,0.82,0.88,0.86,1.0,0.952829,0.947786,0.957101,0.949336,True,0.626318,1,0.0,0.970025,False
fixed_gv_escape,321,0.82,0.88,0.86,1.0,0.951039,0.947944,0.964775,0.948369,True,0.626318,1,0.0,0.97069,False
fixed_gv_escape,322,0.82,0.88,0.86,0.994409,0.967857,0.943076,0.965472,0.949314,True,0.626318,1,0.0,0.970927,False
fixed_gv_escape,323,0.82,0.88,0.86,0.99983,0.967709,0.943721,0.965126,0.949713,True,0.626318,1,0.0,0.973076,False
fixed_gv_escape,324,0.82,0.88,0.86,1.0,0.967383,0.949036,0.964192,0.9534,True,0.626318,1,0.0,0.97435,False
fixed_gv_escape,325,0.82,0.88,0.86,0.999636,0.959089,0.949642,0.962853,0.952471,True,0.626318,1,0.0,0.972529,False
fixed_gv_escape,326,0.82,0.88,0.86,0.993343,0.956886,0.945802,0.972652,0.949082,True,0.626318,1,0.0,0.970015,False
fixed_gv_escape,327,0.82,0.88,0.86,1.0,0.964035,0.946595,0.965233,0.951381,True,0.626318,1,0.0,0.973212,False
fixed_gv_escape,328,0.82,0.88,0.86,1.0,0.957579,0.950592,0.96699,0.952676,True,0.626318,1,0.0,0.97317,False
fixed_gv_escape,329,0.82,0.88,0.86,1.0,0.953284,0.94626,0.972297,0.947931,True,0.626318,1,0.0,0.971791,False
fixed_gv_escape,330,0.82,0.88,0.86,0.981279,0.958615,0.941698,0.975953,0.946868,True,0.626318,1,0.0,0.9652,False
fixed_gv_escape,331,0.82,0.88,0.86,0.984693,0.965864,0.944416,0.986218,0.950992,True,0.626318,1,0.0,0.970223,False
fixed_gv_escape,332,0.82,0.88,0.86,0.987907,0.970955,0.944986,0.993556,0.952964,True,0.626318,1,0.0,0.973728,False
fixed_gv_escape,333,0.82,0.88,0.86,1.0,0.984582,0.948373,0.99707,0.959121,True,0.626318,1,0.0,0.982616,False
fixed_gv_escape,334,0.82,0.88,0.86,0.993782,0.977185,0.957501,0.998804,0.963493,True,0.626318,1,0.0,0.981333,False
fixed_gv_escape,335,0.82,0.88,0.86,0.997151,0.963572,0.957667,0.994323,0.958195,True,0.626318,1,0.0,0.978929,False
fixed_gv_escape,336,0.82,0.88,0.86,1.0,0.968154,0.961344,0.985513,0.963021,True,0.626318,1,0.0,0.980844,False
fixed_gv_escape,337,0.82,0.88,0.86,1.0,0.976606,0.975243,0.975804,0.975409,True,0.626318,1,0.0,0.984995,False
fixed_gv_escape,338,0.82,0.88,0.86,0.997342,0.978361,0.976086,0.975145,0.975383,True,0.626318,1,0.0,0.984357,False
fixed_gv_escape,339,0.82,0.88,0.86,0.991811,0.972781,0.970678,0.973748,0.971313,True,0.626318,1,0.0,0.979593,False
fixed_gv_escape,340,0.82,0.88,0.86,0.994702,0.972627,0.966862,0.9798,0.968597,True,0.626318,1,0.0,0.980498,False
fixed_gv_escape,341,0.82,0.88,0.86,1.0,0.972299,0.967737,0.977045,0.96913,True,0.626318,1,0.0,0.982289,False
fixed_gv_escape,342,0.82,0.88,0.86,1.0,0.970685,0.971841,0.972876,0.97104,True,0.626318,1,0.0,0.982382,False
fixed_gv_escape,343,0.82,0.88,0.86,0.998641,0.976698,0.973074,0.982837,0.974111,True,0.626318,1,0.0,0.984933,False
fixed_gv_escape,344,0.82,0.88,0.86,0.990111,0.973718,0.965596,0.975069,0.967905,True,0.626318,1,0.0,0.977977,False
fixed_gv_escape,345,0.82,0.88,0.86,0.993358,0.971649,0.964334,0.972253,0.966353,True,0.626318,1,0.0,0.978031,False
fixed_gv_escape,346,0.82,0.88,0.86,0.990754,0.96459,0.970209,0.971814,0.966238,True,0.626318,1,0.0,0.976753,False
fixed_gv_escape,347,0.82,0.88,0.86,0.989824,0.970756,0.977619,0.969554,0.969623,True,0.626318,1,0.0,0.978933,False
fixed_gv_escape,348,0.82,0.88,0.86,0.999035,0.975106,0.969845,0.963721,0.965603,True,0.626318,1,0.0,0.980518,False
fixed_gv_escape,349,0.82,0.88,0.86,1.0,0.974302,0.969801,0.95469,0.959134,True,0.626318,1,0.0,0.978691,False
fixed_gv_escape,350,0.82,0.88,0.86,0.999456,0.97106,0.971438,0.959586,0.962686,True,0.626318,1,0.0,0.979307,False
fixed_gv_escape,351,0.82,0.88,0.86,1.0,0.978643,0.967338,0.950781,0.955862,True,0.626318,1,0.0,0.978089,False
fixed_gv_escape,352,0.82,0.88,0.86,0.990498,0.979389,0.963661,0.940571,0.947656,True,0.626318,1,0.0,0.971537,False
fixed_gv_escape,353,0.82,0.88,0.86,0.989478,0.970198,0.97017,0.93803,0.946582,True,0.626318,1,0.0,0.970182,False
fixed_gv_escape,354,0.82,0.88,0.86,0.986891,0.967871,0.973157,0.943498,0.950529,True,0.626318,1,0.0,0.970557,False
fixed_gv_escape,355,0.82,0.88,0.86,0.989453,0.972032,0.978458,0.946442,0.953889,True,0.626318,1,0.0,0.974049,False
fixed_gv_escape,356,0.82,0.88,0.86,0.98117,0.976489,0.979374,0.94561,0.954168,True,0.626318,1,0.0,0.971785,False
fixed_gv_escape,357,0.82,0.88,0.86,0.973028,0.987077,0.979876,0.94919,0.958084,True,0.626318,1,0.0,0.971659,False
fixed_gv_escape,358,0.82,0.88,0.86,0.962971,0.986637,0.982504,0.954812,0.962641,True,0.626318,1,0.0,0.969565,False
fixed_gv_escape,359,0.82,0.88,0.86,0.948711,0.977799,0.995355,0.949649,0.958266,True,0.626318,1,0.0,0.963621,False
fixed_gv_escape,360,0.82,0.88,0.86,0.944518,0.977388,0.99925,0.946278,0.955831,True,0.626318,1,0.0,0.96189,False
fixed_gv_escape,361,0.82,0.88,0.86,0.948404,0.98085,0.997667,0.951885,0.960729,True,0.626318,1,0.0,0.965078,False
fixed_gv_escape,362,0.82,0.88,0.86,0.950634,0.991818,0.994069,0.957952,0.967237,True,0.626318,1,0.0,0.968882,False
fixed_gv_escape,363,0.82,0.88,0.86,0.945365,0.993353,0.994296,0.954128,0.964683,True,0.626318,1,0.0,0.966355,False
fixed_gv_escape,364,0.82,0.88,0.86,0.949815,0.993122,0.99406,0.955001,0.965261,True,0.626318,1,0.0,0.968154,False
fixed_gv_escape,365,0.82,0.88,0.86,0.954214,0.98947,1.0,0.947931,0.960027,True,0.626318,1,0.0,0.968619,False
fixed_gv_escape,366,0.82,0.88,0.86,0.953448,1.0,0.992079,0.95209,0.963566,True,0.626318,1,0.0,0.969805,False
fixed_gv_escape,367,0.82,0.88,0.86,0.959397,1.0,0.999618,0.95086,0.963878,True,0.626318,1,0.0,0.973288,False
fixed_gv_escape,368,0.82,0.88,0.86,0.947764,1.0,0.994866,0.951255,0.963451,True,0.626318,1,0.0,0.968016,False
fixed_gv_escape,369,0.82,0.88,0.86,0.954283,0.989821,0.995914,0.945397,0.957906,True,0.626318,1,0.0,0.967364,False
fixed_gv_escape,370,0.82,0.88,0.86,0.966801,0.993662,1.0,0.956437,0.967032,True,0.626318,1,0.0,0.976188,False
fixed_gv_escape,371,0.82,0.88,0.86,0.982073,0.985064,1.0,0.954819,0.963986,True,0.626318,1,0.0,0.979852,False
fixed_gv_escape,372,0.82,0.88,0.86,0.990268,0.991194,1.0,0.9575,0.96733,True,0.626318,1,0.0,0.984846,False
fixed_gv_escape,373,0.82,0.88,0.86,0.997763,0.993287,1.0,0.960033,0.969587,True,0.626318,1,0.0,0.988697,False
fixed_gv_escape,374,0.82,0.88,0.86,0.988026,0.992706,0.991697,0.962924,0.970706,True,0.626318,1,0.0,0.983936,False
fixed_gv_escape,375,0.82,0.88,0.86,0.987513,0.993695,0.996492,0.95166,0.963185,True,0.626318,1,0.0,0.982303,False
fixed_gv_escape,376,0.82,0.88,0.86,0.993709,0.976507,0.990739,0.959754,0.964902,True,0.626318,1,0.0,0.981867,False
fixed_gv_escape,377,0.82,0.88,0.86,0.999984,0.982524,0.992315,0.964326,0.969864,True,0.626318,1,0.0,0.986854,False
fixed_gv_escape,378,0.82,0.88,0.86,1.0,0.979268,1.0,0.974554,0.975212,True,0.626318,1,0.0,0.989731,False
fixed_gv_escape,379,0.82,0.88,0.86,1.0,0.974184,1.0,0.978601,0.974679,True,0.626318,1,0.0,0.989319,False
fixed_gv_escape,380,0.82,0.88,0.86,0.998211,0.977533,0.993488,0.983064,0.979072,True,0.626318,1,0.0,0.989222,False
fixed_gv_escape,381,0.82,0.88,0.86,1.0,0.982476,0.985397,0.98477,0.983147,True,0.626318,1,0.0,0.990063,False
fixed_gv_escape,382,0.82,0.88,0.86,0.996331,0.982661,0.994328,0.988942,0.984591,True,0.626318,1,0.0,0.991066,False
fixed_gv_escape,383,0.82,0.88,0.86,0.993748,0.977256,1.0,0.982107,0.978141,True,0.626318,1,0.0,0.988402,False
fixed_gv_escape,384,0.82,0.88,0.86,0.996503,0.984172,1.0,0.985401,0.983747,True,0.626318,1,0.0,0.991828,False
fixed_gv_escape,385,0.82,0.88,0.86,1.0,1.0,1.0,0.986448,0.990053,True,0.626318,1,0.0,0.996909,False
fixed_gv_escape,386,0.82,0.88,0.86,0.99818,0.998718,0.996792,0.986769,0.989641,True,0.626318,1,0.0,0.995405,False
fixed_gv_escape,387,0.82,0.88,0.86,1.0,0.997804,0.989642,0.995201,0.991322,True,0.626318,1,0.0,0.996027,False
fixed_gv_escape,388,0.82,0.88,0.86,0.989468,1.0,0.996115,0.980793,0.985255,True,0.626318,1,0.0,0.99084,False
fixed_gv_escape,389,0.82,0.88,0.86,0.991864,1.0,0.99314,0.976392,0.981416,True,0.626318,1,0.0,0.990138,False
fixed_gv_escape,390,0.82,0.88,0.86,0.991398,1.0,0.986682,0.969005,0.974438,True,0.626318,1,0.0,0.986927,False
fixed_gv_escape,391,0.82,0.88,0.86,0.996698,1.0,0.983897,0.965189,0.970938,True,0.626318,1,0.0,0.987486,False
fixed_gv_escape,392,0.82,0.88,0.86,0.987794,1.0,0.992316,0.971422,0.977649,True,0.626318,1,0.0,0.987296,False
fixed_gv_escape,393,0.82,0.88,0.86,0.984542,0.99874,0.984782,0.966532,0.972142,True,0.626318,1,0.0,0.983131,False
fixed_gv_escape,394,0.82,0.88,0.86,0.993017,0.992481,0.989308,0.970289,0.975696,True,0.626318,1,0.0,0.986992,False
fixed_gv_escape,395,0.82,0.88,0.86,1.0,0.999064,0.992499,0.977083,0.981718,True,0.626318,1,0.0,0.993079,False
fixed_gv_escape,396,0.82,0.88,0.86,1.0,0.998859,0.991268,0.980452,0.983773,True,0.626318,1,0.0,0.993539,False
fixed_gv_escape,397,0.82,0.88,0.86,1.0,0.997833,0.987122,0.987638,0.986672,True,0.626318,1,0.0,0.993962,False
fixed_gv_escape,398,0.82,0.88,0.86,0.995131,0.996737,0.977059,0.988231,0.980493,True,0.626318,1,0.0,0.989445,False
fixed_gv_escape,399,0.82,0.88,0.86,0.993815,1.0,0.970829,0.992831,0.977337,True,0.626318,1,0.0,0.988676,False
fixed_gv_escape,400,0.82,0.88,0.86,1.0,0.975333,0.93822,0.964852,0.946189,True,1.431064,2,0.0,0.973061,False
fixed_gv_escape,401,0.82,0.88,0.86,0.997784,0.971775,0.938165,0.965321,0.946042,True,1.431064,2,0.0,0.971617,False
fixed_gv_escape,402,0.82,0.88,0.86,0.991162,0.968551,0.939111,0.965217,0.946438,True,1.431064,2,0.0,0.968723,False
fixed_gv_escape,403,0.82,0.88,0.86,0.9963,0.959838,0.943496,0.969562,0.94849,True,1.431064,2,0.0,0.970751,False
fixed_gv_escape,404,0.82,0.88,0.86,0.989872,0.971623,0.938817,0.974464,0.947885,True,1.431064,2,0.0,0.970202,False
fixed_gv_escape,405,0.82,0.88,0.86,0.997959,0.982739,0.944071,0.971899,0.952393,True,1.431064,2,0.0,0.976403,False
fixed_gv_escape,406,0.82,0.88,0.86,0.99619,0.984252,0.938035,0.966564,0.946766,True,1.431064,2,0.0,0.973495,False
fixed_gv_escape,407,0.82,0.88,0.86,1.0,0.974522,0.942927,0.962678,0.948965,True,1.431064,2,0.0,0.973792,False
fixed_gv_escape,408,0.82,0.88,0.86,1.0,0.968565,0.94514,0.95833,0.949195,True,1.431064,2,0.0,0.972536,False
fixed_gv_escape,409,0.82,0.88,0.86,1.0,0.968623,0.95038,0.953584,0.950769,True,1.431064,2,0.0,0.973015,False
fixed_gv_escape,410,0.82,0.88,0.86,1.0,0.962992,0.945309,0.960034,0.949538,True,1.431064,2,0.0,0.971843,False
fixed_gv_escape,411,0.82,0.88,0.86,0.993249,0.960417,0.941571,0.971923,0.947335,True,1.431064,2,0.0,0.969542,False
fixed_gv_escape,412,0.82,0.88,0.86,0.993163,0.965093,0.935233,0.968751,0.943598,True,1.431064,2,0.0,0.968318,False
fixed_gv_escape,413,0.82,0.88,0.86,1.0,0.965583,0.938716,0.970184,0.946365,True,1.431064,2,0.0,0.972164,False
fixed_gv_escape,414,0.82,0.88,0.86,1.0,0.964086,0.941995,0.973567,0.94864,True,1.431064,2,0.0,0.973231,False
fixed_gv_escape,415,0.82,0.88,0.86,0.993851,0.959199,0.946175,0.983211,0.949822,True,1.431064,2,0.0,0.972259,False
fixed_gv_escape,416,0.82,0.88,0.86,0.993838,0.961801,0.941012,0.991582,0.947158,True,1.431064,2,0.0,0.972645,False
fixed_gv_escape,417,0.82,0.88,0.86,0.991762,0.961977,0.939667,0.999711,0.946054,True,1.431064,2,0.0,0.972652,False
fixed_gv_escape,418,0.82,0.88,0.86,0.996285,0.96659,0.93708,1.0,0.946042,True,1.431064,2,0.0,0.974774,False
fixed_gv_escape,419,0.82,0.88,0.86,0.987133,0.969136,0.938744,1.0,0.948036,True,1.431064,2,0.0,0.972293,False
fixed_gv_escape,420,0.82,0.88,0.86,0.992486,0.97811,0.933553,0.997947,0.946983,True,1.431064,2,0.0,0.974595,False
fixed_gv_escape,421,0.82,0.88,0.86,0.999613,0.981541,0.952121,1.0,0.961128,True,1.431064,2,0.0,0.983248,False
fixed_gv_escape,422,0.82,0.88,0.86,1.0,0.976152,0.95171,1.0,0.959196,True,1.431064,2,0.0,0.982119,False
fixed_gv_escape,423,0.82,0.88,0.86,1.0,0.9756,0.950955,0.998921,0.958512,True,1.431064,2,0.0,0.98165,False
fixed_gv_escape,424,0.82,0.88,0.86,1.0,0.970315,0.957039,0.99505,0.960746,True,1.431064,2,0.0,0.98152,False
fixed_gv_escape,425,0.82,0.88,0.86,1.0,0.980624,0.955854,0.996274,0.963439,True,1.431064,2,0.0,0.983657,False
fixed_gv_escape,426,0.82,0.88,0.86,0.996288,0.980783,0.955614,0.993306,0.963245,True,1.431064,2,0.0,0.981793,False
fixed_gv_escape,427,0.82,0.88,0.86,1.0,0.977784,0.96038,0.9954,0.965702,True,1.431064,2,0.0,0.98411,False
fixed_gv_escape,428,0.82,0.88,0.86,1.0,0.969987,0.965369,0.992498,0.965878,True,1.431064,2,0.0,0.983219,False
fixed_gv_escape,429,0.82,0.88,0.86,0.992926,0.971646,0.971997,0.987887,0.970738,True,1.431064,2,0.0,0.98196,False
fixed_gv_escape,430,0.82,0.88,0.86,0.999843,0.975397,0.958254,1.0,0.963321,True,1.431064,2,0.0,0.983596,False
fixed_gv_escape,431,0.82,0.88,0.86,1.0,0.975293,0.948408,1.0,0.956659,True,1.431064,2,0.0,0.981065,False
fixed_gv_escape,432,0.82,0.88,0.86,1.0,0.974741,0.951425,0.99535,0.958587,True,1.431064,2,0.0,0.981089,False
fixed_gv_escape,433,0.82,0.88,0.86,0.993773,0.988993,0.966349,1.0,0.973206,True,1.431064,2,0.0,0.98638,False
fixed_gv_escape,434,0.82,0.88,0.86,0.996377,0.996331,0.966808,0.990679,0.973731,True,1.431064,2,0.0,0.987531,False
fixed_gv_escape,435,0.82,0.88,0.86,1.0,0.996256,0.96048,0.987449,0.968458,True,1.431064,2,0.0,0.98667,False
fixed_gv_escape,436,0.82,0.88,0.86,1.0,0.986752,0.963418,0.982773,0.968984,True,1.431064,2,0.0,0.984897,False
fixed_gv_escape,437,0.82,0.88,0.86,1.0,0.985157,0.969574,0.975698,0.971361,True,1.431064,2,0.0,0.985013,False
fixed_gv_escape,438,0.82,0.88,0.86,0.984179,0.972508,0.9813,0.988948,0.975209,True,1.431064,2,0.0,0.981151,False
fixed_gv_escape,439,0.82,0.88,0.86,0.980868,0.971564,0.987117,0.986202,0.975571,True,1.431064,2,0.0,0.980429,False
fixed_gv_escape,440,0.82,0.88,0.86,0.984046,0.969027,0.984357,0.988387,0.973501,True,1.431064,2,0.0,0.980741,False
fixed_gv_escape,441,0.82,0.88,0.86,0.99094,0.967151,0.985603,0.997049,0.972798,True,1.431064,2,0.0,0.984376,False
fixed_gv_escape,442,0.82,0.88,0.86,1.0,0.957411,0.983224,0.997306,0.965272,True,1.431064,2,0.0,0.98477,False
fixed_gv_escape,443,0.82,0.88,0.86,0.9876,0.958145,0.992481,0.992679,0.967304,True,1.431064,2,0.0,0.981452,False
fixed_gv_escape,444,0.82,0.88,0.86,0.993534,0.960542,1.0,0.995595,0.970373,True,1.431064,2,0.0,0.986269,False
fixed_gv_escape,445,0.82,0.88,0.86,0.993934,0.957314,0.998646,0.988776,0.966598,True,1.431064,2,0.0,0.984188,False
fixed_gv_escape,446,0.82,0.88,0.86,0.994127,0.954598,1.0,0.982259,0.963072,True,1.431064,2,0.0,0.982681,False
fixed_gv_escape,447,0.82,0.88,0.86,0.993581,0.962951,0.997644,0.986597,0.970097,True,1.431064,2,0.0,0.985003,False
fixed_gv_escape,448,0.82,0.88,0.86,1.0,0.964752,0.987736,0.993063,0.971408,True,1.431064,2,0.0,0.987045,False
fixed_gv_escape,449,0.82,0.88,0.86,1.0,0.969979,0.983474,0.987788,0.973965,True,1.431064,2,0.0,0.986788,False
fixed_gv_escape,450,0.82,0.88,0.86,1.0,0.976522,0.982914,0.994304,0.978328,True,1.431064,2,0.0,0.9893,False
fixed_gv_escape,451,0.82,0.88,0.86,1.0,0.975001,0.984834,1.0,0.977871,True,1.431064,2,0.0,0.990115,False
fixed_gv_escape,452,0.82,0.88,0.86,1.0,0.976049,0.986049,1.0,0.979017,True,1.431064,2,0.0,0.99066,False
fixed_gv_escape,453,0.82,0.88,0.86,1.0,0.978073,0.982268,0.998962,0.978765,True,1.431064,2,0.0,0.990168,False
fixed_gv_escape,454,0.82,0.88,0.86,1.0,0.983244,0.976158,1.0,0.97797,True,1.431064,2,0.0,0.990049,False
fixed_gv_escape,455,0.82,0.88,0.86,0.995384,0.991779,0.985672,1.0,0.987494,True,1.431064,2,0.0,0.992686,False
fixed_gv_escape,456,0.82,0.88,0.86,1.0,1.0,0.990482,0.992034,0.990628,True,1.431064,2,0.0,0.996047,False
fixed_gv_escape,457,0.82,0.88,0.86,1.0,0.996943,0.984597,0.995308,0.987629,True,1.431064,2,0.0,0.994536,False
fixed_gv_escape,458,0.82,0.88,0.86,1.0,1.0,0.981673,0.988756,0.983729,True,1.431064,2,0.0,0.993174,False
fixed_gv_escape,459,0.82,0.88,0.86,0.999013,1.0,0.974178,0.987589,0.978293,True,1.431064,2,0.0,0.990634,False
fixed_gv_escape,460,0.82,0.88,0.86,1.0,0.99527,0.967963,0.988066,0.973945,True,1.431064,2,0.0,0.988585,False
fixed_gv_escape,461,0.82,0.88,0.86,1.0,0.992343,0.970737,0.997448,0.977002,True,1.431064,2,0.0,0.990237,False
fixed_gv_escape,462,0.82,0.88,0.86,0.990215,0.993798,0.983902,0.989802,0.985712,True,1.431064,2,0.0,0.989125,False
fixed_gv_escape,463,0.82,0.88,0.86,0.991684,0.994564,0.985563,0.996956,0.988192,True,1.431064,2,0.0,0.99142,False
fixed_gv_escape,464,0.82,0.88,0.86,1.0,0.994025,0.983907,0.993035,0.986451,True,1.431064,2,0.0,0.993427,False
fixed_gv_escape,465,0.82,0.88,0.86,1.0,1.0,0.987152,0.99737,0.99013,True,1.431064,2,0.0,0.996135,False
fixed_gv_escape,466,0.82,0.88,0.86,1.0,1.0,0.9996,1.0,0.999706,True,1.431064,2,0.0,0.999893,False
fixed_gv_escape,467,0.82,0.88,0.86,1.0,1.0,0.995091,0.991311,0.992444,True,1.431064,2,0.0,0.996993,False
fixed_gv_escape,468,0.82,0.88,0.86,1.0,0.998248,0.986426,0.991355,0.987888,True,1.431064,2,0.0,0.994578,False
fixed_gv_escape,469,0.82,0.88,0.86,0.993897,0.996081,0.984918,0.987921,0.985631,True,1.431064,2,0.0,0.990845,False
fixed_gv_escape,470,0.82,0.88,0.86,0.981954,0.984287,0.985403,0.98887,0.984528,True,1.431064,2,0.0,0.984272,False
fixed_gv_escape,471,0.82,0.88,0.86,0.980922,0.979263,0.985808,0.986563,0.981092,True,1.431064,2,0.0,0.982313,False
fixed_gv_escape,472,0.82,0.88,0.86,0.981608,0.979583,1.0,0.985809,0.981201,True,1.431064,2,0.0,0.985093,False
fixed_gv_escape,473,0.82,0.88,0.86,0.990059,0.9846,1.0,0.987409,0.984978,True,1.431064,2,0.0,0.989885,False
fixed_gv_escape,474,0.82,0.88,0.86,0.988731,0.987028,1.0,0.995061,0.989485,True,1.431064,2,0.0,0.991429,False
fixed_gv_escape,475,0.82,0.88,0.86,0.998858,0.982212,0.998437,1.0,0.986714,True,1.431064,2,0.0,0.994488,False
fixed_gv_escape,476,0.82,0.88,0.86,0.995971,0.979858,1.0,1.0,0.985215,True,1.431064,2,0.0,0.993069,False
fixed_gv_escape,477,0.82,0.88,0.86,1.0,0.981956,0.998167,1.0,0.986482,True,1.431064,2,0.0,0.9948,False
fixed_gv_escape,478,0.82,0.88,0.86,0.995,0.980397,1.0,0.999223,0.985503,True,1.431064,2,0.0,0.992723,False
fixed_gv_escape,479,0.82,0.88,0.86,1.0,0.987621,0.997302,1.0,0.990457,True,1.431064,2,0.0,0.996141,False
fixed_gv_escape,480,0.82,0.88,0.86,0.996116,0.988748,0.997574,0.994199,0.990416,True,1.431064,2,0.0,0.9941,False
fixed_gv_escape,481,0.82,0.88,0.86,0.990876,0.991825,0.985843,0.988308,0.986572,True,1.431064,2,0.0,0.989265,False
fixed_gv_escape,482,0.82,0.88,0.86,0.997508,0.98126,0.986469,0.998505,0.982606,True,1.431064,2,0.0,0.990948,False
fixed_gv_escape,483,0.82,0.88,0.86,0.986341,0.983628,0.980952,0.991392,0.98156,True,1.431064,2,0.0,0.985016,False
fixed_gv_escape,484,0.82,0.88,0.86,0.999447,0.98773,0.977248,0.995888,0.98047,True,1.431064,2,0.0,0.990567,False
fixed_gv_escape,485,0.82,0.88,0.86,0.996703,0.983164,0.978418,0.994797,0.979611,True,1.431064,2,0.0,0.988657,False
fixed_gv_escape,486,0.82,0.88,0.86,0.998586,0.983817,0.982324,0.995854,0.982183,True,1.431064,2,0.0,0.99065,False
fixed_gv_escape,487,0.82,0.88,0.86,1.0,0.989273,0.979532,0.995625,0.982518,True,1.431064,2,0.0,0.991674,False
fixed_gv_escape,488,0.82,0.88,0.86,0.994458,1.0,0.972128,0.993688,0.978462,True,1.431064,2,0.0,0.989409,False
fixed_gv_escape,489,0.82,0.88,0.86,1.0,0.99698,0.969981,0.991657,0.976281,True,1.431064,2,0.0,0.990039,False
fixed_gv_escape,490,0.82,0.88,0.86,1.0,0.996276,0.94973,0.992257,0.961521,True,1.431064,2,0.0,0.98458,False
fixed_gv_escape,491,0.82,0.88,0.86,1.0,1.0,0.950152,0.997393,0.963043,True,1.431064,2,0.0,0.986228,False
fixed_gv_escape,492,0.82,0.88,0.86,1.0,0.996565,0.94458,0.99636,0.958379,True,1.431064,2,0.0,0.983902,False
fixed_gv_escape,493,0.82,0.88,0.86,1.0,1.0,0.941794,1.0,0.957275,True,1.431064,2,0.0,0.984396,False
fixed_gv_escape,494,0.82,0.88,0.86,1.0,1.0,0.947556,1.0,0.961505,True,1.431064,2,0.0,0.985941,False
fixed_gv_escape,495,0.82,0.88,0.86,1.0,1.0,0.945668,0.988989,0.958285,True,1.431064,2,0.0,0.983673,False
fixed_gv_escape,496,0.82,0.88,0.86,1.0,0.999213,0.950679,0.986589,0.961351,True,1.431064,2,0.0,0.984465,False
fixed_gv_escape,497,0.82,0.88,0.86,1.0,1.0,0.952378,0.979588,0.960741,True,1.431064,2,0.0,0.983859,False
fixed_gv_escape,498,0.82,0.88,0.86,1.0,0.993223,0.944471,0.98403,0.95593,True,1.431064,2,0.0,0.981261,False
fixed_gv_escape,499,0.82,0.88,0.86,1.0,0.995194,0.94731,0.988137,0.95894,True,1.431064,2,0.0,0.983063,False
fixed_gv_escape,500,0.82,0.88,0.86,0.982434,0.993899,0.952041,0.986039,0.961886,True,1.431064,2,0.0,0.977066,False
fixed_gv_escape,501,0.82,0.88,0.86,0.991719,0.994573,0.962565,0.993231,0.970891,True,1.431064,2,0.0,0.984697,False
fixed_gv_escape,502,0.82,0.88,0.86,0.993415,0.977638,0.961759,0.98532,0.966567,True,1.431064,2,0.0,0.980522,False
fixed_gv_escape,503,0.82,0.88,0.86,0.997918,0.982502,0.971317,0.985615,0.974593,True,1.431064,2,0.0,0.985833,False
fixed_gv_escape,504,0.82,0.88,0.86,1.0,0.975179,0.968828,0.983821,0.97072,True,1.431064,2,0.0,0.984143,False
fixed_gv_escape,505,0.82,0.88,0.86,0.995702,0.974156,0.968822,0.981631,0.970404,True,1.431064,2,0.0,0.98198,False
fixed_gv_escape,506,0.82,0.88,0.86,1.0,0.981951,0.967796,0.989412,0.9721,True,1.431064,2,0.0,0.986124,False
fixed_gv_escape,507,0.82,0.88,0.86,0.992173,0.975224,0.968843,0.996952,0.970113,True,1.431064,2,0.0,0.982945,False
fixed_gv_escape,508,0.82,0.88,0.86,0.991639,0.974691,0.97324,0.99418,0.972588,True,1.431064,2,0.0,0.983346,False
fixed_gv_escape,509,0.82,0.88,0.86,0.984156,0.972041,0.981129,0.994905,0.974702,True,1.431064,2,0.0,0.981801,False
fixed_gv_escape,510,0.82,0.88,0.86,0.997325,0.96939,0.99023,1.0,0.975689,True,1.431064,2,0.0,0.988798,False
fixed_gv_escape,511,0.82,0.88,0.86,0.988617,0.98407,0.992854,0.998057,0.986754,True,1.431064,2,0.0,0.989659,False
fixed_gv_escape,512,0.82,0.88,0.86,0.997515,0.992427,0.9891,1.0,0.989965,True,1.431064,2,0.0,0.994527,False
fixed_gv_escape,513,0.82,0.88,0.86,1.0,0.992522,0.991122,0.999122,0.99129,True,1.431064,2,0.0,0.995888,False
fixed_gv_escape,514,0.82,0.88,0.86,0.996334,0.997495,1.0,0.995809,0.996304,True,1.431064,2,0.0,0.997126,False
fixed_gv_escape,515,0.82,0.88,0.86,1.0,0.997621,0.99084,0.988128,0.988803,True,1.431064,2,0.0,0.994917,False
fixed_gv_escape,516,0.82,0.88,0.86,0.986168,1.0,0.993329,0.988314,0.989812,True,1.431064,2,0.0,0.990684,False
fixed_gv_escape,517,0.82,0.88,0.86,0.974857,0.999986,1.0,0.984482,0.988608,True,1.431064,2,0.0,0.986904,False
fixed_gv_escape,518,0.82,0.88,0.86,0.974298,1.0,1.0,0.982885,0.987437,True,1.431064,2,0.0,0.986329,False
fixed_gv_escape,519,0.82,0.88,0.86,0.988922,1.0,1.0,0.9793,0.984806,True,1.431064,2,0.0,0.991069,False
fixed_gv_escape,520,0.82,0.88,0.86,0.994391,1.0,1.0,0.976905,0.983048,True,1.431064,2,0.0,0.992601,False
fixed_gv_escape,521,0.82,0.88,0.86,0.994131,1.0,0.998782,0.968637,0.97681,True,1.431064,2,0.0,0.990377,False
fixed_gv_escape,522,0.82,0.88,0.86,0.983597,1.0,0.99191,0.971404,0.977541,True,1.431064,2,0.0,0.985612,False
fixed_gv_escape,523,0.82,0.88,0.86,0.986359,1.0,0.993109,0.956026,0.96663,True,1.431064,2,0.0,0.983415,False
fixed_gv_escape,524,0.82,0.88,0.86,0.99304,1.0,1.0,0.949202,0.962713,True,1.431064,2,0.0,0.985769,False
fixed_gv_escape,525,0.82,0.88,0.86,0.983791,1.0,1.0,0.95287,0.965405,True,1.431064,2,0.0,0.983091,False
fixed_gv_escape,526,0.82,0.88,0.86,0.998116,1.0,1.0,0.957061,0.968482,True,1.431064,2,0.0,0.989491,False
fixed_gv_escape,527,0.82,0.88,0.86,1.0,1.0,0.998856,0.956276,0.967749,True,1.431064,2,0.0,0.989803,False
fixed_gv_escape,528,0.82,0.88,0.86,1.0,0.995504,0.997311,0.959729,0.969471,True,1.431064,2,0.0,0.989405,False
fixed_gv_escape,529,0.82,0.88,0.86,0.999101,1.0,0.999927,0.964157,0.973681,True,1.431064,2,0.0,0.991469,False
fixed_gv_escape,530,0.82,0.88,0.86,0.998789,0.999469,0.992409,0.964227,0.972428,True,1.431064,2,0.0,0.989761,False
fixed_gv_escape,531,0.82,0.88,0.86,1.0,1.0,0.99098,0.964726,0.972518,True,1.431064,2,0.0,0.99014,False
fixed_gv_escape,532,0.82,0.88,0.86,0.994194,1.0,0.995455,0.955119,0.966379,True,1.431064,2,0.0,0.986658,False
fixed_gv_escape,533,0.82,0.88,0.86,0.984081,0.999294,0.988615,0.965089,0.972187,True,1.431064,2,0.0,0.983549,False
fixed_gv_escape,534,0.82,0.88,0.86,0.97416,1.0,0.986483,0.957137,0.965998,True,1.431064,2,0.0,0.977667,False
fixed_gv_escape,535,0.82,0.88,0.86,0.961508,0.993783,0.983448,0.96327,0.969397,True,1.431064,2,0.0,0.97246,False
fixed_gv_escape,536,0.82,0.88,0.86,0.97361,0.993054,0.969394,0.966747,0.966345,True,1.431064,2,0.0,0.974518,False
fixed_gv_escape,537,0.82,0.88,0.86,0.98676,0.996046,0.9632,0.964619,0.961735,True,1.431064,2,0.0,0.978088,False
fixed_gv_escape,538,0.82,0.88,0.86,0.978706,0.989281,0.969989,0.963122,0.964718,True,1.431064,2,0.0,0.97518,False
fixed_gv_escape,539,0.82,0.88,0.86,0.99421,0.992377,0.968622,0.957383,0.960395,True,1.431064,2,0.0,0.980061,False
fixed_gv_escape,540,0.82,0.88,0.86,0.997295,1.0,0.97495,0.95557,0.961381,True,1.431064,2,0.0,0.983608,False
fixed_gv_escape,541,0.82,0.88,0.86,1.0,1.0,0.96446,0.960237,0.959742,True,1.431064,2,0.0,0.983205,False
fixed_gv_escape,542,0.82,0.88,0.86,0.995013,1.0,0.957457,0.958663,0.95523,True,1.431064,2,0.0,0.979288,False
fixed_gv_escape,543,0.82,0.88,0.86,0.994295,0.999571,0.952674,0.969375,0.957377,True,1.431064,2,0.0,0.979834,False
fixed_gv_escape,544,0.82,0.88,0.86,1.0,0.998624,0.950839,0.980869,0.960014,True,1.431064,2,0.0,0.983427,False
fixed_gv_escape,545,0.82,0.88,0.86,1.0,1.0,0.944927,0.985726,0.957048,True,1.431064,2,0.0,0.982934,False
fixed_gv_escape,546,0.82,0.88,0.86,1.0,1.0,0.954423,0.985503,0.963815,True,1.431064,2,0.0,0.985424,False
fixed_gv_escape,547,0.82,0.88,0.86,1.0,0.99084,0.947268,0.989341,0.95865,True,1.431064,2,0.0,0.982405,False
fixed_gv_escape,548,0.82,0.88,0.86,1.0,0.997118,0.936917,0.986672,0.951243,True,1.431064,2,0.0,0.98041,False
fixed_gv_escape,549,0.82,0.88,0.86,1.0,0.987923,0.931193,0.990166,0.946567,True,1.431064,2,0.0,0.977652,False
fixed_gv_escape,550,0.82,0.88,0.86,1.0,0.991716,0.936539,0.989177,0.950859,True,1.431064,2,0.0,0.979674,False
fixed_gv_escape,551,0.82,0.88,0.86,1.0,0.99565,0.943858,0.991382,0.957011,True,1.431064,2,0.0,0.982746,False
fixed_gv_escape,552,0.82,0.88,0.86,1.0,0.995776,0.942691,0.98988,0.955922,True,1.431064,2,0.0,0.982218,False
fixed_gv_escape,553,0.82,0.88,0.86,1.0,0.987397,0.938495,0.988219,0.951609,True,1.431064,2,0.0,0.979204,False
fixed_gv_escape,554,0.82,0.88,0.86,1.0,0.97794,0.948497,0.996678,0.957516,True,1.431064,2,0.0,0.981196,False
fixed_gv_escape,555,0.82,0.88,0.86,0.983108,0.978186,0.956818,1.0,0.96335,True,1.431064,2,0.0,0.977484,False
fixed_gv_escape,556,0.82,0.88,0.86,1.0,0.965491,0.95594,0.997497,0.95787,True,1.431064,2,0.0,0.980451,False
fixed_gv_escape,557,0.82,0.88,0.86,1.0,0.972279,0.949194,1.0,0.956169,True,1.431064,2,0.0,0.980605,False
fixed_gv_escape,558,0.82,0.88,0.86,0.98991,0.96073,0.956986,0.998919,0.956107,True,1.431064,2,0.0,0.975936,False
fixed_gv_escape,559,0.82,0.88,0.86,0.991525,0.964124,0.957814,0.989641,0.958831,True,1.431064,2,0.0,0.976338,False
fixed_gv_escape,560,0.82,0.88,0.86,1.0,0.963217,0.957343,0.992117,0.957974,True,1.431064,2,0.0,0.979554,False
fixed_gv_escape,561,0.82,0.88,0.86,1.0,0.956365,0.958233,0.985348,0.955391,True,1.431064,2,0.0,0.977224,False
fixed_gv_escape,562,0.82,0.88,0.86,1.0,0.958065,0.960764,0.973731,0.958374,True,1.431064,2,0.0,0.976716,False
fixed_gv_escape,563,0.82,0.88,0.86,1.0,0.960521,0.949049,0.975783,0.952476,True,1.431064,2,0.0,0.974629,False
fixed_gv_escape,564,0.82,0.88,0.86,1.0,0.957806,0.937165,0.970548,0.943481,True,1.431064,2,0.0,0.970189,False
fixed_gv_escape,565,0.82,0.88,0.86,1.0,0.942805,0.936411,0.98001,0.936735,True,1.431064,2,0.0,0.967868,False
fixed_gv_escape,566,0.82,0.88,0.86,1.0,0.934716,0.928757,0.989249,0.92777,True,1.431064,2,0.0,0.965252,False
fixed_gv_escape,567,0.82,0.88,0.86,1.0,0.930018,0.931556,0.982705,0.927283,True,1.431064,2,0.0,0.963936,False
fixed_gv_escape,568,0.82,0.88,0.86,1.0,0.935077,0.929855,0.968036,0.929955,True,1.431064,2,0.0,0.962807,False
fixed_gv_escape,569,0.82,0.88,0.86,1.0,0.930901,0.92979,0.972952,0.927471,True,1.431064,2,0.0,0.962434,False
fixed_gv_escape,570,0.82,0.88,0.86,1.0,0.930601,0.932382,0.970019,0.928884,True,1.431064,2,0.0,0.962606,False
fixed_gv_escape,571,0.82,0.88,0.86,1.0,0.933851,0.947255,0.973576,0.937534,True,1.431064,2,0.0,0.967404,False
fixed_gv_escape,572,0.82,0.88,0.86,0.99471,0.939039,0.944541,0.976762,0.939305,True,1.431064,2,0.0,0.966497,False
fixed_gv_escape,573,0.82,0.88,0.86,0.998389,0.955361,0.954817,0.984542,0.953103,True,1.431064,2,0.0,0.975428,False
fixed_gv_escape,574,0.82,0.88,0.86,1.0,0.948114,0.964431,0.97907,0.953124,True,1.431064,2,0.0,0.975703,False
fixed_gv_escape,575,0.82,0.88,0.86,1.0,0.957111,0.958605,0.97664,0.956575,True,1.431064,2,0.0,0.976347,False
fixed_gv_escape,576,0.82,0.88,0.86,1.0,0.963556,0.980495,0.979875,0.967976,True,1.431064,2,0.0,0.983269,False
fixed_gv_escape,577,0.82,0.88,0.86,0.992908,0.962727,0.975454,0.9833,0.966622,True,1.431064,2,0.0,0.979834,False
fixed_gv_escape,578,0.82,0.88,0.86,0.992483,0.975785,0.971798,0.983098,0.972916,True,1.431064,2,0.0,0.982092,False
fixed_gv_escape,579,0.82,0.88,0.86,1.0,0.984196,0.975237,0.989924,0.977982,True,1.431064,2,0.0,0.988645,False
fixed_gv_escape,580,0.82,0.88,0.86,1.0,0.990111,0.985077,0.980224,0.981706,True,1.431064,2,0.0,0.99057,False
fixed_gv_escape,581,0.82,0.88,0.86,1.0,0.974508,0.988489,0.987192,0.978035,True,1.431064,2,0.0,0.98891,False
fixed_gv_escape,582,0.82,0.88,0.86,0.999838,0.968848,0.985714,0.984631,0.973179,True,1.431064,2,0.0,0.98639,False
fixed_gv_escape,583,0.82,0.88,0.86,0.997217,0.968181,0.984456,0.996349,0.973182,True,1.431064,2,0.0,0.986688,False
fixed_gv_escape,584,0.82,0.88,0.86,1.0,0.9657,0.981397,0.986235,0.970327,True,1.431064,2,0.0,0.98499,False
fixed_gv_escape,585,0.82,0.88,0.86,0.993624,0.967859,0.988427,0.975939,0.970216,True,1.431064,2,0.0,0.982766,False
fixed_gv_escape,586,0.82,0.88,0.86,0.985969,0.967263,0.995238,0.973999,0.9687,True,1.431064,2,0.0,0.980522,False
fixed_gv_escape,587,0.82,0.88,0.86,1.0,0.971019,0.990824,0.975753,0.972021,True,1.431064,2,0.0,0.98638,False
fixed_gv_escape,588,0.82,0.88,0.86,1.0,0.975003,0.982904,0.977551,0.975688,True,1.431064,2,0.0,0.986363,False
fixed_gv_escape,589,0.82,0.88,0.86,1.0,0.980761,0.986295,0.976423,0.977726,True,1.431064,2,0.0,0.988097,False
fixed_gv_escape,590,0.82,0.88,0.86,0.996295,0.973431,0.967545,0.976728,0.96934,True,1.431064,2,0.0,0.981031,False
fixed_gv_escape,591,0.82,0.88,0.86,1.0,0.962422,0.964662,0.980267,0.96237,True,1.431064,2,0.0,0.979597,False
fixed_gv_escape,592,0.82,0.88,0.86,1.0,0.960237,0.965553,0.984446,0.961249,True,1.431064,2,0.0,0.979815,False
fixed_gv_escape,593,0.82,0.88,0.86,1.0,0.956578,0.963866,0.988746,0.958024,True,1.431064,2,0.0,0.979067,False
fixed_gv_escape,594,0.82,0.88,0.86,1.0,0.9556,0.964359,0.983037,0.957939,True,1.431064,2,0.0,0.97817,False
fixed_gv_escape,595,0.82,0.88,0.86,1.0,0.962752,0.954704,0.985773,0.956552,True,1.431064,2,0.0,0.977937,False
fixed_gv_escape,596,0.82,0.88,0.86,1.0,0.961399,0.950438,0.986697,0.953272,True,1.431064,2,0.0,0.976661,False
fixed_gv_escape,597,0.82,0.88,0.86,1.0,0.961507,0.945468,0.989643,0.95002,True,1.431064,2,0.0,0.975808,False
fixed_gv_escape,598,0.82,0.88,0.86,1.0,0.963359,0.957223,0.986216,0.958329,True,1.431064,2,0.0,0.978775,False
fixed_gv_escape,599,0.82,0.88,0.86,0.997408,0.971141,0.965941,0.984882,0.967196,True,1.431064,2,0.0,0.981637,False
fixed_gv_escape,600,0.82,0.88,0.86,1.0,0.966766,0.964745,0.992144,0.963955,True,1.431064,2,0.0,0.982247,False
fixed_gv_escape,601,0.82,0.88,0.86,0.994816,0.966954,0.967052,0.989341,0.965499,True,1.431064,2,0.0,0.980519,False
fixed_gv_escape,602,0.82,0.88,0.86,0.999965,0.967601,0.975212,0.987478,0.969804,True,1.431064,2,0.0,0.984316,False
fixed_gv_escape,603,0.82,0.88,0.86,0.989903,0.965877,0.98227,0.997285,0.970909,True,1.431064,2,0.0,0.982959,False
fixed_gv_escape,604,0.82,0.88,0.86,0.986065,0.970333,0.979078,0.995757,0.972758,True,1.431064,2,0.0,0.981735,False
fixed_gv_escape,605,0.82,0.88,0.86,0.984992,0.959454,0.971916,0.995947,0.962899,True,1.431064,2,0.0,0.976924,False
fixed_gv_escape,606,0.82,0.88,0.86,0.985894,0.95235,0.98262,1.0,0.961588,True,1.431064,2,0.0,0.978325,False
fixed_gv_escape,607,0.82,0.88,0.86,0.980534,0.947469,0.984696,0.994238,0.958317,True,1.431064,2,0.0,0.974584,False
fixed_gv_escape,608,0.82,0.88,0.86,0.998242,0.946287,0.983451,0.98876,0.956771,True,1.431064,2,0.0,0.979924,False
fixed_gv_escape,609,0.82,0.88,0.86,0.975416,0.945284,0.983686,0.98514,0.955683,True,1.431064,2,0.0,0.970474,False
fixed_gv_escape,610,0.82,0.88,0.86,0.988312,0.938497,0.996749,0.977058,0.950204,True,1.431064,2,0.0,0.974715,False
fixed_gv_escape,611,0.82,0.88,0.86,0.992791,0.937369,0.994393,0.977563,0.949441,True,1.431064,2,0.0,0.97577,False
fixed_gv_escape,612,0.82,0.88,0.86,0.988709,0.937895,0.989942,0.970964,0.947987,True,1.431064,2,0.0,0.972414,False
fixed_gv_escape,613,0.82,0.88,0.86,0.98279,0.937287,0.992846,0.972583,0.948058,True,1.431064,2,0.0,0.970813,False
fixed_gv_escape,614,0.82,0.88,0.86,0.968386,0.942034,0.993105,0.978321,0.952915,True,1.431064,2,0.0,0.967627,False
fixed_gv_escape,615,0.82,0.88,0.86,0.970346,0.944856,0.988853,0.982671,0.955596,True,1.431064,2,0.0,0.969044,False
fixed_gv_escape,616,0.82,0.88,0.86,0.979841,0.946415,0.986274,0.981809,0.956343,True,1.431064,2,0.0,0.972438,False
fixed_gv_escape,617,0.82,0.88,0.86,0.993499,0.967466,0.994016,0.978978,0.970913,True,1.431064,2,0.0,0.984163,False
fixed_gv_escape,618,0.82,0.88,0.86,1.0,0.962917,0.986636,0.979246,0.967843,True,1.431064,2,0.0,0.984155,False
fixed_gv_escape,619,0.82,0.88,0.86,0.990386,0.959734,0.990483,0.980135,0.965925,True,1.431064,2,0.0,0.980516,False
damage_only_gv_learning,0,0.62,0.9,0.88,0.341189,1.0,0.990772,0.987825,0.988457,True,0.0,0,0.0,0.744901,False
damage_only_gv_learning,1,0.62,0.9,0.88,0.334593,0.999767,0.99062,0.987034,0.987917,True,0.0,0,0.0,0.74215,False
damage_only_gv_learning,2,0.62,0.9,0.88,0.340535,0.997871,0.997538,0.98636,0.989376,True,0.0,0,0.0,0.745392,False
damage_only_gv_learning,3,0.62,0.9,0.88,0.329513,0.996905,0.99,0.97869,0.98215,True,0.0,0,0.0,0.737732,False
damage_only_gv_learning,4,0.62,0.9,0.88,0.317772,1.0,0.991273,0.979098,0.982838,True,0.0,0,0.0,0.734197,False
damage_only_gv_learning,5,0.62,0.9,0.88,0.326367,0.999983,0.987432,0.980956,0.982743,True,0.0,0,0.0,0.737017,False
damage_only_gv_learning,6,0.62,0.9,0.88,0.315764,0.993262,0.989925,0.981536,0.984048,True,0.0,0,0.0,0.732465,False
damage_only_gv_learning,7,0.62,0.9,0.88,0.310884,0.996922,0.989559,0.976459,0.980454,True,0.0,0,0.0,0.730061,False
damage_only_gv_learning,8,0.62,0.9,0.88,0.312836,0.993244,0.99014,0.976424,0.98039,True,0.0,0,0.0,0.730233,False
damage_only_gv_learning,9,0.62,0.9,0.88,0.312015,0.985628,0.990899,0.97235,0.976325,True,0.0,0,0.0,0.727629,False
damage_only_gv_learning,10,0.62,0.9,0.88,0.31257,0.990484,0.992299,0.970034,0.975692,True,0.0,0,0.0,0.728565,False
damage_only_gv_learning,11,0.62,0.9,0.88,0.320136,0.976404,0.997326,0.959734,0.964749,True,0.0,0,0.0,0.727056,False
damage_only_gv_learning,12,0.62,0.9,0.88,0.318502,0.990168,1.0,0.965241,0.972701,True,0.0,0,0.0,0.731119,False
damage_only_gv_learning,13,0.62,0.9,0.88,0.306084,0.991418,0.996705,0.961436,0.969985,True,0.0,0,0.0,0.725173,False
damage_only_gv_learning,14,0.62,0.9,0.88,0.304795,0.996904,0.985193,0.963101,0.96982,True,0.0,0,0.0,0.723812,False
damage_only_gv_learning,15,0.62,0.9,0.88,0.303998,0.99883,0.978955,0.965249,0.969293,True,0.0,0,0.0,0.72297,False
damage_only_gv_learning,16,0.62,0.9,0.88,0.301193,0.996043,0.978691,0.961736,0.966918,True,0.0,0,0.0,0.720579,False
damage_only_gv_learning,17,0.62,0.9,0.88,0.301448,0.9925,0.988901,0.965433,0.972077,True,0.0,0,0.0,0.723012,False
damage_only_gv_learning,18,0.62,0.9,0.88,0.305095,0.986575,0.98663,0.964601,0.970453,True,0.0,0,0.0,0.722611,False
damage_only_gv_learning,19,0.62,0.9,0.88,0.310673,0.983964,0.984919,0.962304,0.968186,True,0.0,0,0.0,0.72336,False
damage_only_gv_learning,20,0.62,0.9,0.88,0.307852,0.972057,0.975794,0.968047,0.969278,True,0.0,0,0.0,0.719437,False
damage_only_gv_learning,21,0.62,0.9,0.88,0.304878,0.980611,0.981006,0.967917,0.971344,True,0.0,0,0.0,0.721014,False
damage_only_gv_learning,22,0.62,0.9,0.88,0.308805,0.986487,0.983988,0.964867,0.970239,True,0.0,0,0.0,0.723541,False
damage_only_gv_learning,23,0.62,0.9,0.88,0.327135,0.98842,0.989708,0.969213,0.97448,True,0.0,0,0.0,0.733002,False
damage_only_gv_learning,24,0.62,0.9,0.88,0.330485,0.994169,0.994344,0.971766,0.977748,True,0.0,0,0.0,0.736894,False
damage_only_gv_learning,25,0.62,0.9,0.88,0.336049,0.993951,0.992673,0.988728,0.989894,True,0.0,0,0.0,0.7425,False
damage_only_gv_learning,26,0.62,0.9,0.88,0.346197,0.988965,0.993691,1.0,0.990376,True,0.0,0,0.0,0.747278,False
damage_only_gv_learning,27,0.62,0.9,0.88,0.342886,0.989208,0.988806,1.0,0.988264,True,0.0,0,0.0,0.744931,False
damage_only_gv_learning,28,0.62,0.9,0.88,0.350598,0.981572,0.978318,0.998626,0.978602,True,0.0,0,0.0,0.743248,False
damage_only_gv_learning,29,0.62,0.9,0.88,0.365225,0.972974,0.972775,1.0,0.971047,True,0.0,0,0.0,0.745546,False
damage_only_gv_learning,30,0.62,0.9,0.88,0.355557,0.986065,0.967623,0.998822,0.973284,True,0.0,0,0.0,0.743405,False
damage_only_gv_learning,31,0.62,0.9,0.88,0.36372,0.989278,0.963682,0.996905,0.97121,True,0.0,0,0.0,0.745858,False
damage_only_gv_learning,32,0.62,0.9,0.88,0.372192,0.982606,0.976935,0.992447,0.978548,True,0.0,0,0.0,0.750519,False
damage_only_gv_learning,33,0.62,0.9,0.88,0.365392,0.975365,0.972415,0.986862,0.972916,True,0.0,0,0.0,0.74436,False
damage_only_gv_learning,34,0.62,0.9,0.88,0.36004,0.980314,0.968586,0.981913,0.971887,True,0.0,0,0.0,0.741711,False
damage_only_gv_learning,35,0.62,0.9,0.88,0.370463,0.982224,0.968977,0.973884,0.97038,True,0.0,0,0.0,0.744781,False
damage_only_gv_learning,36,0.62,0.9,0.88,0.362715,0.990625,0.973138,0.969537,0.969938,True,0.0,0,0.0,0.743437,False
damage_only_gv_learning,37,0.62,0.9,0.88,0.358593,0.985605,0.976746,0.968771,0.971197,True,0.0,0,0.0,0.74166,False
damage_only_gv_learning,38,0.62,0.9,0.88,0.371076,0.993915,0.981506,0.967219,0.971609,True,0.0,0,0.0,0.748588,False
damage_only_gv_learning,39,0.62,0.9,0.88,0.370765,1.0,0.984514,0.969826,0.974308,True,0.0,0,0.0,0.750796,False
damage_only_gv_learning,40,0.62,0.9,0.88,0.387167,0.991397,0.996032,0.96966,0.975924,True,0.0,0,0.0,0.757724,False
damage_only_gv_learning,41,0.62,0.9,0.88,0.38363,0.981764,1.0,0.964386,0.96969,True,0.0,0,0.0,0.753874,False
damage_only_gv_learning,42,0.62,0.9,0.88,0.395184,0.978306,0.998391,0.957687,0.964003,True,0.0,0,0.0,0.755732,False
damage_only_gv_learning,43,0.62,0.9,0.88,0.418256,0.983657,0.996854,0.95535,0.963903,True,0.0,0,0.0,0.764846,False
damage_only_gv_learning,44,0.62,0.9,0.88,0.421776,0.981657,1.0,0.951036,0.960396,True,0.0,0,0.0,0.765366,False
damage_only_gv_learning,45,0.62,0.9,0.88,0.427218,0.975223,1.0,0.952492,0.959414,True,0.0,0,0.0,0.766362,False
damage_only_gv_learning,46,0.62,0.9,0.88,0.430574,0.965893,1.0,0.952497,0.955798,True,0.0,0,0.0,0.765524,False
damage_only_gv_learning,47,0.62,0.9,0.88,0.441624,0.960603,0.987876,0.949462,0.952264,True,0.0,0,0.0,0.76574,False
damage_only_gv_learning,48,0.62,0.9,0.88,0.45871,0.961782,0.993858,0.949344,0.952388,True,0.0,0,0.0,0.77352,False
damage_only_gv_learning,49,0.62,0.9,0.88,0.460929,0.969625,0.995921,0.944596,0.952235,True,0.0,0,0.0,0.775463,False
damage_only_gv_learning,50,0.62,0.9,0.88,0.461067,0.967849,0.979073,0.950147,0.955569,True,0.0,0,0.0,0.77334,False
damage_only_gv_learning,51,0.62,0.9,0.88,0.464346,0.966445,0.976281,0.9495,0.954674,True,0.0,0,0.0,0.773633,False
damage_only_gv_learning,52,0.62,0.9,0.88,0.471939,0.966116,0.982721,0.950617,0.955342,True,0.0,0,0.0,0.777855,False
damage_only_gv_learning,53,0.62,0.9,0.88,0.476006,0.959027,0.984662,0.94292,0.947592,True,0.0,0,0.0,0.776466,False
damage_only_gv_learning,54,0.62,0.9,0.88,0.462337,0.959267,0.994803,0.944015,0.947942,True,0.0,0,0.0,0.773336,False
damage_only_gv_learning,55,0.62,0.9,0.88,0.483635,0.962974,0.990375,0.942013,0.948289,True,0.0,0,0.0,0.781061,False
damage_only_gv_learning,56,0.62,0.9,0.88,0.481052,0.960792,0.99659,0.949997,0.9522,True,0.0,0,0.0,0.782392,False
damage_only_gv_learning,57,0.62,0.9,0.88,0.476987,0.959243,1.0,0.95843,0.956061,True,0.0,0,0.0,0.782826,False
damage_only_gv_learning,58,0.62,0.9,0.88,0.475741,0.958032,1.0,0.955647,0.953912,True,0.0,0,0.0,0.781487,False
damage_only_gv_learning,59,0.62,0.9,0.88,0.474901,0.943624,1.0,0.955949,0.945955,True,0.0,0,0.0,0.777662,False
damage_only_gv_learning,60,0.62,0.9,0.88,0.477425,0.937872,0.998451,0.944791,0.937358,True,0.0,0,0.0,0.774713,False
damage_only_gv_learning,61,0.62,0.9,0.88,0.484989,0.938345,1.0,0.934728,0.932231,True,0.0,0,0.0,0.775927,False
damage_only_gv_learning,62,0.62,0.9,0.88,0.483665,0.946022,1.0,0.940638,0.939436,True,0.0,0,0.0,0.778498,False
damage_only_gv_learning,63,0.62,0.9,0.88,0.4832,0.955733,0.993735,0.936023,0.941471,True,0.0,0,0.0,0.77854,False
damage_only_gv_learning,64,0.62,0.9,0.88,0.473642,0.960564,0.99454,0.944469,0.948784,True,0.0,0,0.0,0.777982,False
damage_only_gv_learning,65,0.62,0.9,0.88,0.476571,0.964862,0.990736,0.941981,0.94893,True,0.0,0,0.0,0.778853,False
damage_only_gv_learning,66,0.62,0.9,0.88,0.478816,0.963525,0.990531,0.953376,0.955816,True,0.0,0,0.0,0.781851,False
damage_only_gv_learning,67,0.62,0.9,0.88,0.47752,0.954429,0.990575,0.958786,0.954236,True,0.0,0,0.0,0.780297,False
damage_only_gv_learning,68,0.62,0.9,0.88,0.480866,0.961599,0.99526,0.966762,0.961959,True,0.0,0,0.0,0.785745,False
damage_only_gv_learning,69,0.62,0.9,0.88,0.495906,0.961791,0.987447,0.971791,0.964702,True,0.0,0,0.0,0.791122,False
damage_only_gv_learning,70,0.62,0.9,0.88,0.510946,0.970682,0.999515,0.976399,0.971603,True,0.0,0,0.0,0.802083,False
damage_only_gv_learning,71,0.62,0.9,0.88,0.502346,0.973454,0.996215,0.978411,0.974387,True,0.0,0,0.0,0.799336,False
damage_only_gv_learning,72,0.62,0.9,0.88,0.5086,0.973706,1.0,0.962752,0.965534,True,0.0,0,0.0,0.799184,False
damage_only_gv_learning,73,0.62,0.9,0.88,0.5207,0.985755,1.0,0.974035,0.977572,True,0.0,0,0.0,0.808975,False
damage_only_gv_learning,74,0.62,0.9,0.88,0.523203,0.98938,0.999981,0.970159,0.976015,True,0.0,0,0.0,0.809846,False
damage_only_gv_learning,75,0.62,0.9,0.88,0.516785,0.992885,1.0,0.968937,0.97598,True,0.0,0,0.0,0.807866,False
damage_only_gv_learning,76,0.62,0.9,0.88,0.514789,0.989709,1.0,0.974598,0.979235,True,0.0,0,0.0,0.80772,False
damage_only_gv_learning,77,0.62,0.9,0.88,0.505246,0.982307,1.0,0.967148,0.97174,True,0.0,0,0.0,0.800818,False
damage_only_gv_learning,78,0.62,0.9,0.88,0.520661,0.99258,1.0,0.972435,0.978439,True,0.0,0,0.0,0.810069,False
damage_only_gv_learning,79,0.62,0.9,0.88,0.504466,0.990028,1.0,0.97128,0.976982,True,0.0,0,0.0,0.803119,False
damage_only_gv_learning,80,0.62,0.9,0.88,0.506631,0.991132,0.998352,0.969049,0.975583,True,0.0,0,0.0,0.803364,False
damage_only_gv_learning,81,0.62,0.9,0.88,0.51128,0.986764,1.0,0.973944,0.97786,True,0.0,0,0.0,0.805599,False
damage_only_gv_learning,82,0.62,0.9,0.88,0.504729,0.976984,0.999975,0.992157,0.981592,True,0.0,0,0.0,0.804343,False
damage_only_gv_learning,83,0.62,0.9,0.88,0.502773,0.980256,1.0,0.984194,0.980898,True,0.0,0,0.0,0.802995,False
damage_only_gv_learning,84,0.62,0.9,0.88,0.503914,0.980334,1.0,0.991559,0.983784,True,0.0,0,0.0,0.80482,False
damage_only_gv_learning,85,0.62,0.9,0.88,0.492738,0.982891,0.987738,0.990018,0.984357,True,0.0,0,0.0,0.798679,False
damage_only_gv_learning,86,0.62,0.9,0.88,0.499851,0.989684,0.991846,1.0,0.990068,True,0.0,0,0.0,0.805427,False
damage_only_gv_learning,87,0.62,0.9,0.88,0.505516,0.987381,0.997844,0.999631,0.990359,True,0.0,0,0.0,0.808228,False
damage_only_gv_learning,88,0.62,0.9,0.88,0.503749,0.996221,1.0,0.999447,0.997139,True,0.0,0,0.0,0.810324,False
damage_only_gv_learning,89,0.62,0.9,0.88,0.508319,0.998476,0.998759,0.995255,0.996146,True,0.0,0,0.0,0.811537,False
damage_only_gv_learning,90,0.62,0.9,0.88,0.497334,1.0,0.991387,0.994099,0.992106,True,0.0,0,0.0,0.805663,False
damage_only_gv_learning,91,0.62,0.9,0.88,0.506529,0.989352,0.991107,0.997043,0.989704,True,0.0,0,0.0,0.807314,False
damage_only_gv_learning,92,0.62,0.9,0.88,0.519762,0.984757,0.979093,1.0,0.980445,True,0.0,0,0.0,0.808656,False
damage_only_gv_learning,93,0.62,0.9,0.88,0.508174,0.984286,0.987135,0.99242,0.985082,True,0.0,0,0.0,0.80511,False
damage_only_gv_learning,94,0.62,0.9,0.88,0.503951,0.985303,0.980225,0.992909,0.981715,True,0.0,0,0.0,0.802109,False
damage_only_gv_learning,95,0.62,0.9,0.88,0.494515,1.0,0.977876,0.990165,0.981654,True,0.0,0,0.0,0.800355,False
damage_only_gv_learning,96,0.62,0.9,0.88,0.511509,1.0,0.971366,0.991759,0.977478,True,0.0,0,0.0,0.805363,False
damage_only_gv_learning,97,0.62,0.9,0.88,0.521202,0.990189,0.967449,0.991999,0.973717,True,0.0,0,0.0,0.806158,False
damage_only_gv_learning,98,0.62,0.9,0.88,0.521595,0.999612,0.972814,0.99612,0.979404,True,0.0,0,0.0,0.810228,False
damage_only_gv_learning,99,0.62,0.9,0.88,0.53767,0.994806,0.984095,1.0,0.987338,True,0.0,0,0.0,0.818997,False
damage_only_gv_learning,100,0.62,0.9,0.88,0.548406,0.976472,0.983426,1.0,0.978244,True,0.0,0,0.0,0.818565,False
damage_only_gv_learning,101,0.62,0.9,0.88,0.541128,0.975451,0.96873,1.0,0.96997,True,0.0,0,0.0,0.811978,False
damage_only_gv_learning,102,0.62,0.9,0.88,0.552652,0.983321,0.966869,1.0,0.9719,True,0.0,0,0.0,0.81767,False
damage_only_gv_learning,103,0.62,0.9,0.88,0.557067,0.976963,0.971647,0.990153,0.972975,True,0.0,0,0.0,0.817814,False
damage_only_gv_learning,104,0.62,0.9,0.88,0.558572,0.976421,0.974174,0.986566,0.974472,True,0.0,0,0.0,0.81842,False
damage_only_gv_learning,105,0.62,0.9,0.88,0.562337,0.978561,0.976171,0.993007,0.976258,True,0.0,0,0.0,0.821712,False
damage_only_gv_learning,106,0.62,0.9,0.88,0.568353,0.983652,0.965974,0.982506,0.970512,True,0.0,0,0.0,0.820919,False
damage_only_gv_learning,107,0.62,0.9,0.88,0.569251,0.987646,0.967166,0.986548,0.972458,True,0.0,0,0.0,0.822993,False
damage_only_gv_learning,108,0.62,0.9,0.88,0.571645,0.979989,0.970522,0.975702,0.972114,True,0.0,0,0.0,0.821569,False
damage_only_gv_learning,109,0.62,0.9,0.88,0.562373,0.978318,0.97682,0.977832,0.977126,True,0.0,0,0.0,0.819778,False
damage_only_gv_learning,110,0.62,0.9,0.88,0.552842,0.968832,0.978256,0.981892,0.971649,True,0.0,0,0.0,0.814619,False
damage_only_gv_learning,111,0.62,0.9,0.88,0.560143,0.969743,0.9773,0.976024,0.971548,True,0.0,0,0.0,0.816551,False
damage_only_gv_learning,112,0.62,0.9,0.88,0.552053,0.965625,0.978549,0.976072,0.968655,True,0.0,0,0.0,0.81262,False
damage_only_gv_learning,113,0.62,0.9,0.88,0.543766,0.965957,0.970682,0.974499,0.96741,True,0.0,0,0.0,0.807745,False
damage_only_gv_learning,114,0.62,0.9,0.88,0.553005,0.964331,0.970458,0.972721,0.966158,True,0.0,0,0.0,0.810524,False
damage_only_gv_learning,115,0.62,0.9,0.88,0.550268,0.963163,0.971831,0.976934,0.965811,True,0.0,0,0.0,0.810069,False
damage_only_gv_learning,116,0.62,0.9,0.88,0.550731,0.953999,0.975957,0.973485,0.959466,True,0.0,0,0.0,0.808094,False
damage_only_gv_learning,117,0.62,0.9,0.88,0.563743,0.95432,0.970575,0.97422,0.959019,True,0.0,0,0.0,0.812176,False
damage_only_gv_learning,118,0.62,0.9,0.88,0.563698,0.952375,0.974883,0.978017,0.958717,True,0.0,0,0.0,0.81308,False
damage_only_gv_learning,119,0.62,0.9,0.88,0.552946,0.956613,0.97107,0.979996,0.961037,True,0.0,0,0.0,0.809626,False
damage_only_gv_learning,120,0.62,0.9,0.88,0.540314,0.958467,0.975068,0.984449,0.96353,True,0.0,0,0.0,0.806802,False
damage_only_gv_learning,121,0.62,0.9,0.88,0.526977,0.967437,0.97832,0.977719,0.970247,True,0.0,0,0.0,0.803798,False
damage_only_gv_learning,122,0.62,0.9,0.88,0.531307,0.972542,0.976075,0.983374,0.973496,True,0.0,0,0.0,0.80714,False
damage_only_gv_learning,123,0.62,0.9,0.88,0.525447,0.961021,0.971444,0.992946,0.963838,True,0.0,0,0.0,0.802187,False
damage_only_gv_learning,124,0.62,0.9,0.88,0.529804,0.958418,0.971014,0.996008,0.961868,True,0.0,0,0.0,0.803488,False
damage_only_gv_learning,125,0.62,0.9,0.88,0.527704,0.968337,0.965653,0.99164,0.965291,True,0.0,0,0.0,0.80331,False
damage_only_gv_learning,126,0.62,0.9,0.88,0.532449,0.965584,0.967197,0.995551,0.964413,True,0.0,0,0.0,0.805338,False
damage_only_gv_learning,127,0.62,0.9,0.88,0.533919,0.966421,0.977395,0.992396,0.969687,True,0.0,0,0.0,0.808074,False
damage_only_gv_learning,128,0.62,0.9,0.88,0.538401,0.973936,0.980273,0.992053,0.975706,True,0.0,0,0.0,0.812322,False
damage_only_gv_learning,129,0.62,0.9,0.88,0.540414,0.982155,0.97349,0.990835,0.976141,True,0.0,0,0.0,0.813227,False
damage_only_gv_learning,130,0.62,0.9,0.88,0.537312,0.984205,0.976984,0.993721,0.979144,True,0.0,0,0.0,0.813811,False
damage_only_gv_learning,131,0.62,0.9,0.88,0.526624,0.986277,0.974674,1.0,0.978185,True,0.0,0,0.0,0.810471,False
damage_only_gv_learning,132,0.62,0.9,0.88,0.54503,0.981069,0.978888,1.0,0.978594,True,0.0,0,0.0,0.817335,False
damage_only_gv_learning,133,0.62,0.9,0.88,0.544675,0.98934,0.979556,1.0,0.982535,True,0.0,0,0.0,0.819282,False
damage_only_gv_learning,134,0.62,0.9,0.88,0.552313,0.988113,0.982988,1.0,0.984311,True,0.0,0,0.0,0.822794,False
damage_only_gv_learning,135,0.62,0.9,0.88,0.554427,0.993207,0.982331,0.991269,0.984909,True,0.0,0,0.0,0.823246,False
damage_only_gv_learning,136,0.62,0.9,0.88,0.550435,0.985476,0.976754,0.993244,0.979433,True,0.0,0,0.0,0.818953,False
damage_only_gv_learning,137,0.62,0.9,0.88,0.535854,0.983631,0.984502,0.990749,0.983599,True,0.0,0,0.0,0.814625,False
damage_only_gv_learning,138,0.62,0.9,0.88,0.546678,0.98892,0.99112,0.974405,0.978512,True,0.0,0,0.0,0.817983,False
damage_only_gv_learning,139,0.62,0.9,0.88,0.554249,1.0,0.986706,0.964631,0.97138,True,0.0,0,0.0,0.819836,False
damage_only_gv_learning,140,0.62,0.9,0.88,0.554526,1.0,0.993575,0.965221,0.973422,True,0.0,0,0.0,0.821505,False
damage_only_gv_learning,141,0.62,0.9,0.88,0.561188,0.998462,0.991737,0.972539,0.978243,True,0.0,0,0.0,0.825032,False
damage_only_gv_learning,142,0.62,0.9,0.88,0.572339,0.997501,0.979159,0.972515,0.974077,True,0.0,0,0.0,0.826329,False
damage_only_gv_learning,143,0.62,0.9,0.88,0.573782,0.993553,0.979691,0.967145,0.970962,True,0.0,0,0.0,0.825137,False
damage_only_gv_learning,144,0.62,0.9,0.88,0.586043,0.987938,0.980332,0.973907,0.975851,True,0.0,0,0.0,0.830434,False
damage_only_gv_learning,145,0.62,0.9,0.88,0.594882,0.990136,0.985296,0.982968,0.983595,True,0.0,0,0.0,0.83728,False
damage_only_gv_learning,146,0.62,0.9,0.88,0.582664,0.987275,0.989937,0.979742,0.981981,True,0.0,0,0.0,0.832312,False
damage_only_gv_learning,147,0.62,0.9,0.88,0.584639,0.988187,0.997003,0.979283,0.982008,True,0.0,0,0.0,0.834438,False
damage_only_gv_learning,148,0.62,0.9,0.88,0.594312,0.979726,0.995385,0.98491,0.981137,True,0.0,0,0.0,0.836982,False
damage_only_gv_learning,149,0.62,0.9,0.88,0.60853,0.970909,0.985391,0.990004,0.975186,True,0.0,0,0.0,0.838998,False
damage_only_gv_learning,150,0.62,0.9,0.88,0.609464,0.974228,0.990322,0.985435,0.977602,True,0.0,0,0.0,0.840489,False
damage_only_gv_learning,151,0.62,0.9,0.88,0.613462,0.980464,0.983631,0.984706,0.981403,True,0.0,0,0.0,0.84228,False
damage_only_gv_learning,152,0.62,0.9,0.88,0.619286,0.981027,0.980872,0.99268,0.980159,True,0.0,0,0.0,0.845065,False
damage_only_gv_learning,153,0.62,0.9,0.88,0.619429,0.972076,0.977192,0.996007,0.973012,True,0.0,0,0.0,0.842454,False
damage_only_gv_learning,154,0.62,0.9,0.88,0.626705,0.976261,0.990437,0.991645,0.980178,True,0.0,0,0.0,0.848605,False
damage_only_gv_learning,155,0.62,0.9,0.88,0.620781,0.972787,0.984892,0.99247,0.976493,True,0.0,0,0.0,0.844404,False
damage_only_gv_learning,156,0.62,0.9,0.88,0.635578,0.97667,0.998216,0.990569,0.980904,True,0.0,0,0.0,0.853387,False
damage_only_gv_learning,157,0.62,0.9,0.88,0.646484,0.966374,0.993742,0.993987,0.973685,True,0.0,0,0.0,0.854485,False
damage_only_gv_learning,158,0.62,0.9,0.88,0.647436,0.960348,0.993874,1.0,0.969927,True,0.0,0,0.0,0.854177,False
damage_only_gv_learning,159,0.62,0.9,0.88,0.643274,0.954112,0.98921,1.0,0.964456,True,0.0,0,0.0,0.849977,False
damage_only_gv_learning,160,0.8,0.9,0.88,0.794574,0.9303,0.953971,0.985784,0.937362,True,0.591598,1,0.0,0.8916,False
damage_only_gv_learning,161,0.627142,0.9,0.88,0.802596,0.927959,0.949493,0.987151,0.934075,True,0.591598,1,0.0,0.893218,False
damage_only_gv_learning,162,0.627142,0.9,0.88,0.811096,0.931045,0.953237,0.977049,0.93781,True,0.591598,1,0.0,0.896712,False
damage_only_gv_learning,163,0.627142,0.9,0.88,0.793518,0.943596,0.963875,0.980129,0.949831,True,0.591598,1,0.0,0.896079,False
damage_only_gv_learning,164,0.627142,0.9,0.88,0.783613,0.944057,0.975767,0.981544,0.953115,True,0.591598,1,0.0,0.895131,False
damage_only_gv_learning,165,0.627142,0.9,0.88,0.772057,0.954101,0.97611,0.971585,0.959199,True,0.591598,1,0.0,0.891946,False
damage_only_gv_learning,166,0.627142,0.9,0.88,0.764346,0.954757,0.978106,0.96946,0.959248,True,0.591598,1,0.0,0.889201,False
damage_only_gv_learning,167,0.627142,0.9,0.88,0.767485,0.962556,0.976653,0.988694,0.966888,True,0.591598,1,0.0,0.895145,False
damage_only_gv_learning,168,0.627142,0.9,0.88,0.762767,0.957577,0.976123,0.978733,0.962806,True,0.591598,1,0.0,0.890477,False
damage_only_gv_learning,169,0.627142,0.9,0.88,0.750033,0.959884,0.968767,0.977115,0.962608,True,0.591598,1,0.0,0.884479,False
damage_only_gv_learning,170,0.627142,0.9,0.88,0.770974,0.954679,0.968849,0.973494,0.958872,True,0.591598,1,0.0,0.890559,False
damage_only_gv_learning,171,0.627142,0.9,0.88,0.767762,0.961051,0.966902,0.987824,0.962157,True,0.591598,1,0.0,0.892536,False
damage_only_gv_learning,172,0.627142,0.9,0.88,0.762191,0.960078,0.963134,0.993008,0.959446,True,0.591598,1,0.0,0.889965,False
damage_only_gv_learning,173,0.627142,0.9,0.88,0.753972,0.957786,0.968393,1.0,0.960152,True,0.591598,1,0.0,0.88844,False
damage_only_gv_learning,174,0.627142,0.9,0.88,0.760719,0.958619,0.974156,0.993133,0.963306,True,0.591598,1,0.0,0.891608,False
damage_only_gv_learning,175,0.627142,0.9,0.88,0.76672,0.953888,0.974578,0.994067,0.960233,True,0.591598,1,0.0,0.892875,False
damage_only_gv_learning,176,0.627142,0.9,0.88,0.776731,0.960333,0.976549,0.991602,0.965308,True,0.591598,1,0.0,0.898458,False
damage_only_gv_learning,177,0.627142,0.9,0.88,0.77447,0.960404,0.992997,0.99296,0.969068,True,0.591598,1,0.0,0.901213,False
damage_only_gv_learning,178,0.627142,0.9,0.88,0.771335,0.967772,0.997779,0.997785,0.975754,True,0.591598,1,0.0,0.903687,False
damage_only_gv_learning,179,0.627142,0.9,0.88,0.782117,0.976417,0.999548,0.997168,0.982214,True,0.591598,1,0.0,0.910347,False
damage_only_gv_learning,180,0.627142,0.9,0.88,0.777393,0.972852,0.999242,0.986809,0.977138,True,0.591598,1,0.0,0.905796,False
damage_only_gv_learning,181,0.627142,0.9,0.88,0.772198,0.970878,0.997986,0.98746,0.975957,True,0.591598,1,0.0,0.90319,False
damage_only_gv_learning,182,0.627142,0.9,0.88,0.774167,0.971438,0.995368,0.983216,0.975036,True,0.591598,1,0.0,0.902863,False
damage_only_gv_learning,183,0.627142,0.9,0.88,0.759841,0.971103,0.9927,0.986257,0.975659,True,0.591598,1,0.0,0.897379,False
damage_only_gv_learning,184,0.627142,0.9,0.88,0.758351,0.971399,0.99935,0.988683,0.976688,True,0.591598,1,0.0,0.898527,False
damage_only_gv_learning,185,0.627142,0.9,0.88,0.75696,0.977617,0.992166,0.988568,0.980858,True,0.591598,1,0.0,0.898308,False
damage_only_gv_learning,186,0.627142,0.9,0.88,0.756382,0.994496,0.989937,0.991626,0.99042,True,0.591598,1,0.0,0.902301,False
damage_only_gv_learning,187,0.627142,0.9,0.88,0.763113,0.999894,0.986726,0.991562,0.988104,True,0.591598,1,0.0,0.904966,False
damage_only_gv_learning,188,0.627142,0.9,0.88,0.756466,1.0,0.98382,0.977346,0.978957,True,0.591598,1,0.0,0.898848,False
damage_only_gv_learning,189,0.627142,0.9,0.88,0.752558,0.998522,0.994175,0.977209,0.982153,True,0.591598,1,0.0,0.899325,False
damage_only_gv_learning,190,0.627142,0.9,0.88,0.745241,0.988759,0.99336,0.980104,0.982737,True,0.591598,1,0.0,0.895116,False
damage_only_gv_learning,191,0.627142,0.9,0.88,0.7439,0.989235,0.982546,0.983492,0.982579,True,0.591598,1,0.0,0.893201,False
damage_only_gv_learning,192,0.627142,0.9,0.88,0.762197,0.989619,0.97744,0.983707,0.979362,True,0.591598,1,0.0,0.898948,False
damage_only_gv_learning,193,0.627142,0.9,0.88,0.768184,0.990107,0.970591,0.974406,0.971189,True,0.591598,1,0.0,0.897795,False
damage_only_gv_learning,194,0.627142,0.9,0.88,0.781757,0.990895,0.976397,0.981289,0.977742,True,0.591598,1,0.0,0.90589,False
damage_only_gv_learning,195,0.627142,0.9,0.88,0.77775,0.992354,0.984383,0.985058,0.984197,True,0.591598,1,0.0,0.907369,False
damage_only_gv_learning,196,0.627142,0.9,0.88,0.776558,0.99138,0.984163,0.985221,0.984216,True,0.591598,1,0.0,0.906727,False
damage_only_gv_learning,197,0.627142,0.9,0.88,0.760289,0.991835,0.984184,0.977457,0.9795,True,0.591598,1,0.0,0.898977,False
damage_only_gv_learning,198,0.627142,0.9,0.88,0.757002,0.98995,0.995775,0.984227,0.985977,True,0.591598,1,0.0,0.9012,False
damage_only_gv_learning,199,0.627142,0.9,0.88,0.762556,0.989279,1.0,0.989537,0.988693,True,0.591598,1,0.0,0.90502,False
damage_only_gv_learning,200,0.627142,0.9,0.88,0.753864,0.993017,0.999665,0.981293,0.984869,True,0.591598,1,0.0,0.900716,False
damage_only_gv_learning,201,0.627142,0.9,0.88,0.754221,0.996421,1.0,0.978233,0.98345,True,0.591598,1,0.0,0.900926,False
damage_only_gv_learning,202,0.627142,0.9,0.88,0.752746,0.993937,0.996806,0.985704,0.988149,True,0.591598,1,0.0,0.900954,False
damage_only_gv_learning,203,0.627142,0.9,0.88,0.766234,1.0,0.992475,0.968628,0.975668,True,0.591598,1,0.0,0.902502,False
damage_only_gv_learning,204,0.627142,0.9,0.88,0.766007,0.994803,0.989179,0.967128,0.973551,True,0.591598,1,0.0,0.900423,False
damage_only_gv_learning,205,0.627142,0.9,0.88,0.769795,1.0,0.992486,0.966308,0.97399,True,0.591598,1,0.0,0.903331,False
damage_only_gv_learning,206,0.627142,0.9,0.88,0.776796,1.0,0.998703,0.9658,0.974716,True,0.591598,1,0.0,0.907127,False
damage_only_gv_learning,207,0.627142,0.9,0.88,0.783977,0.997696,0.991934,0.96204,0.970606,True,0.591598,1,0.0,0.907203,False
damage_only_gv_learning,208,0.627142,0.9,0.88,0.791783,1.0,0.984052,0.959651,0.967131,True,0.591598,1,0.0,0.908414,False
damage_only_gv_learning,209,0.627142,0.9,0.88,0.80065,0.996831,0.981976,0.95245,0.961407,True,0.591598,1,0.0,0.909144,False
damage_only_gv_learning,210,0.627142,0.9,0.88,0.801867,0.993007,0.980987,0.96071,0.966906,True,0.591598,1,0.0,0.910556,False
damage_only_gv_learning,211,0.627142,0.9,0.88,0.797642,1.0,0.98204,0.965966,0.970853,True,0.591598,1,0.0,0.911609,False
damage_only_gv_learning,212,0.627142,0.9,0.88,0.799868,0.99791,0.987595,0.974012,0.978187,True,0.591598,1,0.0,0.915085,False
damage_only_gv_learning,213,0.627142,0.9,0.88,0.792893,1.0,0.985838,0.970301,0.97507,True,0.591598,1,0.0,0.911601,False
damage_only_gv_learning,214,0.627142,0.9,0.88,0.80205,1.0,0.984752,0.976262,0.978657,True,0.591598,1,0.0,0.91615,False
damage_only_gv_learning,215,0.627142,0.9,0.88,0.799975,0.995752,0.987694,0.976515,0.979949,True,0.591598,1,0.0,0.915317,False
damage_only_gv_learning,216,0.627142,0.9,0.88,0.809261,0.993004,0.997634,0.968837,0.975759,True,0.591598,1,0.0,0.918562,False
damage_only_gv_learning,217,0.627142,0.9,0.88,0.80617,0.987372,0.994788,0.980442,0.982555,True,0.591598,1,0.0,0.918302,False
damage_only_gv_learning,218,0.627142,0.9,0.88,0.802345,0.976798,0.984624,0.977839,0.976804,True,0.591598,1,0.0,0.912061,False
damage_only_gv_learning,219,0.627142,0.9,0.88,0.803061,0.963896,0.984558,0.984704,0.96941,True,0.591598,1,0.0,0.910073,False
damage_only_gv_learning,220,0.627142,0.9,0.88,0.790414,0.960225,0.979919,0.98606,0.966034,True,0.591598,1,0.0,0.903556,False
damage_only_gv_learning,221,0.627142,0.9,0.88,0.806381,0.961739,0.979813,0.996055,0.967288,True,0.591598,1,0.0,0.911426,False
damage_only_gv_learning,222,0.627142,0.9,0.88,0.812092,0.958439,0.972226,0.992517,0.962497,True,0.591598,1,0.0,0.910567,False
damage_only_gv_learning,223,0.627142,0.9,0.88,0.819664,0.961395,0.967243,0.99822,0.961885,True,0.591598,1,0.0,0.913804,False
damage_only_gv_learning,224,0.627142,0.9,0.88,0.809636,0.959258,0.980001,1.0,0.965614,True,0.591598,1,0.0,0.912602,False
damage_only_gv_learning,225,0.627142,0.9,0.88,0.806751,0.950699,0.981099,1.0,0.960004,True,0.591598,1,0.0,0.90949,False
damage_only_gv_learning,226,0.627142,0.9,0.88,0.816546,0.951068,0.985031,0.995796,0.961096,True,0.591598,1,0.0,0.913528,False
damage_only_gv_learning,227,0.627142,0.9,0.88,0.814996,0.955366,0.987774,0.996341,0.964827,True,0.591598,1,0.0,0.914731,False
damage_only_gv_learning,228,0.627142,0.9,0.88,0.804942,0.950382,0.986538,0.987797,0.96016,True,0.591598,1,0.0,0.908034,False
damage_only_gv_learning,229,0.627142,0.9,0.88,0.804453,0.959803,0.987818,0.994358,0.96792,True,0.591598,1,0.0,0.911625,False
damage_only_gv_learning,230,0.627142,0.9,0.88,0.802677,0.961872,0.992578,1.0,0.970787,True,0.591598,1,0.0,0.913313,False
damage_only_gv_learning,231,0.627142,0.9,0.88,0.792005,0.952766,0.990853,0.985973,0.962147,True,0.591598,1,0.0,0.904307,False
damage_only_gv_learning,232,0.627142,0.9,0.88,0.799289,0.95044,0.984483,0.992583,0.960315,True,0.591598,1,0.0,0.906216,False
damage_only_gv_learning,233,0.627142,0.9,0.88,0.793652,0.947405,0.985657,0.996542,0.958624,True,0.591598,1,0.0,0.90409,False
damage_only_gv_learning,234,0.627142,0.9,0.88,0.80452,0.949067,0.992232,0.992625,0.960599,True,0.591598,1,0.0,0.909391,False
damage_only_gv_learning,235,0.627142,0.9,0.88,0.80166,0.945834,0.988684,0.987101,0.957011,True,0.591598,1,0.0,0.905879,False
damage_only_gv_learning,236,0.627142,0.9,0.88,0.809128,0.957831,0.978689,0.979781,0.963516,True,0.591598,1,0.0,0.908834,False
damage_only_gv_learning,237,0.627142,0.9,0.88,0.813252,0.954411,0.983955,0.979188,0.96151,True,0.591598,1,0.0,0.910409,False
damage_only_gv_learning,238,0.627142,0.9,0.88,0.821495,0.961585,0.984347,0.974946,0.965688,True,0.591598,1,0.0,0.914811,False
damage_only_gv_learning,239,0.627142,0.9,0.88,0.822137,0.961349,0.981766,0.981285,0.966714,True,0.591598,1,0.0,0.915559,False
damage_only_gv_learning,240,0.627142,0.9,0.88,0.832932,0.970585,0.985094,0.978836,0.973121,True,0.591598,1,0.0,0.922348,False
damage_only_gv_learning,241,0.627142,0.9,0.88,0.839165,0.987132,0.987424,0.983689,0.98464,True,0.591598,1,0.0,0.930176,False
damage_only_gv_learning,242,0.627142,0.9,0.88,0.840881,0.985984,0.989586,0.987329,0.98637,True,0.591598,1,0.0,0.931728,False
damage_only_gv_learning,243,0.627142,0.9,0.88,0.845861,0.983648,0.987953,0.979791,0.980964,True,0.591598,1,0.0,0.931202,False
damage_only_gv_learning,244,0.627142,0.9,0.88,0.84404,0.989968,0.989992,0.98225,0.984306,True,0.591598,1,0.0,0.93276,False
damage_only_gv_learning,245,0.627142,0.9,0.88,0.840246,0.984473,1.0,0.983493,0.982895,True,0.591598,1,0.0,0.932135,False
damage_only_gv_learning,246,0.627142,0.9,0.88,0.853834,0.982497,1.0,0.984283,0.982242,True,0.591598,1,0.0,0.936975,False
damage_only_gv_learning,247,0.627142,0.9,0.88,0.854858,0.986573,0.997006,0.982829,0.983704,True,0.591598,1,0.0,0.937531,False
damage_only_gv_learning,248,0.627142,0.9,0.88,0.874259,0.975992,1.0,0.98185,0.97726,True,0.591598,1,0.0,0.942627,False
damage_only_gv_learning,249,0.627142,0.9,0.88,0.874545,0.980753,1.0,0.983538,0.980877,True,0.591598,1,0.0,0.944263,False
damage_only_gv_learning,250,0.627142,0.9,0.88,0.887204,0.986257,0.996723,0.987023,0.985952,True,0.591598,1,0.0,0.950571,False
damage_only_gv_learning,251,0.627142,0.9,0.88,0.883188,0.977273,0.984689,0.987851,0.979503,True,0.591598,1,0.0,0.944604,False
damage_only_gv_learning,252,0.627142,0.9,0.88,0.876242,0.984265,0.986085,0.99633,0.984379,True,0.591598,1,0.0,0.945247,False
damage_only_gv_learning,253,0.627142,0.9,0.88,0.87022,0.987511,0.990544,0.99316,0.988443,True,0.591598,1,0.0,0.944389,False
damage_only_gv_learning,254,0.627142,0.9,0.88,0.873531,0.981899,0.997567,0.990932,0.984675,True,0.591598,1,0.0,0.945137,False
damage_only_gv_learning,255,0.627142,0.9,0.88,0.859046,0.983278,1.0,0.985876,0.983473,True,0.591598,1,0.0,0.939467,False
damage_only_gv_learning,256,0.627142,0.9,0.88,0.85833,0.979702,1.0,0.978549,0.97771,True,0.591598,1,0.0,0.936834,False
damage_only_gv_learning,257,0.627142,0.9,0.88,0.864967,0.979051,0.993999,0.985405,0.980945,True,0.591598,1,0.0,0.939507,False
damage_only_gv_learning,258,0.627142,0.9,0.88,0.859146,0.971946,0.988476,0.989137,0.976427,True,0.591598,1,0.0,0.935002,False
damage_only_gv_learning,259,0.627142,0.9,0.88,0.867975,0.970873,0.983291,0.994992,0.974681,True,0.591598,1,0.0,0.937841,False
damage_only_gv_learning,260,0.627142,0.9,0.88,0.871976,0.962491,0.980398,1.0,0.967943,True,0.591598,1,0.0,0.937224,False
damage_only_gv_learning,261,0.627142,0.9,0.88,0.881001,0.949686,0.977659,0.998972,0.958285,True,0.591598,1,0.0,0.936553,False
damage_only_gv_learning,262,0.627142,0.9,0.88,0.874157,0.955297,0.984705,0.994675,0.964017,True,0.591598,1,0.0,0.936317,False
damage_only_gv_learning,263,0.627142,0.9,0.88,0.877798,0.947816,0.982456,1.0,0.958328,True,0.591598,1,0.0,0.936012,False
damage_only_gv_learning,264,0.627142,0.9,0.88,0.879053,0.950139,0.986494,1.0,0.96098,True,0.591598,1,0.0,0.937952,False
damage_only_gv_learning,265,0.627142,0.9,0.88,0.893839,0.959607,0.990983,0.994942,0.968409,True,0.591598,1,0.0,0.946266,False
damage_only_gv_learning,266,0.627142,0.9,0.88,0.893735,0.961244,0.980656,0.99807,0.967205,True,0.591598,1,0.0,0.944956,False
damage_only_gv_learning,267,0.627142,0.9,0.88,0.900855,0.958409,0.976499,0.99993,0.963831,True,0.591598,1,0.0,0.946258,False
damage_only_gv_learning,268,0.627142,0.9,0.88,0.906908,0.963329,0.983791,0.993139,0.969505,True,0.591598,1,0.0,0.950487,False
damage_only_gv_learning,269,0.627142,0.9,0.88,0.906509,0.963893,0.989488,0.999194,0.971535,True,0.591598,1,0.0,0.952553,False
damage_only_gv_learning,270,0.627142,0.9,0.88,0.912422,0.96437,0.988302,0.988811,0.970801,True,0.591598,1,0.0,0.953131,False
damage_only_gv_learning,271,0.627142,0.9,0.88,0.912356,0.968528,0.992744,0.981691,0.972574,True,0.591598,1,0.0,0.95387,False
damage_only_gv_learning,272,0.627142,0.9,0.88,0.92724,0.971262,0.989489,0.98151,0.974412,True,0.591598,1,0.0,0.959627,False
damage_only_gv_learning,273,0.627142,0.9,0.88,0.937224,0.96337,0.999626,0.987889,0.970789,True,0.591598,1,0.0,0.964284,False
damage_only_gv_learning,274,0.627142,0.9,0.88,0.930198,0.970848,1.0,0.979524,0.973069,True,0.591598,1,0.0,0.96213,False
damage_only_gv_learning,275,0.627142,0.9,0.88,0.957716,0.971866,0.995548,0.974118,0.971439,True,0.591598,1,0.0,0.971016,False
damage_only_gv_learning,276,0.627142,0.9,0.88,0.967007,0.981196,0.997178,0.982457,0.980777,True,0.591598,1,0.0,0.978807,False
damage_only_gv_learning,277,0.627142,0.9,0.88,0.970816,0.983511,1.0,0.984923,0.983135,True,0.591598,1,0.0,0.981808,False
damage_only_gv_learning,278,0.627142,0.9,0.88,0.973837,0.973972,0.986074,0.990386,0.977572,True,0.591598,1,0.0,0.978829,False
damage_only_gv_learning,279,0.627142,0.9,0.88,0.974255,0.979778,0.994895,0.993896,0.983655,True,0.591598,1,0.0,0.982842,False
damage_only_gv_learning,280,0.627142,0.9,0.88,0.980785,0.982228,0.996498,0.986375,0.983272,True,0.591598,1,0.0,0.984954,False
damage_only_gv_learning,281,0.627142,0.9,0.88,0.96373,0.97927,0.996746,0.982066,0.979512,True,0.591598,1,0.0,0.976931,False
damage_only_gv_learning,282,0.627142,0.9,0.88,0.980953,0.986547,0.992733,0.979813,0.98188,True,0.591598,1,0.0,0.984032,False
damage_only_gv_learning,283,0.627142,0.9,0.88,0.989102,0.985473,0.981164,0.981054,0.980814,True,0.591598,1,0.0,0.984898,False
damage_only_gv_learning,284,0.627142,0.9,0.88,0.999315,0.98549,0.979521,0.993568,0.9813,True,0.591598,1,0.0,0.990297,False
damage_only_gv_learning,285,0.627142,0.9,0.88,1.0,0.98271,0.984305,0.985037,0.983192,True,0.591598,1,0.0,0.989951,False
damage_only_gv_learning,286,0.627142,0.9,0.88,0.992842,0.979625,0.992303,0.981834,0.979887,True,0.591598,1,0.0,0.98727,False
damage_only_gv_learning,287,0.627142,0.9,0.88,1.0,0.980101,0.998508,0.985593,0.981509,True,0.591598,1,0.0,0.991914,False
damage_only_gv_learning,288,0.627142,0.9,0.88,1.0,0.991767,0.994731,0.980292,0.983637,True,0.591598,1,0.0,0.992847,False
damage_only_gv_learning,289,0.627142,0.9,0.88,1.0,0.998803,0.991675,0.968097,0.975038,True,0.591598,1,0.0,0.990824,False
damage_only_gv_learning,290,0.627142,0.9,0.88,1.0,0.99844,0.993019,0.965961,0.973732,True,0.591598,1,0.0,0.990545,False
damage_only_gv_learning,291,0.627142,0.9,0.88,1.0,1.0,0.994193,0.97018,0.977152,True,0.591598,1,0.0,0.992038,False
damage_only_gv_learning,292,0.627142,0.9,0.88,0.995084,1.0,0.999125,0.97805,0.983766,True,0.591598,1,0.0,0.992953,False
damage_only_gv_learning,293,0.627142,0.9,0.88,0.989871,0.995132,0.996542,0.979878,0.984104,True,0.591598,1,0.0,0.989928,False
damage_only_gv_learning,294,0.627142,0.9,0.88,0.983389,0.988507,0.98406,0.961795,0.968188,True,0.591598,1,0.0,0.979584,False
damage_only_gv_learning,295,0.627142,0.9,0.88,1.0,0.99965,0.978693,0.963898,0.968279,True,0.591598,1,0.0,0.987241,False
damage_only_gv_learning,296,0.627142,0.9,0.88,0.992012,0.992476,0.978011,0.963941,0.96824,True,0.591598,1,0.0,0.982793,False
damage_only_gv_learning,297,0.627142,0.9,0.88,0.999826,0.990692,0.978921,0.958514,0.964743,True,0.591598,1,0.0,0.984425,False
damage_only_gv_learning,298,0.627142,0.9,0.88,0.990343,0.99488,0.977557,0.948594,0.957447,True,0.591598,1,0.0,0.979066,False
damage_only_gv_learning,299,0.627142,0.9,0.88,0.982861,1.0,0.974791,0.954302,0.960479,True,0.591598,1,0.0,0.977809,False
damage_only_gv_learning,300,0.627142,0.9,0.88,0.97773,1.0,0.978906,0.956435,0.963327,True,0.591598,1,0.0,0.977241,False
damage_only_gv_learning,301,0.627142,0.9,0.88,0.969601,1.0,0.976654,0.959904,0.964876,True,0.591598,1,0.0,0.974418,False
damage_only_gv_learning,302,0.627142,0.9,0.88,0.97746,1.0,0.981242,0.965297,0.970124,True,0.591598,1,0.0,0.979615,False
damage_only_gv_learning,303,0.627142,0.9,0.88,0.979697,1.0,0.987425,0.963448,0.970736,True,0.591598,1,0.0,0.981392,False
damage_only_gv_learning,304,0.627142,0.9,0.88,0.986151,0.998764,0.980576,0.967603,0.971451,True,0.591598,1,0.0,0.983057,False
damage_only_gv_learning,305,0.627142,0.9,0.88,0.975622,1.0,0.965965,0.966222,0.963809,True,0.591598,1,0.0,0.975538,False
damage_only_gv_learning,306,0.627142,0.9,0.88,0.975504,1.0,0.971615,0.956987,0.961022,True,0.591598,1,0.0,0.974883,False
damage_only_gv_learning,307,0.627142,0.9,0.88,0.978526,1.0,0.965094,0.956052,0.957609,True,0.591598,1,0.0,0.974317,False
damage_only_gv_learning,308,0.627142,0.9,0.88,0.972759,1.0,0.966354,0.954103,0.956992,True,0.591598,1,0.0,0.972006,False
damage_only_gv_learning,309,0.627142,0.9,0.88,0.970762,0.997157,0.959827,0.953997,0.954075,True,0.591598,1,0.0,0.969195,False
damage_only_gv_learning,310,0.627142,0.9,0.88,0.967208,0.998177,0.962532,0.952106,0.954172,True,0.591598,1,0.0,0.968262,False
damage_only_gv_learning,311,0.627142,0.9,0.88,0.986986,1.0,0.957388,0.948128,0.949305,True,0.591598,1,0.0,0.974039,False
damage_only_gv_learning,312,0.627142,0.9,0.88,0.997951,0.997609,0.960168,0.961744,0.958477,True,0.591598,1,0.0,0.981282,False
damage_only_gv_learning,313,0.627142,0.9,0.88,1.0,1.0,0.957893,0.969304,0.960619,True,0.591598,1,0.0,0.983398,False
damage_only_gv_learning,314,0.627142,0.9,0.88,1.0,0.996475,0.956352,0.96374,0.957368,True,0.591598,1,0.0,0.981317,False
damage_only_gv_learning,315,0.627142,0.9,0.88,0.999094,0.981998,0.956327,0.961834,0.95734,True,0.591598,1,0.0,0.978092,False
damage_only_gv_learning,316,0.627142,0.9,0.88,1.0,0.978319,0.954951,0.961629,0.956613,True,0.591598,1,0.0,0.97741,False
damage_only_gv_learning,317,0.627142,0.9,0.88,0.99593,0.974684,0.949599,0.953945,0.950105,True,0.591598,1,0.0,0.972389,False
damage_only_gv_learning,318,0.627142,0.9,0.88,1.0,0.983178,0.957435,0.969778,0.961195,True,0.591598,1,0.0,0.980423,False
damage_only_gv_learning,319,0.627142,0.9,0.88,1.0,0.975906,0.962955,0.971442,0.965535,True,0.591598,1,0.0,0.980861,False
damage_only_gv_learning,320,0.627142,0.9,0.88,1.0,0.969831,0.966232,0.973572,0.967331,True,0.591598,1,0.0,0.980871,False
damage_only_gv_learning,321,0.627142,0.9,0.88,0.997042,0.977917,0.979597,0.967743,0.970634,True,0.591598,1,0.0,0.983189,False
damage_only_gv_learning,322,0.627142,0.9,0.88,0.976528,0.982624,0.969019,0.965609,0.96617,True,0.591598,1,0.0,0.973502,False
damage_only_gv_learning,323,0.627142,0.9,0.88,0.977312,0.988204,0.958851,0.964536,0.959726,True,0.591598,1,0.0,0.972051,False
damage_only_gv_learning,324,0.627142,0.9,0.88,0.992469,0.991166,0.953084,0.962825,0.955295,True,0.591598,1,0.0,0.976534,False
damage_only_gv_learning,325,0.627142,0.9,0.88,1.0,0.985935,0.952959,0.962585,0.955391,True,0.591598,1,0.0,0.97841,False
damage_only_gv_learning,326,0.627142,0.9,0.88,0.988827,0.982313,0.962776,0.961477,0.960754,True,0.591598,1,0.0,0.975767,False
damage_only_gv_learning,327,0.627142,0.9,0.88,0.99246,0.996179,0.964002,0.969254,0.964498,True,0.591598,1,0.0,0.981403,False
damage_only_gv_learning,328,0.627142,0.9,0.88,0.992893,0.996374,0.960491,0.969,0.962276,True,0.591598,1,0.0,0.980668,False
damage_only_gv_learning,329,0.627142,0.9,0.88,0.988999,0.996489,0.965988,0.96503,0.963418,True,0.591598,1,0.0,0.97978,False
damage_only_gv_learning,330,0.627142,0.9,0.88,0.99209,0.995609,0.955011,0.96389,0.956691,True,0.591598,1,0.0,0.977853,False
damage_only_gv_learning,331,0.627142,0.9,0.88,1.0,0.999155,0.963185,0.957773,0.95776,True,0.591598,1,0.0,0.982241,False
damage_only_gv_learning,332,0.627142,0.9,0.88,1.0,0.993855,0.970136,0.963503,0.964756,True,0.591598,1,0.0,0.98418,False
damage_only_gv_learning,333,0.627142,0.9,0.88,0.999879,0.988131,0.981729,0.968444,0.972465,True,0.591598,1,0.0,0.986807,False
damage_only_gv_learning,334,0.627142,0.9,0.88,0.999085,0.988732,0.983293,0.971837,0.975302,True,0.591598,1,0.0,0.98771,False
damage_only_gv_learning,335,0.627142,0.9,0.88,0.995334,0.980287,0.984325,0.962241,0.967456,True,0.591598,1,0.0,0.982665,False
damage_only_gv_learning,336,0.627142,0.9,0.88,0.993769,0.983858,0.996714,0.951763,0.961377,True,0.591598,1,0.0,0.982747,False
damage_only_gv_learning,337,0.627142,0.9,0.88,0.994413,0.986454,0.988329,0.959263,0.966726,True,0.591598,1,0.0,0.983642,False
damage_only_gv_learning,338,0.627142,0.9,0.88,0.996429,0.975256,0.989139,0.965622,0.968467,True,0.591598,1,0.0,0.983637,False
damage_only_gv_learning,339,0.627142,0.9,0.88,1.0,0.982833,0.985635,0.976275,0.978247,True,0.591598,1,0.0,0.988392,False
damage_only_gv_learning,340,0.627142,0.9,0.88,1.0,0.983968,0.986503,0.961242,0.967583,True,0.591598,1,0.0,0.985369,False
damage_only_gv_learning,341,0.627142,0.9,0.88,0.991597,0.994231,0.996445,0.967574,0.974932,True,0.591598,1,0.0,0.987581,False
damage_only_gv_learning,342,0.627142,0.9,0.88,0.986041,0.990467,1.0,0.964442,0.972196,True,0.591598,1,0.0,0.984665,False
damage_only_gv_learning,343,0.627142,0.9,0.88,0.996791,0.99977,1.0,0.971793,0.979264,True,0.591598,1,0.0,0.992302,False
damage_only_gv_learning,344,0.627142,0.9,0.88,0.999723,0.98732,1.0,0.976411,0.979717,True,0.591598,1,0.0,0.991876,False
damage_only_gv_learning,345,0.627142,0.9,0.88,1.0,0.986634,0.994215,0.971143,0.975836,True,0.591598,1,0.0,0.989613,False
damage_only_gv_learning,346,0.627142,0.9,0.88,1.0,0.987039,0.996087,0.966167,0.972448,True,0.591598,1,0.0,0.98892,False
damage_only_gv_learning,347,0.627142,0.9,0.88,1.0,0.978272,0.998993,0.970467,0.972346,True,0.591598,1,0.0,0.988455,False
damage_only_gv_learning,348,0.627142,0.9,0.88,1.0,0.991173,0.997624,0.975436,0.980157,True,0.591598,1,0.0,0.992163,False
damage_only_gv_learning,349,0.627142,0.9,0.88,0.997452,0.993076,1.0,0.977512,0.982202,True,0.591598,1,0.0,0.992501,False
damage_only_gv_learning,350,0.627142,0.9,0.88,0.996252,0.990558,0.994945,0.980101,0.983242,True,0.591598,1,0.0,0.99117,False
damage_only_gv_learning,351,0.627142,0.9,0.88,1.0,0.98571,0.99164,0.990055,0.987004,True,0.591598,1,0.0,0.992971,False
damage_only_gv_learning,352,0.627142,0.9,0.88,1.0,0.985109,0.998701,0.9974,0.988532,True,0.591598,1,0.0,0.995346,False
damage_only_gv_learning,353,0.627142,0.9,0.88,1.0,0.980344,1.0,1.0,0.985572,True,0.591598,1,0.0,0.994731,False
damage_only_gv_learning,354,0.627142,0.9,0.88,1.0,0.977749,1.0,1.0,0.983667,True,0.591598,1,0.0,0.994035,False
damage_only_gv_learning,355,0.627142,0.9,0.88,1.0,0.983143,1.0,0.995546,0.986834,True,0.591598,1,0.0,0.994762,False
damage_only_gv_learning,356,0.627142,0.9,0.88,1.0,0.976226,0.99928,0.995701,0.981792,True,0.591598,1,0.0,0.992804,False
damage_only_gv_learning,357,0.627142,0.9,0.88,1.0,0.982722,1.0,0.992586,0.985754,True,0.591598,1,0.0,0.994142,False
damage_only_gv_learning,358,0.627142,0.9,0.88,1.0,0.98457,1.0,0.994451,0.987583,True,0.591598,1,0.0,0.994956,False
damage_only_gv_learning,359,0.627142,0.9,0.88,0.99801,0.986052,1.0,1.0,0.989762,True,0.591598,1,0.0,0.995505,False
damage_only_gv_learning,360,0.627142,0.9,0.88,1.0,0.991072,0.991273,1.0,0.990577,True,0.591598,1,0.0,0.995691,False
damage_only_gv_learning,361,0.627142,0.9,0.88,1.0,1.0,0.993369,0.994817,0.993643,True,0.591598,1,0.0,0.997318,False
damage_only_gv_learning,362,0.627142,0.9,0.88,0.998372,0.994236,1.0,1.0,0.995769,True,0.591598,1,0.0,0.997836,False
damage_only_gv_learning,363,0.627142,0.9,0.88,0.997746,0.992552,1.0,1.0,0.994533,True,0.591598,1,0.0,0.997147,False
damage_only_gv_learning,364,0.627142,0.9,0.88,1.0,0.993885,1.0,1.0,0.995512,True,0.591598,1,0.0,0.998361,False
damage_only_gv_learning,365,0.627142,0.9,0.88,1.0,0.991536,0.992621,1.0,0.991523,True,0.591598,1,0.0,0.996131,False
damage_only_gv_learning,366,0.627142,0.9,0.88,0.997326,0.987434,1.0,0.997257,0.990312,True,0.591598,1,0.0,0.995175,False
damage_only_gv_learning,367,0.627142,0.9,0.88,0.99685,0.98744,0.990558,0.994107,0.988387,True,0.591598,1,0.0,0.992624,False
damage_only_gv_learning,368,0.627142,0.9,0.88,1.0,0.994784,1.0,1.0,0.996171,True,0.591598,1,0.0,0.998602,False
damage_only_gv_learning,369,0.627142,0.9,0.88,1.0,0.99121,1.0,1.0,0.993548,True,0.591598,1,0.0,0.997643,False
damage_only_gv_learning,370,0.627142,0.9,0.88,1.0,0.990759,1.0,1.0,0.993217,True,0.591598,1,0.0,0.997523,False
damage_only_gv_learning,371,0.627142,0.9,0.88,1.0,0.986047,0.994855,0.995913,0.988513,True,0.591598,1,0.0,0.994612,False
damage_only_gv_learning,372,0.627142,0.9,0.88,1.0,0.978,0.991993,0.997501,0.982187,True,0.591598,1,0.0,0.992111,False
damage_only_gv_learning,373,0.627142,0.9,0.88,1.0,0.976848,0.987904,0.997899,0.980243,True,0.591598,1,0.0,0.99099,False
damage_only_gv_learning,374,0.627142,0.9,0.88,0.99572,0.976122,0.991091,0.993393,0.98036,True,0.591598,1,0.0,0.98919,False
damage_only_gv_learning,375,0.627142,0.9,0.88,0.985936,0.974366,0.983462,0.991515,0.977159,True,0.591598,1,0.0,0.983136,False
damage_only_gv_learning,376,0.627142,0.9,0.88,0.977416,0.973477,0.996776,0.994231,0.979292,True,0.591598,1,0.0,0.982771,False
damage_only_gv_learning,377,0.627142,0.9,0.88,0.97867,0.976889,1.0,0.991227,0.981275,True,0.591598,1,0.0,0.984259,False
damage_only_gv_learning,378,0.627142,0.9,0.88,0.970148,0.978236,0.991566,0.988721,0.981302,True,0.591598,1,0.0,0.979398,False
damage_only_gv_learning,379,0.627142,0.9,0.88,0.981249,0.975871,0.994213,0.979452,0.976431,True,0.591598,1,0.0,0.981785,False
damage_only_gv_learning,380,0.627142,0.9,0.88,0.974133,0.974077,1.0,0.985692,0.977578,True,0.591598,1,0.0,0.98081,False
damage_only_gv_learning,381,0.627142,0.9,0.88,1.0,0.969403,1.0,0.976947,0.971053,True,0.591598,1,0.0,0.987791,False
damage_only_gv_learning,382,0.627142,0.9,0.88,0.991726,0.97191,1.0,0.975827,0.97202,True,0.591598,1,0.0,0.985058,False
damage_only_gv_learning,383,0.627142,0.9,0.88,0.989698,0.974756,1.0,0.967689,0.969026,True,0.591598,1,0.0,0.983301,False
damage_only_gv_learning,384,0.627142,0.9,0.88,0.992637,0.979332,1.0,0.967411,0.970804,True,0.591598,1,0.0,0.985416,False
damage_only_gv_learning,385,0.627142,0.9,0.88,0.988165,0.981963,0.998217,0.966794,0.971418,True,0.591598,1,0.0,0.983857,False
damage_only_gv_learning,386,0.627142,0.9,0.88,0.995087,0.979149,0.993641,0.97043,0.972936,True,0.591598,1,0.0,0.985848,False
damage_only_gv_learning,387,0.627142,0.9,0.88,0.992766,0.972898,1.0,0.968716,0.968751,True,0.591598,1,0.0,0.984243,False
damage_only_gv_learning,388,0.627142,0.9,0.88,0.994886,0.970179,0.997584,0.970284,0.968389,True,0.591598,1,0.0,0.9843,False
damage_only_gv_learning,389,0.627142,0.9,0.88,0.99396,0.965058,0.990738,0.971584,0.96653,True,0.591598,1,0.0,0.981753,False
damage_only_gv_learning,390,0.627142,0.9,0.88,0.985044,0.970718,0.995614,0.978327,0.972699,True,0.591598,1,0.0,0.981946,False
damage_only_gv_learning,391,0.627142,0.9,0.88,0.992649,0.984751,0.993943,0.972736,0.976429,True,0.591598,1,0.0,0.986726,False
damage_only_gv_learning,392,0.627142,0.9,0.88,1.0,0.995844,0.988586,0.969231,0.975006,True,0.591598,1,0.0,0.98989,False
damage_only_gv_learning,393,0.627142,0.9,0.88,1.0,0.988251,0.977146,0.983205,0.979008,True,0.591598,1,0.0,0.988901,False
damage_only_gv_learning,394,0.627142,0.9,0.88,1.0,0.98739,0.98066,0.974649,0.976476,True,0.591598,1,0.0,0.987877,False
damage_only_gv_learning,395,0.627142,0.9,0.88,1.0,0.974162,0.979454,0.973262,0.973304,True,0.591598,1,0.0,0.984704,False
damage_only_gv_learning,396,0.627142,0.9,0.88,0.9981,0.969001,0.969169,0.974973,0.968688,True,0.591598,1,0.0,0.980887,False
damage_only_gv_learning,397,0.627142,0.9,0.88,0.989606,0.970352,0.968371,0.972995,0.968963,True,0.591598,1,0.0,0.977515,False
damage_only_gv_learning,398,0.627142,0.9,0.88,0.997577,0.963888,0.969747,0.968996,0.965331,True,0.591598,1,0.0,0.978633,False
damage_only_gv_learning,399,0.627142,0.9,0.88,1.0,0.968215,0.97748,0.971955,0.969315,True,0.591598,1,0.0,0.982617,False
damage_only_gv_learning,400,0.627142,0.9,0.88,0.988259,0.967311,0.97684,0.980181,0.970143,True,0.591598,1,0.0,0.979128,False
damage_only_gv_learning,401,0.627142,0.9,0.88,0.992887,0.969695,0.984516,0.980002,0.972799,True,0.591598,1,0.0,0.982991,False
damage_only_gv_learning,402,0.627142,0.9,0.88,0.981757,0.960966,0.971303,0.985348,0.964046,True,0.591598,1,0.0,0.97451,False
damage_only_gv_learning,403,0.627142,0.9,0.88,0.99144,0.958131,0.968826,0.985084,0.961261,True,0.591598,1,0.0,0.976862,False
damage_only_gv_learning,404,0.627142,0.9,0.88,1.0,0.964213,0.971794,0.993566,0.965949,True,0.591598,1,0.0,0.983494,False
damage_only_gv_learning,405,0.627142,0.9,0.88,0.999381,0.964566,0.96681,0.992718,0.963839,True,0.591598,1,0.0,0.982054,False
damage_only_gv_learning,406,0.627142,0.9,0.88,1.0,0.968944,0.976433,0.983172,0.971244,True,0.591598,1,0.0,0.984361,False
damage_only_gv_learning,407,0.627142,0.9,0.88,0.989929,0.962733,0.97345,0.991548,0.965803,True,0.591598,1,0.0,0.979399,False
damage_only_gv_learning,408,0.627142,0.9,0.88,0.990487,0.959151,0.966031,0.99861,0.959969,True,0.591598,1,0.0,0.977919,False
damage_only_gv_learning,409,0.627142,0.9,0.88,1.0,0.962819,0.951249,0.991187,0.954156,True,0.591598,1,0.0,0.977797,False
damage_only_gv_learning,410,0.627142,0.9,0.88,0.999551,0.960637,0.946165,0.99715,0.949749,True,0.591598,1,0.0,0.976624,False
damage_only_gv_learning,411,0.627142,0.9,0.88,1.0,0.958075,0.948918,0.989213,0.950742,True,0.591598,1,0.0,0.975838,False
damage_only_gv_learning,412,0.627142,0.9,0.88,0.982285,0.949987,0.948594,1.0,0.945869,True,0.591598,1,0.0,0.968517,False
damage_only_gv_learning,413,0.627142,0.9,0.88,0.974845,0.952863,0.960829,1.0,0.95372,True,0.591598,1,0.0,0.969352,False
damage_only_gv_learning,414,0.627142,0.9,0.88,0.974653,0.951284,0.962556,0.99605,0.953804,True,0.591598,1,0.0,0.968763,False
damage_only_gv_learning,415,0.627142,0.9,0.88,0.964311,0.958159,0.963972,0.994886,0.958638,True,0.591598,1,0.0,0.966742,False
damage_only_gv_learning,416,0.627142,0.9,0.88,0.958981,0.966669,0.963855,0.996718,0.963105,True,0.591598,1,0.0,0.96702,False
damage_only_gv_learning,417,0.627142,0.9,0.88,0.961258,0.959486,0.965593,0.999045,0.959928,True,0.591598,1,0.0,0.96685,False
damage_only_gv_learning,418,0.627142,0.9,0.88,0.956537,0.95871,0.9699,0.997807,0.961498,True,0.591598,1,0.0,0.965707,False
damage_only_gv_learning,419,0.627142,0.9,0.88,0.974274,0.954304,0.977331,0.990948,0.96134,True,0.591598,1,0.0,0.972012,False
damage_only_gv_learning,420,0.627142,0.9,0.88,0.982448,0.952681,0.97074,0.97941,0.958147,True,0.591598,1,0.0,0.971641,False
damage_only_gv_learning,421,0.627142,0.9,0.88,0.989166,0.947706,0.972243,0.9712,0.954087,True,0.591598,1,0.0,0.971932,False
damage_only_gv_learning,422,0.627142,0.9,0.88,0.982498,0.948886,0.970111,0.964965,0.953636,True,0.591598,1,0.0,0.9683,False
damage_only_gv_learning,423,0.627142,0.9,0.88,0.977533,0.942612,0.977549,0.963908,0.949136,True,0.591598,1,0.0,0.965935,False
damage_only_gv_learning,424,0.627142,0.9,0.88,0.975056,0.949908,0.973688,0.974031,0.956278,True,0.591598,1,0.0,0.967886,False
damage_only_gv_learning,425,0.627142,0.9,0.88,0.981592,0.957706,0.977218,0.966602,0.960396,True,0.591598,1,0.0,0.971863,False
damage_only_gv_learning,426,0.627142,0.9,0.88,0.993461,0.95421,0.98379,0.965072,0.957307,True,0.591598,1,0.0,0.976342,False
damage_only_gv_learning,427,0.627142,0.9,0.88,0.98488,0.952003,0.979049,0.967526,0.956773,True,0.591598,1,0.0,0.97211,False
damage_only_gv_learning,428,0.627142,0.9,0.88,0.99109,0.950572,0.974127,0.969646,0.956101,True,0.591598,1,0.0,0.973543,False
damage_only_gv_learning,429,0.627142,0.9,0.88,1.0,0.951442,0.972985,0.973375,0.957223,True,0.591598,1,0.0,0.977536,False
damage_only_gv_learning,430,0.627142,0.9,0.88,0.989244,0.946603,0.980183,0.974717,0.954663,True,0.591598,1,0.0,0.973754,False
damage_only_gv_learning,431,0.627142,0.9,0.88,0.99457,0.944929,0.97556,0.968644,0.951895,True,0.591598,1,0.0,0.973462,False
damage_only_gv_learning,432,0.627142,0.9,0.88,0.981354,0.941639,0.97705,0.979102,0.951313,True,0.591598,1,0.0,0.96951,False
damage_only_gv_learning,433,0.627142,0.9,0.88,0.977095,0.952653,0.969643,0.981352,0.957868,True,0.591598,1,0.0,0.969643,False
damage_only_gv_learning,434,0.627142,0.9,0.88,0.972554,0.95833,0.967516,0.98611,0.960829,True,0.591598,1,0.0,0.969578,False
damage_only_gv_learning,435,0.627142,0.9,0.88,0.977743,0.95717,0.975437,0.986284,0.962752,True,0.591598,1,0.0,0.973022,False
damage_only_gv_learning,436,0.627142,0.9,0.88,0.984312,0.957754,0.980937,0.99148,0.96475,True,0.591598,1,0.0,0.97758,False
damage_only_gv_learning,437,0.627142,0.9,0.88,0.968482,0.95319,0.989842,0.984213,0.96205,True,0.591598,1,0.0,0.971005,False
damage_only_gv_learning,438,0.627142,0.9,0.88,0.976642,0.95031,0.97819,0.981297,0.958089,True,0.591598,1,0.0,0.970606,False
damage_only_gv_learning,439,0.627142,0.9,0.88,0.972245,0.947109,0.972892,0.989175,0.955005,True,0.591598,1,0.0,0.968138,False
damage_only_gv_learning,440,0.627142,0.9,0.88,0.969746,0.957256,0.977223,0.984,0.963177,True,0.591598,1,0.0,0.970051,False
damage_only_gv_learning,441,0.627142,0.9,0.88,0.98152,0.958703,0.968646,0.973805,0.961724,True,0.591598,1,0.0,0.97164,False
damage_only_gv_learning,442,0.627142,0.9,0.88,0.986598,0.953308,0.962197,0.962354,0.955693,True,0.591598,1,0.0,0.969111,False
damage_only_gv_learning,443,0.627142,0.9,0.88,0.981754,0.952003,0.973545,0.961939,0.955013,True,0.591598,1,0.0,0.968938,False
damage_only_gv_learning,444,0.627142,0.9,0.88,0.988336,0.952091,0.976779,0.964821,0.955995,True,0.591598,1,0.0,0.972559,False
damage_only_gv_learning,445,0.627142,0.9,0.88,1.0,0.959067,0.97102,0.968151,0.961748,True,0.591598,1,0.0,0.978367,False
damage_only_gv_learning,446,0.627142,0.9,0.88,1.0,0.952105,0.965286,0.971218,0.95608,True,0.591598,1,0.0,0.975831,False
damage_only_gv_learning,447,0.627142,0.9,0.88,1.0,0.958738,0.968623,0.973159,0.961723,True,0.591598,1,0.0,0.978574,False
damage_only_gv_learning,448,0.627142,0.9,0.88,1.0,0.966187,0.969233,0.973303,0.967097,True,0.591598,1,0.0,0.98069,False
damage_only_gv_learning,449,0.627142,0.9,0.88,1.0,0.967707,0.973107,0.973557,0.969197,True,0.591598,1,0.0,0.981948,False
damage_only_gv_learning,450,0.627142,0.9,0.88,1.0,0.968491,0.985008,0.979121,0.97173,True,0.591598,1,0.0,0.985314,False
damage_only_gv_learning,451,0.627142,0.9,0.88,1.0,0.971331,0.993337,0.976632,0.972463,True,0.591598,1,0.0,0.987064,False
damage_only_gv_learning,452,0.627142,0.9,0.88,1.0,0.972585,0.988235,0.980823,0.975115,True,0.591598,1,0.0,0.987277,False
damage_only_gv_learning,453,0.627142,0.9,0.88,1.0,0.973388,0.986135,0.986163,0.976782,True,0.591598,1,0.0,0.987991,False
damage_only_gv_learning,454,0.627142,0.9,0.88,1.0,0.980724,0.994115,0.988859,0.983217,True,0.591598,1,0.0,0.991897,False
damage_only_gv_learning,455,0.627142,0.9,0.88,1.0,0.983611,0.99094,0.997208,0.985863,True,0.591598,1,0.0,0.993332,False
damage_only_gv_learning,456,0.627142,0.9,0.88,0.995371,0.995425,0.991809,0.990732,0.990949,True,0.591598,1,0.0,0.993559,False
damage_only_gv_learning,457,0.627142,0.9,0.88,1.0,1.0,0.998124,0.99894,0.998369,True,0.591598,1,0.0,0.999318,False
damage_only_gv_learning,458,0.627142,0.9,0.88,1.0,1.0,1.0,1.0,1.0,True,0.591598,1,0.0,1.0,False
damage_only_gv_learning,459,0.627142,0.9,0.88,1.0,1.0,0.998762,0.998121,0.998298,True,0.591598,1,0.0,0.99931,False
damage_only_gv_learning,460,0.627142,0.9,0.88,0.997311,0.992099,1.0,0.995474,0.993106,True,0.591598,1,0.0,0.996095,False
damage_only_gv_learning,461,0.627142,0.9,0.88,0.994939,1.0,1.0,0.994172,0.995722,True,0.591598,1,0.0,0.996748,False
damage_only_gv_learning,462,0.627142,0.9,0.88,0.994672,1.0,1.0,0.99501,0.996337,True,0.591598,1,0.0,0.996837,False
damage_only_gv_learning,463,0.627142,0.9,0.88,1.0,0.999749,1.0,0.989246,0.992072,True,0.591598,1,0.0,0.997498,False
damage_only_gv_learning,464,0.627142,0.9,0.88,1.0,1.0,1.0,0.98712,0.990546,True,0.591598,1,0.0,0.997062,False
damage_only_gv_learning,465,0.627142,0.9,0.88,1.0,0.994516,1.0,0.97763,0.982624,True,0.591598,1,0.0,0.993796,False
damage_only_gv_learning,466,0.627142,0.9,0.88,1.0,0.998523,0.98958,0.97358,0.978457,True,0.591598,1,0.0,0.991575,False
damage_only_gv_learning,467,0.627142,0.9,0.88,1.0,1.0,0.99613,0.977562,0.982906,True,0.591598,1,0.0,0.994111,False
damage_only_gv_learning,468,0.627142,0.9,0.88,1.0,0.993393,0.988988,0.970628,0.975956,True,0.591598,1,0.0,0.989831,False
damage_only_gv_learning,469,0.627142,0.9,0.88,1.0,0.994206,0.989243,0.964798,0.971823,True,0.591598,1,0.0,0.988711,False
damage_only_gv_learning,470,0.627142,0.9,0.88,0.997545,0.985957,0.986556,0.959419,0.966555,True,0.591598,1,0.0,0.984425,False
damage_only_gv_learning,471,0.627142,0.9,0.88,1.0,0.978637,0.9852,0.971834,0.973919,True,0.591598,1,0.0,0.986418,False
damage_only_gv_learning,472,0.627142,0.9,0.88,1.0,0.979943,0.992224,0.974494,0.975918,True,0.591598,1,0.0,0.988529,False
damage_only_gv_learning,473,0.627142,0.9,0.88,1.0,0.977987,0.992869,0.975786,0.975765,True,0.591598,1,0.0,0.988456,False
damage_only_gv_learning,474,0.627142,0.9,0.88,0.991956,0.986139,0.999492,0.970283,0.975157,True,0.591598,1,0.0,0.987215,False
damage_only_gv_learning,475,0.627142,0.9,0.88,0.992664,0.979637,0.988308,0.967196,0.971015,True,0.591598,1,0.0,0.983371,False
damage_only_gv_learning,476,0.627142,0.9,0.88,0.983642,0.98134,0.995653,0.973282,0.975562,True,0.591598,1,0.0,0.98297,False
damage_only_gv_learning,477,0.627142,0.9,0.88,0.971428,0.986222,0.996668,0.97667,0.979578,True,0.591598,1,0.0,0.980346,False
damage_only_gv_learning,478,0.627142,0.9,0.88,0.967338,0.969407,0.990453,0.980321,0.972756,True,0.591598,1,0.0,0.974339,False
damage_only_gv_learning,479,0.627142,0.9,0.88,0.960121,0.961853,0.988626,0.973464,0.96533,True,0.591598,1,0.0,0.968057,False
damage_only_gv_learning,480,0.807142,0.9,0.88,0.960058,0.959292,0.984434,0.975879,0.96433,True,0.591598,1,0.0,0.967035,False
damage_only_gv_learning,481,0.627142,0.9,0.88,0.964182,0.961655,0.984491,0.97044,0.964201,True,0.591598,1,0.0,0.968261,False
damage_only_gv_learning,482,0.627142,0.9,0.88,0.963534,0.975254,0.976887,0.968857,0.970721,True,0.591598,1,0.0,0.969655,False
damage_only_gv_learning,483,0.627142,0.9,0.88,0.963616,0.982477,0.975764,0.968431,0.970682,True,0.591598,1,0.0,0.970719,False
damage_only_gv_learning,484,0.627142,0.9,0.88,0.98061,0.991474,0.975708,0.969128,0.9708,True,0.591598,1,0.0,0.978898,False
damage_only_gv_learning,485,0.627142,0.9,0.88,0.984294,0.986659,0.982092,0.97134,0.974572,True,0.591598,1,0.0,0.981343,False
damage_only_gv_learning,486,0.627142,0.9,0.88,0.976634,0.987452,0.971297,0.968753,0.968796,True,0.591598,1,0.0,0.975577,False
damage_only_gv_learning,487,0.627142,0.9,0.88,0.981438,0.999127,0.975633,0.978428,0.975489,True,0.591598,1,0.0,0.982442,False
damage_only_gv_learning,488,0.627142,0.9,0.88,0.992947,1.0,0.972009,0.974325,0.97133,True,0.591598,1,0.0,0.985247,False
damage_only_gv_learning,489,0.627142,0.9,0.88,0.995426,1.0,0.971399,0.971556,0.969556,True,0.591598,1,0.0,0.985478,False
damage_only_gv_learning,490,0.627142,0.9,0.88,0.989136,1.0,0.975445,0.962978,0.966401,True,0.591598,1,0.0,0.982237,False
damage_only_gv_learning,491,0.627142,0.9,0.88,0.986343,1.0,0.974017,0.963631,0.966214,True,0.591598,1,0.0,0.980987,False
damage_only_gv_learning,492,0.627142,0.9,0.88,1.0,1.0,0.977829,0.961532,0.966387,True,0.591598,1,0.0,0.98659,False
damage_only_gv_learning,493,0.627142,0.9,0.88,1.0,0.9885,0.980199,0.955475,0.962802,True,0.591598,1,0.0,0.983669,False
damage_only_gv_learning,494,0.627142,0.9,0.88,0.997404,0.982946,0.981036,0.94147,0.952234,True,0.591598,1,0.0,0.978604,False
damage_only_gv_learning,495,0.627142,0.9,0.88,0.99919,0.975328,0.990712,0.939746,0.950453,True,0.591598,1,0.0,0.979198,False
damage_only_gv_learning,496,0.627142,0.9,0.88,0.996961,0.975615,0.998854,0.956483,0.962258,True,0.591598,1,0.0,0.983628,False
damage_only_gv_learning,497,0.627142,0.9,0.88,1.0,0.986682,1.0,0.967275,0.973231,True,0.591598,1,0.0,0.989809,False
damage_only_gv_learning,498,0.627142,0.9,0.88,1.0,0.989204,0.989071,0.970058,0.975133,True,0.591598,1,0.0,0.988914,False
damage_only_gv_learning,499,0.627142,0.9,0.88,0.989506,0.990701,0.982731,0.970959,0.974571,True,0.591598,1,0.0,0.984113,False
damage_only_gv_learning,500,0.627142,0.9,0.88,0.993479,0.985569,0.988667,0.971338,0.975445,True,0.591598,1,0.0,0.985925,False
damage_only_gv_learning,501,0.627142,0.9,0.88,0.986416,0.984954,0.995608,0.978062,0.980073,True,0.591598,1,0.0,0.985877,False
damage_only_gv_learning,502,0.627142,0.9,0.88,0.984561,0.979496,0.991808,0.970359,0.973084,True,0.591598,1,0.0,0.981588,False
damage_only_gv_learning,503,0.627142,0.9,0.88,0.992134,0.975431,0.991522,0.96997,0.971198,True,0.591598,1,0.0,0.983402,False
damage_only_gv_learning,504,0.627142,0.9,0.88,0.98975,0.972754,0.986713,0.96409,0.966597,True,0.591598,1,0.0,0.979773,False
damage_only_gv_learning,505,0.627142,0.9,0.88,0.991178,0.973941,0.99478,0.973214,0.972146,True,0.591598,1,0.0,0.983925,False
damage_only_gv_learning,506,0.627142,0.9,0.88,0.998869,0.976116,0.992175,0.976024,0.974985,True,0.591598,1,0.0,0.987504,False
damage_only_gv_learning,507,0.627142,0.9,0.88,1.0,0.979958,0.98723,0.973267,0.975305,True,0.591598,1,0.0,0.987388,False
damage_only_gv_learning,508,0.627142,0.9,0.88,0.999997,0.977693,0.979681,0.978769,0.978023,True,0.591598,1,0.0,0.986717,False
damage_only_gv_learning,509,0.627142,0.9,0.88,1.0,0.976561,0.982931,0.97932,0.977387,True,0.591598,1,0.0,0.9871,False
damage_only_gv_learning,510,0.627142,0.9,0.88,0.997287,0.975521,0.984958,0.980027,0.976893,True,0.591598,1,0.0,0.986286,False
damage_only_gv_learning,511,0.627142,0.9,0.88,0.987597,0.980284,0.985452,0.995973,0.981687,True,0.591598,1,0.0,0.986358,False
damage_only_gv_learning,512,0.627142,0.9,0.88,0.992693,0.99788,0.987075,0.995694,0.989585,True,0.591598,1,0.0,0.992663,False
damage_only_gv_learning,513,0.627142,0.9,0.88,1.0,0.990992,0.990045,0.992988,0.990299,True,0.591598,1,0.0,0.994441,False
damage_only_gv_learning,514,0.627142,0.9,0.88,0.991117,0.999335,0.988692,0.985919,0.9864,True,0.591598,1,0.0,0.990866,False
damage_only_gv_learning,515,0.627142,0.9,0.88,0.989593,1.0,0.994097,0.989206,0.990683,True,0.591598,1,0.0,0.992353,False
damage_only_gv_learning,516,0.627142,0.9,0.88,0.997664,0.999396,0.992308,0.988892,0.989814,True,0.591598,1,0.0,0.994842,False
damage_only_gv_learning,517,0.627142,0.9,0.88,1.0,0.991229,0.990836,0.990179,0.99038,True,0.591598,1,0.0,0.994242,False
damage_only_gv_learning,518,0.627142,0.9,0.88,0.995952,1.0,0.996805,0.987912,0.990559,True,0.591598,1,0.0,0.995061,False
damage_only_gv_learning,519,0.627142,0.9,0.88,0.98691,1.0,0.992482,0.995489,0.993364,True,0.591598,1,0.0,0.992245,False
damage_only_gv_learning,520,0.627142,0.9,0.88,0.982213,1.0,0.988603,0.995683,0.990768,True,0.591598,1,0.0,0.989477,False
damage_only_gv_learning,521,0.627142,0.9,0.88,0.985659,1.0,0.990193,0.98566,0.986864,True,0.591598,1,0.0,0.989201,False
damage_only_gv_learning,522,0.627142,0.9,0.88,0.989447,1.0,0.994137,0.9849,0.987729,True,0.591598,1,0.0,0.991348,False
damage_only_gv_learning,523,0.627142,0.9,0.88,0.989615,1.0,0.992454,0.988146,0.989369,True,0.591598,1,0.0,0.99176,False
damage_only_gv_learning,524,0.627142,0.9,0.88,1.0,1.0,0.997936,0.997767,0.997705,True,0.591598,1,0.0,0.99904,False
damage_only_gv_learning,525,0.627142,0.9,0.88,0.991138,0.998071,0.998248,0.996648,0.997047,True,0.591598,1,0.0,0.995146,False
damage_only_gv_learning,526,0.627142,0.9,0.88,1.0,1.0,1.0,1.0,1.0,True,0.591598,1,0.0,1.0,False
damage_only_gv_learning,527,0.627142,0.9,0.88,0.995765,1.0,1.0,0.997888,0.99845,True,0.591598,1,0.0,0.997909,False
damage_only_gv_learning,528,0.627142,0.9,0.88,1.0,1.0,0.994913,0.996386,0.995283,True,0.591598,1,0.0,0.998012,False
damage_only_gv_learning,529,0.627142,0.9,0.88,1.0,1.0,0.990249,1.0,0.992842,True,0.591598,1,0.0,0.997386,False
damage_only_gv_learning,530,0.627142,0.9,0.88,1.0,1.0,0.989974,1.0,0.992641,True,0.591598,1,0.0,0.997312,False
damage_only_gv_learning,531,0.627142,0.9,0.88,0.988146,0.998557,0.988752,0.990446,0.988948,True,0.591598,1,0.0,0.990548,False
damage_only_gv_learning,532,0.627142,0.9,0.88,0.974118,0.996516,0.990568,0.991329,0.990558,True,0.591598,1,0.0,0.985493,False
damage_only_gv_learning,533,0.627142,0.9,0.88,0.975942,0.991922,0.99093,0.991951,0.991198,True,0.591598,1,0.0,0.985588,False
damage_only_gv_learning,534,0.627142,0.9,0.88,0.980593,0.993745,0.990219,1.0,0.991216,True,0.591598,1,0.0,0.988685,False
damage_only_gv_learning,535,0.627142,0.9,0.88,0.9809,0.992266,0.987992,0.994174,0.989281,True,0.591598,1,0.0,0.987087,False
damage_only_gv_learning,536,0.627142,0.9,0.88,0.977919,0.989102,0.985141,0.988448,0.98609,True,0.591598,1,0.0,0.983687,False
damage_only_gv_learning,537,0.627142,0.9,0.88,0.976724,0.994686,0.986791,0.998176,0.98917,True,0.591598,1,0.0,0.986266,False
damage_only_gv_learning,538,0.627142,0.9,0.88,0.983424,1.0,0.986624,0.998611,0.989974,True,0.591598,1,0.0,0.989896,False
damage_only_gv_learning,539,0.627142,0.9,0.88,0.998283,1.0,0.983156,1.0,0.987636,True,0.591598,1,0.0,0.994832,False
damage_only_gv_learning,540,0.627142,0.9,0.88,1.0,1.0,0.98255,1.0,0.987191,True,0.591598,1,0.0,0.995322,False
damage_only_gv_learning,541,0.627142,0.9,0.88,1.0,0.997223,1.0,1.0,0.997962,True,0.591598,1,0.0,0.999256,False
damage_only_gv_learning,542,0.627142,0.9,0.88,0.991482,1.0,0.9979,0.995252,0.996066,True,0.591598,1,0.0,0.995248,False
damage_only_gv_learning,543,0.627142,0.9,0.88,0.999188,1.0,0.998084,0.996357,0.996882,True,0.591598,1,0.0,0.998463,False
damage_only_gv_learning,544,0.627142,0.9,0.88,1.0,1.0,1.0,0.99681,0.997658,True,0.591598,1,0.0,0.999272,False
damage_only_gv_learning,545,0.627142,0.9,0.88,1.0,1.0,0.989281,0.986226,0.986815,True,0.591598,1,0.0,0.99456,False
damage_only_gv_learning,546,0.627142,0.9,0.88,1.0,0.992409,0.990221,0.984262,0.986038,True,0.591598,1,0.0,0.992995,False
damage_only_gv_learning,547,0.627142,0.9,0.88,1.0,0.984891,0.983886,0.982951,0.983236,True,0.591598,1,0.0,0.989981,False
damage_only_gv_learning,548,0.627142,0.9,0.88,0.993501,0.990105,0.981888,0.980957,0.980823,True,0.591598,1,0.0,0.987522,False
damage_only_gv_learning,549,0.627142,0.9,0.88,0.994978,0.995441,0.976858,0.973172,0.97354,True,0.591598,1,0.0,0.986175,False
damage_only_gv_learning,550,0.627142,0.9,0.88,0.997969,0.98814,0.969261,0.975111,0.970797,True,0.591598,1,0.0,0.984571,False
damage_only_gv_learning,551,0.627142,0.9,0.88,0.988857,0.994306,0.966438,0.982794,0.97146,True,0.591598,1,0.0,0.982866,False
damage_only_gv_learning,552,0.627142,0.9,0.88,0.993724,0.993216,0.951564,0.976515,0.959217,True,0.591598,1,0.0,0.979494,False
damage_only_gv_learning,553,0.627142,0.9,0.88,0.99915,0.982692,0.952768,0.970522,0.958217,True,0.591598,1,0.0,0.978919,False
damage_only_gv_learning,554,0.627142,0.9,0.88,1.0,0.987698,0.960657,0.974204,0.964803,True,0.591598,1,0.0,0.982869,False
damage_only_gv_learning,555,0.627142,0.9,0.88,0.999706,1.0,0.954584,0.97185,0.959568,True,0.591598,1,0.0,0.98292,False
damage_only_gv_learning,556,0.627142,0.9,0.88,1.0,1.0,0.960066,0.960235,0.957466,True,0.591598,1,0.0,0.982141,False
damage_only_gv_learning,557,0.627142,0.9,0.88,1.0,1.0,0.949123,0.963027,0.952467,True,0.591598,1,0.0,0.979962,False
damage_only_gv_learning,558,0.627142,0.9,0.88,1.0,1.0,0.952922,0.957838,0.952293,True,0.591598,1,0.0,0.979898,False
damage_only_gv_learning,559,0.627142,0.9,0.88,1.0,1.0,0.960341,0.960069,0.957524,True,0.591598,1,0.0,0.982174,False
damage_only_gv_learning,560,0.627142,0.9,0.88,1.0,1.0,0.971466,0.943481,0.952036,True,0.591598,1,0.0,0.981195,False
damage_only_gv_learning,561,0.627142,0.9,0.88,1.0,0.998906,0.969604,0.943659,0.95154,True,0.591598,1,0.0,0.980629,False
damage_only_gv_learning,562,0.627142,0.9,0.88,0.993321,1.0,0.970226,0.939824,0.949134,True,0.591598,1,0.0,0.977574,False
damage_only_gv_learning,563,0.627142,0.9,0.88,0.983468,0.996669,0.967733,0.954583,0.958052,True,0.591598,1,0.0,0.975918,False
damage_only_gv_learning,564,0.627142,0.9,0.88,0.968737,0.993283,0.971483,0.960718,0.963647,True,0.591598,1,0.0,0.971916,False
damage_only_gv_learning,565,0.627142,0.9,0.88,0.982501,0.994622,0.967033,0.9717,0.967536,True,0.591598,1,0.0,0.978591,False
damage_only_gv_learning,566,0.627142,0.9,0.88,0.979744,0.992289,0.960558,0.969801,0.96289,True,0.591598,1,0.0,0.975134,False
damage_only_gv_learning,567,0.627142,0.9,0.88,0.988098,0.990203,0.954195,0.96113,0.95525,True,0.591598,1,0.0,0.974657,False
damage_only_gv_learning,568,0.627142,0.9,0.88,0.991188,0.987186,0.952833,0.964685,0.956125,True,0.591598,1,0.0,0.975646,False
damage_only_gv_learning,569,0.627142,0.9,0.88,0.987455,0.988123,0.960069,0.961141,0.958745,True,0.591598,1,0.0,0.975517,False
damage_only_gv_learning,570,0.627142,0.9,0.88,0.98966,0.980629,0.962338,0.962554,0.961221,True,0.591598,1,0.0,0.975909,False
damage_only_gv_learning,571,0.627142,0.9,0.88,0.982673,0.981299,0.971814,0.976199,0.973143,True,0.591598,1,0.0,0.978421,False
damage_only_gv_learning,572,0.627142,0.9,0.88,0.975765,0.984595,0.969803,0.978652,0.972518,True,0.591598,1,0.0,0.976296,False
damage_only_gv_learning,573,0.627142,0.9,0.88,0.964566,0.983013,0.97509,0.981052,0.976855,True,0.591598,1,0.0,0.973564,False
damage_only_gv_learning,574,0.627142,0.9,0.88,0.968805,0.985975,0.979052,0.980001,0.979071,True,0.591598,1,0.0,0.97654,False
damage_only_gv_learning,575,0.627142,0.9,0.88,0.98526,0.987269,0.979967,0.981248,0.980122,True,0.591598,1,0.0,0.983491,False
damage_only_gv_learning,576,0.627142,0.9,0.88,0.984286,0.988922,0.977564,0.980966,0.978438,True,0.591598,1,0.0,0.982744,False
damage_only_gv_learning,577,0.627142,0.9,0.88,0.987658,0.992776,0.976999,0.969515,0.971523,True,0.591598,1,0.0,0.982185,False
damage_only_gv_learning,578,0.627142,0.9,0.88,0.991128,0.987045,0.982363,0.962085,0.967957,True,0.591598,1,0.0,0.981969,False
damage_only_gv_learning,579,0.627142,0.9,0.88,0.993178,0.973839,0.983989,0.960842,0.964838,True,0.591598,1,0.0,0.980115,False
damage_only_gv_learning,580,0.627142,0.9,0.88,0.989785,0.9739,0.981582,0.950935,0.957739,True,0.591598,1,0.0,0.976165,False
damage_only_gv_learning,581,0.627142,0.9,0.88,0.990338,0.970331,0.975392,0.957105,0.961056,True,0.591598,1,0.0,0.97588,False
damage_only_gv_learning,582,0.627142,0.9,0.88,0.993919,0.967763,0.973014,0.951835,0.95655,True,0.591598,1,0.0,0.975072,False
damage_only_gv_learning,583,0.627142,0.9,0.88,0.996498,0.970191,0.969151,0.952807,0.957283,True,0.591598,1,0.0,0.976018,False
damage_only_gv_learning,584,0.627142,0.9,0.88,0.985706,0.971092,0.964418,0.947977,0.952906,True,0.591598,1,0.0,0.970025,False
damage_only_gv_learning,585,0.627142,0.9,0.88,0.983852,0.964702,0.973484,0.955137,0.958072,True,0.591598,1,0.0,0.971425,False
damage_only_gv_learning,586,0.627142,0.9,0.88,0.974565,0.969375,0.97261,0.965553,0.966728,True,0.591598,1,0.0,0.971077,False
damage_only_gv_learning,587,0.627142,0.9,0.88,0.97947,0.964208,0.976422,0.958984,0.960327,True,0.591598,1,0.0,0.971009,False
damage_only_gv_learning,588,0.627142,0.9,0.88,0.985355,0.960387,0.981993,0.973725,0.964469,True,0.591598,1,0.0,0.976121,False
damage_only_gv_learning,589,0.627142,0.9,0.88,0.992267,0.959043,0.983072,0.965509,0.960579,True,0.591598,1,0.0,0.977083,False
damage_only_gv_learning,590,0.627142,0.9,0.88,0.995124,0.971127,0.972835,0.96491,0.96673,True,0.591598,1,0.0,0.979156,False
damage_only_gv_learning,591,0.627142,0.9,0.88,0.995699,0.971009,0.968691,0.96042,0.962843,True,0.591598,1,0.0,0.977512,False
damage_only_gv_learning,592,0.627142,0.9,0.88,0.993174,0.965986,0.970386,0.956941,0.95968,True,0.591598,1,0.0,0.975086,False
damage_only_gv_learning,593,0.627142,0.9,0.88,0.992064,0.966768,0.968147,0.951926,0.956039,True,0.591598,1,0.0,0.973264,False
damage_only_gv_learning,594,0.627142,0.9,0.88,1.0,0.968586,0.965492,0.952702,0.956416,True,0.591598,1,0.0,0.976282,False
damage_only_gv_learning,595,0.627142,0.9,0.88,1.0,0.967173,0.960978,0.949679,0.953121,True,0.591598,1,0.0,0.974397,False
damage_only_gv_learning,596,0.627142,0.9,0.88,1.0,0.97476,0.956639,0.948156,0.95042,True,0.591598,1,0.0,0.974444,False
damage_only_gv_learning,597,0.627142,0.9,0.88,1.0,0.976428,0.958561,0.953006,0.954172,True,0.591598,1,0.0,0.97622,False
damage_only_gv_learning,598,0.627142,0.9,0.88,1.0,0.97716,0.954731,0.953109,0.952338,True,0.591598,1,0.0,0.975456,False
damage_only_gv_learning,599,0.627142,0.9,0.88,0.999107,0.983577,0.952405,0.949992,0.94899,True,0.591598,1,0.0,0.975015,False
damage_only_gv_learning,600,0.627142,0.9,0.88,0.994624,0.989029,0.956014,0.946326,0.948252,True,0.591598,1,0.0,0.974341,False
damage_only_gv_learning,601,0.627142,0.9,0.88,0.992743,0.991469,0.968726,0.945792,0.952812,True,0.591598,1,0.0,0.976826,False
damage_only_gv_learning,602,0.627142,0.9,0.88,0.995447,0.991882,0.96872,0.942355,0.950454,True,0.591598,1,0.0,0.977162,False
damage_only_gv_learning,603,0.627142,0.9,0.88,0.995645,0.986709,0.975791,0.944765,0.953986,True,0.591598,1,0.0,0.978341,False
damage_only_gv_learning,604,0.627142,0.9,0.88,1.0,0.976111,0.98419,0.941224,0.951327,True,0.591598,1,0.0,0.978785,False
damage_only_gv_learning,605,0.627142,0.9,0.88,0.997804,0.971326,0.992571,0.954213,0.959367,True,0.591598,1,0.0,0.981381,False
damage_only_gv_learning,606,0.627142,0.9,0.88,1.0,0.972571,1.0,0.942976,0.952056,True,0.591598,1,0.0,0.981326,False
damage_only_gv_learning,607,0.627142,0.9,0.88,0.996692,0.959299,0.997837,0.955861,0.954824,True,0.591598,1,0.0,0.979427,False
damage_only_gv_learning,608,0.627142,0.9,0.88,1.0,0.967773,0.997829,0.957974,0.960112,True,0.591598,1,0.0,0.983138,False
damage_only_gv_learning,609,0.627142,0.9,0.88,0.996779,0.97423,0.998261,0.961502,0.965042,True,0.591598,1,0.0,0.98424,False
damage_only_gv_learning,610,0.627142,0.9,0.88,1.0,0.972459,1.0,0.963515,0.965461,True,0.591598,1,0.0,0.98579,False
damage_only_gv_learning,611,0.627142,0.9,0.88,0.992709,0.974434,0.997638,0.965501,0.967679,True,0.591598,1,0.0,0.983494,False
damage_only_gv_learning,612,0.627142,0.9,0.88,0.998248,0.982562,0.993691,0.961651,0.968012,True,0.591598,1,0.0,0.985852,False
damage_only_gv_learning,613,0.627142,0.9,0.88,1.0,0.981996,0.988138,0.970051,0.973679,True,0.591598,1,0.0,0.987273,False
damage_only_gv_learning,614,0.627142,0.9,0.88,1.0,0.98264,0.992402,0.974341,0.976853,True,0.591598,1,0.0,0.989138,False
damage_only_gv_learning,615,0.627142,0.9,0.88,1.0,0.994757,0.994151,0.980557,0.984249,True,0.591598,1,0.0,0.993391,False
damage_only_gv_learning,616,0.627142,0.9,0.88,1.0,0.996041,0.997619,0.985749,0.988662,True,0.591598,1,0.0,0.995503,False
damage_only_gv_learning,617,0.627142,0.9,0.88,1.0,0.995061,0.995345,0.993973,0.994291,True,0.591598,1,0.0,0.996744,False
damage_only_gv_learning,618,0.627142,0.9,0.88,0.99135,0.999991,0.986969,0.982596,0.983572,True,0.591598,1,0.0,0.989958,False
damage_only_gv_learning,619,0.627142,0.9,0.88,0.995129,1.0,0.984725,0.974837,0.977723,True,0.591598,1,0.0,0.989203,False
opportunity_aware_gv,0,0.62,0.9,0.88,0.350302,0.992366,1.0,0.997225,0.993848,True,0.0,0,0.0,0.750614,False
opportunity_aware_gv,1,0.62,0.9,0.88,0.354024,0.994927,1.0,0.995249,0.994754,True,0.0,0,0.0,0.752321,False
opportunity_aware_gv,2,0.62,0.9,0.88,0.358392,0.980513,1.0,0.996299,0.985088,True,0.0,0,0.0,0.750374,False
opportunity_aware_gv,3,0.62,0.9,0.88,0.350577,0.979233,0.993451,1.0,0.983526,True,0.0,0,0.0,0.746325,False
opportunity_aware_gv,4,0.62,0.9,0.88,0.345628,0.983093,0.989881,0.99443,0.985175,True,0.0,0,0.0,0.743915,False
opportunity_aware_gv,5,0.62,0.9,0.88,0.355689,0.987958,0.995292,0.993216,0.989531,True,0.0,0,0.0,0.749941,False
opportunity_aware_gv,6,0.62,0.9,0.88,0.352985,0.989343,0.992273,0.990831,0.989799,True,0.0,0,0.0,0.748317,False
opportunity_aware_gv,7,0.62,0.9,0.88,0.364941,0.992069,1.0,0.986887,0.988401,True,0.0,0,0.0,0.754022,False
opportunity_aware_gv,8,0.62,0.9,0.88,0.373138,0.987687,0.998358,0.976681,0.980053,True,0.0,0,0.0,0.753622,False
opportunity_aware_gv,9,0.62,0.9,0.88,0.3636,0.985469,0.996042,0.977955,0.980183,True,0.0,0,0.0,0.749376,False
opportunity_aware_gv,10,0.62,0.9,0.88,0.371496,0.976194,0.999815,0.97932,0.976205,True,0.0,0,0.0,0.751099,False
opportunity_aware_gv,11,0.62,0.9,0.88,0.380387,0.976808,1.0,0.97582,0.974712,True,0.0,0,0.0,0.753953,False
opportunity_aware_gv,12,0.62,0.9,0.88,0.392339,0.973315,0.993821,0.976212,0.973414,True,0.0,0,0.0,0.756652,False
opportunity_aware_gv,13,0.62,0.9,0.88,0.381036,0.972089,1.0,0.976729,0.97256,True,0.0,0,0.0,0.753219,False
opportunity_aware_gv,14,0.62,0.9,0.88,0.366475,0.975597,1.0,0.973473,0.972793,True,0.0,0,0.0,0.747889,False
opportunity_aware_gv,15,0.62,0.9,0.88,0.370316,0.970008,1.0,0.981491,0.973331,True,0.0,0,0.0,0.74953,False
opportunity_aware_gv,16,0.62,0.9,0.88,0.365855,0.969888,1.0,0.974716,0.970311,True,0.0,0,0.0,0.746502,False
opportunity_aware_gv,17,0.62,0.9,0.88,0.382813,0.974308,0.995932,0.976965,0.974217,True,0.0,0,0.0,0.753793,False
opportunity_aware_gv,18,0.62,0.9,0.88,0.380757,0.984255,0.987606,0.980603,0.981724,True,0.0,0,0.0,0.754714,False
opportunity_aware_gv,19,0.62,0.9,0.88,0.388721,0.976765,0.980306,0.976704,0.976494,True,0.0,0,0.0,0.753905,False
opportunity_aware_gv,20,0.62,0.9,0.88,0.393009,0.969867,0.97569,0.972569,0.970686,True,0.0,0,0.0,0.752186,False
opportunity_aware_gv,21,0.62,0.9,0.88,0.411366,0.965217,0.970594,0.966634,0.965547,True,0.0,0,0.0,0.75596,False
opportunity_aware_gv,22,0.62,0.9,0.88,0.413515,0.960935,0.969344,0.962936,0.961357,True,0.0,0,0.0,0.75476,False
opportunity_aware_gv,23,0.62,0.9,0.88,0.43747,0.965471,0.969752,0.960114,0.961761,True,0.0,0,0.0,0.764406,False
opportunity_aware_gv,24,0.62,0.9,0.88,0.44582,0.970634,0.967908,0.968651,0.968086,True,0.0,0,0.0,0.770131,False
opportunity_aware_gv,25,0.62,0.9,0.88,0.454498,0.973337,0.967856,0.963909,0.965081,True,0.0,0,0.0,0.772881,False
opportunity_aware_gv,26,0.62,0.9,0.88,0.463714,0.971128,0.971507,0.958549,0.961943,True,0.0,0,0.0,0.775516,False
opportunity_aware_gv,27,0.62,0.9,0.88,0.468698,0.964825,0.97106,0.965444,0.964725,True,0.0,0,0.0,0.777494,False
opportunity_aware_gv,28,0.62,0.9,0.88,0.46261,0.965516,0.984772,0.962497,0.962542,True,0.0,0,0.0,0.777098,False
opportunity_aware_gv,29,0.62,0.9,0.88,0.467171,0.963065,0.986218,0.960991,0.960372,True,0.0,0,0.0,0.778179,False
opportunity_aware_gv,30,0.62,0.9,0.88,0.456361,0.964082,0.992047,0.962564,0.961376,True,0.0,0,0.0,0.775645,False
opportunity_aware_gv,31,0.62,0.9,0.88,0.466092,0.968695,0.99194,0.959976,0.96207,True,0.0,0,0.0,0.779874,False
opportunity_aware_gv,32,0.62,0.9,0.88,0.456808,0.968079,0.99307,0.971529,0.96816,True,0.0,0,0.0,0.778787,False
opportunity_aware_gv,33,0.62,0.9,0.88,0.452369,0.960448,0.992049,0.977297,0.965624,True,0.0,0,0.0,0.776046,False
opportunity_aware_gv,34,0.62,0.9,0.88,0.459185,0.960607,0.996602,0.968428,0.962073,True,0.0,0,0.0,0.777817,False
opportunity_aware_gv,35,0.62,0.9,0.88,0.452765,0.96661,0.995076,0.968728,0.965798,True,0.0,0,0.0,0.776672,False
opportunity_aware_gv,36,0.62,0.9,0.88,0.45729,0.970407,1.0,0.978161,0.972206,True,0.0,0,0.0,0.782051,False
opportunity_aware_gv,37,0.62,0.9,0.88,0.47348,0.971897,1.0,0.981421,0.97452,True,0.0,0,0.0,0.789205,False
opportunity_aware_gv,38,0.62,0.9,0.88,0.47741,0.975802,0.999807,0.984483,0.978261,True,0.0,0,0.0,0.792244,False
opportunity_aware_gv,39,0.62,0.9,0.88,0.479703,0.9589,1.0,0.983186,0.966355,True,0.0,0,0.0,0.788498,False
opportunity_aware_gv,40,0.62,0.9,0.88,0.47319,0.958176,0.996624,0.979294,0.964668,True,0.0,0,0.0,0.784537,False
opportunity_aware_gv,41,0.62,0.9,0.88,0.479908,0.971676,1.0,0.986682,0.976285,True,0.0,0,0.0,0.792556,False
opportunity_aware_gv,42,0.62,0.9,0.88,0.483225,0.975127,0.996043,0.984547,0.977969,True,0.0,0,0.0,0.793629,False
opportunity_aware_gv,43,0.62,0.9,0.88,0.494427,0.976315,0.988996,0.98326,0.97845,True,0.0,0,0.0,0.796709,False
opportunity_aware_gv,44,0.62,0.9,0.88,0.497509,0.978594,0.987719,0.985238,0.980576,True,0.0,0,0.0,0.798592,False
opportunity_aware_gv,45,0.62,0.9,0.88,0.502044,0.972059,0.986586,0.988162,0.976108,True,0.0,0,0.0,0.798808,False
opportunity_aware_gv,46,0.62,0.9,0.88,0.502348,0.976244,0.992277,0.987355,0.979592,True,0.0,0,0.0,0.801007,False
opportunity_aware_gv,47,0.62,0.9,0.88,0.514446,0.985275,0.995271,1.0,0.988298,True,0.0,0,0.0,0.810583,False
opportunity_aware_gv,48,0.62,0.9,0.88,0.533918,0.990348,1.0,0.99808,0.992597,True,0.0,0,0.0,0.819994,False
opportunity_aware_gv,49,0.62,0.9,0.88,0.547814,0.984128,0.99902,0.985293,0.983732,True,0.0,0,0.0,0.821125,False
opportunity_aware_gv,50,0.62,0.9,0.88,0.558189,0.983558,0.994155,0.984449,0.983308,True,0.0,0,0.0,0.82392,False
opportunity_aware_gv,51,0.62,0.9,0.88,0.574411,0.975439,0.997673,0.989733,0.979795,True,0.0,0,0.0,0.829575,False
opportunity_aware_gv,52,0.62,0.9,0.88,0.578318,0.977869,0.989667,0.983868,0.979707,True,0.0,0,0.0,0.829224,False
opportunity_aware_gv,53,0.62,0.9,0.88,0.581593,0.974315,0.985226,0.983838,0.977004,True,0.0,0,0.0,0.8287,False
opportunity_aware_gv,54,0.62,0.9,0.88,0.583461,0.98486,0.981517,0.985506,0.982475,True,0.0,0,0.0,0.831531,False
opportunity_aware_gv,55,0.62,0.9,0.88,0.590645,0.980647,0.993663,0.975818,0.97697,True,0.0,0,0.0,0.833672,False
opportunity_aware_gv,56,0.62,0.9,0.88,0.593845,0.984572,1.0,0.981726,0.981942,True,0.0,0,0.0,0.838159,False
opportunity_aware_gv,57,0.62,0.9,0.88,0.601125,0.996262,0.994676,0.995012,0.994737,True,0.0,0,0.0,0.845467,False
opportunity_aware_gv,58,0.62,0.9,0.88,0.600139,0.99102,0.993504,0.983438,0.985681,True,0.0,0,0.0,0.84123,False
opportunity_aware_gv,59,0.62,0.9,0.88,0.600516,0.984857,0.998196,0.982647,0.982728,True,0.0,0,0.0,0.840644,False
opportunity_aware_gv,60,0.62,0.9,0.88,0.600393,0.987464,0.998692,0.978988,0.981522,True,0.0,0,0.0,0.840499,False
opportunity_aware_gv,61,0.62,0.9,0.88,0.602468,0.981023,0.997002,0.983126,0.981024,True,0.0,0,0.0,0.840343,False
opportunity_aware_gv,62,0.62,0.9,0.88,0.603108,0.985681,0.991217,0.977963,0.980334,True,0.0,0,0.0,0.839578,False
opportunity_aware_gv,63,0.62,0.9,0.88,0.617569,0.987112,0.989841,0.987922,0.987319,True,0.0,0,0.0,0.847315,False
opportunity_aware_gv,64,0.62,0.9,0.88,0.630836,1.0,0.987094,0.982232,0.983403,True,0.0,0,0.0,0.852915,False
opportunity_aware_gv,65,0.62,0.9,0.88,0.631323,0.995154,1.0,0.984704,0.98786,True,0.0,0,0.0,0.855432,False
opportunity_aware_gv,66,0.62,0.9,0.88,0.630108,0.99184,1.0,0.97513,0.980192,True,0.0,0,0.0,0.852114,False
opportunity_aware_gv,67,0.62,0.9,0.88,0.622337,0.990614,1.0,0.973667,0.978831,True,0.0,0,0.0,0.848571,False
opportunity_aware_gv,68,0.62,0.9,0.88,0.625039,0.998687,0.990492,0.978912,0.982468,True,0.0,0,0.0,0.850511,False
opportunity_aware_gv,69,0.62,0.9,0.88,0.634918,0.993812,0.990938,0.978961,0.982437,True,0.0,0,0.0,0.853471,False
opportunity_aware_gv,70,0.62,0.9,0.88,0.627154,0.990525,0.992003,0.975083,0.979366,True,0.0,0,0.0,0.849209,False
opportunity_aware_gv,71,0.62,0.9,0.88,0.614548,0.988599,0.998396,0.980098,0.982677,True,0.0,0,0.0,0.846322,False
opportunity_aware_gv,72,0.62,0.9,0.88,0.617491,0.99042,0.993477,0.990472,0.990242,True,0.0,0,0.0,0.849243,False
opportunity_aware_gv,73,0.62,0.9,0.88,0.62129,1.0,0.989601,0.983266,0.985092,True,0.0,0,0.0,0.850087,False
opportunity_aware_gv,74,0.62,0.9,0.88,0.622014,1.0,0.988242,0.978635,0.981533,True,0.0,0,0.0,0.849042,False
opportunity_aware_gv,75,0.62,0.9,0.88,0.633614,1.0,0.985699,0.968053,0.973478,True,0.0,0,0.0,0.850544,False
opportunity_aware_gv,76,0.62,0.9,0.88,0.649864,1.0,0.986543,0.980273,0.981943,True,0.0,0,0.0,0.859597,False
opportunity_aware_gv,77,0.62,0.9,0.88,0.652057,0.999895,0.983474,0.979186,0.979932,True,0.0,0,0.0,0.859466,False
opportunity_aware_gv,78,0.62,0.9,0.88,0.642614,0.989562,0.990501,0.970474,0.975669,True,0.0,0,0.0,0.853551,False
opportunity_aware_gv,79,0.62,0.9,0.88,0.639251,1.0,0.98861,0.962006,0.970007,True,0.0,0,0.0,0.851947,False
opportunity_aware_gv,80,0.62,0.9,0.88,0.652946,0.994564,0.986979,0.957768,0.966287,True,0.0,0,0.0,0.854839,False
opportunity_aware_gv,81,0.62,0.9,0.88,0.656288,0.992627,0.976476,0.955614,0.962027,True,0.0,0,0.0,0.853057,False
opportunity_aware_gv,82,0.62,0.9,0.88,0.657097,0.990894,0.971632,0.953351,0.95893,True,0.0,0,0.0,0.851492,False
opportunity_aware_gv,83,0.62,0.9,0.88,0.650459,0.995506,0.972808,0.95629,0.961203,True,0.0,0,0.0,0.850696,False
opportunity_aware_gv,84,0.62,0.9,0.88,0.650125,0.995613,0.97054,0.959655,0.962472,True,0.0,0,0.0,0.850803,False
opportunity_aware_gv,85,0.62,0.9,0.88,0.669986,0.997421,0.959995,0.967904,0.961417,True,0.0,0,0.0,0.857806,False
opportunity_aware_gv,86,0.62,0.9,0.88,0.688562,1.0,0.958223,0.973247,0.96247,True,0.0,0,0.0,0.865885,False
opportunity_aware_gv,87,0.62,0.9,0.88,0.691063,1.0,0.966217,0.979461,0.970079,True,0.0,0,0.0,0.870057,False
opportunity_aware_gv,88,0.62,0.9,0.88,0.71341,0.99781,0.957638,0.971619,0.961536,True,0.0,0,0.0,0.874488,False
opportunity_aware_gv,89,0.62,0.9,0.88,0.715277,0.998833,0.955718,0.969797,0.959524,True,0.0,0,0.0,0.874539,False
opportunity_aware_gv,90,0.62,0.9,0.88,0.721526,0.998286,0.959723,0.972785,0.963319,True,0.0,0,0.0,0.87841,False
opportunity_aware_gv,91,0.62,0.9,0.88,0.712337,0.989065,0.979151,0.982511,0.980077,True,0.0,0,0.0,0.880128,False
opportunity_aware_gv,92,0.62,0.9,0.88,0.70942,0.989466,0.974916,0.97519,0.974081,True,0.0,0,0.0,0.876585,False
opportunity_aware_gv,93,0.62,0.9,0.88,0.722509,0.994843,0.969886,0.974082,0.970329,True,0.0,0,0.0,0.881016,False
opportunity_aware_gv,94,0.62,0.9,0.88,0.720421,0.995483,0.973245,0.977244,0.973764,True,0.0,0,0.0,0.881797,False
opportunity_aware_gv,95,0.62,0.9,0.88,0.717672,0.992319,0.967286,0.968593,0.966287,True,0.0,0,0.0,0.877002,False
opportunity_aware_gv,96,0.62,0.9,0.88,0.726682,0.984279,0.969954,0.97429,0.971076,True,0.0,0,0.0,0.880831,False
opportunity_aware_gv,97,0.62,0.9,0.88,0.726997,0.994652,0.974213,0.963877,0.966711,True,0.0,0,0.0,0.881603,False
opportunity_aware_gv,98,0.62,0.9,0.88,0.723495,0.998968,0.970884,0.964697,0.965507,True,0.0,0,0.0,0.88042,False
opportunity_aware_gv,99,0.62,0.9,0.88,0.726001,0.995597,0.97046,0.958756,0.961873,True,0.0,0,0.0,0.879421,False
opportunity_aware_gv,100,0.62,0.9,0.88,0.729883,0.986036,0.977348,0.958997,0.964547,True,0.0,0,0.0,0.88077,False
opportunity_aware_gv,101,0.62,0.9,0.88,0.738479,0.988446,0.985053,0.958529,0.965974,True,0.0,0,0.0,0.885963,False
opportunity_aware_gv,102,0.62,0.9,0.88,0.741943,0.991856,0.987946,0.96728,0.973195,True,0.0,0,0.0,0.890505,False
opportunity_aware_gv,103,0.62,0.9,0.88,0.740879,0.988264,0.988027,0.96375,0.970238,True,0.0,0,0.0,0.88862,False
opportunity_aware_gv,104,0.62,0.9,0.88,0.726335,0.979339,1.0,0.960953,0.966539,True,0.0,0,0.0,0.882806,False
opportunity_aware_gv,105,0.62,0.9,0.88,0.73204,0.979691,0.990996,0.962211,0.967567,True,0.0,0,0.0,0.883716,False
opportunity_aware_gv,106,0.62,0.9,0.88,0.746981,0.981976,0.984388,0.957658,0.964412,True,0.0,0,0.0,0.8876,False
opportunity_aware_gv,107,0.62,0.9,0.88,0.759686,0.992334,0.986055,0.957173,0.965506,True,0.0,0,0.0,0.894656,False
opportunity_aware_gv,108,0.62,0.9,0.88,0.754338,0.992887,0.989272,0.953345,0.96333,True,0.0,0,0.0,0.892505,False
opportunity_aware_gv,109,0.62,0.9,0.88,0.751108,1.0,1.0,0.955504,0.967339,True,0.0,0,0.0,0.895272,False
opportunity_aware_gv,110,0.62,0.9,0.88,0.748789,1.0,0.996699,0.956323,0.967462,True,0.0,0,0.0,0.893926,False
opportunity_aware_gv,111,0.62,0.9,0.88,0.748027,0.998862,0.99569,0.955794,0.96679,True,0.0,0,0.0,0.893096,False
opportunity_aware_gv,112,0.62,0.9,0.88,0.756604,0.988274,1.0,0.957999,0.96705,True,0.0,0,0.0,0.895565,False
opportunity_aware_gv,113,0.62,0.9,0.88,0.764885,0.984395,0.994514,0.953129,0.962373,True,0.0,0,0.0,0.895783,False
opportunity_aware_gv,114,0.62,0.9,0.88,0.772959,0.981384,0.998334,0.940398,0.952699,True,0.0,0,0.0,0.896053,False
opportunity_aware_gv,115,0.62,0.9,0.88,0.784776,0.980944,0.993412,0.938334,0.950853,True,0.0,0,0.0,0.899068,False
opportunity_aware_gv,116,0.62,0.9,0.88,0.779161,0.987888,0.990124,0.937489,0.951177,True,0.0,0,0.0,0.897513,False
opportunity_aware_gv,117,0.62,0.9,0.88,0.768595,0.99541,0.994139,0.931674,0.948453,True,0.0,0,0.0,0.894433,False
opportunity_aware_gv,118,0.62,0.9,0.88,0.770841,0.988378,0.982298,0.932871,0.94672,True,0.0,0,0.0,0.89185,False
opportunity_aware_gv,119,0.62,0.9,0.88,0.778056,0.993995,0.973535,0.935333,0.946956,True,0.0,0,0.0,0.894398,False
opportunity_aware_gv,120,0.62,0.9,0.88,0.779838,0.992914,0.970406,0.919263,0.934667,True,0.0,0,0.0,0.890593,False
opportunity_aware_gv,121,0.62,0.9,0.88,0.784958,0.984231,0.974177,0.919122,0.934851,True,0.0,0,0.0,0.891657,False
opportunity_aware_gv,122,0.62,0.9,0.88,0.781291,0.98795,0.970191,0.915089,0.931376,True,0.0,0,0.0,0.889233,False
opportunity_aware_gv,123,0.62,0.9,0.88,0.78234,0.987444,0.975285,0.913758,0.931413,True,0.0,0,0.0,0.890276,False
opportunity_aware_gv,124,0.62,0.9,0.88,0.787266,0.978591,0.97739,0.911941,0.929505,True,0.0,0,0.0,0.89045,False
opportunity_aware_gv,125,0.62,0.9,0.88,0.794119,0.981753,0.96846,0.914094,0.92989,True,0.0,0,0.0,0.892364,False
opportunity_aware_gv,126,0.62,0.9,0.88,0.796304,0.968436,0.960209,0.923934,0.934427,True,0.0,0,0.0,0.891234,False
opportunity_aware_gv,127,0.62,0.9,0.88,0.795953,0.963978,0.954957,0.927531,0.935648,True,0.0,0,0.0,0.890003,False
opportunity_aware_gv,128,0.62,0.9,0.88,0.810807,0.964004,0.956728,0.921483,0.931622,True,0.0,0,0.0,0.894641,False
opportunity_aware_gv,129,0.62,0.9,0.88,0.814703,0.962901,0.955177,0.925918,0.934459,True,0.0,0,0.0,0.896605,False
opportunity_aware_gv,130,0.62,0.9,0.88,0.818342,0.970935,0.960319,0.934758,0.942431,True,0.0,0,0.0,0.902554,False
opportunity_aware_gv,131,0.62,0.9,0.88,0.819167,0.970634,0.964847,0.941567,0.948338,True,0.0,0,0.0,0.90529,False
opportunity_aware_gv,132,0.62,0.9,0.88,0.82866,0.968179,0.971266,0.949503,0.95481,True,0.0,0,0.0,0.911499,False
opportunity_aware_gv,133,0.62,0.9,0.88,0.832214,0.973461,0.966807,0.952283,0.956668,True,0.0,0,0.0,0.913609,False
opportunity_aware_gv,134,0.62,0.9,0.88,0.824058,0.977145,0.96036,0.951219,0.953782,True,0.0,0,0.0,0.909517,False
opportunity_aware_gv,135,0.62,0.9,0.88,0.820692,0.97836,0.962008,0.947835,0.952132,True,0.0,0,0.0,0.908082,False
opportunity_aware_gv,136,0.62,0.9,0.88,0.817059,0.99277,0.962548,0.94245,0.948344,True,0.0,0,0.0,0.908184,False
opportunity_aware_gv,137,0.62,0.9,0.88,0.828719,0.990542,0.955545,0.949385,0.949751,True,0.0,0,0.0,0.912093,False
opportunity_aware_gv,138,0.62,0.9,0.88,0.836427,0.996454,0.958592,0.965355,0.959453,True,0.0,0,0.0,0.920034,False
opportunity_aware_gv,139,0.62,0.9,0.88,0.832363,0.99503,0.973463,0.977234,0.973915,True,0.0,0,0.0,0.924309,False
opportunity_aware_gv,140,0.62,0.9,0.88,0.82849,0.991121,0.969328,0.973251,0.969838,True,0.0,0,0.0,0.920343,False
opportunity_aware_gv,141,0.62,0.9,0.88,0.82902,0.990732,0.97494,0.964112,0.967304,True,0.0,0,0.0,0.919901,False
opportunity_aware_gv,142,0.62,0.9,0.88,0.822725,0.989257,0.972211,0.961415,0.964552,True,0.0,0,0.0,0.916044,False
opportunity_aware_gv,143,0.62,0.9,0.88,0.826975,0.988277,0.975311,0.957419,0.962915,True,0.0,0,0.0,0.917285,False
opportunity_aware_gv,144,0.62,0.9,0.88,0.827805,0.985744,0.97132,0.957311,0.961592,True,0.0,0,0.0,0.916252,False
opportunity_aware_gv,145,0.62,0.9,0.88,0.829778,0.979327,0.977736,0.955825,0.961847,True,0.0,0,0.0,0.916824,False
opportunity_aware_gv,146,0.62,0.9,0.88,0.827413,0.987663,0.974893,0.965603,0.968366,True,0.0,0,0.0,0.919065,False
opportunity_aware_gv,147,0.62,0.9,0.88,0.82755,0.996451,0.976693,0.980316,0.977186,True,0.0,0,0.0,0.924141,False
opportunity_aware_gv,148,0.62,0.9,0.88,0.832803,0.994948,0.978969,0.992367,0.982808,True,0.0,0,0.0,0.928639,False
opportunity_aware_gv,149,0.62,0.9,0.88,0.822181,0.990334,0.984512,0.982948,0.98323,True,0.0,0,0.0,0.923501,False
opportunity_aware_gv,150,0.62,0.9,0.88,0.828875,1.0,0.991273,0.985669,0.987302,True,0.0,0,0.0,0.929871,False
opportunity_aware_gv,151,0.62,0.9,0.88,0.835666,0.99724,0.98468,0.982705,0.982737,True,0.0,0,0.0,0.929806,False
opportunity_aware_gv,152,0.62,0.9,0.88,0.839546,0.984515,0.983845,0.983421,0.983544,True,0.0,0,0.0,0.929037,False
opportunity_aware_gv,153,0.62,0.9,0.88,0.85504,0.986117,0.978897,0.973035,0.974802,True,0.0,0,0.0,0.931819,False
opportunity_aware_gv,154,0.62,0.9,0.88,0.850568,0.991755,0.987946,0.96462,0.971244,True,0.0,0,0.0,0.931158,False
opportunity_aware_gv,155,0.62,0.9,0.88,0.863389,0.998129,0.975747,0.960612,0.965063,True,0.0,0,0.0,0.933679,False
opportunity_aware_gv,156,0.62,0.9,0.88,0.870057,1.0,0.960324,0.960048,0.957504,True,0.0,0,0.0,0.932787,False
opportunity_aware_gv,157,0.62,0.9,0.88,0.87372,1.0,0.959384,0.954953,0.954214,True,0.0,0,0.0,0.932902,False
opportunity_aware_gv,158,0.62,0.9,0.88,0.876617,1.0,0.964842,0.956887,0.957987,True,0.0,0,0.0,0.935709,False
opportunity_aware_gv,159,0.62,0.9,0.88,0.876098,0.991336,0.968812,0.959003,0.961545,True,0.0,0,0.0,0.93539,False
opportunity_aware_gv,160,0.82,0.9,0.88,0.993164,0.981387,0.951185,0.941413,0.943532,True,0.652799,1,0.0,0.970287,False
opportunity_aware_gv,161,0.630163,0.906,0.888,1.0,0.975367,0.966302,0.939591,0.947512,True,0.652799,1,0.0,0.974745,False
opportunity_aware_gv,162,0.630163,0.906,0.888,1.0,0.985633,0.962961,0.94162,0.948129,True,0.652799,1,0.0,0.976349,False
opportunity_aware_gv,163,0.630163,0.906,0.888,1.0,0.992693,0.961211,0.94398,0.948818,True,0.652799,1,0.0,0.977718,False
opportunity_aware_gv,164,0.630163,0.906,0.888,0.996879,0.99636,0.961126,0.946991,0.950514,True,0.652799,1,0.0,0.977802,False
opportunity_aware_gv,165,0.630163,0.906,0.888,0.993093,0.994911,0.963228,0.948056,0.952139,True,0.652799,1,0.0,0.976825,False
opportunity_aware_gv,166,0.630163,0.906,0.888,1.0,0.996812,0.959815,0.944759,0.948539,True,0.652799,1,0.0,0.978284,False
opportunity_aware_gv,167,0.630163,0.906,0.888,0.994442,0.997597,0.963255,0.944643,0.949854,True,0.652799,1,0.0,0.977074,False
opportunity_aware_gv,168,0.630163,0.906,0.888,0.990683,0.994394,0.960163,0.954364,0.954627,True,0.652799,1,0.0,0.976446,False
opportunity_aware_gv,169,0.630163,0.906,0.888,0.989013,0.995213,0.965434,0.953744,0.956624,True,0.652799,1,0.0,0.977061,False
opportunity_aware_gv,170,0.630163,0.906,0.888,0.981365,1.0,0.966477,0.954923,0.95755,True,0.652799,1,0.0,0.97548,False
opportunity_aware_gv,171,0.630163,0.906,0.888,0.974063,0.99,0.962963,0.959878,0.959445,True,0.652799,1,0.0,0.971194,False
opportunity_aware_gv,172,0.630163,0.906,0.888,0.964196,0.984863,0.961828,0.959077,0.958762,True,0.652799,1,0.0,0.966121,False
opportunity_aware_gv,173,0.630163,0.906,0.888,0.974977,0.992838,0.975072,0.950625,0.958136,True,0.652799,1,0.0,0.972779,False
opportunity_aware_gv,174,0.630163,0.906,0.888,0.983086,0.990341,0.981027,0.953434,0.961613,True,0.652799,1,0.0,0.977293,False
opportunity_aware_gv,175,0.630163,0.906,0.888,0.993948,0.997014,0.979157,0.954326,0.961953,True,0.652799,1,0.0,0.982451,False
opportunity_aware_gv,176,0.630163,0.906,0.888,0.984422,1.0,0.98429,0.953704,0.962992,True,0.652799,1,0.0,0.98033,False
opportunity_aware_gv,177,0.630163,0.906,0.888,0.981899,0.988971,0.990833,0.947501,0.958766,True,0.652799,1,0.0,0.977188,False
opportunity_aware_gv,178,0.630163,0.906,0.888,0.986069,0.991634,0.996214,0.95265,0.963552,True,0.652799,1,0.0,0.981516,False
opportunity_aware_gv,179,0.630163,0.906,0.888,0.982264,0.993664,0.987301,0.963525,0.970471,True,0.652799,1,0.0,0.981184,False
opportunity_aware_gv,180,0.630163,0.906,0.888,0.982013,0.985952,0.983322,0.964762,0.969996,True,0.652799,1,0.0,0.9791,False
opportunity_aware_gv,181,0.630163,0.906,0.888,0.993687,0.987759,0.981074,0.965078,0.969882,True,0.652799,1,0.0,0.983488,False
opportunity_aware_gv,182,0.630163,0.906,0.888,1.0,0.981315,0.97759,0.969034,0.971609,True,0.652799,1,0.0,0.984861,False
opportunity_aware_gv,183,0.630163,0.906,0.888,0.994118,0.986402,0.972955,0.977839,0.974341,True,0.652799,1,0.0,0.984267,False
opportunity_aware_gv,184,0.630163,0.906,0.888,0.987583,0.983659,0.970534,0.979501,0.973243,True,0.652799,1,0.0,0.980955,False
opportunity_aware_gv,185,0.630163,0.906,0.888,0.98094,0.975811,0.974763,0.981868,0.974819,True,0.652799,1,0.0,0.9783,False
opportunity_aware_gv,186,0.630163,0.906,0.888,0.985626,0.972865,0.976667,0.997674,0.973128,True,0.652799,1,0.0,0.981903,False
opportunity_aware_gv,187,0.630163,0.906,0.888,0.985839,0.970585,0.960244,1.0,0.962628,True,0.652799,1,0.0,0.977684,False
opportunity_aware_gv,188,0.630163,0.906,0.888,0.98401,0.962927,0.954573,1.0,0.955719,True,0.652799,1,0.0,0.97376,False
opportunity_aware_gv,189,0.630163,0.906,0.888,0.992063,0.964622,0.961814,1.0,0.960708,True,0.652799,1,0.0,0.979027,False
opportunity_aware_gv,190,0.630163,0.906,0.888,0.977866,0.958337,0.960839,1.0,0.956843,True,0.652799,1,0.0,0.971862,False
opportunity_aware_gv,191,0.630163,0.906,0.888,0.979073,0.955989,0.950351,1.0,0.949914,True,0.652799,1,0.0,0.969179,False
opportunity_aware_gv,192,0.630163,0.906,0.888,1.0,0.952948,0.964557,1.0,0.95549,True,0.652799,1,0.0,0.97981,False
opportunity_aware_gv,193,0.630163,0.906,0.888,1.0,0.959069,0.964329,1.0,0.959011,True,0.652799,1,0.0,0.981293,False
opportunity_aware_gv,194,0.630163,0.906,0.888,1.0,0.960268,0.958411,0.999539,0.956618,True,0.652799,1,0.0,0.980092,False
opportunity_aware_gv,195,0.630163,0.906,0.888,0.987512,0.962543,0.959149,0.991774,0.958707,True,0.652799,1,0.0,0.975052,False
opportunity_aware_gv,196,0.630163,0.906,0.888,0.987538,0.975311,0.961765,0.998251,0.965642,True,0.652799,1,0.0,0.97957,False
opportunity_aware_gv,197,0.630163,0.906,0.888,0.975067,0.980128,0.959028,0.996293,0.965514,True,0.652799,1,0.0,0.974917,False
opportunity_aware_gv,198,0.630163,0.906,0.888,0.97817,0.987149,0.965924,1.0,0.972415,True,0.652799,1,0.0,0.979948,False
opportunity_aware_gv,199,0.630163,0.906,0.888,0.964324,0.980395,0.956155,1.0,0.963607,True,0.652799,1,0.0,0.970655,False
opportunity_aware_gv,200,0.630163,0.906,0.888,0.962931,0.979717,0.959841,0.991088,0.965906,True,0.652799,1,0.0,0.969695,False
opportunity_aware_gv,201,0.630163,0.906,0.888,0.965462,0.987553,0.960962,0.986621,0.967906,True,0.652799,1,0.0,0.971884,False
opportunity_aware_gv,202,0.630163,0.906,0.888,0.975604,0.983532,0.955315,0.976753,0.961644,True,0.652799,1,0.0,0.971865,False
opportunity_aware_gv,203,0.630163,0.906,0.888,0.970435,0.982621,0.94948,0.978604,0.957683,True,0.652799,1,0.0,0.96847,False
opportunity_aware_gv,204,0.630163,0.906,0.888,0.990732,0.972946,0.952051,0.980327,0.958262,True,0.652799,1,0.0,0.975215,False
opportunity_aware_gv,205,0.630163,0.906,0.888,0.994014,0.978421,0.95415,0.989258,0.961466,True,0.652799,1,0.0,0.97946,False
opportunity_aware_gv,206,0.630163,0.906,0.888,0.989797,0.987956,0.961076,0.992841,0.968753,True,0.652799,1,0.0,0.982197,False
opportunity_aware_gv,207,0.630163,0.906,0.888,0.976985,0.993111,0.968697,0.989116,0.974553,True,0.652799,1,0.0,0.979802,False
opportunity_aware_gv,208,0.630163,0.906,0.888,0.981077,0.980173,0.971977,0.985142,0.974483,True,0.652799,1,0.0,0.979054,False
opportunity_aware_gv,209,0.630163,0.906,0.888,0.987981,0.977214,0.98188,0.99125,0.978487,True,0.652799,1,0.0,0.984263,False
opportunity_aware_gv,210,0.630163,0.906,0.888,0.989285,0.981038,0.980269,0.989521,0.980046,True,0.652799,1,0.0,0.985102,False
opportunity_aware_gv,211,0.630163,0.906,0.888,0.98328,0.968243,0.98233,0.97792,0.971163,True,0.652799,1,0.0,0.978198,False
opportunity_aware_gv,212,0.630163,0.906,0.888,0.971628,0.959359,0.985448,0.977286,0.964769,True,0.652799,1,0.0,0.971876,False
opportunity_aware_gv,213,0.630163,0.906,0.888,0.963621,0.956713,0.988168,0.977694,0.963075,True,0.652799,1,0.0,0.968701,False
opportunity_aware_gv,214,0.630163,0.906,0.888,0.973862,0.956572,0.97743,0.973861,0.961546,True,0.652799,1,0.0,0.969914,False
opportunity_aware_gv,215,0.630163,0.906,0.888,0.970171,0.951622,0.978564,0.989272,0.959689,True,0.652799,1,0.0,0.969759,False
opportunity_aware_gv,216,0.630163,0.906,0.888,0.972669,0.945283,0.986704,0.994861,0.957167,True,0.652799,1,0.0,0.971513,False
opportunity_aware_gv,217,0.630163,0.906,0.888,0.986068,0.944454,0.985312,1.0,0.956613,True,0.652799,1,0.0,0.976857,False
opportunity_aware_gv,218,0.630163,0.906,0.888,0.970835,0.948945,0.982287,1.0,0.959086,True,0.652799,1,0.0,0.971629,False
opportunity_aware_gv,219,0.630163,0.906,0.888,0.959432,0.952177,0.984113,1.0,0.961859,True,0.652799,1,0.0,0.968539,False
opportunity_aware_gv,220,0.630163,0.906,0.888,0.97392,0.956176,0.984754,1.0,0.96487,True,0.652799,1,0.0,0.975241,False
opportunity_aware_gv,221,0.630163,0.906,0.888,0.983761,0.958803,0.987832,1.0,0.967523,True,0.652799,1,0.0,0.980326,False
opportunity_aware_gv,222,0.630163,0.906,0.888,1.0,0.955615,0.995148,0.999245,0.966614,True,0.652799,1,0.0,0.987025,False
opportunity_aware_gv,223,0.630163,0.906,0.888,1.0,0.953742,0.998767,0.999817,0.965853,True,0.652799,1,0.0,0.987328,False
opportunity_aware_gv,224,0.630163,0.906,0.888,1.0,0.96175,1.0,1.0,0.971923,True,0.652799,1,0.0,0.989746,False
opportunity_aware_gv,225,0.630163,0.906,0.888,1.0,0.959498,1.0,0.998946,0.970126,True,0.652799,1,0.0,0.988977,False
opportunity_aware_gv,226,0.630163,0.906,0.888,1.0,0.958136,0.998545,1.0,0.96907,True,0.652799,1,0.0,0.988491,False
opportunity_aware_gv,227,0.630163,0.906,0.888,0.99573,0.957445,0.994,0.995019,0.967299,True,0.652799,1,0.0,0.985016,False
opportunity_aware_gv,228,0.630163,0.906,0.888,0.99668,0.962309,0.996113,0.988836,0.970071,True,0.652799,1,0.0,0.9861,False
opportunity_aware_gv,229,0.630163,0.906,0.888,1.0,0.958097,1.0,0.991151,0.967755,True,0.652799,1,0.0,0.987349,False
opportunity_aware_gv,230,0.630163,0.906,0.888,1.0,0.959271,1.0,0.992556,0.968891,True,0.652799,1,0.0,0.987894,False
opportunity_aware_gv,231,0.630163,0.906,0.888,0.986314,0.963726,0.997758,0.99746,0.972737,True,0.652799,1,0.0,0.984239,False
opportunity_aware_gv,232,0.630163,0.906,0.888,0.986053,0.971014,0.999058,0.998522,0.9784,True,0.652799,1,0.0,0.986514,False
opportunity_aware_gv,233,0.630163,0.906,0.888,1.0,0.967654,0.997152,0.991145,0.974498,True,0.652799,1,0.0,0.989365,False
opportunity_aware_gv,234,0.630163,0.906,0.888,0.997863,0.965859,0.994141,0.991802,0.97304,True,0.652799,1,0.0,0.987605,False
opportunity_aware_gv,235,0.630163,0.906,0.888,0.982438,0.969688,0.981645,0.997187,0.973271,True,0.652799,1,0.0,0.980965,False
opportunity_aware_gv,236,0.630163,0.906,0.888,0.983645,0.978446,0.982082,1.0,0.978834,True,0.652799,1,0.0,0.98414,False
opportunity_aware_gv,237,0.630163,0.906,0.888,0.967247,0.97865,0.992898,1.0,0.98297,True,0.652799,1,0.0,0.980389,False
opportunity_aware_gv,238,0.630163,0.906,0.888,0.972398,0.985154,0.992609,1.0,0.987436,True,0.652799,1,0.0,0.984001,False
opportunity_aware_gv,239,0.630163,0.906,0.888,0.982939,0.990196,0.988645,0.997453,0.988835,True,0.652799,1,0.0,0.988012,False
opportunity_aware_gv,240,0.630163,0.906,0.888,0.975988,0.996616,0.989873,0.999563,0.991903,True,0.652799,1,0.0,0.987411,False
opportunity_aware_gv,241,0.630163,0.906,0.888,0.983757,0.998447,0.989811,1.0,0.992276,True,0.652799,1,0.0,0.990787,False
opportunity_aware_gv,242,0.630163,0.906,0.888,0.981542,0.997045,0.987349,1.0,0.990205,True,0.652799,1,0.0,0.989001,False
opportunity_aware_gv,243,0.630163,0.906,0.888,0.976315,1.0,0.985153,1.0,0.989102,True,0.652799,1,0.0,0.987019,False
opportunity_aware_gv,244,0.630163,0.906,0.888,0.963076,0.998578,0.982184,1.0,0.986715,True,0.652799,1,0.0,0.980912,False
opportunity_aware_gv,245,0.630163,0.906,0.888,0.964978,0.997881,0.989139,1.0,0.991678,True,0.652799,1,0.0,0.983357,False
opportunity_aware_gv,246,0.630163,0.906,0.888,0.968682,1.0,0.99052,0.996913,0.992455,True,0.652799,1,0.0,0.985055,False
opportunity_aware_gv,247,0.630163,0.906,0.888,0.959731,0.997198,0.99017,0.993677,0.991243,True,0.652799,1,0.0,0.980488,False
opportunity_aware_gv,248,0.630163,0.906,0.888,0.957704,0.9918,0.994158,1.0,0.992389,True,0.652799,1,0.0,0.980486,False
opportunity_aware_gv,249,0.630163,0.906,0.888,0.962174,0.98063,0.985496,0.996467,0.981901,True,0.652799,1,0.0,0.976862,False
opportunity_aware_gv,250,0.630163,0.906,0.888,0.958465,0.976347,0.986172,0.996802,0.979341,True,0.652799,1,0.0,0.974543,False
opportunity_aware_gv,251,0.630163,0.906,0.888,0.976876,0.975505,0.987292,0.994493,0.979111,True,0.652799,1,0.0,0.981239,False
opportunity_aware_gv,252,0.630163,0.906,0.888,0.989276,0.986264,0.983122,1.0,0.983566,True,0.652799,1,0.0,0.988442,False
opportunity_aware_gv,253,0.630163,0.906,0.888,0.999593,0.986148,0.982535,1.0,0.983163,True,0.652799,1,0.0,0.992188,False
opportunity_aware_gv,254,0.630163,0.906,0.888,1.0,0.987779,0.982447,0.985241,0.983305,True,0.652799,1,0.0,0.990571,False
opportunity_aware_gv,255,0.630163,0.906,0.888,0.999367,0.98156,0.987888,0.977849,0.978909,True,0.652799,1,0.0,0.988628,False
opportunity_aware_gv,256,0.630163,0.906,0.888,0.998191,0.989373,0.984623,0.981266,0.98226,True,0.652799,1,0.0,0.98988,False
opportunity_aware_gv,257,0.630163,0.906,0.888,1.0,0.994811,0.98491,0.971682,0.975747,True,0.652799,1,0.0,0.989475,False
opportunity_aware_gv,258,0.630163,0.906,0.888,1.0,0.996692,0.980963,0.979425,0.979061,True,0.652799,1,0.0,0.990585,False
opportunity_aware_gv,259,0.630163,0.906,0.888,0.995157,0.994048,0.993138,0.984064,0.986585,True,0.652799,1,0.0,0.992012,False
opportunity_aware_gv,260,0.630163,0.906,0.888,0.989345,0.990103,0.989267,0.985676,0.986716,True,0.652799,1,0.0,0.988638,False
opportunity_aware_gv,261,0.630163,0.906,0.888,0.987949,0.988233,0.984843,0.985051,0.984724,True,0.652799,1,0.0,0.986648,False
opportunity_aware_gv,262,0.630163,0.906,0.888,0.978365,0.990685,0.993604,0.984426,0.986317,True,0.652799,1,0.0,0.985128,False
opportunity_aware_gv,263,0.630163,0.906,0.888,0.988279,0.985075,0.993671,0.978681,0.980588,True,0.652799,1,0.0,0.986406,False
opportunity_aware_gv,264,0.630163,0.906,0.888,0.989584,0.977968,0.993802,0.986047,0.980444,True,0.652799,1,0.0,0.98666,False
opportunity_aware_gv,265,0.630163,0.906,0.888,0.992853,0.984782,0.996392,0.984191,0.98368,True,0.652799,1,0.0,0.989724,False
opportunity_aware_gv,266,0.630163,0.906,0.888,1.0,0.97897,1.0,0.987913,0.981636,True,0.652799,1,0.0,0.992319,False
opportunity_aware_gv,267,0.630163,0.906,0.888,1.0,0.992434,1.0,0.98522,0.987422,True,0.652799,1,0.0,0.995059,False
opportunity_aware_gv,268,0.630163,0.906,0.888,1.0,0.991681,1.0,0.990126,0.990251,True,0.652799,1,0.0,0.99595,False
opportunity_aware_gv,269,0.630163,0.906,0.888,1.0,0.99087,1.0,0.991933,0.990802,True,0.652799,1,0.0,0.996123,False
opportunity_aware_gv,270,0.630163,0.906,0.888,1.0,0.986661,0.999648,0.989497,0.987197,True,0.652799,1,0.0,0.994529,False
opportunity_aware_gv,271,0.630163,0.906,0.888,1.0,0.998153,0.989387,0.989686,0.988955,True,0.652799,1,0.0,0.994988,False
opportunity_aware_gv,272,0.630163,0.906,0.888,1.0,0.992435,0.981173,0.981742,0.980713,True,0.652799,1,0.0,0.990379,False
opportunity_aware_gv,273,0.630163,0.906,0.888,0.994659,0.989677,0.994398,0.977915,0.981439,True,0.652799,1,0.0,0.989785,False
opportunity_aware_gv,274,0.630163,0.906,0.888,1.0,0.996099,0.986586,0.974335,0.978101,True,0.652799,1,0.0,0.990662,False
opportunity_aware_gv,275,0.630163,0.906,0.888,1.0,0.991654,0.98405,0.977666,0.979597,True,0.652799,1,0.0,0.990052,False
opportunity_aware_gv,276,0.630163,0.906,0.888,1.0,0.98684,0.981363,0.979668,0.980022,True,0.652799,1,0.0,0.989033,False
opportunity_aware_gv,277,0.630163,0.906,0.888,1.0,0.987124,0.975799,0.991492,0.979183,True,0.652799,1,0.0,0.989637,False
opportunity_aware_gv,278,0.630163,0.906,0.888,1.0,0.987711,0.977078,0.98276,0.978823,True,0.652799,1,0.0,0.988707,False
opportunity_aware_gv,279,0.630163,0.906,0.888,1.0,0.988569,0.979043,0.975812,0.976538,True,0.652799,1,0.0,0.987969,False
opportunity_aware_gv,280,0.630163,0.906,0.888,1.0,0.999373,0.97598,0.980608,0.976723,True,0.652799,1,0.0,0.990055,False
opportunity_aware_gv,281,0.630163,0.906,0.888,1.0,1.0,0.974022,0.988667,0.978524,True,0.652799,1,0.0,0.99116,False
opportunity_aware_gv,282,0.630163,0.906,0.888,0.995156,1.0,0.974745,0.997259,0.98105,True,0.652799,1,0.0,0.990956,False
opportunity_aware_gv,283,0.630163,0.906,0.888,0.996906,1.0,0.983041,1.0,0.987552,True,0.652799,1,0.0,0.994278,False
opportunity_aware_gv,284,0.630163,0.906,0.888,1.0,0.997325,0.98622,1.0,0.989444,True,0.652799,1,0.0,0.995771,False
opportunity_aware_gv,285,0.630163,0.906,0.888,1.0,0.998973,0.990724,0.998392,0.992834,True,0.652799,1,0.0,0.997061,False
opportunity_aware_gv,286,0.630163,0.906,0.888,1.0,1.0,0.99398,1.0,0.995581,True,0.652799,1,0.0,0.998386,False
opportunity_aware_gv,287,0.630163,0.906,0.888,1.0,1.0,0.995215,1.0,0.996488,True,0.652799,1,0.0,0.998717,False
opportunity_aware_gv,288,0.630163,0.906,0.888,0.997516,1.0,0.982755,1.0,0.987342,True,0.652799,1,0.0,0.994433,False
opportunity_aware_gv,289,0.630163,0.906,0.888,1.0,1.0,0.978539,0.998401,0.984016,True,0.652799,1,0.0,0.993995,False
opportunity_aware_gv,290,0.630163,0.906,0.888,1.0,0.998028,0.974713,1.0,0.981152,True,0.652799,1,0.0,0.992832,False
opportunity_aware_gv,291,0.630163,0.906,0.888,0.99455,0.988141,0.97738,1.0,0.980655,True,0.652799,1,0.0,0.989401,False
opportunity_aware_gv,292,0.630163,0.906,0.888,1.0,0.997953,0.98408,1.0,0.988,True,0.652799,1,0.0,0.995326,False
opportunity_aware_gv,293,0.630163,0.906,0.888,0.988456,0.984835,0.98454,1.0,0.983656,True,0.652799,1,0.0,0.98814,False
opportunity_aware_gv,294,0.630163,0.906,0.888,0.996605,0.983695,0.980867,0.996743,0.981224,True,0.652799,1,0.0,0.989622,False
opportunity_aware_gv,295,0.630163,0.906,0.888,1.0,0.981291,0.97974,1.0,0.979185,True,0.652799,1,0.0,0.990488,False
opportunity_aware_gv,296,0.630163,0.906,0.888,1.0,0.976368,0.973564,1.0,0.973232,True,0.652799,1,0.0,0.987776,False
opportunity_aware_gv,297,0.630163,0.906,0.888,0.995601,0.985179,0.985952,0.996233,0.984838,True,0.652799,1,0.0,0.990785,False
opportunity_aware_gv,298,0.630163,0.906,0.888,0.979065,0.992105,0.981251,1.0,0.984586,True,0.652799,1,0.0,0.985399,False
opportunity_aware_gv,299,0.630163,0.906,0.888,0.981037,0.987495,0.980562,1.0,0.982515,True,0.652799,1,0.0,0.984946,False
opportunity_aware_gv,300,0.630163,0.906,0.888,1.0,0.985577,0.990129,0.990246,0.986803,True,0.652799,1,0.0,0.992678,False
opportunity_aware_gv,301,0.630163,0.906,0.888,0.998232,0.99526,0.991554,0.978027,0.981985,True,0.652799,1,0.0,0.991716,False
opportunity_aware_gv,302,0.630163,0.906,0.888,0.992651,1.0,0.996651,0.976921,0.982536,True,0.652799,1,0.0,0.991278,False
opportunity_aware_gv,303,0.630163,0.906,0.888,1.0,0.993223,0.999504,0.979888,0.983919,True,0.652799,1,0.0,0.993945,False
opportunity_aware_gv,304,0.630163,0.906,0.888,1.0,0.99405,1.0,0.972521,0.978824,True,0.652799,1,0.0,0.992541,False
opportunity_aware_gv,305,0.630163,0.906,0.888,1.0,0.996165,1.0,0.972733,0.979388,True,0.652799,1,0.0,0.993019,False
opportunity_aware_gv,306,0.630163,0.906,0.888,1.0,0.989399,1.0,0.963793,0.971478,True,0.652799,1,0.0,0.9896,False
opportunity_aware_gv,307,0.630163,0.906,0.888,0.999447,0.987046,1.0,0.960685,0.968672,True,0.652799,1,0.0,0.988195,False
opportunity_aware_gv,308,0.630163,0.906,0.888,1.0,0.983753,1.0,0.96316,0.969491,True,0.652799,1,0.0,0.988257,False
opportunity_aware_gv,309,0.630163,0.906,0.888,1.0,0.992669,1.0,0.962513,0.971272,True,0.652799,1,0.0,0.989985,False
opportunity_aware_gv,310,0.630163,0.906,0.888,1.0,0.999469,1.0,0.943034,0.958114,True,0.652799,1,0.0,0.986903,False
opportunity_aware_gv,311,0.630163,0.906,0.888,1.0,0.997679,1.0,0.948608,0.961952,True,0.652799,1,0.0,0.987822,False
opportunity_aware_gv,312,0.630163,0.906,0.888,1.0,0.990148,0.999657,0.949296,0.96113,True,0.652799,1,0.0,0.986402,False
opportunity_aware_gv,313,0.630163,0.906,0.888,1.0,0.998322,1.0,0.955246,0.966916,True,0.652799,1,0.0,0.989462,False
opportunity_aware_gv,314,0.630163,0.906,0.888,0.991833,0.999372,0.999795,0.953676,0.965886,True,0.652799,1,0.0,0.986168,False
opportunity_aware_gv,315,0.630163,0.906,0.888,1.0,1.0,1.0,0.9584,0.969464,True,0.652799,1,0.0,0.990512,False
opportunity_aware_gv,316,0.630163,0.906,0.888,1.0,1.0,0.994358,0.956082,0.966897,True,0.652799,1,0.0,0.988864,False
opportunity_aware_gv,317,0.630163,0.906,0.888,1.0,1.0,0.991272,0.952292,0.963558,True,0.652799,1,0.0,0.987377,False
opportunity_aware_gv,318,0.630163,0.906,0.888,1.0,1.0,0.991188,0.956874,0.966874,True,0.652799,1,0.0,0.988401,False
opportunity_aware_gv,319,0.630163,0.906,0.888,0.997528,0.999135,0.984361,0.961206,0.968299,True,0.652799,1,0.0,0.986855,False
opportunity_aware_gv,320,0.830163,0.906,0.888,1.0,1.0,0.984088,0.971748,0.975449,True,0.652799,1,0.0,0.990234,False
opportunity_aware_gv,321,0.630163,0.906,0.888,1.0,1.0,0.983839,0.974971,0.977463,True,0.652799,1,0.0,0.990882,False
opportunity_aware_gv,322,0.630163,0.906,0.888,0.993328,0.993238,0.976555,0.975116,0.974646,True,0.652799,1,0.0,0.985501,False
opportunity_aware_gv,323,0.630163,0.906,0.888,0.984363,0.994349,0.976725,0.982999,0.978491,True,0.652799,1,0.0,0.98389,False
opportunity_aware_gv,324,0.630163,0.906,0.888,0.990535,0.990348,0.981344,0.983594,0.981843,True,0.652799,1,0.0,0.986832,False
opportunity_aware_gv,325,0.630163,0.906,0.888,0.986163,0.987869,0.980868,0.988938,0.98285,True,0.652799,1,0.0,0.985508,False
opportunity_aware_gv,326,0.630163,0.906,0.888,1.0,0.9923,0.984021,0.987452,0.985037,True,0.652799,1,0.0,0.992185,False
opportunity_aware_gv,327,0.630163,0.906,0.888,0.997962,0.988345,0.969162,0.981798,0.973001,True,0.652799,1,0.0,0.985788,False
opportunity_aware_gv,328,0.630163,0.906,0.888,1.0,0.986455,0.972531,0.970655,0.970556,True,0.652799,1,0.0,0.984976,False
opportunity_aware_gv,329,0.630163,0.906,0.888,1.0,0.986158,0.96277,0.969102,0.964281,True,0.652799,1,0.0,0.982195,False
opportunity_aware_gv,330,0.630163,0.906,0.888,1.0,0.978087,0.978156,0.962559,0.966698,True,0.652799,1,0.0,0.982886,False
opportunity_aware_gv,331,0.630163,0.906,0.888,0.994222,0.972566,0.976136,0.967563,0.969099,True,0.652799,1,0.0,0.980321,False
opportunity_aware_gv,332,0.630163,0.906,0.888,0.993653,0.967375,0.979765,0.971639,0.968558,True,0.652799,1,0.0,0.98033,False
opportunity_aware_gv,333,0.630163,0.906,0.888,0.998379,0.967734,0.980995,0.971448,0.968645,True,0.652799,1,0.0,0.982396,False
opportunity_aware_gv,334,0.630163,0.906,0.888,1.0,0.969835,0.981558,0.973889,0.970962,True,0.652799,1,0.0,0.984111,False
opportunity_aware_gv,335,0.630163,0.906,0.888,1.0,0.973439,0.97962,0.980129,0.975145,True,0.652799,1,0.0,0.985786,False
opportunity_aware_gv,336,0.630163,0.906,0.888,0.99476,0.976391,0.981689,0.986522,0.978017,True,0.652799,1,0.0,0.985938,False
opportunity_aware_gv,337,0.630163,0.906,0.888,0.996407,0.974307,0.98228,0.989129,0.976757,True,0.652799,1,0.0,0.986509,False
opportunity_aware_gv,338,0.630163,0.906,0.888,1.0,0.974577,0.988822,0.985428,0.977778,True,0.652799,1,0.0,0.988705,False
opportunity_aware_gv,339,0.630163,0.906,0.888,1.0,0.968618,0.990288,0.990526,0.974413,True,0.652799,1,0.0,0.988206,False
opportunity_aware_gv,340,0.630163,0.906,0.888,0.99056,0.963379,0.993849,0.980299,0.968581,True,0.652799,1,0.0,0.982185,False
opportunity_aware_gv,341,0.630163,0.906,0.888,0.997375,0.963205,0.989869,0.977955,0.96774,True,0.652799,1,0.0,0.983598,False
opportunity_aware_gv,342,0.630163,0.906,0.888,1.0,0.959532,0.986976,0.980735,0.965764,True,0.652799,1,0.0,0.983566,False
opportunity_aware_gv,343,0.630163,0.906,0.888,0.996883,0.948879,0.989593,0.98182,0.95843,True,0.652799,1,0.0,0.980207,False
opportunity_aware_gv,344,0.630163,0.906,0.888,0.991105,0.950577,0.992806,0.982983,0.960119,True,0.652799,1,0.0,0.979261,False
opportunity_aware_gv,345,0.630163,0.906,0.888,0.999264,0.9515,0.997464,0.983815,0.96121,True,0.652799,1,0.0,0.983613,False
opportunity_aware_gv,346,0.630163,0.906,0.888,1.0,0.94765,0.997684,0.991466,0.960007,True,0.652799,1,0.0,0.984166,False
opportunity_aware_gv,347,0.630163,0.906,0.888,0.999568,0.939073,0.984136,1.0,0.952466,True,0.652799,1,0.0,0.980309,False
opportunity_aware_gv,348,0.630163,0.906,0.888,0.997416,0.943102,0.978953,0.998013,0.954006,True,0.652799,1,0.0,0.97919,False
opportunity_aware_gv,349,0.630163,0.906,0.888,0.988631,0.932276,0.970034,1.0,0.943884,True,0.652799,1,0.0,0.971362,False
opportunity_aware_gv,350,0.630163,0.906,0.888,0.995431,0.940163,0.971084,0.998209,0.949662,True,0.652799,1,0.0,0.975997,False
opportunity_aware_gv,351,0.630163,0.906,0.888,0.994618,0.949284,0.98326,1.0,0.95958,True,0.652799,1,0.0,0.980963,False
opportunity_aware_gv,352,0.630163,0.906,0.888,0.993643,0.950917,0.986569,0.989636,0.96077,True,0.652799,1,0.0,0.980173,False
opportunity_aware_gv,353,0.630163,0.906,0.888,1.0,0.949119,0.978071,0.983343,0.957389,True,0.652799,1,0.0,0.979449,False
opportunity_aware_gv,354,0.630163,0.906,0.888,0.99594,0.952182,0.972894,0.973406,0.957757,True,0.652799,1,0.0,0.976179,False
opportunity_aware_gv,355,0.630163,0.906,0.888,1.0,0.951696,0.970625,0.983039,0.957499,True,0.652799,1,0.0,0.978543,False
opportunity_aware_gv,356,0.630163,0.906,0.888,1.0,0.949726,0.971861,0.98599,0.956506,True,0.652799,1,0.0,0.978705,False
opportunity_aware_gv,357,0.630163,0.906,0.888,1.0,0.947818,0.975147,0.978506,0.955475,True,0.652799,1,0.0,0.977782,False
opportunity_aware_gv,358,0.630163,0.906,0.888,1.0,0.948253,0.978632,0.976997,0.956102,True,0.652799,1,0.0,0.978351,False
opportunity_aware_gv,359,0.630163,0.906,0.888,1.0,0.953416,0.976266,0.974169,0.959184,True,0.652799,1,0.0,0.978829,False
opportunity_aware_gv,360,0.630163,0.906,0.888,0.998105,0.964044,0.978918,0.975075,0.96732,True,0.652799,1,0.0,0.981602,False
opportunity_aware_gv,361,0.630163,0.906,0.888,1.0,0.961514,0.97567,0.980501,0.965713,True,0.652799,1,0.0,0.981849,False
opportunity_aware_gv,362,0.630163,0.906,0.888,0.982493,0.961788,0.977194,0.979082,0.966104,True,0.652799,1,0.0,0.975368,False
opportunity_aware_gv,363,0.630163,0.906,0.888,0.970536,0.946014,0.972065,0.981439,0.953767,True,0.652799,1,0.0,0.965911,False
opportunity_aware_gv,364,0.630163,0.906,0.888,0.966309,0.936189,0.971495,0.993775,0.947,True,0.652799,1,0.0,0.963349,False
opportunity_aware_gv,365,0.630163,0.906,0.888,0.967969,0.943248,0.972527,0.992682,0.952234,True,0.652799,1,0.0,0.965911,False
opportunity_aware_gv,366,0.630163,0.906,0.888,0.974265,0.946779,0.972565,0.990838,0.954698,True,0.652799,1,0.0,0.968984,False
opportunity_aware_gv,367,0.630163,0.906,0.888,0.974094,0.955854,0.967152,0.999731,0.958434,True,0.652799,1,0.0,0.971271,False
opportunity_aware_gv,368,0.630163,0.906,0.888,0.968866,0.960308,0.964292,0.99994,0.959701,True,0.652799,1,0.0,0.969753,False
opportunity_aware_gv,369,0.630163,0.906,0.888,0.970324,0.967215,0.968535,0.99319,0.96616,True,0.652799,1,0.0,0.972144,False
opportunity_aware_gv,370,0.630163,0.906,0.888,0.97501,0.970314,0.965486,1.0,0.965629,True,0.652799,1,0.0,0.974824,False
opportunity_aware_gv,371,0.630163,0.906,0.888,0.972526,0.966922,0.965214,0.998009,0.963903,True,0.652799,1,0.0,0.972734,False
opportunity_aware_gv,372,0.630163,0.906,0.888,0.982923,0.968181,0.970384,1.0,0.96719,True,0.652799,1,0.0,0.978515,False
opportunity_aware_gv,373,0.630163,0.906,0.888,0.988665,0.972755,0.974249,0.995327,0.972017,True,0.652799,1,0.0,0.982141,False
opportunity_aware_gv,374,0.630163,0.906,0.888,0.988877,0.969379,0.966227,0.999531,0.965619,True,0.652799,1,0.0,0.979991,False
opportunity_aware_gv,375,0.630163,0.906,0.888,0.980683,0.968905,0.966192,1.0,0.965329,True,0.652799,1,0.0,0.976816,False
opportunity_aware_gv,376,0.630163,0.906,0.888,0.972371,0.973009,0.958061,0.998604,0.962328,True,0.652799,1,0.0,0.972378,False
opportunity_aware_gv,377,0.630163,0.906,0.888,0.973906,0.975381,0.968982,0.989051,0.97069,True,0.652799,1,0.0,0.975019,False
opportunity_aware_gv,378,0.630163,0.906,0.888,0.956329,0.984524,0.957708,1.0,0.965894,True,0.652799,1,0.0,0.968914,False
opportunity_aware_gv,379,0.630163,0.906,0.888,0.969173,0.99152,0.95643,0.997842,0.966448,True,0.652799,1,0.0,0.974588,False
opportunity_aware_gv,380,0.630163,0.906,0.888,0.977992,0.989248,0.952898,1.0,0.963585,True,0.652799,1,0.0,0.976854,False
opportunity_aware_gv,381,0.630163,0.906,0.888,0.977881,0.990232,0.950537,0.997051,0.96184,True,0.652799,1,0.0,0.975941,False
opportunity_aware_gv,382,0.630163,0.906,0.888,0.978768,0.988384,0.951055,0.999871,0.962057,True,0.652799,1,0.0,0.976459,False
opportunity_aware_gv,383,0.630163,0.906,0.888,0.984706,0.990287,0.941875,1.0,0.955778,True,0.652799,1,0.0,0.976671,False
opportunity_aware_gv,384,0.630163,0.906,0.888,0.980822,0.98386,0.945086,0.991445,0.956206,True,0.652799,1,0.0,0.97347,False
opportunity_aware_gv,385,0.630163,0.906,0.888,0.979595,0.994103,0.941881,0.991043,0.955336,True,0.652799,1,0.0,0.97411,False
opportunity_aware_gv,386,0.630163,0.906,0.888,0.97953,0.995922,0.95028,0.987991,0.96114,True,0.652799,1,0.0,0.976193,False
opportunity_aware_gv,387,0.630163,0.906,0.888,0.970381,0.999552,0.95419,0.994741,0.965534,True,0.652799,1,0.0,0.975546,False
opportunity_aware_gv,388,0.630163,0.906,0.888,0.961456,0.98545,0.97285,0.99807,0.976705,True,0.652799,1,0.0,0.974782,False
opportunity_aware_gv,389,0.630163,0.906,0.888,0.966206,0.977323,0.968942,1.0,0.970937,True,0.652799,1,0.0,0.973998,False
opportunity_aware_gv,390,0.630163,0.906,0.888,0.962618,0.970682,0.966832,0.998107,0.966704,True,0.652799,1,0.0,0.970287,False
opportunity_aware_gv,391,0.630163,0.906,0.888,0.963632,0.964474,0.967532,0.999753,0.963688,True,0.652799,1,0.0,0.969549,False
opportunity_aware_gv,392,0.630163,0.906,0.888,0.96937,0.972854,0.969394,0.994979,0.969442,True,0.652799,1,0.0,0.973595,False
opportunity_aware_gv,393,0.630163,0.906,0.888,0.95862,0.972912,0.972229,0.989758,0.971409,True,0.652799,1,0.0,0.969536,False
opportunity_aware_gv,394,0.630163,0.906,0.888,0.967479,0.963014,0.962476,0.984179,0.961299,True,0.652799,1,0.0,0.967371,False
opportunity_aware_gv,395,0.630163,0.906,0.888,0.977127,0.973929,0.963727,0.983424,0.966857,True,0.652799,1,0.0,0.973789,False
opportunity_aware_gv,396,0.630163,0.906,0.888,0.982445,0.973579,0.96347,0.993658,0.966238,True,0.652799,1,0.0,0.977058,False
opportunity_aware_gv,397,0.630163,0.906,0.888,0.995614,0.964888,0.980757,0.991619,0.969758,True,0.652799,1,0.0,0.983747,False
opportunity_aware_gv,398,0.630163,0.906,0.888,1.0,0.963017,0.986281,0.997111,0.970046,True,0.652799,1,0.0,0.986875,False
opportunity_aware_gv,399,0.630163,0.906,0.888,0.99691,0.964462,0.986023,1.0,0.97107,True,0.652799,1,0.0,0.986442,False
opportunity_aware_gv,400,0.830163,0.906,0.888,1.0,0.949419,0.952579,0.980103,0.948987,True,1.251003,2,0.0,0.973452,False
opportunity_aware_gv,401,0.640576,0.912,0.896,1.0,0.952232,0.962842,0.985946,0.955043,True,1.251003,2,0.0,0.977351,False
opportunity_aware_gv,402,0.640576,0.912,0.896,1.0,0.956207,0.961337,0.995582,0.956185,True,1.251003,2,0.0,0.979282,False
opportunity_aware_gv,403,0.640576,0.912,0.896,1.0,0.962018,0.96069,0.99249,0.959248,True,1.251003,2,0.0,0.980146,False
opportunity_aware_gv,404,0.640576,0.912,0.896,1.0,0.960231,0.955531,0.999633,0.954989,True,1.251003,2,0.0,0.979385,False
opportunity_aware_gv,405,0.640576,0.912,0.896,1.0,0.966057,0.97003,1.0,0.965817,True,1.251003,2,0.0,0.984394,False
opportunity_aware_gv,406,0.640576,0.912,0.896,1.0,0.963795,0.968262,0.991525,0.964194,True,1.251003,2,0.0,0.982287,False
opportunity_aware_gv,407,0.640576,0.912,0.896,1.0,0.964555,0.962679,0.982657,0.962306,True,1.251003,2,0.0,0.979951,False
opportunity_aware_gv,408,0.640576,0.912,0.896,1.0,0.960742,0.966641,0.996346,0.961332,True,1.251003,2,0.0,0.981777,False
opportunity_aware_gv,409,0.640576,0.912,0.896,0.980266,0.977908,0.95661,0.995227,0.963158,True,1.251003,2,0.0,0.975625,False
opportunity_aware_gv,410,0.640576,0.912,0.896,0.976908,0.98032,0.945569,0.994838,0.956005,True,1.251003,2,0.0,0.971883,False
opportunity_aware_gv,411,0.640576,0.912,0.896,0.972724,0.972607,0.946471,0.992972,0.954505,True,1.251003,2,0.0,0.968626,False
opportunity_aware_gv,412,0.640576,0.912,0.896,0.96578,0.976596,0.951751,0.986803,0.959205,True,1.251003,2,0.0,0.967356,False
opportunity_aware_gv,413,0.640576,0.912,0.896,0.969434,0.971553,0.954363,0.996032,0.95945,True,1.251003,2,0.0,0.969628,False
opportunity_aware_gv,414,0.640576,0.912,0.896,0.962288,0.974814,0.954754,0.995258,0.960886,True,1.251003,2,0.0,0.967634,False
opportunity_aware_gv,415,0.640576,0.912,0.896,0.970378,0.975831,0.955834,1.0,0.961873,True,1.251003,2,0.0,0.971868,False
opportunity_aware_gv,416,0.640576,0.912,0.896,0.979609,0.97739,0.951209,1.0,0.959254,True,1.251003,2,0.0,0.97451,False
opportunity_aware_gv,417,0.640576,0.912,0.896,0.977554,0.976652,0.94697,1.0,0.956095,True,1.251003,2,0.0,0.972454,False
opportunity_aware_gv,418,0.640576,0.912,0.896,0.981569,0.977141,0.944578,0.98722,0.954179,True,1.251003,2,0.0,0.971618,False
opportunity_aware_gv,419,0.640576,0.912,0.896,0.97819,0.972513,0.948083,0.992496,0.955593,True,1.251003,2,0.0,0.97104,False
opportunity_aware_gv,420,0.640576,0.912,0.896,0.992024,0.968693,0.948927,0.99243,0.9549,True,1.251003,2,0.0,0.975669,False
opportunity_aware_gv,421,0.640576,0.912,0.896,0.995433,0.970494,0.940629,0.987272,0.949735,True,1.251003,2,0.0,0.974453,False
opportunity_aware_gv,422,0.640576,0.912,0.896,0.981393,0.979493,0.945522,0.983193,0.954992,True,1.251003,2,0.0,0.971678,False
opportunity_aware_gv,423,0.640576,0.912,0.896,0.999123,0.988616,0.946544,0.984537,0.957129,True,1.251003,2,0.0,0.980686,False
opportunity_aware_gv,424,0.640576,0.912,0.896,1.0,0.984936,0.947779,0.995893,0.958701,True,1.251003,2,0.0,0.982358,False
opportunity_aware_gv,425,0.640576,0.912,0.896,0.994178,0.977219,0.950209,0.991459,0.958421,True,1.251003,2,0.0,0.978539,False
opportunity_aware_gv,426,0.640576,0.912,0.896,0.983784,0.982088,0.945437,0.992009,0.956153,True,1.251003,2,0.0,0.974412,False
opportunity_aware_gv,427,0.640576,0.912,0.896,1.0,0.983688,0.958852,0.995629,0.966369,True,1.251003,2,0.0,0.985009,False
opportunity_aware_gv,428,0.640576,0.912,0.896,1.0,0.986282,0.967477,1.0,0.973254,True,1.251003,2,0.0,0.988467,False
opportunity_aware_gv,429,0.640576,0.912,0.896,0.999939,0.985767,0.975341,1.0,0.978445,True,1.251003,2,0.0,0.99039,False
opportunity_aware_gv,430,0.640576,0.912,0.896,0.996551,0.980797,0.981106,0.994423,0.980043,True,1.251003,2,0.0,0.988656,False
opportunity_aware_gv,431,0.640576,0.912,0.896,1.0,0.978139,0.991093,0.985828,0.980499,True,1.251003,2,0.0,0.990137,False
opportunity_aware_gv,432,0.640576,0.912,0.896,1.0,0.966396,1.0,0.992113,0.973974,True,1.251003,2,0.0,0.989724,False
opportunity_aware_gv,433,0.640576,0.912,0.896,0.994845,0.958054,1.0,0.986825,0.966739,True,1.251003,2,0.0,0.984655,False
opportunity_aware_gv,434,0.640576,0.912,0.896,0.99955,0.949566,0.994111,0.993215,0.961292,True,1.251003,2,0.0,0.984096,False
opportunity_aware_gv,435,0.640576,0.912,0.896,0.999022,0.951286,0.991644,0.99306,0.962201,True,1.251003,2,0.0,0.983848,False
opportunity_aware_gv,436,0.640576,0.912,0.896,0.996942,0.949177,0.987555,0.999545,0.960498,True,1.251003,2,0.0,0.982646,False
opportunity_aware_gv,437,0.640576,0.912,0.896,0.992045,0.943632,0.987009,1.0,0.956395,True,1.251003,2,0.0,0.97926,False
opportunity_aware_gv,438,0.640576,0.912,0.896,0.993318,0.945964,0.986772,0.997251,0.957856,True,1.251003,2,0.0,0.979911,False
opportunity_aware_gv,439,0.640576,0.912,0.896,0.999516,0.952764,0.99073,1.0,0.963794,True,1.251003,2,0.0,0.9853,False
opportunity_aware_gv,440,0.640576,0.912,0.896,1.0,0.96822,0.99833,0.995983,0.975888,True,1.251003,2,0.0,0.990523,False
opportunity_aware_gv,441,0.640576,0.912,0.896,1.0,0.980756,0.992581,0.999459,0.984367,True,1.251003,2,0.0,0.993249,False
opportunity_aware_gv,442,0.640576,0.912,0.896,1.0,0.980082,0.995694,0.991014,0.98337,True,1.251003,2,0.0,0.992386,False
opportunity_aware_gv,443,0.640576,0.912,0.896,1.0,0.981631,1.0,0.989006,0.983797,True,1.251003,2,0.0,0.99321,False
opportunity_aware_gv,444,0.640576,0.912,0.896,1.0,0.983406,1.0,0.98974,0.985237,True,1.251003,2,0.0,0.993805,False
opportunity_aware_gv,445,0.640576,0.912,0.896,1.0,0.982089,0.990369,0.985623,0.983144,True,1.251003,2,0.0,0.991007,False
opportunity_aware_gv,446,0.640576,0.912,0.896,0.988163,0.980483,0.990255,0.993165,0.983357,True,1.251003,2,0.0,0.987281,False
opportunity_aware_gv,447,0.640576,0.912,0.896,0.995396,0.975747,0.995876,1.0,0.981534,True,1.251003,2,0.0,0.990926,False
opportunity_aware_gv,448,0.640576,0.912,0.896,1.0,0.968933,1.0,1.0,0.977196,True,1.251003,2,0.0,0.991671,False
opportunity_aware_gv,449,0.640576,0.912,0.896,0.997807,0.968952,0.997477,0.997837,0.976586,True,1.251003,2,0.0,0.990012,False
opportunity_aware_gv,450,0.640576,0.912,0.896,1.0,0.975967,0.999783,0.992722,0.981001,True,1.251003,2,0.0,0.992336,False
opportunity_aware_gv,451,0.640576,0.912,0.896,0.99806,0.975615,1.0,1.0,0.982101,True,1.251003,2,0.0,0.992726,False
opportunity_aware_gv,452,0.640576,0.912,0.896,1.0,0.968224,1.0,0.99526,0.975931,True,1.251003,2,0.0,0.990728,False
opportunity_aware_gv,453,0.640576,0.912,0.896,0.989713,0.971545,0.994755,0.995354,0.977796,True,1.251003,2,0.0,0.98671,False
opportunity_aware_gv,454,0.640576,0.912,0.896,1.0,0.972089,0.999489,0.991528,0.97792,True,1.251003,2,0.0,0.991048,False
opportunity_aware_gv,455,0.640576,0.912,0.896,1.0,0.974973,0.99633,0.990124,0.979517,True,1.251003,2,0.0,0.990994,False
opportunity_aware_gv,456,0.640576,0.912,0.896,0.993828,0.970106,1.0,0.987804,0.975538,True,1.251003,2,0.0,0.987631,False
opportunity_aware_gv,457,0.640576,0.912,0.896,1.0,0.964462,0.998803,0.984476,0.97061,True,1.251003,2,0.0,0.987688,False
opportunity_aware_gv,458,0.640576,0.912,0.896,0.995485,0.969882,0.999507,0.990874,0.97618,True,1.251003,2,0.0,0.988638,False
opportunity_aware_gv,459,0.640576,0.912,0.896,1.0,0.959416,0.990011,1.0,0.968467,True,1.251003,2,0.0,0.987113,False
opportunity_aware_gv,460,0.640576,0.912,0.896,1.0,0.963299,0.993758,1.0,0.972057,True,1.251003,2,0.0,0.988917,False
opportunity_aware_gv,461,0.640576,0.912,0.896,1.0,0.958675,0.998866,1.0,0.969511,True,1.251003,2,0.0,0.988699,False
opportunity_aware_gv,462,0.640576,0.912,0.896,1.0,0.961977,0.991537,1.0,0.97065,True,1.251003,2,0.0,0.98811,False
opportunity_aware_gv,463,0.640576,0.912,0.896,1.0,0.96165,0.989223,1.0,0.969898,True,1.251003,2,0.0,0.987545,False
opportunity_aware_gv,464,0.640576,0.912,0.896,1.0,0.95798,0.988523,0.995383,0.966809,True,1.251003,2,0.0,0.985741,False
opportunity_aware_gv,465,0.640576,0.912,0.896,1.0,0.970387,0.987333,0.982777,0.974079,True,1.251003,2,0.0,0.986868,False
opportunity_aware_gv,466,0.640576,0.912,0.896,1.0,0.970546,0.985114,0.977645,0.972713,True,1.251003,2,0.0,0.985615,False
opportunity_aware_gv,467,0.640576,0.912,0.896,1.0,0.96106,0.987555,0.985595,0.967824,True,1.251003,2,0.0,0.984873,False
opportunity_aware_gv,468,0.640576,0.912,0.896,0.99535,0.956357,0.982449,0.995185,0.96426,True,1.251003,2,0.0,0.982255,False
opportunity_aware_gv,469,0.640576,0.912,0.896,0.984482,0.960055,0.983855,0.992645,0.967149,True,1.251003,2,0.0,0.979035,False
opportunity_aware_gv,470,0.640576,0.912,0.896,0.978533,0.967849,0.985856,0.995752,0.973334,True,1.251003,2,0.0,0.979715,False
opportunity_aware_gv,471,0.640576,0.912,0.896,0.983717,0.966065,0.985072,1.0,0.971908,True,1.251003,2,0.0,0.981646,False
opportunity_aware_gv,472,0.640576,0.912,0.896,0.976503,0.965899,0.990584,1.0,0.973272,True,1.251003,2,0.0,0.980031,False
opportunity_aware_gv,473,0.640576,0.912,0.896,0.972699,0.974638,0.991237,1.0,0.979685,True,1.251003,2,0.0,0.981045,False
opportunity_aware_gv,474,0.640576,0.912,0.896,0.965149,0.978747,0.997551,0.999879,0.984017,True,1.251003,2,0.0,0.980556,False
opportunity_aware_gv,475,0.640576,0.912,0.896,0.955138,0.983527,0.998881,0.99435,0.986778,True,1.251003,2,0.0,0.977408,False
opportunity_aware_gv,476,0.640576,0.912,0.896,0.958937,0.980701,0.998933,0.984031,0.98115,True,1.251003,2,0.0,0.976232,False
opportunity_aware_gv,477,0.640576,0.912,0.896,0.961626,0.974721,0.984209,0.990715,0.977633,True,1.251003,2,0.0,0.974041,False
opportunity_aware_gv,478,0.640576,0.912,0.896,0.965874,0.98071,0.989878,0.992178,0.983378,True,1.251003,2,0.0,0.978648,False
opportunity_aware_gv,479,0.640576,0.912,0.896,0.965099,0.983851,0.998584,0.99181,0.986297,True,1.251003,2,0.0,0.980785,False
opportunity_aware_gv,480,0.640576,0.912,0.896,0.970647,0.986651,1.0,1.0,0.990201,True,1.251003,2,0.0,0.985267,False
opportunity_aware_gv,481,0.640576,0.912,0.896,0.966828,1.0,0.999507,0.998635,0.998901,True,1.251003,2,0.0,0.986983,False
opportunity_aware_gv,482,0.640576,0.912,0.896,0.972001,0.9935,1.0,0.991709,0.992042,True,1.251003,2,0.0,0.986075,False
opportunity_aware_gv,483,0.640576,0.912,0.896,0.978976,1.0,0.993862,1.0,0.995494,True,1.251003,2,0.0,0.990365,False
opportunity_aware_gv,484,0.640576,0.912,0.896,0.983203,0.99621,0.99137,0.996901,0.992735,True,1.251003,2,0.0,0.990076,False
opportunity_aware_gv,485,0.640576,0.912,0.896,0.975687,0.993677,0.992342,1.0,0.9925,True,1.251003,2,0.0,0.987345,False
opportunity_aware_gv,486,0.640576,0.912,0.896,0.987582,0.985009,0.989988,1.0,0.986367,True,1.251003,2,0.0,0.989145,False
opportunity_aware_gv,487,0.640576,0.912,0.896,0.983255,0.991092,0.98712,0.995336,0.988331,True,1.251003,2,0.0,0.987662,False
opportunity_aware_gv,488,0.640576,0.912,0.896,0.985867,0.988239,0.98419,0.989066,0.985354,True,1.251003,2,0.0,0.986378,False
opportunity_aware_gv,489,0.640576,0.912,0.896,0.988884,0.98624,0.991295,0.990882,0.987524,True,1.251003,2,0.0,0.988958,False
opportunity_aware_gv,490,0.640576,0.912,0.896,0.995574,0.983006,0.981678,0.985612,0.982043,True,1.251003,2,0.0,0.987792,False
opportunity_aware_gv,491,0.640576,0.912,0.896,0.992148,0.989434,0.988086,0.999343,0.988022,True,1.251003,2,0.0,0.991441,False
opportunity_aware_gv,492,0.640576,0.912,0.896,1.0,0.999319,0.987073,1.0,0.990415,True,1.251003,2,0.0,0.9964,False
opportunity_aware_gv,493,0.640576,0.912,0.896,1.0,0.998523,0.983722,0.98584,0.983806,True,1.251003,2,0.0,0.992878,False
opportunity_aware_gv,494,0.640576,0.912,0.896,0.996883,0.992118,0.986774,0.977584,0.98039,True,1.251003,2,0.0,0.989525,False
opportunity_aware_gv,495,0.640576,0.912,0.896,1.0,0.989968,0.986817,0.971158,0.975656,True,1.251003,2,0.0,0.988862,False
opportunity_aware_gv,496,0.640576,0.912,0.896,1.0,0.991859,0.990249,0.968224,0.974279,True,1.251003,2,0.0,0.989244,False
opportunity_aware_gv,497,0.640576,0.912,0.896,1.0,0.996252,0.987348,0.971693,0.976469,True,1.251003,2,0.0,0.990261,False
opportunity_aware_gv,498,0.640576,0.912,0.896,1.0,0.992984,0.978819,0.964693,0.969015,True,1.251003,2,0.0,0.986263,False
opportunity_aware_gv,499,0.640576,0.912,0.896,1.0,0.988837,0.975917,0.962119,0.966351,True,1.251003,2,0.0,0.984315,False
opportunity_aware_gv,500,0.640576,0.912,0.896,1.0,0.981513,0.983192,0.962459,0.967729,True,1.251003,2,0.0,0.984519,False
opportunity_aware_gv,501,0.640576,0.912,0.896,0.993174,0.991643,0.992077,0.961187,0.969344,True,1.251003,2,0.0,0.985363,False
opportunity_aware_gv,502,0.640576,0.912,0.896,0.988366,0.98645,0.992326,0.96255,0.969497,True,1.251003,2,0.0,0.982855,False
opportunity_aware_gv,503,0.640576,0.912,0.896,1.0,0.985326,0.992965,0.959988,0.967446,True,1.251003,2,0.0,0.986584,False
opportunity_aware_gv,504,0.640576,0.912,0.896,0.999699,0.985777,0.993102,0.966095,0.971965,True,1.251003,2,0.0,0.987973,False
opportunity_aware_gv,505,0.640576,0.912,0.896,1.0,0.986172,0.994709,0.965729,0.971868,True,1.251003,2,0.0,0.988385,False
opportunity_aware_gv,506,0.640576,0.912,0.896,1.0,0.985665,0.993751,0.966168,0.97202,True,1.251003,2,0.0,0.988201,False
opportunity_aware_gv,507,0.640576,0.912,0.896,1.0,0.982769,0.99854,0.972216,0.975314,True,1.251003,2,0.0,0.989784,False
opportunity_aware_gv,508,0.640576,0.912,0.896,0.997733,0.987318,0.987131,0.978077,0.98051,True,1.251003,2,0.0,0.989131,False
opportunity_aware_gv,509,0.640576,0.912,0.896,0.992421,0.989716,0.983813,0.974227,0.97716,True,1.251003,2,0.0,0.986006,False
opportunity_aware_gv,510,0.640576,0.912,0.896,1.0,0.984447,0.984005,0.972778,0.97582,True,1.251003,2,0.0,0.987609,False
opportunity_aware_gv,511,0.640576,0.912,0.896,1.0,0.989863,0.989603,0.962635,0.969842,True,1.251003,2,0.0,0.987454,False
opportunity_aware_gv,512,0.640576,0.912,0.896,0.997676,0.991604,0.984302,0.966054,0.97152,True,1.251003,2,0.0,0.98661,False
opportunity_aware_gv,513,0.640576,0.912,0.896,1.0,0.989113,0.98341,0.958324,0.965581,True,1.251003,2,0.0,0.985089,False
opportunity_aware_gv,514,0.640576,0.912,0.896,1.0,0.983167,0.977841,0.959746,0.965064,True,1.251003,2,0.0,0.983154,False
opportunity_aware_gv,515,0.640576,0.912,0.896,0.993354,0.990385,0.977999,0.955449,0.962318,True,1.251003,2,0.0,0.981025,False
opportunity_aware_gv,516,0.640576,0.912,0.896,1.0,0.982363,0.97431,0.962587,0.966185,True,1.251003,2,0.0,0.982905,False
opportunity_aware_gv,517,0.640576,0.912,0.896,0.996232,0.988714,0.981204,0.965769,0.970444,True,1.251003,2,0.0,0.984814,False
opportunity_aware_gv,518,0.640576,0.912,0.896,0.995128,0.990783,0.973932,0.974829,0.973268,True,1.251003,2,0.0,0.985066,False
opportunity_aware_gv,519,0.640576,0.912,0.896,0.995803,0.993213,0.981879,0.987366,0.983552,True,1.251003,2,0.0,0.990179,False
opportunity_aware_gv,520,0.640576,0.912,0.896,0.984481,0.991537,0.985461,0.984803,0.984691,True,1.251003,2,0.0,0.985998,False
opportunity_aware_gv,521,0.640576,0.912,0.896,1.0,0.986911,0.984951,0.980791,0.982049,True,1.251003,2,0.0,0.990092,False
opportunity_aware_gv,522,0.640576,0.912,0.896,1.0,0.993055,0.980101,0.965704,0.970124,True,1.251003,2,0.0,0.986781,False
opportunity_aware_gv,523,0.640576,0.912,0.896,0.994336,0.989342,0.981859,0.96032,0.966716,True,1.251003,2,0.0,0.983115,False
opportunity_aware_gv,524,0.640576,0.912,0.896,0.989463,0.982988,0.979111,0.958003,0.964035,True,1.251003,2,0.0,0.978978,False
opportunity_aware_gv,525,0.640576,0.912,0.896,0.984109,0.981386,0.976508,0.964197,0.967882,True,1.251003,2,0.0,0.977516,False
opportunity_aware_gv,526,0.640576,0.912,0.896,0.995077,0.975066,0.976961,0.961884,0.965604,True,1.251003,2,0.0,0.98003,False
opportunity_aware_gv,527,0.640576,0.912,0.896,0.997099,0.986259,0.972579,0.962336,0.965395,True,1.251003,2,0.0,0.982063,False
opportunity_aware_gv,528,0.640576,0.912,0.896,0.987987,0.981974,0.970755,0.961105,0.964029,True,1.251003,2,0.0,0.977165,False
opportunity_aware_gv,529,0.640576,0.912,0.896,0.977363,0.978794,0.974699,0.954197,0.960083,True,1.251003,2,0.0,0.971824,False
opportunity_aware_gv,530,0.640576,0.912,0.896,0.982268,0.974777,0.977555,0.946532,0.954375,True,1.251003,2,0.0,0.971721,False
opportunity_aware_gv,531,0.640576,0.912,0.896,0.987757,0.975916,0.985021,0.946263,0.955001,True,1.251003,2,0.0,0.975393,False
opportunity_aware_gv,532,0.640576,0.912,0.896,1.0,0.98773,0.981338,0.947296,0.957036,True,1.251003,2,0.0,0.981898,False
opportunity_aware_gv,533,0.640576,0.912,0.896,1.0,0.991689,0.986616,0.945604,0.957098,True,1.251003,2,0.0,0.983331,False
opportunity_aware_gv,534,0.640576,0.912,0.896,1.0,0.984653,0.981106,0.943426,0.953872,True,1.251003,2,0.0,0.980381,False
opportunity_aware_gv,535,0.640576,0.912,0.896,1.0,0.989642,0.984349,0.947709,0.958051,True,1.251003,2,0.0,0.982964,False
opportunity_aware_gv,536,0.640576,0.912,0.896,1.0,0.992825,0.976422,0.944636,0.954291,True,1.251003,2,0.0,0.981229,False
opportunity_aware_gv,537,0.640576,0.912,0.896,1.0,1.0,0.964161,0.955792,0.95702,True,1.251003,2,0.0,0.982202,False
opportunity_aware_gv,538,0.640576,0.912,0.896,1.0,1.0,0.973947,0.958462,0.962901,True,1.251003,2,0.0,0.985043,False
opportunity_aware_gv,539,0.640576,0.912,0.896,1.0,1.0,0.973483,0.963734,0.966047,True,1.251003,2,0.0,0.986075,False
opportunity_aware_gv,540,0.640576,0.912,0.896,0.997798,0.993484,0.971979,0.966119,0.967194,True,1.251003,2,0.0,0.984267,False
opportunity_aware_gv,541,0.640576,0.912,0.896,0.99412,0.981712,0.969171,0.974385,0.970716,True,1.251003,2,0.0,0.981824,False
opportunity_aware_gv,542,0.640576,0.912,0.896,1.0,0.999389,0.978876,0.976003,0.975905,True,1.251003,2,0.0,0.989837,False
opportunity_aware_gv,543,0.640576,0.912,0.896,0.991605,0.989968,0.979722,0.979161,0.978728,True,1.251003,2,0.0,0.985884,False
opportunity_aware_gv,544,0.640576,0.912,0.896,0.989617,0.991448,0.981324,0.979038,0.979353,True,1.251003,2,0.0,0.985741,False
opportunity_aware_gv,545,0.640576,0.912,0.896,0.985342,0.9934,0.983091,0.977067,0.978787,True,1.251003,2,0.0,0.984442,False
opportunity_aware_gv,546,0.640576,0.912,0.896,0.996127,0.997674,0.977376,0.978397,0.976545,True,1.251003,2,0.0,0.988198,False
opportunity_aware_gv,547,0.640576,0.912,0.896,0.999461,0.992303,0.985761,0.983786,0.98419,True,1.251003,2,0.0,0.99168,False
opportunity_aware_gv,548,0.640576,0.912,0.896,1.0,0.990926,0.983662,0.994754,0.98587,True,1.251003,2,0.0,0.992996,False
opportunity_aware_gv,549,0.640576,0.912,0.896,0.991726,0.99726,0.985046,1.0,0.988576,True,1.251003,2,0.0,0.9923,False
opportunity_aware_gv,550,0.640576,0.912,0.896,0.994128,1.0,0.976292,0.996488,0.982047,True,1.251003,2,0.0,0.990855,False
opportunity_aware_gv,551,0.640576,0.912,0.896,0.97913,1.0,0.973705,1.0,0.980699,True,1.251003,2,0.0,0.98502,False
opportunity_aware_gv,552,0.640576,0.912,0.896,0.986549,0.997268,0.969959,1.0,0.977546,True,1.251003,2,0.0,0.986295,False
opportunity_aware_gv,553,0.640576,0.912,0.896,0.988708,0.993143,0.963723,1.0,0.972247,True,1.251003,2,0.0,0.984615,False
opportunity_aware_gv,554,0.640576,0.912,0.896,0.990697,0.991929,0.962215,1.0,0.970904,True,1.251003,2,0.0,0.984719,False
opportunity_aware_gv,555,0.640576,0.912,0.896,1.0,0.996735,0.972983,0.995088,0.979064,True,1.251003,2,0.0,0.991349,False
opportunity_aware_gv,556,0.640576,0.912,0.896,1.0,1.0,0.978052,1.0,0.98389,True,1.251003,2,0.0,0.994116,False
opportunity_aware_gv,557,0.640576,0.912,0.896,1.0,1.0,0.969489,1.0,0.977604,True,1.251003,2,0.0,0.99182,False
opportunity_aware_gv,558,0.640576,0.912,0.896,1.0,1.0,0.973044,0.991163,0.978532,True,1.251003,2,0.0,0.991335,False
opportunity_aware_gv,559,0.640576,0.912,0.896,0.989621,1.0,0.982293,0.983996,0.981983,True,1.251003,2,0.0,0.988466,False
opportunity_aware_gv,560,0.640576,0.912,0.896,0.985124,0.997277,0.985332,0.981849,0.982537,True,1.251003,2,0.0,0.98658,False
opportunity_aware_gv,561,0.640576,0.912,0.896,0.99621,1.0,0.979091,0.990744,0.982674,True,1.251003,2,0.0,0.991421,False
opportunity_aware_gv,562,0.640576,0.912,0.896,1.0,0.999053,0.975248,0.985134,0.978178,True,1.251003,2,0.0,0.990674,False
opportunity_aware_gv,563,0.640576,0.912,0.896,1.0,1.0,0.983877,0.982695,0.982148,True,1.251003,2,0.0,0.992533,False
opportunity_aware_gv,564,0.640576,0.912,0.896,1.0,0.996188,0.988806,0.985424,0.98632,True,1.251003,2,0.0,0.993617,False
opportunity_aware_gv,565,0.640576,0.912,0.896,1.0,1.0,0.992796,0.980859,0.984509,True,1.251003,2,0.0,0.994165,False
opportunity_aware_gv,566,0.640576,0.912,0.896,1.0,0.997392,0.994432,0.983537,0.986723,True,1.251003,2,0.0,0.99463,False
opportunity_aware_gv,567,0.640576,0.912,0.896,0.994193,1.0,0.994748,0.981025,0.985125,True,1.251003,2,0.0,0.992407,False
opportunity_aware_gv,568,0.640576,0.912,0.896,0.988744,0.989555,0.99898,0.993516,0.990732,True,1.251003,2,0.0,0.991639,False
opportunity_aware_gv,569,0.640576,0.912,0.896,0.983703,0.994397,0.998739,0.99873,0.995551,True,1.251003,2,0.0,0.99186,False
opportunity_aware_gv,570,0.640576,0.912,0.896,0.981621,0.993221,0.984487,0.991909,0.986604,True,1.251003,2,0.0,0.986263,False
opportunity_aware_gv,571,0.640576,0.912,0.896,0.993718,1.0,0.987627,0.978631,0.981307,True,1.251003,2,0.0,0.990151,False
opportunity_aware_gv,572,0.640576,0.912,0.896,1.0,1.0,0.996198,0.977896,0.983162,True,1.251003,2,0.0,0.994201,False
opportunity_aware_gv,573,0.640576,0.912,0.896,1.0,1.0,1.0,0.979968,0.985296,True,1.251003,2,0.0,0.995431,False
opportunity_aware_gv,574,0.640576,0.912,0.896,1.0,1.0,1.0,0.97626,0.982574,True,1.251003,2,0.0,0.994585,False
opportunity_aware_gv,575,0.640576,0.912,0.896,1.0,0.990154,1.0,0.965554,0.972923,True,1.251003,2,0.0,0.990156,False
opportunity_aware_gv,576,0.640576,0.912,0.896,1.0,0.99047,0.992101,0.969212,0.975065,True,1.251003,2,0.0,0.98956,False
opportunity_aware_gv,577,0.640576,0.912,0.896,1.0,0.987031,0.992146,0.966703,0.97262,True,1.251003,2,0.0,0.988305,False
opportunity_aware_gv,578,0.640576,0.912,0.896,1.0,0.985202,0.989147,0.978428,0.980496,True,1.251003,2,0.0,0.990022,False
opportunity_aware_gv,579,0.640576,0.912,0.896,1.0,0.984239,0.980953,0.974202,0.976246,True,1.251003,2,0.0,0.987272,False
opportunity_aware_gv,580,0.640576,0.912,0.896,0.995647,0.986299,0.991935,0.976049,0.979172,True,1.251003,2,0.0,0.988576,False
opportunity_aware_gv,581,0.640576,0.912,0.896,0.991435,0.985024,0.990079,0.977726,0.979966,True,1.251003,2,0.0,0.986741,False
opportunity_aware_gv,582,0.640576,0.912,0.896,1.0,0.98548,0.983483,0.985359,0.983997,True,1.251003,2,0.0,0.990443,False
opportunity_aware_gv,583,0.640576,0.912,0.896,1.0,0.984465,0.987745,0.98456,0.984294,True,1.251003,2,0.0,0.990952,False
opportunity_aware_gv,584,0.640576,0.912,0.896,1.0,0.990314,0.996783,0.980669,0.983627,True,1.251003,2,0.0,0.993006,False
opportunity_aware_gv,585,0.640576,0.912,0.896,1.0,0.991136,0.997575,0.981508,0.984461,True,1.251003,2,0.0,0.993514,False
opportunity_aware_gv,586,0.640576,0.912,0.896,1.0,0.998741,0.993114,0.981065,0.984706,True,1.251003,2,0.0,0.994048,False
opportunity_aware_gv,587,0.640576,0.912,0.896,0.998037,0.989085,0.99348,0.984545,0.985936,True,1.251003,2,0.0,0.992264,False
opportunity_aware_gv,588,0.640576,0.912,0.896,1.0,0.991944,1.0,0.98252,0.985416,True,1.251003,2,0.0,0.994353,False
opportunity_aware_gv,589,0.640576,0.912,0.896,1.0,1.0,0.993035,0.986979,0.988816,True,1.251003,2,0.0,0.995581,False
opportunity_aware_gv,590,0.640576,0.912,0.896,0.983638,1.0,0.996877,0.98579,0.98904,True,1.251003,2,0.0,0.989916,False
opportunity_aware_gv,591,0.640576,0.912,0.896,0.981475,0.998029,0.995164,0.983299,0.986744,True,1.251003,2,0.0,0.987806,False
opportunity_aware_gv,592,0.640576,0.912,0.896,0.993564,0.990805,0.984824,0.991073,0.986449,True,1.251003,2,0.0,0.990292,False
opportunity_aware_gv,593,0.640576,0.912,0.896,0.99302,0.990431,0.986565,0.988214,0.987057,True,1.251003,2,0.0,0.990004,False
opportunity_aware_gv,594,0.640576,0.912,0.896,0.987884,0.988926,0.973705,0.995623,0.97829,True,1.251003,2,0.0,0.985452,False
opportunity_aware_gv,595,0.640576,0.912,0.896,0.995807,0.992139,0.977843,0.995716,0.982003,True,1.251003,2,0.0,0.990244,False
opportunity_aware_gv,596,0.640576,0.912,0.896,0.990679,0.985362,0.977944,0.991774,0.980223,True,1.251003,2,0.0,0.986329,False
opportunity_aware_gv,597,0.640576,0.912,0.896,0.996243,0.981531,0.977019,0.992835,0.97814,True,1.251003,2,0.0,0.987485,False
opportunity_aware_gv,598,0.640576,0.912,0.896,1.0,0.982532,0.969408,0.980158,0.972513,True,1.251003,2,0.0,0.985273,False
opportunity_aware_gv,599,0.640576,0.912,0.896,1.0,0.980916,0.977804,0.98051,0.978569,True,1.251003,2,0.0,0.987269,False
opportunity_aware_gv,600,0.640576,0.912,0.896,1.0,0.987832,0.971292,0.981235,0.974341,True,1.251003,2,0.0,0.986936,False
opportunity_aware_gv,601,0.640576,0.912,0.896,1.0,0.991547,0.963881,0.993347,0.971462,True,1.251003,2,0.0,0.987621,False
opportunity_aware_gv,602,0.640576,0.912,0.896,0.986607,0.98971,0.950349,0.987049,0.960436,True,1.251003,2,0.0,0.97756,False
opportunity_aware_gv,603,0.640576,0.912,0.896,0.986129,0.981472,0.952085,0.982075,0.95998,True,1.251003,2,0.0,0.975457,False
opportunity_aware_gv,604,0.640576,0.912,0.896,0.981575,0.983688,0.946733,0.998242,0.957792,True,1.251003,2,0.0,0.975163,False
opportunity_aware_gv,605,0.640576,0.912,0.896,0.982973,0.982451,0.945111,0.993732,0.956103,True,1.251003,2,0.0,0.974346,False
opportunity_aware_gv,606,0.640576,0.912,0.896,0.998962,0.979695,0.934087,0.986936,0.947021,True,1.251003,2,0.0,0.9759,False
opportunity_aware_gv,607,0.640576,0.912,0.896,0.999506,0.979539,0.94321,0.98269,0.953252,True,1.251003,2,0.0,0.977874,False
opportunity_aware_gv,608,0.640576,0.912,0.896,0.996725,0.983647,0.942676,0.981794,0.953314,True,1.251003,2,0.0,0.977342,False
opportunity_aware_gv,609,0.640576,0.912,0.896,1.0,0.983177,0.941676,0.99197,0.953632,True,1.251003,2,0.0,0.979785,False
opportunity_aware_gv,610,0.640576,0.912,0.896,0.999433,0.979795,0.949687,0.992918,0.95875,True,1.251003,2,0.0,0.98115,False
opportunity_aware_gv,611,0.640576,0.912,0.896,1.0,0.982467,0.950953,1.0,0.960557,True,1.251003,2,0.0,0.983282,False
opportunity_aware_gv,612,0.640576,0.912,0.896,1.0,0.991275,0.952569,1.0,0.963761,True,1.251003,2,0.0,0.985543,False
opportunity_aware_gv,613,0.640576,0.912,0.896,1.0,0.997049,0.95787,1.0,0.968651,True,1.251003,2,0.0,0.988124,False
opportunity_aware_gv,614,0.640576,0.912,0.896,1.0,0.995856,0.957007,0.988067,0.966045,True,1.251003,2,0.0,0.98577,False
opportunity_aware_gv,615,0.640576,0.912,0.896,0.994354,0.997008,0.949848,0.992173,0.96167,True,1.251003,2,0.0,0.982593,False
opportunity_aware_gv,616,0.640576,0.912,0.896,0.987829,0.998269,0.947244,0.988977,0.959302,True,1.251003,2,0.0,0.97914,False
opportunity_aware_gv,617,0.640576,0.912,0.896,0.996791,0.993414,0.942981,0.98947,0.955822,True,1.251003,2,0.0,0.980556,False
opportunity_aware_gv,618,0.640576,0.912,0.896,1.0,0.987196,0.942893,0.996861,0.955678,True,1.251003,2,0.0,0.981658,False
opportunity_aware_gv,619,0.640576,0.912,0.896,0.994618,0.983172,0.947003,0.993495,0.957613,True,1.251003,2,0.0,0.979389,False
