threshold,seed,scenario,collapse_expected,warning,lead_time,verdict,min_gv,mean_gv
0.45,1,stable_dynamic,False,,,QUIET,0.969,0.9926
0.45,1,noisy_dynamic_recoverable,False,,,QUIET,0.9323,0.9914
0.45,1,critical_slowing_dynamic,True,820,-20,MISS,0.2781,0.7606
0.45,1,abrupt_collapse_dynamic,True,880,-80,MISS,0.35,0.8002
0.45,2,stable_dynamic,False,,,QUIET,0.9703,0.9933
0.45,2,noisy_dynamic_recoverable,False,,,QUIET,0.9361,0.9871
0.45,2,critical_slowing_dynamic,True,860,-60,MISS,0.3335,0.7663
0.45,2,abrupt_collapse_dynamic,True,860,-60,MISS,0.2942,0.7943
0.45,3,stable_dynamic,False,,,QUIET,0.967,0.9898
0.45,3,noisy_dynamic_recoverable,False,,,QUIET,0.9372,0.9865
0.45,3,critical_slowing_dynamic,True,840,-40,MISS,0.2663,0.7632
0.45,3,abrupt_collapse_dynamic,True,880,-80,MISS,0.35,0.8009
0.45,4,stable_dynamic,False,,,QUIET,0.9495,0.9903
0.45,4,noisy_dynamic_recoverable,False,,,QUIET,0.8844,0.9826
0.45,4,critical_slowing_dynamic,True,840,-40,MISS,0.3366,0.7619
0.45,4,abrupt_collapse_dynamic,True,860,-60,MISS,0.2941,0.7957
0.45,5,stable_dynamic,False,,,QUIET,0.9579,0.9909
0.45,5,noisy_dynamic_recoverable,False,,,QUIET,0.9422,0.9864
0.45,5,critical_slowing_dynamic,True,820,-20,MISS,0.2731,0.7523
0.45,5,abrupt_collapse_dynamic,True,880,-80,MISS,0.35,0.7981
0.45,6,stable_dynamic,False,,,QUIET,0.9693,0.9927
0.45,6,noisy_dynamic_recoverable,False,,,QUIET,0.9357,0.985
0.45,6,critical_slowing_dynamic,True,840,-40,MISS,0.3485,0.753
0.45,6,abrupt_collapse_dynamic,True,880,-80,MISS,0.35,0.7987
0.45,7,stable_dynamic,False,,,QUIET,0.9499,0.9915
0.45,7,noisy_dynamic_recoverable,False,,,QUIET,0.912,0.9815
0.45,7,critical_slowing_dynamic,True,840,-40,MISS,0.3208,0.7671
0.45,7,abrupt_collapse_dynamic,True,880,-80,MISS,0.35,0.7992
0.45,8,stable_dynamic,False,,,QUIET,0.9719,0.9923
0.45,8,noisy_dynamic_recoverable,False,,,QUIET,0.9576,0.9926
0.45,8,critical_slowing_dynamic,True,840,-40,MISS,0.3071,0.768
0.45,8,abrupt_collapse_dynamic,True,860,-60,MISS,0.2935,0.7929
0.45,9,stable_dynamic,False,,,QUIET,0.9672,0.992
0.45,9,noisy_dynamic_recoverable,False,,,QUIET,0.938,0.9878
0.45,9,critical_slowing_dynamic,True,840,-40,MISS,0.2751,0.7602
0.45,9,abrupt_collapse_dynamic,True,880,-80,MISS,0.35,0.799
0.45,10,stable_dynamic,False,,,QUIET,0.9707,0.9893
0.45,10,noisy_dynamic_recoverable,False,,,QUIET,0.9439,0.987
0.45,10,critical_slowing_dynamic,True,860,-60,MISS,0.3497,0.7678
0.45,10,abrupt_collapse_dynamic,True,860,-60,MISS,0.2939,0.7922
0.45,11,stable_dynamic,False,,,QUIET,0.9661,0.9927
0.45,11,noisy_dynamic_recoverable,False,,,QUIET,0.9008,0.9837
0.45,11,critical_slowing_dynamic,True,860,-60,MISS,0.2795,0.765
0.45,11,abrupt_collapse_dynamic,True,880,-80,MISS,0.35,0.803
0.45,12,stable_dynamic,False,,,QUIET,0.9657,0.9902
0.45,12,noisy_dynamic_recoverable,False,,,QUIET,0.9539,0.9878
0.45,12,critical_slowing_dynamic,True,840,-40,MISS,0.3456,0.7644
0.45,12,abrupt_collapse_dynamic,True,880,-80,MISS,0.35,0.8004
0.45,13,stable_dynamic,False,,,QUIET,0.9704,0.9918
0.45,13,noisy_dynamic_recoverable,False,,,QUIET,0.9578,0.991
0.45,13,critical_slowing_dynamic,True,820,-20,MISS,0.2594,0.7559
0.45,13,abrupt_collapse_dynamic,True,860,-60,MISS,0.2943,0.7948
0.45,14,stable_dynamic,False,,,QUIET,0.9683,0.9931
0.45,14,noisy_dynamic_recoverable,False,,,QUIET,0.9465,0.9883
0.45,14,critical_slowing_dynamic,True,860,-60,MISS,0.3265,0.7688
0.45,14,abrupt_collapse_dynamic,True,880,-80,MISS,0.35,0.8013
0.45,15,stable_dynamic,False,,,QUIET,0.9495,0.9858
0.45,15,noisy_dynamic_recoverable,False,,,QUIET,0.923,0.9808
0.45,15,critical_slowing_dynamic,True,840,-40,MISS,0.3296,0.7617
0.45,15,abrupt_collapse_dynamic,True,880,-80,MISS,0.35,0.7969
0.45,16,stable_dynamic,False,,,QUIET,0.9687,0.9911
0.45,16,noisy_dynamic_recoverable,False,,,QUIET,0.9603,0.9913
0.45,16,critical_slowing_dynamic,True,840,-40,MISS,0.35,0.7598
0.45,16,abrupt_collapse_dynamic,True,860,-60,MISS,0.2926,0.7926
0.45,17,stable_dynamic,False,,,QUIET,0.9494,0.9932
0.45,17,noisy_dynamic_recoverable,False,,,QUIET,0.9487,0.9884
0.45,17,critical_slowing_dynamic,True,800,0,MISS,0.2671,0.7461
0.45,17,abrupt_collapse_dynamic,True,880,-80,MISS,0.35,0.8017
0.45,18,stable_dynamic,False,,,QUIET,0.9705,0.9938
0.45,18,noisy_dynamic_recoverable,False,,,QUIET,0.946,0.99
0.45,18,critical_slowing_dynamic,True,840,-40,MISS,0.2764,0.7636
0.45,18,abrupt_collapse_dynamic,True,880,-80,MISS,0.35,0.8028
0.45,19,stable_dynamic,False,,,QUIET,0.9688,0.9939
0.45,19,noisy_dynamic_recoverable,False,,,QUIET,0.9688,0.994
0.45,19,critical_slowing_dynamic,True,840,-40,MISS,0.2719,0.7611
0.45,19,abrupt_collapse_dynamic,True,880,-80,MISS,0.35,0.8027
0.45,20,stable_dynamic,False,,,QUIET,0.9676,0.9924
0.45,20,noisy_dynamic_recoverable,False,,,QUIET,0.9372,0.9848
0.45,20,critical_slowing_dynamic,True,820,-20,MISS,0.35,0.754
0.45,20,abrupt_collapse_dynamic,True,880,-80,MISS,0.35,0.8025
0.45,21,stable_dynamic,False,,,QUIET,0.9484,0.9914
0.45,21,noisy_dynamic_recoverable,False,,,QUIET,0.9116,0.9828
0.45,21,critical_slowing_dynamic,True,800,0,MISS,0.2708,0.7454
0.45,21,abrupt_collapse_dynamic,True,860,-60,MISS,0.2931,0.7931
0.45,22,stable_dynamic,False,,,QUIET,0.9654,0.9924
0.45,22,noisy_dynamic_recoverable,False,,,QUIET,0.9567,0.9893
0.45,22,critical_slowing_dynamic,True,840,-40,MISS,0.3026,0.7643
0.45,22,abrupt_collapse_dynamic,True,880,-80,MISS,0.35,0.8025
0.45,23,stable_dynamic,False,,,QUIET,0.9712,0.9941
0.45,23,noisy_dynamic_recoverable,False,,,QUIET,0.9305,0.9907
0.45,23,critical_slowing_dynamic,True,840,-40,MISS,0.2726,0.7626
0.45,23,abrupt_collapse_dynamic,True,880,-80,MISS,0.35,0.8023
0.45,24,stable_dynamic,False,,,QUIET,0.9491,0.9896
0.45,24,noisy_dynamic_recoverable,False,,,QUIET,0.9491,0.9849
0.45,24,critical_slowing_dynamic,True,860,-60,MISS,0.3385,0.7685
0.45,24,abrupt_collapse_dynamic,True,860,-60,MISS,0.2937,0.7952
0.45,25,stable_dynamic,False,,,QUIET,0.9497,0.985
0.45,25,noisy_dynamic_recoverable,False,,,QUIET,0.9193,0.9763
0.45,25,critical_slowing_dynamic,True,840,-40,MISS,0.2852,0.7606
0.45,25,abrupt_collapse_dynamic,True,860,-60,MISS,0.2933,0.7898
0.45,26,stable_dynamic,False,,,QUIET,0.9706,0.9936
0.45,26,noisy_dynamic_recoverable,False,,,QUIET,0.9398,0.9933
0.45,26,critical_slowing_dynamic,True,880,-80,MISS,0.35,0.7726
0.45,26,abrupt_collapse_dynamic,True,880,-80,MISS,0.35,0.8016
0.45,27,stable_dynamic,False,,,QUIET,0.9486,0.9926
0.45,27,noisy_dynamic_recoverable,False,,,QUIET,0.9504,0.9919
0.45,27,critical_slowing_dynamic,True,860,-60,MISS,0.35,0.7652
0.45,27,abrupt_collapse_dynamic,True,860,-60,MISS,0.296,0.7936
0.45,28,stable_dynamic,False,,,QUIET,0.9685,0.9915
0.45,28,noisy_dynamic_recoverable,False,,,QUIET,0.9395,0.9919
0.45,28,critical_slowing_dynamic,True,840,-40,MISS,0.2679,0.7624
0.45,28,abrupt_collapse_dynamic,True,880,-80,MISS,0.35,0.8001
0.45,29,stable_dynamic,False,,,QUIET,0.971,0.9953
0.45,29,noisy_dynamic_recoverable,False,,,QUIET,0.9286,0.9846
0.45,29,critical_slowing_dynamic,True,840,-40,MISS,0.311,0.7629
0.45,29,abrupt_collapse_dynamic,True,880,-80,MISS,0.35,0.8015
0.45,30,stable_dynamic,False,,,QUIET,0.9673,0.9912
0.45,30,noisy_dynamic_recoverable,False,,,QUIET,0.9306,0.9809
0.45,30,critical_slowing_dynamic,True,820,-20,MISS,0.2779,0.7495
0.45,30,abrupt_collapse_dynamic,True,880,-80,MISS,0.35,0.802
0.45,31,stable_dynamic,False,,,QUIET,0.9477,0.993
0.45,31,noisy_dynamic_recoverable,False,,,QUIET,0.9467,0.9877
0.45,31,critical_slowing_dynamic,True,840,-40,MISS,0.2631,0.7553
0.45,31,abrupt_collapse_dynamic,True,880,-80,MISS,0.35,0.8008
0.45,32,stable_dynamic,False,,,QUIET,0.9673,0.9902
0.45,32,noisy_dynamic_recoverable,False,,,QUIET,0.9413,0.986
0.45,32,critical_slowing_dynamic,True,800,0,MISS,0.2674,0.7466
0.45,32,abrupt_collapse_dynamic,True,860,-60,MISS,0.2976,0.7929
0.45,33,stable_dynamic,False,,,QUIET,0.9469,0.9907
0.45,33,noisy_dynamic_recoverable,False,,,QUIET,0.9317,0.9832
0.45,33,critical_slowing_dynamic,True,820,-20,MISS,0.2674,0.7585
0.45,33,abrupt_collapse_dynamic,True,880,-80,MISS,0.35,0.8015
0.45,34,stable_dynamic,False,,,QUIET,0.9503,0.9889
0.45,34,noisy_dynamic_recoverable,False,,,QUIET,0.9579,0.9908
0.45,34,critical_slowing_dynamic,True,860,-60,MISS,0.3378,0.771
0.45,34,abrupt_collapse_dynamic,True,880,-80,MISS,0.35,0.7996
0.45,35,stable_dynamic,False,,,QUIET,0.9521,0.9912
0.45,35,noisy_dynamic_recoverable,False,,,QUIET,0.9506,0.9877
0.45,35,critical_slowing_dynamic,True,840,-40,MISS,0.3336,0.7619
0.45,35,abrupt_collapse_dynamic,True,880,-80,MISS,0.35,0.8001
0.45,36,stable_dynamic,False,,,QUIET,0.949,0.993
0.45,36,noisy_dynamic_recoverable,False,,,QUIET,0.9329,0.9885
0.45,36,critical_slowing_dynamic,True,840,-40,MISS,0.3203,0.7606
0.45,36,abrupt_collapse_dynamic,True,880,-80,MISS,0.35,0.8003
0.45,37,stable_dynamic,False,,,QUIET,0.9493,0.9914
0.45,37,noisy_dynamic_recoverable,False,,,QUIET,0.9493,0.9873
0.45,37,critical_slowing_dynamic,True,820,-20,MISS,0.2657,0.7546
0.45,37,abrupt_collapse_dynamic,True,880,-80,MISS,0.35,0.8022
0.45,38,stable_dynamic,False,,,QUIET,0.9518,0.9927
0.45,38,noisy_dynamic_recoverable,False,,,QUIET,0.9494,0.9878
0.45,38,critical_slowing_dynamic,True,820,-20,MISS,0.2708,0.7583
0.45,38,abrupt_collapse_dynamic,True,880,-80,MISS,0.35,0.8034
0.45,39,stable_dynamic,False,,,QUIET,0.9487,0.9913
0.45,39,noisy_dynamic_recoverable,False,,,QUIET,0.9449,0.9869
0.45,39,critical_slowing_dynamic,True,840,-40,MISS,0.3415,0.758
0.45,39,abrupt_collapse_dynamic,True,880,-80,MISS,0.35,0.8004
0.45,40,stable_dynamic,False,,,QUIET,0.9901,0.9978
0.45,40,noisy_dynamic_recoverable,False,,,QUIET,0.9571,0.9933
0.45,40,critical_slowing_dynamic,True,840,-40,MISS,0.3459,0.7666
0.45,40,abrupt_collapse_dynamic,True,880,-80,MISS,0.35,0.8059
0.45,41,stable_dynamic,False,,,QUIET,0.9484,0.989
0.45,41,noisy_dynamic_recoverable,False,,,QUIET,0.9152,0.9872
0.45,41,critical_slowing_dynamic,True,860,-60,MISS,0.35,0.7602
0.45,41,abrupt_collapse_dynamic,True,880,-80,MISS,0.35,0.7972
0.45,42,stable_dynamic,False,,,QUIET,0.9498,0.9921
0.45,42,noisy_dynamic_recoverable,False,,,QUIET,0.9498,0.9923
0.45,42,critical_slowing_dynamic,True,820,-20,MISS,0.35,0.7559
0.45,42,abrupt_collapse_dynamic,True,860,-60,MISS,0.293,0.7948
0.45,43,stable_dynamic,False,,,QUIET,0.9648,0.9931
0.45,43,noisy_dynamic_recoverable,False,,,QUIET,0.9249,0.9894
0.45,43,critical_slowing_dynamic,True,820,-20,MISS,0.2915,0.7527
0.45,43,abrupt_collapse_dynamic,True,860,-60,MISS,0.2945,0.7963
0.45,44,stable_dynamic,False,,,QUIET,0.9705,0.994
0.45,44,noisy_dynamic_recoverable,False,,,QUIET,0.9635,0.9927
0.45,44,critical_slowing_dynamic,True,840,-40,MISS,0.35,0.761
0.45,44,abrupt_collapse_dynamic,True,880,-80,MISS,0.35,0.8023
0.45,45,stable_dynamic,False,,,QUIET,0.9713,0.9946
0.45,45,noisy_dynamic_recoverable,False,,,QUIET,0.9176,0.9869
0.45,45,critical_slowing_dynamic,True,840,-40,MISS,0.277,0.7655
0.45,45,abrupt_collapse_dynamic,True,880,-80,MISS,0.35,0.8011
0.45,46,stable_dynamic,False,,,QUIET,0.9488,0.9869
0.45,46,noisy_dynamic_recoverable,False,,,QUIET,0.933,0.9831
0.45,46,critical_slowing_dynamic,True,840,-40,MISS,0.2784,0.7555
0.45,46,abrupt_collapse_dynamic,True,880,-80,MISS,0.35,0.7968
0.45,47,stable_dynamic,False,,,QUIET,0.9651,0.9893
0.45,47,noisy_dynamic_recoverable,False,,,QUIET,0.9219,0.9832
0.45,47,critical_slowing_dynamic,True,840,-40,MISS,0.2613,0.7602
0.45,47,abrupt_collapse_dynamic,True,880,-80,MISS,0.35,0.7996
0.45,48,stable_dynamic,False,,,QUIET,0.9702,0.9902
0.45,48,noisy_dynamic_recoverable,False,,,QUIET,0.9022,0.9856
0.45,48,critical_slowing_dynamic,True,820,-20,MISS,0.2782,0.752
0.45,48,abrupt_collapse_dynamic,True,880,-80,MISS,0.35,0.7998
0.45,49,stable_dynamic,False,,,QUIET,0.9512,0.9917
0.45,49,noisy_dynamic_recoverable,False,,,QUIET,0.9416,0.987
0.45,49,critical_slowing_dynamic,True,840,-40,MISS,0.2843,0.7601
0.45,49,abrupt_collapse_dynamic,True,860,-60,MISS,0.2968,0.7943
0.45,50,stable_dynamic,False,,,QUIET,0.9494,0.9921
0.45,50,noisy_dynamic_recoverable,False,,,QUIET,0.9288,0.9858
0.45,50,critical_slowing_dynamic,True,840,-40,MISS,0.3035,0.7647
0.45,50,abrupt_collapse_dynamic,True,860,-60,MISS,0.2932,0.7936
0.45,51,stable_dynamic,False,,,QUIET,0.9505,0.9942
0.45,51,noisy_dynamic_recoverable,False,,,QUIET,0.9263,0.9862
0.45,51,critical_slowing_dynamic,True,800,0,MISS,0.2682,0.7416
0.45,51,abrupt_collapse_dynamic,True,880,-80,MISS,0.35,0.8008
0.45,52,stable_dynamic,False,,,QUIET,0.9504,0.991
0.45,52,noisy_dynamic_recoverable,False,,,QUIET,0.9504,0.9864
0.45,52,critical_slowing_dynamic,True,820,-20,MISS,0.286,0.7487
0.45,52,abrupt_collapse_dynamic,True,880,-80,MISS,0.35,0.8026
0.45,53,stable_dynamic,False,,,QUIET,0.9482,0.9877
0.45,53,noisy_dynamic_recoverable,False,,,QUIET,0.9474,0.9875
0.45,53,critical_slowing_dynamic,True,860,-60,MISS,0.3443,0.7664
0.45,53,abrupt_collapse_dynamic,True,880,-80,MISS,0.35,0.7966
0.45,54,stable_dynamic,False,,,QUIET,0.9692,0.994
0.45,54,noisy_dynamic_recoverable,False,,,QUIET,0.9692,0.9953
0.45,54,critical_slowing_dynamic,True,860,-60,MISS,0.3277,0.7647
0.45,54,abrupt_collapse_dynamic,True,880,-80,MISS,0.35,0.8028
0.45,55,stable_dynamic,False,,,QUIET,0.9574,0.9883
0.45,55,noisy_dynamic_recoverable,False,,,QUIET,0.9574,0.9884
0.45,55,critical_slowing_dynamic,True,860,-60,MISS,0.3477,0.7647
0.45,55,abrupt_collapse_dynamic,True,880,-80,MISS,0.35,0.798
0.45,56,stable_dynamic,False,,,QUIET,0.9706,0.9951
0.45,56,noisy_dynamic_recoverable,False,,,QUIET,0.9359,0.9895
0.45,56,critical_slowing_dynamic,True,840,-40,MISS,0.2604,0.7603
0.45,56,abrupt_collapse_dynamic,True,880,-80,MISS,0.35,0.8024
0.45,57,stable_dynamic,False,,,QUIET,0.9522,0.9918
0.45,57,noisy_dynamic_recoverable,False,,,QUIET,0.9331,0.9868
0.45,57,critical_slowing_dynamic,True,840,-40,MISS,0.3469,0.767
0.45,57,abrupt_collapse_dynamic,True,880,-80,MISS,0.35,0.801
0.45,58,stable_dynamic,False,,,QUIET,0.9682,0.9921
0.45,58,noisy_dynamic_recoverable,False,,,QUIET,0.9307,0.9809
0.45,58,critical_slowing_dynamic,True,800,0,MISS,0.29,0.7481
0.45,58,abrupt_collapse_dynamic,True,880,-80,MISS,0.35,0.8001
0.45,59,stable_dynamic,False,,,QUIET,0.9515,0.9933
0.45,59,noisy_dynamic_recoverable,False,,,QUIET,0.9528,0.9907
0.45,59,critical_slowing_dynamic,True,840,-40,MISS,0.2918,0.7594
0.45,59,abrupt_collapse_dynamic,True,880,-80,MISS,0.35,0.8016
0.45,60,stable_dynamic,False,,,QUIET,0.9655,0.9936
0.45,60,noisy_dynamic_recoverable,False,,,QUIET,0.9016,0.9876
0.45,60,critical_slowing_dynamic,True,820,-20,MISS,0.2875,0.7522
0.45,60,abrupt_collapse_dynamic,True,880,-80,MISS,0.35,0.7999
0.45,61,stable_dynamic,False,,,QUIET,0.9484,0.989
0.45,61,noisy_dynamic_recoverable,False,,,QUIET,0.9104,0.9835
0.45,61,critical_slowing_dynamic,True,840,-40,MISS,0.2753,0.7587
0.45,61,abrupt_collapse_dynamic,True,880,-80,MISS,0.35,0.796
0.45,62,stable_dynamic,False,,,QUIET,0.9675,0.9937
0.45,62,noisy_dynamic_recoverable,False,,,QUIET,0.9046,0.9844
0.45,62,critical_slowing_dynamic,True,820,-20,MISS,0.2836,0.7453
0.45,62,abrupt_collapse_dynamic,True,880,-80,MISS,0.35,0.8019
0.45,63,stable_dynamic,False,,,QUIET,0.9705,0.9948
0.45,63,noisy_dynamic_recoverable,False,,,QUIET,0.9598,0.9918
0.45,63,critical_slowing_dynamic,True,820,-20,MISS,0.2545,0.7574
0.45,63,abrupt_collapse_dynamic,True,880,-80,MISS,0.35,0.8014
0.45,64,stable_dynamic,False,,,QUIET,0.9701,0.994
0.45,64,noisy_dynamic_recoverable,False,,,QUIET,0.9388,0.9902
0.45,64,critical_slowing_dynamic,True,860,-60,MISS,0.2829,0.7616
0.45,64,abrupt_collapse_dynamic,True,880,-80,MISS,0.35,0.8037
0.45,65,stable_dynamic,False,,,QUIET,0.9483,0.9902
0.45,65,noisy_dynamic_recoverable,False,,,QUIET,0.9192,0.9847
0.45,65,critical_slowing_dynamic,True,800,0,MISS,0.2676,0.7372
0.45,65,abrupt_collapse_dynamic,True,860,-60,MISS,0.2949,0.7907
0.45,66,stable_dynamic,False,,,QUIET,0.9675,0.9951
0.45,66,noisy_dynamic_recoverable,False,,,QUIET,0.9652,0.9904
0.45,66,critical_slowing_dynamic,True,840,-40,MISS,0.35,0.7603
0.45,66,abrupt_collapse_dynamic,True,860,-60,MISS,0.2946,0.796
0.45,67,stable_dynamic,False,,,QUIET,0.9716,0.9938
0.45,67,noisy_dynamic_recoverable,False,,,QUIET,0.9285,0.9867
0.45,67,critical_slowing_dynamic,True,860,-60,MISS,0.35,0.7694
0.45,67,abrupt_collapse_dynamic,True,880,-80,MISS,0.35,0.8036
0.45,68,stable_dynamic,False,,,QUIET,0.9704,0.9916
0.45,68,noisy_dynamic_recoverable,False,,,QUIET,0.9282,0.9841
0.45,68,critical_slowing_dynamic,True,800,0,MISS,0.2689,0.7447
0.45,68,abrupt_collapse_dynamic,True,880,-80,MISS,0.35,0.8002
0.45,69,stable_dynamic,False,,,QUIET,0.9659,0.9944
0.45,69,noisy_dynamic_recoverable,False,,,QUIET,0.9593,0.9912
0.45,69,critical_slowing_dynamic,True,840,-40,MISS,0.3457,0.7582
0.45,69,abrupt_collapse_dynamic,True,880,-80,MISS,0.35,0.8053
0.45,70,stable_dynamic,False,,,QUIET,0.9498,0.9888
0.45,70,noisy_dynamic_recoverable,False,,,QUIET,0.9498,0.9882
0.45,70,critical_slowing_dynamic,True,820,-20,MISS,0.2688,0.7511
0.45,70,abrupt_collapse_dynamic,True,880,-80,MISS,0.35,0.8003
0.45,71,stable_dynamic,False,,,QUIET,0.9636,0.9919
0.45,71,noisy_dynamic_recoverable,False,,,QUIET,0.8965,0.9821
0.45,71,critical_slowing_dynamic,True,860,-60,MISS,0.3279,0.7718
0.45,71,abrupt_collapse_dynamic,True,880,-80,MISS,0.35,0.8023
0.45,72,stable_dynamic,False,,,QUIET,0.9488,0.9873
0.45,72,noisy_dynamic_recoverable,False,,,QUIET,0.9488,0.987
0.45,72,critical_slowing_dynamic,True,820,-20,MISS,0.2741,0.7478
0.45,72,abrupt_collapse_dynamic,True,880,-80,MISS,0.35,0.7967
0.45,73,stable_dynamic,False,,,QUIET,0.9502,0.9918
0.45,73,noisy_dynamic_recoverable,False,,,QUIET,0.9424,0.9879
0.45,73,critical_slowing_dynamic,True,820,-20,MISS,0.2617,0.757
0.45,73,abrupt_collapse_dynamic,True,880,-80,MISS,0.35,0.7978
0.45,74,stable_dynamic,False,,,QUIET,0.9674,0.991
0.45,74,noisy_dynamic_recoverable,False,,,QUIET,0.9644,0.9891
0.45,74,critical_slowing_dynamic,True,820,-20,MISS,0.2849,0.7563
0.45,74,abrupt_collapse_dynamic,True,880,-80,MISS,0.35,0.8004
0.45,75,stable_dynamic,False,,,QUIET,0.9471,0.9918
0.45,75,noisy_dynamic_recoverable,False,,,QUIET,0.9622,0.9905
0.45,75,critical_slowing_dynamic,True,840,-40,MISS,0.2687,0.7556
0.45,75,abrupt_collapse_dynamic,True,880,-80,MISS,0.35,0.7998
0.45,76,stable_dynamic,False,,,QUIET,0.9487,0.9923
0.45,76,noisy_dynamic_recoverable,False,,,QUIET,0.9487,0.987
0.45,76,critical_slowing_dynamic,True,840,-40,MISS,0.2803,0.7544
0.45,76,abrupt_collapse_dynamic,True,880,-80,MISS,0.35,0.8018
0.45,77,stable_dynamic,False,,,QUIET,0.9715,0.9919
0.45,77,noisy_dynamic_recoverable,False,,,QUIET,0.9534,0.9911
0.45,77,critical_slowing_dynamic,True,820,-20,MISS,0.2827,0.7529
0.45,77,abrupt_collapse_dynamic,True,880,-80,MISS,0.35,0.7998
0.45,78,stable_dynamic,False,,,QUIET,0.9439,0.9898
0.45,78,noisy_dynamic_recoverable,False,,,QUIET,0.9083,0.984
0.45,78,critical_slowing_dynamic,True,820,-20,MISS,0.2738,0.7524
0.45,78,abrupt_collapse_dynamic,True,880,-80,MISS,0.35,0.7988
0.45,79,stable_dynamic,False,,,QUIET,0.968,0.9919
0.45,79,noisy_dynamic_recoverable,False,,,QUIET,0.9479,0.9895
0.45,79,critical_slowing_dynamic,True,860,-60,MISS,0.35,0.7634
0.45,79,abrupt_collapse_dynamic,True,880,-80,MISS,0.35,0.7988
0.45,80,stable_dynamic,False,,,QUIET,0.9482,0.9917
0.45,80,noisy_dynamic_recoverable,False,,,QUIET,0.9209,0.987
0.45,80,critical_slowing_dynamic,True,860,-60,MISS,0.2851,0.7676
0.45,80,abrupt_collapse_dynamic,True,880,-80,MISS,0.35,0.8017
0.45,81,stable_dynamic,False,,,QUIET,0.9657,0.9955
0.45,81,noisy_dynamic_recoverable,False,,,QUIET,0.8875,0.9857
0.45,81,critical_slowing_dynamic,True,820,-20,MISS,0.3137,0.7526
0.45,81,abrupt_collapse_dynamic,True,880,-80,MISS,0.35,0.8029
0.45,82,stable_dynamic,False,,,QUIET,0.9704,0.9928
0.45,82,noisy_dynamic_recoverable,False,,,QUIET,0.9505,0.9891
0.45,82,critical_slowing_dynamic,True,820,-20,MISS,0.2954,0.7508
0.45,82,abrupt_collapse_dynamic,True,880,-80,MISS,0.35,0.8001
0.45,83,stable_dynamic,False,,,QUIET,0.9484,0.99
0.45,83,noisy_dynamic_recoverable,False,,,QUIET,0.9581,0.9901
0.45,83,critical_slowing_dynamic,True,840,-40,MISS,0.35,0.7598
0.45,83,abrupt_collapse_dynamic,True,860,-60,MISS,0.294,0.7916
0.45,84,stable_dynamic,False,,,QUIET,0.9712,0.9926
0.45,84,noisy_dynamic_recoverable,False,,,QUIET,0.9416,0.9879
0.45,84,critical_slowing_dynamic,True,820,-20,MISS,0.3415,0.7598
0.45,84,abrupt_collapse_dynamic,True,860,-60,MISS,0.2948,0.7933
0.45,85,stable_dynamic,False,,,QUIET,0.9712,0.9933
0.45,85,noisy_dynamic_recoverable,False,,,QUIET,0.9512,0.9912
0.45,85,critical_slowing_dynamic,True,840,-40,MISS,0.3381,0.762
0.45,85,abrupt_collapse_dynamic,True,880,-80,MISS,0.35,0.8023
0.45,86,stable_dynamic,False,,,QUIET,0.9488,0.994
0.45,86,noisy_dynamic_recoverable,False,,,QUIET,0.9332,0.9912
0.45,86,critical_slowing_dynamic,True,840,-40,MISS,0.35,0.7625
0.45,86,abrupt_collapse_dynamic,True,860,-60,MISS,0.2931,0.7955
0.45,87,stable_dynamic,False,,,QUIET,0.9488,0.9905
0.45,87,noisy_dynamic_recoverable,False,,,QUIET,0.9298,0.9861
0.45,87,critical_slowing_dynamic,True,840,-40,MISS,0.35,0.7573
0.45,87,abrupt_collapse_dynamic,True,880,-80,MISS,0.3476,0.7987
0.45,88,stable_dynamic,False,,,QUIET,0.9497,0.9922
0.45,88,noisy_dynamic_recoverable,False,,,QUIET,0.873,0.9817
0.45,88,critical_slowing_dynamic,True,840,-40,MISS,0.2749,0.7558
0.45,88,abrupt_collapse_dynamic,True,860,-60,MISS,0.2936,0.7966
0.45,89,stable_dynamic,False,,,QUIET,0.9661,0.9901
0.45,89,noisy_dynamic_recoverable,False,,,QUIET,0.9407,0.9853
0.45,89,critical_slowing_dynamic,True,820,-20,MISS,0.2615,0.7557
0.45,89,abrupt_collapse_dynamic,True,880,-80,MISS,0.35,0.8005
0.45,90,stable_dynamic,False,,,QUIET,0.9467,0.991
0.45,90,noisy_dynamic_recoverable,False,,,QUIET,0.9467,0.9871
0.45,90,critical_slowing_dynamic,True,840,-40,MISS,0.2977,0.7583
0.45,90,abrupt_collapse_dynamic,True,880,-80,MISS,0.35,0.7995
0.45,91,stable_dynamic,False,,,QUIET,0.9487,0.9921
0.45,91,noisy_dynamic_recoverable,False,,,QUIET,0.9487,0.9893
0.45,91,critical_slowing_dynamic,True,840,-40,MISS,0.3493,0.7576
0.45,91,abrupt_collapse_dynamic,True,880,-80,MISS,0.35,0.8021
0.45,92,stable_dynamic,False,,,QUIET,0.9667,0.992
0.45,92,noisy_dynamic_recoverable,False,,,QUIET,0.9217,0.9818
0.45,92,critical_slowing_dynamic,True,820,-20,MISS,0.2805,0.7507
0.45,92,abrupt_collapse_dynamic,True,860,-60,MISS,0.2965,0.795
0.45,93,stable_dynamic,False,,,QUIET,0.9672,0.9896
0.45,93,noisy_dynamic_recoverable,False,,,QUIET,0.9615,0.9884
0.45,93,critical_slowing_dynamic,True,820,-20,MISS,0.2645,0.7573
0.45,93,abrupt_collapse_dynamic,True,880,-80,MISS,0.35,0.7998
0.45,94,stable_dynamic,False,,,QUIET,0.9447,0.9897
0.45,94,noisy_dynamic_recoverable,False,,,QUIET,0.9309,0.9865
0.45,94,critical_slowing_dynamic,True,860,-60,MISS,0.3481,0.7608
0.45,94,abrupt_collapse_dynamic,True,880,-80,MISS,0.35,0.7996
0.45,95,stable_dynamic,False,,,QUIET,0.9479,0.9898
0.45,95,noisy_dynamic_recoverable,False,,,QUIET,0.9217,0.9849
0.45,95,critical_slowing_dynamic,True,840,-40,MISS,0.3343,0.7552
0.45,95,abrupt_collapse_dynamic,True,860,-60,MISS,0.2939,0.7929
0.45,96,stable_dynamic,False,,,QUIET,0.9579,0.9918
0.45,96,noisy_dynamic_recoverable,False,,,QUIET,0.9233,0.9845
0.45,96,critical_slowing_dynamic,True,820,-20,MISS,0.285,0.7452
0.45,96,abrupt_collapse_dynamic,True,880,-80,MISS,0.35,0.7988
0.45,97,stable_dynamic,False,,,QUIET,0.9675,0.9922
0.45,97,noisy_dynamic_recoverable,False,,,QUIET,0.967,0.9913
0.45,97,critical_slowing_dynamic,True,840,-40,MISS,0.3485,0.754
0.45,97,abrupt_collapse_dynamic,True,880,-80,MISS,0.35,0.8034
0.45,98,stable_dynamic,False,,,QUIET,0.9463,0.9863
0.45,98,noisy_dynamic_recoverable,False,,,QUIET,0.9423,0.984
0.45,98,critical_slowing_dynamic,True,820,-20,MISS,0.35,0.7461
0.45,98,abrupt_collapse_dynamic,True,880,-80,MISS,0.35,0.7978
0.45,99,stable_dynamic,False,,,QUIET,0.9492,0.9888
0.45,99,noisy_dynamic_recoverable,False,,,QUIET,0.9244,0.9809
0.45,99,critical_slowing_dynamic,True,820,-20,MISS,0.2703,0.7498
0.45,99,abrupt_collapse_dynamic,True,880,-80,MISS,0.35,0.7952
0.45,100,stable_dynamic,False,,,QUIET,0.9677,0.991
0.45,100,noisy_dynamic_recoverable,False,,,QUIET,0.9397,0.9847
0.45,100,critical_slowing_dynamic,True,820,-20,MISS,0.2543,0.7508
0.45,100,abrupt_collapse_dynamic,True,880,-80,MISS,0.35,0.8024
0.5,1,stable_dynamic,False,,,QUIET,0.969,0.9926
0.5,1,noisy_dynamic_recoverable,False,,,QUIET,0.9323,0.9914
0.5,1,critical_slowing_dynamic,True,820,-20,MISS,0.2781,0.7606
0.5,1,abrupt_collapse_dynamic,True,860,-60,MISS,0.35,0.8002
0.5,2,stable_dynamic,False,,,QUIET,0.9703,0.9933
0.5,2,noisy_dynamic_recoverable,False,,,QUIET,0.9361,0.9871
0.5,2,critical_slowing_dynamic,True,860,-60,MISS,0.3335,0.7663
0.5,2,abrupt_collapse_dynamic,True,860,-60,MISS,0.2942,0.7943
0.5,3,stable_dynamic,False,,,QUIET,0.967,0.9898
0.5,3,noisy_dynamic_recoverable,False,,,QUIET,0.9372,0.9865
0.5,3,critical_slowing_dynamic,True,840,-40,MISS,0.2663,0.7632
0.5,3,abrupt_collapse_dynamic,True,860,-60,MISS,0.35,0.8009
0.5,4,stable_dynamic,False,,,QUIET,0.9495,0.9903
0.5,4,noisy_dynamic_recoverable,False,,,QUIET,0.8844,0.9826
0.5,4,critical_slowing_dynamic,True,840,-40,MISS,0.3366,0.7619
0.5,4,abrupt_collapse_dynamic,True,860,-60,MISS,0.2941,0.7957
0.5,5,stable_dynamic,False,,,QUIET,0.9579,0.9909
0.5,5,noisy_dynamic_recoverable,False,,,QUIET,0.9422,0.9864
0.5,5,critical_slowing_dynamic,True,820,-20,MISS,0.2731,0.7523
0.5,5,abrupt_collapse_dynamic,True,860,-60,MISS,0.35,0.7981
0.5,6,stable_dynamic,False,,,QUIET,0.9693,0.9927
0.5,6,noisy_dynamic_recoverable,False,,,QUIET,0.9357,0.985
0.5,6,critical_slowing_dynamic,True,820,-20,MISS,0.3485,0.753
0.5,6,abrupt_collapse_dynamic,True,860,-60,MISS,0.35,0.7987
0.5,7,stable_dynamic,False,,,QUIET,0.9499,0.9915
0.5,7,noisy_dynamic_recoverable,False,,,QUIET,0.912,0.9815
0.5,7,critical_slowing_dynamic,True,840,-40,MISS,0.3208,0.7671
0.5,7,abrupt_collapse_dynamic,True,860,-60,MISS,0.35,0.7992
0.5,8,stable_dynamic,False,,,QUIET,0.9719,0.9923
0.5,8,noisy_dynamic_recoverable,False,,,QUIET,0.9576,0.9926
0.5,8,critical_slowing_dynamic,True,840,-40,MISS,0.3071,0.768
0.5,8,abrupt_collapse_dynamic,True,860,-60,MISS,0.2935,0.7929
0.5,9,stable_dynamic,False,,,QUIET,0.9672,0.992
0.5,9,noisy_dynamic_recoverable,False,,,QUIET,0.938,0.9878
0.5,9,critical_slowing_dynamic,True,820,-20,MISS,0.2751,0.7602
0.5,9,abrupt_collapse_dynamic,True,860,-60,MISS,0.35,0.799
0.5,10,stable_dynamic,False,,,QUIET,0.9707,0.9893
0.5,10,noisy_dynamic_recoverable,False,,,QUIET,0.9439,0.987
0.5,10,critical_slowing_dynamic,True,840,-40,MISS,0.3497,0.7678
0.5,10,abrupt_collapse_dynamic,True,860,-60,MISS,0.2939,0.7922
0.5,11,stable_dynamic,False,,,QUIET,0.9661,0.9927
0.5,11,noisy_dynamic_recoverable,False,,,QUIET,0.9008,0.9837
0.5,11,critical_slowing_dynamic,True,840,-40,MISS,0.2795,0.765
0.5,11,abrupt_collapse_dynamic,True,860,-60,MISS,0.35,0.803
0.5,12,stable_dynamic,False,,,QUIET,0.9657,0.9902
0.5,12,noisy_dynamic_recoverable,False,,,QUIET,0.9539,0.9878
0.5,12,critical_slowing_dynamic,True,840,-40,MISS,0.3456,0.7644
0.5,12,abrupt_collapse_dynamic,True,860,-60,MISS,0.35,0.8004
0.5,13,stable_dynamic,False,,,QUIET,0.9704,0.9918
0.5,13,noisy_dynamic_recoverable,False,,,QUIET,0.9578,0.991
0.5,13,critical_slowing_dynamic,True,820,-20,MISS,0.2594,0.7559
0.5,13,abrupt_collapse_dynamic,True,860,-60,MISS,0.2943,0.7948
0.5,14,stable_dynamic,False,,,QUIET,0.9683,0.9931
0.5,14,noisy_dynamic_recoverable,False,,,QUIET,0.9465,0.9883
0.5,14,critical_slowing_dynamic,True,860,-60,MISS,0.3265,0.7688
0.5,14,abrupt_collapse_dynamic,True,860,-60,MISS,0.35,0.8013
0.5,15,stable_dynamic,False,,,QUIET,0.9495,0.9858
0.5,15,noisy_dynamic_recoverable,False,,,QUIET,0.923,0.9808
0.5,15,critical_slowing_dynamic,True,840,-40,MISS,0.3296,0.7617
0.5,15,abrupt_collapse_dynamic,True,860,-60,MISS,0.35,0.7969
0.5,16,stable_dynamic,False,,,QUIET,0.9687,0.9911
0.5,16,noisy_dynamic_recoverable,False,,,QUIET,0.9603,0.9913
0.5,16,critical_slowing_dynamic,True,820,-20,MISS,0.35,0.7598
0.5,16,abrupt_collapse_dynamic,True,860,-60,MISS,0.2926,0.7926
0.5,17,stable_dynamic,False,,,QUIET,0.9494,0.9932
0.5,17,noisy_dynamic_recoverable,False,,,QUIET,0.9487,0.9884
0.5,17,critical_slowing_dynamic,True,800,0,MISS,0.2671,0.7461
0.5,17,abrupt_collapse_dynamic,True,860,-60,MISS,0.35,0.8017
0.5,18,stable_dynamic,False,,,QUIET,0.9705,0.9938
0.5,18,noisy_dynamic_recoverable,False,,,QUIET,0.946,0.99
0.5,18,critical_slowing_dynamic,True,820,-20,MISS,0.2764,0.7636
0.5,18,abrupt_collapse_dynamic,True,860,-60,MISS,0.35,0.8028
0.5,19,stable_dynamic,False,,,QUIET,0.9688,0.9939
0.5,19,noisy_dynamic_recoverable,False,,,QUIET,0.9688,0.994
0.5,19,critical_slowing_dynamic,True,820,-20,MISS,0.2719,0.7611
0.5,19,abrupt_collapse_dynamic,True,860,-60,MISS,0.35,0.8027
0.5,20,stable_dynamic,False,,,QUIET,0.9676,0.9924
0.5,20,noisy_dynamic_recoverable,False,,,QUIET,0.9372,0.9848
0.5,20,critical_slowing_dynamic,True,800,0,MISS,0.35,0.754
0.5,20,abrupt_collapse_dynamic,True,860,-60,MISS,0.35,0.8025
0.5,21,stable_dynamic,False,,,QUIET,0.9484,0.9914
0.5,21,noisy_dynamic_recoverable,False,,,QUIET,0.9116,0.9828
0.5,21,critical_slowing_dynamic,True,800,0,MISS,0.2708,0.7454
0.5,21,abrupt_collapse_dynamic,True,860,-60,MISS,0.2931,0.7931
0.5,22,stable_dynamic,False,,,QUIET,0.9654,0.9924
0.5,22,noisy_dynamic_recoverable,False,,,QUIET,0.9567,0.9893
0.5,22,critical_slowing_dynamic,True,840,-40,MISS,0.3026,0.7643
0.5,22,abrupt_collapse_dynamic,True,860,-60,MISS,0.35,0.8025
0.5,23,stable_dynamic,False,,,QUIET,0.9712,0.9941
0.5,23,noisy_dynamic_recoverable,False,,,QUIET,0.9305,0.9907
0.5,23,critical_slowing_dynamic,True,840,-40,MISS,0.2726,0.7626
0.5,23,abrupt_collapse_dynamic,True,860,-60,MISS,0.35,0.8023
0.5,24,stable_dynamic,False,,,QUIET,0.9491,0.9896
0.5,24,noisy_dynamic_recoverable,False,,,QUIET,0.9491,0.9849
0.5,24,critical_slowing_dynamic,True,860,-60,MISS,0.3385,0.7685
0.5,24,abrupt_collapse_dynamic,True,860,-60,MISS,0.2937,0.7952
0.5,25,stable_dynamic,False,,,QUIET,0.9497,0.985
0.5,25,noisy_dynamic_recoverable,False,,,QUIET,0.9193,0.9763
0.5,25,critical_slowing_dynamic,True,820,-20,MISS,0.2852,0.7606
0.5,25,abrupt_collapse_dynamic,True,860,-60,MISS,0.2933,0.7898
0.5,26,stable_dynamic,False,,,QUIET,0.9706,0.9936
0.5,26,noisy_dynamic_recoverable,False,,,QUIET,0.9398,0.9933
0.5,26,critical_slowing_dynamic,True,860,-60,MISS,0.35,0.7726
0.5,26,abrupt_collapse_dynamic,True,860,-60,MISS,0.35,0.8016
0.5,27,stable_dynamic,False,,,QUIET,0.9486,0.9926
0.5,27,noisy_dynamic_recoverable,False,,,QUIET,0.9504,0.9919
0.5,27,critical_slowing_dynamic,True,840,-40,MISS,0.35,0.7652
0.5,27,abrupt_collapse_dynamic,True,860,-60,MISS,0.296,0.7936
0.5,28,stable_dynamic,False,,,QUIET,0.9685,0.9915
0.5,28,noisy_dynamic_recoverable,False,,,QUIET,0.9395,0.9919
0.5,28,critical_slowing_dynamic,True,820,-20,MISS,0.2679,0.7624
0.5,28,abrupt_collapse_dynamic,True,860,-60,MISS,0.35,0.8001
0.5,29,stable_dynamic,False,,,QUIET,0.971,0.9953
0.5,29,noisy_dynamic_recoverable,False,,,QUIET,0.9286,0.9846
0.5,29,critical_slowing_dynamic,True,840,-40,MISS,0.311,0.7629
0.5,29,abrupt_collapse_dynamic,True,860,-60,MISS,0.35,0.8015
0.5,30,stable_dynamic,False,,,QUIET,0.9673,0.9912
0.5,30,noisy_dynamic_recoverable,False,,,QUIET,0.9306,0.9809
0.5,30,critical_slowing_dynamic,True,800,0,MISS,0.2779,0.7495
0.5,30,abrupt_collapse_dynamic,True,860,-60,MISS,0.35,0.802
0.5,31,stable_dynamic,False,,,QUIET,0.9477,0.993
0.5,31,noisy_dynamic_recoverable,False,,,QUIET,0.9467,0.9877
0.5,31,critical_slowing_dynamic,True,820,-20,MISS,0.2631,0.7553
0.5,31,abrupt_collapse_dynamic,True,860,-60,MISS,0.35,0.8008
0.5,32,stable_dynamic,False,,,QUIET,0.9673,0.9902
0.5,32,noisy_dynamic_recoverable,False,,,QUIET,0.9413,0.986
0.5,32,critical_slowing_dynamic,True,800,0,MISS,0.2674,0.7466
0.5,32,abrupt_collapse_dynamic,True,860,-60,MISS,0.2976,0.7929
0.5,33,stable_dynamic,False,,,QUIET,0.9469,0.9907
0.5,33,noisy_dynamic_recoverable,False,,,QUIET,0.9317,0.9832
0.5,33,critical_slowing_dynamic,True,820,-20,MISS,0.2674,0.7585
0.5,33,abrupt_collapse_dynamic,True,860,-60,MISS,0.35,0.8015
0.5,34,stable_dynamic,False,,,QUIET,0.9503,0.9889
0.5,34,noisy_dynamic_recoverable,False,,,QUIET,0.9579,0.9908
0.5,34,critical_slowing_dynamic,True,860,-60,MISS,0.3378,0.771
0.5,34,abrupt_collapse_dynamic,True,860,-60,MISS,0.35,0.7996
0.5,35,stable_dynamic,False,,,QUIET,0.9521,0.9912
0.5,35,noisy_dynamic_recoverable,False,,,QUIET,0.9506,0.9877
0.5,35,critical_slowing_dynamic,True,840,-40,MISS,0.3336,0.7619
0.5,35,abrupt_collapse_dynamic,True,860,-60,MISS,0.35,0.8001
0.5,36,stable_dynamic,False,,,QUIET,0.949,0.993
0.5,36,noisy_dynamic_recoverable,False,,,QUIET,0.9329,0.9885
0.5,36,critical_slowing_dynamic,True,820,-20,MISS,0.3203,0.7606
0.5,36,abrupt_collapse_dynamic,True,860,-60,MISS,0.35,0.8003
0.5,37,stable_dynamic,False,,,QUIET,0.9493,0.9914
0.5,37,noisy_dynamic_recoverable,False,,,QUIET,0.9493,0.9873
0.5,37,critical_slowing_dynamic,True,820,-20,MISS,0.2657,0.7546
0.5,37,abrupt_collapse_dynamic,True,860,-60,MISS,0.35,0.8022
0.5,38,stable_dynamic,False,,,QUIET,0.9518,0.9927
0.5,38,noisy_dynamic_recoverable,False,,,QUIET,0.9494,0.9878
0.5,38,critical_slowing_dynamic,True,820,-20,MISS,0.2708,0.7583
0.5,38,abrupt_collapse_dynamic,True,860,-60,MISS,0.35,0.8034
0.5,39,stable_dynamic,False,,,QUIET,0.9487,0.9913
0.5,39,noisy_dynamic_recoverable,False,,,QUIET,0.9449,0.9869
0.5,39,critical_slowing_dynamic,True,840,-40,MISS,0.3415,0.758
0.5,39,abrupt_collapse_dynamic,True,860,-60,MISS,0.35,0.8004
0.5,40,stable_dynamic,False,,,QUIET,0.9901,0.9978
0.5,40,noisy_dynamic_recoverable,False,,,QUIET,0.9571,0.9933
0.5,40,critical_slowing_dynamic,True,840,-40,MISS,0.3459,0.7666
0.5,40,abrupt_collapse_dynamic,True,860,-60,MISS,0.35,0.8059
0.5,41,stable_dynamic,False,,,QUIET,0.9484,0.989
0.5,41,noisy_dynamic_recoverable,False,,,QUIET,0.9152,0.9872
0.5,41,critical_slowing_dynamic,True,840,-40,MISS,0.35,0.7602
0.5,41,abrupt_collapse_dynamic,True,860,-60,MISS,0.35,0.7972
0.5,42,stable_dynamic,False,,,QUIET,0.9498,0.9921
0.5,42,noisy_dynamic_recoverable,False,,,QUIET,0.9498,0.9923
0.5,42,critical_slowing_dynamic,True,800,0,MISS,0.35,0.7559
0.5,42,abrupt_collapse_dynamic,True,860,-60,MISS,0.293,0.7948
0.5,43,stable_dynamic,False,,,QUIET,0.9648,0.9931
0.5,43,noisy_dynamic_recoverable,False,,,QUIET,0.9249,0.9894
0.5,43,critical_slowing_dynamic,True,800,0,MISS,0.2915,0.7527
0.5,43,abrupt_collapse_dynamic,True,860,-60,MISS,0.2945,0.7963
0.5,44,stable_dynamic,False,,,QUIET,0.9705,0.994
0.5,44,noisy_dynamic_recoverable,False,,,QUIET,0.9635,0.9927
0.5,44,critical_slowing_dynamic,True,820,-20,MISS,0.35,0.761
0.5,44,abrupt_collapse_dynamic,True,860,-60,MISS,0.35,0.8023
0.5,45,stable_dynamic,False,,,QUIET,0.9713,0.9946
0.5,45,noisy_dynamic_recoverable,False,,,QUIET,0.9176,0.9869
0.5,45,critical_slowing_dynamic,True,840,-40,MISS,0.277,0.7655
0.5,45,abrupt_collapse_dynamic,True,860,-60,MISS,0.35,0.8011
0.5,46,stable_dynamic,False,,,QUIET,0.9488,0.9869
0.5,46,noisy_dynamic_recoverable,False,,,QUIET,0.933,0.9831
0.5,46,critical_slowing_dynamic,True,820,-20,MISS,0.2784,0.7555
0.5,46,abrupt_collapse_dynamic,True,860,-60,MISS,0.35,0.7968
0.5,47,stable_dynamic,False,,,QUIET,0.9651,0.9893
0.5,47,noisy_dynamic_recoverable,False,,,QUIET,0.9219,0.9832
0.5,47,critical_slowing_dynamic,True,840,-40,MISS,0.2613,0.7602
0.5,47,abrupt_collapse_dynamic,True,860,-60,MISS,0.35,0.7996
0.5,48,stable_dynamic,False,,,QUIET,0.9702,0.9902
0.5,48,noisy_dynamic_recoverable,False,,,QUIET,0.9022,0.9856
0.5,48,critical_slowing_dynamic,True,800,0,MISS,0.2782,0.752
0.5,48,abrupt_collapse_dynamic,True,860,-60,MISS,0.35,0.7998
0.5,49,stable_dynamic,False,,,QUIET,0.9512,0.9917
0.5,49,noisy_dynamic_recoverable,False,,,QUIET,0.9416,0.987
0.5,49,critical_slowing_dynamic,True,820,-20,MISS,0.2843,0.7601
0.5,49,abrupt_collapse_dynamic,True,860,-60,MISS,0.2968,0.7943
0.5,50,stable_dynamic,False,,,QUIET,0.9494,0.9921
0.5,50,noisy_dynamic_recoverable,False,,,QUIET,0.9288,0.9858
0.5,50,critical_slowing_dynamic,True,840,-40,MISS,0.3035,0.7647
0.5,50,abrupt_collapse_dynamic,True,860,-60,MISS,0.2932,0.7936
0.5,51,stable_dynamic,False,,,QUIET,0.9505,0.9942
0.5,51,noisy_dynamic_recoverable,False,,,QUIET,0.9263,0.9862
0.5,51,critical_slowing_dynamic,True,800,0,MISS,0.2682,0.7416
0.5,51,abrupt_collapse_dynamic,True,860,-60,MISS,0.35,0.8008
0.5,52,stable_dynamic,False,,,QUIET,0.9504,0.991
0.5,52,noisy_dynamic_recoverable,False,,,QUIET,0.9504,0.9864
0.5,52,critical_slowing_dynamic,True,800,0,MISS,0.286,0.7487
0.5,52,abrupt_collapse_dynamic,True,860,-60,MISS,0.35,0.8026
0.5,53,stable_dynamic,False,,,QUIET,0.9482,0.9877
0.5,53,noisy_dynamic_recoverable,False,,,QUIET,0.9474,0.9875
0.5,53,critical_slowing_dynamic,True,840,-40,MISS,0.3443,0.7664
0.5,53,abrupt_collapse_dynamic,True,860,-60,MISS,0.35,0.7966
0.5,54,stable_dynamic,False,,,QUIET,0.9692,0.994
0.5,54,noisy_dynamic_recoverable,False,,,QUIET,0.9692,0.9953
0.5,54,critical_slowing_dynamic,True,840,-40,MISS,0.3277,0.7647
0.5,54,abrupt_collapse_dynamic,True,860,-60,MISS,0.35,0.8028
0.5,55,stable_dynamic,False,,,QUIET,0.9574,0.9883
0.5,55,noisy_dynamic_recoverable,False,,,QUIET,0.9574,0.9884
0.5,55,critical_slowing_dynamic,True,840,-40,MISS,0.3477,0.7647
0.5,55,abrupt_collapse_dynamic,True,860,-60,MISS,0.35,0.798
0.5,56,stable_dynamic,False,,,QUIET,0.9706,0.9951
0.5,56,noisy_dynamic_recoverable,False,,,QUIET,0.9359,0.9895
0.5,56,critical_slowing_dynamic,True,820,-20,MISS,0.2604,0.7603
0.5,56,abrupt_collapse_dynamic,True,860,-60,MISS,0.35,0.8024
0.5,57,stable_dynamic,False,,,QUIET,0.9522,0.9918
0.5,57,noisy_dynamic_recoverable,False,,,QUIET,0.9331,0.9868
0.5,57,critical_slowing_dynamic,True,840,-40,MISS,0.3469,0.767
0.5,57,abrupt_collapse_dynamic,True,860,-60,MISS,0.35,0.801
0.5,58,stable_dynamic,False,,,QUIET,0.9682,0.9921
0.5,58,noisy_dynamic_recoverable,False,,,QUIET,0.9307,0.9809
0.5,58,critical_slowing_dynamic,True,780,20,EARLY_WARNING,0.29,0.7481
0.5,58,abrupt_collapse_dynamic,True,860,-60,MISS,0.35,0.8001
0.5,59,stable_dynamic,False,,,QUIET,0.9515,0.9933
0.5,59,noisy_dynamic_recoverable,False,,,QUIET,0.9528,0.9907
0.5,59,critical_slowing_dynamic,True,820,-20,MISS,0.2918,0.7594
0.5,59,abrupt_collapse_dynamic,True,860,-60,MISS,0.35,0.8016
0.5,60,stable_dynamic,False,,,QUIET,0.9655,0.9936
0.5,60,noisy_dynamic_recoverable,False,,,QUIET,0.9016,0.9876
0.5,60,critical_slowing_dynamic,True,800,0,MISS,0.2875,0.7522
0.5,60,abrupt_collapse_dynamic,True,860,-60,MISS,0.35,0.7999
0.5,61,stable_dynamic,False,,,QUIET,0.9484,0.989
0.5,61,noisy_dynamic_recoverable,False,,,QUIET,0.9104,0.9835
0.5,61,critical_slowing_dynamic,True,840,-40,MISS,0.2753,0.7587
0.5,61,abrupt_collapse_dynamic,True,860,-60,MISS,0.35,0.796
0.5,62,stable_dynamic,False,,,QUIET,0.9675,0.9937
0.5,62,noisy_dynamic_recoverable,False,,,QUIET,0.9046,0.9844
0.5,62,critical_slowing_dynamic,True,800,0,MISS,0.2836,0.7453
0.5,62,abrupt_collapse_dynamic,True,860,-60,MISS,0.35,0.8019
0.5,63,stable_dynamic,False,,,QUIET,0.9705,0.9948
0.5,63,noisy_dynamic_recoverable,False,,,QUIET,0.9598,0.9918
0.5,63,critical_slowing_dynamic,True,820,-20,MISS,0.2545,0.7574
0.5,63,abrupt_collapse_dynamic,True,860,-60,MISS,0.35,0.8014
0.5,64,stable_dynamic,False,,,QUIET,0.9701,0.994
0.5,64,noisy_dynamic_recoverable,False,,,QUIET,0.9388,0.9902
0.5,64,critical_slowing_dynamic,True,840,-40,MISS,0.2829,0.7616
0.5,64,abrupt_collapse_dynamic,True,860,-60,MISS,0.35,0.8037
0.5,65,stable_dynamic,False,,,QUIET,0.9483,0.9902
0.5,65,noisy_dynamic_recoverable,False,,,QUIET,0.9192,0.9847
0.5,65,critical_slowing_dynamic,True,800,0,MISS,0.2676,0.7372
0.5,65,abrupt_collapse_dynamic,True,860,-60,MISS,0.2949,0.7907
0.5,66,stable_dynamic,False,,,QUIET,0.9675,0.9951
0.5,66,noisy_dynamic_recoverable,False,,,QUIET,0.9652,0.9904
0.5,66,critical_slowing_dynamic,True,820,-20,MISS,0.35,0.7603
0.5,66,abrupt_collapse_dynamic,True,860,-60,MISS,0.2946,0.796
0.5,67,stable_dynamic,False,,,QUIET,0.9716,0.9938
0.5,67,noisy_dynamic_recoverable,False,,,QUIET,0.9285,0.9867
0.5,67,critical_slowing_dynamic,True,840,-40,MISS,0.35,0.7694
0.5,67,abrupt_collapse_dynamic,True,860,-60,MISS,0.35,0.8036
0.5,68,stable_dynamic,False,,,QUIET,0.9704,0.9916
0.5,68,noisy_dynamic_recoverable,False,,,QUIET,0.9282,0.9841
0.5,68,critical_slowing_dynamic,True,800,0,MISS,0.2689,0.7447
0.5,68,abrupt_collapse_dynamic,True,860,-60,MISS,0.35,0.8002
0.5,69,stable_dynamic,False,,,QUIET,0.9659,0.9944
0.5,69,noisy_dynamic_recoverable,False,,,QUIET,0.9593,0.9912
0.5,69,critical_slowing_dynamic,True,840,-40,MISS,0.3457,0.7582
0.5,69,abrupt_collapse_dynamic,True,860,-60,MISS,0.35,0.8053
0.5,70,stable_dynamic,False,,,QUIET,0.9498,0.9888
0.5,70,noisy_dynamic_recoverable,False,,,QUIET,0.9498,0.9882
0.5,70,critical_slowing_dynamic,True,820,-20,MISS,0.2688,0.7511
0.5,70,abrupt_collapse_dynamic,True,860,-60,MISS,0.35,0.8003
0.5,71,stable_dynamic,False,,,QUIET,0.9636,0.9919
0.5,71,noisy_dynamic_recoverable,False,,,QUIET,0.8965,0.9821
0.5,71,critical_slowing_dynamic,True,860,-60,MISS,0.3279,0.7718
0.5,71,abrupt_collapse_dynamic,True,860,-60,MISS,0.35,0.8023
0.5,72,stable_dynamic,False,,,QUIET,0.9488,0.9873
0.5,72,noisy_dynamic_recoverable,False,,,QUIET,0.9488,0.987
0.5,72,critical_slowing_dynamic,True,800,0,MISS,0.2741,0.7478
0.5,72,abrupt_collapse_dynamic,True,860,-60,MISS,0.35,0.7967
0.5,73,stable_dynamic,False,,,QUIET,0.9502,0.9918
0.5,73,noisy_dynamic_recoverable,False,,,QUIET,0.9424,0.9879
0.5,73,critical_slowing_dynamic,True,820,-20,MISS,0.2617,0.757
0.5,73,abrupt_collapse_dynamic,True,860,-60,MISS,0.35,0.7978
0.5,74,stable_dynamic,False,,,QUIET,0.9674,0.991
0.5,74,noisy_dynamic_recoverable,False,,,QUIET,0.9644,0.9891
0.5,74,critical_slowing_dynamic,True,820,-20,MISS,0.2849,0.7563
0.5,74,abrupt_collapse_dynamic,True,860,-60,MISS,0.35,0.8004
0.5,75,stable_dynamic,False,,,QUIET,0.9471,0.9918
0.5,75,noisy_dynamic_recoverable,False,,,QUIET,0.9622,0.9905
0.5,75,critical_slowing_dynamic,True,820,-20,MISS,0.2687,0.7556
0.5,75,abrupt_collapse_dynamic,True,860,-60,MISS,0.35,0.7998
0.5,76,stable_dynamic,False,,,QUIET,0.9487,0.9923
0.5,76,noisy_dynamic_recoverable,False,,,QUIET,0.9487,0.987
0.5,76,critical_slowing_dynamic,True,820,-20,MISS,0.2803,0.7544
0.5,76,abrupt_collapse_dynamic,True,860,-60,MISS,0.35,0.8018
0.5,77,stable_dynamic,False,,,QUIET,0.9715,0.9919
0.5,77,noisy_dynamic_recoverable,False,,,QUIET,0.9534,0.9911
0.5,77,critical_slowing_dynamic,True,800,0,MISS,0.2827,0.7529
0.5,77,abrupt_collapse_dynamic,True,860,-60,MISS,0.35,0.7998
0.5,78,stable_dynamic,False,,,QUIET,0.9439,0.9898
0.5,78,noisy_dynamic_recoverable,False,,,QUIET,0.9083,0.984
0.5,78,critical_slowing_dynamic,True,820,-20,MISS,0.2738,0.7524
0.5,78,abrupt_collapse_dynamic,True,860,-60,MISS,0.35,0.7988
0.5,79,stable_dynamic,False,,,QUIET,0.968,0.9919
0.5,79,noisy_dynamic_recoverable,False,,,QUIET,0.9479,0.9895
0.5,79,critical_slowing_dynamic,True,840,-40,MISS,0.35,0.7634
0.5,79,abrupt_collapse_dynamic,True,860,-60,MISS,0.35,0.7988
0.5,80,stable_dynamic,False,,,QUIET,0.9482,0.9917
0.5,80,noisy_dynamic_recoverable,False,,,QUIET,0.9209,0.987
0.5,80,critical_slowing_dynamic,True,840,-40,MISS,0.2851,0.7676
0.5,80,abrupt_collapse_dynamic,True,860,-60,MISS,0.35,0.8017
0.5,81,stable_dynamic,False,,,QUIET,0.9657,0.9955
0.5,81,noisy_dynamic_recoverable,False,,,QUIET,0.8875,0.9857
0.5,81,critical_slowing_dynamic,True,820,-20,MISS,0.3137,0.7526
0.5,81,abrupt_collapse_dynamic,True,860,-60,MISS,0.35,0.8029
0.5,82,stable_dynamic,False,,,QUIET,0.9704,0.9928
0.5,82,noisy_dynamic_recoverable,False,,,QUIET,0.9505,0.9891
0.5,82,critical_slowing_dynamic,True,800,0,MISS,0.2954,0.7508
0.5,82,abrupt_collapse_dynamic,True,860,-60,MISS,0.35,0.8001
0.5,83,stable_dynamic,False,,,QUIET,0.9484,0.99
0.5,83,noisy_dynamic_recoverable,False,,,QUIET,0.9581,0.9901
0.5,83,critical_slowing_dynamic,True,820,-20,MISS,0.35,0.7598
0.5,83,abrupt_collapse_dynamic,True,860,-60,MISS,0.294,0.7916
0.5,84,stable_dynamic,False,,,QUIET,0.9712,0.9926
0.5,84,noisy_dynamic_recoverable,False,,,QUIET,0.9416,0.9879
0.5,84,critical_slowing_dynamic,True,820,-20,MISS,0.3415,0.7598
0.5,84,abrupt_collapse_dynamic,True,860,-60,MISS,0.2948,0.7933
0.5,85,stable_dynamic,False,,,QUIET,0.9712,0.9933
0.5,85,noisy_dynamic_recoverable,False,,,QUIET,0.9512,0.9912
0.5,85,critical_slowing_dynamic,True,840,-40,MISS,0.3381,0.762
0.5,85,abrupt_collapse_dynamic,True,860,-60,MISS,0.35,0.8023
0.5,86,stable_dynamic,False,,,QUIET,0.9488,0.994
0.5,86,noisy_dynamic_recoverable,False,,,QUIET,0.9332,0.9912
0.5,86,critical_slowing_dynamic,True,820,-20,MISS,0.35,0.7625
0.5,86,abrupt_collapse_dynamic,True,860,-60,MISS,0.2931,0.7955
0.5,87,stable_dynamic,False,,,QUIET,0.9488,0.9905
0.5,87,noisy_dynamic_recoverable,False,,,QUIET,0.9298,0.9861
0.5,87,critical_slowing_dynamic,True,820,-20,MISS,0.35,0.7573
0.5,87,abrupt_collapse_dynamic,True,860,-60,MISS,0.3476,0.7987
0.5,88,stable_dynamic,False,,,QUIET,0.9497,0.9922
0.5,88,noisy_dynamic_recoverable,False,,,QUIET,0.873,0.9817
0.5,88,critical_slowing_dynamic,True,820,-20,MISS,0.2749,0.7558
0.5,88,abrupt_collapse_dynamic,True,860,-60,MISS,0.2936,0.7966
0.5,89,stable_dynamic,False,,,QUIET,0.9661,0.9901
0.5,89,noisy_dynamic_recoverable,False,,,QUIET,0.9407,0.9853
0.5,89,critical_slowing_dynamic,True,820,-20,MISS,0.2615,0.7557
0.5,89,abrupt_collapse_dynamic,True,860,-60,MISS,0.35,0.8005
0.5,90,stable_dynamic,False,,,QUIET,0.9467,0.991
0.5,90,noisy_dynamic_recoverable,False,,,QUIET,0.9467,0.9871
0.5,90,critical_slowing_dynamic,True,840,-40,MISS,0.2977,0.7583
0.5,90,abrupt_collapse_dynamic,True,860,-60,MISS,0.35,0.7995
0.5,91,stable_dynamic,False,,,QUIET,0.9487,0.9921
0.5,91,noisy_dynamic_recoverable,False,,,QUIET,0.9487,0.9893
0.5,91,critical_slowing_dynamic,True,820,-20,MISS,0.3493,0.7576
0.5,91,abrupt_collapse_dynamic,True,860,-60,MISS,0.35,0.8021
0.5,92,stable_dynamic,False,,,QUIET,0.9667,0.992
0.5,92,noisy_dynamic_recoverable,False,,,QUIET,0.9217,0.9818
0.5,92,critical_slowing_dynamic,True,800,0,MISS,0.2805,0.7507
0.5,92,abrupt_collapse_dynamic,True,860,-60,MISS,0.2965,0.795
0.5,93,stable_dynamic,False,,,QUIET,0.9672,0.9896
0.5,93,noisy_dynamic_recoverable,False,,,QUIET,0.9615,0.9884
0.5,93,critical_slowing_dynamic,True,820,-20,MISS,0.2645,0.7573
0.5,93,abrupt_collapse_dynamic,True,860,-60,MISS,0.35,0.7998
0.5,94,stable_dynamic,False,,,QUIET,0.9447,0.9897
0.5,94,noisy_dynamic_recoverable,False,,,QUIET,0.9309,0.9865
0.5,94,critical_slowing_dynamic,True,840,-40,MISS,0.3481,0.7608
0.5,94,abrupt_collapse_dynamic,True,860,-60,MISS,0.35,0.7996
0.5,95,stable_dynamic,False,,,QUIET,0.9479,0.9898
0.5,95,noisy_dynamic_recoverable,False,,,QUIET,0.9217,0.9849
0.5,95,critical_slowing_dynamic,True,840,-40,MISS,0.3343,0.7552
0.5,95,abrupt_collapse_dynamic,True,860,-60,MISS,0.2939,0.7929
0.5,96,stable_dynamic,False,,,QUIET,0.9579,0.9918
0.5,96,noisy_dynamic_recoverable,False,,,QUIET,0.9233,0.9845
0.5,96,critical_slowing_dynamic,True,800,0,MISS,0.285,0.7452
0.5,96,abrupt_collapse_dynamic,True,860,-60,MISS,0.35,0.7988
0.5,97,stable_dynamic,False,,,QUIET,0.9675,0.9922
0.5,97,noisy_dynamic_recoverable,False,,,QUIET,0.967,0.9913
0.5,97,critical_slowing_dynamic,True,820,-20,MISS,0.3485,0.754
0.5,97,abrupt_collapse_dynamic,True,860,-60,MISS,0.35,0.8034
0.5,98,stable_dynamic,False,,,QUIET,0.9463,0.9863
0.5,98,noisy_dynamic_recoverable,False,,,QUIET,0.9423,0.984
0.5,98,critical_slowing_dynamic,True,800,0,MISS,0.35,0.7461
0.5,98,abrupt_collapse_dynamic,True,860,-60,MISS,0.35,0.7978
0.5,99,stable_dynamic,False,,,QUIET,0.9492,0.9888
0.5,99,noisy_dynamic_recoverable,False,,,QUIET,0.9244,0.9809
0.5,99,critical_slowing_dynamic,True,800,0,MISS,0.2703,0.7498
0.5,99,abrupt_collapse_dynamic,True,860,-60,MISS,0.35,0.7952
0.5,100,stable_dynamic,False,,,QUIET,0.9677,0.991
0.5,100,noisy_dynamic_recoverable,False,,,QUIET,0.9397,0.9847
0.5,100,critical_slowing_dynamic,True,820,-20,MISS,0.2543,0.7508
0.5,100,abrupt_collapse_dynamic,True,860,-60,MISS,0.35,0.8024
0.55,1,stable_dynamic,False,,,QUIET,0.969,0.9926
0.55,1,noisy_dynamic_recoverable,False,,,QUIET,0.9323,0.9914
0.55,1,critical_slowing_dynamic,True,820,-20,MISS,0.2781,0.7606
0.55,1,abrupt_collapse_dynamic,True,860,-60,MISS,0.35,0.8002
0.55,2,stable_dynamic,False,,,QUIET,0.9703,0.9933
0.55,2,noisy_dynamic_recoverable,False,,,QUIET,0.9361,0.9871
0.55,2,critical_slowing_dynamic,True,840,-40,MISS,0.3335,0.7663
0.55,2,abrupt_collapse_dynamic,True,840,-40,MISS,0.2942,0.7943
0.55,3,stable_dynamic,False,,,QUIET,0.967,0.9898
0.55,3,noisy_dynamic_recoverable,False,,,QUIET,0.9372,0.9865
0.55,3,critical_slowing_dynamic,True,840,-40,MISS,0.2663,0.7632
0.55,3,abrupt_collapse_dynamic,True,860,-60,MISS,0.35,0.8009
0.55,4,stable_dynamic,False,,,QUIET,0.9495,0.9903
0.55,4,noisy_dynamic_recoverable,False,,,QUIET,0.8844,0.9826
0.55,4,critical_slowing_dynamic,True,820,-20,MISS,0.3366,0.7619
0.55,4,abrupt_collapse_dynamic,True,840,-40,MISS,0.2941,0.7957
0.55,5,stable_dynamic,False,,,QUIET,0.9579,0.9909
0.55,5,noisy_dynamic_recoverable,False,,,QUIET,0.9422,0.9864
0.55,5,critical_slowing_dynamic,True,800,0,MISS,0.2731,0.7523
0.55,5,abrupt_collapse_dynamic,True,860,-60,MISS,0.35,0.7981
0.55,6,stable_dynamic,False,,,QUIET,0.9693,0.9927
0.55,6,noisy_dynamic_recoverable,False,,,QUIET,0.9357,0.985
0.55,6,critical_slowing_dynamic,True,800,0,MISS,0.3485,0.753
0.55,6,abrupt_collapse_dynamic,True,860,-60,MISS,0.35,0.7987
0.55,7,stable_dynamic,False,,,QUIET,0.9499,0.9915
0.55,7,noisy_dynamic_recoverable,False,,,QUIET,0.912,0.9815
0.55,7,critical_slowing_dynamic,True,820,-20,MISS,0.3208,0.7671
0.55,7,abrupt_collapse_dynamic,True,860,-60,MISS,0.35,0.7992
0.55,8,stable_dynamic,False,,,QUIET,0.9719,0.9923
0.55,8,noisy_dynamic_recoverable,False,,,QUIET,0.9576,0.9926
0.55,8,critical_slowing_dynamic,True,820,-20,MISS,0.3071,0.768
0.55,8,abrupt_collapse_dynamic,True,840,-40,MISS,0.2935,0.7929
0.55,9,stable_dynamic,False,,,QUIET,0.9672,0.992
0.55,9,noisy_dynamic_recoverable,False,,,QUIET,0.938,0.9878
0.55,9,critical_slowing_dynamic,True,820,-20,MISS,0.2751,0.7602
0.55,9,abrupt_collapse_dynamic,True,860,-60,MISS,0.35,0.799
0.55,10,stable_dynamic,False,,,QUIET,0.9707,0.9893
0.55,10,noisy_dynamic_recoverable,False,,,QUIET,0.9439,0.987
0.55,10,critical_slowing_dynamic,True,840,-40,MISS,0.3497,0.7678
0.55,10,abrupt_collapse_dynamic,True,840,-40,MISS,0.2939,0.7922
0.55,11,stable_dynamic,False,,,QUIET,0.9661,0.9927
0.55,11,noisy_dynamic_recoverable,False,,,QUIET,0.9008,0.9837
0.55,11,critical_slowing_dynamic,True,840,-40,MISS,0.2795,0.765
0.55,11,abrupt_collapse_dynamic,True,860,-60,MISS,0.35,0.803
0.55,12,stable_dynamic,False,,,QUIET,0.9657,0.9902
0.55,12,noisy_dynamic_recoverable,False,,,QUIET,0.9539,0.9878
0.55,12,critical_slowing_dynamic,True,840,-40,MISS,0.3456,0.7644
0.55,12,abrupt_collapse_dynamic,True,860,-60,MISS,0.35,0.8004
0.55,13,stable_dynamic,False,,,QUIET,0.9704,0.9918
0.55,13,noisy_dynamic_recoverable,False,,,QUIET,0.9578,0.991
0.55,13,critical_slowing_dynamic,True,800,0,MISS,0.2594,0.7559
0.55,13,abrupt_collapse_dynamic,True,840,-40,MISS,0.2943,0.7948
0.55,14,stable_dynamic,False,,,QUIET,0.9683,0.9931
0.55,14,noisy_dynamic_recoverable,False,,,QUIET,0.9465,0.9883
0.55,14,critical_slowing_dynamic,True,840,-40,MISS,0.3265,0.7688
0.55,14,abrupt_collapse_dynamic,True,860,-60,MISS,0.35,0.8013
0.55,15,stable_dynamic,False,,,QUIET,0.9495,0.9858
0.55,15,noisy_dynamic_recoverable,False,,,QUIET,0.923,0.9808
0.55,15,critical_slowing_dynamic,True,820,-20,MISS,0.3296,0.7617
0.55,15,abrupt_collapse_dynamic,True,860,-60,MISS,0.35,0.7969
0.55,16,stable_dynamic,False,,,QUIET,0.9687,0.9911
0.55,16,noisy_dynamic_recoverable,False,,,QUIET,0.9603,0.9913
0.55,16,critical_slowing_dynamic,True,820,-20,MISS,0.35,0.7598
0.55,16,abrupt_collapse_dynamic,True,840,-40,MISS,0.2926,0.7926
0.55,17,stable_dynamic,False,,,QUIET,0.9494,0.9932
0.55,17,noisy_dynamic_recoverable,False,,,QUIET,0.9487,0.9884
0.55,17,critical_slowing_dynamic,True,800,0,MISS,0.2671,0.7461
0.55,17,abrupt_collapse_dynamic,True,860,-60,MISS,0.35,0.8017
0.55,18,stable_dynamic,False,,,QUIET,0.9705,0.9938
0.55,18,noisy_dynamic_recoverable,False,,,QUIET,0.946,0.99
0.55,18,critical_slowing_dynamic,True,820,-20,MISS,0.2764,0.7636
0.55,18,abrupt_collapse_dynamic,True,860,-60,MISS,0.35,0.8028
0.55,19,stable_dynamic,False,,,QUIET,0.9688,0.9939
0.55,19,noisy_dynamic_recoverable,False,,,QUIET,0.9688,0.994
0.55,19,critical_slowing_dynamic,True,820,-20,MISS,0.2719,0.7611
0.55,19,abrupt_collapse_dynamic,True,860,-60,MISS,0.35,0.8027
0.55,20,stable_dynamic,False,,,QUIET,0.9676,0.9924
0.55,20,noisy_dynamic_recoverable,False,,,QUIET,0.9372,0.9848
0.55,20,critical_slowing_dynamic,True,800,0,MISS,0.35,0.754
0.55,20,abrupt_collapse_dynamic,True,860,-60,MISS,0.35,0.8025
0.55,21,stable_dynamic,False,,,QUIET,0.9484,0.9914
0.55,21,noisy_dynamic_recoverable,False,,,QUIET,0.9116,0.9828
0.55,21,critical_slowing_dynamic,True,800,0,MISS,0.2708,0.7454
0.55,21,abrupt_collapse_dynamic,True,840,-40,MISS,0.2931,0.7931
0.55,22,stable_dynamic,False,,,QUIET,0.9654,0.9924
0.55,22,noisy_dynamic_recoverable,False,,,QUIET,0.9567,0.9893
0.55,22,critical_slowing_dynamic,True,820,-20,MISS,0.3026,0.7643
0.55,22,abrupt_collapse_dynamic,True,860,-60,MISS,0.35,0.8025
0.55,23,stable_dynamic,False,,,QUIET,0.9712,0.9941
0.55,23,noisy_dynamic_recoverable,False,,,QUIET,0.9305,0.9907
0.55,23,critical_slowing_dynamic,True,820,-20,MISS,0.2726,0.7626
0.55,23,abrupt_collapse_dynamic,True,860,-60,MISS,0.35,0.8023
0.55,24,stable_dynamic,False,,,QUIET,0.9491,0.9896
0.55,24,noisy_dynamic_recoverable,False,,,QUIET,0.9491,0.9849
0.55,24,critical_slowing_dynamic,True,840,-40,MISS,0.3385,0.7685
0.55,24,abrupt_collapse_dynamic,True,840,-40,MISS,0.2937,0.7952
0.55,25,stable_dynamic,False,,,QUIET,0.9497,0.985
0.55,25,noisy_dynamic_recoverable,False,,,QUIET,0.9193,0.9763
0.55,25,critical_slowing_dynamic,True,820,-20,MISS,0.2852,0.7606
0.55,25,abrupt_collapse_dynamic,True,840,-40,MISS,0.2933,0.7898
0.55,26,stable_dynamic,False,,,QUIET,0.9706,0.9936
0.55,26,noisy_dynamic_recoverable,False,,,QUIET,0.9398,0.9933
0.55,26,critical_slowing_dynamic,True,860,-60,MISS,0.35,0.7726
0.55,26,abrupt_collapse_dynamic,True,860,-60,MISS,0.35,0.8016
0.55,27,stable_dynamic,False,,,QUIET,0.9486,0.9926
0.55,27,noisy_dynamic_recoverable,False,,,QUIET,0.9504,0.9919
0.55,27,critical_slowing_dynamic,True,840,-40,MISS,0.35,0.7652
0.55,27,abrupt_collapse_dynamic,True,840,-40,MISS,0.296,0.7936
0.55,28,stable_dynamic,False,,,QUIET,0.9685,0.9915
0.55,28,noisy_dynamic_recoverable,False,,,QUIET,0.9395,0.9919
0.55,28,critical_slowing_dynamic,True,820,-20,MISS,0.2679,0.7624
0.55,28,abrupt_collapse_dynamic,True,860,-60,MISS,0.35,0.8001
0.55,29,stable_dynamic,False,,,QUIET,0.971,0.9953
0.55,29,noisy_dynamic_recoverable,False,,,QUIET,0.9286,0.9846
0.55,29,critical_slowing_dynamic,True,820,-20,MISS,0.311,0.7629
0.55,29,abrupt_collapse_dynamic,True,860,-60,MISS,0.35,0.8015
0.55,30,stable_dynamic,False,,,QUIET,0.9673,0.9912
0.55,30,noisy_dynamic_recoverable,False,,,QUIET,0.9306,0.9809
0.55,30,critical_slowing_dynamic,True,800,0,MISS,0.2779,0.7495
0.55,30,abrupt_collapse_dynamic,True,860,-60,MISS,0.35,0.802
0.55,31,stable_dynamic,False,,,QUIET,0.9477,0.993
0.55,31,noisy_dynamic_recoverable,False,,,QUIET,0.9467,0.9877
0.55,31,critical_slowing_dynamic,True,820,-20,MISS,0.2631,0.7553
0.55,31,abrupt_collapse_dynamic,True,860,-60,MISS,0.35,0.8008
0.55,32,stable_dynamic,False,,,QUIET,0.9673,0.9902
0.55,32,noisy_dynamic_recoverable,False,,,QUIET,0.9413,0.986
0.55,32,critical_slowing_dynamic,True,800,0,MISS,0.2674,0.7466
0.55,32,abrupt_collapse_dynamic,True,840,-40,MISS,0.2976,0.7929
0.55,33,stable_dynamic,False,,,QUIET,0.9469,0.9907
0.55,33,noisy_dynamic_recoverable,False,,,QUIET,0.9317,0.9832
0.55,33,critical_slowing_dynamic,True,800,0,MISS,0.2674,0.7585
0.55,33,abrupt_collapse_dynamic,True,860,-60,MISS,0.35,0.8015
0.55,34,stable_dynamic,False,,,QUIET,0.9503,0.9889
0.55,34,noisy_dynamic_recoverable,False,,,QUIET,0.9579,0.9908
0.55,34,critical_slowing_dynamic,True,840,-40,MISS,0.3378,0.771
0.55,34,abrupt_collapse_dynamic,True,860,-60,MISS,0.35,0.7996
0.55,35,stable_dynamic,False,,,QUIET,0.9521,0.9912
0.55,35,noisy_dynamic_recoverable,False,,,QUIET,0.9506,0.9877
0.55,35,critical_slowing_dynamic,True,820,-20,MISS,0.3336,0.7619
0.55,35,abrupt_collapse_dynamic,True,860,-60,MISS,0.35,0.8001
0.55,36,stable_dynamic,False,,,QUIET,0.949,0.993
0.55,36,noisy_dynamic_recoverable,False,,,QUIET,0.9329,0.9885
0.55,36,critical_slowing_dynamic,True,820,-20,MISS,0.3203,0.7606
0.55,36,abrupt_collapse_dynamic,True,860,-60,MISS,0.35,0.8003
0.55,37,stable_dynamic,False,,,QUIET,0.9493,0.9914
0.55,37,noisy_dynamic_recoverable,False,,,QUIET,0.9493,0.9873
0.55,37,critical_slowing_dynamic,True,820,-20,MISS,0.2657,0.7546
0.55,37,abrupt_collapse_dynamic,True,860,-60,MISS,0.35,0.8022
0.55,38,stable_dynamic,False,,,QUIET,0.9518,0.9927
0.55,38,noisy_dynamic_recoverable,False,,,QUIET,0.9494,0.9878
0.55,38,critical_slowing_dynamic,True,820,-20,MISS,0.2708,0.7583
0.55,38,abrupt_collapse_dynamic,True,860,-60,MISS,0.35,0.8034
0.55,39,stable_dynamic,False,,,QUIET,0.9487,0.9913
0.55,39,noisy_dynamic_recoverable,False,,,QUIET,0.9449,0.9869
0.55,39,critical_slowing_dynamic,True,820,-20,MISS,0.3415,0.758
0.55,39,abrupt_collapse_dynamic,True,860,-60,MISS,0.35,0.8004
0.55,40,stable_dynamic,False,,,QUIET,0.9901,0.9978
0.55,40,noisy_dynamic_recoverable,False,,,QUIET,0.9571,0.9933
0.55,40,critical_slowing_dynamic,True,820,-20,MISS,0.3459,0.7666
0.55,40,abrupt_collapse_dynamic,True,860,-60,MISS,0.35,0.8059
0.55,41,stable_dynamic,False,,,QUIET,0.9484,0.989
0.55,41,noisy_dynamic_recoverable,False,,,QUIET,0.9152,0.9872
0.55,41,critical_slowing_dynamic,True,820,-20,MISS,0.35,0.7602
0.55,41,abrupt_collapse_dynamic,True,860,-60,MISS,0.35,0.7972
0.55,42,stable_dynamic,False,,,QUIET,0.9498,0.9921
0.55,42,noisy_dynamic_recoverable,False,,,QUIET,0.9498,0.9923
0.55,42,critical_slowing_dynamic,True,800,0,MISS,0.35,0.7559
0.55,42,abrupt_collapse_dynamic,True,840,-40,MISS,0.293,0.7948
0.55,43,stable_dynamic,False,,,QUIET,0.9648,0.9931
0.55,43,noisy_dynamic_recoverable,False,,,QUIET,0.9249,0.9894
0.55,43,critical_slowing_dynamic,True,800,0,MISS,0.2915,0.7527
0.55,43,abrupt_collapse_dynamic,True,840,-40,MISS,0.2945,0.7963
0.55,44,stable_dynamic,False,,,QUIET,0.9705,0.994
0.55,44,noisy_dynamic_recoverable,False,,,QUIET,0.9635,0.9927
0.55,44,critical_slowing_dynamic,True,820,-20,MISS,0.35,0.761
0.55,44,abrupt_collapse_dynamic,True,860,-60,MISS,0.35,0.8023
0.55,45,stable_dynamic,False,,,QUIET,0.9713,0.9946
0.55,45,noisy_dynamic_recoverable,False,,,QUIET,0.9176,0.9869
0.55,45,critical_slowing_dynamic,True,840,-40,MISS,0.277,0.7655
0.55,45,abrupt_collapse_dynamic,True,860,-60,MISS,0.35,0.8011
0.55,46,stable_dynamic,False,,,QUIET,0.9488,0.9869
0.55,46,noisy_dynamic_recoverable,False,,,QUIET,0.933,0.9831
0.55,46,critical_slowing_dynamic,True,820,-20,MISS,0.2784,0.7555
0.55,46,abrupt_collapse_dynamic,True,860,-60,MISS,0.35,0.7968
0.55,47,stable_dynamic,False,,,QUIET,0.9651,0.9893
0.55,47,noisy_dynamic_recoverable,False,,,QUIET,0.9219,0.9832
0.55,47,critical_slowing_dynamic,True,820,-20,MISS,0.2613,0.7602
0.55,47,abrupt_collapse_dynamic,True,860,-60,MISS,0.35,0.7996
0.55,48,stable_dynamic,False,,,QUIET,0.9702,0.9902
0.55,48,noisy_dynamic_recoverable,False,,,QUIET,0.9022,0.9856
0.55,48,critical_slowing_dynamic,True,800,0,MISS,0.2782,0.752
0.55,48,abrupt_collapse_dynamic,True,860,-60,MISS,0.35,0.7998
0.55,49,stable_dynamic,False,,,QUIET,0.9512,0.9917
0.55,49,noisy_dynamic_recoverable,False,,,QUIET,0.9416,0.987
0.55,49,critical_slowing_dynamic,True,820,-20,MISS,0.2843,0.7601
0.55,49,abrupt_collapse_dynamic,True,840,-40,MISS,0.2968,0.7943
0.55,50,stable_dynamic,False,,,QUIET,0.9494,0.9921
0.55,50,noisy_dynamic_recoverable,False,,,QUIET,0.9288,0.9858
0.55,50,critical_slowing_dynamic,True,820,-20,MISS,0.3035,0.7647
0.55,50,abrupt_collapse_dynamic,True,840,-40,MISS,0.2932,0.7936
0.55,51,stable_dynamic,False,,,QUIET,0.9505,0.9942
0.55,51,noisy_dynamic_recoverable,False,,,QUIET,0.9263,0.9862
0.55,51,critical_slowing_dynamic,True,800,0,MISS,0.2682,0.7416
0.55,51,abrupt_collapse_dynamic,True,860,-60,MISS,0.35,0.8008
0.55,52,stable_dynamic,False,,,QUIET,0.9504,0.991
0.55,52,noisy_dynamic_recoverable,False,,,QUIET,0.9504,0.9864
0.55,52,critical_slowing_dynamic,True,800,0,MISS,0.286,0.7487
0.55,52,abrupt_collapse_dynamic,True,860,-60,MISS,0.35,0.8026
0.55,53,stable_dynamic,False,,,QUIET,0.9482,0.9877
0.55,53,noisy_dynamic_recoverable,False,,,QUIET,0.9474,0.9875
0.55,53,critical_slowing_dynamic,True,840,-40,MISS,0.3443,0.7664
0.55,53,abrupt_collapse_dynamic,True,860,-60,MISS,0.35,0.7966
0.55,54,stable_dynamic,False,,,QUIET,0.9692,0.994
0.55,54,noisy_dynamic_recoverable,False,,,QUIET,0.9692,0.9953
0.55,54,critical_slowing_dynamic,True,840,-40,MISS,0.3277,0.7647
0.55,54,abrupt_collapse_dynamic,True,860,-60,MISS,0.35,0.8028
0.55,55,stable_dynamic,False,,,QUIET,0.9574,0.9883
0.55,55,noisy_dynamic_recoverable,False,,,QUIET,0.9574,0.9884
0.55,55,critical_slowing_dynamic,True,840,-40,MISS,0.3477,0.7647
0.55,55,abrupt_collapse_dynamic,True,860,-60,MISS,0.35,0.798
0.55,56,stable_dynamic,False,,,QUIET,0.9706,0.9951
0.55,56,noisy_dynamic_recoverable,False,,,QUIET,0.9359,0.9895
0.55,56,critical_slowing_dynamic,True,820,-20,MISS,0.2604,0.7603
0.55,56,abrupt_collapse_dynamic,True,860,-60,MISS,0.35,0.8024
0.55,57,stable_dynamic,False,,,QUIET,0.9522,0.9918
0.55,57,noisy_dynamic_recoverable,False,,,QUIET,0.9331,0.9868
0.55,57,critical_slowing_dynamic,True,840,-40,MISS,0.3469,0.767
0.55,57,abrupt_collapse_dynamic,True,860,-60,MISS,0.35,0.801
0.55,58,stable_dynamic,False,,,QUIET,0.9682,0.9921
0.55,58,noisy_dynamic_recoverable,False,,,QUIET,0.9307,0.9809
0.55,58,critical_slowing_dynamic,True,780,20,EARLY_WARNING,0.29,0.7481
0.55,58,abrupt_collapse_dynamic,True,860,-60,MISS,0.35,0.8001
0.55,59,stable_dynamic,False,,,QUIET,0.9515,0.9933
0.55,59,noisy_dynamic_recoverable,False,,,QUIET,0.9528,0.9907
0.55,59,critical_slowing_dynamic,True,820,-20,MISS,0.2918,0.7594
0.55,59,abrupt_collapse_dynamic,True,860,-60,MISS,0.35,0.8016
0.55,60,stable_dynamic,False,,,QUIET,0.9655,0.9936
0.55,60,noisy_dynamic_recoverable,False,,,QUIET,0.9016,0.9876
0.55,60,critical_slowing_dynamic,True,800,0,MISS,0.2875,0.7522
0.55,60,abrupt_collapse_dynamic,True,860,-60,MISS,0.35,0.7999
0.55,61,stable_dynamic,False,,,QUIET,0.9484,0.989
0.55,61,noisy_dynamic_recoverable,False,,,QUIET,0.9104,0.9835
0.55,61,critical_slowing_dynamic,True,840,-40,MISS,0.2753,0.7587
0.55,61,abrupt_collapse_dynamic,True,860,-60,MISS,0.35,0.796
0.55,62,stable_dynamic,False,,,QUIET,0.9675,0.9937
0.55,62,noisy_dynamic_recoverable,False,,,QUIET,0.9046,0.9844
0.55,62,critical_slowing_dynamic,True,800,0,MISS,0.2836,0.7453
0.55,62,abrupt_collapse_dynamic,True,860,-60,MISS,0.35,0.8019
0.55,63,stable_dynamic,False,,,QUIET,0.9705,0.9948
0.55,63,noisy_dynamic_recoverable,False,,,QUIET,0.9598,0.9918
0.55,63,critical_slowing_dynamic,True,820,-20,MISS,0.2545,0.7574
0.55,63,abrupt_collapse_dynamic,True,860,-60,MISS,0.35,0.8014
0.55,64,stable_dynamic,False,,,QUIET,0.9701,0.994
0.55,64,noisy_dynamic_recoverable,False,,,QUIET,0.9388,0.9902
0.55,64,critical_slowing_dynamic,True,840,-40,MISS,0.2829,0.7616
0.55,64,abrupt_collapse_dynamic,True,860,-60,MISS,0.35,0.8037
0.55,65,stable_dynamic,False,,,QUIET,0.9483,0.9902
0.55,65,noisy_dynamic_recoverable,False,,,QUIET,0.9192,0.9847
0.55,65,critical_slowing_dynamic,True,780,20,EARLY_WARNING,0.2676,0.7372
0.55,65,abrupt_collapse_dynamic,True,840,-40,MISS,0.2949,0.7907
0.55,66,stable_dynamic,False,,,QUIET,0.9675,0.9951
0.55,66,noisy_dynamic_recoverable,False,,,QUIET,0.9652,0.9904
0.55,66,critical_slowing_dynamic,True,820,-20,MISS,0.35,0.7603
0.55,66,abrupt_collapse_dynamic,True,840,-40,MISS,0.2946,0.796
0.55,67,stable_dynamic,False,,,QUIET,0.9716,0.9938
0.55,67,noisy_dynamic_recoverable,False,,,QUIET,0.9285,0.9867
0.55,67,critical_slowing_dynamic,True,840,-40,MISS,0.35,0.7694
0.55,67,abrupt_collapse_dynamic,True,860,-60,MISS,0.35,0.8036
0.55,68,stable_dynamic,False,,,QUIET,0.9704,0.9916
0.55,68,noisy_dynamic_recoverable,False,,,QUIET,0.9282,0.9841
0.55,68,critical_slowing_dynamic,True,800,0,MISS,0.2689,0.7447
0.55,68,abrupt_collapse_dynamic,True,860,-60,MISS,0.35,0.8002
0.55,69,stable_dynamic,False,,,QUIET,0.9659,0.9944
0.55,69,noisy_dynamic_recoverable,False,,,QUIET,0.9593,0.9912
0.55,69,critical_slowing_dynamic,True,820,-20,MISS,0.3457,0.7582
0.55,69,abrupt_collapse_dynamic,True,860,-60,MISS,0.35,0.8053
0.55,70,stable_dynamic,False,,,QUIET,0.9498,0.9888
0.55,70,noisy_dynamic_recoverable,False,,,QUIET,0.9498,0.9882
0.55,70,critical_slowing_dynamic,True,800,0,MISS,0.2688,0.7511
0.55,70,abrupt_collapse_dynamic,True,860,-60,MISS,0.35,0.8003
0.55,71,stable_dynamic,False,,,QUIET,0.9636,0.9919
0.55,71,noisy_dynamic_recoverable,False,,,QUIET,0.8965,0.9821
0.55,71,critical_slowing_dynamic,True,840,-40,MISS,0.3279,0.7718
0.55,71,abrupt_collapse_dynamic,True,860,-60,MISS,0.35,0.8023
0.55,72,stable_dynamic,False,,,QUIET,0.9488,0.9873
0.55,72,noisy_dynamic_recoverable,False,,,QUIET,0.9488,0.987
0.55,72,critical_slowing_dynamic,True,800,0,MISS,0.2741,0.7478
0.55,72,abrupt_collapse_dynamic,True,860,-60,MISS,0.35,0.7967
0.55,73,stable_dynamic,False,,,QUIET,0.9502,0.9918
0.55,73,noisy_dynamic_recoverable,False,,,QUIET,0.9424,0.9879
0.55,73,critical_slowing_dynamic,True,800,0,MISS,0.2617,0.757
0.55,73,abrupt_collapse_dynamic,True,860,-60,MISS,0.35,0.7978
0.55,74,stable_dynamic,False,,,QUIET,0.9674,0.991
0.55,74,noisy_dynamic_recoverable,False,,,QUIET,0.9644,0.9891
0.55,74,critical_slowing_dynamic,True,820,-20,MISS,0.2849,0.7563
0.55,74,abrupt_collapse_dynamic,True,860,-60,MISS,0.35,0.8004
0.55,75,stable_dynamic,False,,,QUIET,0.9471,0.9918
0.55,75,noisy_dynamic_recoverable,False,,,QUIET,0.9622,0.9905
0.55,75,critical_slowing_dynamic,True,820,-20,MISS,0.2687,0.7556
0.55,75,abrupt_collapse_dynamic,True,860,-60,MISS,0.35,0.7998
0.55,76,stable_dynamic,False,,,QUIET,0.9487,0.9923
0.55,76,noisy_dynamic_recoverable,False,,,QUIET,0.9487,0.987
0.55,76,critical_slowing_dynamic,True,820,-20,MISS,0.2803,0.7544
0.55,76,abrupt_collapse_dynamic,True,860,-60,MISS,0.35,0.8018
0.55,77,stable_dynamic,False,,,QUIET,0.9715,0.9919
0.55,77,noisy_dynamic_recoverable,False,,,QUIET,0.9534,0.9911
0.55,77,critical_slowing_dynamic,True,800,0,MISS,0.2827,0.7529
0.55,77,abrupt_collapse_dynamic,True,860,-60,MISS,0.35,0.7998
0.55,78,stable_dynamic,False,,,QUIET,0.9439,0.9898
0.55,78,noisy_dynamic_recoverable,False,,,QUIET,0.9083,0.984
0.55,78,critical_slowing_dynamic,True,820,-20,MISS,0.2738,0.7524
0.55,78,abrupt_collapse_dynamic,True,860,-60,MISS,0.35,0.7988
0.55,79,stable_dynamic,False,,,QUIET,0.968,0.9919
0.55,79,noisy_dynamic_recoverable,False,,,QUIET,0.9479,0.9895
0.55,79,critical_slowing_dynamic,True,840,-40,MISS,0.35,0.7634
0.55,79,abrupt_collapse_dynamic,True,860,-60,MISS,0.35,0.7988
0.55,80,stable_dynamic,False,,,QUIET,0.9482,0.9917
0.55,80,noisy_dynamic_recoverable,False,,,QUIET,0.9209,0.987
0.55,80,critical_slowing_dynamic,True,840,-40,MISS,0.2851,0.7676
0.55,80,abrupt_collapse_dynamic,True,860,-60,MISS,0.35,0.8017
0.55,81,stable_dynamic,False,,,QUIET,0.9657,0.9955
0.55,81,noisy_dynamic_recoverable,False,,,QUIET,0.8875,0.9857
0.55,81,critical_slowing_dynamic,True,820,-20,MISS,0.3137,0.7526
0.55,81,abrupt_collapse_dynamic,True,860,-60,MISS,0.35,0.8029
0.55,82,stable_dynamic,False,,,QUIET,0.9704,0.9928
0.55,82,noisy_dynamic_recoverable,False,,,QUIET,0.9505,0.9891
0.55,82,critical_slowing_dynamic,True,800,0,MISS,0.2954,0.7508
0.55,82,abrupt_collapse_dynamic,True,860,-60,MISS,0.35,0.8001
0.55,83,stable_dynamic,False,,,QUIET,0.9484,0.99
0.55,83,noisy_dynamic_recoverable,False,,,QUIET,0.9581,0.9901
0.55,83,critical_slowing_dynamic,True,820,-20,MISS,0.35,0.7598
0.55,83,abrupt_collapse_dynamic,True,840,-40,MISS,0.294,0.7916
0.55,84,stable_dynamic,False,,,QUIET,0.9712,0.9926
0.55,84,noisy_dynamic_recoverable,False,,,QUIET,0.9416,0.9879
0.55,84,critical_slowing_dynamic,True,820,-20,MISS,0.3415,0.7598
0.55,84,abrupt_collapse_dynamic,True,840,-40,MISS,0.2948,0.7933
0.55,85,stable_dynamic,False,,,QUIET,0.9712,0.9933
0.55,85,noisy_dynamic_recoverable,False,,,QUIET,0.9512,0.9912
0.55,85,critical_slowing_dynamic,True,820,-20,MISS,0.3381,0.762
0.55,85,abrupt_collapse_dynamic,True,860,-60,MISS,0.35,0.8023
0.55,86,stable_dynamic,False,,,QUIET,0.9488,0.994
0.55,86,noisy_dynamic_recoverable,False,,,QUIET,0.9332,0.9912
0.55,86,critical_slowing_dynamic,True,820,-20,MISS,0.35,0.7625
0.55,86,abrupt_collapse_dynamic,True,840,-40,MISS,0.2931,0.7955
0.55,87,stable_dynamic,False,,,QUIET,0.9488,0.9905
0.55,87,noisy_dynamic_recoverable,False,,,QUIET,0.9298,0.9861
0.55,87,critical_slowing_dynamic,True,820,-20,MISS,0.35,0.7573
0.55,87,abrupt_collapse_dynamic,True,860,-60,MISS,0.3476,0.7987
0.55,88,stable_dynamic,False,,,QUIET,0.9497,0.9922
0.55,88,noisy_dynamic_recoverable,False,,,QUIET,0.873,0.9817
0.55,88,critical_slowing_dynamic,True,820,-20,MISS,0.2749,0.7558
0.55,88,abrupt_collapse_dynamic,True,840,-40,MISS,0.2936,0.7966
0.55,89,stable_dynamic,False,,,QUIET,0.9661,0.9901
0.55,89,noisy_dynamic_recoverable,False,,,QUIET,0.9407,0.9853
0.55,89,critical_slowing_dynamic,True,820,-20,MISS,0.2615,0.7557
0.55,89,abrupt_collapse_dynamic,True,860,-60,MISS,0.35,0.8005
0.55,90,stable_dynamic,False,,,QUIET,0.9467,0.991
0.55,90,noisy_dynamic_recoverable,False,,,QUIET,0.9467,0.9871
0.55,90,critical_slowing_dynamic,True,820,-20,MISS,0.2977,0.7583
0.55,90,abrupt_collapse_dynamic,True,860,-60,MISS,0.35,0.7995
0.55,91,stable_dynamic,False,,,QUIET,0.9487,0.9921
0.55,91,noisy_dynamic_recoverable,False,,,QUIET,0.9487,0.9893
0.55,91,critical_slowing_dynamic,True,820,-20,MISS,0.3493,0.7576
0.55,91,abrupt_collapse_dynamic,True,860,-60,MISS,0.35,0.8021
0.55,92,stable_dynamic,False,,,QUIET,0.9667,0.992
0.55,92,noisy_dynamic_recoverable,False,,,QUIET,0.9217,0.9818
0.55,92,critical_slowing_dynamic,True,800,0,MISS,0.2805,0.7507
0.55,92,abrupt_collapse_dynamic,True,840,-40,MISS,0.2965,0.795
0.55,93,stable_dynamic,False,,,QUIET,0.9672,0.9896
0.55,93,noisy_dynamic_recoverable,False,,,QUIET,0.9615,0.9884
0.55,93,critical_slowing_dynamic,True,800,0,MISS,0.2645,0.7573
0.55,93,abrupt_collapse_dynamic,True,860,-60,MISS,0.35,0.7998
0.55,94,stable_dynamic,False,,,QUIET,0.9447,0.9897
0.55,94,noisy_dynamic_recoverable,False,,,QUIET,0.9309,0.9865
0.55,94,critical_slowing_dynamic,True,840,-40,MISS,0.3481,0.7608
0.55,94,abrupt_collapse_dynamic,True,860,-60,MISS,0.35,0.7996
0.55,95,stable_dynamic,False,,,QUIET,0.9479,0.9898
0.55,95,noisy_dynamic_recoverable,False,,,QUIET,0.9217,0.9849
0.55,95,critical_slowing_dynamic,True,820,-20,MISS,0.3343,0.7552
0.55,95,abrupt_collapse_dynamic,True,840,-40,MISS,0.2939,0.7929
0.55,96,stable_dynamic,False,,,QUIET,0.9579,0.9918
0.55,96,noisy_dynamic_recoverable,False,,,QUIET,0.9233,0.9845
0.55,96,critical_slowing_dynamic,True,800,0,MISS,0.285,0.7452
0.55,96,abrupt_collapse_dynamic,True,860,-60,MISS,0.35,0.7988
0.55,97,stable_dynamic,False,,,QUIET,0.9675,0.9922
0.55,97,noisy_dynamic_recoverable,False,,,QUIET,0.967,0.9913
0.55,97,critical_slowing_dynamic,True,800,0,MISS,0.3485,0.754
0.55,97,abrupt_collapse_dynamic,True,860,-60,MISS,0.35,0.8034
0.55,98,stable_dynamic,False,,,QUIET,0.9463,0.9863
0.55,98,noisy_dynamic_recoverable,False,,,QUIET,0.9423,0.984
0.55,98,critical_slowing_dynamic,True,780,20,EARLY_WARNING,0.35,0.7461
0.55,98,abrupt_collapse_dynamic,True,860,-60,MISS,0.35,0.7978
0.55,99,stable_dynamic,False,,,QUIET,0.9492,0.9888
0.55,99,noisy_dynamic_recoverable,False,,,QUIET,0.9244,0.9809
0.55,99,critical_slowing_dynamic,True,800,0,MISS,0.2703,0.7498
0.55,99,abrupt_collapse_dynamic,True,860,-60,MISS,0.35,0.7952
0.55,100,stable_dynamic,False,,,QUIET,0.9677,0.991
0.55,100,noisy_dynamic_recoverable,False,,,QUIET,0.9397,0.9847
0.55,100,critical_slowing_dynamic,True,800,0,MISS,0.2543,0.7508
0.55,100,abrupt_collapse_dynamic,True,860,-60,MISS,0.35,0.8024
0.6,1,stable_dynamic,False,,,QUIET,0.969,0.9926
0.6,1,noisy_dynamic_recoverable,False,,,QUIET,0.9323,0.9914
0.6,1,critical_slowing_dynamic,True,800,0,MISS,0.2781,0.7606
0.6,1,abrupt_collapse_dynamic,True,860,-60,MISS,0.35,0.8002
0.6,2,stable_dynamic,False,,,QUIET,0.9703,0.9933
0.6,2,noisy_dynamic_recoverable,False,,,QUIET,0.9361,0.9871
0.6,2,critical_slowing_dynamic,True,820,-20,MISS,0.3335,0.7663
0.6,2,abrupt_collapse_dynamic,True,840,-40,MISS,0.2942,0.7943
0.6,3,stable_dynamic,False,,,QUIET,0.967,0.9898
0.6,3,noisy_dynamic_recoverable,False,,,QUIET,0.9372,0.9865
0.6,3,critical_slowing_dynamic,True,820,-20,MISS,0.2663,0.7632
0.6,3,abrupt_collapse_dynamic,True,860,-60,MISS,0.35,0.8009
0.6,4,stable_dynamic,False,,,QUIET,0.9495,0.9903
0.6,4,noisy_dynamic_recoverable,False,,,QUIET,0.8844,0.9826
0.6,4,critical_slowing_dynamic,True,820,-20,MISS,0.3366,0.7619
0.6,4,abrupt_collapse_dynamic,True,840,-40,MISS,0.2941,0.7957
0.6,5,stable_dynamic,False,,,QUIET,0.9579,0.9909
0.6,5,noisy_dynamic_recoverable,False,,,QUIET,0.9422,0.9864
0.6,5,critical_slowing_dynamic,True,800,0,MISS,0.2731,0.7523
0.6,5,abrupt_collapse_dynamic,True,860,-60,MISS,0.35,0.7981
0.6,6,stable_dynamic,False,,,QUIET,0.9693,0.9927
0.6,6,noisy_dynamic_recoverable,False,,,QUIET,0.9357,0.985
0.6,6,critical_slowing_dynamic,True,800,0,MISS,0.3485,0.753
0.6,6,abrupt_collapse_dynamic,True,860,-60,MISS,0.35,0.7987
0.6,7,stable_dynamic,False,,,QUIET,0.9499,0.9915
0.6,7,noisy_dynamic_recoverable,False,,,QUIET,0.912,0.9815
0.6,7,critical_slowing_dynamic,True,820,-20,MISS,0.3208,0.7671
0.6,7,abrupt_collapse_dynamic,True,860,-60,MISS,0.35,0.7992
0.6,8,stable_dynamic,False,,,QUIET,0.9719,0.9923
0.6,8,noisy_dynamic_recoverable,False,,,QUIET,0.9576,0.9926
0.6,8,critical_slowing_dynamic,True,820,-20,MISS,0.3071,0.768
0.6,8,abrupt_collapse_dynamic,True,840,-40,MISS,0.2935,0.7929
0.6,9,stable_dynamic,False,,,QUIET,0.9672,0.992
0.6,9,noisy_dynamic_recoverable,False,,,QUIET,0.938,0.9878
0.6,9,critical_slowing_dynamic,True,800,0,MISS,0.2751,0.7602
0.6,9,abrupt_collapse_dynamic,True,860,-60,MISS,0.35,0.799
0.6,10,stable_dynamic,False,,,QUIET,0.9707,0.9893
0.6,10,noisy_dynamic_recoverable,False,,,QUIET,0.9439,0.987
0.6,10,critical_slowing_dynamic,True,820,-20,MISS,0.3497,0.7678
0.6,10,abrupt_collapse_dynamic,True,840,-40,MISS,0.2939,0.7922
0.6,11,stable_dynamic,False,,,QUIET,0.9661,0.9927
0.6,11,noisy_dynamic_recoverable,False,,,QUIET,0.9008,0.9837
0.6,11,critical_slowing_dynamic,True,820,-20,MISS,0.2795,0.765
0.6,11,abrupt_collapse_dynamic,True,860,-60,MISS,0.35,0.803
0.6,12,stable_dynamic,False,,,QUIET,0.9657,0.9902
0.6,12,noisy_dynamic_recoverable,False,,,QUIET,0.9539,0.9878
0.6,12,critical_slowing_dynamic,True,820,-20,MISS,0.3456,0.7644
0.6,12,abrupt_collapse_dynamic,True,860,-60,MISS,0.35,0.8004
0.6,13,stable_dynamic,False,,,QUIET,0.9704,0.9918
0.6,13,noisy_dynamic_recoverable,False,,,QUIET,0.9578,0.991
0.6,13,critical_slowing_dynamic,True,800,0,MISS,0.2594,0.7559
0.6,13,abrupt_collapse_dynamic,True,840,-40,MISS,0.2943,0.7948
0.6,14,stable_dynamic,False,,,QUIET,0.9683,0.9931
0.6,14,noisy_dynamic_recoverable,False,,,QUIET,0.9465,0.9883
0.6,14,critical_slowing_dynamic,True,840,-40,MISS,0.3265,0.7688
0.6,14,abrupt_collapse_dynamic,True,860,-60,MISS,0.35,0.8013
0.6,15,stable_dynamic,False,,,QUIET,0.9495,0.9858
0.6,15,noisy_dynamic_recoverable,False,,,QUIET,0.923,0.9808
0.6,15,critical_slowing_dynamic,True,820,-20,MISS,0.3296,0.7617
0.6,15,abrupt_collapse_dynamic,True,860,-60,MISS,0.35,0.7969
0.6,16,stable_dynamic,False,,,QUIET,0.9687,0.9911
0.6,16,noisy_dynamic_recoverable,False,,,QUIET,0.9603,0.9913
0.6,16,critical_slowing_dynamic,True,800,0,MISS,0.35,0.7598
0.6,16,abrupt_collapse_dynamic,True,840,-40,MISS,0.2926,0.7926
0.6,17,stable_dynamic,False,,,QUIET,0.9494,0.9932
0.6,17,noisy_dynamic_recoverable,False,,,QUIET,0.9487,0.9884
0.6,17,critical_slowing_dynamic,True,780,20,EARLY_WARNING,0.2671,0.7461
0.6,17,abrupt_collapse_dynamic,True,860,-60,MISS,0.35,0.8017
0.6,18,stable_dynamic,False,,,QUIET,0.9705,0.9938
0.6,18,noisy_dynamic_recoverable,False,,,QUIET,0.946,0.99
0.6,18,critical_slowing_dynamic,True,820,-20,MISS,0.2764,0.7636
0.6,18,abrupt_collapse_dynamic,True,860,-60,MISS,0.35,0.8028
0.6,19,stable_dynamic,False,,,QUIET,0.9688,0.9939
0.6,19,noisy_dynamic_recoverable,False,,,QUIET,0.9688,0.994
0.6,19,critical_slowing_dynamic,True,820,-20,MISS,0.2719,0.7611
0.6,19,abrupt_collapse_dynamic,True,860,-60,MISS,0.35,0.8027
0.6,20,stable_dynamic,False,,,QUIET,0.9676,0.9924
0.6,20,noisy_dynamic_recoverable,False,,,QUIET,0.9372,0.9848
0.6,20,critical_slowing_dynamic,True,780,20,EARLY_WARNING,0.35,0.754
0.6,20,abrupt_collapse_dynamic,True,860,-60,MISS,0.35,0.8025
0.6,21,stable_dynamic,False,,,QUIET,0.9484,0.9914
0.6,21,noisy_dynamic_recoverable,False,,,QUIET,0.9116,0.9828
0.6,21,critical_slowing_dynamic,True,780,20,EARLY_WARNING,0.2708,0.7454
0.6,21,abrupt_collapse_dynamic,True,840,-40,MISS,0.2931,0.7931
0.6,22,stable_dynamic,False,,,QUIET,0.9654,0.9924
0.6,22,noisy_dynamic_recoverable,False,,,QUIET,0.9567,0.9893
0.6,22,critical_slowing_dynamic,True,820,-20,MISS,0.3026,0.7643
0.6,22,abrupt_collapse_dynamic,True,860,-60,MISS,0.35,0.8025
0.6,23,stable_dynamic,False,,,QUIET,0.9712,0.9941
0.6,23,noisy_dynamic_recoverable,False,,,QUIET,0.9305,0.9907
0.6,23,critical_slowing_dynamic,True,820,-20,MISS,0.2726,0.7626
0.6,23,abrupt_collapse_dynamic,True,860,-60,MISS,0.35,0.8023
0.6,24,stable_dynamic,False,,,QUIET,0.9491,0.9896
0.6,24,noisy_dynamic_recoverable,False,,,QUIET,0.9491,0.9849
0.6,24,critical_slowing_dynamic,True,840,-40,MISS,0.3385,0.7685
0.6,24,abrupt_collapse_dynamic,True,840,-40,MISS,0.2937,0.7952
0.6,25,stable_dynamic,False,,,QUIET,0.9497,0.985
0.6,25,noisy_dynamic_recoverable,False,,,QUIET,0.9193,0.9763
0.6,25,critical_slowing_dynamic,True,820,-20,MISS,0.2852,0.7606
0.6,25,abrupt_collapse_dynamic,True,840,-40,MISS,0.2933,0.7898
0.6,26,stable_dynamic,False,,,QUIET,0.9706,0.9936
0.6,26,noisy_dynamic_recoverable,False,,,QUIET,0.9398,0.9933
0.6,26,critical_slowing_dynamic,True,840,-40,MISS,0.35,0.7726
0.6,26,abrupt_collapse_dynamic,True,860,-60,MISS,0.35,0.8016
0.6,27,stable_dynamic,False,,,QUIET,0.9486,0.9926
0.6,27,noisy_dynamic_recoverable,False,,,QUIET,0.9504,0.9919
0.6,27,critical_slowing_dynamic,True,820,-20,MISS,0.35,0.7652
0.6,27,abrupt_collapse_dynamic,True,840,-40,MISS,0.296,0.7936
0.6,28,stable_dynamic,False,,,QUIET,0.9685,0.9915
0.6,28,noisy_dynamic_recoverable,False,,,QUIET,0.9395,0.9919
0.6,28,critical_slowing_dynamic,True,820,-20,MISS,0.2679,0.7624
0.6,28,abrupt_collapse_dynamic,True,860,-60,MISS,0.35,0.8001
0.6,29,stable_dynamic,False,,,QUIET,0.971,0.9953
0.6,29,noisy_dynamic_recoverable,False,,,QUIET,0.9286,0.9846
0.6,29,critical_slowing_dynamic,True,820,-20,MISS,0.311,0.7629
0.6,29,abrupt_collapse_dynamic,True,860,-60,MISS,0.35,0.8015
0.6,30,stable_dynamic,False,,,QUIET,0.9673,0.9912
0.6,30,noisy_dynamic_recoverable,False,,,QUIET,0.9306,0.9809
0.6,30,critical_slowing_dynamic,True,780,20,EARLY_WARNING,0.2779,0.7495
0.6,30,abrupt_collapse_dynamic,True,860,-60,MISS,0.35,0.802
0.6,31,stable_dynamic,False,,,QUIET,0.9477,0.993
0.6,31,noisy_dynamic_recoverable,False,,,QUIET,0.9467,0.9877
0.6,31,critical_slowing_dynamic,True,820,-20,MISS,0.2631,0.7553
0.6,31,abrupt_collapse_dynamic,True,860,-60,MISS,0.35,0.8008
0.6,32,stable_dynamic,False,,,QUIET,0.9673,0.9902
0.6,32,noisy_dynamic_recoverable,False,,,QUIET,0.9413,0.986
0.6,32,critical_slowing_dynamic,True,780,20,EARLY_WARNING,0.2674,0.7466
0.6,32,abrupt_collapse_dynamic,True,840,-40,MISS,0.2976,0.7929
0.6,33,stable_dynamic,False,,,QUIET,0.9469,0.9907
0.6,33,noisy_dynamic_recoverable,False,,,QUIET,0.9317,0.9832
0.6,33,critical_slowing_dynamic,True,800,0,MISS,0.2674,0.7585
0.6,33,abrupt_collapse_dynamic,True,860,-60,MISS,0.35,0.8015
0.6,34,stable_dynamic,False,,,QUIET,0.9503,0.9889
0.6,34,noisy_dynamic_recoverable,False,,,QUIET,0.9579,0.9908
0.6,34,critical_slowing_dynamic,True,840,-40,MISS,0.3378,0.771
0.6,34,abrupt_collapse_dynamic,True,860,-60,MISS,0.35,0.7996
0.6,35,stable_dynamic,False,,,QUIET,0.9521,0.9912
0.6,35,noisy_dynamic_recoverable,False,,,QUIET,0.9506,0.9877
0.6,35,critical_slowing_dynamic,True,820,-20,MISS,0.3336,0.7619
0.6,35,abrupt_collapse_dynamic,True,860,-60,MISS,0.35,0.8001
0.6,36,stable_dynamic,False,,,QUIET,0.949,0.993
0.6,36,noisy_dynamic_recoverable,False,,,QUIET,0.9329,0.9885
0.6,36,critical_slowing_dynamic,True,800,0,MISS,0.3203,0.7606
0.6,36,abrupt_collapse_dynamic,True,860,-60,MISS,0.35,0.8003
0.6,37,stable_dynamic,False,,,QUIET,0.9493,0.9914
0.6,37,noisy_dynamic_recoverable,False,,,QUIET,0.9493,0.9873
0.6,37,critical_slowing_dynamic,True,800,0,MISS,0.2657,0.7546
0.6,37,abrupt_collapse_dynamic,True,860,-60,MISS,0.35,0.8022
0.6,38,stable_dynamic,False,,,QUIET,0.9518,0.9927
0.6,38,noisy_dynamic_recoverable,False,,,QUIET,0.9494,0.9878
0.6,38,critical_slowing_dynamic,True,800,0,MISS,0.2708,0.7583
0.6,38,abrupt_collapse_dynamic,True,860,-60,MISS,0.35,0.8034
0.6,39,stable_dynamic,False,,,QUIET,0.9487,0.9913
0.6,39,noisy_dynamic_recoverable,False,,,QUIET,0.9449,0.9869
0.6,39,critical_slowing_dynamic,True,820,-20,MISS,0.3415,0.758
0.6,39,abrupt_collapse_dynamic,True,860,-60,MISS,0.35,0.8004
0.6,40,stable_dynamic,False,,,QUIET,0.9901,0.9978
0.6,40,noisy_dynamic_recoverable,False,,,QUIET,0.9571,0.9933
0.6,40,critical_slowing_dynamic,True,820,-20,MISS,0.3459,0.7666
0.6,40,abrupt_collapse_dynamic,True,860,-60,MISS,0.35,0.8059
0.6,41,stable_dynamic,False,,,QUIET,0.9484,0.989
0.6,41,noisy_dynamic_recoverable,False,,,QUIET,0.9152,0.9872
0.6,41,critical_slowing_dynamic,True,820,-20,MISS,0.35,0.7602
0.6,41,abrupt_collapse_dynamic,True,860,-60,MISS,0.35,0.7972
0.6,42,stable_dynamic,False,,,QUIET,0.9498,0.9921
0.6,42,noisy_dynamic_recoverable,False,,,QUIET,0.9498,0.9923
0.6,42,critical_slowing_dynamic,True,780,20,EARLY_WARNING,0.35,0.7559
0.6,42,abrupt_collapse_dynamic,True,840,-40,MISS,0.293,0.7948
0.6,43,stable_dynamic,False,,,QUIET,0.9648,0.9931
0.6,43,noisy_dynamic_recoverable,False,,,QUIET,0.9249,0.9894
0.6,43,critical_slowing_dynamic,True,800,0,MISS,0.2915,0.7527
0.6,43,abrupt_collapse_dynamic,True,840,-40,MISS,0.2945,0.7963
0.6,44,stable_dynamic,False,,,QUIET,0.9705,0.994
0.6,44,noisy_dynamic_recoverable,False,,,QUIET,0.9635,0.9927
0.6,44,critical_slowing_dynamic,True,800,0,MISS,0.35,0.761
0.6,44,abrupt_collapse_dynamic,True,860,-60,MISS,0.35,0.8023
0.6,45,stable_dynamic,False,,,QUIET,0.9713,0.9946
0.6,45,noisy_dynamic_recoverable,False,,,QUIET,0.9176,0.9869
0.6,45,critical_slowing_dynamic,True,820,-20,MISS,0.277,0.7655
0.6,45,abrupt_collapse_dynamic,True,860,-60,MISS,0.35,0.8011
0.6,46,stable_dynamic,False,,,QUIET,0.9488,0.9869
0.6,46,noisy_dynamic_recoverable,False,,,QUIET,0.933,0.9831
0.6,46,critical_slowing_dynamic,True,820,-20,MISS,0.2784,0.7555
0.6,46,abrupt_collapse_dynamic,True,860,-60,MISS,0.35,0.7968
0.6,47,stable_dynamic,False,,,QUIET,0.9651,0.9893
0.6,47,noisy_dynamic_recoverable,False,,,QUIET,0.9219,0.9832
0.6,47,critical_slowing_dynamic,True,820,-20,MISS,0.2613,0.7602
0.6,47,abrupt_collapse_dynamic,True,860,-60,MISS,0.35,0.7996
0.6,48,stable_dynamic,False,,,QUIET,0.9702,0.9902
0.6,48,noisy_dynamic_recoverable,False,,,QUIET,0.9022,0.9856
0.6,48,critical_slowing_dynamic,True,800,0,MISS,0.2782,0.752
0.6,48,abrupt_collapse_dynamic,True,860,-60,MISS,0.35,0.7998
0.6,49,stable_dynamic,False,,,QUIET,0.9512,0.9917
0.6,49,noisy_dynamic_recoverable,False,,,QUIET,0.9416,0.987
0.6,49,critical_slowing_dynamic,True,800,0,MISS,0.2843,0.7601
0.6,49,abrupt_collapse_dynamic,True,840,-40,MISS,0.2968,0.7943
0.6,50,stable_dynamic,False,,,QUIET,0.9494,0.9921
0.6,50,noisy_dynamic_recoverable,False,,,QUIET,0.9288,0.9858
0.6,50,critical_slowing_dynamic,True,820,-20,MISS,0.3035,0.7647
0.6,50,abrupt_collapse_dynamic,True,840,-40,MISS,0.2932,0.7936
0.6,51,stable_dynamic,False,,,QUIET,0.9505,0.9942
0.6,51,noisy_dynamic_recoverable,False,,,QUIET,0.9263,0.9862
0.6,51,critical_slowing_dynamic,True,780,20,EARLY_WARNING,0.2682,0.7416
0.6,51,abrupt_collapse_dynamic,True,860,-60,MISS,0.35,0.8008
0.6,52,stable_dynamic,False,,,QUIET,0.9504,0.991
0.6,52,noisy_dynamic_recoverable,False,,,QUIET,0.9504,0.9864
0.6,52,critical_slowing_dynamic,True,780,20,EARLY_WARNING,0.286,0.7487
0.6,52,abrupt_collapse_dynamic,True,860,-60,MISS,0.35,0.8026
0.6,53,stable_dynamic,False,,,QUIET,0.9482,0.9877
0.6,53,noisy_dynamic_recoverable,False,,,QUIET,0.9474,0.9875
0.6,53,critical_slowing_dynamic,True,820,-20,MISS,0.3443,0.7664
0.6,53,abrupt_collapse_dynamic,True,860,-60,MISS,0.35,0.7966
0.6,54,stable_dynamic,False,,,QUIET,0.9692,0.994
0.6,54,noisy_dynamic_recoverable,False,,,QUIET,0.9692,0.9953
0.6,54,critical_slowing_dynamic,True,820,-20,MISS,0.3277,0.7647
0.6,54,abrupt_collapse_dynamic,True,860,-60,MISS,0.35,0.8028
0.6,55,stable_dynamic,False,,,QUIET,0.9574,0.9883
0.6,55,noisy_dynamic_recoverable,False,,,QUIET,0.9574,0.9884
0.6,55,critical_slowing_dynamic,True,820,-20,MISS,0.3477,0.7647
0.6,55,abrupt_collapse_dynamic,True,860,-60,MISS,0.35,0.798
0.6,56,stable_dynamic,False,,,QUIET,0.9706,0.9951
0.6,56,noisy_dynamic_recoverable,False,,,QUIET,0.9359,0.9895
0.6,56,critical_slowing_dynamic,True,820,-20,MISS,0.2604,0.7603
0.6,56,abrupt_collapse_dynamic,True,860,-60,MISS,0.35,0.8024
0.6,57,stable_dynamic,False,,,QUIET,0.9522,0.9918
0.6,57,noisy_dynamic_recoverable,False,,,QUIET,0.9331,0.9868
0.6,57,critical_slowing_dynamic,True,820,-20,MISS,0.3469,0.767
0.6,57,abrupt_collapse_dynamic,True,860,-60,MISS,0.35,0.801
0.6,58,stable_dynamic,False,,,QUIET,0.9682,0.9921
0.6,58,noisy_dynamic_recoverable,False,,,QUIET,0.9307,0.9809
0.6,58,critical_slowing_dynamic,True,780,20,EARLY_WARNING,0.29,0.7481
0.6,58,abrupt_collapse_dynamic,True,860,-60,MISS,0.35,0.8001
0.6,59,stable_dynamic,False,,,QUIET,0.9515,0.9933
0.6,59,noisy_dynamic_recoverable,False,,,QUIET,0.9528,0.9907
0.6,59,critical_slowing_dynamic,True,820,-20,MISS,0.2918,0.7594
0.6,59,abrupt_collapse_dynamic,True,860,-60,MISS,0.35,0.8016
0.6,60,stable_dynamic,False,,,QUIET,0.9655,0.9936
0.6,60,noisy_dynamic_recoverable,False,,,QUIET,0.9016,0.9876
0.6,60,critical_slowing_dynamic,True,800,0,MISS,0.2875,0.7522
0.6,60,abrupt_collapse_dynamic,True,860,-60,MISS,0.35,0.7999
0.6,61,stable_dynamic,False,,,QUIET,0.9484,0.989
0.6,61,noisy_dynamic_recoverable,False,,,QUIET,0.9104,0.9835
0.6,61,critical_slowing_dynamic,True,820,-20,MISS,0.2753,0.7587
0.6,61,abrupt_collapse_dynamic,True,860,-60,MISS,0.35,0.796
0.6,62,stable_dynamic,False,,,QUIET,0.9675,0.9937
0.6,62,noisy_dynamic_recoverable,False,,,QUIET,0.9046,0.9844
0.6,62,critical_slowing_dynamic,True,780,20,EARLY_WARNING,0.2836,0.7453
0.6,62,abrupt_collapse_dynamic,True,860,-60,MISS,0.35,0.8019
0.6,63,stable_dynamic,False,,,QUIET,0.9705,0.9948
0.6,63,noisy_dynamic_recoverable,False,,,QUIET,0.9598,0.9918
0.6,63,critical_slowing_dynamic,True,800,0,MISS,0.2545,0.7574
0.6,63,abrupt_collapse_dynamic,True,860,-60,MISS,0.35,0.8014
0.6,64,stable_dynamic,False,,,QUIET,0.9701,0.994
0.6,64,noisy_dynamic_recoverable,False,,,QUIET,0.9388,0.9902
0.6,64,critical_slowing_dynamic,True,820,-20,MISS,0.2829,0.7616
0.6,64,abrupt_collapse_dynamic,True,860,-60,MISS,0.35,0.8037
0.6,65,stable_dynamic,False,,,QUIET,0.9483,0.9902
0.6,65,noisy_dynamic_recoverable,False,,,QUIET,0.9192,0.9847
0.6,65,critical_slowing_dynamic,True,780,20,EARLY_WARNING,0.2676,0.7372
0.6,65,abrupt_collapse_dynamic,True,840,-40,MISS,0.2949,0.7907
0.6,66,stable_dynamic,False,,,QUIET,0.9675,0.9951
0.6,66,noisy_dynamic_recoverable,False,,,QUIET,0.9652,0.9904
0.6,66,critical_slowing_dynamic,True,800,0,MISS,0.35,0.7603
0.6,66,abrupt_collapse_dynamic,True,840,-40,MISS,0.2946,0.796
0.6,67,stable_dynamic,False,,,QUIET,0.9716,0.9938
0.6,67,noisy_dynamic_recoverable,False,,,QUIET,0.9285,0.9867
0.6,67,critical_slowing_dynamic,True,820,-20,MISS,0.35,0.7694
0.6,67,abrupt_collapse_dynamic,True,860,-60,MISS,0.35,0.8036
0.6,68,stable_dynamic,False,,,QUIET,0.9704,0.9916
0.6,68,noisy_dynamic_recoverable,False,,,QUIET,0.9282,0.9841
0.6,68,critical_slowing_dynamic,True,780,20,EARLY_WARNING,0.2689,0.7447
0.6,68,abrupt_collapse_dynamic,True,860,-60,MISS,0.35,0.8002
0.6,69,stable_dynamic,False,,,QUIET,0.9659,0.9944
0.6,69,noisy_dynamic_recoverable,False,,,QUIET,0.9593,0.9912
0.6,69,critical_slowing_dynamic,True,800,0,MISS,0.3457,0.7582
0.6,69,abrupt_collapse_dynamic,True,860,-60,MISS,0.35,0.8053
0.6,70,stable_dynamic,False,,,QUIET,0.9498,0.9888
0.6,70,noisy_dynamic_recoverable,False,,,QUIET,0.9498,0.9882
0.6,70,critical_slowing_dynamic,True,800,0,MISS,0.2688,0.7511
0.6,70,abrupt_collapse_dynamic,True,860,-60,MISS,0.35,0.8003
0.6,71,stable_dynamic,False,,,QUIET,0.9636,0.9919
0.6,71,noisy_dynamic_recoverable,False,,,QUIET,0.8965,0.9821
0.6,71,critical_slowing_dynamic,True,840,-40,MISS,0.3279,0.7718
0.6,71,abrupt_collapse_dynamic,True,860,-60,MISS,0.35,0.8023
0.6,72,stable_dynamic,False,,,QUIET,0.9488,0.9873
0.6,72,noisy_dynamic_recoverable,False,,,QUIET,0.9488,0.987
0.6,72,critical_slowing_dynamic,True,800,0,MISS,0.2741,0.7478
0.6,72,abrupt_collapse_dynamic,True,860,-60,MISS,0.35,0.7967
0.6,73,stable_dynamic,False,,,QUIET,0.9502,0.9918
0.6,73,noisy_dynamic_recoverable,False,,,QUIET,0.9424,0.9879
0.6,73,critical_slowing_dynamic,True,800,0,MISS,0.2617,0.757
0.6,73,abrupt_collapse_dynamic,True,860,-60,MISS,0.35,0.7978
0.6,74,stable_dynamic,False,,,QUIET,0.9674,0.991
0.6,74,noisy_dynamic_recoverable,False,,,QUIET,0.9644,0.9891
0.6,74,critical_slowing_dynamic,True,800,0,MISS,0.2849,0.7563
0.6,74,abrupt_collapse_dynamic,True,860,-60,MISS,0.35,0.8004
0.6,75,stable_dynamic,False,,,QUIET,0.9471,0.9918
0.6,75,noisy_dynamic_recoverable,False,,,QUIET,0.9622,0.9905
0.6,75,critical_slowing_dynamic,True,800,0,MISS,0.2687,0.7556
0.6,75,abrupt_collapse_dynamic,True,860,-60,MISS,0.35,0.7998
0.6,76,stable_dynamic,False,,,QUIET,0.9487,0.9923
0.6,76,noisy_dynamic_recoverable,False,,,QUIET,0.9487,0.987
0.6,76,critical_slowing_dynamic,True,800,0,MISS,0.2803,0.7544
0.6,76,abrupt_collapse_dynamic,True,860,-60,MISS,0.35,0.8018
0.6,77,stable_dynamic,False,,,QUIET,0.9715,0.9919
0.6,77,noisy_dynamic_recoverable,False,,,QUIET,0.9534,0.9911
0.6,77,critical_slowing_dynamic,True,800,0,MISS,0.2827,0.7529
0.6,77,abrupt_collapse_dynamic,True,860,-60,MISS,0.35,0.7998
0.6,78,stable_dynamic,False,,,QUIET,0.9439,0.9898
0.6,78,noisy_dynamic_recoverable,False,,,QUIET,0.9083,0.984
0.6,78,critical_slowing_dynamic,True,800,0,MISS,0.2738,0.7524
0.6,78,abrupt_collapse_dynamic,True,860,-60,MISS,0.35,0.7988
0.6,79,stable_dynamic,False,,,QUIET,0.968,0.9919
0.6,79,noisy_dynamic_recoverable,False,,,QUIET,0.9479,0.9895
0.6,79,critical_slowing_dynamic,True,820,-20,MISS,0.35,0.7634
0.6,79,abrupt_collapse_dynamic,True,860,-60,MISS,0.35,0.7988
0.6,80,stable_dynamic,False,,,QUIET,0.9482,0.9917
0.6,80,noisy_dynamic_recoverable,False,,,QUIET,0.9209,0.987
0.6,80,critical_slowing_dynamic,True,840,-40,MISS,0.2851,0.7676
0.6,80,abrupt_collapse_dynamic,True,860,-60,MISS,0.35,0.8017
0.6,81,stable_dynamic,False,,,QUIET,0.9657,0.9955
0.6,81,noisy_dynamic_recoverable,False,,,QUIET,0.8875,0.9857
0.6,81,critical_slowing_dynamic,True,800,0,MISS,0.3137,0.7526
0.6,81,abrupt_collapse_dynamic,True,860,-60,MISS,0.35,0.8029
0.6,82,stable_dynamic,False,,,QUIET,0.9704,0.9928
0.6,82,noisy_dynamic_recoverable,False,,,QUIET,0.9505,0.9891
0.6,82,critical_slowing_dynamic,True,780,20,EARLY_WARNING,0.2954,0.7508
0.6,82,abrupt_collapse_dynamic,True,860,-60,MISS,0.35,0.8001
0.6,83,stable_dynamic,False,,,QUIET,0.9484,0.99
0.6,83,noisy_dynamic_recoverable,False,,,QUIET,0.9581,0.9901
0.6,83,critical_slowing_dynamic,True,800,0,MISS,0.35,0.7598
0.6,83,abrupt_collapse_dynamic,True,840,-40,MISS,0.294,0.7916
0.6,84,stable_dynamic,False,,,QUIET,0.9712,0.9926
0.6,84,noisy_dynamic_recoverable,False,,,QUIET,0.9416,0.9879
0.6,84,critical_slowing_dynamic,True,800,0,MISS,0.3415,0.7598
0.6,84,abrupt_collapse_dynamic,True,840,-40,MISS,0.2948,0.7933
0.6,85,stable_dynamic,False,,,QUIET,0.9712,0.9933
0.6,85,noisy_dynamic_recoverable,False,,,QUIET,0.9512,0.9912
0.6,85,critical_slowing_dynamic,True,820,-20,MISS,0.3381,0.762
0.6,85,abrupt_collapse_dynamic,True,860,-60,MISS,0.35,0.8023
0.6,86,stable_dynamic,False,,,QUIET,0.9488,0.994
0.6,86,noisy_dynamic_recoverable,False,,,QUIET,0.9332,0.9912
0.6,86,critical_slowing_dynamic,True,800,0,MISS,0.35,0.7625
0.6,86,abrupt_collapse_dynamic,True,840,-40,MISS,0.2931,0.7955
0.6,87,stable_dynamic,False,,,QUIET,0.9488,0.9905
0.6,87,noisy_dynamic_recoverable,False,,,QUIET,0.9298,0.9861
0.6,87,critical_slowing_dynamic,True,800,0,MISS,0.35,0.7573
0.6,87,abrupt_collapse_dynamic,True,860,-60,MISS,0.3476,0.7987
0.6,88,stable_dynamic,False,,,QUIET,0.9497,0.9922
0.6,88,noisy_dynamic_recoverable,False,,,QUIET,0.873,0.9817
0.6,88,critical_slowing_dynamic,True,820,-20,MISS,0.2749,0.7558
0.6,88,abrupt_collapse_dynamic,True,840,-40,MISS,0.2936,0.7966
0.6,89,stable_dynamic,False,,,QUIET,0.9661,0.9901
0.6,89,noisy_dynamic_recoverable,False,,,QUIET,0.9407,0.9853
0.6,89,critical_slowing_dynamic,True,800,0,MISS,0.2615,0.7557
0.6,89,abrupt_collapse_dynamic,True,860,-60,MISS,0.35,0.8005
0.6,90,stable_dynamic,False,,,QUIET,0.9467,0.991
0.6,90,noisy_dynamic_recoverable,False,,,QUIET,0.9467,0.9871
0.6,90,critical_slowing_dynamic,True,820,-20,MISS,0.2977,0.7583
0.6,90,abrupt_collapse_dynamic,True,860,-60,MISS,0.35,0.7995
0.6,91,stable_dynamic,False,,,QUIET,0.9487,0.9921
0.6,91,noisy_dynamic_recoverable,False,,,QUIET,0.9487,0.9893
0.6,91,critical_slowing_dynamic,True,800,0,MISS,0.3493,0.7576
0.6,91,abrupt_collapse_dynamic,True,860,-60,MISS,0.35,0.8021
0.6,92,stable_dynamic,False,,,QUIET,0.9667,0.992
0.6,92,noisy_dynamic_recoverable,False,,,QUIET,0.9217,0.9818
0.6,92,critical_slowing_dynamic,True,800,0,MISS,0.2805,0.7507
0.6,92,abrupt_collapse_dynamic,True,840,-40,MISS,0.2965,0.795
0.6,93,stable_dynamic,False,,,QUIET,0.9672,0.9896
0.6,93,noisy_dynamic_recoverable,False,,,QUIET,0.9615,0.9884
0.6,93,critical_slowing_dynamic,True,800,0,MISS,0.2645,0.7573
0.6,93,abrupt_collapse_dynamic,True,860,-60,MISS,0.35,0.7998
0.6,94,stable_dynamic,False,,,QUIET,0.9447,0.9897
0.6,94,noisy_dynamic_recoverable,False,,,QUIET,0.9309,0.9865
0.6,94,critical_slowing_dynamic,True,820,-20,MISS,0.3481,0.7608
0.6,94,abrupt_collapse_dynamic,True,860,-60,MISS,0.35,0.7996
0.6,95,stable_dynamic,False,,,QUIET,0.9479,0.9898
0.6,95,noisy_dynamic_recoverable,False,,,QUIET,0.9217,0.9849
0.6,95,critical_slowing_dynamic,True,820,-20,MISS,0.3343,0.7552
0.6,95,abrupt_collapse_dynamic,True,840,-40,MISS,0.2939,0.7929
0.6,96,stable_dynamic,False,,,QUIET,0.9579,0.9918
0.6,96,noisy_dynamic_recoverable,False,,,QUIET,0.9233,0.9845
0.6,96,critical_slowing_dynamic,True,780,20,EARLY_WARNING,0.285,0.7452
0.6,96,abrupt_collapse_dynamic,True,860,-60,MISS,0.35,0.7988
0.6,97,stable_dynamic,False,,,QUIET,0.9675,0.9922
0.6,97,noisy_dynamic_recoverable,False,,,QUIET,0.967,0.9913
0.6,97,critical_slowing_dynamic,True,800,0,MISS,0.3485,0.754
0.6,97,abrupt_collapse_dynamic,True,860,-60,MISS,0.35,0.8034
0.6,98,stable_dynamic,False,,,QUIET,0.9463,0.9863
0.6,98,noisy_dynamic_recoverable,False,,,QUIET,0.9423,0.984
0.6,98,critical_slowing_dynamic,True,780,20,EARLY_WARNING,0.35,0.7461
0.6,98,abrupt_collapse_dynamic,True,860,-60,MISS,0.35,0.7978
0.6,99,stable_dynamic,False,,,QUIET,0.9492,0.9888
0.6,99,noisy_dynamic_recoverable,False,,,QUIET,0.9244,0.9809
0.6,99,critical_slowing_dynamic,True,800,0,MISS,0.2703,0.7498
0.6,99,abrupt_collapse_dynamic,True,860,-60,MISS,0.35,0.7952
0.6,100,stable_dynamic,False,,,QUIET,0.9677,0.991
0.6,100,noisy_dynamic_recoverable,False,,,QUIET,0.9397,0.9847
0.6,100,critical_slowing_dynamic,True,800,0,MISS,0.2543,0.7508
0.6,100,abrupt_collapse_dynamic,True,860,-60,MISS,0.35,0.8024
0.65,1,stable_dynamic,False,,,QUIET,0.969,0.9926
0.65,1,noisy_dynamic_recoverable,False,,,QUIET,0.9323,0.9914
0.65,1,critical_slowing_dynamic,True,800,0,MISS,0.2781,0.7606
0.65,1,abrupt_collapse_dynamic,True,840,-40,MISS,0.35,0.8002
0.65,2,stable_dynamic,False,,,QUIET,0.9703,0.9933
0.65,2,noisy_dynamic_recoverable,False,,,QUIET,0.9361,0.9871
0.65,2,critical_slowing_dynamic,True,820,-20,MISS,0.3335,0.7663
0.65,2,abrupt_collapse_dynamic,True,840,-40,MISS,0.2942,0.7943
0.65,3,stable_dynamic,False,,,QUIET,0.967,0.9898
0.65,3,noisy_dynamic_recoverable,False,,,QUIET,0.9372,0.9865
0.65,3,critical_slowing_dynamic,True,820,-20,MISS,0.2663,0.7632
0.65,3,abrupt_collapse_dynamic,True,840,-40,MISS,0.35,0.8009
0.65,4,stable_dynamic,False,,,QUIET,0.9495,0.9903
0.65,4,noisy_dynamic_recoverable,False,,,QUIET,0.8844,0.9826
0.65,4,critical_slowing_dynamic,True,800,0,MISS,0.3366,0.7619
0.65,4,abrupt_collapse_dynamic,True,840,-40,MISS,0.2941,0.7957
0.65,5,stable_dynamic,False,,,QUIET,0.9579,0.9909
0.65,5,noisy_dynamic_recoverable,False,,,QUIET,0.9422,0.9864
0.65,5,critical_slowing_dynamic,True,800,0,MISS,0.2731,0.7523
0.65,5,abrupt_collapse_dynamic,True,840,-40,MISS,0.35,0.7981
0.65,6,stable_dynamic,False,,,QUIET,0.9693,0.9927
0.65,6,noisy_dynamic_recoverable,False,,,QUIET,0.9357,0.985
0.65,6,critical_slowing_dynamic,True,780,20,EARLY_WARNING,0.3485,0.753
0.65,6,abrupt_collapse_dynamic,True,840,-40,MISS,0.35,0.7987
0.65,7,stable_dynamic,False,,,QUIET,0.9499,0.9915
0.65,7,noisy_dynamic_recoverable,False,,,QUIET,0.912,0.9815
0.65,7,critical_slowing_dynamic,True,820,-20,MISS,0.3208,0.7671
0.65,7,abrupt_collapse_dynamic,True,840,-40,MISS,0.35,0.7992
0.65,8,stable_dynamic,False,,,QUIET,0.9719,0.9923
0.65,8,noisy_dynamic_recoverable,False,,,QUIET,0.9576,0.9926
0.65,8,critical_slowing_dynamic,True,820,-20,MISS,0.3071,0.768
0.65,8,abrupt_collapse_dynamic,True,840,-40,MISS,0.2935,0.7929
0.65,9,stable_dynamic,False,,,QUIET,0.9672,0.992
0.65,9,noisy_dynamic_recoverable,False,,,QUIET,0.938,0.9878
0.65,9,critical_slowing_dynamic,True,800,0,MISS,0.2751,0.7602
0.65,9,abrupt_collapse_dynamic,True,840,-40,MISS,0.35,0.799
0.65,10,stable_dynamic,False,,,QUIET,0.9707,0.9893
0.65,10,noisy_dynamic_recoverable,False,,,QUIET,0.9439,0.987
0.65,10,critical_slowing_dynamic,True,820,-20,MISS,0.3497,0.7678
0.65,10,abrupt_collapse_dynamic,True,840,-40,MISS,0.2939,0.7922
0.65,11,stable_dynamic,False,,,QUIET,0.9661,0.9927
0.65,11,noisy_dynamic_recoverable,False,,,QUIET,0.9008,0.9837
0.65,11,critical_slowing_dynamic,True,820,-20,MISS,0.2795,0.765
0.65,11,abrupt_collapse_dynamic,True,840,-40,MISS,0.35,0.803
0.65,12,stable_dynamic,False,,,QUIET,0.9657,0.9902
0.65,12,noisy_dynamic_recoverable,False,,,QUIET,0.9539,0.9878
0.65,12,critical_slowing_dynamic,True,820,-20,MISS,0.3456,0.7644
0.65,12,abrupt_collapse_dynamic,True,840,-40,MISS,0.35,0.8004
0.65,13,stable_dynamic,False,,,QUIET,0.9704,0.9918
0.65,13,noisy_dynamic_recoverable,False,,,QUIET,0.9578,0.991
0.65,13,critical_slowing_dynamic,True,800,0,MISS,0.2594,0.7559
0.65,13,abrupt_collapse_dynamic,True,840,-40,MISS,0.2943,0.7948
0.65,14,stable_dynamic,False,,,QUIET,0.9683,0.9931
0.65,14,noisy_dynamic_recoverable,False,,,QUIET,0.9465,0.9883
0.65,14,critical_slowing_dynamic,True,820,-20,MISS,0.3265,0.7688
0.65,14,abrupt_collapse_dynamic,True,840,-40,MISS,0.35,0.8013
0.65,15,stable_dynamic,False,,,QUIET,0.9495,0.9858
0.65,15,noisy_dynamic_recoverable,False,,,QUIET,0.923,0.9808
0.65,15,critical_slowing_dynamic,True,820,-20,MISS,0.3296,0.7617
0.65,15,abrupt_collapse_dynamic,True,840,-40,MISS,0.35,0.7969
0.65,16,stable_dynamic,False,,,QUIET,0.9687,0.9911
0.65,16,noisy_dynamic_recoverable,False,,,QUIET,0.9603,0.9913
0.65,16,critical_slowing_dynamic,True,800,0,MISS,0.35,0.7598
0.65,16,abrupt_collapse_dynamic,True,840,-40,MISS,0.2926,0.7926
0.65,17,stable_dynamic,False,,,QUIET,0.9494,0.9932
0.65,17,noisy_dynamic_recoverable,False,,,QUIET,0.9487,0.9884
0.65,17,critical_slowing_dynamic,True,780,20,EARLY_WARNING,0.2671,0.7461
0.65,17,abrupt_collapse_dynamic,True,840,-40,MISS,0.35,0.8017
0.65,18,stable_dynamic,False,,,QUIET,0.9705,0.9938
0.65,18,noisy_dynamic_recoverable,False,,,QUIET,0.946,0.99
0.65,18,critical_slowing_dynamic,True,800,0,MISS,0.2764,0.7636
0.65,18,abrupt_collapse_dynamic,True,840,-40,MISS,0.35,0.8028
0.65,19,stable_dynamic,False,,,QUIET,0.9688,0.9939
0.65,19,noisy_dynamic_recoverable,False,,,QUIET,0.9688,0.994
0.65,19,critical_slowing_dynamic,True,800,0,MISS,0.2719,0.7611
0.65,19,abrupt_collapse_dynamic,True,840,-40,MISS,0.35,0.8027
0.65,20,stable_dynamic,False,,,QUIET,0.9676,0.9924
0.65,20,noisy_dynamic_recoverable,False,,,QUIET,0.9372,0.9848
0.65,20,critical_slowing_dynamic,True,780,20,EARLY_WARNING,0.35,0.754
0.65,20,abrupt_collapse_dynamic,True,840,-40,MISS,0.35,0.8025
0.65,21,stable_dynamic,False,,,QUIET,0.9484,0.9914
0.65,21,noisy_dynamic_recoverable,False,,,QUIET,0.9116,0.9828
0.65,21,critical_slowing_dynamic,True,780,20,EARLY_WARNING,0.2708,0.7454
0.65,21,abrupt_collapse_dynamic,True,840,-40,MISS,0.2931,0.7931
0.65,22,stable_dynamic,False,,,QUIET,0.9654,0.9924
0.65,22,noisy_dynamic_recoverable,False,,,QUIET,0.9567,0.9893
0.65,22,critical_slowing_dynamic,True,820,-20,MISS,0.3026,0.7643
0.65,22,abrupt_collapse_dynamic,True,840,-40,MISS,0.35,0.8025
0.65,23,stable_dynamic,False,,,QUIET,0.9712,0.9941
0.65,23,noisy_dynamic_recoverable,False,,,QUIET,0.9305,0.9907
0.65,23,critical_slowing_dynamic,True,820,-20,MISS,0.2726,0.7626
0.65,23,abrupt_collapse_dynamic,True,840,-40,MISS,0.35,0.8023
0.65,24,stable_dynamic,False,,,QUIET,0.9491,0.9896
0.65,24,noisy_dynamic_recoverable,False,,,QUIET,0.9491,0.9849
0.65,24,critical_slowing_dynamic,True,820,-20,MISS,0.3385,0.7685
0.65,24,abrupt_collapse_dynamic,True,840,-40,MISS,0.2937,0.7952
0.65,25,stable_dynamic,False,,,QUIET,0.9497,0.985
0.65,25,noisy_dynamic_recoverable,False,,,QUIET,0.9193,0.9763
0.65,25,critical_slowing_dynamic,True,800,0,MISS,0.2852,0.7606
0.65,25,abrupt_collapse_dynamic,True,840,-40,MISS,0.2933,0.7898
0.65,26,stable_dynamic,False,,,QUIET,0.9706,0.9936
0.65,26,noisy_dynamic_recoverable,False,,,QUIET,0.9398,0.9933
0.65,26,critical_slowing_dynamic,True,820,-20,MISS,0.35,0.7726
0.65,26,abrupt_collapse_dynamic,True,840,-40,MISS,0.35,0.8016
0.65,27,stable_dynamic,False,,,QUIET,0.9486,0.9926
0.65,27,noisy_dynamic_recoverable,False,,,QUIET,0.9504,0.9919
0.65,27,critical_slowing_dynamic,True,820,-20,MISS,0.35,0.7652
0.65,27,abrupt_collapse_dynamic,True,840,-40,MISS,0.296,0.7936
0.65,28,stable_dynamic,False,,,QUIET,0.9685,0.9915
0.65,28,noisy_dynamic_recoverable,False,,,QUIET,0.9395,0.9919
0.65,28,critical_slowing_dynamic,True,800,0,MISS,0.2679,0.7624
0.65,28,abrupt_collapse_dynamic,True,840,-40,MISS,0.35,0.8001
0.65,29,stable_dynamic,False,,,QUIET,0.971,0.9953
0.65,29,noisy_dynamic_recoverable,False,,,QUIET,0.9286,0.9846
0.65,29,critical_slowing_dynamic,True,800,0,MISS,0.311,0.7629
0.65,29,abrupt_collapse_dynamic,True,840,-40,MISS,0.35,0.8015
0.65,30,stable_dynamic,False,,,QUIET,0.9673,0.9912
0.65,30,noisy_dynamic_recoverable,False,,,QUIET,0.9306,0.9809
0.65,30,critical_slowing_dynamic,True,780,20,EARLY_WARNING,0.2779,0.7495
0.65,30,abrupt_collapse_dynamic,True,840,-40,MISS,0.35,0.802
0.65,31,stable_dynamic,False,,,QUIET,0.9477,0.993
0.65,31,noisy_dynamic_recoverable,False,,,QUIET,0.9467,0.9877
0.65,31,critical_slowing_dynamic,True,800,0,MISS,0.2631,0.7553
0.65,31,abrupt_collapse_dynamic,True,840,-40,MISS,0.35,0.8008
0.65,32,stable_dynamic,False,,,QUIET,0.9673,0.9902
0.65,32,noisy_dynamic_recoverable,False,,,QUIET,0.9413,0.986
0.65,32,critical_slowing_dynamic,True,780,20,EARLY_WARNING,0.2674,0.7466
0.65,32,abrupt_collapse_dynamic,True,840,-40,MISS,0.2976,0.7929
0.65,33,stable_dynamic,False,,,QUIET,0.9469,0.9907
0.65,33,noisy_dynamic_recoverable,False,,,QUIET,0.9317,0.9832
0.65,33,critical_slowing_dynamic,True,800,0,MISS,0.2674,0.7585
0.65,33,abrupt_collapse_dynamic,True,840,-40,MISS,0.35,0.8015
0.65,34,stable_dynamic,False,,,QUIET,0.9503,0.9889
0.65,34,noisy_dynamic_recoverable,False,,,QUIET,0.9579,0.9908
0.65,34,critical_slowing_dynamic,True,820,-20,MISS,0.3378,0.771
0.65,34,abrupt_collapse_dynamic,True,840,-40,MISS,0.35,0.7996
0.65,35,stable_dynamic,False,,,QUIET,0.9521,0.9912
0.65,35,noisy_dynamic_recoverable,False,,,QUIET,0.9506,0.9877
0.65,35,critical_slowing_dynamic,True,800,0,MISS,0.3336,0.7619
0.65,35,abrupt_collapse_dynamic,True,840,-40,MISS,0.35,0.8001
0.65,36,stable_dynamic,False,,,QUIET,0.949,0.993
0.65,36,noisy_dynamic_recoverable,False,,,QUIET,0.9329,0.9885
0.65,36,critical_slowing_dynamic,True,800,0,MISS,0.3203,0.7606
0.65,36,abrupt_collapse_dynamic,True,840,-40,MISS,0.35,0.8003
0.65,37,stable_dynamic,False,,,QUIET,0.9493,0.9914
0.65,37,noisy_dynamic_recoverable,False,,,QUIET,0.9493,0.9873
0.65,37,critical_slowing_dynamic,True,800,0,MISS,0.2657,0.7546
0.65,37,abrupt_collapse_dynamic,True,840,-40,MISS,0.35,0.8022
0.65,38,stable_dynamic,False,,,QUIET,0.9518,0.9927
0.65,38,noisy_dynamic_recoverable,False,,,QUIET,0.9494,0.9878
0.65,38,critical_slowing_dynamic,True,800,0,MISS,0.2708,0.7583
0.65,38,abrupt_collapse_dynamic,True,840,-40,MISS,0.35,0.8034
0.65,39,stable_dynamic,False,,,QUIET,0.9487,0.9913
0.65,39,noisy_dynamic_recoverable,False,,,QUIET,0.9449,0.9869
0.65,39,critical_slowing_dynamic,True,800,0,MISS,0.3415,0.758
0.65,39,abrupt_collapse_dynamic,True,840,-40,MISS,0.35,0.8004
0.65,40,stable_dynamic,False,,,QUIET,0.9901,0.9978
0.65,40,noisy_dynamic_recoverable,False,,,QUIET,0.9571,0.9933
0.65,40,critical_slowing_dynamic,True,800,0,MISS,0.3459,0.7666
0.65,40,abrupt_collapse_dynamic,True,840,-40,MISS,0.35,0.8059
0.65,41,stable_dynamic,False,,,QUIET,0.9484,0.989
0.65,41,noisy_dynamic_recoverable,False,,,QUIET,0.9152,0.9872
0.65,41,critical_slowing_dynamic,True,800,0,MISS,0.35,0.7602
0.65,41,abrupt_collapse_dynamic,True,840,-40,MISS,0.35,0.7972
0.65,42,stable_dynamic,False,,,QUIET,0.9498,0.9921
0.65,42,noisy_dynamic_recoverable,False,,,QUIET,0.9498,0.9923
0.65,42,critical_slowing_dynamic,True,780,20,EARLY_WARNING,0.35,0.7559
0.65,42,abrupt_collapse_dynamic,True,840,-40,MISS,0.293,0.7948
0.65,43,stable_dynamic,False,,,QUIET,0.9648,0.9931
0.65,43,noisy_dynamic_recoverable,False,,,QUIET,0.9249,0.9894
0.65,43,critical_slowing_dynamic,True,780,20,EARLY_WARNING,0.2915,0.7527
0.65,43,abrupt_collapse_dynamic,True,840,-40,MISS,0.2945,0.7963
0.65,44,stable_dynamic,False,,,QUIET,0.9705,0.994
0.65,44,noisy_dynamic_recoverable,False,,,QUIET,0.9635,0.9927
0.65,44,critical_slowing_dynamic,True,800,0,MISS,0.35,0.761
0.65,44,abrupt_collapse_dynamic,True,840,-40,MISS,0.35,0.8023
0.65,45,stable_dynamic,False,,,QUIET,0.9713,0.9946
0.65,45,noisy_dynamic_recoverable,False,,,QUIET,0.9176,0.9869
0.65,45,critical_slowing_dynamic,True,820,-20,MISS,0.277,0.7655
0.65,45,abrupt_collapse_dynamic,True,840,-40,MISS,0.35,0.8011
0.65,46,stable_dynamic,False,,,QUIET,0.9488,0.9869
0.65,46,noisy_dynamic_recoverable,False,,,QUIET,0.933,0.9831
0.65,46,critical_slowing_dynamic,True,800,0,MISS,0.2784,0.7555
0.65,46,abrupt_collapse_dynamic,True,840,-40,MISS,0.35,0.7968
0.65,47,stable_dynamic,False,,,QUIET,0.9651,0.9893
0.65,47,noisy_dynamic_recoverable,False,,,QUIET,0.9219,0.9832
0.65,47,critical_slowing_dynamic,True,820,-20,MISS,0.2613,0.7602
0.65,47,abrupt_collapse_dynamic,True,840,-40,MISS,0.35,0.7996
0.65,48,stable_dynamic,False,,,QUIET,0.9702,0.9902
0.65,48,noisy_dynamic_recoverable,False,,,QUIET,0.9022,0.9856
0.65,48,critical_slowing_dynamic,True,780,20,EARLY_WARNING,0.2782,0.752
0.65,48,abrupt_collapse_dynamic,True,840,-40,MISS,0.35,0.7998
0.65,49,stable_dynamic,False,,,QUIET,0.9512,0.9917
0.65,49,noisy_dynamic_recoverable,False,,,QUIET,0.9416,0.987
0.65,49,critical_slowing_dynamic,True,800,0,MISS,0.2843,0.7601
0.65,49,abrupt_collapse_dynamic,True,840,-40,MISS,0.2968,0.7943
0.65,50,stable_dynamic,False,,,QUIET,0.9494,0.9921
0.65,50,noisy_dynamic_recoverable,False,,,QUIET,0.9288,0.9858
0.65,50,critical_slowing_dynamic,True,800,0,MISS,0.3035,0.7647
0.65,50,abrupt_collapse_dynamic,True,840,-40,MISS,0.2932,0.7936
0.65,51,stable_dynamic,False,,,QUIET,0.9505,0.9942
0.65,51,noisy_dynamic_recoverable,False,,,QUIET,0.9263,0.9862
0.65,51,critical_slowing_dynamic,True,780,20,EARLY_WARNING,0.2682,0.7416
0.65,51,abrupt_collapse_dynamic,True,840,-40,MISS,0.35,0.8008
0.65,52,stable_dynamic,False,,,QUIET,0.9504,0.991
0.65,52,noisy_dynamic_recoverable,False,,,QUIET,0.9504,0.9864
0.65,52,critical_slowing_dynamic,True,780,20,EARLY_WARNING,0.286,0.7487
0.65,52,abrupt_collapse_dynamic,True,840,-40,MISS,0.35,0.8026
0.65,53,stable_dynamic,False,,,QUIET,0.9482,0.9877
0.65,53,noisy_dynamic_recoverable,False,,,QUIET,0.9474,0.9875
0.65,53,critical_slowing_dynamic,True,820,-20,MISS,0.3443,0.7664
0.65,53,abrupt_collapse_dynamic,True,840,-40,MISS,0.35,0.7966
0.65,54,stable_dynamic,False,,,QUIET,0.9692,0.994
0.65,54,noisy_dynamic_recoverable,False,,,QUIET,0.9692,0.9953
0.65,54,critical_slowing_dynamic,True,820,-20,MISS,0.3277,0.7647
0.65,54,abrupt_collapse_dynamic,True,840,-40,MISS,0.35,0.8028
0.65,55,stable_dynamic,False,,,QUIET,0.9574,0.9883
0.65,55,noisy_dynamic_recoverable,False,,,QUIET,0.9574,0.9884
0.65,55,critical_slowing_dynamic,True,820,-20,MISS,0.3477,0.7647
0.65,55,abrupt_collapse_dynamic,True,840,-40,MISS,0.35,0.798
0.65,56,stable_dynamic,False,,,QUIET,0.9706,0.9951
0.65,56,noisy_dynamic_recoverable,False,,,QUIET,0.9359,0.9895
0.65,56,critical_slowing_dynamic,True,800,0,MISS,0.2604,0.7603
0.65,56,abrupt_collapse_dynamic,True,840,-40,MISS,0.35,0.8024
0.65,57,stable_dynamic,False,,,QUIET,0.9522,0.9918
0.65,57,noisy_dynamic_recoverable,False,,,QUIET,0.9331,0.9868
0.65,57,critical_slowing_dynamic,True,800,0,MISS,0.3469,0.767
0.65,57,abrupt_collapse_dynamic,True,840,-40,MISS,0.35,0.801
0.65,58,stable_dynamic,False,,,QUIET,0.9682,0.9921
0.65,58,noisy_dynamic_recoverable,False,,,QUIET,0.9307,0.9809
0.65,58,critical_slowing_dynamic,True,760,40,EARLY_WARNING,0.29,0.7481
0.65,58,abrupt_collapse_dynamic,True,840,-40,MISS,0.35,0.8001
0.65,59,stable_dynamic,False,,,QUIET,0.9515,0.9933
0.65,59,noisy_dynamic_recoverable,False,,,QUIET,0.9528,0.9907
0.65,59,critical_slowing_dynamic,True,800,0,MISS,0.2918,0.7594
0.65,59,abrupt_collapse_dynamic,True,840,-40,MISS,0.35,0.8016
0.65,60,stable_dynamic,False,,,QUIET,0.9655,0.9936
0.65,60,noisy_dynamic_recoverable,False,,,QUIET,0.9016,0.9876
0.65,60,critical_slowing_dynamic,True,780,20,EARLY_WARNING,0.2875,0.7522
0.65,60,abrupt_collapse_dynamic,True,840,-40,MISS,0.35,0.7999
0.65,61,stable_dynamic,False,,,QUIET,0.9484,0.989
0.65,61,noisy_dynamic_recoverable,False,,,QUIET,0.9104,0.9835
0.65,61,critical_slowing_dynamic,True,820,-20,MISS,0.2753,0.7587
0.65,61,abrupt_collapse_dynamic,True,840,-40,MISS,0.35,0.796
0.65,62,stable_dynamic,False,,,QUIET,0.9675,0.9937
0.65,62,noisy_dynamic_recoverable,False,,,QUIET,0.9046,0.9844
0.65,62,critical_slowing_dynamic,True,780,20,EARLY_WARNING,0.2836,0.7453
0.65,62,abrupt_collapse_dynamic,True,840,-40,MISS,0.35,0.8019
0.65,63,stable_dynamic,False,,,QUIET,0.9705,0.9948
0.65,63,noisy_dynamic_recoverable,False,,,QUIET,0.9598,0.9918
0.65,63,critical_slowing_dynamic,True,800,0,MISS,0.2545,0.7574
0.65,63,abrupt_collapse_dynamic,True,840,-40,MISS,0.35,0.8014
0.65,64,stable_dynamic,False,,,QUIET,0.9701,0.994
0.65,64,noisy_dynamic_recoverable,False,,,QUIET,0.9388,0.9902
0.65,64,critical_slowing_dynamic,True,820,-20,MISS,0.2829,0.7616
0.65,64,abrupt_collapse_dynamic,True,840,-40,MISS,0.35,0.8037
0.65,65,stable_dynamic,False,,,QUIET,0.9483,0.9902
0.65,65,noisy_dynamic_recoverable,False,,,QUIET,0.9192,0.9847
0.65,65,critical_slowing_dynamic,True,780,20,EARLY_WARNING,0.2676,0.7372
0.65,65,abrupt_collapse_dynamic,True,840,-40,MISS,0.2949,0.7907
0.65,66,stable_dynamic,False,,,QUIET,0.9675,0.9951
0.65,66,noisy_dynamic_recoverable,False,,,QUIET,0.9652,0.9904
0.65,66,critical_slowing_dynamic,True,800,0,MISS,0.35,0.7603
0.65,66,abrupt_collapse_dynamic,True,840,-40,MISS,0.2946,0.796
0.65,67,stable_dynamic,False,,,QUIET,0.9716,0.9938
0.65,67,noisy_dynamic_recoverable,False,,,QUIET,0.9285,0.9867
0.65,67,critical_slowing_dynamic,True,820,-20,MISS,0.35,0.7694
0.65,67,abrupt_collapse_dynamic,True,840,-40,MISS,0.35,0.8036
0.65,68,stable_dynamic,False,,,QUIET,0.9704,0.9916
0.65,68,noisy_dynamic_recoverable,False,,,QUIET,0.9282,0.9841
0.65,68,critical_slowing_dynamic,True,780,20,EARLY_WARNING,0.2689,0.7447
0.65,68,abrupt_collapse_dynamic,True,840,-40,MISS,0.35,0.8002
0.65,69,stable_dynamic,False,,,QUIET,0.9659,0.9944
0.65,69,noisy_dynamic_recoverable,False,,,QUIET,0.9593,0.9912
0.65,69,critical_slowing_dynamic,True,800,0,MISS,0.3457,0.7582
0.65,69,abrupt_collapse_dynamic,True,840,-40,MISS,0.35,0.8053
0.65,70,stable_dynamic,False,,,QUIET,0.9498,0.9888
0.65,70,noisy_dynamic_recoverable,False,,,QUIET,0.9498,0.9882
0.65,70,critical_slowing_dynamic,True,800,0,MISS,0.2688,0.7511
0.65,70,abrupt_collapse_dynamic,True,840,-40,MISS,0.35,0.8003
0.65,71,stable_dynamic,False,,,QUIET,0.9636,0.9919
0.65,71,noisy_dynamic_recoverable,False,,,QUIET,0.8965,0.9821
0.65,71,critical_slowing_dynamic,True,820,-20,MISS,0.3279,0.7718
0.65,71,abrupt_collapse_dynamic,True,840,-40,MISS,0.35,0.8023
0.65,72,stable_dynamic,False,,,QUIET,0.9488,0.9873
0.65,72,noisy_dynamic_recoverable,False,,,QUIET,0.9488,0.987
0.65,72,critical_slowing_dynamic,True,780,20,EARLY_WARNING,0.2741,0.7478
0.65,72,abrupt_collapse_dynamic,True,840,-40,MISS,0.35,0.7967
0.65,73,stable_dynamic,False,,,QUIET,0.9502,0.9918
0.65,73,noisy_dynamic_recoverable,False,,,QUIET,0.9424,0.9879
0.65,73,critical_slowing_dynamic,True,800,0,MISS,0.2617,0.757
0.65,73,abrupt_collapse_dynamic,True,840,-40,MISS,0.35,0.7978
0.65,74,stable_dynamic,False,,,QUIET,0.9674,0.991
0.65,74,noisy_dynamic_recoverable,False,,,QUIET,0.9644,0.9891
0.65,74,critical_slowing_dynamic,True,800,0,MISS,0.2849,0.7563
0.65,74,abrupt_collapse_dynamic,True,840,-40,MISS,0.35,0.8004
0.65,75,stable_dynamic,False,,,QUIET,0.9471,0.9918
0.65,75,noisy_dynamic_recoverable,False,,,QUIET,0.9622,0.9905
0.65,75,critical_slowing_dynamic,True,800,0,MISS,0.2687,0.7556
0.65,75,abrupt_collapse_dynamic,True,840,-40,MISS,0.35,0.7998
0.65,76,stable_dynamic,False,,,QUIET,0.9487,0.9923
0.65,76,noisy_dynamic_recoverable,False,,,QUIET,0.9487,0.987
0.65,76,critical_slowing_dynamic,True,800,0,MISS,0.2803,0.7544
0.65,76,abrupt_collapse_dynamic,True,840,-40,MISS,0.35,0.8018
0.65,77,stable_dynamic,False,,,QUIET,0.9715,0.9919
0.65,77,noisy_dynamic_recoverable,False,,,QUIET,0.9534,0.9911
0.65,77,critical_slowing_dynamic,True,780,20,EARLY_WARNING,0.2827,0.7529
0.65,77,abrupt_collapse_dynamic,True,840,-40,MISS,0.35,0.7998
0.65,78,stable_dynamic,False,,,QUIET,0.9439,0.9898
0.65,78,noisy_dynamic_recoverable,False,,,QUIET,0.9083,0.984
0.65,78,critical_slowing_dynamic,True,800,0,MISS,0.2738,0.7524
0.65,78,abrupt_collapse_dynamic,True,840,-40,MISS,0.35,0.7988
0.65,79,stable_dynamic,False,,,QUIET,0.968,0.9919
0.65,79,noisy_dynamic_recoverable,False,,,QUIET,0.9479,0.9895
0.65,79,critical_slowing_dynamic,True,800,0,MISS,0.35,0.7634
0.65,79,abrupt_collapse_dynamic,True,840,-40,MISS,0.35,0.7988
0.65,80,stable_dynamic,False,,,QUIET,0.9482,0.9917
0.65,80,noisy_dynamic_recoverable,False,,,QUIET,0.9209,0.987
0.65,80,critical_slowing_dynamic,True,820,-20,MISS,0.2851,0.7676
0.65,80,abrupt_collapse_dynamic,True,840,-40,MISS,0.35,0.8017
0.65,81,stable_dynamic,False,,,QUIET,0.9657,0.9955
0.65,81,noisy_dynamic_recoverable,False,,,QUIET,0.8875,0.9857
0.65,81,critical_slowing_dynamic,True,800,0,MISS,0.3137,0.7526
0.65,81,abrupt_collapse_dynamic,True,840,-40,MISS,0.35,0.8029
0.65,82,stable_dynamic,False,,,QUIET,0.9704,0.9928
0.65,82,noisy_dynamic_recoverable,False,,,QUIET,0.9505,0.9891
0.65,82,critical_slowing_dynamic,True,780,20,EARLY_WARNING,0.2954,0.7508
0.65,82,abrupt_collapse_dynamic,True,840,-40,MISS,0.35,0.8001
0.65,83,stable_dynamic,False,,,QUIET,0.9484,0.99
0.65,83,noisy_dynamic_recoverable,False,,,QUIET,0.9581,0.9901
0.65,83,critical_slowing_dynamic,True,800,0,MISS,0.35,0.7598
0.65,83,abrupt_collapse_dynamic,True,840,-40,MISS,0.294,0.7916
0.65,84,stable_dynamic,False,,,QUIET,0.9712,0.9926
0.65,84,noisy_dynamic_recoverable,False,,,QUIET,0.9416,0.9879
0.65,84,critical_slowing_dynamic,True,800,0,MISS,0.3415,0.7598
0.65,84,abrupt_collapse_dynamic,True,840,-40,MISS,0.2948,0.7933
0.65,85,stable_dynamic,False,,,QUIET,0.9712,0.9933
0.65,85,noisy_dynamic_recoverable,False,,,QUIET,0.9512,0.9912
0.65,85,critical_slowing_dynamic,True,800,0,MISS,0.3381,0.762
0.65,85,abrupt_collapse_dynamic,True,840,-40,MISS,0.35,0.8023
0.65,86,stable_dynamic,False,,,QUIET,0.9488,0.994
0.65,86,noisy_dynamic_recoverable,False,,,QUIET,0.9332,0.9912
0.65,86,critical_slowing_dynamic,True,800,0,MISS,0.35,0.7625
0.65,86,abrupt_collapse_dynamic,True,840,-40,MISS,0.2931,0.7955
0.65,87,stable_dynamic,False,,,QUIET,0.9488,0.9905
0.65,87,noisy_dynamic_recoverable,False,,,QUIET,0.9298,0.9861
0.65,87,critical_slowing_dynamic,True,800,0,MISS,0.35,0.7573
0.65,87,abrupt_collapse_dynamic,True,840,-40,MISS,0.3476,0.7987
0.65,88,stable_dynamic,False,,,QUIET,0.9497,0.9922
0.65,88,noisy_dynamic_recoverable,False,,,QUIET,0.873,0.9817
0.65,88,critical_slowing_dynamic,True,800,0,MISS,0.2749,0.7558
0.65,88,abrupt_collapse_dynamic,True,840,-40,MISS,0.2936,0.7966
0.65,89,stable_dynamic,False,,,QUIET,0.9661,0.9901
0.65,89,noisy_dynamic_recoverable,False,,,QUIET,0.9407,0.9853
0.65,89,critical_slowing_dynamic,True,800,0,MISS,0.2615,0.7557
0.65,89,abrupt_collapse_dynamic,True,840,-40,MISS,0.35,0.8005
0.65,90,stable_dynamic,False,,,QUIET,0.9467,0.991
0.65,90,noisy_dynamic_recoverable,False,,,QUIET,0.9467,0.9871
0.65,90,critical_slowing_dynamic,True,800,0,MISS,0.2977,0.7583
0.65,90,abrupt_collapse_dynamic,True,840,-40,MISS,0.35,0.7995
0.65,91,stable_dynamic,False,,,QUIET,0.9487,0.9921
0.65,91,noisy_dynamic_recoverable,False,,,QUIET,0.9487,0.9893
0.65,91,critical_slowing_dynamic,True,800,0,MISS,0.3493,0.7576
0.65,91,abrupt_collapse_dynamic,True,840,-40,MISS,0.35,0.8021
0.65,92,stable_dynamic,False,,,QUIET,0.9667,0.992
0.65,92,noisy_dynamic_recoverable,False,,,QUIET,0.9217,0.9818
0.65,92,critical_slowing_dynamic,True,780,20,EARLY_WARNING,0.2805,0.7507
0.65,92,abrupt_collapse_dynamic,True,840,-40,MISS,0.2965,0.795
0.65,93,stable_dynamic,False,,,QUIET,0.9672,0.9896
0.65,93,noisy_dynamic_recoverable,False,,,QUIET,0.9615,0.9884
0.65,93,critical_slowing_dynamic,True,800,0,MISS,0.2645,0.7573
0.65,93,abrupt_collapse_dynamic,True,840,-40,MISS,0.35,0.7998
0.65,94,stable_dynamic,False,,,QUIET,0.9447,0.9897
0.65,94,noisy_dynamic_recoverable,False,,,QUIET,0.9309,0.9865
0.65,94,critical_slowing_dynamic,True,800,0,MISS,0.3481,0.7608
0.65,94,abrupt_collapse_dynamic,True,840,-40,MISS,0.35,0.7996
0.65,95,stable_dynamic,False,,,QUIET,0.9479,0.9898
0.65,95,noisy_dynamic_recoverable,False,,,QUIET,0.9217,0.9849
0.65,95,critical_slowing_dynamic,True,800,0,MISS,0.3343,0.7552
0.65,95,abrupt_collapse_dynamic,True,840,-40,MISS,0.2939,0.7929
0.65,96,stable_dynamic,False,,,QUIET,0.9579,0.9918
0.65,96,noisy_dynamic_recoverable,False,,,QUIET,0.9233,0.9845
0.65,96,critical_slowing_dynamic,True,780,20,EARLY_WARNING,0.285,0.7452
0.65,96,abrupt_collapse_dynamic,True,840,-40,MISS,0.35,0.7988
0.65,97,stable_dynamic,False,,,QUIET,0.9675,0.9922
0.65,97,noisy_dynamic_recoverable,False,,,QUIET,0.967,0.9913
0.65,97,critical_slowing_dynamic,True,780,20,EARLY_WARNING,0.3485,0.754
0.65,97,abrupt_collapse_dynamic,True,840,-40,MISS,0.35,0.8034
0.65,98,stable_dynamic,False,,,QUIET,0.9463,0.9863
0.65,98,noisy_dynamic_recoverable,False,,,QUIET,0.9423,0.984
0.65,98,critical_slowing_dynamic,True,760,40,EARLY_WARNING,0.35,0.7461
0.65,98,abrupt_collapse_dynamic,True,840,-40,MISS,0.35,0.7978
0.65,99,stable_dynamic,False,,,QUIET,0.9492,0.9888
0.65,99,noisy_dynamic_recoverable,False,,,QUIET,0.9244,0.9809
0.65,99,critical_slowing_dynamic,True,780,20,EARLY_WARNING,0.2703,0.7498
0.65,99,abrupt_collapse_dynamic,True,840,-40,MISS,0.35,0.7952
0.65,100,stable_dynamic,False,,,QUIET,0.9677,0.991
0.65,100,noisy_dynamic_recoverable,False,,,QUIET,0.9397,0.9847
0.65,100,critical_slowing_dynamic,True,800,0,MISS,0.2543,0.7508
0.65,100,abrupt_collapse_dynamic,True,840,-40,MISS,0.35,0.8024
0.7,1,stable_dynamic,False,,,QUIET,0.969,0.9926
0.7,1,noisy_dynamic_recoverable,False,,,QUIET,0.9323,0.9914
0.7,1,critical_slowing_dynamic,True,800,0,MISS,0.2781,0.7606
0.7,1,abrupt_collapse_dynamic,True,840,-40,MISS,0.35,0.8002
0.7,2,stable_dynamic,False,,,QUIET,0.9703,0.9933
0.7,2,noisy_dynamic_recoverable,False,,,QUIET,0.9361,0.9871
0.7,2,critical_slowing_dynamic,True,820,-20,MISS,0.3335,0.7663
0.7,2,abrupt_collapse_dynamic,True,820,-20,MISS,0.2942,0.7943
0.7,3,stable_dynamic,False,,,QUIET,0.967,0.9898
0.7,3,noisy_dynamic_recoverable,False,,,QUIET,0.9372,0.9865
0.7,3,critical_slowing_dynamic,True,800,0,MISS,0.2663,0.7632
0.7,3,abrupt_collapse_dynamic,True,840,-40,MISS,0.35,0.8009
0.7,4,stable_dynamic,False,,,QUIET,0.9495,0.9903
0.7,4,noisy_dynamic_recoverable,False,,,QUIET,0.8844,0.9826
0.7,4,critical_slowing_dynamic,True,800,0,MISS,0.3366,0.7619
0.7,4,abrupt_collapse_dynamic,True,820,-20,MISS,0.2941,0.7957
0.7,5,stable_dynamic,False,,,QUIET,0.9579,0.9909
0.7,5,noisy_dynamic_recoverable,False,,,QUIET,0.9422,0.9864
0.7,5,critical_slowing_dynamic,True,780,20,EARLY_WARNING,0.2731,0.7523
0.7,5,abrupt_collapse_dynamic,True,840,-40,MISS,0.35,0.7981
0.7,6,stable_dynamic,False,,,QUIET,0.9693,0.9927
0.7,6,noisy_dynamic_recoverable,False,,,QUIET,0.9357,0.985
0.7,6,critical_slowing_dynamic,True,780,20,EARLY_WARNING,0.3485,0.753
0.7,6,abrupt_collapse_dynamic,True,840,-40,MISS,0.35,0.7987
0.7,7,stable_dynamic,False,,,QUIET,0.9499,0.9915
0.7,7,noisy_dynamic_recoverable,False,,,QUIET,0.912,0.9815
0.7,7,critical_slowing_dynamic,True,800,0,MISS,0.3208,0.7671
0.7,7,abrupt_collapse_dynamic,True,840,-40,MISS,0.35,0.7992
0.7,8,stable_dynamic,False,,,QUIET,0.9719,0.9923
0.7,8,noisy_dynamic_recoverable,False,,,QUIET,0.9576,0.9926
0.7,8,critical_slowing_dynamic,True,800,0,MISS,0.3071,0.768
0.7,8,abrupt_collapse_dynamic,True,820,-20,MISS,0.2935,0.7929
0.7,9,stable_dynamic,False,,,QUIET,0.9672,0.992
0.7,9,noisy_dynamic_recoverable,False,,,QUIET,0.938,0.9878
0.7,9,critical_slowing_dynamic,True,800,0,MISS,0.2751,0.7602
0.7,9,abrupt_collapse_dynamic,True,840,-40,MISS,0.35,0.799
0.7,10,stable_dynamic,False,,,QUIET,0.9707,0.9893
0.7,10,noisy_dynamic_recoverable,False,,,QUIET,0.9439,0.987
0.7,10,critical_slowing_dynamic,True,800,0,MISS,0.3497,0.7678
0.7,10,abrupt_collapse_dynamic,True,820,-20,MISS,0.2939,0.7922
0.7,11,stable_dynamic,False,,,QUIET,0.9661,0.9927
0.7,11,noisy_dynamic_recoverable,False,,,QUIET,0.9008,0.9837
0.7,11,critical_slowing_dynamic,True,800,0,MISS,0.2795,0.765
0.7,11,abrupt_collapse_dynamic,True,840,-40,MISS,0.35,0.803
0.7,12,stable_dynamic,False,,,QUIET,0.9657,0.9902
0.7,12,noisy_dynamic_recoverable,False,,,QUIET,0.9539,0.9878
0.7,12,critical_slowing_dynamic,True,800,0,MISS,0.3456,0.7644
0.7,12,abrupt_collapse_dynamic,True,840,-40,MISS,0.35,0.8004
0.7,13,stable_dynamic,False,,,QUIET,0.9704,0.9918
0.7,13,noisy_dynamic_recoverable,False,,,QUIET,0.9578,0.991
0.7,13,critical_slowing_dynamic,True,780,20,EARLY_WARNING,0.2594,0.7559
0.7,13,abrupt_collapse_dynamic,True,820,-20,MISS,0.2943,0.7948
0.7,14,stable_dynamic,False,,,QUIET,0.9683,0.9931
0.7,14,noisy_dynamic_recoverable,False,,,QUIET,0.9465,0.9883
0.7,14,critical_slowing_dynamic,True,820,-20,MISS,0.3265,0.7688
0.7,14,abrupt_collapse_dynamic,True,840,-40,MISS,0.35,0.8013
0.7,15,stable_dynamic,False,,,QUIET,0.9495,0.9858
0.7,15,noisy_dynamic_recoverable,False,,,QUIET,0.923,0.9808
0.7,15,critical_slowing_dynamic,True,800,0,MISS,0.3296,0.7617
0.7,15,abrupt_collapse_dynamic,True,840,-40,MISS,0.35,0.7969
0.7,16,stable_dynamic,False,,,QUIET,0.9687,0.9911
0.7,16,noisy_dynamic_recoverable,False,,,QUIET,0.9603,0.9913
0.7,16,critical_slowing_dynamic,True,780,20,EARLY_WARNING,0.35,0.7598
0.7,16,abrupt_collapse_dynamic,True,820,-20,MISS,0.2926,0.7926
0.7,17,stable_dynamic,False,,,QUIET,0.9494,0.9932
0.7,17,noisy_dynamic_recoverable,False,,,QUIET,0.9487,0.9884
0.7,17,critical_slowing_dynamic,True,760,40,EARLY_WARNING,0.2671,0.7461
0.7,17,abrupt_collapse_dynamic,True,840,-40,MISS,0.35,0.8017
0.7,18,stable_dynamic,False,,,QUIET,0.9705,0.9938
0.7,18,noisy_dynamic_recoverable,False,,,QUIET,0.946,0.99
0.7,18,critical_slowing_dynamic,True,800,0,MISS,0.2764,0.7636
0.7,18,abrupt_collapse_dynamic,True,840,-40,MISS,0.35,0.8028
0.7,19,stable_dynamic,False,,,QUIET,0.9688,0.9939
0.7,19,noisy_dynamic_recoverable,False,,,QUIET,0.9688,0.994
0.7,19,critical_slowing_dynamic,True,800,0,MISS,0.2719,0.7611
0.7,19,abrupt_collapse_dynamic,True,840,-40,MISS,0.35,0.8027
0.7,20,stable_dynamic,False,,,QUIET,0.9676,0.9924
0.7,20,noisy_dynamic_recoverable,False,,,QUIET,0.9372,0.9848
0.7,20,critical_slowing_dynamic,True,760,40,EARLY_WARNING,0.35,0.754
0.7,20,abrupt_collapse_dynamic,True,840,-40,MISS,0.35,0.8025
0.7,21,stable_dynamic,False,,,QUIET,0.9484,0.9914
0.7,21,noisy_dynamic_recoverable,False,,,QUIET,0.9116,0.9828
0.7,21,critical_slowing_dynamic,True,780,20,EARLY_WARNING,0.2708,0.7454
0.7,21,abrupt_collapse_dynamic,True,820,-20,MISS,0.2931,0.7931
0.7,22,stable_dynamic,False,,,QUIET,0.9654,0.9924
0.7,22,noisy_dynamic_recoverable,False,,,QUIET,0.9567,0.9893
0.7,22,critical_slowing_dynamic,True,800,0,MISS,0.3026,0.7643
0.7,22,abrupt_collapse_dynamic,True,840,-40,MISS,0.35,0.8025
0.7,23,stable_dynamic,False,,,QUIET,0.9712,0.9941
0.7,23,noisy_dynamic_recoverable,False,,,QUIET,0.9305,0.9907
0.7,23,critical_slowing_dynamic,True,800,0,MISS,0.2726,0.7626
0.7,23,abrupt_collapse_dynamic,True,840,-40,MISS,0.35,0.8023
0.7,24,stable_dynamic,False,,,QUIET,0.9491,0.9896
0.7,24,noisy_dynamic_recoverable,False,,,QUIET,0.9491,0.9849
0.7,24,critical_slowing_dynamic,True,800,0,MISS,0.3385,0.7685
0.7,24,abrupt_collapse_dynamic,True,820,-20,MISS,0.2937,0.7952
0.7,25,stable_dynamic,False,,,QUIET,0.9497,0.985
0.7,25,noisy_dynamic_recoverable,False,,,QUIET,0.9193,0.9763
0.7,25,critical_slowing_dynamic,True,800,0,MISS,0.2852,0.7606
0.7,25,abrupt_collapse_dynamic,True,820,-20,MISS,0.2933,0.7898
0.7,26,stable_dynamic,False,,,QUIET,0.9706,0.9936
0.7,26,noisy_dynamic_recoverable,False,,,QUIET,0.9398,0.9933
0.7,26,critical_slowing_dynamic,True,820,-20,MISS,0.35,0.7726
0.7,26,abrupt_collapse_dynamic,True,840,-40,MISS,0.35,0.8016
0.7,27,stable_dynamic,False,,,QUIET,0.9486,0.9926
0.7,27,noisy_dynamic_recoverable,False,,,QUIET,0.9504,0.9919
0.7,27,critical_slowing_dynamic,True,800,0,MISS,0.35,0.7652
0.7,27,abrupt_collapse_dynamic,True,820,-20,MISS,0.296,0.7936
0.7,28,stable_dynamic,False,,,QUIET,0.9685,0.9915
0.7,28,noisy_dynamic_recoverable,False,,,QUIET,0.9395,0.9919
0.7,28,critical_slowing_dynamic,True,800,0,MISS,0.2679,0.7624
0.7,28,abrupt_collapse_dynamic,True,840,-40,MISS,0.35,0.8001
0.7,29,stable_dynamic,False,,,QUIET,0.971,0.9953
0.7,29,noisy_dynamic_recoverable,False,,,QUIET,0.9286,0.9846
0.7,29,critical_slowing_dynamic,True,800,0,MISS,0.311,0.7629
0.7,29,abrupt_collapse_dynamic,True,840,-40,MISS,0.35,0.8015
0.7,30,stable_dynamic,False,,,QUIET,0.9673,0.9912
0.7,30,noisy_dynamic_recoverable,False,,,QUIET,0.9306,0.9809
0.7,30,critical_slowing_dynamic,True,780,20,EARLY_WARNING,0.2779,0.7495
0.7,30,abrupt_collapse_dynamic,True,840,-40,MISS,0.35,0.802
0.7,31,stable_dynamic,False,,,QUIET,0.9477,0.993
0.7,31,noisy_dynamic_recoverable,False,,,QUIET,0.9467,0.9877
0.7,31,critical_slowing_dynamic,True,800,0,MISS,0.2631,0.7553
0.7,31,abrupt_collapse_dynamic,True,840,-40,MISS,0.35,0.8008
0.7,32,stable_dynamic,False,,,QUIET,0.9673,0.9902
0.7,32,noisy_dynamic_recoverable,False,,,QUIET,0.9413,0.986
0.7,32,critical_slowing_dynamic,True,780,20,EARLY_WARNING,0.2674,0.7466
0.7,32,abrupt_collapse_dynamic,True,820,-20,MISS,0.2976,0.7929
0.7,33,stable_dynamic,False,,,QUIET,0.9469,0.9907
0.7,33,noisy_dynamic_recoverable,False,,,QUIET,0.9317,0.9832
0.7,33,critical_slowing_dynamic,True,780,20,EARLY_WARNING,0.2674,0.7585
0.7,33,abrupt_collapse_dynamic,True,840,-40,MISS,0.35,0.8015
0.7,34,stable_dynamic,False,,,QUIET,0.9503,0.9889
0.7,34,noisy_dynamic_recoverable,False,,,QUIET,0.9579,0.9908
0.7,34,critical_slowing_dynamic,True,820,-20,MISS,0.3378,0.771
0.7,34,abrupt_collapse_dynamic,True,840,-40,MISS,0.35,0.7996
0.7,35,stable_dynamic,False,,,QUIET,0.9521,0.9912
0.7,35,noisy_dynamic_recoverable,False,,,QUIET,0.9506,0.9877
0.7,35,critical_slowing_dynamic,True,800,0,MISS,0.3336,0.7619
0.7,35,abrupt_collapse_dynamic,True,840,-40,MISS,0.35,0.8001
0.7,36,stable_dynamic,False,,,QUIET,0.949,0.993
0.7,36,noisy_dynamic_recoverable,False,,,QUIET,0.9329,0.9885
0.7,36,critical_slowing_dynamic,True,780,20,EARLY_WARNING,0.3203,0.7606
0.7,36,abrupt_collapse_dynamic,True,840,-40,MISS,0.35,0.8003
0.7,37,stable_dynamic,False,,,QUIET,0.9493,0.9914
0.7,37,noisy_dynamic_recoverable,False,,,QUIET,0.9493,0.9873
0.7,37,critical_slowing_dynamic,True,780,20,EARLY_WARNING,0.2657,0.7546
0.7,37,abrupt_collapse_dynamic,True,840,-40,MISS,0.35,0.8022
0.7,38,stable_dynamic,False,,,QUIET,0.9518,0.9927
0.7,38,noisy_dynamic_recoverable,False,,,QUIET,0.9494,0.9878
0.7,38,critical_slowing_dynamic,True,780,20,EARLY_WARNING,0.2708,0.7583
0.7,38,abrupt_collapse_dynamic,True,840,-40,MISS,0.35,0.8034
0.7,39,stable_dynamic,False,,,QUIET,0.9487,0.9913
0.7,39,noisy_dynamic_recoverable,False,,,QUIET,0.9449,0.9869
0.7,39,critical_slowing_dynamic,True,800,0,MISS,0.3415,0.758
0.7,39,abrupt_collapse_dynamic,True,840,-40,MISS,0.35,0.8004
0.7,40,stable_dynamic,False,,,QUIET,0.9901,0.9978
0.7,40,noisy_dynamic_recoverable,False,,,QUIET,0.9571,0.9933
0.7,40,critical_slowing_dynamic,True,800,0,MISS,0.3459,0.7666
0.7,40,abrupt_collapse_dynamic,True,840,-40,MISS,0.35,0.8059
0.7,41,stable_dynamic,False,,,QUIET,0.9484,0.989
0.7,41,noisy_dynamic_recoverable,False,,,QUIET,0.9152,0.9872
0.7,41,critical_slowing_dynamic,True,800,0,MISS,0.35,0.7602
0.7,41,abrupt_collapse_dynamic,True,840,-40,MISS,0.35,0.7972
0.7,42,stable_dynamic,False,,,QUIET,0.9498,0.9921
0.7,42,noisy_dynamic_recoverable,False,,,QUIET,0.9498,0.9923
0.7,42,critical_slowing_dynamic,True,760,40,EARLY_WARNING,0.35,0.7559
0.7,42,abrupt_collapse_dynamic,True,820,-20,MISS,0.293,0.7948
0.7,43,stable_dynamic,False,,,QUIET,0.9648,0.9931
0.7,43,noisy_dynamic_recoverable,False,,,QUIET,0.9249,0.9894
0.7,43,critical_slowing_dynamic,True,780,20,EARLY_WARNING,0.2915,0.7527
0.7,43,abrupt_collapse_dynamic,True,820,-20,MISS,0.2945,0.7963
0.7,44,stable_dynamic,False,,,QUIET,0.9705,0.994
0.7,44,noisy_dynamic_recoverable,False,,,QUIET,0.9635,0.9927
0.7,44,critical_slowing_dynamic,True,780,20,EARLY_WARNING,0.35,0.761
0.7,44,abrupt_collapse_dynamic,True,840,-40,MISS,0.35,0.8023
0.7,45,stable_dynamic,False,,,QUIET,0.9713,0.9946
0.7,45,noisy_dynamic_recoverable,False,,,QUIET,0.9176,0.9869
0.7,45,critical_slowing_dynamic,True,820,-20,MISS,0.277,0.7655
0.7,45,abrupt_collapse_dynamic,True,840,-40,MISS,0.35,0.8011
0.7,46,stable_dynamic,False,,,QUIET,0.9488,0.9869
0.7,46,noisy_dynamic_recoverable,False,,,QUIET,0.933,0.9831
0.7,46,critical_slowing_dynamic,True,800,0,MISS,0.2784,0.7555
0.7,46,abrupt_collapse_dynamic,True,840,-40,MISS,0.35,0.7968
0.7,47,stable_dynamic,False,,,QUIET,0.9651,0.9893
0.7,47,noisy_dynamic_recoverable,False,,,QUIET,0.9219,0.9832
0.7,47,critical_slowing_dynamic,True,800,0,MISS,0.2613,0.7602
0.7,47,abrupt_collapse_dynamic,True,840,-40,MISS,0.35,0.7996
0.7,48,stable_dynamic,False,,,QUIET,0.9702,0.9902
0.7,48,noisy_dynamic_recoverable,False,,,QUIET,0.9022,0.9856
0.7,48,critical_slowing_dynamic,True,780,20,EARLY_WARNING,0.2782,0.752
0.7,48,abrupt_collapse_dynamic,True,840,-40,MISS,0.35,0.7998
0.7,49,stable_dynamic,False,,,QUIET,0.9512,0.9917
0.7,49,noisy_dynamic_recoverable,False,,,QUIET,0.9416,0.987
0.7,49,critical_slowing_dynamic,True,780,20,EARLY_WARNING,0.2843,0.7601
0.7,49,abrupt_collapse_dynamic,True,820,-20,MISS,0.2968,0.7943
0.7,50,stable_dynamic,False,,,QUIET,0.9494,0.9921
0.7,50,noisy_dynamic_recoverable,False,,,QUIET,0.9288,0.9858
0.7,50,critical_slowing_dynamic,True,800,0,MISS,0.3035,0.7647
0.7,50,abrupt_collapse_dynamic,True,820,-20,MISS,0.2932,0.7936
0.7,51,stable_dynamic,False,,,QUIET,0.9505,0.9942
0.7,51,noisy_dynamic_recoverable,False,,,QUIET,0.9263,0.9862
0.7,51,critical_slowing_dynamic,True,760,40,EARLY_WARNING,0.2682,0.7416
0.7,51,abrupt_collapse_dynamic,True,840,-40,MISS,0.35,0.8008
0.7,52,stable_dynamic,False,,,QUIET,0.9504,0.991
0.7,52,noisy_dynamic_recoverable,False,,,QUIET,0.9504,0.9864
0.7,52,critical_slowing_dynamic,True,760,40,EARLY_WARNING,0.286,0.7487
0.7,52,abrupt_collapse_dynamic,True,840,-40,MISS,0.35,0.8026
0.7,53,stable_dynamic,False,,,QUIET,0.9482,0.9877
0.7,53,noisy_dynamic_recoverable,False,,,QUIET,0.9474,0.9875
0.7,53,critical_slowing_dynamic,True,800,0,MISS,0.3443,0.7664
0.7,53,abrupt_collapse_dynamic,True,840,-40,MISS,0.35,0.7966
0.7,54,stable_dynamic,False,,,QUIET,0.9692,0.994
0.7,54,noisy_dynamic_recoverable,False,,,QUIET,0.9692,0.9953
0.7,54,critical_slowing_dynamic,True,800,0,MISS,0.3277,0.7647
0.7,54,abrupt_collapse_dynamic,True,840,-40,MISS,0.35,0.8028
0.7,55,stable_dynamic,False,,,QUIET,0.9574,0.9883
0.7,55,noisy_dynamic_recoverable,False,,,QUIET,0.9574,0.9884
0.7,55,critical_slowing_dynamic,True,800,0,MISS,0.3477,0.7647
0.7,55,abrupt_collapse_dynamic,True,840,-40,MISS,0.35,0.798
0.7,56,stable_dynamic,False,,,QUIET,0.9706,0.9951
0.7,56,noisy_dynamic_recoverable,False,,,QUIET,0.9359,0.9895
0.7,56,critical_slowing_dynamic,True,800,0,MISS,0.2604,0.7603
0.7,56,abrupt_collapse_dynamic,True,840,-40,MISS,0.35,0.8024
0.7,57,stable_dynamic,False,,,QUIET,0.9522,0.9918
0.7,57,noisy_dynamic_recoverable,False,,,QUIET,0.9331,0.9868
0.7,57,critical_slowing_dynamic,True,800,0,MISS,0.3469,0.767
0.7,57,abrupt_collapse_dynamic,True,840,-40,MISS,0.35,0.801
0.7,58,stable_dynamic,False,,,QUIET,0.9682,0.9921
0.7,58,noisy_dynamic_recoverable,False,,,QUIET,0.9307,0.9809
0.7,58,critical_slowing_dynamic,True,760,40,EARLY_WARNING,0.29,0.7481
0.7,58,abrupt_collapse_dynamic,True,840,-40,MISS,0.35,0.8001
0.7,59,stable_dynamic,False,,,QUIET,0.9515,0.9933
0.7,59,noisy_dynamic_recoverable,False,,,QUIET,0.9528,0.9907
0.7,59,critical_slowing_dynamic,True,800,0,MISS,0.2918,0.7594
0.7,59,abrupt_collapse_dynamic,True,840,-40,MISS,0.35,0.8016
0.7,60,stable_dynamic,False,,,QUIET,0.9655,0.9936
0.7,60,noisy_dynamic_recoverable,False,,,QUIET,0.9016,0.9876
0.7,60,critical_slowing_dynamic,True,780,20,EARLY_WARNING,0.2875,0.7522
0.7,60,abrupt_collapse_dynamic,True,840,-40,MISS,0.35,0.7999
0.7,61,stable_dynamic,False,,,QUIET,0.9484,0.989
0.7,61,noisy_dynamic_recoverable,False,,,QUIET,0.9104,0.9835
0.7,61,critical_slowing_dynamic,True,800,0,MISS,0.2753,0.7587
0.7,61,abrupt_collapse_dynamic,True,840,-40,MISS,0.35,0.796
0.7,62,stable_dynamic,False,,,QUIET,0.9675,0.9937
0.7,62,noisy_dynamic_recoverable,False,,,QUIET,0.9046,0.9844
0.7,62,critical_slowing_dynamic,True,780,20,EARLY_WARNING,0.2836,0.7453
0.7,62,abrupt_collapse_dynamic,True,840,-40,MISS,0.35,0.8019
0.7,63,stable_dynamic,False,,,QUIET,0.9705,0.9948
0.7,63,noisy_dynamic_recoverable,False,,,QUIET,0.9598,0.9918
0.7,63,critical_slowing_dynamic,True,800,0,MISS,0.2545,0.7574
0.7,63,abrupt_collapse_dynamic,True,840,-40,MISS,0.35,0.8014
0.7,64,stable_dynamic,False,,,QUIET,0.9701,0.994
0.7,64,noisy_dynamic_recoverable,False,,,QUIET,0.9388,0.9902
0.7,64,critical_slowing_dynamic,True,800,0,MISS,0.2829,0.7616
0.7,64,abrupt_collapse_dynamic,True,840,-40,MISS,0.35,0.8037
0.7,65,stable_dynamic,False,,,QUIET,0.9483,0.9902
0.7,65,noisy_dynamic_recoverable,False,,,QUIET,0.9192,0.9847
0.7,65,critical_slowing_dynamic,True,760,40,EARLY_WARNING,0.2676,0.7372
0.7,65,abrupt_collapse_dynamic,True,820,-20,MISS,0.2949,0.7907
0.7,66,stable_dynamic,False,,,QUIET,0.9675,0.9951
0.7,66,noisy_dynamic_recoverable,False,,,QUIET,0.9652,0.9904
0.7,66,critical_slowing_dynamic,True,780,20,EARLY_WARNING,0.35,0.7603
0.7,66,abrupt_collapse_dynamic,True,820,-20,MISS,0.2946,0.796
0.7,67,stable_dynamic,False,,,QUIET,0.9716,0.9938
0.7,67,noisy_dynamic_recoverable,False,,,QUIET,0.9285,0.9867
0.7,67,critical_slowing_dynamic,True,800,0,MISS,0.35,0.7694
0.7,67,abrupt_collapse_dynamic,True,840,-40,MISS,0.35,0.8036
0.7,68,stable_dynamic,False,,,QUIET,0.9704,0.9916
0.7,68,noisy_dynamic_recoverable,False,,,QUIET,0.9282,0.9841
0.7,68,critical_slowing_dynamic,True,760,40,EARLY_WARNING,0.2689,0.7447
0.7,68,abrupt_collapse_dynamic,True,840,-40,MISS,0.35,0.8002
0.7,69,stable_dynamic,False,,,QUIET,0.9659,0.9944
0.7,69,noisy_dynamic_recoverable,False,,,QUIET,0.9593,0.9912
0.7,69,critical_slowing_dynamic,True,780,20,EARLY_WARNING,0.3457,0.7582
0.7,69,abrupt_collapse_dynamic,True,840,-40,MISS,0.35,0.8053
0.7,70,stable_dynamic,False,,,QUIET,0.9498,0.9888
0.7,70,noisy_dynamic_recoverable,False,,,QUIET,0.9498,0.9882
0.7,70,critical_slowing_dynamic,True,780,20,EARLY_WARNING,0.2688,0.7511
0.7,70,abrupt_collapse_dynamic,True,840,-40,MISS,0.35,0.8003
0.7,71,stable_dynamic,False,,,QUIET,0.9636,0.9919
0.7,71,noisy_dynamic_recoverable,False,,,QUIET,0.8965,0.9821
0.7,71,critical_slowing_dynamic,True,820,-20,MISS,0.3279,0.7718
0.7,71,abrupt_collapse_dynamic,True,840,-40,MISS,0.35,0.8023
0.7,72,stable_dynamic,False,,,QUIET,0.9488,0.9873
0.7,72,noisy_dynamic_recoverable,False,,,QUIET,0.9488,0.987
0.7,72,critical_slowing_dynamic,True,780,20,EARLY_WARNING,0.2741,0.7478
0.7,72,abrupt_collapse_dynamic,True,840,-40,MISS,0.35,0.7967
0.7,73,stable_dynamic,False,,,QUIET,0.9502,0.9918
0.7,73,noisy_dynamic_recoverable,False,,,QUIET,0.9424,0.9879
0.7,73,critical_slowing_dynamic,True,780,20,EARLY_WARNING,0.2617,0.757
0.7,73,abrupt_collapse_dynamic,True,840,-40,MISS,0.35,0.7978
0.7,74,stable_dynamic,False,,,QUIET,0.9674,0.991
0.7,74,noisy_dynamic_recoverable,False,,,QUIET,0.9644,0.9891
0.7,74,critical_slowing_dynamic,True,780,20,EARLY_WARNING,0.2849,0.7563
0.7,74,abrupt_collapse_dynamic,True,840,-40,MISS,0.35,0.8004
0.7,75,stable_dynamic,False,,,QUIET,0.9471,0.9918
0.7,75,noisy_dynamic_recoverable,False,,,QUIET,0.9622,0.9905
0.7,75,critical_slowing_dynamic,True,800,0,MISS,0.2687,0.7556
0.7,75,abrupt_collapse_dynamic,True,840,-40,MISS,0.35,0.7998
0.7,76,stable_dynamic,False,,,QUIET,0.9487,0.9923
0.7,76,noisy_dynamic_recoverable,False,,,QUIET,0.9487,0.987
0.7,76,critical_slowing_dynamic,True,780,20,EARLY_WARNING,0.2803,0.7544
0.7,76,abrupt_collapse_dynamic,True,840,-40,MISS,0.35,0.8018
0.7,77,stable_dynamic,False,,,QUIET,0.9715,0.9919
0.7,77,noisy_dynamic_recoverable,False,,,QUIET,0.9534,0.9911
0.7,77,critical_slowing_dynamic,True,780,20,EARLY_WARNING,0.2827,0.7529
0.7,77,abrupt_collapse_dynamic,True,840,-40,MISS,0.35,0.7998
0.7,78,stable_dynamic,False,,,QUIET,0.9439,0.9898
0.7,78,noisy_dynamic_recoverable,False,,,QUIET,0.9083,0.984
0.7,78,critical_slowing_dynamic,True,780,20,EARLY_WARNING,0.2738,0.7524
0.7,78,abrupt_collapse_dynamic,True,840,-40,MISS,0.35,0.7988
0.7,79,stable_dynamic,False,,,QUIET,0.968,0.9919
0.7,79,noisy_dynamic_recoverable,False,,,QUIET,0.9479,0.9895
0.7,79,critical_slowing_dynamic,True,800,0,MISS,0.35,0.7634
0.7,79,abrupt_collapse_dynamic,True,840,-40,MISS,0.35,0.7988
0.7,80,stable_dynamic,False,,,QUIET,0.9482,0.9917
0.7,80,noisy_dynamic_recoverable,False,,,QUIET,0.9209,0.987
0.7,80,critical_slowing_dynamic,True,820,-20,MISS,0.2851,0.7676
0.7,80,abrupt_collapse_dynamic,True,840,-40,MISS,0.35,0.8017
0.7,81,stable_dynamic,False,,,QUIET,0.9657,0.9955
0.7,81,noisy_dynamic_recoverable,False,,,QUIET,0.8875,0.9857
0.7,81,critical_slowing_dynamic,True,780,20,EARLY_WARNING,0.3137,0.7526
0.7,81,abrupt_collapse_dynamic,True,840,-40,MISS,0.35,0.8029
0.7,82,stable_dynamic,False,,,QUIET,0.9704,0.9928
0.7,82,noisy_dynamic_recoverable,False,,,QUIET,0.9505,0.9891
0.7,82,critical_slowing_dynamic,True,780,20,EARLY_WARNING,0.2954,0.7508
0.7,82,abrupt_collapse_dynamic,True,840,-40,MISS,0.35,0.8001
0.7,83,stable_dynamic,False,,,QUIET,0.9484,0.99
0.7,83,noisy_dynamic_recoverable,False,,,QUIET,0.9581,0.9901
0.7,83,critical_slowing_dynamic,True,780,20,EARLY_WARNING,0.35,0.7598
0.7,83,abrupt_collapse_dynamic,True,820,-20,MISS,0.294,0.7916
0.7,84,stable_dynamic,False,,,QUIET,0.9712,0.9926
0.7,84,noisy_dynamic_recoverable,False,,,QUIET,0.9416,0.9879
0.7,84,critical_slowing_dynamic,True,780,20,EARLY_WARNING,0.3415,0.7598
0.7,84,abrupt_collapse_dynamic,True,820,-20,MISS,0.2948,0.7933
0.7,85,stable_dynamic,False,,,QUIET,0.9712,0.9933
0.7,85,noisy_dynamic_recoverable,False,,,QUIET,0.9512,0.9912
0.7,85,critical_slowing_dynamic,True,800,0,MISS,0.3381,0.762
0.7,85,abrupt_collapse_dynamic,True,840,-40,MISS,0.35,0.8023
0.7,86,stable_dynamic,False,,,QUIET,0.9488,0.994
0.7,86,noisy_dynamic_recoverable,False,,,QUIET,0.9332,0.9912
0.7,86,critical_slowing_dynamic,True,780,20,EARLY_WARNING,0.35,0.7625
0.7,86,abrupt_collapse_dynamic,True,820,-20,MISS,0.2931,0.7955
0.7,87,stable_dynamic,False,,,QUIET,0.9488,0.9905
0.7,87,noisy_dynamic_recoverable,False,,,QUIET,0.9298,0.9861
0.7,87,critical_slowing_dynamic,True,780,20,EARLY_WARNING,0.35,0.7573
0.7,87,abrupt_collapse_dynamic,True,840,-40,MISS,0.3476,0.7987
0.7,88,stable_dynamic,False,,,QUIET,0.9497,0.9922
0.7,88,noisy_dynamic_recoverable,False,,,QUIET,0.873,0.9817
0.7,88,critical_slowing_dynamic,True,800,0,MISS,0.2749,0.7558
0.7,88,abrupt_collapse_dynamic,True,820,-20,MISS,0.2936,0.7966
0.7,89,stable_dynamic,False,,,QUIET,0.9661,0.9901
0.7,89,noisy_dynamic_recoverable,False,,,QUIET,0.9407,0.9853
0.7,89,critical_slowing_dynamic,True,780,20,EARLY_WARNING,0.2615,0.7557
0.7,89,abrupt_collapse_dynamic,True,840,-40,MISS,0.35,0.8005
0.7,90,stable_dynamic,False,,,QUIET,0.9467,0.991
0.7,90,noisy_dynamic_recoverable,False,,,QUIET,0.9467,0.9871
0.7,90,critical_slowing_dynamic,True,800,0,MISS,0.2977,0.7583
0.7,90,abrupt_collapse_dynamic,True,840,-40,MISS,0.35,0.7995
0.7,91,stable_dynamic,False,,,QUIET,0.9487,0.9921
0.7,91,noisy_dynamic_recoverable,False,,,QUIET,0.9487,0.9893
0.7,91,critical_slowing_dynamic,True,780,20,EARLY_WARNING,0.3493,0.7576
0.7,91,abrupt_collapse_dynamic,True,840,-40,MISS,0.35,0.8021
0.7,92,stable_dynamic,False,,,QUIET,0.9667,0.992
0.7,92,noisy_dynamic_recoverable,False,,,QUIET,0.9217,0.9818
0.7,92,critical_slowing_dynamic,True,780,20,EARLY_WARNING,0.2805,0.7507
0.7,92,abrupt_collapse_dynamic,True,820,-20,MISS,0.2965,0.795
0.7,93,stable_dynamic,False,,,QUIET,0.9672,0.9896
0.7,93,noisy_dynamic_recoverable,False,,,QUIET,0.9615,0.9884
0.7,93,critical_slowing_dynamic,True,780,20,EARLY_WARNING,0.2645,0.7573
0.7,93,abrupt_collapse_dynamic,True,840,-40,MISS,0.35,0.7998
0.7,94,stable_dynamic,False,,,QUIET,0.9447,0.9897
0.7,94,noisy_dynamic_recoverable,False,,,QUIET,0.9309,0.9865
0.7,94,critical_slowing_dynamic,True,800,0,MISS,0.3481,0.7608
0.7,94,abrupt_collapse_dynamic,True,840,-40,MISS,0.35,0.7996
0.7,95,stable_dynamic,False,,,QUIET,0.9479,0.9898
0.7,95,noisy_dynamic_recoverable,False,,,QUIET,0.9217,0.9849
0.7,95,critical_slowing_dynamic,True,800,0,MISS,0.3343,0.7552
0.7,95,abrupt_collapse_dynamic,True,820,-20,MISS,0.2939,0.7929
0.7,96,stable_dynamic,False,,,QUIET,0.9579,0.9918
0.7,96,noisy_dynamic_recoverable,False,,,QUIET,0.9233,0.9845
0.7,96,critical_slowing_dynamic,True,760,40,EARLY_WARNING,0.285,0.7452
0.7,96,abrupt_collapse_dynamic,True,840,-40,MISS,0.35,0.7988
0.7,97,stable_dynamic,False,,,QUIET,0.9675,0.9922
0.7,97,noisy_dynamic_recoverable,False,,,QUIET,0.967,0.9913
0.7,97,critical_slowing_dynamic,True,780,20,EARLY_WARNING,0.3485,0.754
0.7,97,abrupt_collapse_dynamic,True,840,-40,MISS,0.35,0.8034
0.7,98,stable_dynamic,False,,,QUIET,0.9463,0.9863
0.7,98,noisy_dynamic_recoverable,False,,,QUIET,0.9423,0.984
0.7,98,critical_slowing_dynamic,True,760,40,EARLY_WARNING,0.35,0.7461
0.7,98,abrupt_collapse_dynamic,True,840,-40,MISS,0.35,0.7978
0.7,99,stable_dynamic,False,,,QUIET,0.9492,0.9888
0.7,99,noisy_dynamic_recoverable,False,,,QUIET,0.9244,0.9809
0.7,99,critical_slowing_dynamic,True,780,20,EARLY_WARNING,0.2703,0.7498
0.7,99,abrupt_collapse_dynamic,True,840,-40,MISS,0.35,0.7952
0.7,100,stable_dynamic,False,,,QUIET,0.9677,0.991
0.7,100,noisy_dynamic_recoverable,False,,,QUIET,0.9397,0.9847
0.7,100,critical_slowing_dynamic,True,780,20,EARLY_WARNING,0.2543,0.7508
0.7,100,abrupt_collapse_dynamic,True,840,-40,MISS,0.35,0.8024
0.75,1,stable_dynamic,False,,,QUIET,0.969,0.9926
0.75,1,noisy_dynamic_recoverable,False,,,QUIET,0.9323,0.9914
0.75,1,critical_slowing_dynamic,True,780,20,EARLY_WARNING,0.2781,0.7606
0.75,1,abrupt_collapse_dynamic,True,840,-40,MISS,0.35,0.8002
0.75,2,stable_dynamic,False,,,QUIET,0.9703,0.9933
0.75,2,noisy_dynamic_recoverable,False,,,QUIET,0.9361,0.9871
0.75,2,critical_slowing_dynamic,True,800,0,MISS,0.3335,0.7663
0.75,2,abrupt_collapse_dynamic,True,820,-20,MISS,0.2942,0.7943
0.75,3,stable_dynamic,False,,,QUIET,0.967,0.9898
0.75,3,noisy_dynamic_recoverable,False,,,QUIET,0.9372,0.9865
0.75,3,critical_slowing_dynamic,True,800,0,MISS,0.2663,0.7632
0.75,3,abrupt_collapse_dynamic,True,840,-40,MISS,0.35,0.8009
0.75,4,stable_dynamic,False,,,QUIET,0.9495,0.9903
0.75,4,noisy_dynamic_recoverable,False,,,QUIET,0.8844,0.9826
0.75,4,critical_slowing_dynamic,True,780,20,EARLY_WARNING,0.3366,0.7619
0.75,4,abrupt_collapse_dynamic,True,820,-20,MISS,0.2941,0.7957
0.75,5,stable_dynamic,False,,,QUIET,0.9579,0.9909
0.75,5,noisy_dynamic_recoverable,False,,,QUIET,0.9422,0.9864
0.75,5,critical_slowing_dynamic,True,780,20,EARLY_WARNING,0.2731,0.7523
0.75,5,abrupt_collapse_dynamic,True,840,-40,MISS,0.35,0.7981
0.75,6,stable_dynamic,False,,,QUIET,0.9693,0.9927
0.75,6,noisy_dynamic_recoverable,False,,,QUIET,0.9357,0.985
0.75,6,critical_slowing_dynamic,True,760,40,EARLY_WARNING,0.3485,0.753
0.75,6,abrupt_collapse_dynamic,True,820,-20,MISS,0.35,0.7987
0.75,7,stable_dynamic,False,,,QUIET,0.9499,0.9915
0.75,7,noisy_dynamic_recoverable,False,,,QUIET,0.912,0.9815
0.75,7,critical_slowing_dynamic,True,800,0,MISS,0.3208,0.7671
0.75,7,abrupt_collapse_dynamic,True,820,-20,MISS,0.35,0.7992
0.75,8,stable_dynamic,False,,,QUIET,0.9719,0.9923
0.75,8,noisy_dynamic_recoverable,False,,,QUIET,0.9576,0.9926
0.75,8,critical_slowing_dynamic,True,800,0,MISS,0.3071,0.768
0.75,8,abrupt_collapse_dynamic,True,820,-20,MISS,0.2935,0.7929
0.75,9,stable_dynamic,False,,,QUIET,0.9672,0.992
0.75,9,noisy_dynamic_recoverable,False,,,QUIET,0.938,0.9878
0.75,9,critical_slowing_dynamic,True,780,20,EARLY_WARNING,0.2751,0.7602
0.75,9,abrupt_collapse_dynamic,True,820,-20,MISS,0.35,0.799
0.75,10,stable_dynamic,False,,,QUIET,0.9707,0.9893
0.75,10,noisy_dynamic_recoverable,False,,,QUIET,0.9439,0.987
0.75,10,critical_slowing_dynamic,True,800,0,MISS,0.3497,0.7678
0.75,10,abrupt_collapse_dynamic,True,820,-20,MISS,0.2939,0.7922
0.75,11,stable_dynamic,False,,,QUIET,0.9661,0.9927
0.75,11,noisy_dynamic_recoverable,False,,,QUIET,0.9008,0.9837
0.75,11,critical_slowing_dynamic,True,800,0,MISS,0.2795,0.765
0.75,11,abrupt_collapse_dynamic,True,840,-40,MISS,0.35,0.803
0.75,12,stable_dynamic,False,,,QUIET,0.9657,0.9902
0.75,12,noisy_dynamic_recoverable,False,,,QUIET,0.9539,0.9878
0.75,12,critical_slowing_dynamic,True,780,20,EARLY_WARNING,0.3456,0.7644
0.75,12,abrupt_collapse_dynamic,True,820,-20,MISS,0.35,0.8004
0.75,13,stable_dynamic,False,,,QUIET,0.9704,0.9918
0.75,13,noisy_dynamic_recoverable,False,,,QUIET,0.9578,0.991
0.75,13,critical_slowing_dynamic,True,780,20,EARLY_WARNING,0.2594,0.7559
0.75,13,abrupt_collapse_dynamic,True,820,-20,MISS,0.2943,0.7948
0.75,14,stable_dynamic,False,,,QUIET,0.9683,0.9931
0.75,14,noisy_dynamic_recoverable,False,,,QUIET,0.9465,0.9883
0.75,14,critical_slowing_dynamic,True,800,0,MISS,0.3265,0.7688
0.75,14,abrupt_collapse_dynamic,True,840,-40,MISS,0.35,0.8013
0.75,15,stable_dynamic,False,,,QUIET,0.9495,0.9858
0.75,15,noisy_dynamic_recoverable,False,,,QUIET,0.923,0.9808
0.75,15,critical_slowing_dynamic,True,800,0,MISS,0.3296,0.7617
0.75,15,abrupt_collapse_dynamic,True,820,-20,MISS,0.35,0.7969
0.75,16,stable_dynamic,False,,,QUIET,0.9687,0.9911
0.75,16,noisy_dynamic_recoverable,False,,,QUIET,0.9603,0.9913
0.75,16,critical_slowing_dynamic,True,780,20,EARLY_WARNING,0.35,0.7598
0.75,16,abrupt_collapse_dynamic,True,820,-20,MISS,0.2926,0.7926
0.75,17,stable_dynamic,False,,,QUIET,0.9494,0.9932
0.75,17,noisy_dynamic_recoverable,False,,,QUIET,0.9487,0.9884
0.75,17,critical_slowing_dynamic,True,760,40,EARLY_WARNING,0.2671,0.7461
0.75,17,abrupt_collapse_dynamic,True,820,-20,MISS,0.35,0.8017
0.75,18,stable_dynamic,False,,,QUIET,0.9705,0.9938
0.75,18,noisy_dynamic_recoverable,False,,,QUIET,0.946,0.99
0.75,18,critical_slowing_dynamic,True,780,20,EARLY_WARNING,0.2764,0.7636
0.75,18,abrupt_collapse_dynamic,True,840,-40,MISS,0.35,0.8028
0.75,19,stable_dynamic,False,,,QUIET,0.9688,0.9939
0.75,19,noisy_dynamic_recoverable,False,,,QUIET,0.9688,0.994
0.75,19,critical_slowing_dynamic,True,780,20,EARLY_WARNING,0.2719,0.7611
0.75,19,abrupt_collapse_dynamic,True,840,-40,MISS,0.35,0.8027
0.75,20,stable_dynamic,False,,,QUIET,0.9676,0.9924
0.75,20,noisy_dynamic_recoverable,False,,,QUIET,0.9372,0.9848
0.75,20,critical_slowing_dynamic,True,760,40,EARLY_WARNING,0.35,0.754
0.75,20,abrupt_collapse_dynamic,True,840,-40,MISS,0.35,0.8025
0.75,21,stable_dynamic,False,,,QUIET,0.9484,0.9914
0.75,21,noisy_dynamic_recoverable,False,,,QUIET,0.9116,0.9828
0.75,21,critical_slowing_dynamic,True,760,40,EARLY_WARNING,0.2708,0.7454
0.75,21,abrupt_collapse_dynamic,True,820,-20,MISS,0.2931,0.7931
0.75,22,stable_dynamic,False,,,QUIET,0.9654,0.9924
0.75,22,noisy_dynamic_recoverable,False,,,QUIET,0.9567,0.9893
0.75,22,critical_slowing_dynamic,True,800,0,MISS,0.3026,0.7643
0.75,22,abrupt_collapse_dynamic,True,840,-40,MISS,0.35,0.8025
0.75,23,stable_dynamic,False,,,QUIET,0.9712,0.9941
0.75,23,noisy_dynamic_recoverable,False,,,QUIET,0.9305,0.9907
0.75,23,critical_slowing_dynamic,True,800,0,MISS,0.2726,0.7626
0.75,23,abrupt_collapse_dynamic,True,840,-40,MISS,0.35,0.8023
0.75,24,stable_dynamic,False,,,QUIET,0.9491,0.9896
0.75,24,noisy_dynamic_recoverable,False,,,QUIET,0.9491,0.9849
0.75,24,critical_slowing_dynamic,True,800,0,MISS,0.3385,0.7685
0.75,24,abrupt_collapse_dynamic,True,820,-20,MISS,0.2937,0.7952
0.75,25,stable_dynamic,False,,,QUIET,0.9497,0.985
0.75,25,noisy_dynamic_recoverable,False,,,QUIET,0.9193,0.9763
0.75,25,critical_slowing_dynamic,True,780,20,EARLY_WARNING,0.2852,0.7606
0.75,25,abrupt_collapse_dynamic,True,820,-20,MISS,0.2933,0.7898
0.75,26,stable_dynamic,False,,,QUIET,0.9706,0.9936
0.75,26,noisy_dynamic_recoverable,False,,,QUIET,0.9398,0.9933
0.75,26,critical_slowing_dynamic,True,800,0,MISS,0.35,0.7726
0.75,26,abrupt_collapse_dynamic,True,840,-40,MISS,0.35,0.8016
0.75,27,stable_dynamic,False,,,QUIET,0.9486,0.9926
0.75,27,noisy_dynamic_recoverable,False,,,QUIET,0.9504,0.9919
0.75,27,critical_slowing_dynamic,True,800,0,MISS,0.35,0.7652
0.75,27,abrupt_collapse_dynamic,True,820,-20,MISS,0.296,0.7936
0.75,28,stable_dynamic,False,,,QUIET,0.9685,0.9915
0.75,28,noisy_dynamic_recoverable,False,,,QUIET,0.9395,0.9919
0.75,28,critical_slowing_dynamic,True,780,20,EARLY_WARNING,0.2679,0.7624
0.75,28,abrupt_collapse_dynamic,True,840,-40,MISS,0.35,0.8001
0.75,29,stable_dynamic,False,,,QUIET,0.971,0.9953
0.75,29,noisy_dynamic_recoverable,False,,,QUIET,0.9286,0.9846
0.75,29,critical_slowing_dynamic,True,780,20,EARLY_WARNING,0.311,0.7629
0.75,29,abrupt_collapse_dynamic,True,820,-20,MISS,0.35,0.8015
0.75,30,stable_dynamic,False,,,QUIET,0.9673,0.9912
0.75,30,noisy_dynamic_recoverable,False,,,QUIET,0.9306,0.9809
0.75,30,critical_slowing_dynamic,True,760,40,EARLY_WARNING,0.2779,0.7495
0.75,30,abrupt_collapse_dynamic,True,840,-40,MISS,0.35,0.802
0.75,31,stable_dynamic,False,,,QUIET,0.9477,0.993
0.75,31,noisy_dynamic_recoverable,False,,,QUIET,0.9467,0.9877
0.75,31,critical_slowing_dynamic,True,800,0,MISS,0.2631,0.7553
0.75,31,abrupt_collapse_dynamic,True,840,-40,MISS,0.35,0.8008
0.75,32,stable_dynamic,False,,,QUIET,0.9673,0.9902
0.75,32,noisy_dynamic_recoverable,False,,,QUIET,0.9413,0.986
0.75,32,critical_slowing_dynamic,True,760,40,EARLY_WARNING,0.2674,0.7466
0.75,32,abrupt_collapse_dynamic,True,820,-20,MISS,0.2976,0.7929
0.75,33,stable_dynamic,False,,,QUIET,0.9469,0.9907
0.75,33,noisy_dynamic_recoverable,False,,,QUIET,0.9317,0.9832
0.75,33,critical_slowing_dynamic,True,780,20,EARLY_WARNING,0.2674,0.7585
0.75,33,abrupt_collapse_dynamic,True,840,-40,MISS,0.35,0.8015
0.75,34,stable_dynamic,False,,,QUIET,0.9503,0.9889
0.75,34,noisy_dynamic_recoverable,False,,,QUIET,0.9579,0.9908
0.75,34,critical_slowing_dynamic,True,800,0,MISS,0.3378,0.771
0.75,34,abrupt_collapse_dynamic,True,840,-40,MISS,0.35,0.7996
0.75,35,stable_dynamic,False,,,QUIET,0.9521,0.9912
0.75,35,noisy_dynamic_recoverable,False,,,QUIET,0.9506,0.9877
0.75,35,critical_slowing_dynamic,True,780,20,EARLY_WARNING,0.3336,0.7619
0.75,35,abrupt_collapse_dynamic,True,840,-40,MISS,0.35,0.8001
0.75,36,stable_dynamic,False,,,QUIET,0.949,0.993
0.75,36,noisy_dynamic_recoverable,False,,,QUIET,0.9329,0.9885
0.75,36,critical_slowing_dynamic,True,780,20,EARLY_WARNING,0.3203,0.7606
0.75,36,abrupt_collapse_dynamic,True,840,-40,MISS,0.35,0.8003
0.75,37,stable_dynamic,False,,,QUIET,0.9493,0.9914
0.75,37,noisy_dynamic_recoverable,False,,,QUIET,0.9493,0.9873
0.75,37,critical_slowing_dynamic,True,780,20,EARLY_WARNING,0.2657,0.7546
0.75,37,abrupt_collapse_dynamic,True,840,-40,MISS,0.35,0.8022
0.75,38,stable_dynamic,False,,,QUIET,0.9518,0.9927
0.75,38,noisy_dynamic_recoverable,False,,,QUIET,0.9494,0.9878
0.75,38,critical_slowing_dynamic,True,780,20,EARLY_WARNING,0.2708,0.7583
0.75,38,abrupt_collapse_dynamic,True,820,-20,MISS,0.35,0.8034
0.75,39,stable_dynamic,False,,,QUIET,0.9487,0.9913
0.75,39,noisy_dynamic_recoverable,False,,,QUIET,0.9449,0.9869
0.75,39,critical_slowing_dynamic,True,780,20,EARLY_WARNING,0.3415,0.758
0.75,39,abrupt_collapse_dynamic,True,820,-20,MISS,0.35,0.8004
0.75,40,stable_dynamic,False,,,QUIET,0.9901,0.9978
0.75,40,noisy_dynamic_recoverable,False,,,QUIET,0.9571,0.9933
0.75,40,critical_slowing_dynamic,True,780,20,EARLY_WARNING,0.3459,0.7666
0.75,40,abrupt_collapse_dynamic,True,840,-40,MISS,0.35,0.8059
0.75,41,stable_dynamic,False,,,QUIET,0.9484,0.989
0.75,41,noisy_dynamic_recoverable,False,,,QUIET,0.9152,0.9872
0.75,41,critical_slowing_dynamic,True,780,20,EARLY_WARNING,0.35,0.7602
0.75,41,abrupt_collapse_dynamic,True,840,-40,MISS,0.35,0.7972
0.75,42,stable_dynamic,False,,,QUIET,0.9498,0.9921
0.75,42,noisy_dynamic_recoverable,False,,,QUIET,0.9498,0.9923
0.75,42,critical_slowing_dynamic,True,760,40,EARLY_WARNING,0.35,0.7559
0.75,42,abrupt_collapse_dynamic,True,820,-20,MISS,0.293,0.7948
0.75,43,stable_dynamic,False,,,QUIET,0.9648,0.9931
0.75,43,noisy_dynamic_recoverable,False,,,QUIET,0.9249,0.9894
0.75,43,critical_slowing_dynamic,True,760,40,EARLY_WARNING,0.2915,0.7527
0.75,43,abrupt_collapse_dynamic,True,820,-20,MISS,0.2945,0.7963
0.75,44,stable_dynamic,False,,,QUIET,0.9705,0.994
0.75,44,noisy_dynamic_recoverable,False,,,QUIET,0.9635,0.9927
0.75,44,critical_slowing_dynamic,True,780,20,EARLY_WARNING,0.35,0.761
0.75,44,abrupt_collapse_dynamic,True,840,-40,MISS,0.35,0.8023
0.75,45,stable_dynamic,False,,,QUIET,0.9713,0.9946
0.75,45,noisy_dynamic_recoverable,False,,,QUIET,0.9176,0.9869
0.75,45,critical_slowing_dynamic,True,800,0,MISS,0.277,0.7655
0.75,45,abrupt_collapse_dynamic,True,820,-20,MISS,0.35,0.8011
0.75,46,stable_dynamic,False,,,QUIET,0.9488,0.9869
0.75,46,noisy_dynamic_recoverable,False,,,QUIET,0.933,0.9831
0.75,46,critical_slowing_dynamic,True,780,20,EARLY_WARNING,0.2784,0.7555
0.75,46,abrupt_collapse_dynamic,True,820,-20,MISS,0.35,0.7968
0.75,47,stable_dynamic,False,,,QUIET,0.9651,0.9893
0.75,47,noisy_dynamic_recoverable,False,,,QUIET,0.9219,0.9832
0.75,47,critical_slowing_dynamic,True,800,0,MISS,0.2613,0.7602
0.75,47,abrupt_collapse_dynamic,True,820,-20,MISS,0.35,0.7996
0.75,48,stable_dynamic,False,,,QUIET,0.9702,0.9902
0.75,48,noisy_dynamic_recoverable,False,,,QUIET,0.9022,0.9856
0.75,48,critical_slowing_dynamic,True,760,40,EARLY_WARNING,0.2782,0.752
0.75,48,abrupt_collapse_dynamic,True,820,-20,MISS,0.35,0.7998
0.75,49,stable_dynamic,False,,,QUIET,0.9512,0.9917
0.75,49,noisy_dynamic_recoverable,False,,,QUIET,0.9416,0.987
0.75,49,critical_slowing_dynamic,True,780,20,EARLY_WARNING,0.2843,0.7601
0.75,49,abrupt_collapse_dynamic,True,820,-20,MISS,0.2968,0.7943
0.75,50,stable_dynamic,False,,,QUIET,0.9494,0.9921
0.75,50,noisy_dynamic_recoverable,False,,,QUIET,0.9288,0.9858
0.75,50,critical_slowing_dynamic,True,800,0,MISS,0.3035,0.7647
0.75,50,abrupt_collapse_dynamic,True,820,-20,MISS,0.2932,0.7936
0.75,51,stable_dynamic,False,,,QUIET,0.9505,0.9942
0.75,51,noisy_dynamic_recoverable,False,,,QUIET,0.9263,0.9862
0.75,51,critical_slowing_dynamic,True,760,40,EARLY_WARNING,0.2682,0.7416
0.75,51,abrupt_collapse_dynamic,True,840,-40,MISS,0.35,0.8008
0.75,52,stable_dynamic,False,,,QUIET,0.9504,0.991
0.75,52,noisy_dynamic_recoverable,False,,,QUIET,0.9504,0.9864
0.75,52,critical_slowing_dynamic,True,760,40,EARLY_WARNING,0.286,0.7487
0.75,52,abrupt_collapse_dynamic,True,840,-40,MISS,0.35,0.8026
0.75,53,stable_dynamic,False,,,QUIET,0.9482,0.9877
0.75,53,noisy_dynamic_recoverable,False,,,QUIET,0.9474,0.9875
0.75,53,critical_slowing_dynamic,True,800,0,MISS,0.3443,0.7664
0.75,53,abrupt_collapse_dynamic,True,820,-20,MISS,0.35,0.7966
0.75,54,stable_dynamic,False,,,QUIET,0.9692,0.994
0.75,54,noisy_dynamic_recoverable,False,,,QUIET,0.9692,0.9953
0.75,54,critical_slowing_dynamic,True,800,0,MISS,0.3277,0.7647
0.75,54,abrupt_collapse_dynamic,True,840,-40,MISS,0.35,0.8028
0.75,55,stable_dynamic,False,,,QUIET,0.9574,0.9883
0.75,55,noisy_dynamic_recoverable,False,,,QUIET,0.9574,0.9884
0.75,55,critical_slowing_dynamic,True,800,0,MISS,0.3477,0.7647
0.75,55,abrupt_collapse_dynamic,True,840,-40,MISS,0.35,0.798
0.75,56,stable_dynamic,False,,,QUIET,0.9706,0.9951
0.75,56,noisy_dynamic_recoverable,False,,,QUIET,0.9359,0.9895
0.75,56,critical_slowing_dynamic,True,780,20,EARLY_WARNING,0.2604,0.7603
0.75,56,abrupt_collapse_dynamic,True,820,-20,MISS,0.35,0.8024
0.75,57,stable_dynamic,False,,,QUIET,0.9522,0.9918
0.75,57,noisy_dynamic_recoverable,False,,,QUIET,0.9331,0.9868
0.75,57,critical_slowing_dynamic,True,780,20,EARLY_WARNING,0.3469,0.767
0.75,57,abrupt_collapse_dynamic,True,820,-20,MISS,0.35,0.801
0.75,58,stable_dynamic,False,,,QUIET,0.9682,0.9921
0.75,58,noisy_dynamic_recoverable,False,,,QUIET,0.9307,0.9809
0.75,58,critical_slowing_dynamic,True,740,60,EARLY_WARNING,0.29,0.7481
0.75,58,abrupt_collapse_dynamic,True,820,-20,MISS,0.35,0.8001
0.75,59,stable_dynamic,False,,,QUIET,0.9515,0.9933
0.75,59,noisy_dynamic_recoverable,False,,,QUIET,0.9528,0.9907
0.75,59,critical_slowing_dynamic,True,780,20,EARLY_WARNING,0.2918,0.7594
0.75,59,abrupt_collapse_dynamic,True,840,-40,MISS,0.35,0.8016
0.75,60,stable_dynamic,False,,,QUIET,0.9655,0.9936
0.75,60,noisy_dynamic_recoverable,False,,,QUIET,0.9016,0.9876
0.75,60,critical_slowing_dynamic,True,760,40,EARLY_WARNING,0.2875,0.7522
0.75,60,abrupt_collapse_dynamic,True,840,-40,MISS,0.35,0.7999
0.75,61,stable_dynamic,False,,,QUIET,0.9484,0.989
0.75,61,noisy_dynamic_recoverable,False,,,QUIET,0.9104,0.9835
0.75,61,critical_slowing_dynamic,True,800,0,MISS,0.2753,0.7587
0.75,61,abrupt_collapse_dynamic,True,820,-20,MISS,0.35,0.796
0.75,62,stable_dynamic,False,,,QUIET,0.9675,0.9937
0.75,62,noisy_dynamic_recoverable,False,,,QUIET,0.9046,0.9844
0.75,62,critical_slowing_dynamic,True,760,40,EARLY_WARNING,0.2836,0.7453
0.75,62,abrupt_collapse_dynamic,True,820,-20,MISS,0.35,0.8019
0.75,63,stable_dynamic,False,,,QUIET,0.9705,0.9948
0.75,63,noisy_dynamic_recoverable,False,,,QUIET,0.9598,0.9918
0.75,63,critical_slowing_dynamic,True,780,20,EARLY_WARNING,0.2545,0.7574
0.75,63,abrupt_collapse_dynamic,True,820,-20,MISS,0.35,0.8014
0.75,64,stable_dynamic,False,,,QUIET,0.9701,0.994
0.75,64,noisy_dynamic_recoverable,False,,,QUIET,0.9388,0.9902
0.75,64,critical_slowing_dynamic,True,800,0,MISS,0.2829,0.7616
0.75,64,abrupt_collapse_dynamic,True,840,-40,MISS,0.35,0.8037
0.75,65,stable_dynamic,False,,,QUIET,0.9483,0.9902
0.75,65,noisy_dynamic_recoverable,False,,,QUIET,0.9192,0.9847
0.75,65,critical_slowing_dynamic,True,760,40,EARLY_WARNING,0.2676,0.7372
0.75,65,abrupt_collapse_dynamic,True,820,-20,MISS,0.2949,0.7907
0.75,66,stable_dynamic,False,,,QUIET,0.9675,0.9951
0.75,66,noisy_dynamic_recoverable,False,,,QUIET,0.9652,0.9904
0.75,66,critical_slowing_dynamic,True,780,20,EARLY_WARNING,0.35,0.7603
0.75,66,abrupt_collapse_dynamic,True,820,-20,MISS,0.2946,0.796
0.75,67,stable_dynamic,False,,,QUIET,0.9716,0.9938
0.75,67,noisy_dynamic_recoverable,False,,,QUIET,0.9285,0.9867
0.75,67,critical_slowing_dynamic,True,800,0,MISS,0.35,0.7694
0.75,67,abrupt_collapse_dynamic,True,840,-40,MISS,0.35,0.8036
0.75,68,stable_dynamic,False,,,QUIET,0.9704,0.9916
0.75,68,noisy_dynamic_recoverable,False,,,QUIET,0.9282,0.9841
0.75,68,critical_slowing_dynamic,True,760,40,EARLY_WARNING,0.2689,0.7447
0.75,68,abrupt_collapse_dynamic,True,820,-20,MISS,0.35,0.8002
0.75,69,stable_dynamic,False,,,QUIET,0.9659,0.9944
0.75,69,noisy_dynamic_recoverable,False,,,QUIET,0.9593,0.9912
0.75,69,critical_slowing_dynamic,True,780,20,EARLY_WARNING,0.3457,0.7582
0.75,69,abrupt_collapse_dynamic,True,840,-40,MISS,0.35,0.8053
0.75,70,stable_dynamic,False,,,QUIET,0.9498,0.9888
0.75,70,noisy_dynamic_recoverable,False,,,QUIET,0.9498,0.9882
0.75,70,critical_slowing_dynamic,True,780,20,EARLY_WARNING,0.2688,0.7511
0.75,70,abrupt_collapse_dynamic,True,840,-40,MISS,0.35,0.8003
0.75,71,stable_dynamic,False,,,QUIET,0.9636,0.9919
0.75,71,noisy_dynamic_recoverable,False,,,QUIET,0.8965,0.9821
0.75,71,critical_slowing_dynamic,True,800,0,MISS,0.3279,0.7718
0.75,71,abrupt_collapse_dynamic,True,840,-40,MISS,0.35,0.8023
0.75,72,stable_dynamic,False,,,QUIET,0.9488,0.9873
0.75,72,noisy_dynamic_recoverable,False,,,QUIET,0.9488,0.987
0.75,72,critical_slowing_dynamic,True,760,40,EARLY_WARNING,0.2741,0.7478
0.75,72,abrupt_collapse_dynamic,True,840,-40,MISS,0.35,0.7967
0.75,73,stable_dynamic,False,,,QUIET,0.9502,0.9918
0.75,73,noisy_dynamic_recoverable,False,,,QUIET,0.9424,0.9879
0.75,73,critical_slowing_dynamic,True,780,20,EARLY_WARNING,0.2617,0.757
0.75,73,abrupt_collapse_dynamic,True,820,-20,MISS,0.35,0.7978
0.75,74,stable_dynamic,False,,,QUIET,0.9674,0.991
0.75,74,noisy_dynamic_recoverable,False,,,QUIET,0.9644,0.9891
0.75,74,critical_slowing_dynamic,True,780,20,EARLY_WARNING,0.2849,0.7563
0.75,74,abrupt_collapse_dynamic,True,840,-40,MISS,0.35,0.8004
0.75,75,stable_dynamic,False,,,QUIET,0.9471,0.9918
0.75,75,noisy_dynamic_recoverable,False,,,QUIET,0.9622,0.9905
0.75,75,critical_slowing_dynamic,True,780,20,EARLY_WARNING,0.2687,0.7556
0.75,75,abrupt_collapse_dynamic,True,840,-40,MISS,0.35,0.7998
0.75,76,stable_dynamic,False,,,QUIET,0.9487,0.9923
0.75,76,noisy_dynamic_recoverable,False,,,QUIET,0.9487,0.987
0.75,76,critical_slowing_dynamic,True,780,20,EARLY_WARNING,0.2803,0.7544
0.75,76,abrupt_collapse_dynamic,True,840,-40,MISS,0.35,0.8018
0.75,77,stable_dynamic,False,,,QUIET,0.9715,0.9919
0.75,77,noisy_dynamic_recoverable,False,,,QUIET,0.9534,0.9911
0.75,77,critical_slowing_dynamic,True,780,20,EARLY_WARNING,0.2827,0.7529
0.75,77,abrupt_collapse_dynamic,True,820,-20,MISS,0.35,0.7998
0.75,78,stable_dynamic,False,,,QUIET,0.9439,0.9898
0.75,78,noisy_dynamic_recoverable,False,,,QUIET,0.9083,0.984
0.75,78,critical_slowing_dynamic,True,780,20,EARLY_WARNING,0.2738,0.7524
0.75,78,abrupt_collapse_dynamic,True,840,-40,MISS,0.35,0.7988
0.75,79,stable_dynamic,False,,,QUIET,0.968,0.9919
0.75,79,noisy_dynamic_recoverable,False,,,QUIET,0.9479,0.9895
0.75,79,critical_slowing_dynamic,True,780,20,EARLY_WARNING,0.35,0.7634
0.75,79,abrupt_collapse_dynamic,True,840,-40,MISS,0.35,0.7988
0.75,80,stable_dynamic,False,,,QUIET,0.9482,0.9917
0.75,80,noisy_dynamic_recoverable,False,,,QUIET,0.9209,0.987
0.75,80,critical_slowing_dynamic,True,800,0,MISS,0.2851,0.7676
0.75,80,abrupt_collapse_dynamic,True,840,-40,MISS,0.35,0.8017
0.75,81,stable_dynamic,False,,,QUIET,0.9657,0.9955
0.75,81,noisy_dynamic_recoverable,False,,,QUIET,0.8875,0.9857
0.75,81,critical_slowing_dynamic,True,780,20,EARLY_WARNING,0.3137,0.7526
0.75,81,abrupt_collapse_dynamic,True,840,-40,MISS,0.35,0.8029
0.75,82,stable_dynamic,False,,,QUIET,0.9704,0.9928
0.75,82,noisy_dynamic_recoverable,False,,,QUIET,0.9505,0.9891
0.75,82,critical_slowing_dynamic,True,760,40,EARLY_WARNING,0.2954,0.7508
0.75,82,abrupt_collapse_dynamic,True,820,-20,MISS,0.35,0.8001
0.75,83,stable_dynamic,False,,,QUIET,0.9484,0.99
0.75,83,noisy_dynamic_recoverable,False,,,QUIET,0.9581,0.9901
0.75,83,critical_slowing_dynamic,True,780,20,EARLY_WARNING,0.35,0.7598
0.75,83,abrupt_collapse_dynamic,True,820,-20,MISS,0.294,0.7916
0.75,84,stable_dynamic,False,,,QUIET,0.9712,0.9926
0.75,84,noisy_dynamic_recoverable,False,,,QUIET,0.9416,0.9879
0.75,84,critical_slowing_dynamic,True,780,20,EARLY_WARNING,0.3415,0.7598
0.75,84,abrupt_collapse_dynamic,True,820,-20,MISS,0.2948,0.7933
0.75,85,stable_dynamic,False,,,QUIET,0.9712,0.9933
0.75,85,noisy_dynamic_recoverable,False,,,QUIET,0.9512,0.9912
0.75,85,critical_slowing_dynamic,True,780,20,EARLY_WARNING,0.3381,0.762
0.75,85,abrupt_collapse_dynamic,True,840,-40,MISS,0.35,0.8023
0.75,86,stable_dynamic,False,,,QUIET,0.9488,0.994
0.75,86,noisy_dynamic_recoverable,False,,,QUIET,0.9332,0.9912
0.75,86,critical_slowing_dynamic,True,780,20,EARLY_WARNING,0.35,0.7625
0.75,86,abrupt_collapse_dynamic,True,820,-20,MISS,0.2931,0.7955
0.75,87,stable_dynamic,False,,,QUIET,0.9488,0.9905
0.75,87,noisy_dynamic_recoverable,False,,,QUIET,0.9298,0.9861
0.75,87,critical_slowing_dynamic,True,780,20,EARLY_WARNING,0.35,0.7573
0.75,87,abrupt_collapse_dynamic,True,820,-20,MISS,0.3476,0.7987
0.75,88,stable_dynamic,False,,,QUIET,0.9497,0.9922
0.75,88,noisy_dynamic_recoverable,False,,,QUIET,0.873,0.9817
0.75,88,critical_slowing_dynamic,True,780,20,EARLY_WARNING,0.2749,0.7558
0.75,88,abrupt_collapse_dynamic,True,820,-20,MISS,0.2936,0.7966
0.75,89,stable_dynamic,False,,,QUIET,0.9661,0.9901
0.75,89,noisy_dynamic_recoverable,False,,,QUIET,0.9407,0.9853
0.75,89,critical_slowing_dynamic,True,780,20,EARLY_WARNING,0.2615,0.7557
0.75,89,abrupt_collapse_dynamic,True,840,-40,MISS,0.35,0.8005
0.75,90,stable_dynamic,False,,,QUIET,0.9467,0.991
0.75,90,noisy_dynamic_recoverable,False,,,QUIET,0.9467,0.9871
0.75,90,critical_slowing_dynamic,True,800,0,MISS,0.2977,0.7583
0.75,90,abrupt_collapse_dynamic,True,840,-40,MISS,0.35,0.7995
0.75,91,stable_dynamic,False,,,QUIET,0.9487,0.9921
0.75,91,noisy_dynamic_recoverable,False,,,QUIET,0.9487,0.9893
0.75,91,critical_slowing_dynamic,True,760,40,EARLY_WARNING,0.3493,0.7576
0.75,91,abrupt_collapse_dynamic,True,840,-40,MISS,0.35,0.8021
0.75,92,stable_dynamic,False,,,QUIET,0.9667,0.992
0.75,92,noisy_dynamic_recoverable,False,,,QUIET,0.9217,0.9818
0.75,92,critical_slowing_dynamic,True,780,20,EARLY_WARNING,0.2805,0.7507
0.75,92,abrupt_collapse_dynamic,True,820,-20,MISS,0.2965,0.795
0.75,93,stable_dynamic,False,,,QUIET,0.9672,0.9896
0.75,93,noisy_dynamic_recoverable,False,,,QUIET,0.9615,0.9884
0.75,93,critical_slowing_dynamic,True,780,20,EARLY_WARNING,0.2645,0.7573
0.75,93,abrupt_collapse_dynamic,True,840,-40,MISS,0.35,0.7998
0.75,94,stable_dynamic,False,,,QUIET,0.9447,0.9897
0.75,94,noisy_dynamic_recoverable,False,,,QUIET,0.9309,0.9865
0.75,94,critical_slowing_dynamic,True,780,20,EARLY_WARNING,0.3481,0.7608
0.75,94,abrupt_collapse_dynamic,True,840,-40,MISS,0.35,0.7996
0.75,95,stable_dynamic,False,,,QUIET,0.9479,0.9898
0.75,95,noisy_dynamic_recoverable,False,,,QUIET,0.9217,0.9849
0.75,95,critical_slowing_dynamic,True,780,20,EARLY_WARNING,0.3343,0.7552
0.75,95,abrupt_collapse_dynamic,True,820,-20,MISS,0.2939,0.7929
0.75,96,stable_dynamic,False,,,QUIET,0.9579,0.9918
0.75,96,noisy_dynamic_recoverable,False,,,QUIET,0.9233,0.9845
0.75,96,critical_slowing_dynamic,True,760,40,EARLY_WARNING,0.285,0.7452
0.75,96,abrupt_collapse_dynamic,True,820,-20,MISS,0.35,0.7988
0.75,97,stable_dynamic,False,,,QUIET,0.9675,0.9922
0.75,97,noisy_dynamic_recoverable,False,,,QUIET,0.967,0.9913
0.75,97,critical_slowing_dynamic,True,760,40,EARLY_WARNING,0.3485,0.754
0.75,97,abrupt_collapse_dynamic,True,840,-40,MISS,0.35,0.8034
0.75,98,stable_dynamic,False,,,QUIET,0.9463,0.9863
0.75,98,noisy_dynamic_recoverable,False,,,QUIET,0.9423,0.984
0.75,98,critical_slowing_dynamic,True,740,60,EARLY_WARNING,0.35,0.7461
0.75,98,abrupt_collapse_dynamic,True,820,-20,MISS,0.35,0.7978
0.75,99,stable_dynamic,False,,,QUIET,0.9492,0.9888
0.75,99,noisy_dynamic_recoverable,False,,,QUIET,0.9244,0.9809
0.75,99,critical_slowing_dynamic,True,760,40,EARLY_WARNING,0.2703,0.7498
0.75,99,abrupt_collapse_dynamic,True,820,-20,MISS,0.35,0.7952
0.75,100,stable_dynamic,False,,,QUIET,0.9677,0.991
0.75,100,noisy_dynamic_recoverable,False,,,QUIET,0.9397,0.9847
0.75,100,critical_slowing_dynamic,True,780,20,EARLY_WARNING,0.2543,0.7508
0.75,100,abrupt_collapse_dynamic,True,840,-40,MISS,0.35,0.8024
0.8,1,stable_dynamic,False,,,QUIET,0.969,0.9926
0.8,1,noisy_dynamic_recoverable,False,,,QUIET,0.9323,0.9914
0.8,1,critical_slowing_dynamic,True,780,20,EARLY_WARNING,0.2781,0.7606
0.8,1,abrupt_collapse_dynamic,True,820,-20,MISS,0.35,0.8002
0.8,2,stable_dynamic,False,,,QUIET,0.9703,0.9933
0.8,2,noisy_dynamic_recoverable,False,,,QUIET,0.9361,0.9871
0.8,2,critical_slowing_dynamic,True,800,0,MISS,0.3335,0.7663
0.8,2,abrupt_collapse_dynamic,True,820,-20,MISS,0.2942,0.7943
0.8,3,stable_dynamic,False,,,QUIET,0.967,0.9898
0.8,3,noisy_dynamic_recoverable,False,,,QUIET,0.9372,0.9865
0.8,3,critical_slowing_dynamic,True,800,0,MISS,0.2663,0.7632
0.8,3,abrupt_collapse_dynamic,True,820,-20,MISS,0.35,0.8009
0.8,4,stable_dynamic,False,,,QUIET,0.9495,0.9903
0.8,4,noisy_dynamic_recoverable,False,,,QUIET,0.8844,0.9826
0.8,4,critical_slowing_dynamic,True,780,20,EARLY_WARNING,0.3366,0.7619
0.8,4,abrupt_collapse_dynamic,True,820,-20,MISS,0.2941,0.7957
0.8,5,stable_dynamic,False,,,QUIET,0.9579,0.9909
0.8,5,noisy_dynamic_recoverable,False,,,QUIET,0.9422,0.9864
0.8,5,critical_slowing_dynamic,True,780,20,EARLY_WARNING,0.2731,0.7523
0.8,5,abrupt_collapse_dynamic,True,820,-20,MISS,0.35,0.7981
0.8,6,stable_dynamic,False,,,QUIET,0.9693,0.9927
0.8,6,noisy_dynamic_recoverable,False,,,QUIET,0.9357,0.985
0.8,6,critical_slowing_dynamic,True,760,40,EARLY_WARNING,0.3485,0.753
0.8,6,abrupt_collapse_dynamic,True,820,-20,MISS,0.35,0.7987
0.8,7,stable_dynamic,False,,,QUIET,0.9499,0.9915
0.8,7,noisy_dynamic_recoverable,False,,,QUIET,0.912,0.9815
0.8,7,critical_slowing_dynamic,True,800,0,MISS,0.3208,0.7671
0.8,7,abrupt_collapse_dynamic,True,820,-20,MISS,0.35,0.7992
0.8,8,stable_dynamic,False,,,QUIET,0.9719,0.9923
0.8,8,noisy_dynamic_recoverable,False,,,QUIET,0.9576,0.9926
0.8,8,critical_slowing_dynamic,True,780,20,EARLY_WARNING,0.3071,0.768
0.8,8,abrupt_collapse_dynamic,True,820,-20,MISS,0.2935,0.7929
0.8,9,stable_dynamic,False,,,QUIET,0.9672,0.992
0.8,9,noisy_dynamic_recoverable,False,,,QUIET,0.938,0.9878
0.8,9,critical_slowing_dynamic,True,780,20,EARLY_WARNING,0.2751,0.7602
0.8,9,abrupt_collapse_dynamic,True,820,-20,MISS,0.35,0.799
0.8,10,stable_dynamic,False,,,QUIET,0.9707,0.9893
0.8,10,noisy_dynamic_recoverable,False,,,QUIET,0.9439,0.987
0.8,10,critical_slowing_dynamic,True,780,20,EARLY_WARNING,0.3497,0.7678
0.8,10,abrupt_collapse_dynamic,True,820,-20,MISS,0.2939,0.7922
0.8,11,stable_dynamic,False,,,QUIET,0.9661,0.9927
0.8,11,noisy_dynamic_recoverable,False,,,QUIET,0.9008,0.9837
0.8,11,critical_slowing_dynamic,True,800,0,MISS,0.2795,0.765
0.8,11,abrupt_collapse_dynamic,True,820,-20,MISS,0.35,0.803
0.8,12,stable_dynamic,False,,,QUIET,0.9657,0.9902
0.8,12,noisy_dynamic_recoverable,False,,,QUIET,0.9539,0.9878
0.8,12,critical_slowing_dynamic,True,780,20,EARLY_WARNING,0.3456,0.7644
0.8,12,abrupt_collapse_dynamic,True,820,-20,MISS,0.35,0.8004
0.8,13,stable_dynamic,False,,,QUIET,0.9704,0.9918
0.8,13,noisy_dynamic_recoverable,False,,,QUIET,0.9578,0.991
0.8,13,critical_slowing_dynamic,True,780,20,EARLY_WARNING,0.2594,0.7559
0.8,13,abrupt_collapse_dynamic,True,820,-20,MISS,0.2943,0.7948
0.8,14,stable_dynamic,False,,,QUIET,0.9683,0.9931
0.8,14,noisy_dynamic_recoverable,False,,,QUIET,0.9465,0.9883
0.8,14,critical_slowing_dynamic,True,800,0,MISS,0.3265,0.7688
0.8,14,abrupt_collapse_dynamic,True,820,-20,MISS,0.35,0.8013
0.8,15,stable_dynamic,False,,,QUIET,0.9495,0.9858
0.8,15,noisy_dynamic_recoverable,False,,,QUIET,0.923,0.9808
0.8,15,critical_slowing_dynamic,True,780,20,EARLY_WARNING,0.3296,0.7617
0.8,15,abrupt_collapse_dynamic,True,820,-20,MISS,0.35,0.7969
0.8,16,stable_dynamic,False,,,QUIET,0.9687,0.9911
0.8,16,noisy_dynamic_recoverable,False,,,QUIET,0.9603,0.9913
0.8,16,critical_slowing_dynamic,True,760,40,EARLY_WARNING,0.35,0.7598
0.8,16,abrupt_collapse_dynamic,True,820,-20,MISS,0.2926,0.7926
0.8,17,stable_dynamic,False,,,QUIET,0.9494,0.9932
0.8,17,noisy_dynamic_recoverable,False,,,QUIET,0.9487,0.9884
0.8,17,critical_slowing_dynamic,True,760,40,EARLY_WARNING,0.2671,0.7461
0.8,17,abrupt_collapse_dynamic,True,820,-20,MISS,0.35,0.8017
0.8,18,stable_dynamic,False,,,QUIET,0.9705,0.9938
0.8,18,noisy_dynamic_recoverable,False,,,QUIET,0.946,0.99
0.8,18,critical_slowing_dynamic,True,780,20,EARLY_WARNING,0.2764,0.7636
0.8,18,abrupt_collapse_dynamic,True,820,-20,MISS,0.35,0.8028
0.8,19,stable_dynamic,False,,,QUIET,0.9688,0.9939
0.8,19,noisy_dynamic_recoverable,False,,,QUIET,0.9688,0.994
0.8,19,critical_slowing_dynamic,True,780,20,EARLY_WARNING,0.2719,0.7611
0.8,19,abrupt_collapse_dynamic,True,820,-20,MISS,0.35,0.8027
0.8,20,stable_dynamic,False,,,QUIET,0.9676,0.9924
0.8,20,noisy_dynamic_recoverable,False,,,QUIET,0.9372,0.9848
0.8,20,critical_slowing_dynamic,True,760,40,EARLY_WARNING,0.35,0.754
0.8,20,abrupt_collapse_dynamic,True,820,-20,MISS,0.35,0.8025
0.8,21,stable_dynamic,False,,,QUIET,0.9484,0.9914
0.8,21,noisy_dynamic_recoverable,False,,,QUIET,0.9116,0.9828
0.8,21,critical_slowing_dynamic,True,760,40,EARLY_WARNING,0.2708,0.7454
0.8,21,abrupt_collapse_dynamic,True,820,-20,MISS,0.2931,0.7931
0.8,22,stable_dynamic,False,,,QUIET,0.9654,0.9924
0.8,22,noisy_dynamic_recoverable,False,,,QUIET,0.9567,0.9893
0.8,22,critical_slowing_dynamic,True,760,40,EARLY_WARNING,0.3026,0.7643
0.8,22,abrupt_collapse_dynamic,True,820,-20,MISS,0.35,0.8025
0.8,23,stable_dynamic,False,,,QUIET,0.9712,0.9941
0.8,23,noisy_dynamic_recoverable,False,,,QUIET,0.9305,0.9907
0.8,23,critical_slowing_dynamic,True,780,20,EARLY_WARNING,0.2726,0.7626
0.8,23,abrupt_collapse_dynamic,True,820,-20,MISS,0.35,0.8023
0.8,24,stable_dynamic,False,,,QUIET,0.9491,0.9896
0.8,24,noisy_dynamic_recoverable,False,,,QUIET,0.9491,0.9849
0.8,24,critical_slowing_dynamic,True,800,0,MISS,0.3385,0.7685
0.8,24,abrupt_collapse_dynamic,True,820,-20,MISS,0.2937,0.7952
0.8,25,stable_dynamic,False,,,QUIET,0.9497,0.985
0.8,25,noisy_dynamic_recoverable,False,,,QUIET,0.9193,0.9763
0.8,25,critical_slowing_dynamic,True,780,20,EARLY_WARNING,0.2852,0.7606
0.8,25,abrupt_collapse_dynamic,True,820,-20,MISS,0.2933,0.7898
0.8,26,stable_dynamic,False,,,QUIET,0.9706,0.9936
0.8,26,noisy_dynamic_recoverable,False,,,QUIET,0.9398,0.9933
0.8,26,critical_slowing_dynamic,True,800,0,MISS,0.35,0.7726
0.8,26,abrupt_collapse_dynamic,True,820,-20,MISS,0.35,0.8016
0.8,27,stable_dynamic,False,,,QUIET,0.9486,0.9926
0.8,27,noisy_dynamic_recoverable,False,,,QUIET,0.9504,0.9919
0.8,27,critical_slowing_dynamic,True,780,20,EARLY_WARNING,0.35,0.7652
0.8,27,abrupt_collapse_dynamic,True,820,-20,MISS,0.296,0.7936
0.8,28,stable_dynamic,False,,,QUIET,0.9685,0.9915
0.8,28,noisy_dynamic_recoverable,False,,,QUIET,0.9395,0.9919
0.8,28,critical_slowing_dynamic,True,780,20,EARLY_WARNING,0.2679,0.7624
0.8,28,abrupt_collapse_dynamic,True,820,-20,MISS,0.35,0.8001
0.8,29,stable_dynamic,False,,,QUIET,0.971,0.9953
0.8,29,noisy_dynamic_recoverable,False,,,QUIET,0.9286,0.9846
0.8,29,critical_slowing_dynamic,True,760,40,EARLY_WARNING,0.311,0.7629
0.8,29,abrupt_collapse_dynamic,True,820,-20,MISS,0.35,0.8015
0.8,30,stable_dynamic,False,,,QUIET,0.9673,0.9912
0.8,30,noisy_dynamic_recoverable,False,,,QUIET,0.9306,0.9809
0.8,30,critical_slowing_dynamic,True,760,40,EARLY_WARNING,0.2779,0.7495
0.8,30,abrupt_collapse_dynamic,True,820,-20,MISS,0.35,0.802
0.8,31,stable_dynamic,False,,,QUIET,0.9477,0.993
0.8,31,noisy_dynamic_recoverable,False,,,QUIET,0.9467,0.9877
0.8,31,critical_slowing_dynamic,True,780,20,EARLY_WARNING,0.2631,0.7553
0.8,31,abrupt_collapse_dynamic,True,820,-20,MISS,0.35,0.8008
0.8,32,stable_dynamic,False,,,QUIET,0.9673,0.9902
0.8,32,noisy_dynamic_recoverable,False,,,QUIET,0.9413,0.986
0.8,32,critical_slowing_dynamic,True,760,40,EARLY_WARNING,0.2674,0.7466
0.8,32,abrupt_collapse_dynamic,True,820,-20,MISS,0.2976,0.7929
0.8,33,stable_dynamic,False,,,QUIET,0.9469,0.9907
0.8,33,noisy_dynamic_recoverable,False,,,QUIET,0.9317,0.9832
0.8,33,critical_slowing_dynamic,True,780,20,EARLY_WARNING,0.2674,0.7585
0.8,33,abrupt_collapse_dynamic,True,820,-20,MISS,0.35,0.8015
0.8,34,stable_dynamic,False,,,QUIET,0.9503,0.9889
0.8,34,noisy_dynamic_recoverable,False,,,QUIET,0.9579,0.9908
0.8,34,critical_slowing_dynamic,True,800,0,MISS,0.3378,0.771
0.8,34,abrupt_collapse_dynamic,True,820,-20,MISS,0.35,0.7996
0.8,35,stable_dynamic,False,,,QUIET,0.9521,0.9912
0.8,35,noisy_dynamic_recoverable,False,,,QUIET,0.9506,0.9877
0.8,35,critical_slowing_dynamic,True,780,20,EARLY_WARNING,0.3336,0.7619
0.8,35,abrupt_collapse_dynamic,True,820,-20,MISS,0.35,0.8001
0.8,36,stable_dynamic,False,,,QUIET,0.949,0.993
0.8,36,noisy_dynamic_recoverable,False,,,QUIET,0.9329,0.9885
0.8,36,critical_slowing_dynamic,True,760,40,EARLY_WARNING,0.3203,0.7606
0.8,36,abrupt_collapse_dynamic,True,820,-20,MISS,0.35,0.8003
0.8,37,stable_dynamic,False,,,QUIET,0.9493,0.9914
0.8,37,noisy_dynamic_recoverable,False,,,QUIET,0.9493,0.9873
0.8,37,critical_slowing_dynamic,True,780,20,EARLY_WARNING,0.2657,0.7546
0.8,37,abrupt_collapse_dynamic,True,820,-20,MISS,0.35,0.8022
0.8,38,stable_dynamic,False,,,QUIET,0.9518,0.9927
0.8,38,noisy_dynamic_recoverable,False,,,QUIET,0.9494,0.9878
0.8,38,critical_slowing_dynamic,True,780,20,EARLY_WARNING,0.2708,0.7583
0.8,38,abrupt_collapse_dynamic,True,820,-20,MISS,0.35,0.8034
0.8,39,stable_dynamic,False,,,QUIET,0.9487,0.9913
0.8,39,noisy_dynamic_recoverable,False,,,QUIET,0.9449,0.9869
0.8,39,critical_slowing_dynamic,True,780,20,EARLY_WARNING,0.3415,0.758
0.8,39,abrupt_collapse_dynamic,True,820,-20,MISS,0.35,0.8004
0.8,40,stable_dynamic,False,,,QUIET,0.9901,0.9978
0.8,40,noisy_dynamic_recoverable,False,,,QUIET,0.9571,0.9933
0.8,40,critical_slowing_dynamic,True,780,20,EARLY_WARNING,0.3459,0.7666
0.8,40,abrupt_collapse_dynamic,True,820,-20,MISS,0.35,0.8059
0.8,41,stable_dynamic,False,,,QUIET,0.9484,0.989
0.8,41,noisy_dynamic_recoverable,False,,,QUIET,0.9152,0.9872
0.8,41,critical_slowing_dynamic,True,780,20,EARLY_WARNING,0.35,0.7602
0.8,41,abrupt_collapse_dynamic,True,820,-20,MISS,0.35,0.7972
0.8,42,stable_dynamic,False,,,QUIET,0.9498,0.9921
0.8,42,noisy_dynamic_recoverable,False,,,QUIET,0.9498,0.9923
0.8,42,critical_slowing_dynamic,True,760,40,EARLY_WARNING,0.35,0.7559
0.8,42,abrupt_collapse_dynamic,True,820,-20,MISS,0.293,0.7948
0.8,43,stable_dynamic,False,,,QUIET,0.9648,0.9931
0.8,43,noisy_dynamic_recoverable,False,,,QUIET,0.9249,0.9894
0.8,43,critical_slowing_dynamic,True,760,40,EARLY_WARNING,0.2915,0.7527
0.8,43,abrupt_collapse_dynamic,True,820,-20,MISS,0.2945,0.7963
0.8,44,stable_dynamic,False,,,QUIET,0.9705,0.994
0.8,44,noisy_dynamic_recoverable,False,,,QUIET,0.9635,0.9927
0.8,44,critical_slowing_dynamic,True,760,40,EARLY_WARNING,0.35,0.761
0.8,44,abrupt_collapse_dynamic,True,820,-20,MISS,0.35,0.8023
0.8,45,stable_dynamic,False,,,QUIET,0.9713,0.9946
0.8,45,noisy_dynamic_recoverable,False,,,QUIET,0.9176,0.9869
0.8,45,critical_slowing_dynamic,True,800,0,MISS,0.277,0.7655
0.8,45,abrupt_collapse_dynamic,True,820,-20,MISS,0.35,0.8011
0.8,46,stable_dynamic,False,,,QUIET,0.9488,0.9869
0.8,46,noisy_dynamic_recoverable,False,,,QUIET,0.933,0.9831
0.8,46,critical_slowing_dynamic,True,780,20,EARLY_WARNING,0.2784,0.7555
0.8,46,abrupt_collapse_dynamic,True,820,-20,MISS,0.35,0.7968
0.8,47,stable_dynamic,False,,,QUIET,0.9651,0.9893
0.8,47,noisy_dynamic_recoverable,False,,,QUIET,0.9219,0.9832
0.8,47,critical_slowing_dynamic,True,780,20,EARLY_WARNING,0.2613,0.7602
0.8,47,abrupt_collapse_dynamic,True,820,-20,MISS,0.35,0.7996
0.8,48,stable_dynamic,False,,,QUIET,0.9702,0.9902
0.8,48,noisy_dynamic_recoverable,False,,,QUIET,0.9022,0.9856
0.8,48,critical_slowing_dynamic,True,760,40,EARLY_WARNING,0.2782,0.752
0.8,48,abrupt_collapse_dynamic,True,820,-20,MISS,0.35,0.7998
0.8,49,stable_dynamic,False,,,QUIET,0.9512,0.9917
0.8,49,noisy_dynamic_recoverable,False,,,QUIET,0.9416,0.987
0.8,49,critical_slowing_dynamic,True,780,20,EARLY_WARNING,0.2843,0.7601
0.8,49,abrupt_collapse_dynamic,True,820,-20,MISS,0.2968,0.7943
0.8,50,stable_dynamic,False,,,QUIET,0.9494,0.9921
0.8,50,noisy_dynamic_recoverable,False,,,QUIET,0.9288,0.9858
0.8,50,critical_slowing_dynamic,True,760,40,EARLY_WARNING,0.3035,0.7647
0.8,50,abrupt_collapse_dynamic,True,820,-20,MISS,0.2932,0.7936
0.8,51,stable_dynamic,False,,,QUIET,0.9505,0.9942
0.8,51,noisy_dynamic_recoverable,False,,,QUIET,0.9263,0.9862
0.8,51,critical_slowing_dynamic,True,760,40,EARLY_WARNING,0.2682,0.7416
0.8,51,abrupt_collapse_dynamic,True,820,-20,MISS,0.35,0.8008
0.8,52,stable_dynamic,False,,,QUIET,0.9504,0.991
0.8,52,noisy_dynamic_recoverable,False,,,QUIET,0.9504,0.9864
0.8,52,critical_slowing_dynamic,True,760,40,EARLY_WARNING,0.286,0.7487
0.8,52,abrupt_collapse_dynamic,True,820,-20,MISS,0.35,0.8026
0.8,53,stable_dynamic,False,,,QUIET,0.9482,0.9877
0.8,53,noisy_dynamic_recoverable,False,,,QUIET,0.9474,0.9875
0.8,53,critical_slowing_dynamic,True,780,20,EARLY_WARNING,0.3443,0.7664
0.8,53,abrupt_collapse_dynamic,True,820,-20,MISS,0.35,0.7966
0.8,54,stable_dynamic,False,,,QUIET,0.9692,0.994
0.8,54,noisy_dynamic_recoverable,False,,,QUIET,0.9692,0.9953
0.8,54,critical_slowing_dynamic,True,760,40,EARLY_WARNING,0.3277,0.7647
0.8,54,abrupt_collapse_dynamic,True,820,-20,MISS,0.35,0.8028
0.8,55,stable_dynamic,False,,,QUIET,0.9574,0.9883
0.8,55,noisy_dynamic_recoverable,False,,,QUIET,0.9574,0.9884
0.8,55,critical_slowing_dynamic,True,780,20,EARLY_WARNING,0.3477,0.7647
0.8,55,abrupt_collapse_dynamic,True,820,-20,MISS,0.35,0.798
0.8,56,stable_dynamic,False,,,QUIET,0.9706,0.9951
0.8,56,noisy_dynamic_recoverable,False,,,QUIET,0.9359,0.9895
0.8,56,critical_slowing_dynamic,True,780,20,EARLY_WARNING,0.2604,0.7603
0.8,56,abrupt_collapse_dynamic,True,820,-20,MISS,0.35,0.8024
0.8,57,stable_dynamic,False,,,QUIET,0.9522,0.9918
0.8,57,noisy_dynamic_recoverable,False,,,QUIET,0.9331,0.9868
0.8,57,critical_slowing_dynamic,True,780,20,EARLY_WARNING,0.3469,0.767
0.8,57,abrupt_collapse_dynamic,True,820,-20,MISS,0.35,0.801
0.8,58,stable_dynamic,False,,,QUIET,0.9682,0.9921
0.8,58,noisy_dynamic_recoverable,False,,,QUIET,0.9307,0.9809
0.8,58,critical_slowing_dynamic,True,740,60,EARLY_WARNING,0.29,0.7481
0.8,58,abrupt_collapse_dynamic,True,820,-20,MISS,0.35,0.8001
0.8,59,stable_dynamic,False,,,QUIET,0.9515,0.9933
0.8,59,noisy_dynamic_recoverable,False,,,QUIET,0.9528,0.9907
0.8,59,critical_slowing_dynamic,True,780,20,EARLY_WARNING,0.2918,0.7594
0.8,59,abrupt_collapse_dynamic,True,820,-20,MISS,0.35,0.8016
0.8,60,stable_dynamic,False,,,QUIET,0.9655,0.9936
0.8,60,noisy_dynamic_recoverable,False,,,QUIET,0.9016,0.9876
0.8,60,critical_slowing_dynamic,True,760,40,EARLY_WARNING,0.2875,0.7522
0.8,60,abrupt_collapse_dynamic,True,820,-20,MISS,0.35,0.7999
0.8,61,stable_dynamic,False,,,QUIET,0.9484,0.989
0.8,61,noisy_dynamic_recoverable,False,,,QUIET,0.9104,0.9835
0.8,61,critical_slowing_dynamic,True,760,40,EARLY_WARNING,0.2753,0.7587
0.8,61,abrupt_collapse_dynamic,True,820,-20,MISS,0.35,0.796
0.8,62,stable_dynamic,False,,,QUIET,0.9675,0.9937
0.8,62,noisy_dynamic_recoverable,False,,,QUIET,0.9046,0.9844
0.8,62,critical_slowing_dynamic,True,760,40,EARLY_WARNING,0.2836,0.7453
0.8,62,abrupt_collapse_dynamic,True,820,-20,MISS,0.35,0.8019
0.8,63,stable_dynamic,False,,,QUIET,0.9705,0.9948
0.8,63,noisy_dynamic_recoverable,False,,,QUIET,0.9598,0.9918
0.8,63,critical_slowing_dynamic,True,780,20,EARLY_WARNING,0.2545,0.7574
0.8,63,abrupt_collapse_dynamic,True,820,-20,MISS,0.35,0.8014
0.8,64,stable_dynamic,False,,,QUIET,0.9701,0.994
0.8,64,noisy_dynamic_recoverable,False,,,QUIET,0.9388,0.9902
0.8,64,critical_slowing_dynamic,True,800,0,MISS,0.2829,0.7616
0.8,64,abrupt_collapse_dynamic,True,820,-20,MISS,0.35,0.8037
0.8,65,stable_dynamic,False,,,QUIET,0.9483,0.9902
0.8,65,noisy_dynamic_recoverable,False,,,QUIET,0.9192,0.9847
0.8,65,critical_slowing_dynamic,True,740,60,EARLY_WARNING,0.2676,0.7372
0.8,65,abrupt_collapse_dynamic,True,820,-20,MISS,0.2949,0.7907
0.8,66,stable_dynamic,False,,,QUIET,0.9675,0.9951
0.8,66,noisy_dynamic_recoverable,False,,,QUIET,0.9652,0.9904
0.8,66,critical_slowing_dynamic,True,760,40,EARLY_WARNING,0.35,0.7603
0.8,66,abrupt_collapse_dynamic,True,820,-20,MISS,0.2946,0.796
0.8,67,stable_dynamic,False,,,QUIET,0.9716,0.9938
0.8,67,noisy_dynamic_recoverable,False,,,QUIET,0.9285,0.9867
0.8,67,critical_slowing_dynamic,True,780,20,EARLY_WARNING,0.35,0.7694
0.8,67,abrupt_collapse_dynamic,True,820,-20,MISS,0.35,0.8036
0.8,68,stable_dynamic,False,,,QUIET,0.9704,0.9916
0.8,68,noisy_dynamic_recoverable,False,,,QUIET,0.9282,0.9841
0.8,68,critical_slowing_dynamic,True,760,40,EARLY_WARNING,0.2689,0.7447
0.8,68,abrupt_collapse_dynamic,True,820,-20,MISS,0.35,0.8002
0.8,69,stable_dynamic,False,,,QUIET,0.9659,0.9944
0.8,69,noisy_dynamic_recoverable,False,,,QUIET,0.9593,0.9912
0.8,69,critical_slowing_dynamic,True,740,60,EARLY_WARNING,0.3457,0.7582
0.8,69,abrupt_collapse_dynamic,True,820,-20,MISS,0.35,0.8053
0.8,70,stable_dynamic,False,,,QUIET,0.9498,0.9888
0.8,70,noisy_dynamic_recoverable,False,,,QUIET,0.9498,0.9882
0.8,70,critical_slowing_dynamic,True,780,20,EARLY_WARNING,0.2688,0.7511
0.8,70,abrupt_collapse_dynamic,True,820,-20,MISS,0.35,0.8003
0.8,71,stable_dynamic,False,,,QUIET,0.9636,0.9919
0.8,71,noisy_dynamic_recoverable,False,,,QUIET,0.8965,0.9821
0.8,71,critical_slowing_dynamic,True,800,0,MISS,0.3279,0.7718
0.8,71,abrupt_collapse_dynamic,True,820,-20,MISS,0.35,0.8023
0.8,72,stable_dynamic,False,,,QUIET,0.9488,0.9873
0.8,72,noisy_dynamic_recoverable,False,,,QUIET,0.9488,0.987
0.8,72,critical_slowing_dynamic,True,760,40,EARLY_WARNING,0.2741,0.7478
0.8,72,abrupt_collapse_dynamic,True,820,-20,MISS,0.35,0.7967
0.8,73,stable_dynamic,False,,,QUIET,0.9502,0.9918
0.8,73,noisy_dynamic_recoverable,False,,,QUIET,0.9424,0.9879
0.8,73,critical_slowing_dynamic,True,780,20,EARLY_WARNING,0.2617,0.757
0.8,73,abrupt_collapse_dynamic,True,820,-20,MISS,0.35,0.7978
0.8,74,stable_dynamic,False,,,QUIET,0.9674,0.991
0.8,74,noisy_dynamic_recoverable,False,,,QUIET,0.9644,0.9891
0.8,74,critical_slowing_dynamic,True,760,40,EARLY_WARNING,0.2849,0.7563
0.8,74,abrupt_collapse_dynamic,True,820,-20,MISS,0.35,0.8004
0.8,75,stable_dynamic,False,,,QUIET,0.9471,0.9918
0.8,75,noisy_dynamic_recoverable,False,,,QUIET,0.9622,0.9905
0.8,75,critical_slowing_dynamic,True,780,20,EARLY_WARNING,0.2687,0.7556
0.8,75,abrupt_collapse_dynamic,True,820,-20,MISS,0.35,0.7998
0.8,76,stable_dynamic,False,,,QUIET,0.9487,0.9923
0.8,76,noisy_dynamic_recoverable,False,,,QUIET,0.9487,0.987
0.8,76,critical_slowing_dynamic,True,780,20,EARLY_WARNING,0.2803,0.7544
0.8,76,abrupt_collapse_dynamic,True,820,-20,MISS,0.35,0.8018
0.8,77,stable_dynamic,False,,,QUIET,0.9715,0.9919
0.8,77,noisy_dynamic_recoverable,False,,,QUIET,0.9534,0.9911
0.8,77,critical_slowing_dynamic,True,760,40,EARLY_WARNING,0.2827,0.7529
0.8,77,abrupt_collapse_dynamic,True,820,-20,MISS,0.35,0.7998
0.8,78,stable_dynamic,False,,,QUIET,0.9439,0.9898
0.8,78,noisy_dynamic_recoverable,False,,,QUIET,0.9083,0.984
0.8,78,critical_slowing_dynamic,True,780,20,EARLY_WARNING,0.2738,0.7524
0.8,78,abrupt_collapse_dynamic,True,820,-20,MISS,0.35,0.7988
0.8,79,stable_dynamic,False,,,QUIET,0.968,0.9919
0.8,79,noisy_dynamic_recoverable,False,,,QUIET,0.9479,0.9895
0.8,79,critical_slowing_dynamic,True,780,20,EARLY_WARNING,0.35,0.7634
0.8,79,abrupt_collapse_dynamic,True,820,-20,MISS,0.35,0.7988
0.8,80,stable_dynamic,False,,,QUIET,0.9482,0.9917
0.8,80,noisy_dynamic_recoverable,False,,,QUIET,0.9209,0.987
0.8,80,critical_slowing_dynamic,True,800,0,MISS,0.2851,0.7676
0.8,80,abrupt_collapse_dynamic,True,820,-20,MISS,0.35,0.8017
0.8,81,stable_dynamic,False,,,QUIET,0.9657,0.9955
0.8,81,noisy_dynamic_recoverable,False,,,QUIET,0.8875,0.9857
0.8,81,critical_slowing_dynamic,True,740,60,EARLY_WARNING,0.3137,0.7526
0.8,81,abrupt_collapse_dynamic,True,820,-20,MISS,0.35,0.8029
0.8,82,stable_dynamic,False,,,QUIET,0.9704,0.9928
0.8,82,noisy_dynamic_recoverable,False,,,QUIET,0.9505,0.9891
0.8,82,critical_slowing_dynamic,True,760,40,EARLY_WARNING,0.2954,0.7508
0.8,82,abrupt_collapse_dynamic,True,820,-20,MISS,0.35,0.8001
0.8,83,stable_dynamic,False,,,QUIET,0.9484,0.99
0.8,83,noisy_dynamic_recoverable,False,,,QUIET,0.9581,0.9901
0.8,83,critical_slowing_dynamic,True,760,40,EARLY_WARNING,0.35,0.7598
0.8,83,abrupt_collapse_dynamic,True,820,-20,MISS,0.294,0.7916
0.8,84,stable_dynamic,False,,,QUIET,0.9712,0.9926
0.8,84,noisy_dynamic_recoverable,False,,,QUIET,0.9416,0.9879
0.8,84,critical_slowing_dynamic,True,780,20,EARLY_WARNING,0.3415,0.7598
0.8,84,abrupt_collapse_dynamic,True,820,-20,MISS,0.2948,0.7933
0.8,85,stable_dynamic,False,,,QUIET,0.9712,0.9933
0.8,85,noisy_dynamic_recoverable,False,,,QUIET,0.9512,0.9912
0.8,85,critical_slowing_dynamic,True,780,20,EARLY_WARNING,0.3381,0.762
0.8,85,abrupt_collapse_dynamic,True,820,-20,MISS,0.35,0.8023
0.8,86,stable_dynamic,False,,,QUIET,0.9488,0.994
0.8,86,noisy_dynamic_recoverable,False,,,QUIET,0.9332,0.9912
0.8,86,critical_slowing_dynamic,True,760,40,EARLY_WARNING,0.35,0.7625
0.8,86,abrupt_collapse_dynamic,True,820,-20,MISS,0.2931,0.7955
0.8,87,stable_dynamic,False,,,QUIET,0.9488,0.9905
0.8,87,noisy_dynamic_recoverable,False,,,QUIET,0.9298,0.9861
0.8,87,critical_slowing_dynamic,True,760,40,EARLY_WARNING,0.35,0.7573
0.8,87,abrupt_collapse_dynamic,True,820,-20,MISS,0.3476,0.7987
0.8,88,stable_dynamic,False,,,QUIET,0.9497,0.9922
0.8,88,noisy_dynamic_recoverable,False,,,QUIET,0.873,0.9817
0.8,88,critical_slowing_dynamic,True,780,20,EARLY_WARNING,0.2749,0.7558
0.8,88,abrupt_collapse_dynamic,True,820,-20,MISS,0.2936,0.7966
0.8,89,stable_dynamic,False,,,QUIET,0.9661,0.9901
0.8,89,noisy_dynamic_recoverable,False,,,QUIET,0.9407,0.9853
0.8,89,critical_slowing_dynamic,True,780,20,EARLY_WARNING,0.2615,0.7557
0.8,89,abrupt_collapse_dynamic,True,820,-20,MISS,0.35,0.8005
0.8,90,stable_dynamic,False,,,QUIET,0.9467,0.991
0.8,90,noisy_dynamic_recoverable,False,,,QUIET,0.9467,0.9871
0.8,90,critical_slowing_dynamic,True,760,40,EARLY_WARNING,0.2977,0.7583
0.8,90,abrupt_collapse_dynamic,True,820,-20,MISS,0.35,0.7995
0.8,91,stable_dynamic,False,,,QUIET,0.9487,0.9921
0.8,91,noisy_dynamic_recoverable,False,,,QUIET,0.9487,0.9893
0.8,91,critical_slowing_dynamic,True,760,40,EARLY_WARNING,0.3493,0.7576
0.8,91,abrupt_collapse_dynamic,True,820,-20,MISS,0.35,0.8021
0.8,92,stable_dynamic,False,,,QUIET,0.9667,0.992
0.8,92,noisy_dynamic_recoverable,False,,,QUIET,0.9217,0.9818
0.8,92,critical_slowing_dynamic,True,760,40,EARLY_WARNING,0.2805,0.7507
0.8,92,abrupt_collapse_dynamic,True,820,-20,MISS,0.2965,0.795
0.8,93,stable_dynamic,False,,,QUIET,0.9672,0.9896
0.8,93,noisy_dynamic_recoverable,False,,,QUIET,0.9615,0.9884
0.8,93,critical_slowing_dynamic,True,780,20,EARLY_WARNING,0.2645,0.7573
0.8,93,abrupt_collapse_dynamic,True,820,-20,MISS,0.35,0.7998
0.8,94,stable_dynamic,False,,,QUIET,0.9447,0.9897
0.8,94,noisy_dynamic_recoverable,False,,,QUIET,0.9309,0.9865
0.8,94,critical_slowing_dynamic,True,780,20,EARLY_WARNING,0.3481,0.7608
0.8,94,abrupt_collapse_dynamic,True,820,-20,MISS,0.35,0.7996
0.8,95,stable_dynamic,False,,,QUIET,0.9479,0.9898
0.8,95,noisy_dynamic_recoverable,False,,,QUIET,0.9217,0.9849
0.8,95,critical_slowing_dynamic,True,780,20,EARLY_WARNING,0.3343,0.7552
0.8,95,abrupt_collapse_dynamic,True,820,-20,MISS,0.2939,0.7929
0.8,96,stable_dynamic,False,,,QUIET,0.9579,0.9918
0.8,96,noisy_dynamic_recoverable,False,,,QUIET,0.9233,0.9845
0.8,96,critical_slowing_dynamic,True,760,40,EARLY_WARNING,0.285,0.7452
0.8,96,abrupt_collapse_dynamic,True,820,-20,MISS,0.35,0.7988
0.8,97,stable_dynamic,False,,,QUIET,0.9675,0.9922
0.8,97,noisy_dynamic_recoverable,False,,,QUIET,0.967,0.9913
0.8,97,critical_slowing_dynamic,True,760,40,EARLY_WARNING,0.3485,0.754
0.8,97,abrupt_collapse_dynamic,True,820,-20,MISS,0.35,0.8034
0.8,98,stable_dynamic,False,,,QUIET,0.9463,0.9863
0.8,98,noisy_dynamic_recoverable,False,,,QUIET,0.9423,0.984
0.8,98,critical_slowing_dynamic,True,740,60,EARLY_WARNING,0.35,0.7461
0.8,98,abrupt_collapse_dynamic,True,820,-20,MISS,0.35,0.7978
0.8,99,stable_dynamic,False,,,QUIET,0.9492,0.9888
0.8,99,noisy_dynamic_recoverable,False,,,QUIET,0.9244,0.9809
0.8,99,critical_slowing_dynamic,True,760,40,EARLY_WARNING,0.2703,0.7498
0.8,99,abrupt_collapse_dynamic,True,820,-20,MISS,0.35,0.7952
0.8,100,stable_dynamic,False,,,QUIET,0.9677,0.991
0.8,100,noisy_dynamic_recoverable,False,,,QUIET,0.9397,0.9847
0.8,100,critical_slowing_dynamic,True,760,40,EARLY_WARNING,0.2543,0.7508
0.8,100,abrupt_collapse_dynamic,True,820,-20,MISS,0.35,0.8024
0.85,1,stable_dynamic,False,,,QUIET,0.969,0.9926
0.85,1,noisy_dynamic_recoverable,False,,,QUIET,0.9323,0.9914
0.85,1,critical_slowing_dynamic,True,760,40,EARLY_WARNING,0.2781,0.7606
0.85,1,abrupt_collapse_dynamic,True,820,-20,MISS,0.35,0.8002
0.85,2,stable_dynamic,False,,,QUIET,0.9703,0.9933
0.85,2,noisy_dynamic_recoverable,False,,,QUIET,0.9361,0.9871
0.85,2,critical_slowing_dynamic,True,680,120,EARLY_WARNING,0.3335,0.7663
0.85,2,abrupt_collapse_dynamic,True,800,0,MISS,0.2942,0.7943
0.85,3,stable_dynamic,False,,,QUIET,0.967,0.9898
0.85,3,noisy_dynamic_recoverable,False,,,QUIET,0.9372,0.9865
0.85,3,critical_slowing_dynamic,True,740,60,EARLY_WARNING,0.2663,0.7632
0.85,3,abrupt_collapse_dynamic,True,820,-20,MISS,0.35,0.8009
0.85,4,stable_dynamic,False,,,QUIET,0.9495,0.9903
0.85,4,noisy_dynamic_recoverable,False,,,QUIET,0.8844,0.9826
0.85,4,critical_slowing_dynamic,True,760,40,EARLY_WARNING,0.3366,0.7619
0.85,4,abrupt_collapse_dynamic,True,800,0,MISS,0.2941,0.7957
0.85,5,stable_dynamic,False,,,QUIET,0.9579,0.9909
0.85,5,noisy_dynamic_recoverable,False,,,QUIET,0.9422,0.9864
0.85,5,critical_slowing_dynamic,True,760,40,EARLY_WARNING,0.2731,0.7523
0.85,5,abrupt_collapse_dynamic,True,820,-20,MISS,0.35,0.7981
0.85,6,stable_dynamic,False,,,QUIET,0.9693,0.9927
0.85,6,noisy_dynamic_recoverable,False,,,QUIET,0.9357,0.985
0.85,6,critical_slowing_dynamic,True,720,80,EARLY_WARNING,0.3485,0.753
0.85,6,abrupt_collapse_dynamic,True,820,-20,MISS,0.35,0.7987
0.85,7,stable_dynamic,False,,,QUIET,0.9499,0.9915
0.85,7,noisy_dynamic_recoverable,False,,,QUIET,0.912,0.9815
0.85,7,critical_slowing_dynamic,True,760,40,EARLY_WARNING,0.3208,0.7671
0.85,7,abrupt_collapse_dynamic,True,820,-20,MISS,0.35,0.7992
0.85,8,stable_dynamic,False,,,QUIET,0.9719,0.9923
0.85,8,noisy_dynamic_recoverable,False,,,QUIET,0.9576,0.9926
0.85,8,critical_slowing_dynamic,True,760,40,EARLY_WARNING,0.3071,0.768
0.85,8,abrupt_collapse_dynamic,True,800,0,MISS,0.2935,0.7929
0.85,9,stable_dynamic,False,,,QUIET,0.9672,0.992
0.85,9,noisy_dynamic_recoverable,False,,,QUIET,0.938,0.9878
0.85,9,critical_slowing_dynamic,True,760,40,EARLY_WARNING,0.2751,0.7602
0.85,9,abrupt_collapse_dynamic,True,820,-20,MISS,0.35,0.799
0.85,10,stable_dynamic,False,,,QUIET,0.9707,0.9893
0.85,10,noisy_dynamic_recoverable,False,,,QUIET,0.9439,0.987
0.85,10,critical_slowing_dynamic,True,780,20,EARLY_WARNING,0.3497,0.7678
0.85,10,abrupt_collapse_dynamic,True,800,0,MISS,0.2939,0.7922
0.85,11,stable_dynamic,False,,,QUIET,0.9661,0.9927
0.85,11,noisy_dynamic_recoverable,False,,,QUIET,0.9008,0.9837
0.85,11,critical_slowing_dynamic,True,740,60,EARLY_WARNING,0.2795,0.765
0.85,11,abrupt_collapse_dynamic,True,820,-20,MISS,0.35,0.803
0.85,12,stable_dynamic,False,,,QUIET,0.9657,0.9902
0.85,12,noisy_dynamic_recoverable,False,,,QUIET,0.9539,0.9878
0.85,12,critical_slowing_dynamic,True,780,20,EARLY_WARNING,0.3456,0.7644
0.85,12,abrupt_collapse_dynamic,True,820,-20,MISS,0.35,0.8004
0.85,13,stable_dynamic,False,,,QUIET,0.9704,0.9918
0.85,13,noisy_dynamic_recoverable,False,,,QUIET,0.9578,0.991
0.85,13,critical_slowing_dynamic,True,760,40,EARLY_WARNING,0.2594,0.7559
0.85,13,abrupt_collapse_dynamic,True,800,0,MISS,0.2943,0.7948
0.85,14,stable_dynamic,False,,,QUIET,0.9683,0.9931
0.85,14,noisy_dynamic_recoverable,False,,,QUIET,0.9465,0.9883
0.85,14,critical_slowing_dynamic,True,680,120,EARLY_WARNING,0.3265,0.7688
0.85,14,abrupt_collapse_dynamic,True,820,-20,MISS,0.35,0.8013
0.85,15,stable_dynamic,False,,,QUIET,0.9495,0.9858
0.85,15,noisy_dynamic_recoverable,False,,,QUIET,0.923,0.9808
0.85,15,critical_slowing_dynamic,True,680,120,EARLY_WARNING,0.3296,0.7617
0.85,15,abrupt_collapse_dynamic,True,820,-20,MISS,0.35,0.7969
0.85,16,stable_dynamic,False,,,QUIET,0.9687,0.9911
0.85,16,noisy_dynamic_recoverable,False,,,QUIET,0.9603,0.9913
0.85,16,critical_slowing_dynamic,True,760,40,EARLY_WARNING,0.35,0.7598
0.85,16,abrupt_collapse_dynamic,True,800,0,MISS,0.2926,0.7926
0.85,17,stable_dynamic,False,,,QUIET,0.9494,0.9932
0.85,17,noisy_dynamic_recoverable,False,,,QUIET,0.9487,0.9884
0.85,17,critical_slowing_dynamic,True,720,80,EARLY_WARNING,0.2671,0.7461
0.85,17,abrupt_collapse_dynamic,True,820,-20,MISS,0.35,0.8017
0.85,18,stable_dynamic,False,,,QUIET,0.9705,0.9938
0.85,18,noisy_dynamic_recoverable,False,,,QUIET,0.946,0.99
0.85,18,critical_slowing_dynamic,True,780,20,EARLY_WARNING,0.2764,0.7636
0.85,18,abrupt_collapse_dynamic,True,820,-20,MISS,0.35,0.8028
0.85,19,stable_dynamic,False,,,QUIET,0.9688,0.9939
0.85,19,noisy_dynamic_recoverable,False,,,QUIET,0.9688,0.994
0.85,19,critical_slowing_dynamic,True,780,20,EARLY_WARNING,0.2719,0.7611
0.85,19,abrupt_collapse_dynamic,True,820,-20,MISS,0.35,0.8027
0.85,20,stable_dynamic,False,,,QUIET,0.9676,0.9924
0.85,20,noisy_dynamic_recoverable,False,,,QUIET,0.9372,0.9848
0.85,20,critical_slowing_dynamic,True,740,60,EARLY_WARNING,0.35,0.754
0.85,20,abrupt_collapse_dynamic,True,820,-20,MISS,0.35,0.8025
0.85,21,stable_dynamic,False,,,QUIET,0.9484,0.9914
0.85,21,noisy_dynamic_recoverable,False,,,QUIET,0.9116,0.9828
0.85,21,critical_slowing_dynamic,True,740,60,EARLY_WARNING,0.2708,0.7454
0.85,21,abrupt_collapse_dynamic,True,800,0,MISS,0.2931,0.7931
0.85,22,stable_dynamic,False,,,QUIET,0.9654,0.9924
0.85,22,noisy_dynamic_recoverable,False,,,QUIET,0.9567,0.9893
0.85,22,critical_slowing_dynamic,True,760,40,EARLY_WARNING,0.3026,0.7643
0.85,22,abrupt_collapse_dynamic,True,820,-20,MISS,0.35,0.8025
0.85,23,stable_dynamic,False,,,QUIET,0.9712,0.9941
0.85,23,noisy_dynamic_recoverable,False,,,QUIET,0.9305,0.9907
0.85,23,critical_slowing_dynamic,True,740,60,EARLY_WARNING,0.2726,0.7626
0.85,23,abrupt_collapse_dynamic,True,820,-20,MISS,0.35,0.8023
0.85,24,stable_dynamic,False,,,QUIET,0.9491,0.9896
0.85,24,noisy_dynamic_recoverable,False,,,QUIET,0.9491,0.9849
0.85,24,critical_slowing_dynamic,True,760,40,EARLY_WARNING,0.3385,0.7685
0.85,24,abrupt_collapse_dynamic,True,800,0,MISS,0.2937,0.7952
0.85,25,stable_dynamic,False,,,QUIET,0.9497,0.985
0.85,25,noisy_dynamic_recoverable,False,,,QUIET,0.9193,0.9763
0.85,25,critical_slowing_dynamic,True,780,20,EARLY_WARNING,0.2852,0.7606
0.85,25,abrupt_collapse_dynamic,True,800,0,MISS,0.2933,0.7898
0.85,26,stable_dynamic,False,,,QUIET,0.9706,0.9936
0.85,26,noisy_dynamic_recoverable,False,,,QUIET,0.9398,0.9933
0.85,26,critical_slowing_dynamic,True,740,60,EARLY_WARNING,0.35,0.7726
0.85,26,abrupt_collapse_dynamic,True,820,-20,MISS,0.35,0.8016
0.85,27,stable_dynamic,False,,,QUIET,0.9486,0.9926
0.85,27,noisy_dynamic_recoverable,False,,,QUIET,0.9504,0.9919
0.85,27,critical_slowing_dynamic,True,720,80,EARLY_WARNING,0.35,0.7652
0.85,27,abrupt_collapse_dynamic,True,800,0,MISS,0.296,0.7936
0.85,28,stable_dynamic,False,,,QUIET,0.9685,0.9915
0.85,28,noisy_dynamic_recoverable,False,,,QUIET,0.9395,0.9919
0.85,28,critical_slowing_dynamic,True,780,20,EARLY_WARNING,0.2679,0.7624
0.85,28,abrupt_collapse_dynamic,True,820,-20,MISS,0.35,0.8001
0.85,29,stable_dynamic,False,,,QUIET,0.971,0.9953
0.85,29,noisy_dynamic_recoverable,False,,,QUIET,0.9286,0.9846
0.85,29,critical_slowing_dynamic,True,760,40,EARLY_WARNING,0.311,0.7629
0.85,29,abrupt_collapse_dynamic,True,820,-20,MISS,0.35,0.8015
0.85,30,stable_dynamic,False,,,QUIET,0.9673,0.9912
0.85,30,noisy_dynamic_recoverable,False,,,QUIET,0.9306,0.9809
0.85,30,critical_slowing_dynamic,True,740,60,EARLY_WARNING,0.2779,0.7495
0.85,30,abrupt_collapse_dynamic,True,820,-20,MISS,0.35,0.802
0.85,31,stable_dynamic,False,,,QUIET,0.9477,0.993
0.85,31,noisy_dynamic_recoverable,False,,,QUIET,0.9467,0.9877
0.85,31,critical_slowing_dynamic,True,780,20,EARLY_WARNING,0.2631,0.7553
0.85,31,abrupt_collapse_dynamic,True,820,-20,MISS,0.35,0.8008
0.85,32,stable_dynamic,False,,,QUIET,0.9673,0.9902
0.85,32,noisy_dynamic_recoverable,False,,,QUIET,0.9413,0.986
0.85,32,critical_slowing_dynamic,True,740,60,EARLY_WARNING,0.2674,0.7466
0.85,32,abrupt_collapse_dynamic,True,800,0,MISS,0.2976,0.7929
0.85,33,stable_dynamic,False,,,QUIET,0.9469,0.9907
0.85,33,noisy_dynamic_recoverable,False,,,QUIET,0.9317,0.9832
0.85,33,critical_slowing_dynamic,True,760,40,EARLY_WARNING,0.2674,0.7585
0.85,33,abrupt_collapse_dynamic,True,820,-20,MISS,0.35,0.8015
0.85,34,stable_dynamic,False,,,QUIET,0.9503,0.9889
0.85,34,noisy_dynamic_recoverable,False,,,QUIET,0.9579,0.9908
0.85,34,critical_slowing_dynamic,True,720,80,EARLY_WARNING,0.3378,0.771
0.85,34,abrupt_collapse_dynamic,True,820,-20,MISS,0.35,0.7996
0.85,35,stable_dynamic,False,,,QUIET,0.9521,0.9912
0.85,35,noisy_dynamic_recoverable,False,,,QUIET,0.9506,0.9877
0.85,35,critical_slowing_dynamic,True,760,40,EARLY_WARNING,0.3336,0.7619
0.85,35,abrupt_collapse_dynamic,True,820,-20,MISS,0.35,0.8001
0.85,36,stable_dynamic,False,,,QUIET,0.949,0.993
0.85,36,noisy_dynamic_recoverable,False,,,QUIET,0.9329,0.9885
0.85,36,critical_slowing_dynamic,True,740,60,EARLY_WARNING,0.3203,0.7606
0.85,36,abrupt_collapse_dynamic,True,820,-20,MISS,0.35,0.8003
0.85,37,stable_dynamic,False,,,QUIET,0.9493,0.9914
0.85,37,noisy_dynamic_recoverable,False,,,QUIET,0.9493,0.9873
0.85,37,critical_slowing_dynamic,True,760,40,EARLY_WARNING,0.2657,0.7546
0.85,37,abrupt_collapse_dynamic,True,820,-20,MISS,0.35,0.8022
0.85,38,stable_dynamic,False,,,QUIET,0.9518,0.9927
0.85,38,noisy_dynamic_recoverable,False,,,QUIET,0.9494,0.9878
0.85,38,critical_slowing_dynamic,True,760,40,EARLY_WARNING,0.2708,0.7583
0.85,38,abrupt_collapse_dynamic,True,820,-20,MISS,0.35,0.8034
0.85,39,stable_dynamic,False,,,QUIET,0.9487,0.9913
0.85,39,noisy_dynamic_recoverable,False,,,QUIET,0.9449,0.9869
0.85,39,critical_slowing_dynamic,True,740,60,EARLY_WARNING,0.3415,0.758
0.85,39,abrupt_collapse_dynamic,True,820,-20,MISS,0.35,0.8004
0.85,40,stable_dynamic,False,,,QUIET,0.9901,0.9978
0.85,40,noisy_dynamic_recoverable,False,,,QUIET,0.9571,0.9933
0.85,40,critical_slowing_dynamic,True,740,60,EARLY_WARNING,0.3459,0.7666
0.85,40,abrupt_collapse_dynamic,True,820,-20,MISS,0.35,0.8059
0.85,41,stable_dynamic,False,,,QUIET,0.9484,0.989
0.85,41,noisy_dynamic_recoverable,False,,,QUIET,0.9152,0.9872
0.85,41,critical_slowing_dynamic,True,740,60,EARLY_WARNING,0.35,0.7602
0.85,41,abrupt_collapse_dynamic,True,820,-20,MISS,0.35,0.7972
0.85,42,stable_dynamic,False,,,QUIET,0.9498,0.9921
0.85,42,noisy_dynamic_recoverable,False,,,QUIET,0.9498,0.9923
0.85,42,critical_slowing_dynamic,True,740,60,EARLY_WARNING,0.35,0.7559
0.85,42,abrupt_collapse_dynamic,True,800,0,MISS,0.293,0.7948
0.85,43,stable_dynamic,False,,,QUIET,0.9648,0.9931
0.85,43,noisy_dynamic_recoverable,False,,,QUIET,0.9249,0.9894
0.85,43,critical_slowing_dynamic,True,740,60,EARLY_WARNING,0.2915,0.7527
0.85,43,abrupt_collapse_dynamic,True,800,0,MISS,0.2945,0.7963
0.85,44,stable_dynamic,False,,,QUIET,0.9705,0.994
0.85,44,noisy_dynamic_recoverable,False,,,QUIET,0.9635,0.9927
0.85,44,critical_slowing_dynamic,True,760,40,EARLY_WARNING,0.35,0.761
0.85,44,abrupt_collapse_dynamic,True,820,-20,MISS,0.35,0.8023
0.85,45,stable_dynamic,False,,,QUIET,0.9713,0.9946
0.85,45,noisy_dynamic_recoverable,False,,,QUIET,0.9176,0.9869
0.85,45,critical_slowing_dynamic,True,780,20,EARLY_WARNING,0.277,0.7655
0.85,45,abrupt_collapse_dynamic,True,820,-20,MISS,0.35,0.8011
0.85,46,stable_dynamic,False,,,QUIET,0.9488,0.9869
0.85,46,noisy_dynamic_recoverable,False,,,QUIET,0.933,0.9831
0.85,46,critical_slowing_dynamic,True,720,80,EARLY_WARNING,0.2784,0.7555
0.85,46,abrupt_collapse_dynamic,True,820,-20,MISS,0.35,0.7968
0.85,47,stable_dynamic,False,,,QUIET,0.9651,0.9893
0.85,47,noisy_dynamic_recoverable,False,,,QUIET,0.9219,0.9832
0.85,47,critical_slowing_dynamic,True,720,80,EARLY_WARNING,0.2613,0.7602
0.85,47,abrupt_collapse_dynamic,True,820,-20,MISS,0.35,0.7996
0.85,48,stable_dynamic,False,,,QUIET,0.9702,0.9902
0.85,48,noisy_dynamic_recoverable,False,,,QUIET,0.9022,0.9856
0.85,48,critical_slowing_dynamic,True,760,40,EARLY_WARNING,0.2782,0.752
0.85,48,abrupt_collapse_dynamic,True,820,-20,MISS,0.35,0.7998
0.85,49,stable_dynamic,False,,,QUIET,0.9512,0.9917
0.85,49,noisy_dynamic_recoverable,False,,,QUIET,0.9416,0.987
0.85,49,critical_slowing_dynamic,True,760,40,EARLY_WARNING,0.2843,0.7601
0.85,49,abrupt_collapse_dynamic,True,800,0,MISS,0.2968,0.7943
0.85,50,stable_dynamic,False,,,QUIET,0.9494,0.9921
0.85,50,noisy_dynamic_recoverable,False,,,QUIET,0.9288,0.9858
0.85,50,critical_slowing_dynamic,True,760,40,EARLY_WARNING,0.3035,0.7647
0.85,50,abrupt_collapse_dynamic,True,800,0,MISS,0.2932,0.7936
0.85,51,stable_dynamic,False,,,QUIET,0.9505,0.9942
0.85,51,noisy_dynamic_recoverable,False,,,QUIET,0.9263,0.9862
0.85,51,critical_slowing_dynamic,True,720,80,EARLY_WARNING,0.2682,0.7416
0.85,51,abrupt_collapse_dynamic,True,820,-20,MISS,0.35,0.8008
0.85,52,stable_dynamic,False,,,QUIET,0.9504,0.991
0.85,52,noisy_dynamic_recoverable,False,,,QUIET,0.9504,0.9864
0.85,52,critical_slowing_dynamic,True,740,60,EARLY_WARNING,0.286,0.7487
0.85,52,abrupt_collapse_dynamic,True,820,-20,MISS,0.35,0.8026
0.85,53,stable_dynamic,False,,,QUIET,0.9482,0.9877
0.85,53,noisy_dynamic_recoverable,False,,,QUIET,0.9474,0.9875
0.85,53,critical_slowing_dynamic,True,780,20,EARLY_WARNING,0.3443,0.7664
0.85,53,abrupt_collapse_dynamic,True,820,-20,MISS,0.35,0.7966
0.85,54,stable_dynamic,False,,,QUIET,0.9692,0.994
0.85,54,noisy_dynamic_recoverable,False,,,QUIET,0.9692,0.9953
0.85,54,critical_slowing_dynamic,True,720,80,EARLY_WARNING,0.3277,0.7647
0.85,54,abrupt_collapse_dynamic,True,820,-20,MISS,0.35,0.8028
0.85,55,stable_dynamic,False,,,QUIET,0.9574,0.9883
0.85,55,noisy_dynamic_recoverable,False,,,QUIET,0.9574,0.9884
0.85,55,critical_slowing_dynamic,True,780,20,EARLY_WARNING,0.3477,0.7647
0.85,55,abrupt_collapse_dynamic,True,820,-20,MISS,0.35,0.798
0.85,56,stable_dynamic,False,,,QUIET,0.9706,0.9951
0.85,56,noisy_dynamic_recoverable,False,,,QUIET,0.9359,0.9895
0.85,56,critical_slowing_dynamic,True,780,20,EARLY_WARNING,0.2604,0.7603
0.85,56,abrupt_collapse_dynamic,True,820,-20,MISS,0.35,0.8024
0.85,57,stable_dynamic,False,,,QUIET,0.9522,0.9918
0.85,57,noisy_dynamic_recoverable,False,,,QUIET,0.9331,0.9868
0.85,57,critical_slowing_dynamic,True,760,40,EARLY_WARNING,0.3469,0.767
0.85,57,abrupt_collapse_dynamic,True,820,-20,MISS,0.35,0.801
0.85,58,stable_dynamic,False,,,QUIET,0.9682,0.9921
0.85,58,noisy_dynamic_recoverable,False,,,QUIET,0.9307,0.9809
0.85,58,critical_slowing_dynamic,True,740,60,EARLY_WARNING,0.29,0.7481
0.85,58,abrupt_collapse_dynamic,True,820,-20,MISS,0.35,0.8001
0.85,59,stable_dynamic,False,,,QUIET,0.9515,0.9933
0.85,59,noisy_dynamic_recoverable,False,,,QUIET,0.9528,0.9907
0.85,59,critical_slowing_dynamic,True,780,20,EARLY_WARNING,0.2918,0.7594
0.85,59,abrupt_collapse_dynamic,True,820,-20,MISS,0.35,0.8016
0.85,60,stable_dynamic,False,,,QUIET,0.9655,0.9936
0.85,60,noisy_dynamic_recoverable,False,,,QUIET,0.9016,0.9876
0.85,60,critical_slowing_dynamic,True,760,40,EARLY_WARNING,0.2875,0.7522
0.85,60,abrupt_collapse_dynamic,True,820,-20,MISS,0.35,0.7999
0.85,61,stable_dynamic,False,,,QUIET,0.9484,0.989
0.85,61,noisy_dynamic_recoverable,False,,,QUIET,0.9104,0.9835
0.85,61,critical_slowing_dynamic,True,720,80,EARLY_WARNING,0.2753,0.7587
0.85,61,abrupt_collapse_dynamic,True,820,-20,MISS,0.35,0.796
0.85,62,stable_dynamic,False,,,QUIET,0.9675,0.9937
0.85,62,noisy_dynamic_recoverable,False,,,QUIET,0.9046,0.9844
0.85,62,critical_slowing_dynamic,True,760,40,EARLY_WARNING,0.2836,0.7453
0.85,62,abrupt_collapse_dynamic,True,820,-20,MISS,0.35,0.8019
0.85,63,stable_dynamic,False,,,QUIET,0.9705,0.9948
0.85,63,noisy_dynamic_recoverable,False,,,QUIET,0.9598,0.9918
0.85,63,critical_slowing_dynamic,True,760,40,EARLY_WARNING,0.2545,0.7574
0.85,63,abrupt_collapse_dynamic,True,820,-20,MISS,0.35,0.8014
0.85,64,stable_dynamic,False,,,QUIET,0.9701,0.994
0.85,64,noisy_dynamic_recoverable,False,,,QUIET,0.9388,0.9902
0.85,64,critical_slowing_dynamic,True,700,100,EARLY_WARNING,0.2829,0.7616
0.85,64,abrupt_collapse_dynamic,True,820,-20,MISS,0.35,0.8037
0.85,65,stable_dynamic,False,,,QUIET,0.9483,0.9902
0.85,65,noisy_dynamic_recoverable,False,,,QUIET,0.9192,0.9847
0.85,65,critical_slowing_dynamic,True,720,80,EARLY_WARNING,0.2676,0.7372
0.85,65,abrupt_collapse_dynamic,True,800,0,MISS,0.2949,0.7907
0.85,66,stable_dynamic,False,,,QUIET,0.9675,0.9951
0.85,66,noisy_dynamic_recoverable,False,,,QUIET,0.9652,0.9904
0.85,66,critical_slowing_dynamic,True,760,40,EARLY_WARNING,0.35,0.7603
0.85,66,abrupt_collapse_dynamic,True,800,0,MISS,0.2946,0.796
0.85,67,stable_dynamic,False,,,QUIET,0.9716,0.9938
0.85,67,noisy_dynamic_recoverable,False,,,QUIET,0.9285,0.9867
0.85,67,critical_slowing_dynamic,True,780,20,EARLY_WARNING,0.35,0.7694
0.85,67,abrupt_collapse_dynamic,True,820,-20,MISS,0.35,0.8036
0.85,68,stable_dynamic,False,,,QUIET,0.9704,0.9916
0.85,68,noisy_dynamic_recoverable,False,,,QUIET,0.9282,0.9841
0.85,68,critical_slowing_dynamic,True,740,60,EARLY_WARNING,0.2689,0.7447
0.85,68,abrupt_collapse_dynamic,True,800,0,MISS,0.35,0.8002
0.85,69,stable_dynamic,False,,,QUIET,0.9659,0.9944
0.85,69,noisy_dynamic_recoverable,False,,,QUIET,0.9593,0.9912
0.85,69,critical_slowing_dynamic,True,700,100,EARLY_WARNING,0.3457,0.7582
0.85,69,abrupt_collapse_dynamic,True,820,-20,MISS,0.35,0.8053
0.85,70,stable_dynamic,False,,,QUIET,0.9498,0.9888
0.85,70,noisy_dynamic_recoverable,False,,,QUIET,0.9498,0.9882
0.85,70,critical_slowing_dynamic,True,740,60,EARLY_WARNING,0.2688,0.7511
0.85,70,abrupt_collapse_dynamic,True,820,-20,MISS,0.35,0.8003
0.85,71,stable_dynamic,False,,,QUIET,0.9636,0.9919
0.85,71,noisy_dynamic_recoverable,False,,,QUIET,0.8965,0.9821
0.85,71,critical_slowing_dynamic,True,760,40,EARLY_WARNING,0.3279,0.7718
0.85,71,abrupt_collapse_dynamic,True,820,-20,MISS,0.35,0.8023
0.85,72,stable_dynamic,False,,,QUIET,0.9488,0.9873
0.85,72,noisy_dynamic_recoverable,False,,,QUIET,0.9488,0.987
0.85,72,critical_slowing_dynamic,True,760,40,EARLY_WARNING,0.2741,0.7478
0.85,72,abrupt_collapse_dynamic,True,820,-20,MISS,0.35,0.7967
0.85,73,stable_dynamic,False,,,QUIET,0.9502,0.9918
0.85,73,noisy_dynamic_recoverable,False,,,QUIET,0.9424,0.9879
0.85,73,critical_slowing_dynamic,True,760,40,EARLY_WARNING,0.2617,0.757
0.85,73,abrupt_collapse_dynamic,True,820,-20,MISS,0.35,0.7978
0.85,74,stable_dynamic,False,,,QUIET,0.9674,0.991
0.85,74,noisy_dynamic_recoverable,False,,,QUIET,0.9644,0.9891
0.85,74,critical_slowing_dynamic,True,720,80,EARLY_WARNING,0.2849,0.7563
0.85,74,abrupt_collapse_dynamic,True,820,-20,MISS,0.35,0.8004
0.85,75,stable_dynamic,False,,,QUIET,0.9471,0.9918
0.85,75,noisy_dynamic_recoverable,False,,,QUIET,0.9622,0.9905
0.85,75,critical_slowing_dynamic,True,760,40,EARLY_WARNING,0.2687,0.7556
0.85,75,abrupt_collapse_dynamic,True,820,-20,MISS,0.35,0.7998
0.85,76,stable_dynamic,False,,,QUIET,0.9487,0.9923
0.85,76,noisy_dynamic_recoverable,False,,,QUIET,0.9487,0.987
0.85,76,critical_slowing_dynamic,True,720,80,EARLY_WARNING,0.2803,0.7544
0.85,76,abrupt_collapse_dynamic,True,820,-20,MISS,0.35,0.8018
0.85,77,stable_dynamic,False,,,QUIET,0.9715,0.9919
0.85,77,noisy_dynamic_recoverable,False,,,QUIET,0.9534,0.9911
0.85,77,critical_slowing_dynamic,True,760,40,EARLY_WARNING,0.2827,0.7529
0.85,77,abrupt_collapse_dynamic,True,820,-20,MISS,0.35,0.7998
0.85,78,stable_dynamic,False,,,QUIET,0.9439,0.9898
0.85,78,noisy_dynamic_recoverable,False,,,QUIET,0.9083,0.984
0.85,78,critical_slowing_dynamic,True,720,80,EARLY_WARNING,0.2738,0.7524
0.85,78,abrupt_collapse_dynamic,True,820,-20,MISS,0.35,0.7988
0.85,79,stable_dynamic,False,,,QUIET,0.968,0.9919
0.85,79,noisy_dynamic_recoverable,False,,,QUIET,0.9479,0.9895
0.85,79,critical_slowing_dynamic,True,740,60,EARLY_WARNING,0.35,0.7634
0.85,79,abrupt_collapse_dynamic,True,820,-20,MISS,0.35,0.7988
0.85,80,stable_dynamic,False,,,QUIET,0.9482,0.9917
0.85,80,noisy_dynamic_recoverable,False,,,QUIET,0.9209,0.987
0.85,80,critical_slowing_dynamic,True,760,40,EARLY_WARNING,0.2851,0.7676
0.85,80,abrupt_collapse_dynamic,True,820,-20,MISS,0.35,0.8017
0.85,81,stable_dynamic,False,,,QUIET,0.9657,0.9955
0.85,81,noisy_dynamic_recoverable,False,,,QUIET,0.8875,0.9857
0.85,81,critical_slowing_dynamic,True,680,120,EARLY_WARNING,0.3137,0.7526
0.85,81,abrupt_collapse_dynamic,True,820,-20,MISS,0.35,0.8029
0.85,82,stable_dynamic,False,,,QUIET,0.9704,0.9928
0.85,82,noisy_dynamic_recoverable,False,,,QUIET,0.9505,0.9891
0.85,82,critical_slowing_dynamic,True,760,40,EARLY_WARNING,0.2954,0.7508
0.85,82,abrupt_collapse_dynamic,True,820,-20,MISS,0.35,0.8001
0.85,83,stable_dynamic,False,,,QUIET,0.9484,0.99
0.85,83,noisy_dynamic_recoverable,False,,,QUIET,0.9581,0.9901
0.85,83,critical_slowing_dynamic,True,760,40,EARLY_WARNING,0.35,0.7598
0.85,83,abrupt_collapse_dynamic,True,800,0,MISS,0.294,0.7916
0.85,84,stable_dynamic,False,,,QUIET,0.9712,0.9926
0.85,84,noisy_dynamic_recoverable,False,,,QUIET,0.9416,0.9879
0.85,84,critical_slowing_dynamic,True,760,40,EARLY_WARNING,0.3415,0.7598
0.85,84,abrupt_collapse_dynamic,True,800,0,MISS,0.2948,0.7933
0.85,85,stable_dynamic,False,,,QUIET,0.9712,0.9933
0.85,85,noisy_dynamic_recoverable,False,,,QUIET,0.9512,0.9912
0.85,85,critical_slowing_dynamic,True,740,60,EARLY_WARNING,0.3381,0.762
0.85,85,abrupt_collapse_dynamic,True,820,-20,MISS,0.35,0.8023
0.85,86,stable_dynamic,False,,,QUIET,0.9488,0.994
0.85,86,noisy_dynamic_recoverable,False,,,QUIET,0.9332,0.9912
0.85,86,critical_slowing_dynamic,True,760,40,EARLY_WARNING,0.35,0.7625
0.85,86,abrupt_collapse_dynamic,True,800,0,MISS,0.2931,0.7955
0.85,87,stable_dynamic,False,,,QUIET,0.9488,0.9905
0.85,87,noisy_dynamic_recoverable,False,,,QUIET,0.9298,0.9861
0.85,87,critical_slowing_dynamic,True,760,40,EARLY_WARNING,0.35,0.7573
0.85,87,abrupt_collapse_dynamic,True,820,-20,MISS,0.3476,0.7987
0.85,88,stable_dynamic,False,,,QUIET,0.9497,0.9922
0.85,88,noisy_dynamic_recoverable,False,,,QUIET,0.873,0.9817
0.85,88,critical_slowing_dynamic,True,680,120,EARLY_WARNING,0.2749,0.7558
0.85,88,abrupt_collapse_dynamic,True,800,0,MISS,0.2936,0.7966
0.85,89,stable_dynamic,False,,,QUIET,0.9661,0.9901
0.85,89,noisy_dynamic_recoverable,False,,,QUIET,0.9407,0.9853
0.85,89,critical_slowing_dynamic,True,740,60,EARLY_WARNING,0.2615,0.7557
0.85,89,abrupt_collapse_dynamic,True,820,-20,MISS,0.35,0.8005
0.85,90,stable_dynamic,False,,,QUIET,0.9467,0.991
0.85,90,noisy_dynamic_recoverable,False,,,QUIET,0.9467,0.9871
0.85,90,critical_slowing_dynamic,True,760,40,EARLY_WARNING,0.2977,0.7583
0.85,90,abrupt_collapse_dynamic,True,820,-20,MISS,0.35,0.7995
0.85,91,stable_dynamic,False,,,QUIET,0.9487,0.9921
0.85,91,noisy_dynamic_recoverable,False,,,QUIET,0.9487,0.9893
0.85,91,critical_slowing_dynamic,True,760,40,EARLY_WARNING,0.3493,0.7576
0.85,91,abrupt_collapse_dynamic,True,820,-20,MISS,0.35,0.8021
0.85,92,stable_dynamic,False,,,QUIET,0.9667,0.992
0.85,92,noisy_dynamic_recoverable,False,,,QUIET,0.9217,0.9818
0.85,92,critical_slowing_dynamic,True,760,40,EARLY_WARNING,0.2805,0.7507
0.85,92,abrupt_collapse_dynamic,True,800,0,MISS,0.2965,0.795
0.85,93,stable_dynamic,False,,,QUIET,0.9672,0.9896
0.85,93,noisy_dynamic_recoverable,False,,,QUIET,0.9615,0.9884
0.85,93,critical_slowing_dynamic,True,760,40,EARLY_WARNING,0.2645,0.7573
0.85,93,abrupt_collapse_dynamic,True,820,-20,MISS,0.35,0.7998
0.85,94,stable_dynamic,False,,,QUIET,0.9447,0.9897
0.85,94,noisy_dynamic_recoverable,False,,,QUIET,0.9309,0.9865
0.85,94,critical_slowing_dynamic,True,780,20,EARLY_WARNING,0.3481,0.7608
0.85,94,abrupt_collapse_dynamic,True,820,-20,MISS,0.35,0.7996
0.85,95,stable_dynamic,False,,,QUIET,0.9479,0.9898
0.85,95,noisy_dynamic_recoverable,False,,,QUIET,0.9217,0.9849
0.85,95,critical_slowing_dynamic,True,700,100,EARLY_WARNING,0.3343,0.7552
0.85,95,abrupt_collapse_dynamic,True,800,0,MISS,0.2939,0.7929
0.85,96,stable_dynamic,False,,,QUIET,0.9579,0.9918
0.85,96,noisy_dynamic_recoverable,False,,,QUIET,0.9233,0.9845
0.85,96,critical_slowing_dynamic,True,740,60,EARLY_WARNING,0.285,0.7452
0.85,96,abrupt_collapse_dynamic,True,820,-20,MISS,0.35,0.7988
0.85,97,stable_dynamic,False,,,QUIET,0.9675,0.9922
0.85,97,noisy_dynamic_recoverable,False,,,QUIET,0.967,0.9913
0.85,97,critical_slowing_dynamic,True,700,100,EARLY_WARNING,0.3485,0.754
0.85,97,abrupt_collapse_dynamic,True,820,-20,MISS,0.35,0.8034
0.85,98,stable_dynamic,False,,,QUIET,0.9463,0.9863
0.85,98,noisy_dynamic_recoverable,False,,,QUIET,0.9423,0.984
0.85,98,critical_slowing_dynamic,True,700,100,EARLY_WARNING,0.35,0.7461
0.85,98,abrupt_collapse_dynamic,True,820,-20,MISS,0.35,0.7978
0.85,99,stable_dynamic,False,,,QUIET,0.9492,0.9888
0.85,99,noisy_dynamic_recoverable,False,,,QUIET,0.9244,0.9809
0.85,99,critical_slowing_dynamic,True,760,40,EARLY_WARNING,0.2703,0.7498
0.85,99,abrupt_collapse_dynamic,True,800,0,MISS,0.35,0.7952
0.85,100,stable_dynamic,False,,,QUIET,0.9677,0.991
0.85,100,noisy_dynamic_recoverable,False,,,QUIET,0.9397,0.9847
0.85,100,critical_slowing_dynamic,True,740,60,EARLY_WARNING,0.2543,0.7508
0.85,100,abrupt_collapse_dynamic,True,820,-20,MISS,0.35,0.8024
0.9,1,stable_dynamic,False,,,QUIET,0.969,0.9926
0.9,1,noisy_dynamic_recoverable,False,,,QUIET,0.9323,0.9914
0.9,1,critical_slowing_dynamic,True,740,60,EARLY_WARNING,0.2781,0.7606
0.9,1,abrupt_collapse_dynamic,True,800,0,MISS,0.35,0.8002
0.9,2,stable_dynamic,False,,,QUIET,0.9703,0.9933
0.9,2,noisy_dynamic_recoverable,False,,,QUIET,0.9361,0.9871
0.9,2,critical_slowing_dynamic,True,620,180,EARLY_WARNING,0.3335,0.7663
0.9,2,abrupt_collapse_dynamic,True,800,0,MISS,0.2942,0.7943
0.9,3,stable_dynamic,False,,,QUIET,0.967,0.9898
0.9,3,noisy_dynamic_recoverable,False,,,QUIET,0.9372,0.9865
0.9,3,critical_slowing_dynamic,True,680,120,EARLY_WARNING,0.2663,0.7632
0.9,3,abrupt_collapse_dynamic,True,800,0,MISS,0.35,0.8009
0.9,4,stable_dynamic,False,,,QUIET,0.9495,0.9903
0.9,4,noisy_dynamic_recoverable,False,600,200,FALSE_POSITIVE,0.8844,0.9826
0.9,4,critical_slowing_dynamic,True,620,180,EARLY_WARNING,0.3366,0.7619
0.9,4,abrupt_collapse_dynamic,True,800,0,MISS,0.2941,0.7957
0.9,5,stable_dynamic,False,,,QUIET,0.9579,0.9909
0.9,5,noisy_dynamic_recoverable,False,,,QUIET,0.9422,0.9864
0.9,5,critical_slowing_dynamic,True,620,180,EARLY_WARNING,0.2731,0.7523
0.9,5,abrupt_collapse_dynamic,True,800,0,MISS,0.35,0.7981
0.9,6,stable_dynamic,False,,,QUIET,0.9693,0.9927
0.9,6,noisy_dynamic_recoverable,False,,,QUIET,0.9357,0.985
0.9,6,critical_slowing_dynamic,True,660,140,EARLY_WARNING,0.3485,0.753
0.9,6,abrupt_collapse_dynamic,True,800,0,MISS,0.35,0.7987
0.9,7,stable_dynamic,False,,,QUIET,0.9499,0.9915
0.9,7,noisy_dynamic_recoverable,False,,,QUIET,0.912,0.9815
0.9,7,critical_slowing_dynamic,True,760,40,EARLY_WARNING,0.3208,0.7671
0.9,7,abrupt_collapse_dynamic,True,800,0,MISS,0.35,0.7992
0.9,8,stable_dynamic,False,,,QUIET,0.9719,0.9923
0.9,8,noisy_dynamic_recoverable,False,,,QUIET,0.9576,0.9926
0.9,8,critical_slowing_dynamic,True,700,100,EARLY_WARNING,0.3071,0.768
0.9,8,abrupt_collapse_dynamic,True,800,0,MISS,0.2935,0.7929
0.9,9,stable_dynamic,False,,,QUIET,0.9672,0.992
0.9,9,noisy_dynamic_recoverable,False,,,QUIET,0.938,0.9878
0.9,9,critical_slowing_dynamic,True,700,100,EARLY_WARNING,0.2751,0.7602
0.9,9,abrupt_collapse_dynamic,True,800,0,MISS,0.35,0.799
0.9,10,stable_dynamic,False,,,QUIET,0.9707,0.9893
0.9,10,noisy_dynamic_recoverable,False,,,QUIET,0.9439,0.987
0.9,10,critical_slowing_dynamic,True,640,160,EARLY_WARNING,0.3497,0.7678
0.9,10,abrupt_collapse_dynamic,True,800,0,MISS,0.2939,0.7922
0.9,11,stable_dynamic,False,,,QUIET,0.9661,0.9927
0.9,11,noisy_dynamic_recoverable,False,,,QUIET,0.9008,0.9837
0.9,11,critical_slowing_dynamic,True,680,120,EARLY_WARNING,0.2795,0.765
0.9,11,abrupt_collapse_dynamic,True,800,0,MISS,0.35,0.803
0.9,12,stable_dynamic,False,,,QUIET,0.9657,0.9902
0.9,12,noisy_dynamic_recoverable,False,,,QUIET,0.9539,0.9878
0.9,12,critical_slowing_dynamic,True,640,160,EARLY_WARNING,0.3456,0.7644
0.9,12,abrupt_collapse_dynamic,True,800,0,MISS,0.35,0.8004
0.9,13,stable_dynamic,False,,,QUIET,0.9704,0.9918
0.9,13,noisy_dynamic_recoverable,False,,,QUIET,0.9578,0.991
0.9,13,critical_slowing_dynamic,True,720,80,EARLY_WARNING,0.2594,0.7559
0.9,13,abrupt_collapse_dynamic,True,800,0,MISS,0.2943,0.7948
0.9,14,stable_dynamic,False,,,QUIET,0.9683,0.9931
0.9,14,noisy_dynamic_recoverable,False,,,QUIET,0.9465,0.9883
0.9,14,critical_slowing_dynamic,True,660,140,EARLY_WARNING,0.3265,0.7688
0.9,14,abrupt_collapse_dynamic,True,800,0,MISS,0.35,0.8013
0.9,15,stable_dynamic,False,,,QUIET,0.9495,0.9858
0.9,15,noisy_dynamic_recoverable,False,,,QUIET,0.923,0.9808
0.9,15,critical_slowing_dynamic,True,640,160,EARLY_WARNING,0.3296,0.7617
0.9,15,abrupt_collapse_dynamic,True,800,0,MISS,0.35,0.7969
0.9,16,stable_dynamic,False,,,QUIET,0.9687,0.9911
0.9,16,noisy_dynamic_recoverable,False,,,QUIET,0.9603,0.9913
0.9,16,critical_slowing_dynamic,True,760,40,EARLY_WARNING,0.35,0.7598
0.9,16,abrupt_collapse_dynamic,True,800,0,MISS,0.2926,0.7926
0.9,17,stable_dynamic,False,,,QUIET,0.9494,0.9932
0.9,17,noisy_dynamic_recoverable,False,,,QUIET,0.9487,0.9884
0.9,17,critical_slowing_dynamic,True,680,120,EARLY_WARNING,0.2671,0.7461
0.9,17,abrupt_collapse_dynamic,True,800,0,MISS,0.35,0.8017
0.9,18,stable_dynamic,False,,,QUIET,0.9705,0.9938
0.9,18,noisy_dynamic_recoverable,False,,,QUIET,0.946,0.99
0.9,18,critical_slowing_dynamic,True,700,100,EARLY_WARNING,0.2764,0.7636
0.9,18,abrupt_collapse_dynamic,True,800,0,MISS,0.35,0.8028
0.9,19,stable_dynamic,False,,,QUIET,0.9688,0.9939
0.9,19,noisy_dynamic_recoverable,False,,,QUIET,0.9688,0.994
0.9,19,critical_slowing_dynamic,True,640,160,EARLY_WARNING,0.2719,0.7611
0.9,19,abrupt_collapse_dynamic,True,800,0,MISS,0.35,0.8027
0.9,20,stable_dynamic,False,,,QUIET,0.9676,0.9924
0.9,20,noisy_dynamic_recoverable,False,,,QUIET,0.9372,0.9848
0.9,20,critical_slowing_dynamic,True,740,60,EARLY_WARNING,0.35,0.754
0.9,20,abrupt_collapse_dynamic,True,800,0,MISS,0.35,0.8025
0.9,21,stable_dynamic,False,,,QUIET,0.9484,0.9914
0.9,21,noisy_dynamic_recoverable,False,,,QUIET,0.9116,0.9828
0.9,21,critical_slowing_dynamic,True,640,160,EARLY_WARNING,0.2708,0.7454
0.9,21,abrupt_collapse_dynamic,True,800,0,MISS,0.2931,0.7931
0.9,22,stable_dynamic,False,,,QUIET,0.9654,0.9924
0.9,22,noisy_dynamic_recoverable,False,,,QUIET,0.9567,0.9893
0.9,22,critical_slowing_dynamic,True,700,100,EARLY_WARNING,0.3026,0.7643
0.9,22,abrupt_collapse_dynamic,True,800,0,MISS,0.35,0.8025
0.9,23,stable_dynamic,False,,,QUIET,0.9712,0.9941
0.9,23,noisy_dynamic_recoverable,False,,,QUIET,0.9305,0.9907
0.9,23,critical_slowing_dynamic,True,700,100,EARLY_WARNING,0.2726,0.7626
0.9,23,abrupt_collapse_dynamic,True,800,0,MISS,0.35,0.8023
0.9,24,stable_dynamic,False,,,QUIET,0.9491,0.9896
0.9,24,noisy_dynamic_recoverable,False,,,QUIET,0.9491,0.9849
0.9,24,critical_slowing_dynamic,True,620,180,EARLY_WARNING,0.3385,0.7685
0.9,24,abrupt_collapse_dynamic,True,800,0,MISS,0.2937,0.7952
0.9,25,stable_dynamic,False,,,QUIET,0.9497,0.985
0.9,25,noisy_dynamic_recoverable,False,,,QUIET,0.9193,0.9763
0.9,25,critical_slowing_dynamic,True,760,40,EARLY_WARNING,0.2852,0.7606
0.9,25,abrupt_collapse_dynamic,True,800,0,MISS,0.2933,0.7898
0.9,26,stable_dynamic,False,,,QUIET,0.9706,0.9936
0.9,26,noisy_dynamic_recoverable,False,,,QUIET,0.9398,0.9933
0.9,26,critical_slowing_dynamic,True,720,80,EARLY_WARNING,0.35,0.7726
0.9,26,abrupt_collapse_dynamic,True,800,0,MISS,0.35,0.8016
0.9,27,stable_dynamic,False,,,QUIET,0.9486,0.9926
0.9,27,noisy_dynamic_recoverable,False,,,QUIET,0.9504,0.9919
0.9,27,critical_slowing_dynamic,True,680,120,EARLY_WARNING,0.35,0.7652
0.9,27,abrupt_collapse_dynamic,True,800,0,MISS,0.296,0.7936
0.9,28,stable_dynamic,False,,,QUIET,0.9685,0.9915
0.9,28,noisy_dynamic_recoverable,False,,,QUIET,0.9395,0.9919
0.9,28,critical_slowing_dynamic,True,760,40,EARLY_WARNING,0.2679,0.7624
0.9,28,abrupt_collapse_dynamic,True,800,0,MISS,0.35,0.8001
0.9,29,stable_dynamic,False,,,QUIET,0.971,0.9953
0.9,29,noisy_dynamic_recoverable,False,,,QUIET,0.9286,0.9846
0.9,29,critical_slowing_dynamic,True,720,80,EARLY_WARNING,0.311,0.7629
0.9,29,abrupt_collapse_dynamic,True,800,0,MISS,0.35,0.8015
0.9,30,stable_dynamic,False,,,QUIET,0.9673,0.9912
0.9,30,noisy_dynamic_recoverable,False,,,QUIET,0.9306,0.9809
0.9,30,critical_slowing_dynamic,True,680,120,EARLY_WARNING,0.2779,0.7495
0.9,30,abrupt_collapse_dynamic,True,800,0,MISS,0.35,0.802
0.9,31,stable_dynamic,False,,,QUIET,0.9477,0.993
0.9,31,noisy_dynamic_recoverable,False,,,QUIET,0.9467,0.9877
0.9,31,critical_slowing_dynamic,True,520,280,EARLY_WARNING,0.2631,0.7553
0.9,31,abrupt_collapse_dynamic,True,800,0,MISS,0.35,0.8008
0.9,32,stable_dynamic,False,,,QUIET,0.9673,0.9902
0.9,32,noisy_dynamic_recoverable,False,,,QUIET,0.9413,0.986
0.9,32,critical_slowing_dynamic,True,620,180,EARLY_WARNING,0.2674,0.7466
0.9,32,abrupt_collapse_dynamic,True,800,0,MISS,0.2976,0.7929
0.9,33,stable_dynamic,False,,,QUIET,0.9469,0.9907
0.9,33,noisy_dynamic_recoverable,False,,,QUIET,0.9317,0.9832
0.9,33,critical_slowing_dynamic,True,740,60,EARLY_WARNING,0.2674,0.7585
0.9,33,abrupt_collapse_dynamic,True,800,0,MISS,0.35,0.8015
0.9,34,stable_dynamic,False,,,QUIET,0.9503,0.9889
0.9,34,noisy_dynamic_recoverable,False,,,QUIET,0.9579,0.9908
0.9,34,critical_slowing_dynamic,True,700,100,EARLY_WARNING,0.3378,0.771
0.9,34,abrupt_collapse_dynamic,True,800,0,MISS,0.35,0.7996
0.9,35,stable_dynamic,False,,,QUIET,0.9521,0.9912
0.9,35,noisy_dynamic_recoverable,False,,,QUIET,0.9506,0.9877
0.9,35,critical_slowing_dynamic,True,700,100,EARLY_WARNING,0.3336,0.7619
0.9,35,abrupt_collapse_dynamic,True,800,0,MISS,0.35,0.8001
0.9,36,stable_dynamic,False,,,QUIET,0.949,0.993
0.9,36,noisy_dynamic_recoverable,False,,,QUIET,0.9329,0.9885
0.9,36,critical_slowing_dynamic,True,700,100,EARLY_WARNING,0.3203,0.7606
0.9,36,abrupt_collapse_dynamic,True,800,0,MISS,0.35,0.8003
0.9,37,stable_dynamic,False,,,QUIET,0.9493,0.9914
0.9,37,noisy_dynamic_recoverable,False,,,QUIET,0.9493,0.9873
0.9,37,critical_slowing_dynamic,True,580,220,EARLY_WARNING,0.2657,0.7546
0.9,37,abrupt_collapse_dynamic,True,800,0,MISS,0.35,0.8022
0.9,38,stable_dynamic,False,,,QUIET,0.9518,0.9927
0.9,38,noisy_dynamic_recoverable,False,,,QUIET,0.9494,0.9878
0.9,38,critical_slowing_dynamic,True,720,80,EARLY_WARNING,0.2708,0.7583
0.9,38,abrupt_collapse_dynamic,True,800,0,MISS,0.35,0.8034
0.9,39,stable_dynamic,False,,,QUIET,0.9487,0.9913
0.9,39,noisy_dynamic_recoverable,False,,,QUIET,0.9449,0.9869
0.9,39,critical_slowing_dynamic,True,620,180,EARLY_WARNING,0.3415,0.758
0.9,39,abrupt_collapse_dynamic,True,800,0,MISS,0.35,0.8004
0.9,40,stable_dynamic,False,,,QUIET,0.9901,0.9978
0.9,40,noisy_dynamic_recoverable,False,,,QUIET,0.9571,0.9933
0.9,40,critical_slowing_dynamic,True,720,80,EARLY_WARNING,0.3459,0.7666
0.9,40,abrupt_collapse_dynamic,True,800,0,MISS,0.35,0.8059
0.9,41,stable_dynamic,False,,,QUIET,0.9484,0.989
0.9,41,noisy_dynamic_recoverable,False,,,QUIET,0.9152,0.9872
0.9,41,critical_slowing_dynamic,True,620,180,EARLY_WARNING,0.35,0.7602
0.9,41,abrupt_collapse_dynamic,True,800,0,MISS,0.35,0.7972
0.9,42,stable_dynamic,False,,,QUIET,0.9498,0.9921
0.9,42,noisy_dynamic_recoverable,False,,,QUIET,0.9498,0.9923
0.9,42,critical_slowing_dynamic,True,740,60,EARLY_WARNING,0.35,0.7559
0.9,42,abrupt_collapse_dynamic,True,800,0,MISS,0.293,0.7948
0.9,43,stable_dynamic,False,,,QUIET,0.9648,0.9931
0.9,43,noisy_dynamic_recoverable,False,,,QUIET,0.9249,0.9894
0.9,43,critical_slowing_dynamic,True,660,140,EARLY_WARNING,0.2915,0.7527
0.9,43,abrupt_collapse_dynamic,True,800,0,MISS,0.2945,0.7963
0.9,44,stable_dynamic,False,,,QUIET,0.9705,0.994
0.9,44,noisy_dynamic_recoverable,False,,,QUIET,0.9635,0.9927
0.9,44,critical_slowing_dynamic,True,740,60,EARLY_WARNING,0.35,0.761
0.9,44,abrupt_collapse_dynamic,True,800,0,MISS,0.35,0.8023
0.9,45,stable_dynamic,False,,,QUIET,0.9713,0.9946
0.9,45,noisy_dynamic_recoverable,False,,,QUIET,0.9176,0.9869
0.9,45,critical_slowing_dynamic,True,680,120,EARLY_WARNING,0.277,0.7655
0.9,45,abrupt_collapse_dynamic,True,800,0,MISS,0.35,0.8011
0.9,46,stable_dynamic,False,,,QUIET,0.9488,0.9869
0.9,46,noisy_dynamic_recoverable,False,,,QUIET,0.933,0.9831
0.9,46,critical_slowing_dynamic,True,680,120,EARLY_WARNING,0.2784,0.7555
0.9,46,abrupt_collapse_dynamic,True,800,0,MISS,0.35,0.7968
0.9,47,stable_dynamic,False,,,QUIET,0.9651,0.9893
0.9,47,noisy_dynamic_recoverable,False,,,QUIET,0.9219,0.9832
0.9,47,critical_slowing_dynamic,True,700,100,EARLY_WARNING,0.2613,0.7602
0.9,47,abrupt_collapse_dynamic,True,800,0,MISS,0.35,0.7996
0.9,48,stable_dynamic,False,,,QUIET,0.9702,0.9902
0.9,48,noisy_dynamic_recoverable,False,,,QUIET,0.9022,0.9856
0.9,48,critical_slowing_dynamic,True,640,160,EARLY_WARNING,0.2782,0.752
0.9,48,abrupt_collapse_dynamic,True,800,0,MISS,0.35,0.7998
0.9,49,stable_dynamic,False,,,QUIET,0.9512,0.9917
0.9,49,noisy_dynamic_recoverable,False,,,QUIET,0.9416,0.987
0.9,49,critical_slowing_dynamic,True,700,100,EARLY_WARNING,0.2843,0.7601
0.9,49,abrupt_collapse_dynamic,True,800,0,MISS,0.2968,0.7943
0.9,50,stable_dynamic,False,,,QUIET,0.9494,0.9921
0.9,50,noisy_dynamic_recoverable,False,,,QUIET,0.9288,0.9858
0.9,50,critical_slowing_dynamic,True,740,60,EARLY_WARNING,0.3035,0.7647
0.9,50,abrupt_collapse_dynamic,True,800,0,MISS,0.2932,0.7936
0.9,51,stable_dynamic,False,,,QUIET,0.9505,0.9942
0.9,51,noisy_dynamic_recoverable,False,,,QUIET,0.9263,0.9862
0.9,51,critical_slowing_dynamic,True,700,100,EARLY_WARNING,0.2682,0.7416
0.9,51,abrupt_collapse_dynamic,True,800,0,MISS,0.35,0.8008
0.9,52,stable_dynamic,False,,,QUIET,0.9504,0.991
0.9,52,noisy_dynamic_recoverable,False,,,QUIET,0.9504,0.9864
0.9,52,critical_slowing_dynamic,True,700,100,EARLY_WARNING,0.286,0.7487
0.9,52,abrupt_collapse_dynamic,True,800,0,MISS,0.35,0.8026
0.9,53,stable_dynamic,False,,,QUIET,0.9482,0.9877
0.9,53,noisy_dynamic_recoverable,False,,,QUIET,0.9474,0.9875
0.9,53,critical_slowing_dynamic,True,760,40,EARLY_WARNING,0.3443,0.7664
0.9,53,abrupt_collapse_dynamic,True,800,0,MISS,0.35,0.7966
0.9,54,stable_dynamic,False,,,QUIET,0.9692,0.994
0.9,54,noisy_dynamic_recoverable,False,,,QUIET,0.9692,0.9953
0.9,54,critical_slowing_dynamic,True,700,100,EARLY_WARNING,0.3277,0.7647
0.9,54,abrupt_collapse_dynamic,True,800,0,MISS,0.35,0.8028
0.9,55,stable_dynamic,False,,,QUIET,0.9574,0.9883
0.9,55,noisy_dynamic_recoverable,False,,,QUIET,0.9574,0.9884
0.9,55,critical_slowing_dynamic,True,700,100,EARLY_WARNING,0.3477,0.7647
0.9,55,abrupt_collapse_dynamic,True,800,0,MISS,0.35,0.798
0.9,56,stable_dynamic,False,,,QUIET,0.9706,0.9951
0.9,56,noisy_dynamic_recoverable,False,,,QUIET,0.9359,0.9895
0.9,56,critical_slowing_dynamic,True,720,80,EARLY_WARNING,0.2604,0.7603
0.9,56,abrupt_collapse_dynamic,True,800,0,MISS,0.35,0.8024
0.9,57,stable_dynamic,False,,,QUIET,0.9522,0.9918
0.9,57,noisy_dynamic_recoverable,False,,,QUIET,0.9331,0.9868
0.9,57,critical_slowing_dynamic,True,720,80,EARLY_WARNING,0.3469,0.767
0.9,57,abrupt_collapse_dynamic,True,800,0,MISS,0.35,0.801
0.9,58,stable_dynamic,False,,,QUIET,0.9682,0.9921
0.9,58,noisy_dynamic_recoverable,False,,,QUIET,0.9307,0.9809
0.9,58,critical_slowing_dynamic,True,720,80,EARLY_WARNING,0.29,0.7481
0.9,58,abrupt_collapse_dynamic,True,800,0,MISS,0.35,0.8001
0.9,59,stable_dynamic,False,,,QUIET,0.9515,0.9933
0.9,59,noisy_dynamic_recoverable,False,,,QUIET,0.9528,0.9907
0.9,59,critical_slowing_dynamic,True,640,160,EARLY_WARNING,0.2918,0.7594
0.9,59,abrupt_collapse_dynamic,True,800,0,MISS,0.35,0.8016
0.9,60,stable_dynamic,False,,,QUIET,0.9655,0.9936
0.9,60,noisy_dynamic_recoverable,False,,,QUIET,0.9016,0.9876
0.9,60,critical_slowing_dynamic,True,680,120,EARLY_WARNING,0.2875,0.7522
0.9,60,abrupt_collapse_dynamic,True,800,0,MISS,0.35,0.7999
0.9,61,stable_dynamic,False,,,QUIET,0.9484,0.989
0.9,61,noisy_dynamic_recoverable,False,,,QUIET,0.9104,0.9835
0.9,61,critical_slowing_dynamic,True,700,100,EARLY_WARNING,0.2753,0.7587
0.9,61,abrupt_collapse_dynamic,True,800,0,MISS,0.35,0.796
0.9,62,stable_dynamic,False,,,QUIET,0.9675,0.9937
0.9,62,noisy_dynamic_recoverable,False,,,QUIET,0.9046,0.9844
0.9,62,critical_slowing_dynamic,True,580,220,EARLY_WARNING,0.2836,0.7453
0.9,62,abrupt_collapse_dynamic,True,800,0,MISS,0.35,0.8019
0.9,63,stable_dynamic,False,,,QUIET,0.9705,0.9948
0.9,63,noisy_dynamic_recoverable,False,,,QUIET,0.9598,0.9918
0.9,63,critical_slowing_dynamic,True,680,120,EARLY_WARNING,0.2545,0.7574
0.9,63,abrupt_collapse_dynamic,True,800,0,MISS,0.35,0.8014
0.9,64,stable_dynamic,False,,,QUIET,0.9701,0.994
0.9,64,noisy_dynamic_recoverable,False,,,QUIET,0.9388,0.9902
0.9,64,critical_slowing_dynamic,True,660,140,EARLY_WARNING,0.2829,0.7616
0.9,64,abrupt_collapse_dynamic,True,800,0,MISS,0.35,0.8037
0.9,65,stable_dynamic,False,,,QUIET,0.9483,0.9902
0.9,65,noisy_dynamic_recoverable,False,,,QUIET,0.9192,0.9847
0.9,65,critical_slowing_dynamic,True,580,220,EARLY_WARNING,0.2676,0.7372
0.9,65,abrupt_collapse_dynamic,True,800,0,MISS,0.2949,0.7907
0.9,66,stable_dynamic,False,,,QUIET,0.9675,0.9951
0.9,66,noisy_dynamic_recoverable,False,,,QUIET,0.9652,0.9904
0.9,66,critical_slowing_dynamic,True,680,120,EARLY_WARNING,0.35,0.7603
0.9,66,abrupt_collapse_dynamic,True,800,0,MISS,0.2946,0.796
0.9,67,stable_dynamic,False,,,QUIET,0.9716,0.9938
0.9,67,noisy_dynamic_recoverable,False,,,QUIET,0.9285,0.9867
0.9,67,critical_slowing_dynamic,True,680,120,EARLY_WARNING,0.35,0.7694
0.9,67,abrupt_collapse_dynamic,True,800,0,MISS,0.35,0.8036
0.9,68,stable_dynamic,False,,,QUIET,0.9704,0.9916
0.9,68,noisy_dynamic_recoverable,False,,,QUIET,0.9282,0.9841
0.9,68,critical_slowing_dynamic,True,620,180,EARLY_WARNING,0.2689,0.7447
0.9,68,abrupt_collapse_dynamic,True,800,0,MISS,0.35,0.8002
0.9,69,stable_dynamic,False,,,QUIET,0.9659,0.9944
0.9,69,noisy_dynamic_recoverable,False,,,QUIET,0.9593,0.9912
0.9,69,critical_slowing_dynamic,True,660,140,EARLY_WARNING,0.3457,0.7582
0.9,69,abrupt_collapse_dynamic,True,800,0,MISS,0.35,0.8053
0.9,70,stable_dynamic,False,,,QUIET,0.9498,0.9888
0.9,70,noisy_dynamic_recoverable,False,,,QUIET,0.9498,0.9882
0.9,70,critical_slowing_dynamic,True,680,120,EARLY_WARNING,0.2688,0.7511
0.9,70,abrupt_collapse_dynamic,True,800,0,MISS,0.35,0.8003
0.9,71,stable_dynamic,False,,,QUIET,0.9636,0.9919
0.9,71,noisy_dynamic_recoverable,False,620,180,FALSE_POSITIVE,0.8965,0.9821
0.9,71,critical_slowing_dynamic,True,740,60,EARLY_WARNING,0.3279,0.7718
0.9,71,abrupt_collapse_dynamic,True,800,0,MISS,0.35,0.8023
0.9,72,stable_dynamic,False,,,QUIET,0.9488,0.9873
0.9,72,noisy_dynamic_recoverable,False,,,QUIET,0.9488,0.987
0.9,72,critical_slowing_dynamic,True,600,200,EARLY_WARNING,0.2741,0.7478
0.9,72,abrupt_collapse_dynamic,True,800,0,MISS,0.35,0.7967
0.9,73,stable_dynamic,False,,,QUIET,0.9502,0.9918
0.9,73,noisy_dynamic_recoverable,False,,,QUIET,0.9424,0.9879
0.9,73,critical_slowing_dynamic,True,720,80,EARLY_WARNING,0.2617,0.757
0.9,73,abrupt_collapse_dynamic,True,800,0,MISS,0.35,0.7978
0.9,74,stable_dynamic,False,,,QUIET,0.9674,0.991
0.9,74,noisy_dynamic_recoverable,False,,,QUIET,0.9644,0.9891
0.9,74,critical_slowing_dynamic,True,700,100,EARLY_WARNING,0.2849,0.7563
0.9,74,abrupt_collapse_dynamic,True,800,0,MISS,0.35,0.8004
0.9,75,stable_dynamic,False,,,QUIET,0.9471,0.9918
0.9,75,noisy_dynamic_recoverable,False,,,QUIET,0.9622,0.9905
0.9,75,critical_slowing_dynamic,True,640,160,EARLY_WARNING,0.2687,0.7556
0.9,75,abrupt_collapse_dynamic,True,800,0,MISS,0.35,0.7998
0.9,76,stable_dynamic,False,,,QUIET,0.9487,0.9923
0.9,76,noisy_dynamic_recoverable,False,,,QUIET,0.9487,0.987
0.9,76,critical_slowing_dynamic,True,700,100,EARLY_WARNING,0.2803,0.7544
0.9,76,abrupt_collapse_dynamic,True,800,0,MISS,0.35,0.8018
0.9,77,stable_dynamic,False,,,QUIET,0.9715,0.9919
0.9,77,noisy_dynamic_recoverable,False,,,QUIET,0.9534,0.9911
0.9,77,critical_slowing_dynamic,True,660,140,EARLY_WARNING,0.2827,0.7529
0.9,77,abrupt_collapse_dynamic,True,800,0,MISS,0.35,0.7998
0.9,78,stable_dynamic,False,,,QUIET,0.9439,0.9898
0.9,78,noisy_dynamic_recoverable,False,,,QUIET,0.9083,0.984
0.9,78,critical_slowing_dynamic,True,660,140,EARLY_WARNING,0.2738,0.7524
0.9,78,abrupt_collapse_dynamic,True,800,0,MISS,0.35,0.7988
0.9,79,stable_dynamic,False,,,QUIET,0.968,0.9919
0.9,79,noisy_dynamic_recoverable,False,,,QUIET,0.9479,0.9895
0.9,79,critical_slowing_dynamic,True,600,200,EARLY_WARNING,0.35,0.7634
0.9,79,abrupt_collapse_dynamic,True,800,0,MISS,0.35,0.7988
0.9,80,stable_dynamic,False,,,QUIET,0.9482,0.9917
0.9,80,noisy_dynamic_recoverable,False,,,QUIET,0.9209,0.987
0.9,80,critical_slowing_dynamic,True,700,100,EARLY_WARNING,0.2851,0.7676
0.9,80,abrupt_collapse_dynamic,True,800,0,MISS,0.35,0.8017
0.9,81,stable_dynamic,False,,,QUIET,0.9657,0.9955
0.9,81,noisy_dynamic_recoverable,False,540,260,FALSE_POSITIVE,0.8875,0.9857
0.9,81,critical_slowing_dynamic,True,620,180,EARLY_WARNING,0.3137,0.7526
0.9,81,abrupt_collapse_dynamic,True,800,0,MISS,0.35,0.8029
0.9,82,stable_dynamic,False,,,QUIET,0.9704,0.9928
0.9,82,noisy_dynamic_recoverable,False,,,QUIET,0.9505,0.9891
0.9,82,critical_slowing_dynamic,True,680,120,EARLY_WARNING,0.2954,0.7508
0.9,82,abrupt_collapse_dynamic,True,800,0,MISS,0.35,0.8001
0.9,83,stable_dynamic,False,,,QUIET,0.9484,0.99
0.9,83,noisy_dynamic_recoverable,False,,,QUIET,0.9581,0.9901
0.9,83,critical_slowing_dynamic,True,700,100,EARLY_WARNING,0.35,0.7598
0.9,83,abrupt_collapse_dynamic,True,800,0,MISS,0.294,0.7916
0.9,84,stable_dynamic,False,,,QUIET,0.9712,0.9926
0.9,84,noisy_dynamic_recoverable,False,,,QUIET,0.9416,0.9879
0.9,84,critical_slowing_dynamic,True,740,60,EARLY_WARNING,0.3415,0.7598
0.9,84,abrupt_collapse_dynamic,True,800,0,MISS,0.2948,0.7933
0.9,85,stable_dynamic,False,,,QUIET,0.9712,0.9933
0.9,85,noisy_dynamic_recoverable,False,,,QUIET,0.9512,0.9912
0.9,85,critical_slowing_dynamic,True,680,120,EARLY_WARNING,0.3381,0.762
0.9,85,abrupt_collapse_dynamic,True,800,0,MISS,0.35,0.8023
0.9,86,stable_dynamic,False,,,QUIET,0.9488,0.994
0.9,86,noisy_dynamic_recoverable,False,,,QUIET,0.9332,0.9912
0.9,86,critical_slowing_dynamic,True,660,140,EARLY_WARNING,0.35,0.7625
0.9,86,abrupt_collapse_dynamic,True,800,0,MISS,0.2931,0.7955
0.9,87,stable_dynamic,False,,,QUIET,0.9488,0.9905
0.9,87,noisy_dynamic_recoverable,False,,,QUIET,0.9298,0.9861
0.9,87,critical_slowing_dynamic,True,640,160,EARLY_WARNING,0.35,0.7573
0.9,87,abrupt_collapse_dynamic,True,800,0,MISS,0.3476,0.7987
0.9,88,stable_dynamic,False,,,QUIET,0.9497,0.9922
0.9,88,noisy_dynamic_recoverable,False,420,380,FALSE_POSITIVE,0.873,0.9817
0.9,88,critical_slowing_dynamic,True,660,140,EARLY_WARNING,0.2749,0.7558
0.9,88,abrupt_collapse_dynamic,True,800,0,MISS,0.2936,0.7966
0.9,89,stable_dynamic,False,,,QUIET,0.9661,0.9901
0.9,89,noisy_dynamic_recoverable,False,,,QUIET,0.9407,0.9853
0.9,89,critical_slowing_dynamic,True,680,120,EARLY_WARNING,0.2615,0.7557
0.9,89,abrupt_collapse_dynamic,True,800,0,MISS,0.35,0.8005
0.9,90,stable_dynamic,False,,,QUIET,0.9467,0.991
0.9,90,noisy_dynamic_recoverable,False,,,QUIET,0.9467,0.9871
0.9,90,critical_slowing_dynamic,True,680,120,EARLY_WARNING,0.2977,0.7583
0.9,90,abrupt_collapse_dynamic,True,800,0,MISS,0.35,0.7995
0.9,91,stable_dynamic,False,,,QUIET,0.9487,0.9921
0.9,91,noisy_dynamic_recoverable,False,,,QUIET,0.9487,0.9893
0.9,91,critical_slowing_dynamic,True,680,120,EARLY_WARNING,0.3493,0.7576
0.9,91,abrupt_collapse_dynamic,True,800,0,MISS,0.35,0.8021
0.9,92,stable_dynamic,False,,,QUIET,0.9667,0.992
0.9,92,noisy_dynamic_recoverable,False,,,QUIET,0.9217,0.9818
0.9,92,critical_slowing_dynamic,True,620,180,EARLY_WARNING,0.2805,0.7507
0.9,92,abrupt_collapse_dynamic,True,800,0,MISS,0.2965,0.795
0.9,93,stable_dynamic,False,,,QUIET,0.9672,0.9896
0.9,93,noisy_dynamic_recoverable,False,,,QUIET,0.9615,0.9884
0.9,93,critical_slowing_dynamic,True,740,60,EARLY_WARNING,0.2645,0.7573
0.9,93,abrupt_collapse_dynamic,True,800,0,MISS,0.35,0.7998
0.9,94,stable_dynamic,False,,,QUIET,0.9447,0.9897
0.9,94,noisy_dynamic_recoverable,False,,,QUIET,0.9309,0.9865
0.9,94,critical_slowing_dynamic,True,620,180,EARLY_WARNING,0.3481,0.7608
0.9,94,abrupt_collapse_dynamic,True,800,0,MISS,0.35,0.7996
0.9,95,stable_dynamic,False,,,QUIET,0.9479,0.9898
0.9,95,noisy_dynamic_recoverable,False,,,QUIET,0.9217,0.9849
0.9,95,critical_slowing_dynamic,True,640,160,EARLY_WARNING,0.3343,0.7552
0.9,95,abrupt_collapse_dynamic,True,800,0,MISS,0.2939,0.7929
0.9,96,stable_dynamic,False,,,QUIET,0.9579,0.9918
0.9,96,noisy_dynamic_recoverable,False,,,QUIET,0.9233,0.9845
0.9,96,critical_slowing_dynamic,True,680,120,EARLY_WARNING,0.285,0.7452
0.9,96,abrupt_collapse_dynamic,True,800,0,MISS,0.35,0.7988
0.9,97,stable_dynamic,False,,,QUIET,0.9675,0.9922
0.9,97,noisy_dynamic_recoverable,False,,,QUIET,0.967,0.9913
0.9,97,critical_slowing_dynamic,True,660,140,EARLY_WARNING,0.3485,0.754
0.9,97,abrupt_collapse_dynamic,True,800,0,MISS,0.35,0.8034
0.9,98,stable_dynamic,False,,,QUIET,0.9463,0.9863
0.9,98,noisy_dynamic_recoverable,False,,,QUIET,0.9423,0.984
0.9,98,critical_slowing_dynamic,True,680,120,EARLY_WARNING,0.35,0.7461
0.9,98,abrupt_collapse_dynamic,True,800,0,MISS,0.35,0.7978
0.9,99,stable_dynamic,False,,,QUIET,0.9492,0.9888
0.9,99,noisy_dynamic_recoverable,False,,,QUIET,0.9244,0.9809
0.9,99,critical_slowing_dynamic,True,660,140,EARLY_WARNING,0.2703,0.7498
0.9,99,abrupt_collapse_dynamic,True,800,0,MISS,0.35,0.7952
0.9,100,stable_dynamic,False,,,QUIET,0.9677,0.991
0.9,100,noisy_dynamic_recoverable,False,,,QUIET,0.9397,0.9847
0.9,100,critical_slowing_dynamic,True,680,120,EARLY_WARNING,0.2543,0.7508
0.9,100,abrupt_collapse_dynamic,True,800,0,MISS,0.35,0.8024
