system,step,shared_future,fragmentation,coherence,survivability
competitive,0,0.452,0.242,1.0,0.91044
competitive,1,0.404,0.284,1.0,0.89988
competitive,2,0.356,0.326,1.0,0.88932
competitive,3,0.308,0.368,1.0,0.87876
competitive,4,0.26,0.41,1.0,0.8682
competitive,5,0.212,0.452,1.0,0.857365
competitive,6,0.1715,0.494,1.0,0.84533
competitive,7,0.131,0.536,1.0,0.833845
competitive,8,0.09775,0.578,1.0,0.820513
competitive,9,0.0725,0.62,1.0,0.80975
competitive,10,0.05525,0.662,1.0,0.800182
competitive,11,0.038,0.70075,1.0,0.790455
competitive,12,0.02625,0.741,1.0,0.781317
competitive,13,0.0125,0.7795,1.0,0.771335
competitive,14,0.01125,0.81025,1.0,0.767157
competitive,15,0.00725,0.8435,1.0,0.761607
competitive,16,0.00725,0.8735,1.0,0.758007
competitive,17,0.00325,0.90325,1.0,0.752877
competitive,18,0.00125,0.92875,1.0,0.749037
competitive,19,0.0,0.95025,1.0,0.74597
competitive,20,0.0,0.9635,1.0,0.74438
competitive,21,0.0,0.9715,1.0,0.74342
competitive,22,0.0,0.97425,1.0,0.74309
competitive,23,0.0,0.977,1.0,0.74276
competitive,24,0.0,0.9875,1.0,0.7415
competitive,25,0.0,0.99375,1.0,0.74075
competitive,26,0.0,1.0,1.0,0.74
competitive,27,0.0,1.0,1.0,0.74
competitive,28,0.0,1.0,1.0,0.74
competitive,29,0.0,1.0,1.0,0.74
competitive,30,0.0,1.0,1.0,0.74
competitive,31,0.0,1.0,1.0,0.74
competitive,32,0.0,1.0,1.0,0.74
competitive,33,0.0,1.0,1.0,0.74
competitive,34,0.0,1.0,1.0,0.74
competitive,35,0.0,1.0,1.0,0.74
competitive,36,0.0,1.0,1.0,0.74
competitive,37,0.0,1.0,1.0,0.74
competitive,38,0.0,1.0,1.0,0.74
competitive,39,0.0,1.0,1.0,0.74
competitive,40,0.0,1.0,1.0,0.74
competitive,41,0.0,1.0,1.0,0.74
competitive,42,0.0,1.0,1.0,0.74
competitive,43,0.0,1.0,1.0,0.74
competitive,44,0.0,1.0,1.0,0.74
competitive,45,0.0,1.0,1.0,0.74
competitive,46,0.0,1.0,1.0,0.74
competitive,47,0.0,1.0,1.0,0.74
competitive,48,0.0,1.0,1.0,0.74
competitive,49,0.0,1.0,1.0,0.74
competitive,50,0.0,1.0,1.0,0.74
competitive,51,0.0,1.0,1.0,0.74
competitive,52,0.0,1.0,1.0,0.74
competitive,53,0.0,1.0,1.0,0.74
competitive,54,0.0,1.0,1.0,0.74
competitive,55,0.0,1.0,1.0,0.74
competitive,56,0.0,1.0,1.0,0.74
competitive,57,0.0,1.0,1.0,0.74
competitive,58,0.0,1.0,1.0,0.74
competitive,59,0.0,1.0,1.0,0.74
competitive,60,0.0,1.0,1.0,0.74
competitive,61,0.0,1.0,1.0,0.74
competitive,62,0.0,1.0,1.0,0.74
competitive,63,0.0,1.0,1.0,0.74
competitive,64,0.0,1.0,1.0,0.74
competitive,65,0.0,1.0,1.0,0.74
competitive,66,0.0,1.0,1.0,0.74
competitive,67,0.0,1.0,1.0,0.74
competitive,68,0.0,1.0,1.0,0.74
competitive,69,0.0,1.0,1.0,0.74
competitive,70,0.0,1.0,1.0,0.74
competitive,71,0.0,1.0,1.0,0.74
competitive,72,0.0,1.0,1.0,0.74
competitive,73,0.0,1.0,1.0,0.74
competitive,74,0.0,1.0,1.0,0.74
competitive,75,0.0,1.0,1.0,0.74
competitive,76,0.0,1.0,1.0,0.74
competitive,77,0.0,1.0,1.0,0.74
competitive,78,0.0,1.0,1.0,0.74
competitive,79,0.0,1.0,1.0,0.74
competitive,80,0.0,1.0,1.0,0.74
competitive,81,0.0,1.0,1.0,0.74
competitive,82,0.0,1.0,1.0,0.74
competitive,83,0.0,1.0,1.0,0.74
competitive,84,0.0,1.0,1.0,0.74
competitive,85,0.0,1.0,1.0,0.74
competitive,86,0.0,1.0,1.0,0.74
competitive,87,0.0,1.0,1.0,0.74
competitive,88,0.0,1.0,1.0,0.74
competitive,89,0.0,1.0,1.0,0.74
competitive,90,0.0,1.0,1.0,0.74
competitive,91,0.0,1.0,1.0,0.74
competitive,92,0.0,1.0,1.0,0.74
competitive,93,0.0,1.0,1.0,0.74
competitive,94,0.0,1.0,1.0,0.74
competitive,95,0.0,1.0,1.0,0.74
competitive,96,0.0,1.0,1.0,0.74
competitive,97,0.0,1.0,1.0,0.74
competitive,98,0.0,1.0,1.0,0.74
competitive,99,0.0,1.0,1.0,0.74
competitive,100,-0.05,1.06,1.0,0.7133
competitive,101,-0.003125,1.00375,1.0,0.738331
competitive,102,0.0,1.0,1.0,0.74
competitive,103,0.0,1.0,1.0,0.74
competitive,104,0.0,1.0,1.0,0.74
competitive,105,0.0,1.0,1.0,0.74
competitive,106,0.0,1.0,1.0,0.74
competitive,107,0.0,1.0,1.0,0.74
competitive,108,0.0,1.0,1.0,0.74
competitive,109,0.0,1.0,1.0,0.74
competitive,110,0.0,1.0,1.0,0.74
competitive,111,0.0,1.0,1.0,0.74
competitive,112,0.0,1.0,1.0,0.74
competitive,113,0.0,1.0,1.0,0.74
competitive,114,0.0,1.0,1.0,0.74
competitive,115,0.0,1.0,1.0,0.74
competitive,116,0.0,1.0,1.0,0.74
competitive,117,0.0,1.0,1.0,0.74
competitive,118,0.0,1.0,1.0,0.74
competitive,119,0.0,1.0,1.0,0.74
competitive,120,0.0,1.0,1.0,0.74
competitive,121,0.0,1.0,1.0,0.74
competitive,122,0.0,1.0,1.0,0.74
competitive,123,0.0,1.0,1.0,0.74
competitive,124,0.0,1.0,1.0,0.74
competitive,125,0.0,1.0,1.0,0.74
competitive,126,0.0,1.0,1.0,0.74
competitive,127,0.0,1.0,1.0,0.74
competitive,128,0.0,1.0,1.0,0.74
competitive,129,0.0,1.0,1.0,0.74
competitive,130,0.0,1.0,1.0,0.74
competitive,131,0.0,1.0,1.0,0.74
competitive,132,0.0,1.0,1.0,0.74
competitive,133,0.0,1.0,1.0,0.74
competitive,134,0.0,1.0,1.0,0.74
competitive,135,0.0,1.0,1.0,0.74
competitive,136,0.0,1.0,1.0,0.74
competitive,137,0.0,1.0,1.0,0.74
competitive,138,0.0,1.0,1.0,0.74
competitive,139,0.0,1.0,1.0,0.74
competitive,140,0.0,1.0,1.0,0.74
competitive,141,0.0,1.0,1.0,0.74
competitive,142,0.0,1.0,1.0,0.74
competitive,143,0.0,1.0,1.0,0.74
competitive,144,0.0,1.0,1.0,0.74
competitive,145,0.0,1.0,1.0,0.74
competitive,146,0.0,1.0,1.0,0.74
competitive,147,0.0,1.0,1.0,0.74
competitive,148,0.0,1.0,1.0,0.74
competitive,149,0.0,1.0,1.0,0.74
competitive,150,0.0,1.0,1.0,0.74
competitive,151,0.0,1.0,1.0,0.74
competitive,152,0.0,1.0,1.0,0.74
competitive,153,0.0,1.0,1.0,0.74
competitive,154,0.0,1.0,1.0,0.74
competitive,155,0.0,1.0,1.0,0.74
competitive,156,0.0,1.0,1.0,0.74
competitive,157,0.0,1.0,1.0,0.74
competitive,158,0.0,1.0,1.0,0.74
competitive,159,0.0,1.0,1.0,0.74
competitive,160,0.0,1.0,1.0,0.74
competitive,161,0.0,1.0,1.0,0.74
competitive,162,0.0,1.0,1.0,0.74
competitive,163,0.0,1.0,1.0,0.74
competitive,164,0.0,1.0,1.0,0.74
competitive,165,0.0,1.0,1.0,0.74
competitive,166,0.0,1.0,1.0,0.74
competitive,167,0.0,1.0,1.0,0.74
competitive,168,0.0,1.0,1.0,0.74
competitive,169,0.0,1.0,1.0,0.74
competitive,170,0.0,1.0,1.0,0.74
competitive,171,0.0,1.0,1.0,0.74
competitive,172,0.0,1.0,1.0,0.74
competitive,173,0.0,1.0,1.0,0.74
competitive,174,0.0,1.0,1.0,0.74
competitive,175,0.0,1.0,1.0,0.74
competitive,176,0.0,1.0,1.0,0.74
competitive,177,0.0,1.0,1.0,0.74
competitive,178,0.0,1.0,1.0,0.74
competitive,179,0.0,1.0,1.0,0.74
competitive,180,0.0,1.0,1.0,0.74
competitive,181,0.0,1.0,1.0,0.74
competitive,182,0.0,1.0,1.0,0.74
competitive,183,0.0,1.0,1.0,0.74
competitive,184,0.0,1.0,1.0,0.74
competitive,185,0.0,1.0,1.0,0.74
competitive,186,0.0,1.0,1.0,0.74
competitive,187,0.0,1.0,1.0,0.74
competitive,188,0.0,1.0,1.0,0.74
competitive,189,0.0,1.0,1.0,0.74
competitive,190,0.0,1.0,1.0,0.74
competitive,191,0.0,1.0,1.0,0.74
competitive,192,0.0,1.0,1.0,0.74
competitive,193,0.0,1.0,1.0,0.74
competitive,194,0.0,1.0,1.0,0.74
competitive,195,0.0,1.0,1.0,0.74
competitive,196,0.0,1.0,1.0,0.74
competitive,197,0.0,1.0,1.0,0.74
competitive,198,0.0,1.0,1.0,0.74
competitive,199,0.0,1.0,1.0,0.74
competitive,200,-0.05,1.06,1.0,0.7133
competitive,201,-0.003125,1.00375,1.0,0.738331
competitive,202,0.0,1.0,1.0,0.74
competitive,203,0.0,1.0,1.0,0.74
competitive,204,0.0,1.0,1.0,0.74
competitive,205,0.0,1.0,1.0,0.74
competitive,206,0.0,1.0,1.0,0.74
competitive,207,0.0,1.0,1.0,0.74
competitive,208,0.0,1.0,1.0,0.74
competitive,209,0.0,1.0,1.0,0.74
competitive,210,0.0,1.0,1.0,0.74
competitive,211,0.0,1.0,1.0,0.74
competitive,212,0.0,1.0,1.0,0.74
competitive,213,0.0,1.0,1.0,0.74
competitive,214,0.0,1.0,1.0,0.74
competitive,215,0.0,1.0,1.0,0.74
competitive,216,0.0,1.0,1.0,0.74
competitive,217,0.0,1.0,1.0,0.74
competitive,218,0.0,1.0,1.0,0.74
competitive,219,0.0,1.0,1.0,0.74
competitive,220,0.0,1.0,1.0,0.74
competitive,221,0.0,1.0,1.0,0.74
competitive,222,0.0,1.0,1.0,0.74
competitive,223,0.0,1.0,1.0,0.74
competitive,224,0.0,1.0,1.0,0.74
competitive,225,0.0,1.0,1.0,0.74
competitive,226,0.0,1.0,1.0,0.74
competitive,227,0.0,1.0,1.0,0.74
competitive,228,0.0,1.0,1.0,0.74
competitive,229,0.0,1.0,1.0,0.74
competitive,230,0.0,1.0,1.0,0.74
competitive,231,0.0,1.0,1.0,0.74
competitive,232,0.0,1.0,1.0,0.74
competitive,233,0.0,1.0,1.0,0.74
competitive,234,0.0,1.0,1.0,0.74
competitive,235,0.0,1.0,1.0,0.74
competitive,236,0.0,1.0,1.0,0.74
competitive,237,0.0,1.0,1.0,0.74
competitive,238,0.0,1.0,1.0,0.74
competitive,239,0.0,1.0,1.0,0.74
competitive,240,0.0,1.0,1.0,0.74
competitive,241,0.0,1.0,1.0,0.74
competitive,242,0.0,1.0,1.0,0.74
competitive,243,0.0,1.0,1.0,0.74
competitive,244,0.0,1.0,1.0,0.74
competitive,245,0.0,1.0,1.0,0.74
competitive,246,0.0,1.0,1.0,0.74
competitive,247,0.0,1.0,1.0,0.74
competitive,248,0.0,1.0,1.0,0.74
competitive,249,0.0,1.0,1.0,0.74
competitive,250,0.0,1.0,1.0,0.74
competitive,251,0.0,1.0,1.0,0.74
competitive,252,0.0,1.0,1.0,0.74
competitive,253,0.0,1.0,1.0,0.74
competitive,254,0.0,1.0,1.0,0.74
competitive,255,0.0,1.0,1.0,0.74
competitive,256,0.0,1.0,1.0,0.74
competitive,257,0.0,1.0,1.0,0.74
competitive,258,0.0,1.0,1.0,0.74
competitive,259,0.0,1.0,1.0,0.74
competitive,260,0.0,1.0,1.0,0.74
competitive,261,0.0,1.0,1.0,0.74
competitive,262,0.0,1.0,1.0,0.74
competitive,263,0.0,1.0,1.0,0.74
competitive,264,0.0,1.0,1.0,0.74
competitive,265,0.0,1.0,1.0,0.74
competitive,266,0.0,1.0,1.0,0.74
competitive,267,0.0,1.0,1.0,0.74
competitive,268,0.0,1.0,1.0,0.74
competitive,269,0.0,1.0,1.0,0.74
competitive,270,0.0,1.0,1.0,0.74
competitive,271,0.0,1.0,1.0,0.74
competitive,272,0.0,1.0,1.0,0.74
competitive,273,0.0,1.0,1.0,0.74
competitive,274,0.0,1.0,1.0,0.74
competitive,275,0.0,1.0,1.0,0.74
competitive,276,0.0,1.0,1.0,0.74
competitive,277,0.0,1.0,1.0,0.74
competitive,278,0.0,1.0,1.0,0.74
competitive,279,0.0,1.0,1.0,0.74
competitive,280,0.0,1.0,1.0,0.74
competitive,281,0.0,1.0,1.0,0.74
competitive,282,0.0,1.0,1.0,0.74
competitive,283,0.0,1.0,1.0,0.74
competitive,284,0.0,1.0,1.0,0.74
competitive,285,0.0,1.0,1.0,0.74
competitive,286,0.0,1.0,1.0,0.74
competitive,287,0.0,1.0,1.0,0.74
competitive,288,0.0,1.0,1.0,0.74
competitive,289,0.0,1.0,1.0,0.74
competitive,290,0.0,1.0,1.0,0.74
competitive,291,0.0,1.0,1.0,0.74
competitive,292,0.0,1.0,1.0,0.74
competitive,293,0.0,1.0,1.0,0.74
competitive,294,0.0,1.0,1.0,0.74
competitive,295,0.0,1.0,1.0,0.74
competitive,296,0.0,1.0,1.0,0.74
competitive,297,0.0,1.0,1.0,0.74
competitive,298,0.0,1.0,1.0,0.74
competitive,299,0.0,1.0,1.0,0.74
competitive,300,-0.05,1.06,1.0,0.7133
competitive,301,0.0,1.0,1.0,0.74
competitive,302,0.0,1.0,1.0,0.74
competitive,303,0.0,1.0,1.0,0.74
competitive,304,0.0,1.0,1.0,0.74
competitive,305,0.0,1.0,1.0,0.74
competitive,306,0.0,1.0,1.0,0.74
competitive,307,0.0,1.0,1.0,0.74
competitive,308,0.0,1.0,1.0,0.74
competitive,309,0.0,1.0,1.0,0.74
competitive,310,0.0,1.0,1.0,0.74
competitive,311,0.0,1.0,1.0,0.74
competitive,312,0.0,1.0,1.0,0.74
competitive,313,0.0,1.0,1.0,0.74
competitive,314,0.0,1.0,1.0,0.74
competitive,315,0.0,1.0,1.0,0.74
competitive,316,0.0,1.0,1.0,0.74
competitive,317,0.0,1.0,1.0,0.74
competitive,318,0.0,1.0,1.0,0.74
competitive,319,0.0,1.0,1.0,0.74
competitive,320,0.0,1.0,1.0,0.74
competitive,321,0.0,1.0,1.0,0.74
competitive,322,0.0,1.0,1.0,0.74
competitive,323,0.0,1.0,1.0,0.74
competitive,324,0.0,1.0,1.0,0.74
competitive,325,0.0,1.0,1.0,0.74
competitive,326,0.0,1.0,1.0,0.74
competitive,327,0.0,1.0,1.0,0.74
competitive,328,0.0,1.0,1.0,0.74
competitive,329,0.0,1.0,1.0,0.74
competitive,330,0.0,1.0,1.0,0.74
competitive,331,0.0,1.0,1.0,0.74
competitive,332,0.0,1.0,1.0,0.74
competitive,333,0.0,1.0,1.0,0.74
competitive,334,0.0,1.0,1.0,0.74
competitive,335,0.0,1.0,1.0,0.74
competitive,336,0.0,1.0,1.0,0.74
competitive,337,0.0,1.0,1.0,0.74
competitive,338,0.0,1.0,1.0,0.74
competitive,339,0.0,1.0,1.0,0.74
competitive,340,0.0,1.0,1.0,0.74
competitive,341,0.0,1.0,1.0,0.74
competitive,342,0.0,1.0,1.0,0.74
competitive,343,0.0,1.0,1.0,0.74
competitive,344,0.0,1.0,1.0,0.74
competitive,345,0.0,1.0,1.0,0.74
competitive,346,0.0,1.0,1.0,0.74
competitive,347,0.0,1.0,1.0,0.74
competitive,348,0.0,1.0,1.0,0.74
competitive,349,0.0,1.0,1.0,0.74
competitive,350,0.0,1.0,1.0,0.74
competitive,351,0.0,1.0,1.0,0.74
competitive,352,0.0,1.0,1.0,0.74
competitive,353,0.0,1.0,1.0,0.74
competitive,354,0.0,1.0,1.0,0.74
competitive,355,0.0,1.0,1.0,0.74
competitive,356,0.0,1.0,1.0,0.74
competitive,357,0.0,1.0,1.0,0.74
competitive,358,0.0,1.0,1.0,0.74
competitive,359,0.0,1.0,1.0,0.74
competitive,360,0.0,1.0,1.0,0.74
competitive,361,0.0,1.0,1.0,0.74
competitive,362,0.0,1.0,1.0,0.74
competitive,363,0.0,1.0,1.0,0.74
competitive,364,0.0,1.0,1.0,0.74
competitive,365,0.0,1.0,1.0,0.74
competitive,366,0.0,1.0,1.0,0.74
competitive,367,0.0,1.0,1.0,0.74
competitive,368,0.0,1.0,1.0,0.74
competitive,369,0.0,1.0,1.0,0.74
competitive,370,0.0,1.0,1.0,0.74
competitive,371,0.0,1.0,1.0,0.74
competitive,372,0.0,1.0,1.0,0.74
competitive,373,0.0,1.0,1.0,0.74
competitive,374,0.0,1.0,1.0,0.74
competitive,375,0.0,1.0,1.0,0.74
competitive,376,0.0,1.0,1.0,0.74
competitive,377,0.0,1.0,1.0,0.74
competitive,378,0.0,1.0,1.0,0.74
competitive,379,0.0,1.0,1.0,0.74
competitive,380,0.0,1.0,1.0,0.74
competitive,381,0.0,1.0,1.0,0.74
competitive,382,0.0,1.0,1.0,0.74
competitive,383,0.0,1.0,1.0,0.74
competitive,384,0.0,1.0,1.0,0.74
competitive,385,0.0,1.0,1.0,0.74
competitive,386,0.0,1.0,1.0,0.74
competitive,387,0.0,1.0,1.0,0.74
competitive,388,0.0,1.0,1.0,0.74
competitive,389,0.0,1.0,1.0,0.74
competitive,390,0.0,1.0,1.0,0.74
competitive,391,0.0,1.0,1.0,0.74
competitive,392,0.0,1.0,1.0,0.74
competitive,393,0.0,1.0,1.0,0.74
competitive,394,0.0,1.0,1.0,0.74
competitive,395,0.0,1.0,1.0,0.74
competitive,396,0.0,1.0,1.0,0.74
competitive,397,0.0,1.0,1.0,0.74
competitive,398,0.0,1.0,1.0,0.74
competitive,399,0.0,1.0,1.0,0.74
competitive,400,-0.05,1.06,1.0,0.7133
competitive,401,0.0,1.0,1.0,0.74
competitive,402,0.0,1.0,1.0,0.74
competitive,403,0.0,1.0,1.0,0.74
competitive,404,0.0,1.0,1.0,0.74
competitive,405,0.0,1.0,1.0,0.74
competitive,406,0.0,1.0,1.0,0.74
competitive,407,0.0,1.0,1.0,0.74
competitive,408,0.0,1.0,1.0,0.74
competitive,409,0.0,1.0,1.0,0.74
competitive,410,0.0,1.0,1.0,0.74
competitive,411,0.0,1.0,1.0,0.74
competitive,412,0.0,1.0,1.0,0.74
competitive,413,0.0,1.0,1.0,0.74
competitive,414,0.0,1.0,1.0,0.74
competitive,415,0.0,1.0,1.0,0.74
competitive,416,0.0,1.0,1.0,0.74
competitive,417,0.0,1.0,1.0,0.74
competitive,418,0.0,1.0,1.0,0.74
competitive,419,0.0,1.0,1.0,0.74
competitive,420,0.0,1.0,1.0,0.74
competitive,421,0.0,1.0,1.0,0.74
competitive,422,0.0,1.0,1.0,0.74
competitive,423,0.0,1.0,1.0,0.74
competitive,424,0.0,1.0,1.0,0.74
competitive,425,0.0,1.0,1.0,0.74
competitive,426,0.0,1.0,1.0,0.74
competitive,427,0.0,1.0,1.0,0.74
competitive,428,0.0,1.0,1.0,0.74
competitive,429,0.0,1.0,1.0,0.74
competitive,430,0.0,1.0,1.0,0.74
competitive,431,0.0,1.0,1.0,0.74
competitive,432,0.0,1.0,1.0,0.74
competitive,433,0.0,1.0,1.0,0.74
competitive,434,0.0,1.0,1.0,0.74
competitive,435,0.0,1.0,1.0,0.74
competitive,436,0.0,1.0,1.0,0.74
competitive,437,0.0,1.0,1.0,0.74
competitive,438,0.0,1.0,1.0,0.74
competitive,439,0.0,1.0,1.0,0.74
competitive,440,0.0,1.0,1.0,0.74
competitive,441,0.0,1.0,1.0,0.74
competitive,442,0.0,1.0,1.0,0.74
competitive,443,0.0,1.0,1.0,0.74
competitive,444,0.0,1.0,1.0,0.74
competitive,445,0.0,1.0,1.0,0.74
competitive,446,0.0,1.0,1.0,0.74
competitive,447,0.0,1.0,1.0,0.74
competitive,448,0.0,1.0,1.0,0.74
competitive,449,0.0,1.0,1.0,0.74
competitive,450,0.0,1.0,1.0,0.74
competitive,451,0.0,1.0,1.0,0.74
competitive,452,0.0,1.0,1.0,0.74
competitive,453,0.0,1.0,1.0,0.74
competitive,454,0.0,1.0,1.0,0.74
competitive,455,0.0,1.0,1.0,0.74
competitive,456,0.0,1.0,1.0,0.74
competitive,457,0.0,1.0,1.0,0.74
competitive,458,0.0,1.0,1.0,0.74
competitive,459,0.0,1.0,1.0,0.74
competitive,460,0.0,1.0,1.0,0.74
competitive,461,0.0,1.0,1.0,0.74
competitive,462,0.0,1.0,1.0,0.74
competitive,463,0.0,1.0,1.0,0.74
competitive,464,0.0,1.0,1.0,0.74
competitive,465,0.0,1.0,1.0,0.74
competitive,466,0.0,1.0,1.0,0.74
competitive,467,0.0,1.0,1.0,0.74
competitive,468,0.0,1.0,1.0,0.74
competitive,469,0.0,1.0,1.0,0.74
competitive,470,0.0,1.0,1.0,0.74
competitive,471,0.0,1.0,1.0,0.74
competitive,472,0.0,1.0,1.0,0.74
competitive,473,0.0,1.0,1.0,0.74
competitive,474,0.0,1.0,1.0,0.74
competitive,475,0.0,1.0,1.0,0.74
competitive,476,0.0,1.0,1.0,0.74
competitive,477,0.0,1.0,1.0,0.74
competitive,478,0.0,1.0,1.0,0.74
competitive,479,0.0,1.0,1.0,0.74
competitive,480,0.0,1.0,1.0,0.74
competitive,481,0.0,1.0,1.0,0.74
competitive,482,0.0,1.0,1.0,0.74
competitive,483,0.0,1.0,1.0,0.74
competitive,484,0.0,1.0,1.0,0.74
competitive,485,0.0,1.0,1.0,0.74
competitive,486,0.0,1.0,1.0,0.74
competitive,487,0.0,1.0,1.0,0.74
competitive,488,0.0,1.0,1.0,0.74
competitive,489,0.0,1.0,1.0,0.74
competitive,490,0.0,1.0,1.0,0.74
competitive,491,0.0,1.0,1.0,0.74
competitive,492,0.0,1.0,1.0,0.74
competitive,493,0.0,1.0,1.0,0.74
competitive,494,0.0,1.0,1.0,0.74
competitive,495,0.0,1.0,1.0,0.74
competitive,496,0.0,1.0,1.0,0.74
competitive,497,0.0,1.0,1.0,0.74
competitive,498,0.0,1.0,1.0,0.74
competitive,499,0.0,1.0,1.0,0.74
competitive,500,-0.05,1.06,1.0,0.7133
competitive,501,0.0,1.0,1.0,0.74
competitive,502,0.0,1.0,1.0,0.74
competitive,503,0.0,1.0,1.0,0.74
competitive,504,0.0,1.0,1.0,0.74
competitive,505,0.0,1.0,1.0,0.74
competitive,506,0.0,1.0,1.0,0.74
competitive,507,0.0,1.0,1.0,0.74
competitive,508,0.0,1.0,1.0,0.74
competitive,509,0.0,1.0,1.0,0.74
competitive,510,0.0,1.0,1.0,0.74
competitive,511,0.0,1.0,1.0,0.74
competitive,512,0.0,1.0,1.0,0.74
competitive,513,0.0,1.0,1.0,0.74
competitive,514,0.0,1.0,1.0,0.74
competitive,515,0.0,1.0,1.0,0.74
competitive,516,0.0,1.0,1.0,0.74
competitive,517,0.0,1.0,1.0,0.74
competitive,518,0.0,1.0,1.0,0.74
competitive,519,0.0,1.0,1.0,0.74
competitive,520,0.0,1.0,1.0,0.74
competitive,521,0.0,1.0,1.0,0.74
competitive,522,0.0,1.0,1.0,0.74
competitive,523,0.0,1.0,1.0,0.74
competitive,524,0.0,1.0,1.0,0.74
competitive,525,0.0,1.0,1.0,0.74
competitive,526,0.0,1.0,1.0,0.74
competitive,527,0.0,1.0,1.0,0.74
competitive,528,0.0,1.0,1.0,0.74
competitive,529,0.0,1.0,1.0,0.74
competitive,530,0.0,1.0,1.0,0.74
competitive,531,0.0,1.0,1.0,0.74
competitive,532,0.0,1.0,1.0,0.74
competitive,533,0.0,1.0,1.0,0.74
competitive,534,0.0,1.0,1.0,0.74
competitive,535,0.0,1.0,1.0,0.74
competitive,536,0.0,1.0,1.0,0.74
competitive,537,0.0,1.0,1.0,0.74
competitive,538,0.0,1.0,1.0,0.74
competitive,539,0.0,1.0,1.0,0.74
competitive,540,0.0,1.0,1.0,0.74
competitive,541,0.0,1.0,1.0,0.74
competitive,542,0.0,1.0,1.0,0.74
competitive,543,0.0,1.0,1.0,0.74
competitive,544,0.0,1.0,1.0,0.74
competitive,545,0.0,1.0,1.0,0.74
competitive,546,0.0,1.0,1.0,0.74
competitive,547,0.0,1.0,1.0,0.74
competitive,548,0.0,1.0,1.0,0.74
competitive,549,0.0,1.0,1.0,0.74
competitive,550,0.0,1.0,1.0,0.74
competitive,551,0.0,1.0,1.0,0.74
competitive,552,0.0,1.0,1.0,0.74
competitive,553,0.0,1.0,1.0,0.74
competitive,554,0.0,1.0,1.0,0.74
competitive,555,0.0,1.0,1.0,0.74
competitive,556,0.0,1.0,1.0,0.74
competitive,557,0.0,1.0,1.0,0.74
competitive,558,0.0,1.0,1.0,0.74
competitive,559,0.0,1.0,1.0,0.74
competitive,560,0.0,1.0,1.0,0.74
competitive,561,0.0,1.0,1.0,0.74
competitive,562,0.0,1.0,1.0,0.74
competitive,563,0.0,1.0,1.0,0.74
competitive,564,0.0,1.0,1.0,0.74
competitive,565,0.0,1.0,1.0,0.74
competitive,566,0.0,1.0,1.0,0.74
competitive,567,0.0,1.0,1.0,0.74
competitive,568,0.0,1.0,1.0,0.74
competitive,569,0.0,1.0,1.0,0.74
competitive,570,0.0,1.0,1.0,0.74
competitive,571,0.0,1.0,1.0,0.74
competitive,572,0.0,1.0,1.0,0.74
competitive,573,0.0,1.0,1.0,0.74
competitive,574,0.0,1.0,1.0,0.74
competitive,575,0.0,1.0,1.0,0.74
competitive,576,0.0,1.0,1.0,0.74
competitive,577,0.0,1.0,1.0,0.74
competitive,578,0.0,1.0,1.0,0.74
competitive,579,0.0,1.0,1.0,0.74
competitive,580,0.0,1.0,1.0,0.74
competitive,581,0.0,1.0,1.0,0.74
competitive,582,0.0,1.0,1.0,0.74
competitive,583,0.0,1.0,1.0,0.74
competitive,584,0.0,1.0,1.0,0.74
competitive,585,0.0,1.0,1.0,0.74
competitive,586,0.0,1.0,1.0,0.74
competitive,587,0.0,1.0,1.0,0.74
competitive,588,0.0,1.0,1.0,0.74
competitive,589,0.0,1.0,1.0,0.74
competitive,590,0.0,1.0,1.0,0.74
competitive,591,0.0,1.0,1.0,0.74
competitive,592,0.0,1.0,1.0,0.74
competitive,593,0.0,1.0,1.0,0.74
competitive,594,0.0,1.0,1.0,0.74
competitive,595,0.0,1.0,1.0,0.74
competitive,596,0.0,1.0,1.0,0.74
competitive,597,0.0,1.0,1.0,0.74
competitive,598,0.0,1.0,1.0,0.74
competitive,599,0.0,1.0,1.0,0.74
competitive,600,-0.05,1.06,1.0,0.7133
competitive,601,0.0,1.0,1.0,0.74
competitive,602,0.0,1.0,1.0,0.74
competitive,603,0.0,1.0,1.0,0.74
competitive,604,0.0,1.0,1.0,0.74
competitive,605,0.0,1.0,1.0,0.74
competitive,606,0.0,1.0,1.0,0.74
competitive,607,0.0,1.0,1.0,0.74
competitive,608,0.0,1.0,1.0,0.74
competitive,609,0.0,1.0,1.0,0.74
competitive,610,0.0,1.0,1.0,0.74
competitive,611,0.0,1.0,1.0,0.74
competitive,612,0.0,1.0,1.0,0.74
competitive,613,0.0,1.0,1.0,0.74
competitive,614,0.0,1.0,1.0,0.74
competitive,615,0.0,1.0,1.0,0.74
competitive,616,0.0,1.0,1.0,0.74
competitive,617,0.0,1.0,1.0,0.74
competitive,618,0.0,1.0,1.0,0.74
competitive,619,0.0,1.0,1.0,0.74
competitive,620,0.0,1.0,1.0,0.74
competitive,621,0.0,1.0,1.0,0.74
competitive,622,0.0,1.0,1.0,0.74
competitive,623,0.0,1.0,1.0,0.74
competitive,624,0.0,1.0,1.0,0.74
competitive,625,0.0,1.0,1.0,0.74
competitive,626,0.0,1.0,1.0,0.74
competitive,627,0.0,1.0,1.0,0.74
competitive,628,0.0,1.0,1.0,0.74
competitive,629,0.0,1.0,1.0,0.74
competitive,630,0.0,1.0,1.0,0.74
competitive,631,0.0,1.0,1.0,0.74
competitive,632,0.0,1.0,1.0,0.74
competitive,633,0.0,1.0,1.0,0.74
competitive,634,0.0,1.0,1.0,0.74
competitive,635,0.0,1.0,1.0,0.74
competitive,636,0.0,1.0,1.0,0.74
competitive,637,0.0,1.0,1.0,0.74
competitive,638,0.0,1.0,1.0,0.74
competitive,639,0.0,1.0,1.0,0.74
competitive,640,0.0,1.0,1.0,0.74
competitive,641,0.0,1.0,1.0,0.74
competitive,642,0.0,1.0,1.0,0.74
competitive,643,0.0,1.0,1.0,0.74
competitive,644,0.0,1.0,1.0,0.74
competitive,645,0.0,1.0,1.0,0.74
competitive,646,0.0,1.0,1.0,0.74
competitive,647,0.0,1.0,1.0,0.74
competitive,648,0.0,1.0,1.0,0.74
competitive,649,0.0,1.0,1.0,0.74
competitive,650,0.0,1.0,1.0,0.74
competitive,651,0.0,1.0,1.0,0.74
competitive,652,0.0,1.0,1.0,0.74
competitive,653,0.0,1.0,1.0,0.74
competitive,654,0.0,1.0,1.0,0.74
competitive,655,0.0,1.0,1.0,0.74
competitive,656,0.0,1.0,1.0,0.74
competitive,657,0.0,1.0,1.0,0.74
competitive,658,0.0,1.0,1.0,0.74
competitive,659,0.0,1.0,1.0,0.74
competitive,660,0.0,1.0,1.0,0.74
competitive,661,0.0,1.0,1.0,0.74
competitive,662,0.0,1.0,1.0,0.74
competitive,663,0.0,1.0,1.0,0.74
competitive,664,0.0,1.0,1.0,0.74
competitive,665,0.0,1.0,1.0,0.74
competitive,666,0.0,1.0,1.0,0.74
competitive,667,0.0,1.0,1.0,0.74
competitive,668,0.0,1.0,1.0,0.74
competitive,669,0.0,1.0,1.0,0.74
competitive,670,0.0,1.0,1.0,0.74
competitive,671,0.0,1.0,1.0,0.74
competitive,672,0.0,1.0,1.0,0.74
competitive,673,0.0,1.0,1.0,0.74
competitive,674,0.0,1.0,1.0,0.74
competitive,675,0.0,1.0,1.0,0.74
competitive,676,0.0,1.0,1.0,0.74
competitive,677,0.0,1.0,1.0,0.74
competitive,678,0.0,1.0,1.0,0.74
competitive,679,0.0,1.0,1.0,0.74
competitive,680,0.0,1.0,1.0,0.74
competitive,681,0.0,1.0,1.0,0.74
competitive,682,0.0,1.0,1.0,0.74
competitive,683,0.0,1.0,1.0,0.74
competitive,684,0.0,1.0,1.0,0.74
competitive,685,0.0,1.0,1.0,0.74
competitive,686,0.0,1.0,1.0,0.74
competitive,687,0.0,1.0,1.0,0.74
competitive,688,0.0,1.0,1.0,0.74
competitive,689,0.0,1.0,1.0,0.74
competitive,690,0.0,1.0,1.0,0.74
competitive,691,0.0,1.0,1.0,0.74
competitive,692,0.0,1.0,1.0,0.74
competitive,693,0.0,1.0,1.0,0.74
competitive,694,0.0,1.0,1.0,0.74
competitive,695,0.0,1.0,1.0,0.74
competitive,696,0.0,1.0,1.0,0.74
competitive,697,0.0,1.0,1.0,0.74
competitive,698,0.0,1.0,1.0,0.74
competitive,699,0.0,1.0,1.0,0.74
competitive,700,-0.05,1.06,1.0,0.7133
competitive,701,-0.00625,1.0075,1.0,0.736662
competitive,702,0.0,1.0,1.0,0.74
competitive,703,0.0,1.0,1.0,0.74
competitive,704,0.0,1.0,1.0,0.74
competitive,705,0.0,1.0,1.0,0.74
competitive,706,0.0,1.0,1.0,0.74
competitive,707,0.0,1.0,1.0,0.74
competitive,708,0.0,1.0,1.0,0.74
competitive,709,0.0,1.0,1.0,0.74
competitive,710,0.0,1.0,1.0,0.74
competitive,711,0.0,1.0,1.0,0.74
competitive,712,0.0,1.0,1.0,0.74
competitive,713,0.0,1.0,1.0,0.74
competitive,714,0.0,1.0,1.0,0.74
competitive,715,0.0,1.0,1.0,0.74
competitive,716,0.0,1.0,1.0,0.74
competitive,717,0.0,1.0,1.0,0.74
competitive,718,0.0,1.0,1.0,0.74
competitive,719,0.0,1.0,1.0,0.74
competitive,720,0.0,1.0,1.0,0.74
competitive,721,0.0,1.0,1.0,0.74
competitive,722,0.0,1.0,1.0,0.74
competitive,723,0.0,1.0,1.0,0.74
competitive,724,0.0,1.0,1.0,0.74
competitive,725,0.0,1.0,1.0,0.74
competitive,726,0.0,1.0,1.0,0.74
competitive,727,0.0,1.0,1.0,0.74
competitive,728,0.0,1.0,1.0,0.74
competitive,729,0.0,1.0,1.0,0.74
competitive,730,0.0,1.0,1.0,0.74
competitive,731,0.0,1.0,1.0,0.74
competitive,732,0.0,1.0,1.0,0.74
competitive,733,0.0,1.0,1.0,0.74
competitive,734,0.0,1.0,1.0,0.74
competitive,735,0.0,1.0,1.0,0.74
competitive,736,0.0,1.0,1.0,0.74
competitive,737,0.0,1.0,1.0,0.74
competitive,738,0.0,1.0,1.0,0.74
competitive,739,0.0,1.0,1.0,0.74
competitive,740,0.0,1.0,1.0,0.74
competitive,741,0.0,1.0,1.0,0.74
competitive,742,0.0,1.0,1.0,0.74
competitive,743,0.0,1.0,1.0,0.74
competitive,744,0.0,1.0,1.0,0.74
competitive,745,0.0,1.0,1.0,0.74
competitive,746,0.0,1.0,1.0,0.74
competitive,747,0.0,1.0,1.0,0.74
competitive,748,0.0,1.0,1.0,0.74
competitive,749,0.0,1.0,1.0,0.74
competitive,750,0.0,1.0,1.0,0.74
competitive,751,0.0,1.0,1.0,0.74
competitive,752,0.0,1.0,1.0,0.74
competitive,753,0.0,1.0,1.0,0.74
competitive,754,0.0,1.0,1.0,0.74
competitive,755,0.0,1.0,1.0,0.74
competitive,756,0.0,1.0,1.0,0.74
competitive,757,0.0,1.0,1.0,0.74
competitive,758,0.0,1.0,1.0,0.74
competitive,759,0.0,1.0,1.0,0.74
competitive,760,0.0,1.0,1.0,0.74
competitive,761,0.0,1.0,1.0,0.74
competitive,762,0.0,1.0,1.0,0.74
competitive,763,0.0,1.0,1.0,0.74
competitive,764,0.0,1.0,1.0,0.74
competitive,765,0.0,1.0,1.0,0.74
competitive,766,0.0,1.0,1.0,0.74
competitive,767,0.0,1.0,1.0,0.74
competitive,768,0.0,1.0,1.0,0.74
competitive,769,0.0,1.0,1.0,0.74
competitive,770,0.0,1.0,1.0,0.74
competitive,771,0.0,1.0,1.0,0.74
competitive,772,0.0,1.0,1.0,0.74
competitive,773,0.0,1.0,1.0,0.74
competitive,774,0.0,1.0,1.0,0.74
competitive,775,0.0,1.0,1.0,0.74
competitive,776,0.0,1.0,1.0,0.74
competitive,777,0.0,1.0,1.0,0.74
competitive,778,0.0,1.0,1.0,0.74
competitive,779,0.0,1.0,1.0,0.74
competitive,780,0.0,1.0,1.0,0.74
competitive,781,0.0,1.0,1.0,0.74
competitive,782,0.0,1.0,1.0,0.74
competitive,783,0.0,1.0,1.0,0.74
competitive,784,0.0,1.0,1.0,0.74
competitive,785,0.0,1.0,1.0,0.74
competitive,786,0.0,1.0,1.0,0.74
competitive,787,0.0,1.0,1.0,0.74
competitive,788,0.0,1.0,1.0,0.74
competitive,789,0.0,1.0,1.0,0.74
competitive,790,0.0,1.0,1.0,0.74
competitive,791,0.0,1.0,1.0,0.74
competitive,792,0.0,1.0,1.0,0.74
competitive,793,0.0,1.0,1.0,0.74
competitive,794,0.0,1.0,1.0,0.74
competitive,795,0.0,1.0,1.0,0.74
competitive,796,0.0,1.0,1.0,0.74
competitive,797,0.0,1.0,1.0,0.74
competitive,798,0.0,1.0,1.0,0.74
competitive,799,0.0,1.0,1.0,0.74
competitive,800,-0.05,1.06,1.0,0.7133
competitive,801,-0.003125,1.00375,1.0,0.738331
competitive,802,0.0,1.0,1.0,0.74
competitive,803,0.0,1.0,1.0,0.74
competitive,804,0.0,1.0,1.0,0.74
competitive,805,0.0,1.0,1.0,0.74
competitive,806,0.0,1.0,1.0,0.74
competitive,807,0.0,1.0,1.0,0.74
competitive,808,0.0,1.0,1.0,0.74
competitive,809,0.0,1.0,1.0,0.74
competitive,810,0.0,1.0,1.0,0.74
competitive,811,0.0,1.0,1.0,0.74
competitive,812,0.0,1.0,1.0,0.74
competitive,813,0.0,1.0,1.0,0.74
competitive,814,0.0,1.0,1.0,0.74
competitive,815,0.0,1.0,1.0,0.74
competitive,816,0.0,1.0,1.0,0.74
competitive,817,0.0,1.0,1.0,0.74
competitive,818,0.0,1.0,1.0,0.74
competitive,819,0.0,1.0,1.0,0.74
competitive,820,0.0,1.0,1.0,0.74
competitive,821,0.0,1.0,1.0,0.74
competitive,822,0.0,1.0,1.0,0.74
competitive,823,0.0,1.0,1.0,0.74
competitive,824,0.0,1.0,1.0,0.74
competitive,825,0.0,1.0,1.0,0.74
competitive,826,0.0,1.0,1.0,0.74
competitive,827,0.0,1.0,1.0,0.74
competitive,828,0.0,1.0,1.0,0.74
competitive,829,0.0,1.0,1.0,0.74
competitive,830,0.0,1.0,1.0,0.74
competitive,831,0.0,1.0,1.0,0.74
competitive,832,0.0,1.0,1.0,0.74
competitive,833,0.0,1.0,1.0,0.74
competitive,834,0.0,1.0,1.0,0.74
competitive,835,0.0,1.0,1.0,0.74
competitive,836,0.0,1.0,1.0,0.74
competitive,837,0.0,1.0,1.0,0.74
competitive,838,0.0,1.0,1.0,0.74
competitive,839,0.0,1.0,1.0,0.74
competitive,840,0.0,1.0,1.0,0.74
competitive,841,0.0,1.0,1.0,0.74
competitive,842,0.0,1.0,1.0,0.74
competitive,843,0.0,1.0,1.0,0.74
competitive,844,0.0,1.0,1.0,0.74
competitive,845,0.0,1.0,1.0,0.74
competitive,846,0.0,1.0,1.0,0.74
competitive,847,0.0,1.0,1.0,0.74
competitive,848,0.0,1.0,1.0,0.74
competitive,849,0.0,1.0,1.0,0.74
competitive,850,0.0,1.0,1.0,0.74
competitive,851,0.0,1.0,1.0,0.74
competitive,852,0.0,1.0,1.0,0.74
competitive,853,0.0,1.0,1.0,0.74
competitive,854,0.0,1.0,1.0,0.74
competitive,855,0.0,1.0,1.0,0.74
competitive,856,0.0,1.0,1.0,0.74
competitive,857,0.0,1.0,1.0,0.74
competitive,858,0.0,1.0,1.0,0.74
competitive,859,0.0,1.0,1.0,0.74
competitive,860,0.0,1.0,1.0,0.74
competitive,861,0.0,1.0,1.0,0.74
competitive,862,0.0,1.0,1.0,0.74
competitive,863,0.0,1.0,1.0,0.74
competitive,864,0.0,1.0,1.0,0.74
competitive,865,0.0,1.0,1.0,0.74
competitive,866,0.0,1.0,1.0,0.74
competitive,867,0.0,1.0,1.0,0.74
competitive,868,0.0,1.0,1.0,0.74
competitive,869,0.0,1.0,1.0,0.74
competitive,870,0.0,1.0,1.0,0.74
competitive,871,0.0,1.0,1.0,0.74
competitive,872,0.0,1.0,1.0,0.74
competitive,873,0.0,1.0,1.0,0.74
competitive,874,0.0,1.0,1.0,0.74
competitive,875,0.0,1.0,1.0,0.74
competitive,876,0.0,1.0,1.0,0.74
competitive,877,0.0,1.0,1.0,0.74
competitive,878,0.0,1.0,1.0,0.74
competitive,879,0.0,1.0,1.0,0.74
competitive,880,0.0,1.0,1.0,0.74
competitive,881,0.0,1.0,1.0,0.74
competitive,882,0.0,1.0,1.0,0.74
competitive,883,0.0,1.0,1.0,0.74
competitive,884,0.0,1.0,1.0,0.74
competitive,885,0.0,1.0,1.0,0.74
competitive,886,0.0,1.0,1.0,0.74
competitive,887,0.0,1.0,1.0,0.74
competitive,888,0.0,1.0,1.0,0.74
competitive,889,0.0,1.0,1.0,0.74
competitive,890,0.0,1.0,1.0,0.74
competitive,891,0.0,1.0,1.0,0.74
competitive,892,0.0,1.0,1.0,0.74
competitive,893,0.0,1.0,1.0,0.74
competitive,894,0.0,1.0,1.0,0.74
competitive,895,0.0,1.0,1.0,0.74
competitive,896,0.0,1.0,1.0,0.74
competitive,897,0.0,1.0,1.0,0.74
competitive,898,0.0,1.0,1.0,0.74
competitive,899,0.0,1.0,1.0,0.74
competitive,900,-0.05,1.06,1.0,0.7133
competitive,901,-0.00625,1.0075,1.0,0.736662
competitive,902,-0.003125,1.00375,1.0,0.738331
competitive,903,0.0,1.0,1.0,0.74
competitive,904,0.0,1.0,1.0,0.74
competitive,905,0.0,1.0,1.0,0.74
competitive,906,0.0,1.0,1.0,0.74
competitive,907,0.0,1.0,1.0,0.74
competitive,908,0.0,1.0,1.0,0.74
competitive,909,0.0,1.0,1.0,0.74
competitive,910,0.0,1.0,1.0,0.74
competitive,911,0.0,1.0,1.0,0.74
competitive,912,0.0,1.0,1.0,0.74
competitive,913,0.0,1.0,1.0,0.74
competitive,914,0.0,1.0,1.0,0.74
competitive,915,0.0,1.0,1.0,0.74
competitive,916,0.0,1.0,1.0,0.74
competitive,917,0.0,1.0,1.0,0.74
competitive,918,0.0,1.0,1.0,0.74
competitive,919,0.0,1.0,1.0,0.74
competitive,920,0.0,1.0,1.0,0.74
competitive,921,0.0,1.0,1.0,0.74
competitive,922,0.0,1.0,1.0,0.74
competitive,923,0.0,1.0,1.0,0.74
competitive,924,0.0,1.0,1.0,0.74
competitive,925,0.0,1.0,1.0,0.74
competitive,926,0.0,1.0,1.0,0.74
competitive,927,0.0,1.0,1.0,0.74
competitive,928,0.0,1.0,1.0,0.74
competitive,929,0.0,1.0,1.0,0.74
competitive,930,0.0,1.0,1.0,0.74
competitive,931,0.0,1.0,1.0,0.74
competitive,932,0.0,1.0,1.0,0.74
competitive,933,0.0,1.0,1.0,0.74
competitive,934,0.0,1.0,1.0,0.74
competitive,935,0.0,1.0,1.0,0.74
competitive,936,0.0,1.0,1.0,0.74
competitive,937,0.0,1.0,1.0,0.74
competitive,938,0.0,1.0,1.0,0.74
competitive,939,0.0,1.0,1.0,0.74
competitive,940,0.0,1.0,1.0,0.74
competitive,941,0.0,1.0,1.0,0.74
competitive,942,0.0,1.0,1.0,0.74
competitive,943,0.0,1.0,1.0,0.74
competitive,944,0.0,1.0,1.0,0.74
competitive,945,0.0,1.0,1.0,0.74
competitive,946,0.0,1.0,1.0,0.74
competitive,947,0.0,1.0,1.0,0.74
competitive,948,0.0,1.0,1.0,0.74
competitive,949,0.0,1.0,1.0,0.74
competitive,950,0.0,1.0,1.0,0.74
competitive,951,0.0,1.0,1.0,0.74
competitive,952,0.0,1.0,1.0,0.74
competitive,953,0.0,1.0,1.0,0.74
competitive,954,0.0,1.0,1.0,0.74
competitive,955,0.0,1.0,1.0,0.74
competitive,956,0.0,1.0,1.0,0.74
competitive,957,0.0,1.0,1.0,0.74
competitive,958,0.0,1.0,1.0,0.74
competitive,959,0.0,1.0,1.0,0.74
competitive,960,0.0,1.0,1.0,0.74
competitive,961,0.0,1.0,1.0,0.74
competitive,962,0.0,1.0,1.0,0.74
competitive,963,0.0,1.0,1.0,0.74
competitive,964,0.0,1.0,1.0,0.74
competitive,965,0.0,1.0,1.0,0.74
competitive,966,0.0,1.0,1.0,0.74
competitive,967,0.0,1.0,1.0,0.74
competitive,968,0.0,1.0,1.0,0.74
competitive,969,0.0,1.0,1.0,0.74
competitive,970,0.0,1.0,1.0,0.74
competitive,971,0.0,1.0,1.0,0.74
competitive,972,0.0,1.0,1.0,0.74
competitive,973,0.0,1.0,1.0,0.74
competitive,974,0.0,1.0,1.0,0.74
competitive,975,0.0,1.0,1.0,0.74
competitive,976,0.0,1.0,1.0,0.74
competitive,977,0.0,1.0,1.0,0.74
competitive,978,0.0,1.0,1.0,0.74
competitive,979,0.0,1.0,1.0,0.74
competitive,980,0.0,1.0,1.0,0.74
competitive,981,0.0,1.0,1.0,0.74
competitive,982,0.0,1.0,1.0,0.74
competitive,983,0.0,1.0,1.0,0.74
competitive,984,0.0,1.0,1.0,0.74
competitive,985,0.0,1.0,1.0,0.74
competitive,986,0.0,1.0,1.0,0.74
competitive,987,0.0,1.0,1.0,0.74
competitive,988,0.0,1.0,1.0,0.74
competitive,989,0.0,1.0,1.0,0.74
competitive,990,0.0,1.0,1.0,0.74
competitive,991,0.0,1.0,1.0,0.74
competitive,992,0.0,1.0,1.0,0.74
competitive,993,0.0,1.0,1.0,0.74
competitive,994,0.0,1.0,1.0,0.74
competitive,995,0.0,1.0,1.0,0.74
competitive,996,0.0,1.0,1.0,0.74
competitive,997,0.0,1.0,1.0,0.74
competitive,998,0.0,1.0,1.0,0.74
competitive,999,0.0,1.0,1.0,0.74
competitive,1000,-0.05,1.06,1.0,0.7133
competitive,1001,-0.00625,1.0075,1.0,0.736662
competitive,1002,0.0,1.0,1.0,0.74
competitive,1003,0.0,1.0,1.0,0.74
competitive,1004,0.0,1.0,1.0,0.74
competitive,1005,0.0,1.0,1.0,0.74
competitive,1006,0.0,1.0,1.0,0.74
competitive,1007,0.0,1.0,1.0,0.74
competitive,1008,0.0,1.0,1.0,0.74
competitive,1009,0.0,1.0,1.0,0.74
competitive,1010,0.0,1.0,1.0,0.74
competitive,1011,0.0,1.0,1.0,0.74
competitive,1012,0.0,1.0,1.0,0.74
competitive,1013,0.0,1.0,1.0,0.74
competitive,1014,0.0,1.0,1.0,0.74
competitive,1015,0.0,1.0,1.0,0.74
competitive,1016,0.0,1.0,1.0,0.74
competitive,1017,0.0,1.0,1.0,0.74
competitive,1018,0.0,1.0,1.0,0.74
competitive,1019,0.0,1.0,1.0,0.74
competitive,1020,0.0,1.0,1.0,0.74
competitive,1021,0.0,1.0,1.0,0.74
competitive,1022,0.0,1.0,1.0,0.74
competitive,1023,0.0,1.0,1.0,0.74
competitive,1024,0.0,1.0,1.0,0.74
competitive,1025,0.0,1.0,1.0,0.74
competitive,1026,0.0,1.0,1.0,0.74
competitive,1027,0.0,1.0,1.0,0.74
competitive,1028,0.0,1.0,1.0,0.74
competitive,1029,0.0,1.0,1.0,0.74
competitive,1030,0.0,1.0,1.0,0.74
competitive,1031,0.0,1.0,1.0,0.74
competitive,1032,0.0,1.0,1.0,0.74
competitive,1033,0.0,1.0,1.0,0.74
competitive,1034,0.0,1.0,1.0,0.74
competitive,1035,0.0,1.0,1.0,0.74
competitive,1036,0.0,1.0,1.0,0.74
competitive,1037,0.0,1.0,1.0,0.74
competitive,1038,0.0,1.0,1.0,0.74
competitive,1039,0.0,1.0,1.0,0.74
competitive,1040,0.0,1.0,1.0,0.74
competitive,1041,0.0,1.0,1.0,0.74
competitive,1042,0.0,1.0,1.0,0.74
competitive,1043,0.0,1.0,1.0,0.74
competitive,1044,0.0,1.0,1.0,0.74
competitive,1045,0.0,1.0,1.0,0.74
competitive,1046,0.0,1.0,1.0,0.74
competitive,1047,0.0,1.0,1.0,0.74
competitive,1048,0.0,1.0,1.0,0.74
competitive,1049,0.0,1.0,1.0,0.74
competitive,1050,0.0,1.0,1.0,0.74
competitive,1051,0.0,1.0,1.0,0.74
competitive,1052,0.0,1.0,1.0,0.74
competitive,1053,0.0,1.0,1.0,0.74
competitive,1054,0.0,1.0,1.0,0.74
competitive,1055,0.0,1.0,1.0,0.74
competitive,1056,0.0,1.0,1.0,0.74
competitive,1057,0.0,1.0,1.0,0.74
competitive,1058,0.0,1.0,1.0,0.74
competitive,1059,0.0,1.0,1.0,0.74
competitive,1060,0.0,1.0,1.0,0.74
competitive,1061,0.0,1.0,1.0,0.74
competitive,1062,0.0,1.0,1.0,0.74
competitive,1063,0.0,1.0,1.0,0.74
competitive,1064,0.0,1.0,1.0,0.74
competitive,1065,0.0,1.0,1.0,0.74
competitive,1066,0.0,1.0,1.0,0.74
competitive,1067,0.0,1.0,1.0,0.74
competitive,1068,0.0,1.0,1.0,0.74
competitive,1069,0.0,1.0,1.0,0.74
competitive,1070,0.0,1.0,1.0,0.74
competitive,1071,0.0,1.0,1.0,0.74
competitive,1072,0.0,1.0,1.0,0.74
competitive,1073,0.0,1.0,1.0,0.74
competitive,1074,0.0,1.0,1.0,0.74
competitive,1075,0.0,1.0,1.0,0.74
competitive,1076,0.0,1.0,1.0,0.74
competitive,1077,0.0,1.0,1.0,0.74
competitive,1078,0.0,1.0,1.0,0.74
competitive,1079,0.0,1.0,1.0,0.74
competitive,1080,0.0,1.0,1.0,0.74
competitive,1081,0.0,1.0,1.0,0.74
competitive,1082,0.0,1.0,1.0,0.74
competitive,1083,0.0,1.0,1.0,0.74
competitive,1084,0.0,1.0,1.0,0.74
competitive,1085,0.0,1.0,1.0,0.74
competitive,1086,0.0,1.0,1.0,0.74
competitive,1087,0.0,1.0,1.0,0.74
competitive,1088,0.0,1.0,1.0,0.74
competitive,1089,0.0,1.0,1.0,0.74
competitive,1090,0.0,1.0,1.0,0.74
competitive,1091,0.0,1.0,1.0,0.74
competitive,1092,0.0,1.0,1.0,0.74
competitive,1093,0.0,1.0,1.0,0.74
competitive,1094,0.0,1.0,1.0,0.74
competitive,1095,0.0,1.0,1.0,0.74
competitive,1096,0.0,1.0,1.0,0.74
competitive,1097,0.0,1.0,1.0,0.74
competitive,1098,0.0,1.0,1.0,0.74
competitive,1099,0.0,1.0,1.0,0.74
competitive,1100,-0.05,1.06,1.0,0.7133
competitive,1101,0.0,1.0,1.0,0.74
competitive,1102,0.0,1.0,1.0,0.74
competitive,1103,0.0,1.0,1.0,0.74
competitive,1104,0.0,1.0,1.0,0.74
competitive,1105,0.0,1.0,1.0,0.74
competitive,1106,0.0,1.0,1.0,0.74
competitive,1107,0.0,1.0,1.0,0.74
competitive,1108,0.0,1.0,1.0,0.74
competitive,1109,0.0,1.0,1.0,0.74
competitive,1110,0.0,1.0,1.0,0.74
competitive,1111,0.0,1.0,1.0,0.74
competitive,1112,0.0,1.0,1.0,0.74
competitive,1113,0.0,1.0,1.0,0.74
competitive,1114,0.0,1.0,1.0,0.74
competitive,1115,0.0,1.0,1.0,0.74
competitive,1116,0.0,1.0,1.0,0.74
competitive,1117,0.0,1.0,1.0,0.74
competitive,1118,0.0,1.0,1.0,0.74
competitive,1119,0.0,1.0,1.0,0.74
competitive,1120,0.0,1.0,1.0,0.74
competitive,1121,0.0,1.0,1.0,0.74
competitive,1122,0.0,1.0,1.0,0.74
competitive,1123,0.0,1.0,1.0,0.74
competitive,1124,0.0,1.0,1.0,0.74
competitive,1125,0.0,1.0,1.0,0.74
competitive,1126,0.0,1.0,1.0,0.74
competitive,1127,0.0,1.0,1.0,0.74
competitive,1128,0.0,1.0,1.0,0.74
competitive,1129,0.0,1.0,1.0,0.74
competitive,1130,0.0,1.0,1.0,0.74
competitive,1131,0.0,1.0,1.0,0.74
competitive,1132,0.0,1.0,1.0,0.74
competitive,1133,0.0,1.0,1.0,0.74
competitive,1134,0.0,1.0,1.0,0.74
competitive,1135,0.0,1.0,1.0,0.74
competitive,1136,0.0,1.0,1.0,0.74
competitive,1137,0.0,1.0,1.0,0.74
competitive,1138,0.0,1.0,1.0,0.74
competitive,1139,0.0,1.0,1.0,0.74
competitive,1140,0.0,1.0,1.0,0.74
competitive,1141,0.0,1.0,1.0,0.74
competitive,1142,0.0,1.0,1.0,0.74
competitive,1143,0.0,1.0,1.0,0.74
competitive,1144,0.0,1.0,1.0,0.74
competitive,1145,0.0,1.0,1.0,0.74
competitive,1146,0.0,1.0,1.0,0.74
competitive,1147,0.0,1.0,1.0,0.74
competitive,1148,0.0,1.0,1.0,0.74
competitive,1149,0.0,1.0,1.0,0.74
competitive,1150,0.0,1.0,1.0,0.74
competitive,1151,0.0,1.0,1.0,0.74
competitive,1152,0.0,1.0,1.0,0.74
competitive,1153,0.0,1.0,1.0,0.74
competitive,1154,0.0,1.0,1.0,0.74
competitive,1155,0.0,1.0,1.0,0.74
competitive,1156,0.0,1.0,1.0,0.74
competitive,1157,0.0,1.0,1.0,0.74
competitive,1158,0.0,1.0,1.0,0.74
competitive,1159,0.0,1.0,1.0,0.74
competitive,1160,0.0,1.0,1.0,0.74
competitive,1161,0.0,1.0,1.0,0.74
competitive,1162,0.0,1.0,1.0,0.74
competitive,1163,0.0,1.0,1.0,0.74
competitive,1164,0.0,1.0,1.0,0.74
competitive,1165,0.0,1.0,1.0,0.74
competitive,1166,0.0,1.0,1.0,0.74
competitive,1167,0.0,1.0,1.0,0.74
competitive,1168,0.0,1.0,1.0,0.74
competitive,1169,0.0,1.0,1.0,0.74
competitive,1170,0.0,1.0,1.0,0.74
competitive,1171,0.0,1.0,1.0,0.74
competitive,1172,0.0,1.0,1.0,0.74
competitive,1173,0.0,1.0,1.0,0.74
competitive,1174,0.0,1.0,1.0,0.74
competitive,1175,0.0,1.0,1.0,0.74
competitive,1176,0.0,1.0,1.0,0.74
competitive,1177,0.0,1.0,1.0,0.74
competitive,1178,0.0,1.0,1.0,0.74
competitive,1179,0.0,1.0,1.0,0.74
competitive,1180,0.0,1.0,1.0,0.74
competitive,1181,0.0,1.0,1.0,0.74
competitive,1182,0.0,1.0,1.0,0.74
competitive,1183,0.0,1.0,1.0,0.74
competitive,1184,0.0,1.0,1.0,0.74
competitive,1185,0.0,1.0,1.0,0.74
competitive,1186,0.0,1.0,1.0,0.74
competitive,1187,0.0,1.0,1.0,0.74
competitive,1188,0.0,1.0,1.0,0.74
competitive,1189,0.0,1.0,1.0,0.74
competitive,1190,0.0,1.0,1.0,0.74
competitive,1191,0.0,1.0,1.0,0.74
competitive,1192,0.0,1.0,1.0,0.74
competitive,1193,0.0,1.0,1.0,0.74
competitive,1194,0.0,1.0,1.0,0.74
competitive,1195,0.0,1.0,1.0,0.74
competitive,1196,0.0,1.0,1.0,0.74
competitive,1197,0.0,1.0,1.0,0.74
competitive,1198,0.0,1.0,1.0,0.74
competitive,1199,0.0,1.0,1.0,0.74
antifragile,0,0.51875,0.2375,1.0,0.940312
antifragile,1,0.5375,0.275,1.0,0.959625
antifragile,2,0.55625,0.3125,1.0,0.978938
antifragile,3,0.575,0.35,1.0,0.99825
antifragile,4,0.59375,0.3875,1.0,1.0
antifragile,5,0.6125,0.425,1.0,1.0
antifragile,6,0.63125,0.4625,1.0,1.0
antifragile,7,0.65,0.5,1.0,1.0
antifragile,8,0.66875,0.5375,1.0,1.0
antifragile,9,0.6875,0.575,1.0,1.0
antifragile,10,0.70625,0.6125,1.0,1.0
antifragile,11,0.725,0.65,1.0,1.0
antifragile,12,0.74375,0.6875,1.0,1.0
antifragile,13,0.7625,0.725,1.0,1.0
antifragile,14,0.78125,0.760938,1.0,1.0
antifragile,15,0.8,0.79375,1.0,1.0
antifragile,16,0.81875,0.828125,1.0,1.0
antifragile,17,0.8375,0.860938,1.0,1.0
antifragile,18,0.85625,0.895313,1.0,1.0
antifragile,19,0.875,0.926563,1.0,1.0
antifragile,20,0.89375,0.954688,1.0,1.0
antifragile,21,0.911719,0.970313,1.0,1.0
antifragile,22,0.928906,0.982813,1.0,1.0
antifragile,23,0.944531,0.990625,1.0,1.0
antifragile,24,0.957031,0.996875,1.0,1.0
antifragile,25,0.971875,0.998438,1.0,1.0
antifragile,26,0.980469,1.0,1.0,1.0
antifragile,27,0.9875,1.0,1.0,1.0
antifragile,28,0.992969,1.0,1.0,1.0
antifragile,29,0.996094,1.0,1.0,1.0
antifragile,30,1.0,1.0,1.0,1.0
antifragile,31,1.0,1.0,1.0,1.0
antifragile,32,1.0,1.0,1.0,1.0
antifragile,33,1.0,1.0,1.0,1.0
antifragile,34,1.0,1.0,1.0,1.0
antifragile,35,1.0,1.0,1.0,1.0
antifragile,36,1.0,1.0,1.0,1.0
antifragile,37,1.0,1.0,1.0,1.0
antifragile,38,1.0,1.0,1.0,1.0
antifragile,39,1.0,1.0,1.0,1.0
antifragile,40,1.0,1.0,1.0,1.0
antifragile,41,1.0,1.0,1.0,1.0
antifragile,42,1.0,1.0,1.0,1.0
antifragile,43,1.0,1.0,1.0,1.0
antifragile,44,1.0,1.0,1.0,1.0
antifragile,45,1.0,1.0,1.0,1.0
antifragile,46,1.0,1.0,1.0,1.0
antifragile,47,1.0,1.0,1.0,1.0
antifragile,48,1.0,1.0,1.0,1.0
antifragile,49,1.0,1.0,1.0,1.0
antifragile,50,1.0,1.0,1.0,1.0
antifragile,51,1.0,1.0,1.0,1.0
antifragile,52,1.0,1.0,1.0,1.0
antifragile,53,1.0,1.0,1.0,1.0
antifragile,54,1.0,1.0,1.0,1.0
antifragile,55,1.0,1.0,1.0,1.0
antifragile,56,1.0,1.0,1.0,1.0
antifragile,57,1.0,1.0,1.0,1.0
antifragile,58,1.0,1.0,1.0,1.0
antifragile,59,1.0,1.0,1.0,1.0
antifragile,60,1.0,1.0,1.0,1.0
antifragile,61,1.0,1.0,1.0,1.0
antifragile,62,1.0,1.0,1.0,1.0
antifragile,63,1.0,1.0,1.0,1.0
antifragile,64,1.0,1.0,1.0,1.0
antifragile,65,1.0,1.0,1.0,1.0
antifragile,66,1.0,1.0,1.0,1.0
antifragile,67,1.0,1.0,1.0,1.0
antifragile,68,1.0,1.0,1.0,1.0
antifragile,69,1.0,1.0,1.0,1.0
antifragile,70,1.0,1.0,1.0,1.0
antifragile,71,1.0,1.0,1.0,1.0
antifragile,72,1.0,1.0,1.0,1.0
antifragile,73,1.0,1.0,1.0,1.0
antifragile,74,1.0,1.0,1.0,1.0
antifragile,75,1.0,1.0,1.0,1.0
antifragile,76,1.0,1.0,1.0,1.0
antifragile,77,1.0,1.0,1.0,1.0
antifragile,78,1.0,1.0,1.0,1.0
antifragile,79,1.0,1.0,1.0,1.0
antifragile,80,1.0,1.0,1.0,1.0
antifragile,81,1.0,1.0,1.0,1.0
antifragile,82,1.0,1.0,1.0,1.0
antifragile,83,1.0,1.0,1.0,1.0
antifragile,84,1.0,1.0,1.0,1.0
antifragile,85,1.0,1.0,1.0,1.0
antifragile,86,1.0,1.0,1.0,1.0
antifragile,87,1.0,1.0,1.0,1.0
antifragile,88,1.0,1.0,1.0,1.0
antifragile,89,1.0,1.0,1.0,1.0
antifragile,90,1.0,1.0,1.0,1.0
antifragile,91,1.0,1.0,1.0,1.0
antifragile,92,1.0,1.0,1.0,1.0
antifragile,93,1.0,1.0,1.0,1.0
antifragile,94,1.0,1.0,1.0,1.0
antifragile,95,1.0,1.0,1.0,1.0
antifragile,96,1.0,1.0,1.0,1.0
antifragile,97,1.0,1.0,1.0,1.0
antifragile,98,1.0,1.0,1.0,1.0
antifragile,99,1.0,1.0,1.0,1.0
antifragile,100,1.0,1.0,0.97,1.0
antifragile,101,1.0,1.0,0.97,1.0
antifragile,102,1.0,1.0,0.97,1.0
antifragile,103,1.0,1.0,0.97,1.0
antifragile,104,1.0,1.0,0.97,1.0
antifragile,105,1.0,1.0,0.97,1.0
antifragile,106,1.0,1.0,0.97,1.0
antifragile,107,1.0,1.0,0.97,1.0
antifragile,108,1.0,1.0,0.97,1.0
antifragile,109,1.0,1.0,0.97,1.0
antifragile,110,1.0,1.0,0.97,1.0
antifragile,111,1.0,1.0,0.97,1.0
antifragile,112,1.0,1.0,0.97,1.0
antifragile,113,1.0,1.0,0.97,1.0
antifragile,114,1.0,1.0,0.97,1.0
antifragile,115,1.0,1.0,0.97,1.0
antifragile,116,1.0,1.0,0.97,1.0
antifragile,117,1.0,1.0,0.97,1.0
antifragile,118,1.0,1.0,0.97,1.0
antifragile,119,1.0,1.0,0.97,1.0
antifragile,120,1.0,1.0,0.97,1.0
antifragile,121,1.0,1.0,0.97,1.0
antifragile,122,1.0,1.0,0.97,1.0
antifragile,123,1.0,1.0,0.97,1.0
antifragile,124,1.0,1.0,0.97,1.0
antifragile,125,1.0,1.0,0.97,1.0
antifragile,126,1.0,1.0,0.97,1.0
antifragile,127,1.0,1.0,0.97,1.0
antifragile,128,1.0,1.0,0.97,1.0
antifragile,129,1.0,1.0,0.97,1.0
antifragile,130,1.0,1.0,0.97,1.0
antifragile,131,1.0,1.0,0.97,1.0
antifragile,132,1.0,1.0,0.97,1.0
antifragile,133,1.0,1.0,0.97,1.0
antifragile,134,1.0,1.0,0.97,1.0
antifragile,135,1.0,1.0,0.97,1.0
antifragile,136,1.0,1.0,0.97,1.0
antifragile,137,1.0,1.0,0.97,1.0
antifragile,138,1.0,1.0,0.97,1.0
antifragile,139,1.0,1.0,0.97,1.0
antifragile,140,1.0,1.0,0.97,1.0
antifragile,141,1.0,1.0,0.97,1.0
antifragile,142,1.0,1.0,0.97,1.0
antifragile,143,1.0,1.0,0.97,1.0
antifragile,144,1.0,1.0,0.97,1.0
antifragile,145,1.0,1.0,0.97,1.0
antifragile,146,1.0,1.0,0.97,1.0
antifragile,147,1.0,1.0,0.97,1.0
antifragile,148,1.0,1.0,0.97,1.0
antifragile,149,1.0,1.0,0.97,1.0
antifragile,150,1.0,1.0,0.97,1.0
antifragile,151,1.0,1.0,0.97,1.0
antifragile,152,1.0,1.0,0.97,1.0
antifragile,153,1.0,1.0,0.97,1.0
antifragile,154,1.0,1.0,0.97,1.0
antifragile,155,1.0,1.0,0.97,1.0
antifragile,156,1.0,1.0,0.97,1.0
antifragile,157,1.0,1.0,0.97,1.0
antifragile,158,1.0,1.0,0.97,1.0
antifragile,159,1.0,1.0,0.97,1.0
antifragile,160,1.0,1.0,0.97,1.0
antifragile,161,1.0,1.0,0.97,1.0
antifragile,162,1.0,1.0,0.97,1.0
antifragile,163,1.0,1.0,0.97,1.0
antifragile,164,1.0,1.0,0.97,1.0
antifragile,165,1.0,1.0,0.97,1.0
antifragile,166,1.0,1.0,0.97,1.0
antifragile,167,1.0,1.0,0.97,1.0
antifragile,168,1.0,1.0,0.97,1.0
antifragile,169,1.0,1.0,0.97,1.0
antifragile,170,1.0,1.0,0.97,1.0
antifragile,171,1.0,1.0,0.97,1.0
antifragile,172,1.0,1.0,0.97,1.0
antifragile,173,1.0,1.0,0.97,1.0
antifragile,174,1.0,1.0,0.97,1.0
antifragile,175,1.0,1.0,0.97,1.0
antifragile,176,1.0,1.0,0.97,1.0
antifragile,177,1.0,1.0,0.97,1.0
antifragile,178,1.0,1.0,0.97,1.0
antifragile,179,1.0,1.0,0.97,1.0
antifragile,180,1.0,1.0,0.97,1.0
antifragile,181,1.0,1.0,0.97,1.0
antifragile,182,1.0,1.0,0.97,1.0
antifragile,183,1.0,1.0,0.97,1.0
antifragile,184,1.0,1.0,0.97,1.0
antifragile,185,1.0,1.0,0.97,1.0
antifragile,186,1.0,1.0,0.97,1.0
antifragile,187,1.0,1.0,0.97,1.0
antifragile,188,1.0,1.0,0.97,1.0
antifragile,189,1.0,1.0,0.97,1.0
antifragile,190,1.0,1.0,0.97,1.0
antifragile,191,1.0,1.0,0.97,1.0
antifragile,192,1.0,1.0,0.97,1.0
antifragile,193,1.0,1.0,0.97,1.0
antifragile,194,1.0,1.0,0.97,1.0
antifragile,195,1.0,1.0,0.97,1.0
antifragile,196,1.0,1.0,0.97,1.0
antifragile,197,1.0,1.0,0.97,1.0
antifragile,198,1.0,1.0,0.97,1.0
antifragile,199,1.0,1.0,0.97,1.0
antifragile,200,1.0,1.0,0.94,1.0
antifragile,201,1.0,1.0,0.94,1.0
antifragile,202,1.0,1.0,0.94,1.0
antifragile,203,1.0,1.0,0.94,1.0
antifragile,204,1.0,1.0,0.94,1.0
antifragile,205,1.0,1.0,0.94,1.0
antifragile,206,1.0,1.0,0.94,1.0
antifragile,207,1.0,1.0,0.94,1.0
antifragile,208,1.0,1.0,0.94,1.0
antifragile,209,1.0,1.0,0.94,1.0
antifragile,210,1.0,1.0,0.94,1.0
antifragile,211,1.0,1.0,0.94,1.0
antifragile,212,1.0,1.0,0.94,1.0
antifragile,213,1.0,1.0,0.94,1.0
antifragile,214,1.0,1.0,0.94,1.0
antifragile,215,1.0,1.0,0.94,1.0
antifragile,216,1.0,1.0,0.94,1.0
antifragile,217,1.0,1.0,0.94,1.0
antifragile,218,1.0,1.0,0.94,1.0
antifragile,219,1.0,1.0,0.94,1.0
antifragile,220,1.0,1.0,0.94,1.0
antifragile,221,1.0,1.0,0.94,1.0
antifragile,222,1.0,1.0,0.94,1.0
antifragile,223,1.0,1.0,0.94,1.0
antifragile,224,1.0,1.0,0.94,1.0
antifragile,225,1.0,1.0,0.94,1.0
antifragile,226,1.0,1.0,0.94,1.0
antifragile,227,1.0,1.0,0.94,1.0
antifragile,228,1.0,1.0,0.94,1.0
antifragile,229,1.0,1.0,0.94,1.0
antifragile,230,1.0,1.0,0.94,1.0
antifragile,231,1.0,1.0,0.94,1.0
antifragile,232,1.0,1.0,0.94,1.0
antifragile,233,1.0,1.0,0.94,1.0
antifragile,234,1.0,1.0,0.94,1.0
antifragile,235,1.0,1.0,0.94,1.0
antifragile,236,1.0,1.0,0.94,1.0
antifragile,237,1.0,1.0,0.94,1.0
antifragile,238,1.0,1.0,0.94,1.0
antifragile,239,1.0,1.0,0.94,1.0
antifragile,240,1.0,1.0,0.94,1.0
antifragile,241,1.0,1.0,0.94,1.0
antifragile,242,1.0,1.0,0.94,1.0
antifragile,243,1.0,1.0,0.94,1.0
antifragile,244,1.0,1.0,0.94,1.0
antifragile,245,1.0,1.0,0.94,1.0
antifragile,246,1.0,1.0,0.94,1.0
antifragile,247,1.0,1.0,0.94,1.0
antifragile,248,1.0,1.0,0.94,1.0
antifragile,249,1.0,1.0,0.94,1.0
antifragile,250,1.0,1.0,0.94,1.0
antifragile,251,1.0,1.0,0.94,1.0
antifragile,252,1.0,1.0,0.94,1.0
antifragile,253,1.0,1.0,0.94,1.0
antifragile,254,1.0,1.0,0.94,1.0
antifragile,255,1.0,1.0,0.94,1.0
antifragile,256,1.0,1.0,0.94,1.0
antifragile,257,1.0,1.0,0.94,1.0
antifragile,258,1.0,1.0,0.94,1.0
antifragile,259,1.0,1.0,0.94,1.0
antifragile,260,1.0,1.0,0.94,1.0
antifragile,261,1.0,1.0,0.94,1.0
antifragile,262,1.0,1.0,0.94,1.0
antifragile,263,1.0,1.0,0.94,1.0
antifragile,264,1.0,1.0,0.94,1.0
antifragile,265,1.0,1.0,0.94,1.0
antifragile,266,1.0,1.0,0.94,1.0
antifragile,267,1.0,1.0,0.94,1.0
antifragile,268,1.0,1.0,0.94,1.0
antifragile,269,1.0,1.0,0.94,1.0
antifragile,270,1.0,1.0,0.94,1.0
antifragile,271,1.0,1.0,0.94,1.0
antifragile,272,1.0,1.0,0.94,1.0
antifragile,273,1.0,1.0,0.94,1.0
antifragile,274,1.0,1.0,0.94,1.0
antifragile,275,1.0,1.0,0.94,1.0
antifragile,276,1.0,1.0,0.94,1.0
antifragile,277,1.0,1.0,0.94,1.0
antifragile,278,1.0,1.0,0.94,1.0
antifragile,279,1.0,1.0,0.94,1.0
antifragile,280,1.0,1.0,0.94,1.0
antifragile,281,1.0,1.0,0.94,1.0
antifragile,282,1.0,1.0,0.94,1.0
antifragile,283,1.0,1.0,0.94,1.0
antifragile,284,1.0,1.0,0.94,1.0
antifragile,285,1.0,1.0,0.94,1.0
antifragile,286,1.0,1.0,0.94,1.0
antifragile,287,1.0,1.0,0.94,1.0
antifragile,288,1.0,1.0,0.94,1.0
antifragile,289,1.0,1.0,0.94,1.0
antifragile,290,1.0,1.0,0.94,1.0
antifragile,291,1.0,1.0,0.94,1.0
antifragile,292,1.0,1.0,0.94,1.0
antifragile,293,1.0,1.0,0.94,1.0
antifragile,294,1.0,1.0,0.94,1.0
antifragile,295,1.0,1.0,0.94,1.0
antifragile,296,1.0,1.0,0.94,1.0
antifragile,297,1.0,1.0,0.94,1.0
antifragile,298,1.0,1.0,0.94,1.0
antifragile,299,1.0,1.0,0.94,1.0
antifragile,300,1.0,1.0,0.91,1.0
antifragile,301,1.0,1.0,0.91,1.0
antifragile,302,1.0,1.0,0.91,1.0
antifragile,303,1.0,1.0,0.91,1.0
antifragile,304,1.0,1.0,0.91,1.0
antifragile,305,1.0,1.0,0.91,1.0
antifragile,306,1.0,1.0,0.91,1.0
antifragile,307,1.0,1.0,0.91,1.0
antifragile,308,1.0,1.0,0.91,1.0
antifragile,309,1.0,1.0,0.91,1.0
antifragile,310,1.0,1.0,0.91,1.0
antifragile,311,1.0,1.0,0.91,1.0
antifragile,312,1.0,1.0,0.91,1.0
antifragile,313,1.0,1.0,0.91,1.0
antifragile,314,1.0,1.0,0.91,1.0
antifragile,315,1.0,1.0,0.91,1.0
antifragile,316,1.0,1.0,0.91,1.0
antifragile,317,1.0,1.0,0.91,1.0
antifragile,318,1.0,1.0,0.91,1.0
antifragile,319,1.0,1.0,0.91,1.0
antifragile,320,1.0,1.0,0.91,1.0
antifragile,321,1.0,1.0,0.91,1.0
antifragile,322,1.0,1.0,0.91,1.0
antifragile,323,1.0,1.0,0.91,1.0
antifragile,324,1.0,1.0,0.91,1.0
antifragile,325,1.0,1.0,0.91,1.0
antifragile,326,1.0,1.0,0.91,1.0
antifragile,327,1.0,1.0,0.91,1.0
antifragile,328,1.0,1.0,0.91,1.0
antifragile,329,1.0,1.0,0.91,1.0
antifragile,330,1.0,1.0,0.91,1.0
antifragile,331,1.0,1.0,0.91,1.0
antifragile,332,1.0,1.0,0.91,1.0
antifragile,333,1.0,1.0,0.91,1.0
antifragile,334,1.0,1.0,0.91,1.0
antifragile,335,1.0,1.0,0.91,1.0
antifragile,336,1.0,1.0,0.91,1.0
antifragile,337,1.0,1.0,0.91,1.0
antifragile,338,1.0,1.0,0.91,1.0
antifragile,339,1.0,1.0,0.91,1.0
antifragile,340,1.0,1.0,0.91,1.0
antifragile,341,1.0,1.0,0.91,1.0
antifragile,342,1.0,1.0,0.91,1.0
antifragile,343,1.0,1.0,0.91,1.0
antifragile,344,1.0,1.0,0.91,1.0
antifragile,345,1.0,1.0,0.91,1.0
antifragile,346,1.0,1.0,0.91,1.0
antifragile,347,1.0,1.0,0.91,1.0
antifragile,348,1.0,1.0,0.91,1.0
antifragile,349,1.0,1.0,0.91,1.0
antifragile,350,1.0,1.0,0.91,1.0
antifragile,351,1.0,1.0,0.91,1.0
antifragile,352,1.0,1.0,0.91,1.0
antifragile,353,1.0,1.0,0.91,1.0
antifragile,354,1.0,1.0,0.91,1.0
antifragile,355,1.0,1.0,0.91,1.0
antifragile,356,1.0,1.0,0.91,1.0
antifragile,357,1.0,1.0,0.91,1.0
antifragile,358,1.0,1.0,0.91,1.0
antifragile,359,1.0,1.0,0.91,1.0
antifragile,360,1.0,1.0,0.91,1.0
antifragile,361,1.0,1.0,0.91,1.0
antifragile,362,1.0,1.0,0.91,1.0
antifragile,363,1.0,1.0,0.91,1.0
antifragile,364,1.0,1.0,0.91,1.0
antifragile,365,1.0,1.0,0.91,1.0
antifragile,366,1.0,1.0,0.91,1.0
antifragile,367,1.0,1.0,0.91,1.0
antifragile,368,1.0,1.0,0.91,1.0
antifragile,369,1.0,1.0,0.91,1.0
antifragile,370,1.0,1.0,0.91,1.0
antifragile,371,1.0,1.0,0.91,1.0
antifragile,372,1.0,1.0,0.91,1.0
antifragile,373,1.0,1.0,0.91,1.0
antifragile,374,1.0,1.0,0.91,1.0
antifragile,375,1.0,1.0,0.91,1.0
antifragile,376,1.0,1.0,0.91,1.0
antifragile,377,1.0,1.0,0.91,1.0
antifragile,378,1.0,1.0,0.91,1.0
antifragile,379,1.0,1.0,0.91,1.0
antifragile,380,1.0,1.0,0.91,1.0
antifragile,381,1.0,1.0,0.91,1.0
antifragile,382,1.0,1.0,0.91,1.0
antifragile,383,1.0,1.0,0.91,1.0
antifragile,384,1.0,1.0,0.91,1.0
antifragile,385,1.0,1.0,0.91,1.0
antifragile,386,1.0,1.0,0.91,1.0
antifragile,387,1.0,1.0,0.91,1.0
antifragile,388,1.0,1.0,0.91,1.0
antifragile,389,1.0,1.0,0.91,1.0
antifragile,390,1.0,1.0,0.91,1.0
antifragile,391,1.0,1.0,0.91,1.0
antifragile,392,1.0,1.0,0.91,1.0
antifragile,393,1.0,1.0,0.91,1.0
antifragile,394,1.0,1.0,0.91,1.0
antifragile,395,1.0,1.0,0.91,1.0
antifragile,396,1.0,1.0,0.91,1.0
antifragile,397,1.0,1.0,0.91,1.0
antifragile,398,1.0,1.0,0.91,1.0
antifragile,399,1.0,1.0,0.91,1.0
antifragile,400,1.0,1.0,0.88,1.0
antifragile,401,1.0,1.0,0.88,1.0
antifragile,402,1.0,1.0,0.88,1.0
antifragile,403,1.0,1.0,0.88,1.0
antifragile,404,1.0,1.0,0.88,1.0
antifragile,405,1.0,1.0,0.88,1.0
antifragile,406,1.0,1.0,0.88,1.0
antifragile,407,1.0,1.0,0.88,1.0
antifragile,408,1.0,1.0,0.88,1.0
antifragile,409,1.0,1.0,0.88,1.0
antifragile,410,1.0,1.0,0.88,1.0
antifragile,411,1.0,1.0,0.88,1.0
antifragile,412,1.0,1.0,0.88,1.0
antifragile,413,1.0,1.0,0.88,1.0
antifragile,414,1.0,1.0,0.88,1.0
antifragile,415,1.0,1.0,0.88,1.0
antifragile,416,1.0,1.0,0.88,1.0
antifragile,417,1.0,1.0,0.88,1.0
antifragile,418,1.0,1.0,0.88,1.0
antifragile,419,1.0,1.0,0.88,1.0
antifragile,420,1.0,1.0,0.88,1.0
antifragile,421,1.0,1.0,0.88,1.0
antifragile,422,1.0,1.0,0.88,1.0
antifragile,423,1.0,1.0,0.88,1.0
antifragile,424,1.0,1.0,0.88,1.0
antifragile,425,1.0,1.0,0.88,1.0
antifragile,426,1.0,1.0,0.88,1.0
antifragile,427,1.0,1.0,0.88,1.0
antifragile,428,1.0,1.0,0.88,1.0
antifragile,429,1.0,1.0,0.88,1.0
antifragile,430,1.0,1.0,0.88,1.0
antifragile,431,1.0,1.0,0.88,1.0
antifragile,432,1.0,1.0,0.88,1.0
antifragile,433,1.0,1.0,0.88,1.0
antifragile,434,1.0,1.0,0.88,1.0
antifragile,435,1.0,1.0,0.88,1.0
antifragile,436,1.0,1.0,0.88,1.0
antifragile,437,1.0,1.0,0.88,1.0
antifragile,438,1.0,1.0,0.88,1.0
antifragile,439,1.0,1.0,0.88,1.0
antifragile,440,1.0,1.0,0.88,1.0
antifragile,441,1.0,1.0,0.88,1.0
antifragile,442,1.0,1.0,0.88,1.0
antifragile,443,1.0,1.0,0.88,1.0
antifragile,444,1.0,1.0,0.88,1.0
antifragile,445,1.0,1.0,0.88,1.0
antifragile,446,1.0,1.0,0.88,1.0
antifragile,447,1.0,1.0,0.88,1.0
antifragile,448,1.0,1.0,0.88,1.0
antifragile,449,1.0,1.0,0.88,1.0
antifragile,450,1.0,1.0,0.88,1.0
antifragile,451,1.0,1.0,0.88,1.0
antifragile,452,1.0,1.0,0.88,1.0
antifragile,453,1.0,1.0,0.88,1.0
antifragile,454,1.0,1.0,0.88,1.0
antifragile,455,1.0,1.0,0.88,1.0
antifragile,456,1.0,1.0,0.88,1.0
antifragile,457,1.0,1.0,0.88,1.0
antifragile,458,1.0,1.0,0.88,1.0
antifragile,459,1.0,1.0,0.88,1.0
antifragile,460,1.0,1.0,0.88,1.0
antifragile,461,1.0,1.0,0.88,1.0
antifragile,462,1.0,1.0,0.88,1.0
antifragile,463,1.0,1.0,0.88,1.0
antifragile,464,1.0,1.0,0.88,1.0
antifragile,465,1.0,1.0,0.88,1.0
antifragile,466,1.0,1.0,0.88,1.0
antifragile,467,1.0,1.0,0.88,1.0
antifragile,468,1.0,1.0,0.88,1.0
antifragile,469,1.0,1.0,0.88,1.0
antifragile,470,1.0,1.0,0.88,1.0
antifragile,471,1.0,1.0,0.88,1.0
antifragile,472,1.0,1.0,0.88,1.0
antifragile,473,1.0,1.0,0.88,1.0
antifragile,474,1.0,1.0,0.88,1.0
antifragile,475,1.0,1.0,0.88,1.0
antifragile,476,1.0,1.0,0.88,1.0
antifragile,477,1.0,1.0,0.88,1.0
antifragile,478,1.0,1.0,0.88,1.0
antifragile,479,1.0,1.0,0.88,1.0
antifragile,480,1.0,1.0,0.88,1.0
antifragile,481,1.0,1.0,0.88,1.0
antifragile,482,1.0,1.0,0.88,1.0
antifragile,483,1.0,1.0,0.88,1.0
antifragile,484,1.0,1.0,0.88,1.0
antifragile,485,1.0,1.0,0.88,1.0
antifragile,486,1.0,1.0,0.88,1.0
antifragile,487,1.0,1.0,0.88,1.0
antifragile,488,1.0,1.0,0.88,1.0
antifragile,489,1.0,1.0,0.88,1.0
antifragile,490,1.0,1.0,0.88,1.0
antifragile,491,1.0,1.0,0.88,1.0
antifragile,492,1.0,1.0,0.88,1.0
antifragile,493,1.0,1.0,0.88,1.0
antifragile,494,1.0,1.0,0.88,1.0
antifragile,495,1.0,1.0,0.88,1.0
antifragile,496,1.0,1.0,0.88,1.0
antifragile,497,1.0,1.0,0.88,1.0
antifragile,498,1.0,1.0,0.88,1.0
antifragile,499,1.0,1.0,0.88,1.0
antifragile,500,1.0,1.0,0.85,1.0
antifragile,501,1.0,1.0,0.85,1.0
antifragile,502,1.0,1.0,0.85,1.0
antifragile,503,1.0,1.0,0.85,1.0
antifragile,504,1.0,1.0,0.85,1.0
antifragile,505,1.0,1.0,0.85,1.0
antifragile,506,1.0,1.0,0.85,1.0
antifragile,507,1.0,1.0,0.85,1.0
antifragile,508,1.0,1.0,0.85,1.0
antifragile,509,1.0,1.0,0.85,1.0
antifragile,510,1.0,1.0,0.85,1.0
antifragile,511,1.0,1.0,0.85,1.0
antifragile,512,1.0,1.0,0.85,1.0
antifragile,513,1.0,1.0,0.85,1.0
antifragile,514,1.0,1.0,0.85,1.0
antifragile,515,1.0,1.0,0.85,1.0
antifragile,516,1.0,1.0,0.85,1.0
antifragile,517,1.0,1.0,0.85,1.0
antifragile,518,1.0,1.0,0.85,1.0
antifragile,519,1.0,1.0,0.85,1.0
antifragile,520,1.0,1.0,0.85,1.0
antifragile,521,1.0,1.0,0.85,1.0
antifragile,522,1.0,1.0,0.85,1.0
antifragile,523,1.0,1.0,0.85,1.0
antifragile,524,1.0,1.0,0.85,1.0
antifragile,525,1.0,1.0,0.85,1.0
antifragile,526,1.0,1.0,0.85,1.0
antifragile,527,1.0,1.0,0.85,1.0
antifragile,528,1.0,1.0,0.85,1.0
antifragile,529,1.0,1.0,0.85,1.0
antifragile,530,1.0,1.0,0.85,1.0
antifragile,531,1.0,1.0,0.85,1.0
antifragile,532,1.0,1.0,0.85,1.0
antifragile,533,1.0,1.0,0.85,1.0
antifragile,534,1.0,1.0,0.85,1.0
antifragile,535,1.0,1.0,0.85,1.0
antifragile,536,1.0,1.0,0.85,1.0
antifragile,537,1.0,1.0,0.85,1.0
antifragile,538,1.0,1.0,0.85,1.0
antifragile,539,1.0,1.0,0.85,1.0
antifragile,540,1.0,1.0,0.85,1.0
antifragile,541,1.0,1.0,0.85,1.0
antifragile,542,1.0,1.0,0.85,1.0
antifragile,543,1.0,1.0,0.85,1.0
antifragile,544,1.0,1.0,0.85,1.0
antifragile,545,1.0,1.0,0.85,1.0
antifragile,546,1.0,1.0,0.85,1.0
antifragile,547,1.0,1.0,0.85,1.0
antifragile,548,1.0,1.0,0.85,1.0
antifragile,549,1.0,1.0,0.85,1.0
antifragile,550,1.0,1.0,0.85,1.0
antifragile,551,1.0,1.0,0.85,1.0
antifragile,552,1.0,1.0,0.85,1.0
antifragile,553,1.0,1.0,0.85,1.0
antifragile,554,1.0,1.0,0.85,1.0
antifragile,555,1.0,1.0,0.85,1.0
antifragile,556,1.0,1.0,0.85,1.0
antifragile,557,1.0,1.0,0.85,1.0
antifragile,558,1.0,1.0,0.85,1.0
antifragile,559,1.0,1.0,0.85,1.0
antifragile,560,1.0,1.0,0.85,1.0
antifragile,561,1.0,1.0,0.85,1.0
antifragile,562,1.0,1.0,0.85,1.0
antifragile,563,1.0,1.0,0.85,1.0
antifragile,564,1.0,1.0,0.85,1.0
antifragile,565,1.0,1.0,0.85,1.0
antifragile,566,1.0,1.0,0.85,1.0
antifragile,567,1.0,1.0,0.85,1.0
antifragile,568,1.0,1.0,0.85,1.0
antifragile,569,1.0,1.0,0.85,1.0
antifragile,570,1.0,1.0,0.85,1.0
antifragile,571,1.0,1.0,0.85,1.0
antifragile,572,1.0,1.0,0.85,1.0
antifragile,573,1.0,1.0,0.85,1.0
antifragile,574,1.0,1.0,0.85,1.0
antifragile,575,1.0,1.0,0.85,1.0
antifragile,576,1.0,1.0,0.85,1.0
antifragile,577,1.0,1.0,0.85,1.0
antifragile,578,1.0,1.0,0.85,1.0
antifragile,579,1.0,1.0,0.85,1.0
antifragile,580,1.0,1.0,0.85,1.0
antifragile,581,1.0,1.0,0.85,1.0
antifragile,582,1.0,1.0,0.85,1.0
antifragile,583,1.0,1.0,0.85,1.0
antifragile,584,1.0,1.0,0.85,1.0
antifragile,585,1.0,1.0,0.85,1.0
antifragile,586,1.0,1.0,0.85,1.0
antifragile,587,1.0,1.0,0.85,1.0
antifragile,588,1.0,1.0,0.85,1.0
antifragile,589,1.0,1.0,0.85,1.0
antifragile,590,1.0,1.0,0.85,1.0
antifragile,591,1.0,1.0,0.85,1.0
antifragile,592,1.0,1.0,0.85,1.0
antifragile,593,1.0,1.0,0.85,1.0
antifragile,594,1.0,1.0,0.85,1.0
antifragile,595,1.0,1.0,0.85,1.0
antifragile,596,1.0,1.0,0.85,1.0
antifragile,597,1.0,1.0,0.85,1.0
antifragile,598,1.0,1.0,0.85,1.0
antifragile,599,1.0,1.0,0.85,1.0
antifragile,600,1.0,1.0,0.82,1.0
antifragile,601,1.0,1.0,0.82,1.0
antifragile,602,1.0,1.0,0.82,1.0
antifragile,603,1.0,1.0,0.82,1.0
antifragile,604,1.0,1.0,0.82,1.0
antifragile,605,1.0,1.0,0.82,1.0
antifragile,606,1.0,1.0,0.82,1.0
antifragile,607,1.0,1.0,0.82,1.0
antifragile,608,1.0,1.0,0.82,1.0
antifragile,609,1.0,1.0,0.82,1.0
antifragile,610,1.0,1.0,0.82,1.0
antifragile,611,1.0,1.0,0.82,1.0
antifragile,612,1.0,1.0,0.82,1.0
antifragile,613,1.0,1.0,0.82,1.0
antifragile,614,1.0,1.0,0.82,1.0
antifragile,615,1.0,1.0,0.82,1.0
antifragile,616,1.0,1.0,0.82,1.0
antifragile,617,1.0,1.0,0.82,1.0
antifragile,618,1.0,1.0,0.82,1.0
antifragile,619,1.0,1.0,0.82,1.0
antifragile,620,1.0,1.0,0.82,1.0
antifragile,621,1.0,1.0,0.82,1.0
antifragile,622,1.0,1.0,0.82,1.0
antifragile,623,1.0,1.0,0.82,1.0
antifragile,624,1.0,1.0,0.82,1.0
antifragile,625,1.0,1.0,0.82,1.0
antifragile,626,1.0,1.0,0.82,1.0
antifragile,627,1.0,1.0,0.82,1.0
antifragile,628,1.0,1.0,0.82,1.0
antifragile,629,1.0,1.0,0.82,1.0
antifragile,630,1.0,1.0,0.82,1.0
antifragile,631,1.0,1.0,0.82,1.0
antifragile,632,1.0,1.0,0.82,1.0
antifragile,633,1.0,1.0,0.82,1.0
antifragile,634,1.0,1.0,0.82,1.0
antifragile,635,1.0,1.0,0.82,1.0
antifragile,636,1.0,1.0,0.82,1.0
antifragile,637,1.0,1.0,0.82,1.0
antifragile,638,1.0,1.0,0.82,1.0
antifragile,639,1.0,1.0,0.82,1.0
antifragile,640,1.0,1.0,0.82,1.0
antifragile,641,1.0,1.0,0.82,1.0
antifragile,642,1.0,1.0,0.82,1.0
antifragile,643,1.0,1.0,0.82,1.0
antifragile,644,1.0,1.0,0.82,1.0
antifragile,645,1.0,1.0,0.82,1.0
antifragile,646,1.0,1.0,0.82,1.0
antifragile,647,1.0,1.0,0.82,1.0
antifragile,648,1.0,1.0,0.82,1.0
antifragile,649,1.0,1.0,0.82,1.0
antifragile,650,1.0,1.0,0.82,1.0
antifragile,651,1.0,1.0,0.82,1.0
antifragile,652,1.0,1.0,0.82,1.0
antifragile,653,1.0,1.0,0.82,1.0
antifragile,654,1.0,1.0,0.82,1.0
antifragile,655,1.0,1.0,0.82,1.0
antifragile,656,1.0,1.0,0.82,1.0
antifragile,657,1.0,1.0,0.82,1.0
antifragile,658,1.0,1.0,0.82,1.0
antifragile,659,1.0,1.0,0.82,1.0
antifragile,660,1.0,1.0,0.82,1.0
antifragile,661,1.0,1.0,0.82,1.0
antifragile,662,1.0,1.0,0.82,1.0
antifragile,663,1.0,1.0,0.82,1.0
antifragile,664,1.0,1.0,0.82,1.0
antifragile,665,1.0,1.0,0.82,1.0
antifragile,666,1.0,1.0,0.82,1.0
antifragile,667,1.0,1.0,0.82,1.0
antifragile,668,1.0,1.0,0.82,1.0
antifragile,669,1.0,1.0,0.82,1.0
antifragile,670,1.0,1.0,0.82,1.0
antifragile,671,1.0,1.0,0.82,1.0
antifragile,672,1.0,1.0,0.82,1.0
antifragile,673,1.0,1.0,0.82,1.0
antifragile,674,1.0,1.0,0.82,1.0
antifragile,675,1.0,1.0,0.82,1.0
antifragile,676,1.0,1.0,0.82,1.0
antifragile,677,1.0,1.0,0.82,1.0
antifragile,678,1.0,1.0,0.82,1.0
antifragile,679,1.0,1.0,0.82,1.0
antifragile,680,1.0,1.0,0.82,1.0
antifragile,681,1.0,1.0,0.82,1.0
antifragile,682,1.0,1.0,0.82,1.0
antifragile,683,1.0,1.0,0.82,1.0
antifragile,684,1.0,1.0,0.82,1.0
antifragile,685,1.0,1.0,0.82,1.0
antifragile,686,1.0,1.0,0.82,1.0
antifragile,687,1.0,1.0,0.82,1.0
antifragile,688,1.0,1.0,0.82,1.0
antifragile,689,1.0,1.0,0.82,1.0
antifragile,690,1.0,1.0,0.82,1.0
antifragile,691,1.0,1.0,0.82,1.0
antifragile,692,1.0,1.0,0.82,1.0
antifragile,693,1.0,1.0,0.82,1.0
antifragile,694,1.0,1.0,0.82,1.0
antifragile,695,1.0,1.0,0.82,1.0
antifragile,696,1.0,1.0,0.82,1.0
antifragile,697,1.0,1.0,0.82,1.0
antifragile,698,1.0,1.0,0.82,1.0
antifragile,699,1.0,1.0,0.82,1.0
antifragile,700,1.0,1.0,0.79,1.0
antifragile,701,1.0,1.0,0.79,1.0
antifragile,702,1.0,1.0,0.79,1.0
antifragile,703,1.0,1.0,0.79,1.0
antifragile,704,1.0,1.0,0.79,1.0
antifragile,705,1.0,1.0,0.79,1.0
antifragile,706,1.0,1.0,0.79,1.0
antifragile,707,1.0,1.0,0.79,1.0
antifragile,708,1.0,1.0,0.79,1.0
antifragile,709,1.0,1.0,0.79,1.0
antifragile,710,1.0,1.0,0.79,1.0
antifragile,711,1.0,1.0,0.79,1.0
antifragile,712,1.0,1.0,0.79,1.0
antifragile,713,1.0,1.0,0.79,1.0
antifragile,714,1.0,1.0,0.79,1.0
antifragile,715,1.0,1.0,0.79,1.0
antifragile,716,1.0,1.0,0.79,1.0
antifragile,717,1.0,1.0,0.79,1.0
antifragile,718,1.0,1.0,0.79,1.0
antifragile,719,1.0,1.0,0.79,1.0
antifragile,720,1.0,1.0,0.79,1.0
antifragile,721,1.0,1.0,0.79,1.0
antifragile,722,1.0,1.0,0.79,1.0
antifragile,723,1.0,1.0,0.79,1.0
antifragile,724,1.0,1.0,0.79,1.0
antifragile,725,1.0,1.0,0.79,1.0
antifragile,726,1.0,1.0,0.79,1.0
antifragile,727,1.0,1.0,0.79,1.0
antifragile,728,1.0,1.0,0.79,1.0
antifragile,729,1.0,1.0,0.79,1.0
antifragile,730,1.0,1.0,0.79,1.0
antifragile,731,1.0,1.0,0.79,1.0
antifragile,732,1.0,1.0,0.79,1.0
antifragile,733,1.0,1.0,0.79,1.0
antifragile,734,1.0,1.0,0.79,1.0
antifragile,735,1.0,1.0,0.79,1.0
antifragile,736,1.0,1.0,0.79,1.0
antifragile,737,1.0,1.0,0.79,1.0
antifragile,738,1.0,1.0,0.79,1.0
antifragile,739,1.0,1.0,0.79,1.0
antifragile,740,1.0,1.0,0.79,1.0
antifragile,741,1.0,1.0,0.79,1.0
antifragile,742,1.0,1.0,0.79,1.0
antifragile,743,1.0,1.0,0.79,1.0
antifragile,744,1.0,1.0,0.79,1.0
antifragile,745,1.0,1.0,0.79,1.0
antifragile,746,1.0,1.0,0.79,1.0
antifragile,747,1.0,1.0,0.79,1.0
antifragile,748,1.0,1.0,0.79,1.0
antifragile,749,1.0,1.0,0.79,1.0
antifragile,750,1.0,1.0,0.79,1.0
antifragile,751,1.0,1.0,0.79,1.0
antifragile,752,1.0,1.0,0.79,1.0
antifragile,753,1.0,1.0,0.79,1.0
antifragile,754,1.0,1.0,0.79,1.0
antifragile,755,1.0,1.0,0.79,1.0
antifragile,756,1.0,1.0,0.79,1.0
antifragile,757,1.0,1.0,0.79,1.0
antifragile,758,1.0,1.0,0.79,1.0
antifragile,759,1.0,1.0,0.79,1.0
antifragile,760,1.0,1.0,0.79,1.0
antifragile,761,1.0,1.0,0.79,1.0
antifragile,762,1.0,1.0,0.79,1.0
antifragile,763,1.0,1.0,0.79,1.0
antifragile,764,1.0,1.0,0.79,1.0
antifragile,765,1.0,1.0,0.79,1.0
antifragile,766,1.0,1.0,0.79,1.0
antifragile,767,1.0,1.0,0.79,1.0
antifragile,768,1.0,1.0,0.79,1.0
antifragile,769,1.0,1.0,0.79,1.0
antifragile,770,1.0,1.0,0.79,1.0
antifragile,771,1.0,1.0,0.79,1.0
antifragile,772,1.0,1.0,0.79,1.0
antifragile,773,1.0,1.0,0.79,1.0
antifragile,774,1.0,1.0,0.79,1.0
antifragile,775,1.0,1.0,0.79,1.0
antifragile,776,1.0,1.0,0.79,1.0
antifragile,777,1.0,1.0,0.79,1.0
antifragile,778,1.0,1.0,0.79,1.0
antifragile,779,1.0,1.0,0.79,1.0
antifragile,780,1.0,1.0,0.79,1.0
antifragile,781,1.0,1.0,0.79,1.0
antifragile,782,1.0,1.0,0.79,1.0
antifragile,783,1.0,1.0,0.79,1.0
antifragile,784,1.0,1.0,0.79,1.0
antifragile,785,1.0,1.0,0.79,1.0
antifragile,786,1.0,1.0,0.79,1.0
antifragile,787,1.0,1.0,0.79,1.0
antifragile,788,1.0,1.0,0.79,1.0
antifragile,789,1.0,1.0,0.79,1.0
antifragile,790,1.0,1.0,0.79,1.0
antifragile,791,1.0,1.0,0.79,1.0
antifragile,792,1.0,1.0,0.79,1.0
antifragile,793,1.0,1.0,0.79,1.0
antifragile,794,1.0,1.0,0.79,1.0
antifragile,795,1.0,1.0,0.79,1.0
antifragile,796,1.0,1.0,0.79,1.0
antifragile,797,1.0,1.0,0.79,1.0
antifragile,798,1.0,1.0,0.79,1.0
antifragile,799,1.0,1.0,0.79,1.0
antifragile,800,1.0,1.0,0.76,1.0
antifragile,801,1.0,1.0,0.76,1.0
antifragile,802,1.0,1.0,0.76,1.0
antifragile,803,1.0,1.0,0.76,1.0
antifragile,804,1.0,1.0,0.76,1.0
antifragile,805,1.0,1.0,0.76,1.0
antifragile,806,1.0,1.0,0.76,1.0
antifragile,807,1.0,1.0,0.76,1.0
antifragile,808,1.0,1.0,0.76,1.0
antifragile,809,1.0,1.0,0.76,1.0
antifragile,810,1.0,1.0,0.76,1.0
antifragile,811,1.0,1.0,0.76,1.0
antifragile,812,1.0,1.0,0.76,1.0
antifragile,813,1.0,1.0,0.76,1.0
antifragile,814,1.0,1.0,0.76,1.0
antifragile,815,1.0,1.0,0.76,1.0
antifragile,816,1.0,1.0,0.76,1.0
antifragile,817,1.0,1.0,0.76,1.0
antifragile,818,1.0,1.0,0.76,1.0
antifragile,819,1.0,1.0,0.76,1.0
antifragile,820,1.0,1.0,0.76,1.0
antifragile,821,1.0,1.0,0.76,1.0
antifragile,822,1.0,1.0,0.76,1.0
antifragile,823,1.0,1.0,0.76,1.0
antifragile,824,1.0,1.0,0.76,1.0
antifragile,825,1.0,1.0,0.76,1.0
antifragile,826,1.0,1.0,0.76,1.0
antifragile,827,1.0,1.0,0.76,1.0
antifragile,828,1.0,1.0,0.76,1.0
antifragile,829,1.0,1.0,0.76,1.0
antifragile,830,1.0,1.0,0.76,1.0
antifragile,831,1.0,1.0,0.76,1.0
antifragile,832,1.0,1.0,0.76,1.0
antifragile,833,1.0,1.0,0.76,1.0
antifragile,834,1.0,1.0,0.76,1.0
antifragile,835,1.0,1.0,0.76,1.0
antifragile,836,1.0,1.0,0.76,1.0
antifragile,837,1.0,1.0,0.76,1.0
antifragile,838,1.0,1.0,0.76,1.0
antifragile,839,1.0,1.0,0.76,1.0
antifragile,840,1.0,1.0,0.76,1.0
antifragile,841,1.0,1.0,0.76,1.0
antifragile,842,1.0,1.0,0.76,1.0
antifragile,843,1.0,1.0,0.76,1.0
antifragile,844,1.0,1.0,0.76,1.0
antifragile,845,1.0,1.0,0.76,1.0
antifragile,846,1.0,1.0,0.76,1.0
antifragile,847,1.0,1.0,0.76,1.0
antifragile,848,1.0,1.0,0.76,1.0
antifragile,849,1.0,1.0,0.76,1.0
antifragile,850,1.0,1.0,0.76,1.0
antifragile,851,1.0,1.0,0.76,1.0
antifragile,852,1.0,1.0,0.76,1.0
antifragile,853,1.0,1.0,0.76,1.0
antifragile,854,1.0,1.0,0.76,1.0
antifragile,855,1.0,1.0,0.76,1.0
antifragile,856,1.0,1.0,0.76,1.0
antifragile,857,1.0,1.0,0.76,1.0
antifragile,858,1.0,1.0,0.76,1.0
antifragile,859,1.0,1.0,0.76,1.0
antifragile,860,1.0,1.0,0.76,1.0
antifragile,861,1.0,1.0,0.76,1.0
antifragile,862,1.0,1.0,0.76,1.0
antifragile,863,1.0,1.0,0.76,1.0
antifragile,864,1.0,1.0,0.76,1.0
antifragile,865,1.0,1.0,0.76,1.0
antifragile,866,1.0,1.0,0.76,1.0
antifragile,867,1.0,1.0,0.76,1.0
antifragile,868,1.0,1.0,0.76,1.0
antifragile,869,1.0,1.0,0.76,1.0
antifragile,870,1.0,1.0,0.76,1.0
antifragile,871,1.0,1.0,0.76,1.0
antifragile,872,1.0,1.0,0.76,1.0
antifragile,873,1.0,1.0,0.76,1.0
antifragile,874,1.0,1.0,0.76,1.0
antifragile,875,1.0,1.0,0.76,1.0
antifragile,876,1.0,1.0,0.76,1.0
antifragile,877,1.0,1.0,0.76,1.0
antifragile,878,1.0,1.0,0.76,1.0
antifragile,879,1.0,1.0,0.76,1.0
antifragile,880,1.0,1.0,0.76,1.0
antifragile,881,1.0,1.0,0.76,1.0
antifragile,882,1.0,1.0,0.76,1.0
antifragile,883,1.0,1.0,0.76,1.0
antifragile,884,1.0,1.0,0.76,1.0
antifragile,885,1.0,1.0,0.76,1.0
antifragile,886,1.0,1.0,0.76,1.0
antifragile,887,1.0,1.0,0.76,1.0
antifragile,888,1.0,1.0,0.76,1.0
antifragile,889,1.0,1.0,0.76,1.0
antifragile,890,1.0,1.0,0.76,1.0
antifragile,891,1.0,1.0,0.76,1.0
antifragile,892,1.0,1.0,0.76,1.0
antifragile,893,1.0,1.0,0.76,1.0
antifragile,894,1.0,1.0,0.76,1.0
antifragile,895,1.0,1.0,0.76,1.0
antifragile,896,1.0,1.0,0.76,1.0
antifragile,897,1.0,1.0,0.76,1.0
antifragile,898,1.0,1.0,0.76,1.0
antifragile,899,1.0,1.0,0.76,1.0
antifragile,900,1.0,1.0,0.73,1.0
antifragile,901,1.0,1.0,0.73,1.0
antifragile,902,1.0,1.0,0.73,1.0
antifragile,903,1.0,1.0,0.73,1.0
antifragile,904,1.0,1.0,0.73,1.0
antifragile,905,1.0,1.0,0.73,1.0
antifragile,906,1.0,1.0,0.73,1.0
antifragile,907,1.0,1.0,0.73,1.0
antifragile,908,1.0,1.0,0.73,1.0
antifragile,909,1.0,1.0,0.73,1.0
antifragile,910,1.0,1.0,0.73,1.0
antifragile,911,1.0,1.0,0.73,1.0
antifragile,912,1.0,1.0,0.73,1.0
antifragile,913,1.0,1.0,0.73,1.0
antifragile,914,1.0,1.0,0.73,1.0
antifragile,915,1.0,1.0,0.73,1.0
antifragile,916,1.0,1.0,0.73,1.0
antifragile,917,1.0,1.0,0.73,1.0
antifragile,918,1.0,1.0,0.73,1.0
antifragile,919,1.0,1.0,0.73,1.0
antifragile,920,1.0,1.0,0.73,1.0
antifragile,921,1.0,1.0,0.73,1.0
antifragile,922,1.0,1.0,0.73,1.0
antifragile,923,1.0,1.0,0.73,1.0
antifragile,924,1.0,1.0,0.73,1.0
antifragile,925,1.0,1.0,0.73,1.0
antifragile,926,1.0,1.0,0.73,1.0
antifragile,927,1.0,1.0,0.73,1.0
antifragile,928,1.0,1.0,0.73,1.0
antifragile,929,1.0,1.0,0.73,1.0
antifragile,930,1.0,1.0,0.73,1.0
antifragile,931,1.0,1.0,0.73,1.0
antifragile,932,1.0,1.0,0.73,1.0
antifragile,933,1.0,1.0,0.73,1.0
antifragile,934,1.0,1.0,0.73,1.0
antifragile,935,1.0,1.0,0.73,1.0
antifragile,936,1.0,1.0,0.73,1.0
antifragile,937,1.0,1.0,0.73,1.0
antifragile,938,1.0,1.0,0.73,1.0
antifragile,939,1.0,1.0,0.73,1.0
antifragile,940,1.0,1.0,0.73,1.0
antifragile,941,1.0,1.0,0.73,1.0
antifragile,942,1.0,1.0,0.73,1.0
antifragile,943,1.0,1.0,0.73,1.0
antifragile,944,1.0,1.0,0.73,1.0
antifragile,945,1.0,1.0,0.73,1.0
antifragile,946,1.0,1.0,0.73,1.0
antifragile,947,1.0,1.0,0.73,1.0
antifragile,948,1.0,1.0,0.73,1.0
antifragile,949,1.0,1.0,0.73,1.0
antifragile,950,1.0,1.0,0.73,1.0
antifragile,951,1.0,1.0,0.73,1.0
antifragile,952,1.0,1.0,0.73,1.0
antifragile,953,1.0,1.0,0.73,1.0
antifragile,954,1.0,1.0,0.73,1.0
antifragile,955,1.0,1.0,0.73,1.0
antifragile,956,1.0,1.0,0.73,1.0
antifragile,957,1.0,1.0,0.73,1.0
antifragile,958,1.0,1.0,0.73,1.0
antifragile,959,1.0,1.0,0.73,1.0
antifragile,960,1.0,1.0,0.73,1.0
antifragile,961,1.0,1.0,0.73,1.0
antifragile,962,1.0,1.0,0.73,1.0
antifragile,963,1.0,1.0,0.73,1.0
antifragile,964,1.0,1.0,0.73,1.0
antifragile,965,1.0,1.0,0.73,1.0
antifragile,966,1.0,1.0,0.73,1.0
antifragile,967,1.0,1.0,0.73,1.0
antifragile,968,1.0,1.0,0.73,1.0
antifragile,969,1.0,1.0,0.73,1.0
antifragile,970,1.0,1.0,0.73,1.0
antifragile,971,1.0,1.0,0.73,1.0
antifragile,972,1.0,1.0,0.73,1.0
antifragile,973,1.0,1.0,0.73,1.0
antifragile,974,1.0,1.0,0.73,1.0
antifragile,975,1.0,1.0,0.73,1.0
antifragile,976,1.0,1.0,0.73,1.0
antifragile,977,1.0,1.0,0.73,1.0
antifragile,978,1.0,1.0,0.73,1.0
antifragile,979,1.0,1.0,0.73,1.0
antifragile,980,1.0,1.0,0.73,1.0
antifragile,981,1.0,1.0,0.73,1.0
antifragile,982,1.0,1.0,0.73,1.0
antifragile,983,1.0,1.0,0.73,1.0
antifragile,984,1.0,1.0,0.73,1.0
antifragile,985,1.0,1.0,0.73,1.0
antifragile,986,1.0,1.0,0.73,1.0
antifragile,987,1.0,1.0,0.73,1.0
antifragile,988,1.0,1.0,0.73,1.0
antifragile,989,1.0,1.0,0.73,1.0
antifragile,990,1.0,1.0,0.73,1.0
antifragile,991,1.0,1.0,0.73,1.0
antifragile,992,1.0,1.0,0.73,1.0
antifragile,993,1.0,1.0,0.73,1.0
antifragile,994,1.0,1.0,0.73,1.0
antifragile,995,1.0,1.0,0.73,1.0
antifragile,996,1.0,1.0,0.73,1.0
antifragile,997,1.0,1.0,0.73,1.0
antifragile,998,1.0,1.0,0.73,1.0
antifragile,999,1.0,1.0,0.73,1.0
antifragile,1000,1.0,1.0,0.7,1.0
antifragile,1001,1.0,1.0,0.7,1.0
antifragile,1002,1.0,1.0,0.7,1.0
antifragile,1003,1.0,1.0,0.7,1.0
antifragile,1004,1.0,1.0,0.7,1.0
antifragile,1005,1.0,1.0,0.7,1.0
antifragile,1006,1.0,1.0,0.7,1.0
antifragile,1007,1.0,1.0,0.7,1.0
antifragile,1008,1.0,1.0,0.7,1.0
antifragile,1009,1.0,1.0,0.7,1.0
antifragile,1010,1.0,1.0,0.7,1.0
antifragile,1011,1.0,1.0,0.7,1.0
antifragile,1012,1.0,1.0,0.7,1.0
antifragile,1013,1.0,1.0,0.7,1.0
antifragile,1014,1.0,1.0,0.7,1.0
antifragile,1015,1.0,1.0,0.7,1.0
antifragile,1016,1.0,1.0,0.7,1.0
antifragile,1017,1.0,1.0,0.7,1.0
antifragile,1018,1.0,1.0,0.7,1.0
antifragile,1019,1.0,1.0,0.7,1.0
antifragile,1020,1.0,1.0,0.7,1.0
antifragile,1021,1.0,1.0,0.7,1.0
antifragile,1022,1.0,1.0,0.7,1.0
antifragile,1023,1.0,1.0,0.7,1.0
antifragile,1024,1.0,1.0,0.7,1.0
antifragile,1025,1.0,1.0,0.7,1.0
antifragile,1026,1.0,1.0,0.7,1.0
antifragile,1027,1.0,1.0,0.7,1.0
antifragile,1028,1.0,1.0,0.7,1.0
antifragile,1029,1.0,1.0,0.7,1.0
antifragile,1030,1.0,1.0,0.7,1.0
antifragile,1031,1.0,1.0,0.7,1.0
antifragile,1032,1.0,1.0,0.7,1.0
antifragile,1033,1.0,1.0,0.7,1.0
antifragile,1034,1.0,1.0,0.7,1.0
antifragile,1035,1.0,1.0,0.7,1.0
antifragile,1036,1.0,1.0,0.7,1.0
antifragile,1037,1.0,1.0,0.7,1.0
antifragile,1038,1.0,1.0,0.7,1.0
antifragile,1039,1.0,1.0,0.7,1.0
antifragile,1040,1.0,1.0,0.7,1.0
antifragile,1041,1.0,1.0,0.7,1.0
antifragile,1042,1.0,1.0,0.7,1.0
antifragile,1043,1.0,1.0,0.7,1.0
antifragile,1044,1.0,1.0,0.7,1.0
antifragile,1045,1.0,1.0,0.7,1.0
antifragile,1046,1.0,1.0,0.7,1.0
antifragile,1047,1.0,1.0,0.7,1.0
antifragile,1048,1.0,1.0,0.7,1.0
antifragile,1049,1.0,1.0,0.7,1.0
antifragile,1050,1.0,1.0,0.7,1.0
antifragile,1051,1.0,1.0,0.7,1.0
antifragile,1052,1.0,1.0,0.7,1.0
antifragile,1053,1.0,1.0,0.7,1.0
antifragile,1054,1.0,1.0,0.7,1.0
antifragile,1055,1.0,1.0,0.7,1.0
antifragile,1056,1.0,1.0,0.7,1.0
antifragile,1057,1.0,1.0,0.7,1.0
antifragile,1058,1.0,1.0,0.7,1.0
antifragile,1059,1.0,1.0,0.7,1.0
antifragile,1060,1.0,1.0,0.7,1.0
antifragile,1061,1.0,1.0,0.7,1.0
antifragile,1062,1.0,1.0,0.7,1.0
antifragile,1063,1.0,1.0,0.7,1.0
antifragile,1064,1.0,1.0,0.7,1.0
antifragile,1065,1.0,1.0,0.7,1.0
antifragile,1066,1.0,1.0,0.7,1.0
antifragile,1067,1.0,1.0,0.7,1.0
antifragile,1068,1.0,1.0,0.7,1.0
antifragile,1069,1.0,1.0,0.7,1.0
antifragile,1070,1.0,1.0,0.7,1.0
antifragile,1071,1.0,1.0,0.7,1.0
antifragile,1072,1.0,1.0,0.7,1.0
antifragile,1073,1.0,1.0,0.7,1.0
antifragile,1074,1.0,1.0,0.7,1.0
antifragile,1075,1.0,1.0,0.7,1.0
antifragile,1076,1.0,1.0,0.7,1.0
antifragile,1077,1.0,1.0,0.7,1.0
antifragile,1078,1.0,1.0,0.7,1.0
antifragile,1079,1.0,1.0,0.7,1.0
antifragile,1080,1.0,1.0,0.7,1.0
antifragile,1081,1.0,1.0,0.7,1.0
antifragile,1082,1.0,1.0,0.7,1.0
antifragile,1083,1.0,1.0,0.7,1.0
antifragile,1084,1.0,1.0,0.7,1.0
antifragile,1085,1.0,1.0,0.7,1.0
antifragile,1086,1.0,1.0,0.7,1.0
antifragile,1087,1.0,1.0,0.7,1.0
antifragile,1088,1.0,1.0,0.7,1.0
antifragile,1089,1.0,1.0,0.7,1.0
antifragile,1090,1.0,1.0,0.7,1.0
antifragile,1091,1.0,1.0,0.7,1.0
antifragile,1092,1.0,1.0,0.7,1.0
antifragile,1093,1.0,1.0,0.7,1.0
antifragile,1094,1.0,1.0,0.7,1.0
antifragile,1095,1.0,1.0,0.7,1.0
antifragile,1096,1.0,1.0,0.7,1.0
antifragile,1097,1.0,1.0,0.7,1.0
antifragile,1098,1.0,1.0,0.7,1.0
antifragile,1099,1.0,1.0,0.7,1.0
antifragile,1100,1.0,1.0,0.67,1.0
antifragile,1101,1.0,1.0,0.67,1.0
antifragile,1102,1.0,1.0,0.67,1.0
antifragile,1103,1.0,1.0,0.67,1.0
antifragile,1104,1.0,1.0,0.67,1.0
antifragile,1105,1.0,1.0,0.67,1.0
antifragile,1106,1.0,1.0,0.67,1.0
antifragile,1107,1.0,1.0,0.67,1.0
antifragile,1108,1.0,1.0,0.67,1.0
antifragile,1109,1.0,1.0,0.67,1.0
antifragile,1110,1.0,1.0,0.67,1.0
antifragile,1111,1.0,1.0,0.67,1.0
antifragile,1112,1.0,1.0,0.67,1.0
antifragile,1113,1.0,1.0,0.67,1.0
antifragile,1114,1.0,1.0,0.67,1.0
antifragile,1115,1.0,1.0,0.67,1.0
antifragile,1116,1.0,1.0,0.67,1.0
antifragile,1117,1.0,1.0,0.67,1.0
antifragile,1118,1.0,1.0,0.67,1.0
antifragile,1119,1.0,1.0,0.67,1.0
antifragile,1120,1.0,1.0,0.67,1.0
antifragile,1121,1.0,1.0,0.67,1.0
antifragile,1122,1.0,1.0,0.67,1.0
antifragile,1123,1.0,1.0,0.67,1.0
antifragile,1124,1.0,1.0,0.67,1.0
antifragile,1125,1.0,1.0,0.67,1.0
antifragile,1126,1.0,1.0,0.67,1.0
antifragile,1127,1.0,1.0,0.67,1.0
antifragile,1128,1.0,1.0,0.67,1.0
antifragile,1129,1.0,1.0,0.67,1.0
antifragile,1130,1.0,1.0,0.67,1.0
antifragile,1131,1.0,1.0,0.67,1.0
antifragile,1132,1.0,1.0,0.67,1.0
antifragile,1133,1.0,1.0,0.67,1.0
antifragile,1134,1.0,1.0,0.67,1.0
antifragile,1135,1.0,1.0,0.67,1.0
antifragile,1136,1.0,1.0,0.67,1.0
antifragile,1137,1.0,1.0,0.67,1.0
antifragile,1138,1.0,1.0,0.67,1.0
antifragile,1139,1.0,1.0,0.67,1.0
antifragile,1140,1.0,1.0,0.67,1.0
antifragile,1141,1.0,1.0,0.67,1.0
antifragile,1142,1.0,1.0,0.67,1.0
antifragile,1143,1.0,1.0,0.67,1.0
antifragile,1144,1.0,1.0,0.67,1.0
antifragile,1145,1.0,1.0,0.67,1.0
antifragile,1146,1.0,1.0,0.67,1.0
antifragile,1147,1.0,1.0,0.67,1.0
antifragile,1148,1.0,1.0,0.67,1.0
antifragile,1149,1.0,1.0,0.67,1.0
antifragile,1150,1.0,1.0,0.67,1.0
antifragile,1151,1.0,1.0,0.67,1.0
antifragile,1152,1.0,1.0,0.67,1.0
antifragile,1153,1.0,1.0,0.67,1.0
antifragile,1154,1.0,1.0,0.67,1.0
antifragile,1155,1.0,1.0,0.67,1.0
antifragile,1156,1.0,1.0,0.67,1.0
antifragile,1157,1.0,1.0,0.67,1.0
antifragile,1158,1.0,1.0,0.67,1.0
antifragile,1159,1.0,1.0,0.67,1.0
antifragile,1160,1.0,1.0,0.67,1.0
antifragile,1161,1.0,1.0,0.67,1.0
antifragile,1162,1.0,1.0,0.67,1.0
antifragile,1163,1.0,1.0,0.67,1.0
antifragile,1164,1.0,1.0,0.67,1.0
antifragile,1165,1.0,1.0,0.67,1.0
antifragile,1166,1.0,1.0,0.67,1.0
antifragile,1167,1.0,1.0,0.67,1.0
antifragile,1168,1.0,1.0,0.67,1.0
antifragile,1169,1.0,1.0,0.67,1.0
antifragile,1170,1.0,1.0,0.67,1.0
antifragile,1171,1.0,1.0,0.67,1.0
antifragile,1172,1.0,1.0,0.67,1.0
antifragile,1173,1.0,1.0,0.67,1.0
antifragile,1174,1.0,1.0,0.67,1.0
antifragile,1175,1.0,1.0,0.67,1.0
antifragile,1176,1.0,1.0,0.67,1.0
antifragile,1177,1.0,1.0,0.67,1.0
antifragile,1178,1.0,1.0,0.67,1.0
antifragile,1179,1.0,1.0,0.67,1.0
antifragile,1180,1.0,1.0,0.67,1.0
antifragile,1181,1.0,1.0,0.67,1.0
antifragile,1182,1.0,1.0,0.67,1.0
antifragile,1183,1.0,1.0,0.67,1.0
antifragile,1184,1.0,1.0,0.67,1.0
antifragile,1185,1.0,1.0,0.67,1.0
antifragile,1186,1.0,1.0,0.67,1.0
antifragile,1187,1.0,1.0,0.67,1.0
antifragile,1188,1.0,1.0,0.67,1.0
antifragile,1189,1.0,1.0,0.67,1.0
antifragile,1190,1.0,1.0,0.67,1.0
antifragile,1191,1.0,1.0,0.67,1.0
antifragile,1192,1.0,1.0,0.67,1.0
antifragile,1193,1.0,1.0,0.67,1.0
antifragile,1194,1.0,1.0,0.67,1.0
antifragile,1195,1.0,1.0,0.67,1.0
antifragile,1196,1.0,1.0,0.67,1.0
antifragile,1197,1.0,1.0,0.67,1.0
antifragile,1198,1.0,1.0,0.67,1.0
antifragile,1199,1.0,1.0,0.67,1.0
recursive,0,0.53,0.2,1.0,0.93039
recursive,1,0.56,0.2,1.0,0.93978
recursive,2,0.59,0.2,1.0,0.94917
recursive,3,0.62,0.2,1.0,0.95856
recursive,4,0.65,0.2,1.0,0.96795
recursive,5,0.68,0.2,1.0,0.97734
recursive,6,0.71,0.2,1.0,0.98673
recursive,7,0.74,0.2,1.0,0.99612
recursive,8,0.77,0.2,1.0,1.0
recursive,9,0.8,0.2,1.0,1.0
recursive,10,0.83,0.2,1.0,1.0
recursive,11,0.86,0.2,1.0,1.0
recursive,12,0.88875,0.2,1.0,1.0
recursive,13,0.91125,0.2,1.0,1.0
recursive,14,0.935,0.2,1.0,1.0
recursive,15,0.955,0.2,1.0,1.0
recursive,16,0.97,0.2,1.0,1.0
recursive,17,0.98,0.2,1.0,1.0
recursive,18,0.9925,0.2,1.0,1.0
recursive,19,0.995,0.2,1.0,1.0
recursive,20,0.995,0.2,1.0,1.0
recursive,21,0.995,0.2,1.0,1.0
recursive,22,0.99875,0.2,1.0,1.0
recursive,23,1.0,0.2,1.0,1.0
recursive,24,1.0,0.2,1.0,1.0
recursive,25,1.0,0.2,1.0,1.0
recursive,26,1.0,0.2,1.0,1.0
recursive,27,1.0,0.2,1.0,1.0
recursive,28,1.0,0.2,1.0,1.0
recursive,29,1.0,0.2,1.0,1.0
recursive,30,1.0,0.2,1.0,1.0
recursive,31,1.0,0.2,1.0,1.0
recursive,32,1.0,0.2,1.0,1.0
recursive,33,1.0,0.2,1.0,1.0
recursive,34,1.0,0.2,1.0,1.0
recursive,35,1.0,0.2,1.0,1.0
recursive,36,1.0,0.2,1.0,1.0
recursive,37,1.0,0.2,1.0,1.0
recursive,38,1.0,0.2,1.0,1.0
recursive,39,1.0,0.2,1.0,1.0
recursive,40,1.0,0.2,1.0,1.0
recursive,41,1.0,0.2,1.0,1.0
recursive,42,1.0,0.2,1.0,1.0
recursive,43,1.0,0.2,1.0,1.0
recursive,44,1.0,0.2,1.0,1.0
recursive,45,1.0,0.2,1.0,1.0
recursive,46,1.0,0.2,1.0,1.0
recursive,47,1.0,0.2,1.0,1.0
recursive,48,1.0,0.2,1.0,1.0
recursive,49,1.0,0.2,1.0,1.0
recursive,50,1.0,0.2,1.0,1.0
recursive,51,1.0,0.2,1.0,1.0
recursive,52,1.0,0.2,1.0,1.0
recursive,53,1.0,0.2,1.0,1.0
recursive,54,1.0,0.2,1.0,1.0
recursive,55,1.0,0.2,1.0,1.0
recursive,56,1.0,0.2,1.0,1.0
recursive,57,1.0,0.2,1.0,1.0
recursive,58,1.0,0.2,1.0,1.0
recursive,59,1.0,0.2,1.0,1.0
recursive,60,1.0,0.2,1.0,1.0
recursive,61,1.0,0.2,1.0,1.0
recursive,62,1.0,0.2,1.0,1.0
recursive,63,1.0,0.2,1.0,1.0
recursive,64,1.0,0.2,1.0,1.0
recursive,65,1.0,0.2,1.0,1.0
recursive,66,1.0,0.2,1.0,1.0
recursive,67,1.0,0.2,1.0,1.0
recursive,68,1.0,0.2,1.0,1.0
recursive,69,1.0,0.2,1.0,1.0
recursive,70,1.0,0.2,1.0,1.0
recursive,71,1.0,0.2,1.0,1.0
recursive,72,1.0,0.2,1.0,1.0
recursive,73,1.0,0.2,1.0,1.0
recursive,74,1.0,0.2,1.0,1.0
recursive,75,1.0,0.2,1.0,1.0
recursive,76,1.0,0.2,1.0,1.0
recursive,77,1.0,0.2,1.0,1.0
recursive,78,1.0,0.2,1.0,1.0
recursive,79,1.0,0.2,1.0,1.0
recursive,80,1.0,0.2,1.0,1.0
recursive,81,1.0,0.2,1.0,1.0
recursive,82,1.0,0.2,1.0,1.0
recursive,83,1.0,0.2,1.0,1.0
recursive,84,1.0,0.2,1.0,1.0
recursive,85,1.0,0.2,1.0,1.0
recursive,86,1.0,0.2,1.0,1.0
recursive,87,1.0,0.2,1.0,1.0
recursive,88,1.0,0.2,1.0,1.0
recursive,89,1.0,0.2,1.0,1.0
recursive,90,1.0,0.2,1.0,1.0
recursive,91,1.0,0.2,1.0,1.0
recursive,92,1.0,0.2,1.0,1.0
recursive,93,1.0,0.2,1.0,1.0
recursive,94,1.0,0.2,1.0,1.0
recursive,95,1.0,0.2,1.0,1.0
recursive,96,1.0,0.2,1.0,1.0
recursive,97,1.0,0.2,1.0,1.0
recursive,98,1.0,0.2,1.0,1.0
recursive,99,1.0,0.2,1.0,1.0
recursive,100,1.0,0.2,1.0,0.9972
recursive,101,1.0,0.2,1.0,1.0
recursive,102,1.0,0.2,1.0,1.0
recursive,103,1.0,0.2,1.0,1.0
recursive,104,1.0,0.2,1.0,1.0
recursive,105,1.0,0.2,1.0,1.0
recursive,106,1.0,0.2,1.0,1.0
recursive,107,1.0,0.2,1.0,1.0
recursive,108,1.0,0.2,1.0,1.0
recursive,109,1.0,0.2,1.0,1.0
recursive,110,1.0,0.2,1.0,1.0
recursive,111,1.0,0.2,1.0,1.0
recursive,112,1.0,0.2,1.0,1.0
recursive,113,1.0,0.2,1.0,1.0
recursive,114,1.0,0.2,1.0,1.0
recursive,115,1.0,0.2,1.0,1.0
recursive,116,1.0,0.2,1.0,1.0
recursive,117,1.0,0.2,1.0,1.0
recursive,118,1.0,0.2,1.0,1.0
recursive,119,1.0,0.2,1.0,1.0
recursive,120,1.0,0.2,1.0,1.0
recursive,121,1.0,0.2,1.0,1.0
recursive,122,1.0,0.2,1.0,1.0
recursive,123,1.0,0.2,1.0,1.0
recursive,124,1.0,0.2,1.0,1.0
recursive,125,1.0,0.2,1.0,1.0
recursive,126,1.0,0.2,1.0,1.0
recursive,127,1.0,0.2,1.0,1.0
recursive,128,1.0,0.2,1.0,1.0
recursive,129,1.0,0.2,1.0,1.0
recursive,130,1.0,0.2,1.0,1.0
recursive,131,1.0,0.2,1.0,1.0
recursive,132,1.0,0.2,1.0,1.0
recursive,133,1.0,0.2,1.0,1.0
recursive,134,1.0,0.2,1.0,1.0
recursive,135,1.0,0.2,1.0,1.0
recursive,136,1.0,0.2,1.0,1.0
recursive,137,1.0,0.2,1.0,1.0
recursive,138,1.0,0.2,1.0,1.0
recursive,139,1.0,0.2,1.0,1.0
recursive,140,1.0,0.2,1.0,1.0
recursive,141,1.0,0.2,1.0,1.0
recursive,142,1.0,0.2,1.0,1.0
recursive,143,1.0,0.2,1.0,1.0
recursive,144,1.0,0.2,1.0,1.0
recursive,145,1.0,0.2,1.0,1.0
recursive,146,1.0,0.2,1.0,1.0
recursive,147,1.0,0.2,1.0,1.0
recursive,148,1.0,0.2,1.0,1.0
recursive,149,1.0,0.2,1.0,1.0
recursive,150,1.0,0.2,1.0,1.0
recursive,151,1.0,0.2,1.0,1.0
recursive,152,1.0,0.2,1.0,1.0
recursive,153,1.0,0.2,1.0,1.0
recursive,154,1.0,0.2,1.0,1.0
recursive,155,1.0,0.2,1.0,1.0
recursive,156,1.0,0.2,1.0,1.0
recursive,157,1.0,0.2,1.0,1.0
recursive,158,1.0,0.2,1.0,1.0
recursive,159,1.0,0.2,1.0,1.0
recursive,160,1.0,0.2,1.0,1.0
recursive,161,1.0,0.2,1.0,1.0
recursive,162,1.0,0.2,1.0,1.0
recursive,163,1.0,0.2,1.0,1.0
recursive,164,1.0,0.2,1.0,1.0
recursive,165,1.0,0.2,1.0,1.0
recursive,166,1.0,0.2,1.0,1.0
recursive,167,1.0,0.2,1.0,1.0
recursive,168,1.0,0.2,1.0,1.0
recursive,169,1.0,0.2,1.0,1.0
recursive,170,1.0,0.2,1.0,1.0
recursive,171,1.0,0.2,1.0,1.0
recursive,172,1.0,0.2,1.0,1.0
recursive,173,1.0,0.2,1.0,1.0
recursive,174,1.0,0.2,1.0,1.0
recursive,175,1.0,0.2,1.0,1.0
recursive,176,1.0,0.2,1.0,1.0
recursive,177,1.0,0.2,1.0,1.0
recursive,178,1.0,0.2,1.0,1.0
recursive,179,1.0,0.2,1.0,1.0
recursive,180,1.0,0.2,1.0,1.0
recursive,181,1.0,0.2,1.0,1.0
recursive,182,1.0,0.2,1.0,1.0
recursive,183,1.0,0.2,1.0,1.0
recursive,184,1.0,0.2,1.0,1.0
recursive,185,1.0,0.2,1.0,1.0
recursive,186,1.0,0.2,1.0,1.0
recursive,187,1.0,0.2,1.0,1.0
recursive,188,1.0,0.2,1.0,1.0
recursive,189,1.0,0.2,1.0,1.0
recursive,190,1.0,0.2,1.0,1.0
recursive,191,1.0,0.2,1.0,1.0
recursive,192,1.0,0.2,1.0,1.0
recursive,193,1.0,0.2,1.0,1.0
recursive,194,1.0,0.2,1.0,1.0
recursive,195,1.0,0.2,1.0,1.0
recursive,196,1.0,0.2,1.0,1.0
recursive,197,1.0,0.2,1.0,1.0
recursive,198,1.0,0.2,1.0,1.0
recursive,199,1.0,0.2,1.0,1.0
recursive,200,1.0,0.2,1.0,0.9972
recursive,201,1.0,0.2,1.0,1.0
recursive,202,1.0,0.2,1.0,1.0
recursive,203,1.0,0.2,1.0,1.0
recursive,204,1.0,0.2,1.0,1.0
recursive,205,1.0,0.2,1.0,1.0
recursive,206,1.0,0.2,1.0,1.0
recursive,207,1.0,0.2,1.0,1.0
recursive,208,1.0,0.2,1.0,1.0
recursive,209,1.0,0.2,1.0,1.0
recursive,210,1.0,0.2,1.0,1.0
recursive,211,1.0,0.2,1.0,1.0
recursive,212,1.0,0.2,1.0,1.0
recursive,213,1.0,0.2,1.0,1.0
recursive,214,1.0,0.2,1.0,1.0
recursive,215,1.0,0.2,1.0,1.0
recursive,216,1.0,0.2,1.0,1.0
recursive,217,1.0,0.2,1.0,1.0
recursive,218,1.0,0.2,1.0,1.0
recursive,219,1.0,0.2,1.0,1.0
recursive,220,1.0,0.2,1.0,1.0
recursive,221,1.0,0.2,1.0,1.0
recursive,222,1.0,0.2,1.0,1.0
recursive,223,1.0,0.2,1.0,1.0
recursive,224,1.0,0.2,1.0,1.0
recursive,225,1.0,0.2,1.0,1.0
recursive,226,1.0,0.2,1.0,1.0
recursive,227,1.0,0.2,1.0,1.0
recursive,228,1.0,0.2,1.0,1.0
recursive,229,1.0,0.2,1.0,1.0
recursive,230,1.0,0.2,1.0,1.0
recursive,231,1.0,0.2,1.0,1.0
recursive,232,1.0,0.2,1.0,1.0
recursive,233,1.0,0.2,1.0,1.0
recursive,234,1.0,0.2,1.0,1.0
recursive,235,1.0,0.2,1.0,1.0
recursive,236,1.0,0.2,1.0,1.0
recursive,237,1.0,0.2,1.0,1.0
recursive,238,1.0,0.2,1.0,1.0
recursive,239,1.0,0.2,1.0,1.0
recursive,240,1.0,0.2,1.0,1.0
recursive,241,1.0,0.2,1.0,1.0
recursive,242,1.0,0.2,1.0,1.0
recursive,243,1.0,0.2,1.0,1.0
recursive,244,1.0,0.2,1.0,1.0
recursive,245,1.0,0.2,1.0,1.0
recursive,246,1.0,0.2,1.0,1.0
recursive,247,1.0,0.2,1.0,1.0
recursive,248,1.0,0.2,1.0,1.0
recursive,249,1.0,0.2,1.0,1.0
recursive,250,1.0,0.2,1.0,1.0
recursive,251,1.0,0.2,1.0,1.0
recursive,252,1.0,0.2,1.0,1.0
recursive,253,1.0,0.2,1.0,1.0
recursive,254,1.0,0.2,1.0,1.0
recursive,255,1.0,0.2,1.0,1.0
recursive,256,1.0,0.2,1.0,1.0
recursive,257,1.0,0.2,1.0,1.0
recursive,258,1.0,0.2,1.0,1.0
recursive,259,1.0,0.2,1.0,1.0
recursive,260,1.0,0.2,1.0,1.0
recursive,261,1.0,0.2,1.0,1.0
recursive,262,1.0,0.2,1.0,1.0
recursive,263,1.0,0.2,1.0,1.0
recursive,264,1.0,0.2,1.0,1.0
recursive,265,1.0,0.2,1.0,1.0
recursive,266,1.0,0.2,1.0,1.0
recursive,267,1.0,0.2,1.0,1.0
recursive,268,1.0,0.2,1.0,1.0
recursive,269,1.0,0.2,1.0,1.0
recursive,270,1.0,0.2,1.0,1.0
recursive,271,1.0,0.2,1.0,1.0
recursive,272,1.0,0.2,1.0,1.0
recursive,273,1.0,0.2,1.0,1.0
recursive,274,1.0,0.2,1.0,1.0
recursive,275,1.0,0.2,1.0,1.0
recursive,276,1.0,0.2,1.0,1.0
recursive,277,1.0,0.2,1.0,1.0
recursive,278,1.0,0.2,1.0,1.0
recursive,279,1.0,0.2,1.0,1.0
recursive,280,1.0,0.2,1.0,1.0
recursive,281,1.0,0.2,1.0,1.0
recursive,282,1.0,0.2,1.0,1.0
recursive,283,1.0,0.2,1.0,1.0
recursive,284,1.0,0.2,1.0,1.0
recursive,285,1.0,0.2,1.0,1.0
recursive,286,1.0,0.2,1.0,1.0
recursive,287,1.0,0.2,1.0,1.0
recursive,288,1.0,0.2,1.0,1.0
recursive,289,1.0,0.2,1.0,1.0
recursive,290,1.0,0.2,1.0,1.0
recursive,291,1.0,0.2,1.0,1.0
recursive,292,1.0,0.2,1.0,1.0
recursive,293,1.0,0.2,1.0,1.0
recursive,294,1.0,0.2,1.0,1.0
recursive,295,1.0,0.2,1.0,1.0
recursive,296,1.0,0.2,1.0,1.0
recursive,297,1.0,0.2,1.0,1.0
recursive,298,1.0,0.2,1.0,1.0
recursive,299,1.0,0.2,1.0,1.0
recursive,300,1.0,0.2,1.0,0.9972
recursive,301,1.0,0.2,1.0,1.0
recursive,302,1.0,0.2,1.0,1.0
recursive,303,1.0,0.2,1.0,1.0
recursive,304,1.0,0.2,1.0,1.0
recursive,305,1.0,0.2,1.0,1.0
recursive,306,1.0,0.2,1.0,1.0
recursive,307,1.0,0.2,1.0,1.0
recursive,308,1.0,0.2,1.0,1.0
recursive,309,1.0,0.2,1.0,1.0
recursive,310,1.0,0.2,1.0,1.0
recursive,311,1.0,0.2,1.0,1.0
recursive,312,1.0,0.2,1.0,1.0
recursive,313,1.0,0.2,1.0,1.0
recursive,314,1.0,0.2,1.0,1.0
recursive,315,1.0,0.2,1.0,1.0
recursive,316,1.0,0.2,1.0,1.0
recursive,317,1.0,0.2,1.0,1.0
recursive,318,1.0,0.2,1.0,1.0
recursive,319,1.0,0.2,1.0,1.0
recursive,320,1.0,0.2,1.0,1.0
recursive,321,1.0,0.2,1.0,1.0
recursive,322,1.0,0.2,1.0,1.0
recursive,323,1.0,0.2,1.0,1.0
recursive,324,1.0,0.2,1.0,1.0
recursive,325,1.0,0.2,1.0,1.0
recursive,326,1.0,0.2,1.0,1.0
recursive,327,1.0,0.2,1.0,1.0
recursive,328,1.0,0.2,1.0,1.0
recursive,329,1.0,0.2,1.0,1.0
recursive,330,1.0,0.2,1.0,1.0
recursive,331,1.0,0.2,1.0,1.0
recursive,332,1.0,0.2,1.0,1.0
recursive,333,1.0,0.2,1.0,1.0
recursive,334,1.0,0.2,1.0,1.0
recursive,335,1.0,0.2,1.0,1.0
recursive,336,1.0,0.2,1.0,1.0
recursive,337,1.0,0.2,1.0,1.0
recursive,338,1.0,0.2,1.0,1.0
recursive,339,1.0,0.2,1.0,1.0
recursive,340,1.0,0.2,1.0,1.0
recursive,341,1.0,0.2,1.0,1.0
recursive,342,1.0,0.2,1.0,1.0
recursive,343,1.0,0.2,1.0,1.0
recursive,344,1.0,0.2,1.0,1.0
recursive,345,1.0,0.2,1.0,1.0
recursive,346,1.0,0.2,1.0,1.0
recursive,347,1.0,0.2,1.0,1.0
recursive,348,1.0,0.2,1.0,1.0
recursive,349,1.0,0.2,1.0,1.0
recursive,350,1.0,0.2,1.0,1.0
recursive,351,1.0,0.2,1.0,1.0
recursive,352,1.0,0.2,1.0,1.0
recursive,353,1.0,0.2,1.0,1.0
recursive,354,1.0,0.2,1.0,1.0
recursive,355,1.0,0.2,1.0,1.0
recursive,356,1.0,0.2,1.0,1.0
recursive,357,1.0,0.2,1.0,1.0
recursive,358,1.0,0.2,1.0,1.0
recursive,359,1.0,0.2,1.0,1.0
recursive,360,1.0,0.2,1.0,1.0
recursive,361,1.0,0.2,1.0,1.0
recursive,362,1.0,0.2,1.0,1.0
recursive,363,1.0,0.2,1.0,1.0
recursive,364,1.0,0.2,1.0,1.0
recursive,365,1.0,0.2,1.0,1.0
recursive,366,1.0,0.2,1.0,1.0
recursive,367,1.0,0.2,1.0,1.0
recursive,368,1.0,0.2,1.0,1.0
recursive,369,1.0,0.2,1.0,1.0
recursive,370,1.0,0.2,1.0,1.0
recursive,371,1.0,0.2,1.0,1.0
recursive,372,1.0,0.2,1.0,1.0
recursive,373,1.0,0.2,1.0,1.0
recursive,374,1.0,0.2,1.0,1.0
recursive,375,1.0,0.2,1.0,1.0
recursive,376,1.0,0.2,1.0,1.0
recursive,377,1.0,0.2,1.0,1.0
recursive,378,1.0,0.2,1.0,1.0
recursive,379,1.0,0.2,1.0,1.0
recursive,380,1.0,0.2,1.0,1.0
recursive,381,1.0,0.2,1.0,1.0
recursive,382,1.0,0.2,1.0,1.0
recursive,383,1.0,0.2,1.0,1.0
recursive,384,1.0,0.2,1.0,1.0
recursive,385,1.0,0.2,1.0,1.0
recursive,386,1.0,0.2,1.0,1.0
recursive,387,1.0,0.2,1.0,1.0
recursive,388,1.0,0.2,1.0,1.0
recursive,389,1.0,0.2,1.0,1.0
recursive,390,1.0,0.2,1.0,1.0
recursive,391,1.0,0.2,1.0,1.0
recursive,392,1.0,0.2,1.0,1.0
recursive,393,1.0,0.2,1.0,1.0
recursive,394,1.0,0.2,1.0,1.0
recursive,395,1.0,0.2,1.0,1.0
recursive,396,1.0,0.2,1.0,1.0
recursive,397,1.0,0.2,1.0,1.0
recursive,398,1.0,0.2,1.0,1.0
recursive,399,1.0,0.2,1.0,1.0
recursive,400,1.0,0.2,1.0,0.9972
recursive,401,1.0,0.2,1.0,1.0
recursive,402,1.0,0.2,1.0,1.0
recursive,403,1.0,0.2,1.0,1.0
recursive,404,1.0,0.2,1.0,1.0
recursive,405,1.0,0.2,1.0,1.0
recursive,406,1.0,0.2,1.0,1.0
recursive,407,1.0,0.2,1.0,1.0
recursive,408,1.0,0.2,1.0,1.0
recursive,409,1.0,0.2,1.0,1.0
recursive,410,1.0,0.2,1.0,1.0
recursive,411,1.0,0.2,1.0,1.0
recursive,412,1.0,0.2,1.0,1.0
recursive,413,1.0,0.2,1.0,1.0
recursive,414,1.0,0.2,1.0,1.0
recursive,415,1.0,0.2,1.0,1.0
recursive,416,1.0,0.2,1.0,1.0
recursive,417,1.0,0.2,1.0,1.0
recursive,418,1.0,0.2,1.0,1.0
recursive,419,1.0,0.2,1.0,1.0
recursive,420,1.0,0.2,1.0,1.0
recursive,421,1.0,0.2,1.0,1.0
recursive,422,1.0,0.2,1.0,1.0
recursive,423,1.0,0.2,1.0,1.0
recursive,424,1.0,0.2,1.0,1.0
recursive,425,1.0,0.2,1.0,1.0
recursive,426,1.0,0.2,1.0,1.0
recursive,427,1.0,0.2,1.0,1.0
recursive,428,1.0,0.2,1.0,1.0
recursive,429,1.0,0.2,1.0,1.0
recursive,430,1.0,0.2,1.0,1.0
recursive,431,1.0,0.2,1.0,1.0
recursive,432,1.0,0.2,1.0,1.0
recursive,433,1.0,0.2,1.0,1.0
recursive,434,1.0,0.2,1.0,1.0
recursive,435,1.0,0.2,1.0,1.0
recursive,436,1.0,0.2,1.0,1.0
recursive,437,1.0,0.2,1.0,1.0
recursive,438,1.0,0.2,1.0,1.0
recursive,439,1.0,0.2,1.0,1.0
recursive,440,1.0,0.2,1.0,1.0
recursive,441,1.0,0.2,1.0,1.0
recursive,442,1.0,0.2,1.0,1.0
recursive,443,1.0,0.2,1.0,1.0
recursive,444,1.0,0.2,1.0,1.0
recursive,445,1.0,0.2,1.0,1.0
recursive,446,1.0,0.2,1.0,1.0
recursive,447,1.0,0.2,1.0,1.0
recursive,448,1.0,0.2,1.0,1.0
recursive,449,1.0,0.2,1.0,1.0
recursive,450,1.0,0.2,1.0,1.0
recursive,451,1.0,0.2,1.0,1.0
recursive,452,1.0,0.2,1.0,1.0
recursive,453,1.0,0.2,1.0,1.0
recursive,454,1.0,0.2,1.0,1.0
recursive,455,1.0,0.2,1.0,1.0
recursive,456,1.0,0.2,1.0,1.0
recursive,457,1.0,0.2,1.0,1.0
recursive,458,1.0,0.2,1.0,1.0
recursive,459,1.0,0.2,1.0,1.0
recursive,460,1.0,0.2,1.0,1.0
recursive,461,1.0,0.2,1.0,1.0
recursive,462,1.0,0.2,1.0,1.0
recursive,463,1.0,0.2,1.0,1.0
recursive,464,1.0,0.2,1.0,1.0
recursive,465,1.0,0.2,1.0,1.0
recursive,466,1.0,0.2,1.0,1.0
recursive,467,1.0,0.2,1.0,1.0
recursive,468,1.0,0.2,1.0,1.0
recursive,469,1.0,0.2,1.0,1.0
recursive,470,1.0,0.2,1.0,1.0
recursive,471,1.0,0.2,1.0,1.0
recursive,472,1.0,0.2,1.0,1.0
recursive,473,1.0,0.2,1.0,1.0
recursive,474,1.0,0.2,1.0,1.0
recursive,475,1.0,0.2,1.0,1.0
recursive,476,1.0,0.2,1.0,1.0
recursive,477,1.0,0.2,1.0,1.0
recursive,478,1.0,0.2,1.0,1.0
recursive,479,1.0,0.2,1.0,1.0
recursive,480,1.0,0.2,1.0,1.0
recursive,481,1.0,0.2,1.0,1.0
recursive,482,1.0,0.2,1.0,1.0
recursive,483,1.0,0.2,1.0,1.0
recursive,484,1.0,0.2,1.0,1.0
recursive,485,1.0,0.2,1.0,1.0
recursive,486,1.0,0.2,1.0,1.0
recursive,487,1.0,0.2,1.0,1.0
recursive,488,1.0,0.2,1.0,1.0
recursive,489,1.0,0.2,1.0,1.0
recursive,490,1.0,0.2,1.0,1.0
recursive,491,1.0,0.2,1.0,1.0
recursive,492,1.0,0.2,1.0,1.0
recursive,493,1.0,0.2,1.0,1.0
recursive,494,1.0,0.2,1.0,1.0
recursive,495,1.0,0.2,1.0,1.0
recursive,496,1.0,0.2,1.0,1.0
recursive,497,1.0,0.2,1.0,1.0
recursive,498,1.0,0.2,1.0,1.0
recursive,499,1.0,0.2,1.0,1.0
recursive,500,1.0,0.2,1.0,0.9972
recursive,501,1.0,0.2,1.0,1.0
recursive,502,1.0,0.2,1.0,1.0
recursive,503,1.0,0.2,1.0,1.0
recursive,504,1.0,0.2,1.0,1.0
recursive,505,1.0,0.2,1.0,1.0
recursive,506,1.0,0.2,1.0,1.0
recursive,507,1.0,0.2,1.0,1.0
recursive,508,1.0,0.2,1.0,1.0
recursive,509,1.0,0.2,1.0,1.0
recursive,510,1.0,0.2,1.0,1.0
recursive,511,1.0,0.2,1.0,1.0
recursive,512,1.0,0.2,1.0,1.0
recursive,513,1.0,0.2,1.0,1.0
recursive,514,1.0,0.2,1.0,1.0
recursive,515,1.0,0.2,1.0,1.0
recursive,516,1.0,0.2,1.0,1.0
recursive,517,1.0,0.2,1.0,1.0
recursive,518,1.0,0.2,1.0,1.0
recursive,519,1.0,0.2,1.0,1.0
recursive,520,1.0,0.2,1.0,1.0
recursive,521,1.0,0.2,1.0,1.0
recursive,522,1.0,0.2,1.0,1.0
recursive,523,1.0,0.2,1.0,1.0
recursive,524,1.0,0.2,1.0,1.0
recursive,525,1.0,0.2,1.0,1.0
recursive,526,1.0,0.2,1.0,1.0
recursive,527,1.0,0.2,1.0,1.0
recursive,528,1.0,0.2,1.0,1.0
recursive,529,1.0,0.2,1.0,1.0
recursive,530,1.0,0.2,1.0,1.0
recursive,531,1.0,0.2,1.0,1.0
recursive,532,1.0,0.2,1.0,1.0
recursive,533,1.0,0.2,1.0,1.0
recursive,534,1.0,0.2,1.0,1.0
recursive,535,1.0,0.2,1.0,1.0
recursive,536,1.0,0.2,1.0,1.0
recursive,537,1.0,0.2,1.0,1.0
recursive,538,1.0,0.2,1.0,1.0
recursive,539,1.0,0.2,1.0,1.0
recursive,540,1.0,0.2,1.0,1.0
recursive,541,1.0,0.2,1.0,1.0
recursive,542,1.0,0.2,1.0,1.0
recursive,543,1.0,0.2,1.0,1.0
recursive,544,1.0,0.2,1.0,1.0
recursive,545,1.0,0.2,1.0,1.0
recursive,546,1.0,0.2,1.0,1.0
recursive,547,1.0,0.2,1.0,1.0
recursive,548,1.0,0.2,1.0,1.0
recursive,549,1.0,0.2,1.0,1.0
recursive,550,1.0,0.2,1.0,1.0
recursive,551,1.0,0.2,1.0,1.0
recursive,552,1.0,0.2,1.0,1.0
recursive,553,1.0,0.2,1.0,1.0
recursive,554,1.0,0.2,1.0,1.0
recursive,555,1.0,0.2,1.0,1.0
recursive,556,1.0,0.2,1.0,1.0
recursive,557,1.0,0.2,1.0,1.0
recursive,558,1.0,0.2,1.0,1.0
recursive,559,1.0,0.2,1.0,1.0
recursive,560,1.0,0.2,1.0,1.0
recursive,561,1.0,0.2,1.0,1.0
recursive,562,1.0,0.2,1.0,1.0
recursive,563,1.0,0.2,1.0,1.0
recursive,564,1.0,0.2,1.0,1.0
recursive,565,1.0,0.2,1.0,1.0
recursive,566,1.0,0.2,1.0,1.0
recursive,567,1.0,0.2,1.0,1.0
recursive,568,1.0,0.2,1.0,1.0
recursive,569,1.0,0.2,1.0,1.0
recursive,570,1.0,0.2,1.0,1.0
recursive,571,1.0,0.2,1.0,1.0
recursive,572,1.0,0.2,1.0,1.0
recursive,573,1.0,0.2,1.0,1.0
recursive,574,1.0,0.2,1.0,1.0
recursive,575,1.0,0.2,1.0,1.0
recursive,576,1.0,0.2,1.0,1.0
recursive,577,1.0,0.2,1.0,1.0
recursive,578,1.0,0.2,1.0,1.0
recursive,579,1.0,0.2,1.0,1.0
recursive,580,1.0,0.2,1.0,1.0
recursive,581,1.0,0.2,1.0,1.0
recursive,582,1.0,0.2,1.0,1.0
recursive,583,1.0,0.2,1.0,1.0
recursive,584,1.0,0.2,1.0,1.0
recursive,585,1.0,0.2,1.0,1.0
recursive,586,1.0,0.2,1.0,1.0
recursive,587,1.0,0.2,1.0,1.0
recursive,588,1.0,0.2,1.0,1.0
recursive,589,1.0,0.2,1.0,1.0
recursive,590,1.0,0.2,1.0,1.0
recursive,591,1.0,0.2,1.0,1.0
recursive,592,1.0,0.2,1.0,1.0
recursive,593,1.0,0.2,1.0,1.0
recursive,594,1.0,0.2,1.0,1.0
recursive,595,1.0,0.2,1.0,1.0
recursive,596,1.0,0.2,1.0,1.0
recursive,597,1.0,0.2,1.0,1.0
recursive,598,1.0,0.2,1.0,1.0
recursive,599,1.0,0.2,1.0,1.0
recursive,600,1.0,0.2,1.0,0.9972
recursive,601,1.0,0.2,1.0,1.0
recursive,602,1.0,0.2,1.0,1.0
recursive,603,1.0,0.2,1.0,1.0
recursive,604,1.0,0.2,1.0,1.0
recursive,605,1.0,0.2,1.0,1.0
recursive,606,1.0,0.2,1.0,1.0
recursive,607,1.0,0.2,1.0,1.0
recursive,608,1.0,0.2,1.0,1.0
recursive,609,1.0,0.2,1.0,1.0
recursive,610,1.0,0.2,1.0,1.0
recursive,611,1.0,0.2,1.0,1.0
recursive,612,1.0,0.2,1.0,1.0
recursive,613,1.0,0.2,1.0,1.0
recursive,614,1.0,0.2,1.0,1.0
recursive,615,1.0,0.2,1.0,1.0
recursive,616,1.0,0.2,1.0,1.0
recursive,617,1.0,0.2,1.0,1.0
recursive,618,1.0,0.2,1.0,1.0
recursive,619,1.0,0.2,1.0,1.0
recursive,620,1.0,0.2,1.0,1.0
recursive,621,1.0,0.2,1.0,1.0
recursive,622,1.0,0.2,1.0,1.0
recursive,623,1.0,0.2,1.0,1.0
recursive,624,1.0,0.2,1.0,1.0
recursive,625,1.0,0.2,1.0,1.0
recursive,626,1.0,0.2,1.0,1.0
recursive,627,1.0,0.2,1.0,1.0
recursive,628,1.0,0.2,1.0,1.0
recursive,629,1.0,0.2,1.0,1.0
recursive,630,1.0,0.2,1.0,1.0
recursive,631,1.0,0.2,1.0,1.0
recursive,632,1.0,0.2,1.0,1.0
recursive,633,1.0,0.2,1.0,1.0
recursive,634,1.0,0.2,1.0,1.0
recursive,635,1.0,0.2,1.0,1.0
recursive,636,1.0,0.2,1.0,1.0
recursive,637,1.0,0.2,1.0,1.0
recursive,638,1.0,0.2,1.0,1.0
recursive,639,1.0,0.2,1.0,1.0
recursive,640,1.0,0.2,1.0,1.0
recursive,641,1.0,0.2,1.0,1.0
recursive,642,1.0,0.2,1.0,1.0
recursive,643,1.0,0.2,1.0,1.0
recursive,644,1.0,0.2,1.0,1.0
recursive,645,1.0,0.2,1.0,1.0
recursive,646,1.0,0.2,1.0,1.0
recursive,647,1.0,0.2,1.0,1.0
recursive,648,1.0,0.2,1.0,1.0
recursive,649,1.0,0.2,1.0,1.0
recursive,650,1.0,0.2,1.0,1.0
recursive,651,1.0,0.2,1.0,1.0
recursive,652,1.0,0.2,1.0,1.0
recursive,653,1.0,0.2,1.0,1.0
recursive,654,1.0,0.2,1.0,1.0
recursive,655,1.0,0.2,1.0,1.0
recursive,656,1.0,0.2,1.0,1.0
recursive,657,1.0,0.2,1.0,1.0
recursive,658,1.0,0.2,1.0,1.0
recursive,659,1.0,0.2,1.0,1.0
recursive,660,1.0,0.2,1.0,1.0
recursive,661,1.0,0.2,1.0,1.0
recursive,662,1.0,0.2,1.0,1.0
recursive,663,1.0,0.2,1.0,1.0
recursive,664,1.0,0.2,1.0,1.0
recursive,665,1.0,0.2,1.0,1.0
recursive,666,1.0,0.2,1.0,1.0
recursive,667,1.0,0.2,1.0,1.0
recursive,668,1.0,0.2,1.0,1.0
recursive,669,1.0,0.2,1.0,1.0
recursive,670,1.0,0.2,1.0,1.0
recursive,671,1.0,0.2,1.0,1.0
recursive,672,1.0,0.2,1.0,1.0
recursive,673,1.0,0.2,1.0,1.0
recursive,674,1.0,0.2,1.0,1.0
recursive,675,1.0,0.2,1.0,1.0
recursive,676,1.0,0.2,1.0,1.0
recursive,677,1.0,0.2,1.0,1.0
recursive,678,1.0,0.2,1.0,1.0
recursive,679,1.0,0.2,1.0,1.0
recursive,680,1.0,0.2,1.0,1.0
recursive,681,1.0,0.2,1.0,1.0
recursive,682,1.0,0.2,1.0,1.0
recursive,683,1.0,0.2,1.0,1.0
recursive,684,1.0,0.2,1.0,1.0
recursive,685,1.0,0.2,1.0,1.0
recursive,686,1.0,0.2,1.0,1.0
recursive,687,1.0,0.2,1.0,1.0
recursive,688,1.0,0.2,1.0,1.0
recursive,689,1.0,0.2,1.0,1.0
recursive,690,1.0,0.2,1.0,1.0
recursive,691,1.0,0.2,1.0,1.0
recursive,692,1.0,0.2,1.0,1.0
recursive,693,1.0,0.2,1.0,1.0
recursive,694,1.0,0.2,1.0,1.0
recursive,695,1.0,0.2,1.0,1.0
recursive,696,1.0,0.2,1.0,1.0
recursive,697,1.0,0.2,1.0,1.0
recursive,698,1.0,0.2,1.0,1.0
recursive,699,1.0,0.2,1.0,1.0
recursive,700,1.0,0.2,1.0,0.9972
recursive,701,1.0,0.2,1.0,1.0
recursive,702,1.0,0.2,1.0,1.0
recursive,703,1.0,0.2,1.0,1.0
recursive,704,1.0,0.2,1.0,1.0
recursive,705,1.0,0.2,1.0,1.0
recursive,706,1.0,0.2,1.0,1.0
recursive,707,1.0,0.2,1.0,1.0
recursive,708,1.0,0.2,1.0,1.0
recursive,709,1.0,0.2,1.0,1.0
recursive,710,1.0,0.2,1.0,1.0
recursive,711,1.0,0.2,1.0,1.0
recursive,712,1.0,0.2,1.0,1.0
recursive,713,1.0,0.2,1.0,1.0
recursive,714,1.0,0.2,1.0,1.0
recursive,715,1.0,0.2,1.0,1.0
recursive,716,1.0,0.2,1.0,1.0
recursive,717,1.0,0.2,1.0,1.0
recursive,718,1.0,0.2,1.0,1.0
recursive,719,1.0,0.2,1.0,1.0
recursive,720,1.0,0.2,1.0,1.0
recursive,721,1.0,0.2,1.0,1.0
recursive,722,1.0,0.2,1.0,1.0
recursive,723,1.0,0.2,1.0,1.0
recursive,724,1.0,0.2,1.0,1.0
recursive,725,1.0,0.2,1.0,1.0
recursive,726,1.0,0.2,1.0,1.0
recursive,727,1.0,0.2,1.0,1.0
recursive,728,1.0,0.2,1.0,1.0
recursive,729,1.0,0.2,1.0,1.0
recursive,730,1.0,0.2,1.0,1.0
recursive,731,1.0,0.2,1.0,1.0
recursive,732,1.0,0.2,1.0,1.0
recursive,733,1.0,0.2,1.0,1.0
recursive,734,1.0,0.2,1.0,1.0
recursive,735,1.0,0.2,1.0,1.0
recursive,736,1.0,0.2,1.0,1.0
recursive,737,1.0,0.2,1.0,1.0
recursive,738,1.0,0.2,1.0,1.0
recursive,739,1.0,0.2,1.0,1.0
recursive,740,1.0,0.2,1.0,1.0
recursive,741,1.0,0.2,1.0,1.0
recursive,742,1.0,0.2,1.0,1.0
recursive,743,1.0,0.2,1.0,1.0
recursive,744,1.0,0.2,1.0,1.0
recursive,745,1.0,0.2,1.0,1.0
recursive,746,1.0,0.2,1.0,1.0
recursive,747,1.0,0.2,1.0,1.0
recursive,748,1.0,0.2,1.0,1.0
recursive,749,1.0,0.2,1.0,1.0
recursive,750,1.0,0.2,1.0,1.0
recursive,751,1.0,0.2,1.0,1.0
recursive,752,1.0,0.2,1.0,1.0
recursive,753,1.0,0.2,1.0,1.0
recursive,754,1.0,0.2,1.0,1.0
recursive,755,1.0,0.2,1.0,1.0
recursive,756,1.0,0.2,1.0,1.0
recursive,757,1.0,0.2,1.0,1.0
recursive,758,1.0,0.2,1.0,1.0
recursive,759,1.0,0.2,1.0,1.0
recursive,760,1.0,0.2,1.0,1.0
recursive,761,1.0,0.2,1.0,1.0
recursive,762,1.0,0.2,1.0,1.0
recursive,763,1.0,0.2,1.0,1.0
recursive,764,1.0,0.2,1.0,1.0
recursive,765,1.0,0.2,1.0,1.0
recursive,766,1.0,0.2,1.0,1.0
recursive,767,1.0,0.2,1.0,1.0
recursive,768,1.0,0.2,1.0,1.0
recursive,769,1.0,0.2,1.0,1.0
recursive,770,1.0,0.2,1.0,1.0
recursive,771,1.0,0.2,1.0,1.0
recursive,772,1.0,0.2,1.0,1.0
recursive,773,1.0,0.2,1.0,1.0
recursive,774,1.0,0.2,1.0,1.0
recursive,775,1.0,0.2,1.0,1.0
recursive,776,1.0,0.2,1.0,1.0
recursive,777,1.0,0.2,1.0,1.0
recursive,778,1.0,0.2,1.0,1.0
recursive,779,1.0,0.2,1.0,1.0
recursive,780,1.0,0.2,1.0,1.0
recursive,781,1.0,0.2,1.0,1.0
recursive,782,1.0,0.2,1.0,1.0
recursive,783,1.0,0.2,1.0,1.0
recursive,784,1.0,0.2,1.0,1.0
recursive,785,1.0,0.2,1.0,1.0
recursive,786,1.0,0.2,1.0,1.0
recursive,787,1.0,0.2,1.0,1.0
recursive,788,1.0,0.2,1.0,1.0
recursive,789,1.0,0.2,1.0,1.0
recursive,790,1.0,0.2,1.0,1.0
recursive,791,1.0,0.2,1.0,1.0
recursive,792,1.0,0.2,1.0,1.0
recursive,793,1.0,0.2,1.0,1.0
recursive,794,1.0,0.2,1.0,1.0
recursive,795,1.0,0.2,1.0,1.0
recursive,796,1.0,0.2,1.0,1.0
recursive,797,1.0,0.2,1.0,1.0
recursive,798,1.0,0.2,1.0,1.0
recursive,799,1.0,0.2,1.0,1.0
recursive,800,1.0,0.2,1.0,0.9972
recursive,801,1.0,0.2,1.0,1.0
recursive,802,1.0,0.2,1.0,1.0
recursive,803,1.0,0.2,1.0,1.0
recursive,804,1.0,0.2,1.0,1.0
recursive,805,1.0,0.2,1.0,1.0
recursive,806,1.0,0.2,1.0,1.0
recursive,807,1.0,0.2,1.0,1.0
recursive,808,1.0,0.2,1.0,1.0
recursive,809,1.0,0.2,1.0,1.0
recursive,810,1.0,0.2,1.0,1.0
recursive,811,1.0,0.2,1.0,1.0
recursive,812,1.0,0.2,1.0,1.0
recursive,813,1.0,0.2,1.0,1.0
recursive,814,1.0,0.2,1.0,1.0
recursive,815,1.0,0.2,1.0,1.0
recursive,816,1.0,0.2,1.0,1.0
recursive,817,1.0,0.2,1.0,1.0
recursive,818,1.0,0.2,1.0,1.0
recursive,819,1.0,0.2,1.0,1.0
recursive,820,1.0,0.2,1.0,1.0
recursive,821,1.0,0.2,1.0,1.0
recursive,822,1.0,0.2,1.0,1.0
recursive,823,1.0,0.2,1.0,1.0
recursive,824,1.0,0.2,1.0,1.0
recursive,825,1.0,0.2,1.0,1.0
recursive,826,1.0,0.2,1.0,1.0
recursive,827,1.0,0.2,1.0,1.0
recursive,828,1.0,0.2,1.0,1.0
recursive,829,1.0,0.2,1.0,1.0
recursive,830,1.0,0.2,1.0,1.0
recursive,831,1.0,0.2,1.0,1.0
recursive,832,1.0,0.2,1.0,1.0
recursive,833,1.0,0.2,1.0,1.0
recursive,834,1.0,0.2,1.0,1.0
recursive,835,1.0,0.2,1.0,1.0
recursive,836,1.0,0.2,1.0,1.0
recursive,837,1.0,0.2,1.0,1.0
recursive,838,1.0,0.2,1.0,1.0
recursive,839,1.0,0.2,1.0,1.0
recursive,840,1.0,0.2,1.0,1.0
recursive,841,1.0,0.2,1.0,1.0
recursive,842,1.0,0.2,1.0,1.0
recursive,843,1.0,0.2,1.0,1.0
recursive,844,1.0,0.2,1.0,1.0
recursive,845,1.0,0.2,1.0,1.0
recursive,846,1.0,0.2,1.0,1.0
recursive,847,1.0,0.2,1.0,1.0
recursive,848,1.0,0.2,1.0,1.0
recursive,849,1.0,0.2,1.0,1.0
recursive,850,1.0,0.2,1.0,1.0
recursive,851,1.0,0.2,1.0,1.0
recursive,852,1.0,0.2,1.0,1.0
recursive,853,1.0,0.2,1.0,1.0
recursive,854,1.0,0.2,1.0,1.0
recursive,855,1.0,0.2,1.0,1.0
recursive,856,1.0,0.2,1.0,1.0
recursive,857,1.0,0.2,1.0,1.0
recursive,858,1.0,0.2,1.0,1.0
recursive,859,1.0,0.2,1.0,1.0
recursive,860,1.0,0.2,1.0,1.0
recursive,861,1.0,0.2,1.0,1.0
recursive,862,1.0,0.2,1.0,1.0
recursive,863,1.0,0.2,1.0,1.0
recursive,864,1.0,0.2,1.0,1.0
recursive,865,1.0,0.2,1.0,1.0
recursive,866,1.0,0.2,1.0,1.0
recursive,867,1.0,0.2,1.0,1.0
recursive,868,1.0,0.2,1.0,1.0
recursive,869,1.0,0.2,1.0,1.0
recursive,870,1.0,0.2,1.0,1.0
recursive,871,1.0,0.2,1.0,1.0
recursive,872,1.0,0.2,1.0,1.0
recursive,873,1.0,0.2,1.0,1.0
recursive,874,1.0,0.2,1.0,1.0
recursive,875,1.0,0.2,1.0,1.0
recursive,876,1.0,0.2,1.0,1.0
recursive,877,1.0,0.2,1.0,1.0
recursive,878,1.0,0.2,1.0,1.0
recursive,879,1.0,0.2,1.0,1.0
recursive,880,1.0,0.2,1.0,1.0
recursive,881,1.0,0.2,1.0,1.0
recursive,882,1.0,0.2,1.0,1.0
recursive,883,1.0,0.2,1.0,1.0
recursive,884,1.0,0.2,1.0,1.0
recursive,885,1.0,0.2,1.0,1.0
recursive,886,1.0,0.2,1.0,1.0
recursive,887,1.0,0.2,1.0,1.0
recursive,888,1.0,0.2,1.0,1.0
recursive,889,1.0,0.2,1.0,1.0
recursive,890,1.0,0.2,1.0,1.0
recursive,891,1.0,0.2,1.0,1.0
recursive,892,1.0,0.2,1.0,1.0
recursive,893,1.0,0.2,1.0,1.0
recursive,894,1.0,0.2,1.0,1.0
recursive,895,1.0,0.2,1.0,1.0
recursive,896,1.0,0.2,1.0,1.0
recursive,897,1.0,0.2,1.0,1.0
recursive,898,1.0,0.2,1.0,1.0
recursive,899,1.0,0.2,1.0,1.0
recursive,900,1.0,0.2,1.0,0.9972
recursive,901,1.0,0.2,1.0,1.0
recursive,902,1.0,0.2,1.0,1.0
recursive,903,1.0,0.2,1.0,1.0
recursive,904,1.0,0.2,1.0,1.0
recursive,905,1.0,0.2,1.0,1.0
recursive,906,1.0,0.2,1.0,1.0
recursive,907,1.0,0.2,1.0,1.0
recursive,908,1.0,0.2,1.0,1.0
recursive,909,1.0,0.2,1.0,1.0
recursive,910,1.0,0.2,1.0,1.0
recursive,911,1.0,0.2,1.0,1.0
recursive,912,1.0,0.2,1.0,1.0
recursive,913,1.0,0.2,1.0,1.0
recursive,914,1.0,0.2,1.0,1.0
recursive,915,1.0,0.2,1.0,1.0
recursive,916,1.0,0.2,1.0,1.0
recursive,917,1.0,0.2,1.0,1.0
recursive,918,1.0,0.2,1.0,1.0
recursive,919,1.0,0.2,1.0,1.0
recursive,920,1.0,0.2,1.0,1.0
recursive,921,1.0,0.2,1.0,1.0
recursive,922,1.0,0.2,1.0,1.0
recursive,923,1.0,0.2,1.0,1.0
recursive,924,1.0,0.2,1.0,1.0
recursive,925,1.0,0.2,1.0,1.0
recursive,926,1.0,0.2,1.0,1.0
recursive,927,1.0,0.2,1.0,1.0
recursive,928,1.0,0.2,1.0,1.0
recursive,929,1.0,0.2,1.0,1.0
recursive,930,1.0,0.2,1.0,1.0
recursive,931,1.0,0.2,1.0,1.0
recursive,932,1.0,0.2,1.0,1.0
recursive,933,1.0,0.2,1.0,1.0
recursive,934,1.0,0.2,1.0,1.0
recursive,935,1.0,0.2,1.0,1.0
recursive,936,1.0,0.2,1.0,1.0
recursive,937,1.0,0.2,1.0,1.0
recursive,938,1.0,0.2,1.0,1.0
recursive,939,1.0,0.2,1.0,1.0
recursive,940,1.0,0.2,1.0,1.0
recursive,941,1.0,0.2,1.0,1.0
recursive,942,1.0,0.2,1.0,1.0
recursive,943,1.0,0.2,1.0,1.0
recursive,944,1.0,0.2,1.0,1.0
recursive,945,1.0,0.2,1.0,1.0
recursive,946,1.0,0.2,1.0,1.0
recursive,947,1.0,0.2,1.0,1.0
recursive,948,1.0,0.2,1.0,1.0
recursive,949,1.0,0.2,1.0,1.0
recursive,950,1.0,0.2,1.0,1.0
recursive,951,1.0,0.2,1.0,1.0
recursive,952,1.0,0.2,1.0,1.0
recursive,953,1.0,0.2,1.0,1.0
recursive,954,1.0,0.2,1.0,1.0
recursive,955,1.0,0.2,1.0,1.0
recursive,956,1.0,0.2,1.0,1.0
recursive,957,1.0,0.2,1.0,1.0
recursive,958,1.0,0.2,1.0,1.0
recursive,959,1.0,0.2,1.0,1.0
recursive,960,1.0,0.2,1.0,1.0
recursive,961,1.0,0.2,1.0,1.0
recursive,962,1.0,0.2,1.0,1.0
recursive,963,1.0,0.2,1.0,1.0
recursive,964,1.0,0.2,1.0,1.0
recursive,965,1.0,0.2,1.0,1.0
recursive,966,1.0,0.2,1.0,1.0
recursive,967,1.0,0.2,1.0,1.0
recursive,968,1.0,0.2,1.0,1.0
recursive,969,1.0,0.2,1.0,1.0
recursive,970,1.0,0.2,1.0,1.0
recursive,971,1.0,0.2,1.0,1.0
recursive,972,1.0,0.2,1.0,1.0
recursive,973,1.0,0.2,1.0,1.0
recursive,974,1.0,0.2,1.0,1.0
recursive,975,1.0,0.2,1.0,1.0
recursive,976,1.0,0.2,1.0,1.0
recursive,977,1.0,0.2,1.0,1.0
recursive,978,1.0,0.2,1.0,1.0
recursive,979,1.0,0.2,1.0,1.0
recursive,980,1.0,0.2,1.0,1.0
recursive,981,1.0,0.2,1.0,1.0
recursive,982,1.0,0.2,1.0,1.0
recursive,983,1.0,0.2,1.0,1.0
recursive,984,1.0,0.2,1.0,1.0
recursive,985,1.0,0.2,1.0,1.0
recursive,986,1.0,0.2,1.0,1.0
recursive,987,1.0,0.2,1.0,1.0
recursive,988,1.0,0.2,1.0,1.0
recursive,989,1.0,0.2,1.0,1.0
recursive,990,1.0,0.2,1.0,1.0
recursive,991,1.0,0.2,1.0,1.0
recursive,992,1.0,0.2,1.0,1.0
recursive,993,1.0,0.2,1.0,1.0
recursive,994,1.0,0.2,1.0,1.0
recursive,995,1.0,0.2,1.0,1.0
recursive,996,1.0,0.2,1.0,1.0
recursive,997,1.0,0.2,1.0,1.0
recursive,998,1.0,0.2,1.0,1.0
recursive,999,1.0,0.2,1.0,1.0
recursive,1000,1.0,0.2,1.0,0.9972
recursive,1001,1.0,0.2,1.0,1.0
recursive,1002,1.0,0.2,1.0,1.0
recursive,1003,1.0,0.2,1.0,1.0
recursive,1004,1.0,0.2,1.0,1.0
recursive,1005,1.0,0.2,1.0,1.0
recursive,1006,1.0,0.2,1.0,1.0
recursive,1007,1.0,0.2,1.0,1.0
recursive,1008,1.0,0.2,1.0,1.0
recursive,1009,1.0,0.2,1.0,1.0
recursive,1010,1.0,0.2,1.0,1.0
recursive,1011,1.0,0.2,1.0,1.0
recursive,1012,1.0,0.2,1.0,1.0
recursive,1013,1.0,0.2,1.0,1.0
recursive,1014,1.0,0.2,1.0,1.0
recursive,1015,1.0,0.2,1.0,1.0
recursive,1016,1.0,0.2,1.0,1.0
recursive,1017,1.0,0.2,1.0,1.0
recursive,1018,1.0,0.2,1.0,1.0
recursive,1019,1.0,0.2,1.0,1.0
recursive,1020,1.0,0.2,1.0,1.0
recursive,1021,1.0,0.2,1.0,1.0
recursive,1022,1.0,0.2,1.0,1.0
recursive,1023,1.0,0.2,1.0,1.0
recursive,1024,1.0,0.2,1.0,1.0
recursive,1025,1.0,0.2,1.0,1.0
recursive,1026,1.0,0.2,1.0,1.0
recursive,1027,1.0,0.2,1.0,1.0
recursive,1028,1.0,0.2,1.0,1.0
recursive,1029,1.0,0.2,1.0,1.0
recursive,1030,1.0,0.2,1.0,1.0
recursive,1031,1.0,0.2,1.0,1.0
recursive,1032,1.0,0.2,1.0,1.0
recursive,1033,1.0,0.2,1.0,1.0
recursive,1034,1.0,0.2,1.0,1.0
recursive,1035,1.0,0.2,1.0,1.0
recursive,1036,1.0,0.2,1.0,1.0
recursive,1037,1.0,0.2,1.0,1.0
recursive,1038,1.0,0.2,1.0,1.0
recursive,1039,1.0,0.2,1.0,1.0
recursive,1040,1.0,0.2,1.0,1.0
recursive,1041,1.0,0.2,1.0,1.0
recursive,1042,1.0,0.2,1.0,1.0
recursive,1043,1.0,0.2,1.0,1.0
recursive,1044,1.0,0.2,1.0,1.0
recursive,1045,1.0,0.2,1.0,1.0
recursive,1046,1.0,0.2,1.0,1.0
recursive,1047,1.0,0.2,1.0,1.0
recursive,1048,1.0,0.2,1.0,1.0
recursive,1049,1.0,0.2,1.0,1.0
recursive,1050,1.0,0.2,1.0,1.0
recursive,1051,1.0,0.2,1.0,1.0
recursive,1052,1.0,0.2,1.0,1.0
recursive,1053,1.0,0.2,1.0,1.0
recursive,1054,1.0,0.2,1.0,1.0
recursive,1055,1.0,0.2,1.0,1.0
recursive,1056,1.0,0.2,1.0,1.0
recursive,1057,1.0,0.2,1.0,1.0
recursive,1058,1.0,0.2,1.0,1.0
recursive,1059,1.0,0.2,1.0,1.0
recursive,1060,1.0,0.2,1.0,1.0
recursive,1061,1.0,0.2,1.0,1.0
recursive,1062,1.0,0.2,1.0,1.0
recursive,1063,1.0,0.2,1.0,1.0
recursive,1064,1.0,0.2,1.0,1.0
recursive,1065,1.0,0.2,1.0,1.0
recursive,1066,1.0,0.2,1.0,1.0
recursive,1067,1.0,0.2,1.0,1.0
recursive,1068,1.0,0.2,1.0,1.0
recursive,1069,1.0,0.2,1.0,1.0
recursive,1070,1.0,0.2,1.0,1.0
recursive,1071,1.0,0.2,1.0,1.0
recursive,1072,1.0,0.2,1.0,1.0
recursive,1073,1.0,0.2,1.0,1.0
recursive,1074,1.0,0.2,1.0,1.0
recursive,1075,1.0,0.2,1.0,1.0
recursive,1076,1.0,0.2,1.0,1.0
recursive,1077,1.0,0.2,1.0,1.0
recursive,1078,1.0,0.2,1.0,1.0
recursive,1079,1.0,0.2,1.0,1.0
recursive,1080,1.0,0.2,1.0,1.0
recursive,1081,1.0,0.2,1.0,1.0
recursive,1082,1.0,0.2,1.0,1.0
recursive,1083,1.0,0.2,1.0,1.0
recursive,1084,1.0,0.2,1.0,1.0
recursive,1085,1.0,0.2,1.0,1.0
recursive,1086,1.0,0.2,1.0,1.0
recursive,1087,1.0,0.2,1.0,1.0
recursive,1088,1.0,0.2,1.0,1.0
recursive,1089,1.0,0.2,1.0,1.0
recursive,1090,1.0,0.2,1.0,1.0
recursive,1091,1.0,0.2,1.0,1.0
recursive,1092,1.0,0.2,1.0,1.0
recursive,1093,1.0,0.2,1.0,1.0
recursive,1094,1.0,0.2,1.0,1.0
recursive,1095,1.0,0.2,1.0,1.0
recursive,1096,1.0,0.2,1.0,1.0
recursive,1097,1.0,0.2,1.0,1.0
recursive,1098,1.0,0.2,1.0,1.0
recursive,1099,1.0,0.2,1.0,1.0
recursive,1100,1.0,0.2,1.0,0.9972
recursive,1101,1.0,0.2,1.0,1.0
recursive,1102,1.0,0.2,1.0,1.0
recursive,1103,1.0,0.2,1.0,1.0
recursive,1104,1.0,0.2,1.0,1.0
recursive,1105,1.0,0.2,1.0,1.0
recursive,1106,1.0,0.2,1.0,1.0
recursive,1107,1.0,0.2,1.0,1.0
recursive,1108,1.0,0.2,1.0,1.0
recursive,1109,1.0,0.2,1.0,1.0
recursive,1110,1.0,0.2,1.0,1.0
recursive,1111,1.0,0.2,1.0,1.0
recursive,1112,1.0,0.2,1.0,1.0
recursive,1113,1.0,0.2,1.0,1.0
recursive,1114,1.0,0.2,1.0,1.0
recursive,1115,1.0,0.2,1.0,1.0
recursive,1116,1.0,0.2,1.0,1.0
recursive,1117,1.0,0.2,1.0,1.0
recursive,1118,1.0,0.2,1.0,1.0
recursive,1119,1.0,0.2,1.0,1.0
recursive,1120,1.0,0.2,1.0,1.0
recursive,1121,1.0,0.2,1.0,1.0
recursive,1122,1.0,0.2,1.0,1.0
recursive,1123,1.0,0.2,1.0,1.0
recursive,1124,1.0,0.2,1.0,1.0
recursive,1125,1.0,0.2,1.0,1.0
recursive,1126,1.0,0.2,1.0,1.0
recursive,1127,1.0,0.2,1.0,1.0
recursive,1128,1.0,0.2,1.0,1.0
recursive,1129,1.0,0.2,1.0,1.0
recursive,1130,1.0,0.2,1.0,1.0
recursive,1131,1.0,0.2,1.0,1.0
recursive,1132,1.0,0.2,1.0,1.0
recursive,1133,1.0,0.2,1.0,1.0
recursive,1134,1.0,0.2,1.0,1.0
recursive,1135,1.0,0.2,1.0,1.0
recursive,1136,1.0,0.2,1.0,1.0
recursive,1137,1.0,0.2,1.0,1.0
recursive,1138,1.0,0.2,1.0,1.0
recursive,1139,1.0,0.2,1.0,1.0
recursive,1140,1.0,0.2,1.0,1.0
recursive,1141,1.0,0.2,1.0,1.0
recursive,1142,1.0,0.2,1.0,1.0
recursive,1143,1.0,0.2,1.0,1.0
recursive,1144,1.0,0.2,1.0,1.0
recursive,1145,1.0,0.2,1.0,1.0
recursive,1146,1.0,0.2,1.0,1.0
recursive,1147,1.0,0.2,1.0,1.0
recursive,1148,1.0,0.2,1.0,1.0
recursive,1149,1.0,0.2,1.0,1.0
recursive,1150,1.0,0.2,1.0,1.0
recursive,1151,1.0,0.2,1.0,1.0
recursive,1152,1.0,0.2,1.0,1.0
recursive,1153,1.0,0.2,1.0,1.0
recursive,1154,1.0,0.2,1.0,1.0
recursive,1155,1.0,0.2,1.0,1.0
recursive,1156,1.0,0.2,1.0,1.0
recursive,1157,1.0,0.2,1.0,1.0
recursive,1158,1.0,0.2,1.0,1.0
recursive,1159,1.0,0.2,1.0,1.0
recursive,1160,1.0,0.2,1.0,1.0
recursive,1161,1.0,0.2,1.0,1.0
recursive,1162,1.0,0.2,1.0,1.0
recursive,1163,1.0,0.2,1.0,1.0
recursive,1164,1.0,0.2,1.0,1.0
recursive,1165,1.0,0.2,1.0,1.0
recursive,1166,1.0,0.2,1.0,1.0
recursive,1167,1.0,0.2,1.0,1.0
recursive,1168,1.0,0.2,1.0,1.0
recursive,1169,1.0,0.2,1.0,1.0
recursive,1170,1.0,0.2,1.0,1.0
recursive,1171,1.0,0.2,1.0,1.0
recursive,1172,1.0,0.2,1.0,1.0
recursive,1173,1.0,0.2,1.0,1.0
recursive,1174,1.0,0.2,1.0,1.0
recursive,1175,1.0,0.2,1.0,1.0
recursive,1176,1.0,0.2,1.0,1.0
recursive,1177,1.0,0.2,1.0,1.0
recursive,1178,1.0,0.2,1.0,1.0
recursive,1179,1.0,0.2,1.0,1.0
recursive,1180,1.0,0.2,1.0,1.0
recursive,1181,1.0,0.2,1.0,1.0
recursive,1182,1.0,0.2,1.0,1.0
recursive,1183,1.0,0.2,1.0,1.0
recursive,1184,1.0,0.2,1.0,1.0
recursive,1185,1.0,0.2,1.0,1.0
recursive,1186,1.0,0.2,1.0,1.0
recursive,1187,1.0,0.2,1.0,1.0
recursive,1188,1.0,0.2,1.0,1.0
recursive,1189,1.0,0.2,1.0,1.0
recursive,1190,1.0,0.2,1.0,1.0
recursive,1191,1.0,0.2,1.0,1.0
recursive,1192,1.0,0.2,1.0,1.0
recursive,1193,1.0,0.2,1.0,1.0
recursive,1194,1.0,0.2,1.0,1.0
recursive,1195,1.0,0.2,1.0,1.0
recursive,1196,1.0,0.2,1.0,1.0
recursive,1197,1.0,0.2,1.0,1.0
recursive,1198,1.0,0.2,1.0,1.0
recursive,1199,1.0,0.2,1.0,1.0
unification,0,0.605,0.137,1.0,0.96951
unification,1,0.71,0.075938,1.0,1.0
unification,2,0.815,0.03175,1.0,1.0
unification,3,0.904375,0.005375,1.0,1.0
unification,4,0.957813,0.0,1.0,1.0
unification,5,0.98875,0.0,1.0,1.0
unification,6,0.995,0.0,1.0,1.0
unification,7,0.997188,0.0,1.0,1.0
unification,8,1.0,0.0,1.0,1.0
unification,9,1.0,0.0,1.0,1.0
unification,10,1.0,0.0,1.0,1.0
unification,11,1.0,0.0,1.0,1.0
unification,12,1.0,0.0,1.0,1.0
unification,13,1.0,0.0,1.0,1.0
unification,14,1.0,0.0,1.0,1.0
unification,15,1.0,0.0,1.0,1.0
unification,16,1.0,0.0,1.0,1.0
unification,17,1.0,0.0,1.0,1.0
unification,18,1.0,0.0,1.0,1.0
unification,19,1.0,0.0,1.0,1.0
unification,20,1.0,0.0,1.0,1.0
unification,21,1.0,0.0,1.0,1.0
unification,22,1.0,0.0,1.0,1.0
unification,23,1.0,0.0,1.0,1.0
unification,24,1.0,0.0,1.0,1.0
unification,25,1.0,0.0,1.0,1.0
unification,26,1.0,0.0,1.0,1.0
unification,27,1.0,0.0,1.0,1.0
unification,28,1.0,0.0,1.0,1.0
unification,29,1.0,0.0,1.0,1.0
unification,30,1.0,0.0,1.0,1.0
unification,31,1.0,0.0,1.0,1.0
unification,32,1.0,0.0,1.0,1.0
unification,33,1.0,0.0,1.0,1.0
unification,34,1.0,0.0,1.0,1.0
unification,35,1.0,0.0,1.0,1.0
unification,36,1.0,0.0,1.0,1.0
unification,37,1.0,0.0,1.0,1.0
unification,38,1.0,0.0,1.0,1.0
unification,39,1.0,0.0,1.0,1.0
unification,40,1.0,0.0,1.0,1.0
unification,41,1.0,0.0,1.0,1.0
unification,42,1.0,0.0,1.0,1.0
unification,43,1.0,0.0,1.0,1.0
unification,44,1.0,0.0,1.0,1.0
unification,45,1.0,0.0,1.0,1.0
unification,46,1.0,0.0,1.0,1.0
unification,47,1.0,0.0,1.0,1.0
unification,48,1.0,0.0,1.0,1.0
unification,49,1.0,0.0,1.0,1.0
unification,50,1.0,0.0,1.0,1.0
unification,51,1.0,0.0,1.0,1.0
unification,52,1.0,0.0,1.0,1.0
unification,53,1.0,0.0,1.0,1.0
unification,54,1.0,0.0,1.0,1.0
unification,55,1.0,0.0,1.0,1.0
unification,56,1.0,0.0,1.0,1.0
unification,57,1.0,0.0,1.0,1.0
unification,58,1.0,0.0,1.0,1.0
unification,59,1.0,0.0,1.0,1.0
unification,60,1.0,0.0,1.0,1.0
unification,61,1.0,0.0,1.0,1.0
unification,62,1.0,0.0,1.0,1.0
unification,63,1.0,0.0,1.0,1.0
unification,64,1.0,0.0,1.0,1.0
unification,65,1.0,0.0,1.0,1.0
unification,66,1.0,0.0,1.0,1.0
unification,67,1.0,0.0,1.0,1.0
unification,68,1.0,0.0,1.0,1.0
unification,69,1.0,0.0,1.0,1.0
unification,70,1.0,0.0,1.0,1.0
unification,71,1.0,0.0,1.0,1.0
unification,72,1.0,0.0,1.0,1.0
unification,73,1.0,0.0,1.0,1.0
unification,74,1.0,0.0,1.0,1.0
unification,75,1.0,0.0,1.0,1.0
unification,76,1.0,0.0,1.0,1.0
unification,77,1.0,0.0,1.0,1.0
unification,78,1.0,0.0,1.0,1.0
unification,79,1.0,0.0,1.0,1.0
unification,80,1.0,0.0,1.0,1.0
unification,81,1.0,0.0,1.0,1.0
unification,82,1.0,0.0,1.0,1.0
unification,83,1.0,0.0,1.0,1.0
unification,84,1.0,0.0,1.0,1.0
unification,85,1.0,0.0,1.0,1.0
unification,86,1.0,0.0,1.0,1.0
unification,87,1.0,0.0,1.0,1.0
unification,88,1.0,0.0,1.0,1.0
unification,89,1.0,0.0,1.0,1.0
unification,90,1.0,0.0,1.0,1.0
unification,91,1.0,0.0,1.0,1.0
unification,92,1.0,0.0,1.0,1.0
unification,93,1.0,0.0,1.0,1.0
unification,94,1.0,0.0,1.0,1.0
unification,95,1.0,0.0,1.0,1.0
unification,96,1.0,0.0,1.0,1.0
unification,97,1.0,0.0,1.0,1.0
unification,98,1.0,0.0,1.0,1.0
unification,99,1.0,0.0,1.0,1.0
unification,100,1.04,-0.03,1.03,1.0
unification,101,1.0025,-0.001875,1.001875,1.0
unification,102,1.0,0.0,1.0,1.0
unification,103,1.0,0.0,1.0,1.0
unification,104,1.0,0.0,1.0,1.0
unification,105,1.0,0.0,1.0,1.0
unification,106,1.0,0.0,1.0,1.0
unification,107,1.0,0.0,1.0,1.0
unification,108,1.0,0.0,1.0,1.0
unification,109,1.0,0.0,1.0,1.0
unification,110,1.0,0.0,1.0,1.0
unification,111,1.0,0.0,1.0,1.0
unification,112,1.0,0.0,1.0,1.0
unification,113,1.0,0.0,1.0,1.0
unification,114,1.0,0.0,1.0,1.0
unification,115,1.0,0.0,1.0,1.0
unification,116,1.0,0.0,1.0,1.0
unification,117,1.0,0.0,1.0,1.0
unification,118,1.0,0.0,1.0,1.0
unification,119,1.0,0.0,1.0,1.0
unification,120,1.0,0.0,1.0,1.0
unification,121,1.0,0.0,1.0,1.0
unification,122,1.0,0.0,1.0,1.0
unification,123,1.0,0.0,1.0,1.0
unification,124,1.0,0.0,1.0,1.0
unification,125,1.0,0.0,1.0,1.0
unification,126,1.0,0.0,1.0,1.0
unification,127,1.0,0.0,1.0,1.0
unification,128,1.0,0.0,1.0,1.0
unification,129,1.0,0.0,1.0,1.0
unification,130,1.0,0.0,1.0,1.0
unification,131,1.0,0.0,1.0,1.0
unification,132,1.0,0.0,1.0,1.0
unification,133,1.0,0.0,1.0,1.0
unification,134,1.0,0.0,1.0,1.0
unification,135,1.0,0.0,1.0,1.0
unification,136,1.0,0.0,1.0,1.0
unification,137,1.0,0.0,1.0,1.0
unification,138,1.0,0.0,1.0,1.0
unification,139,1.0,0.0,1.0,1.0
unification,140,1.0,0.0,1.0,1.0
unification,141,1.0,0.0,1.0,1.0
unification,142,1.0,0.0,1.0,1.0
unification,143,1.0,0.0,1.0,1.0
unification,144,1.0,0.0,1.0,1.0
unification,145,1.0,0.0,1.0,1.0
unification,146,1.0,0.0,1.0,1.0
unification,147,1.0,0.0,1.0,1.0
unification,148,1.0,0.0,1.0,1.0
unification,149,1.0,0.0,1.0,1.0
unification,150,1.0,0.0,1.0,1.0
unification,151,1.0,0.0,1.0,1.0
unification,152,1.0,0.0,1.0,1.0
unification,153,1.0,0.0,1.0,1.0
unification,154,1.0,0.0,1.0,1.0
unification,155,1.0,0.0,1.0,1.0
unification,156,1.0,0.0,1.0,1.0
unification,157,1.0,0.0,1.0,1.0
unification,158,1.0,0.0,1.0,1.0
unification,159,1.0,0.0,1.0,1.0
unification,160,1.0,0.0,1.0,1.0
unification,161,1.0,0.0,1.0,1.0
unification,162,1.0,0.0,1.0,1.0
unification,163,1.0,0.0,1.0,1.0
unification,164,1.0,0.0,1.0,1.0
unification,165,1.0,0.0,1.0,1.0
unification,166,1.0,0.0,1.0,1.0
unification,167,1.0,0.0,1.0,1.0
unification,168,1.0,0.0,1.0,1.0
unification,169,1.0,0.0,1.0,1.0
unification,170,1.0,0.0,1.0,1.0
unification,171,1.0,0.0,1.0,1.0
unification,172,1.0,0.0,1.0,1.0
unification,173,1.0,0.0,1.0,1.0
unification,174,1.0,0.0,1.0,1.0
unification,175,1.0,0.0,1.0,1.0
unification,176,1.0,0.0,1.0,1.0
unification,177,1.0,0.0,1.0,1.0
unification,178,1.0,0.0,1.0,1.0
unification,179,1.0,0.0,1.0,1.0
unification,180,1.0,0.0,1.0,1.0
unification,181,1.0,0.0,1.0,1.0
unification,182,1.0,0.0,1.0,1.0
unification,183,1.0,0.0,1.0,1.0
unification,184,1.0,0.0,1.0,1.0
unification,185,1.0,0.0,1.0,1.0
unification,186,1.0,0.0,1.0,1.0
unification,187,1.0,0.0,1.0,1.0
unification,188,1.0,0.0,1.0,1.0
unification,189,1.0,0.0,1.0,1.0
unification,190,1.0,0.0,1.0,1.0
unification,191,1.0,0.0,1.0,1.0
unification,192,1.0,0.0,1.0,1.0
unification,193,1.0,0.0,1.0,1.0
unification,194,1.0,0.0,1.0,1.0
unification,195,1.0,0.0,1.0,1.0
unification,196,1.0,0.0,1.0,1.0
unification,197,1.0,0.0,1.0,1.0
unification,198,1.0,0.0,1.0,1.0
unification,199,1.0,0.0,1.0,1.0
unification,200,1.04,-0.03,1.03,1.0
unification,201,1.0025,-0.001875,1.001875,1.0
unification,202,1.0,0.0,1.0,1.0
unification,203,1.0,0.0,1.0,1.0
unification,204,1.0,0.0,1.0,1.0
unification,205,1.0,0.0,1.0,1.0
unification,206,1.0,0.0,1.0,1.0
unification,207,1.0,0.0,1.0,1.0
unification,208,1.0,0.0,1.0,1.0
unification,209,1.0,0.0,1.0,1.0
unification,210,1.0,0.0,1.0,1.0
unification,211,1.0,0.0,1.0,1.0
unification,212,1.0,0.0,1.0,1.0
unification,213,1.0,0.0,1.0,1.0
unification,214,1.0,0.0,1.0,1.0
unification,215,1.0,0.0,1.0,1.0
unification,216,1.0,0.0,1.0,1.0
unification,217,1.0,0.0,1.0,1.0
unification,218,1.0,0.0,1.0,1.0
unification,219,1.0,0.0,1.0,1.0
unification,220,1.0,0.0,1.0,1.0
unification,221,1.0,0.0,1.0,1.0
unification,222,1.0,0.0,1.0,1.0
unification,223,1.0,0.0,1.0,1.0
unification,224,1.0,0.0,1.0,1.0
unification,225,1.0,0.0,1.0,1.0
unification,226,1.0,0.0,1.0,1.0
unification,227,1.0,0.0,1.0,1.0
unification,228,1.0,0.0,1.0,1.0
unification,229,1.0,0.0,1.0,1.0
unification,230,1.0,0.0,1.0,1.0
unification,231,1.0,0.0,1.0,1.0
unification,232,1.0,0.0,1.0,1.0
unification,233,1.0,0.0,1.0,1.0
unification,234,1.0,0.0,1.0,1.0
unification,235,1.0,0.0,1.0,1.0
unification,236,1.0,0.0,1.0,1.0
unification,237,1.0,0.0,1.0,1.0
unification,238,1.0,0.0,1.0,1.0
unification,239,1.0,0.0,1.0,1.0
unification,240,1.0,0.0,1.0,1.0
unification,241,1.0,0.0,1.0,1.0
unification,242,1.0,0.0,1.0,1.0
unification,243,1.0,0.0,1.0,1.0
unification,244,1.0,0.0,1.0,1.0
unification,245,1.0,0.0,1.0,1.0
unification,246,1.0,0.0,1.0,1.0
unification,247,1.0,0.0,1.0,1.0
unification,248,1.0,0.0,1.0,1.0
unification,249,1.0,0.0,1.0,1.0
unification,250,1.0,0.0,1.0,1.0
unification,251,1.0,0.0,1.0,1.0
unification,252,1.0,0.0,1.0,1.0
unification,253,1.0,0.0,1.0,1.0
unification,254,1.0,0.0,1.0,1.0
unification,255,1.0,0.0,1.0,1.0
unification,256,1.0,0.0,1.0,1.0
unification,257,1.0,0.0,1.0,1.0
unification,258,1.0,0.0,1.0,1.0
unification,259,1.0,0.0,1.0,1.0
unification,260,1.0,0.0,1.0,1.0
unification,261,1.0,0.0,1.0,1.0
unification,262,1.0,0.0,1.0,1.0
unification,263,1.0,0.0,1.0,1.0
unification,264,1.0,0.0,1.0,1.0
unification,265,1.0,0.0,1.0,1.0
unification,266,1.0,0.0,1.0,1.0
unification,267,1.0,0.0,1.0,1.0
unification,268,1.0,0.0,1.0,1.0
unification,269,1.0,0.0,1.0,1.0
unification,270,1.0,0.0,1.0,1.0
unification,271,1.0,0.0,1.0,1.0
unification,272,1.0,0.0,1.0,1.0
unification,273,1.0,0.0,1.0,1.0
unification,274,1.0,0.0,1.0,1.0
unification,275,1.0,0.0,1.0,1.0
unification,276,1.0,0.0,1.0,1.0
unification,277,1.0,0.0,1.0,1.0
unification,278,1.0,0.0,1.0,1.0
unification,279,1.0,0.0,1.0,1.0
unification,280,1.0,0.0,1.0,1.0
unification,281,1.0,0.0,1.0,1.0
unification,282,1.0,0.0,1.0,1.0
unification,283,1.0,0.0,1.0,1.0
unification,284,1.0,0.0,1.0,1.0
unification,285,1.0,0.0,1.0,1.0
unification,286,1.0,0.0,1.0,1.0
unification,287,1.0,0.0,1.0,1.0
unification,288,1.0,0.0,1.0,1.0
unification,289,1.0,0.0,1.0,1.0
unification,290,1.0,0.0,1.0,1.0
unification,291,1.0,0.0,1.0,1.0
unification,292,1.0,0.0,1.0,1.0
unification,293,1.0,0.0,1.0,1.0
unification,294,1.0,0.0,1.0,1.0
unification,295,1.0,0.0,1.0,1.0
unification,296,1.0,0.0,1.0,1.0
unification,297,1.0,0.0,1.0,1.0
unification,298,1.0,0.0,1.0,1.0
unification,299,1.0,0.0,1.0,1.0
unification,300,1.04,-0.03,1.03,1.0
unification,301,1.0025,-0.001875,1.001875,1.0
unification,302,1.0,0.0,1.0,1.0
unification,303,1.0,0.0,1.0,1.0
unification,304,1.0,0.0,1.0,1.0
unification,305,1.0,0.0,1.0,1.0
unification,306,1.0,0.0,1.0,1.0
unification,307,1.0,0.0,1.0,1.0
unification,308,1.0,0.0,1.0,1.0
unification,309,1.0,0.0,1.0,1.0
unification,310,1.0,0.0,1.0,1.0
unification,311,1.0,0.0,1.0,1.0
unification,312,1.0,0.0,1.0,1.0
unification,313,1.0,0.0,1.0,1.0
unification,314,1.0,0.0,1.0,1.0
unification,315,1.0,0.0,1.0,1.0
unification,316,1.0,0.0,1.0,1.0
unification,317,1.0,0.0,1.0,1.0
unification,318,1.0,0.0,1.0,1.0
unification,319,1.0,0.0,1.0,1.0
unification,320,1.0,0.0,1.0,1.0
unification,321,1.0,0.0,1.0,1.0
unification,322,1.0,0.0,1.0,1.0
unification,323,1.0,0.0,1.0,1.0
unification,324,1.0,0.0,1.0,1.0
unification,325,1.0,0.0,1.0,1.0
unification,326,1.0,0.0,1.0,1.0
unification,327,1.0,0.0,1.0,1.0
unification,328,1.0,0.0,1.0,1.0
unification,329,1.0,0.0,1.0,1.0
unification,330,1.0,0.0,1.0,1.0
unification,331,1.0,0.0,1.0,1.0
unification,332,1.0,0.0,1.0,1.0
unification,333,1.0,0.0,1.0,1.0
unification,334,1.0,0.0,1.0,1.0
unification,335,1.0,0.0,1.0,1.0
unification,336,1.0,0.0,1.0,1.0
unification,337,1.0,0.0,1.0,1.0
unification,338,1.0,0.0,1.0,1.0
unification,339,1.0,0.0,1.0,1.0
unification,340,1.0,0.0,1.0,1.0
unification,341,1.0,0.0,1.0,1.0
unification,342,1.0,0.0,1.0,1.0
unification,343,1.0,0.0,1.0,1.0
unification,344,1.0,0.0,1.0,1.0
unification,345,1.0,0.0,1.0,1.0
unification,346,1.0,0.0,1.0,1.0
unification,347,1.0,0.0,1.0,1.0
unification,348,1.0,0.0,1.0,1.0
unification,349,1.0,0.0,1.0,1.0
unification,350,1.0,0.0,1.0,1.0
unification,351,1.0,0.0,1.0,1.0
unification,352,1.0,0.0,1.0,1.0
unification,353,1.0,0.0,1.0,1.0
unification,354,1.0,0.0,1.0,1.0
unification,355,1.0,0.0,1.0,1.0
unification,356,1.0,0.0,1.0,1.0
unification,357,1.0,0.0,1.0,1.0
unification,358,1.0,0.0,1.0,1.0
unification,359,1.0,0.0,1.0,1.0
unification,360,1.0,0.0,1.0,1.0
unification,361,1.0,0.0,1.0,1.0
unification,362,1.0,0.0,1.0,1.0
unification,363,1.0,0.0,1.0,1.0
unification,364,1.0,0.0,1.0,1.0
unification,365,1.0,0.0,1.0,1.0
unification,366,1.0,0.0,1.0,1.0
unification,367,1.0,0.0,1.0,1.0
unification,368,1.0,0.0,1.0,1.0
unification,369,1.0,0.0,1.0,1.0
unification,370,1.0,0.0,1.0,1.0
unification,371,1.0,0.0,1.0,1.0
unification,372,1.0,0.0,1.0,1.0
unification,373,1.0,0.0,1.0,1.0
unification,374,1.0,0.0,1.0,1.0
unification,375,1.0,0.0,1.0,1.0
unification,376,1.0,0.0,1.0,1.0
unification,377,1.0,0.0,1.0,1.0
unification,378,1.0,0.0,1.0,1.0
unification,379,1.0,0.0,1.0,1.0
unification,380,1.0,0.0,1.0,1.0
unification,381,1.0,0.0,1.0,1.0
unification,382,1.0,0.0,1.0,1.0
unification,383,1.0,0.0,1.0,1.0
unification,384,1.0,0.0,1.0,1.0
unification,385,1.0,0.0,1.0,1.0
unification,386,1.0,0.0,1.0,1.0
unification,387,1.0,0.0,1.0,1.0
unification,388,1.0,0.0,1.0,1.0
unification,389,1.0,0.0,1.0,1.0
unification,390,1.0,0.0,1.0,1.0
unification,391,1.0,0.0,1.0,1.0
unification,392,1.0,0.0,1.0,1.0
unification,393,1.0,0.0,1.0,1.0
unification,394,1.0,0.0,1.0,1.0
unification,395,1.0,0.0,1.0,1.0
unification,396,1.0,0.0,1.0,1.0
unification,397,1.0,0.0,1.0,1.0
unification,398,1.0,0.0,1.0,1.0
unification,399,1.0,0.0,1.0,1.0
unification,400,1.04,-0.03,1.03,1.0
unification,401,1.0025,-0.001875,1.001875,1.0
unification,402,1.0,0.0,1.0,1.0
unification,403,1.0,0.0,1.0,1.0
unification,404,1.0,0.0,1.0,1.0
unification,405,1.0,0.0,1.0,1.0
unification,406,1.0,0.0,1.0,1.0
unification,407,1.0,0.0,1.0,1.0
unification,408,1.0,0.0,1.0,1.0
unification,409,1.0,0.0,1.0,1.0
unification,410,1.0,0.0,1.0,1.0
unification,411,1.0,0.0,1.0,1.0
unification,412,1.0,0.0,1.0,1.0
unification,413,1.0,0.0,1.0,1.0
unification,414,1.0,0.0,1.0,1.0
unification,415,1.0,0.0,1.0,1.0
unification,416,1.0,0.0,1.0,1.0
unification,417,1.0,0.0,1.0,1.0
unification,418,1.0,0.0,1.0,1.0
unification,419,1.0,0.0,1.0,1.0
unification,420,1.0,0.0,1.0,1.0
unification,421,1.0,0.0,1.0,1.0
unification,422,1.0,0.0,1.0,1.0
unification,423,1.0,0.0,1.0,1.0
unification,424,1.0,0.0,1.0,1.0
unification,425,1.0,0.0,1.0,1.0
unification,426,1.0,0.0,1.0,1.0
unification,427,1.0,0.0,1.0,1.0
unification,428,1.0,0.0,1.0,1.0
unification,429,1.0,0.0,1.0,1.0
unification,430,1.0,0.0,1.0,1.0
unification,431,1.0,0.0,1.0,1.0
unification,432,1.0,0.0,1.0,1.0
unification,433,1.0,0.0,1.0,1.0
unification,434,1.0,0.0,1.0,1.0
unification,435,1.0,0.0,1.0,1.0
unification,436,1.0,0.0,1.0,1.0
unification,437,1.0,0.0,1.0,1.0
unification,438,1.0,0.0,1.0,1.0
unification,439,1.0,0.0,1.0,1.0
unification,440,1.0,0.0,1.0,1.0
unification,441,1.0,0.0,1.0,1.0
unification,442,1.0,0.0,1.0,1.0
unification,443,1.0,0.0,1.0,1.0
unification,444,1.0,0.0,1.0,1.0
unification,445,1.0,0.0,1.0,1.0
unification,446,1.0,0.0,1.0,1.0
unification,447,1.0,0.0,1.0,1.0
unification,448,1.0,0.0,1.0,1.0
unification,449,1.0,0.0,1.0,1.0
unification,450,1.0,0.0,1.0,1.0
unification,451,1.0,0.0,1.0,1.0
unification,452,1.0,0.0,1.0,1.0
unification,453,1.0,0.0,1.0,1.0
unification,454,1.0,0.0,1.0,1.0
unification,455,1.0,0.0,1.0,1.0
unification,456,1.0,0.0,1.0,1.0
unification,457,1.0,0.0,1.0,1.0
unification,458,1.0,0.0,1.0,1.0
unification,459,1.0,0.0,1.0,1.0
unification,460,1.0,0.0,1.0,1.0
unification,461,1.0,0.0,1.0,1.0
unification,462,1.0,0.0,1.0,1.0
unification,463,1.0,0.0,1.0,1.0
unification,464,1.0,0.0,1.0,1.0
unification,465,1.0,0.0,1.0,1.0
unification,466,1.0,0.0,1.0,1.0
unification,467,1.0,0.0,1.0,1.0
unification,468,1.0,0.0,1.0,1.0
unification,469,1.0,0.0,1.0,1.0
unification,470,1.0,0.0,1.0,1.0
unification,471,1.0,0.0,1.0,1.0
unification,472,1.0,0.0,1.0,1.0
unification,473,1.0,0.0,1.0,1.0
unification,474,1.0,0.0,1.0,1.0
unification,475,1.0,0.0,1.0,1.0
unification,476,1.0,0.0,1.0,1.0
unification,477,1.0,0.0,1.0,1.0
unification,478,1.0,0.0,1.0,1.0
unification,479,1.0,0.0,1.0,1.0
unification,480,1.0,0.0,1.0,1.0
unification,481,1.0,0.0,1.0,1.0
unification,482,1.0,0.0,1.0,1.0
unification,483,1.0,0.0,1.0,1.0
unification,484,1.0,0.0,1.0,1.0
unification,485,1.0,0.0,1.0,1.0
unification,486,1.0,0.0,1.0,1.0
unification,487,1.0,0.0,1.0,1.0
unification,488,1.0,0.0,1.0,1.0
unification,489,1.0,0.0,1.0,1.0
unification,490,1.0,0.0,1.0,1.0
unification,491,1.0,0.0,1.0,1.0
unification,492,1.0,0.0,1.0,1.0
unification,493,1.0,0.0,1.0,1.0
unification,494,1.0,0.0,1.0,1.0
unification,495,1.0,0.0,1.0,1.0
unification,496,1.0,0.0,1.0,1.0
unification,497,1.0,0.0,1.0,1.0
unification,498,1.0,0.0,1.0,1.0
unification,499,1.0,0.0,1.0,1.0
unification,500,1.04,-0.03,1.03,1.0
unification,501,1.0025,-0.001875,1.001875,1.0
unification,502,1.0,0.0,1.0,1.0
unification,503,1.0,0.0,1.0,1.0
unification,504,1.0,0.0,1.0,1.0
unification,505,1.0,0.0,1.0,1.0
unification,506,1.0,0.0,1.0,1.0
unification,507,1.0,0.0,1.0,1.0
unification,508,1.0,0.0,1.0,1.0
unification,509,1.0,0.0,1.0,1.0
unification,510,1.0,0.0,1.0,1.0
unification,511,1.0,0.0,1.0,1.0
unification,512,1.0,0.0,1.0,1.0
unification,513,1.0,0.0,1.0,1.0
unification,514,1.0,0.0,1.0,1.0
unification,515,1.0,0.0,1.0,1.0
unification,516,1.0,0.0,1.0,1.0
unification,517,1.0,0.0,1.0,1.0
unification,518,1.0,0.0,1.0,1.0
unification,519,1.0,0.0,1.0,1.0
unification,520,1.0,0.0,1.0,1.0
unification,521,1.0,0.0,1.0,1.0
unification,522,1.0,0.0,1.0,1.0
unification,523,1.0,0.0,1.0,1.0
unification,524,1.0,0.0,1.0,1.0
unification,525,1.0,0.0,1.0,1.0
unification,526,1.0,0.0,1.0,1.0
unification,527,1.0,0.0,1.0,1.0
unification,528,1.0,0.0,1.0,1.0
unification,529,1.0,0.0,1.0,1.0
unification,530,1.0,0.0,1.0,1.0
unification,531,1.0,0.0,1.0,1.0
unification,532,1.0,0.0,1.0,1.0
unification,533,1.0,0.0,1.0,1.0
unification,534,1.0,0.0,1.0,1.0
unification,535,1.0,0.0,1.0,1.0
unification,536,1.0,0.0,1.0,1.0
unification,537,1.0,0.0,1.0,1.0
unification,538,1.0,0.0,1.0,1.0
unification,539,1.0,0.0,1.0,1.0
unification,540,1.0,0.0,1.0,1.0
unification,541,1.0,0.0,1.0,1.0
unification,542,1.0,0.0,1.0,1.0
unification,543,1.0,0.0,1.0,1.0
unification,544,1.0,0.0,1.0,1.0
unification,545,1.0,0.0,1.0,1.0
unification,546,1.0,0.0,1.0,1.0
unification,547,1.0,0.0,1.0,1.0
unification,548,1.0,0.0,1.0,1.0
unification,549,1.0,0.0,1.0,1.0
unification,550,1.0,0.0,1.0,1.0
unification,551,1.0,0.0,1.0,1.0
unification,552,1.0,0.0,1.0,1.0
unification,553,1.0,0.0,1.0,1.0
unification,554,1.0,0.0,1.0,1.0
unification,555,1.0,0.0,1.0,1.0
unification,556,1.0,0.0,1.0,1.0
unification,557,1.0,0.0,1.0,1.0
unification,558,1.0,0.0,1.0,1.0
unification,559,1.0,0.0,1.0,1.0
unification,560,1.0,0.0,1.0,1.0
unification,561,1.0,0.0,1.0,1.0
unification,562,1.0,0.0,1.0,1.0
unification,563,1.0,0.0,1.0,1.0
unification,564,1.0,0.0,1.0,1.0
unification,565,1.0,0.0,1.0,1.0
unification,566,1.0,0.0,1.0,1.0
unification,567,1.0,0.0,1.0,1.0
unification,568,1.0,0.0,1.0,1.0
unification,569,1.0,0.0,1.0,1.0
unification,570,1.0,0.0,1.0,1.0
unification,571,1.0,0.0,1.0,1.0
unification,572,1.0,0.0,1.0,1.0
unification,573,1.0,0.0,1.0,1.0
unification,574,1.0,0.0,1.0,1.0
unification,575,1.0,0.0,1.0,1.0
unification,576,1.0,0.0,1.0,1.0
unification,577,1.0,0.0,1.0,1.0
unification,578,1.0,0.0,1.0,1.0
unification,579,1.0,0.0,1.0,1.0
unification,580,1.0,0.0,1.0,1.0
unification,581,1.0,0.0,1.0,1.0
unification,582,1.0,0.0,1.0,1.0
unification,583,1.0,0.0,1.0,1.0
unification,584,1.0,0.0,1.0,1.0
unification,585,1.0,0.0,1.0,1.0
unification,586,1.0,0.0,1.0,1.0
unification,587,1.0,0.0,1.0,1.0
unification,588,1.0,0.0,1.0,1.0
unification,589,1.0,0.0,1.0,1.0
unification,590,1.0,0.0,1.0,1.0
unification,591,1.0,0.0,1.0,1.0
unification,592,1.0,0.0,1.0,1.0
unification,593,1.0,0.0,1.0,1.0
unification,594,1.0,0.0,1.0,1.0
unification,595,1.0,0.0,1.0,1.0
unification,596,1.0,0.0,1.0,1.0
unification,597,1.0,0.0,1.0,1.0
unification,598,1.0,0.0,1.0,1.0
unification,599,1.0,0.0,1.0,1.0
unification,600,1.04,-0.03,1.03,1.0
unification,601,1.0,0.0,1.0,1.0
unification,602,1.0,0.0,1.0,1.0
unification,603,1.0,0.0,1.0,1.0
unification,604,1.0,0.0,1.0,1.0
unification,605,1.0,0.0,1.0,1.0
unification,606,1.0,0.0,1.0,1.0
unification,607,1.0,0.0,1.0,1.0
unification,608,1.0,0.0,1.0,1.0
unification,609,1.0,0.0,1.0,1.0
unification,610,1.0,0.0,1.0,1.0
unification,611,1.0,0.0,1.0,1.0
unification,612,1.0,0.0,1.0,1.0
unification,613,1.0,0.0,1.0,1.0
unification,614,1.0,0.0,1.0,1.0
unification,615,1.0,0.0,1.0,1.0
unification,616,1.0,0.0,1.0,1.0
unification,617,1.0,0.0,1.0,1.0
unification,618,1.0,0.0,1.0,1.0
unification,619,1.0,0.0,1.0,1.0
unification,620,1.0,0.0,1.0,1.0
unification,621,1.0,0.0,1.0,1.0
unification,622,1.0,0.0,1.0,1.0
unification,623,1.0,0.0,1.0,1.0
unification,624,1.0,0.0,1.0,1.0
unification,625,1.0,0.0,1.0,1.0
unification,626,1.0,0.0,1.0,1.0
unification,627,1.0,0.0,1.0,1.0
unification,628,1.0,0.0,1.0,1.0
unification,629,1.0,0.0,1.0,1.0
unification,630,1.0,0.0,1.0,1.0
unification,631,1.0,0.0,1.0,1.0
unification,632,1.0,0.0,1.0,1.0
unification,633,1.0,0.0,1.0,1.0
unification,634,1.0,0.0,1.0,1.0
unification,635,1.0,0.0,1.0,1.0
unification,636,1.0,0.0,1.0,1.0
unification,637,1.0,0.0,1.0,1.0
unification,638,1.0,0.0,1.0,1.0
unification,639,1.0,0.0,1.0,1.0
unification,640,1.0,0.0,1.0,1.0
unification,641,1.0,0.0,1.0,1.0
unification,642,1.0,0.0,1.0,1.0
unification,643,1.0,0.0,1.0,1.0
unification,644,1.0,0.0,1.0,1.0
unification,645,1.0,0.0,1.0,1.0
unification,646,1.0,0.0,1.0,1.0
unification,647,1.0,0.0,1.0,1.0
unification,648,1.0,0.0,1.0,1.0
unification,649,1.0,0.0,1.0,1.0
unification,650,1.0,0.0,1.0,1.0
unification,651,1.0,0.0,1.0,1.0
unification,652,1.0,0.0,1.0,1.0
unification,653,1.0,0.0,1.0,1.0
unification,654,1.0,0.0,1.0,1.0
unification,655,1.0,0.0,1.0,1.0
unification,656,1.0,0.0,1.0,1.0
unification,657,1.0,0.0,1.0,1.0
unification,658,1.0,0.0,1.0,1.0
unification,659,1.0,0.0,1.0,1.0
unification,660,1.0,0.0,1.0,1.0
unification,661,1.0,0.0,1.0,1.0
unification,662,1.0,0.0,1.0,1.0
unification,663,1.0,0.0,1.0,1.0
unification,664,1.0,0.0,1.0,1.0
unification,665,1.0,0.0,1.0,1.0
unification,666,1.0,0.0,1.0,1.0
unification,667,1.0,0.0,1.0,1.0
unification,668,1.0,0.0,1.0,1.0
unification,669,1.0,0.0,1.0,1.0
unification,670,1.0,0.0,1.0,1.0
unification,671,1.0,0.0,1.0,1.0
unification,672,1.0,0.0,1.0,1.0
unification,673,1.0,0.0,1.0,1.0
unification,674,1.0,0.0,1.0,1.0
unification,675,1.0,0.0,1.0,1.0
unification,676,1.0,0.0,1.0,1.0
unification,677,1.0,0.0,1.0,1.0
unification,678,1.0,0.0,1.0,1.0
unification,679,1.0,0.0,1.0,1.0
unification,680,1.0,0.0,1.0,1.0
unification,681,1.0,0.0,1.0,1.0
unification,682,1.0,0.0,1.0,1.0
unification,683,1.0,0.0,1.0,1.0
unification,684,1.0,0.0,1.0,1.0
unification,685,1.0,0.0,1.0,1.0
unification,686,1.0,0.0,1.0,1.0
unification,687,1.0,0.0,1.0,1.0
unification,688,1.0,0.0,1.0,1.0
unification,689,1.0,0.0,1.0,1.0
unification,690,1.0,0.0,1.0,1.0
unification,691,1.0,0.0,1.0,1.0
unification,692,1.0,0.0,1.0,1.0
unification,693,1.0,0.0,1.0,1.0
unification,694,1.0,0.0,1.0,1.0
unification,695,1.0,0.0,1.0,1.0
unification,696,1.0,0.0,1.0,1.0
unification,697,1.0,0.0,1.0,1.0
unification,698,1.0,0.0,1.0,1.0
unification,699,1.0,0.0,1.0,1.0
unification,700,1.04,-0.03,1.03,1.0
unification,701,1.0,0.0,1.0,1.0
unification,702,1.0,0.0,1.0,1.0
unification,703,1.0,0.0,1.0,1.0
unification,704,1.0,0.0,1.0,1.0
unification,705,1.0,0.0,1.0,1.0
unification,706,1.0,0.0,1.0,1.0
unification,707,1.0,0.0,1.0,1.0
unification,708,1.0,0.0,1.0,1.0
unification,709,1.0,0.0,1.0,1.0
unification,710,1.0,0.0,1.0,1.0
unification,711,1.0,0.0,1.0,1.0
unification,712,1.0,0.0,1.0,1.0
unification,713,1.0,0.0,1.0,1.0
unification,714,1.0,0.0,1.0,1.0
unification,715,1.0,0.0,1.0,1.0
unification,716,1.0,0.0,1.0,1.0
unification,717,1.0,0.0,1.0,1.0
unification,718,1.0,0.0,1.0,1.0
unification,719,1.0,0.0,1.0,1.0
unification,720,1.0,0.0,1.0,1.0
unification,721,1.0,0.0,1.0,1.0
unification,722,1.0,0.0,1.0,1.0
unification,723,1.0,0.0,1.0,1.0
unification,724,1.0,0.0,1.0,1.0
unification,725,1.0,0.0,1.0,1.0
unification,726,1.0,0.0,1.0,1.0
unification,727,1.0,0.0,1.0,1.0
unification,728,1.0,0.0,1.0,1.0
unification,729,1.0,0.0,1.0,1.0
unification,730,1.0,0.0,1.0,1.0
unification,731,1.0,0.0,1.0,1.0
unification,732,1.0,0.0,1.0,1.0
unification,733,1.0,0.0,1.0,1.0
unification,734,1.0,0.0,1.0,1.0
unification,735,1.0,0.0,1.0,1.0
unification,736,1.0,0.0,1.0,1.0
unification,737,1.0,0.0,1.0,1.0
unification,738,1.0,0.0,1.0,1.0
unification,739,1.0,0.0,1.0,1.0
unification,740,1.0,0.0,1.0,1.0
unification,741,1.0,0.0,1.0,1.0
unification,742,1.0,0.0,1.0,1.0
unification,743,1.0,0.0,1.0,1.0
unification,744,1.0,0.0,1.0,1.0
unification,745,1.0,0.0,1.0,1.0
unification,746,1.0,0.0,1.0,1.0
unification,747,1.0,0.0,1.0,1.0
unification,748,1.0,0.0,1.0,1.0
unification,749,1.0,0.0,1.0,1.0
unification,750,1.0,0.0,1.0,1.0
unification,751,1.0,0.0,1.0,1.0
unification,752,1.0,0.0,1.0,1.0
unification,753,1.0,0.0,1.0,1.0
unification,754,1.0,0.0,1.0,1.0
unification,755,1.0,0.0,1.0,1.0
unification,756,1.0,0.0,1.0,1.0
unification,757,1.0,0.0,1.0,1.0
unification,758,1.0,0.0,1.0,1.0
unification,759,1.0,0.0,1.0,1.0
unification,760,1.0,0.0,1.0,1.0
unification,761,1.0,0.0,1.0,1.0
unification,762,1.0,0.0,1.0,1.0
unification,763,1.0,0.0,1.0,1.0
unification,764,1.0,0.0,1.0,1.0
unification,765,1.0,0.0,1.0,1.0
unification,766,1.0,0.0,1.0,1.0
unification,767,1.0,0.0,1.0,1.0
unification,768,1.0,0.0,1.0,1.0
unification,769,1.0,0.0,1.0,1.0
unification,770,1.0,0.0,1.0,1.0
unification,771,1.0,0.0,1.0,1.0
unification,772,1.0,0.0,1.0,1.0
unification,773,1.0,0.0,1.0,1.0
unification,774,1.0,0.0,1.0,1.0
unification,775,1.0,0.0,1.0,1.0
unification,776,1.0,0.0,1.0,1.0
unification,777,1.0,0.0,1.0,1.0
unification,778,1.0,0.0,1.0,1.0
unification,779,1.0,0.0,1.0,1.0
unification,780,1.0,0.0,1.0,1.0
unification,781,1.0,0.0,1.0,1.0
unification,782,1.0,0.0,1.0,1.0
unification,783,1.0,0.0,1.0,1.0
unification,784,1.0,0.0,1.0,1.0
unification,785,1.0,0.0,1.0,1.0
unification,786,1.0,0.0,1.0,1.0
unification,787,1.0,0.0,1.0,1.0
unification,788,1.0,0.0,1.0,1.0
unification,789,1.0,0.0,1.0,1.0
unification,790,1.0,0.0,1.0,1.0
unification,791,1.0,0.0,1.0,1.0
unification,792,1.0,0.0,1.0,1.0
unification,793,1.0,0.0,1.0,1.0
unification,794,1.0,0.0,1.0,1.0
unification,795,1.0,0.0,1.0,1.0
unification,796,1.0,0.0,1.0,1.0
unification,797,1.0,0.0,1.0,1.0
unification,798,1.0,0.0,1.0,1.0
unification,799,1.0,0.0,1.0,1.0
unification,800,1.04,-0.03,1.03,1.0
unification,801,1.005,-0.00375,1.00375,1.0
unification,802,1.0,0.0,1.0,1.0
unification,803,1.0,0.0,1.0,1.0
unification,804,1.0,0.0,1.0,1.0
unification,805,1.0,0.0,1.0,1.0
unification,806,1.0,0.0,1.0,1.0
unification,807,1.0,0.0,1.0,1.0
unification,808,1.0,0.0,1.0,1.0
unification,809,1.0,0.0,1.0,1.0
unification,810,1.0,0.0,1.0,1.0
unification,811,1.0,0.0,1.0,1.0
unification,812,1.0,0.0,1.0,1.0
unification,813,1.0,0.0,1.0,1.0
unification,814,1.0,0.0,1.0,1.0
unification,815,1.0,0.0,1.0,1.0
unification,816,1.0,0.0,1.0,1.0
unification,817,1.0,0.0,1.0,1.0
unification,818,1.0,0.0,1.0,1.0
unification,819,1.0,0.0,1.0,1.0
unification,820,1.0,0.0,1.0,1.0
unification,821,1.0,0.0,1.0,1.0
unification,822,1.0,0.0,1.0,1.0
unification,823,1.0,0.0,1.0,1.0
unification,824,1.0,0.0,1.0,1.0
unification,825,1.0,0.0,1.0,1.0
unification,826,1.0,0.0,1.0,1.0
unification,827,1.0,0.0,1.0,1.0
unification,828,1.0,0.0,1.0,1.0
unification,829,1.0,0.0,1.0,1.0
unification,830,1.0,0.0,1.0,1.0
unification,831,1.0,0.0,1.0,1.0
unification,832,1.0,0.0,1.0,1.0
unification,833,1.0,0.0,1.0,1.0
unification,834,1.0,0.0,1.0,1.0
unification,835,1.0,0.0,1.0,1.0
unification,836,1.0,0.0,1.0,1.0
unification,837,1.0,0.0,1.0,1.0
unification,838,1.0,0.0,1.0,1.0
unification,839,1.0,0.0,1.0,1.0
unification,840,1.0,0.0,1.0,1.0
unification,841,1.0,0.0,1.0,1.0
unification,842,1.0,0.0,1.0,1.0
unification,843,1.0,0.0,1.0,1.0
unification,844,1.0,0.0,1.0,1.0
unification,845,1.0,0.0,1.0,1.0
unification,846,1.0,0.0,1.0,1.0
unification,847,1.0,0.0,1.0,1.0
unification,848,1.0,0.0,1.0,1.0
unification,849,1.0,0.0,1.0,1.0
unification,850,1.0,0.0,1.0,1.0
unification,851,1.0,0.0,1.0,1.0
unification,852,1.0,0.0,1.0,1.0
unification,853,1.0,0.0,1.0,1.0
unification,854,1.0,0.0,1.0,1.0
unification,855,1.0,0.0,1.0,1.0
unification,856,1.0,0.0,1.0,1.0
unification,857,1.0,0.0,1.0,1.0
unification,858,1.0,0.0,1.0,1.0
unification,859,1.0,0.0,1.0,1.0
unification,860,1.0,0.0,1.0,1.0
unification,861,1.0,0.0,1.0,1.0
unification,862,1.0,0.0,1.0,1.0
unification,863,1.0,0.0,1.0,1.0
unification,864,1.0,0.0,1.0,1.0
unification,865,1.0,0.0,1.0,1.0
unification,866,1.0,0.0,1.0,1.0
unification,867,1.0,0.0,1.0,1.0
unification,868,1.0,0.0,1.0,1.0
unification,869,1.0,0.0,1.0,1.0
unification,870,1.0,0.0,1.0,1.0
unification,871,1.0,0.0,1.0,1.0
unification,872,1.0,0.0,1.0,1.0
unification,873,1.0,0.0,1.0,1.0
unification,874,1.0,0.0,1.0,1.0
unification,875,1.0,0.0,1.0,1.0
unification,876,1.0,0.0,1.0,1.0
unification,877,1.0,0.0,1.0,1.0
unification,878,1.0,0.0,1.0,1.0
unification,879,1.0,0.0,1.0,1.0
unification,880,1.0,0.0,1.0,1.0
unification,881,1.0,0.0,1.0,1.0
unification,882,1.0,0.0,1.0,1.0
unification,883,1.0,0.0,1.0,1.0
unification,884,1.0,0.0,1.0,1.0
unification,885,1.0,0.0,1.0,1.0
unification,886,1.0,0.0,1.0,1.0
unification,887,1.0,0.0,1.0,1.0
unification,888,1.0,0.0,1.0,1.0
unification,889,1.0,0.0,1.0,1.0
unification,890,1.0,0.0,1.0,1.0
unification,891,1.0,0.0,1.0,1.0
unification,892,1.0,0.0,1.0,1.0
unification,893,1.0,0.0,1.0,1.0
unification,894,1.0,0.0,1.0,1.0
unification,895,1.0,0.0,1.0,1.0
unification,896,1.0,0.0,1.0,1.0
unification,897,1.0,0.0,1.0,1.0
unification,898,1.0,0.0,1.0,1.0
unification,899,1.0,0.0,1.0,1.0
unification,900,1.04,-0.03,1.03,1.0
unification,901,1.005,-0.00375,1.00375,1.0
unification,902,1.0,0.0,1.0,1.0
unification,903,1.0,0.0,1.0,1.0
unification,904,1.0,0.0,1.0,1.0
unification,905,1.0,0.0,1.0,1.0
unification,906,1.0,0.0,1.0,1.0
unification,907,1.0,0.0,1.0,1.0
unification,908,1.0,0.0,1.0,1.0
unification,909,1.0,0.0,1.0,1.0
unification,910,1.0,0.0,1.0,1.0
unification,911,1.0,0.0,1.0,1.0
unification,912,1.0,0.0,1.0,1.0
unification,913,1.0,0.0,1.0,1.0
unification,914,1.0,0.0,1.0,1.0
unification,915,1.0,0.0,1.0,1.0
unification,916,1.0,0.0,1.0,1.0
unification,917,1.0,0.0,1.0,1.0
unification,918,1.0,0.0,1.0,1.0
unification,919,1.0,0.0,1.0,1.0
unification,920,1.0,0.0,1.0,1.0
unification,921,1.0,0.0,1.0,1.0
unification,922,1.0,0.0,1.0,1.0
unification,923,1.0,0.0,1.0,1.0
unification,924,1.0,0.0,1.0,1.0
unification,925,1.0,0.0,1.0,1.0
unification,926,1.0,0.0,1.0,1.0
unification,927,1.0,0.0,1.0,1.0
unification,928,1.0,0.0,1.0,1.0
unification,929,1.0,0.0,1.0,1.0
unification,930,1.0,0.0,1.0,1.0
unification,931,1.0,0.0,1.0,1.0
unification,932,1.0,0.0,1.0,1.0
unification,933,1.0,0.0,1.0,1.0
unification,934,1.0,0.0,1.0,1.0
unification,935,1.0,0.0,1.0,1.0
unification,936,1.0,0.0,1.0,1.0
unification,937,1.0,0.0,1.0,1.0
unification,938,1.0,0.0,1.0,1.0
unification,939,1.0,0.0,1.0,1.0
unification,940,1.0,0.0,1.0,1.0
unification,941,1.0,0.0,1.0,1.0
unification,942,1.0,0.0,1.0,1.0
unification,943,1.0,0.0,1.0,1.0
unification,944,1.0,0.0,1.0,1.0
unification,945,1.0,0.0,1.0,1.0
unification,946,1.0,0.0,1.0,1.0
unification,947,1.0,0.0,1.0,1.0
unification,948,1.0,0.0,1.0,1.0
unification,949,1.0,0.0,1.0,1.0
unification,950,1.0,0.0,1.0,1.0
unification,951,1.0,0.0,1.0,1.0
unification,952,1.0,0.0,1.0,1.0
unification,953,1.0,0.0,1.0,1.0
unification,954,1.0,0.0,1.0,1.0
unification,955,1.0,0.0,1.0,1.0
unification,956,1.0,0.0,1.0,1.0
unification,957,1.0,0.0,1.0,1.0
unification,958,1.0,0.0,1.0,1.0
unification,959,1.0,0.0,1.0,1.0
unification,960,1.0,0.0,1.0,1.0
unification,961,1.0,0.0,1.0,1.0
unification,962,1.0,0.0,1.0,1.0
unification,963,1.0,0.0,1.0,1.0
unification,964,1.0,0.0,1.0,1.0
unification,965,1.0,0.0,1.0,1.0
unification,966,1.0,0.0,1.0,1.0
unification,967,1.0,0.0,1.0,1.0
unification,968,1.0,0.0,1.0,1.0
unification,969,1.0,0.0,1.0,1.0
unification,970,1.0,0.0,1.0,1.0
unification,971,1.0,0.0,1.0,1.0
unification,972,1.0,0.0,1.0,1.0
unification,973,1.0,0.0,1.0,1.0
unification,974,1.0,0.0,1.0,1.0
unification,975,1.0,0.0,1.0,1.0
unification,976,1.0,0.0,1.0,1.0
unification,977,1.0,0.0,1.0,1.0
unification,978,1.0,0.0,1.0,1.0
unification,979,1.0,0.0,1.0,1.0
unification,980,1.0,0.0,1.0,1.0
unification,981,1.0,0.0,1.0,1.0
unification,982,1.0,0.0,1.0,1.0
unification,983,1.0,0.0,1.0,1.0
unification,984,1.0,0.0,1.0,1.0
unification,985,1.0,0.0,1.0,1.0
unification,986,1.0,0.0,1.0,1.0
unification,987,1.0,0.0,1.0,1.0
unification,988,1.0,0.0,1.0,1.0
unification,989,1.0,0.0,1.0,1.0
unification,990,1.0,0.0,1.0,1.0
unification,991,1.0,0.0,1.0,1.0
unification,992,1.0,0.0,1.0,1.0
unification,993,1.0,0.0,1.0,1.0
unification,994,1.0,0.0,1.0,1.0
unification,995,1.0,0.0,1.0,1.0
unification,996,1.0,0.0,1.0,1.0
unification,997,1.0,0.0,1.0,1.0
unification,998,1.0,0.0,1.0,1.0
unification,999,1.0,0.0,1.0,1.0
unification,1000,1.04,-0.03,1.03,1.0
unification,1001,1.0,0.0,1.0,1.0
unification,1002,1.0,0.0,1.0,1.0
unification,1003,1.0,0.0,1.0,1.0
unification,1004,1.0,0.0,1.0,1.0
unification,1005,1.0,0.0,1.0,1.0
unification,1006,1.0,0.0,1.0,1.0
unification,1007,1.0,0.0,1.0,1.0
unification,1008,1.0,0.0,1.0,1.0
unification,1009,1.0,0.0,1.0,1.0
unification,1010,1.0,0.0,1.0,1.0
unification,1011,1.0,0.0,1.0,1.0
unification,1012,1.0,0.0,1.0,1.0
unification,1013,1.0,0.0,1.0,1.0
unification,1014,1.0,0.0,1.0,1.0
unification,1015,1.0,0.0,1.0,1.0
unification,1016,1.0,0.0,1.0,1.0
unification,1017,1.0,0.0,1.0,1.0
unification,1018,1.0,0.0,1.0,1.0
unification,1019,1.0,0.0,1.0,1.0
unification,1020,1.0,0.0,1.0,1.0
unification,1021,1.0,0.0,1.0,1.0
unification,1022,1.0,0.0,1.0,1.0
unification,1023,1.0,0.0,1.0,1.0
unification,1024,1.0,0.0,1.0,1.0
unification,1025,1.0,0.0,1.0,1.0
unification,1026,1.0,0.0,1.0,1.0
unification,1027,1.0,0.0,1.0,1.0
unification,1028,1.0,0.0,1.0,1.0
unification,1029,1.0,0.0,1.0,1.0
unification,1030,1.0,0.0,1.0,1.0
unification,1031,1.0,0.0,1.0,1.0
unification,1032,1.0,0.0,1.0,1.0
unification,1033,1.0,0.0,1.0,1.0
unification,1034,1.0,0.0,1.0,1.0
unification,1035,1.0,0.0,1.0,1.0
unification,1036,1.0,0.0,1.0,1.0
unification,1037,1.0,0.0,1.0,1.0
unification,1038,1.0,0.0,1.0,1.0
unification,1039,1.0,0.0,1.0,1.0
unification,1040,1.0,0.0,1.0,1.0
unification,1041,1.0,0.0,1.0,1.0
unification,1042,1.0,0.0,1.0,1.0
unification,1043,1.0,0.0,1.0,1.0
unification,1044,1.0,0.0,1.0,1.0
unification,1045,1.0,0.0,1.0,1.0
unification,1046,1.0,0.0,1.0,1.0
unification,1047,1.0,0.0,1.0,1.0
unification,1048,1.0,0.0,1.0,1.0
unification,1049,1.0,0.0,1.0,1.0
unification,1050,1.0,0.0,1.0,1.0
unification,1051,1.0,0.0,1.0,1.0
unification,1052,1.0,0.0,1.0,1.0
unification,1053,1.0,0.0,1.0,1.0
unification,1054,1.0,0.0,1.0,1.0
unification,1055,1.0,0.0,1.0,1.0
unification,1056,1.0,0.0,1.0,1.0
unification,1057,1.0,0.0,1.0,1.0
unification,1058,1.0,0.0,1.0,1.0
unification,1059,1.0,0.0,1.0,1.0
unification,1060,1.0,0.0,1.0,1.0
unification,1061,1.0,0.0,1.0,1.0
unification,1062,1.0,0.0,1.0,1.0
unification,1063,1.0,0.0,1.0,1.0
unification,1064,1.0,0.0,1.0,1.0
unification,1065,1.0,0.0,1.0,1.0
unification,1066,1.0,0.0,1.0,1.0
unification,1067,1.0,0.0,1.0,1.0
unification,1068,1.0,0.0,1.0,1.0
unification,1069,1.0,0.0,1.0,1.0
unification,1070,1.0,0.0,1.0,1.0
unification,1071,1.0,0.0,1.0,1.0
unification,1072,1.0,0.0,1.0,1.0
unification,1073,1.0,0.0,1.0,1.0
unification,1074,1.0,0.0,1.0,1.0
unification,1075,1.0,0.0,1.0,1.0
unification,1076,1.0,0.0,1.0,1.0
unification,1077,1.0,0.0,1.0,1.0
unification,1078,1.0,0.0,1.0,1.0
unification,1079,1.0,0.0,1.0,1.0
unification,1080,1.0,0.0,1.0,1.0
unification,1081,1.0,0.0,1.0,1.0
unification,1082,1.0,0.0,1.0,1.0
unification,1083,1.0,0.0,1.0,1.0
unification,1084,1.0,0.0,1.0,1.0
unification,1085,1.0,0.0,1.0,1.0
unification,1086,1.0,0.0,1.0,1.0
unification,1087,1.0,0.0,1.0,1.0
unification,1088,1.0,0.0,1.0,1.0
unification,1089,1.0,0.0,1.0,1.0
unification,1090,1.0,0.0,1.0,1.0
unification,1091,1.0,0.0,1.0,1.0
unification,1092,1.0,0.0,1.0,1.0
unification,1093,1.0,0.0,1.0,1.0
unification,1094,1.0,0.0,1.0,1.0
unification,1095,1.0,0.0,1.0,1.0
unification,1096,1.0,0.0,1.0,1.0
unification,1097,1.0,0.0,1.0,1.0
unification,1098,1.0,0.0,1.0,1.0
unification,1099,1.0,0.0,1.0,1.0
unification,1100,1.04,-0.03,1.03,1.0
unification,1101,1.0025,-0.001875,1.001875,1.0
unification,1102,1.0,0.0,1.0,1.0
unification,1103,1.0,0.0,1.0,1.0
unification,1104,1.0,0.0,1.0,1.0
unification,1105,1.0,0.0,1.0,1.0
unification,1106,1.0,0.0,1.0,1.0
unification,1107,1.0,0.0,1.0,1.0
unification,1108,1.0,0.0,1.0,1.0
unification,1109,1.0,0.0,1.0,1.0
unification,1110,1.0,0.0,1.0,1.0
unification,1111,1.0,0.0,1.0,1.0
unification,1112,1.0,0.0,1.0,1.0
unification,1113,1.0,0.0,1.0,1.0
unification,1114,1.0,0.0,1.0,1.0
unification,1115,1.0,0.0,1.0,1.0
unification,1116,1.0,0.0,1.0,1.0
unification,1117,1.0,0.0,1.0,1.0
unification,1118,1.0,0.0,1.0,1.0
unification,1119,1.0,0.0,1.0,1.0
unification,1120,1.0,0.0,1.0,1.0
unification,1121,1.0,0.0,1.0,1.0
unification,1122,1.0,0.0,1.0,1.0
unification,1123,1.0,0.0,1.0,1.0
unification,1124,1.0,0.0,1.0,1.0
unification,1125,1.0,0.0,1.0,1.0
unification,1126,1.0,0.0,1.0,1.0
unification,1127,1.0,0.0,1.0,1.0
unification,1128,1.0,0.0,1.0,1.0
unification,1129,1.0,0.0,1.0,1.0
unification,1130,1.0,0.0,1.0,1.0
unification,1131,1.0,0.0,1.0,1.0
unification,1132,1.0,0.0,1.0,1.0
unification,1133,1.0,0.0,1.0,1.0
unification,1134,1.0,0.0,1.0,1.0
unification,1135,1.0,0.0,1.0,1.0
unification,1136,1.0,0.0,1.0,1.0
unification,1137,1.0,0.0,1.0,1.0
unification,1138,1.0,0.0,1.0,1.0
unification,1139,1.0,0.0,1.0,1.0
unification,1140,1.0,0.0,1.0,1.0
unification,1141,1.0,0.0,1.0,1.0
unification,1142,1.0,0.0,1.0,1.0
unification,1143,1.0,0.0,1.0,1.0
unification,1144,1.0,0.0,1.0,1.0
unification,1145,1.0,0.0,1.0,1.0
unification,1146,1.0,0.0,1.0,1.0
unification,1147,1.0,0.0,1.0,1.0
unification,1148,1.0,0.0,1.0,1.0
unification,1149,1.0,0.0,1.0,1.0
unification,1150,1.0,0.0,1.0,1.0
unification,1151,1.0,0.0,1.0,1.0
unification,1152,1.0,0.0,1.0,1.0
unification,1153,1.0,0.0,1.0,1.0
unification,1154,1.0,0.0,1.0,1.0
unification,1155,1.0,0.0,1.0,1.0
unification,1156,1.0,0.0,1.0,1.0
unification,1157,1.0,0.0,1.0,1.0
unification,1158,1.0,0.0,1.0,1.0
unification,1159,1.0,0.0,1.0,1.0
unification,1160,1.0,0.0,1.0,1.0
unification,1161,1.0,0.0,1.0,1.0
unification,1162,1.0,0.0,1.0,1.0
unification,1163,1.0,0.0,1.0,1.0
unification,1164,1.0,0.0,1.0,1.0
unification,1165,1.0,0.0,1.0,1.0
unification,1166,1.0,0.0,1.0,1.0
unification,1167,1.0,0.0,1.0,1.0
unification,1168,1.0,0.0,1.0,1.0
unification,1169,1.0,0.0,1.0,1.0
unification,1170,1.0,0.0,1.0,1.0
unification,1171,1.0,0.0,1.0,1.0
unification,1172,1.0,0.0,1.0,1.0
unification,1173,1.0,0.0,1.0,1.0
unification,1174,1.0,0.0,1.0,1.0
unification,1175,1.0,0.0,1.0,1.0
unification,1176,1.0,0.0,1.0,1.0
unification,1177,1.0,0.0,1.0,1.0
unification,1178,1.0,0.0,1.0,1.0
unification,1179,1.0,0.0,1.0,1.0
unification,1180,1.0,0.0,1.0,1.0
unification,1181,1.0,0.0,1.0,1.0
unification,1182,1.0,0.0,1.0,1.0
unification,1183,1.0,0.0,1.0,1.0
unification,1184,1.0,0.0,1.0,1.0
unification,1185,1.0,0.0,1.0,1.0
unification,1186,1.0,0.0,1.0,1.0
unification,1187,1.0,0.0,1.0,1.0
unification,1188,1.0,0.0,1.0,1.0
unification,1189,1.0,0.0,1.0,1.0
unification,1190,1.0,0.0,1.0,1.0
unification,1191,1.0,0.0,1.0,1.0
unification,1192,1.0,0.0,1.0,1.0
unification,1193,1.0,0.0,1.0,1.0
unification,1194,1.0,0.0,1.0,1.0
unification,1195,1.0,0.0,1.0,1.0
unification,1196,1.0,0.0,1.0,1.0
unification,1197,1.0,0.0,1.0,1.0
unification,1198,1.0,0.0,1.0,1.0
unification,1199,1.0,0.0,1.0,1.0
