system,step,basin,truth,constraint,correction,coherence,inside_kernel,novelty,discoveries,survivability,extinct
strict_viability,0,0.34188,1.0,1.0,0.988294,0.991407,True,0.0,0,0.747244,False
strict_viability,1,0.343103,0.998103,0.999899,0.983552,0.98763,True,0.0,0,0.746232,False
strict_viability,2,0.349525,0.99856,1.0,0.986887,0.990158,True,0.0,0,0.749544,False
strict_viability,3,0.352675,0.992853,1.0,0.98701,0.988772,True,0.0,0,0.749564,False
strict_viability,4,0.347428,1.0,0.999073,0.984858,0.988753,True,0.0,0,0.748386,False
strict_viability,5,0.351886,1.0,1.0,0.987931,0.991141,True,0.0,0,0.750964,False
strict_viability,6,0.348835,0.996927,0.995117,0.992015,0.992962,True,0.0,0,0.749163,False
strict_viability,7,0.348123,0.991985,0.990328,0.996176,0.990737,True,0.0,0,0.747456,False
strict_viability,8,0.352669,0.98825,0.992032,0.996999,0.989382,True,0.0,0,0.74877,False
strict_viability,9,0.35984,0.98997,0.996362,0.997501,0.991793,True,0.0,0,0.752944,False
strict_viability,10,0.36509,0.98155,0.994561,0.994759,0.985036,True,0.0,0,0.751905,False
strict_viability,11,0.363089,0.991113,0.989541,1.0,0.989638,True,0.0,0,0.753248,False
strict_viability,12,0.36061,0.992376,0.993396,1.0,0.992385,True,0.0,0,0.753557,False
strict_viability,13,0.35802,0.989847,0.998756,0.998852,0.992229,True,0.0,0,0.752903,False
strict_viability,14,0.349154,0.984658,1.0,0.999744,0.988704,True,0.0,0,0.748525,False
strict_viability,15,0.345936,0.986103,1.0,0.997896,0.989468,True,0.0,0,0.747396,False
strict_viability,16,0.340841,0.984372,0.99771,0.990789,0.986327,True,0.0,0,0.743364,False
strict_viability,17,0.337285,0.98495,1.0,0.993764,0.987657,True,0.0,0,0.743105,False
strict_viability,18,0.336697,0.982895,0.999522,0.983841,0.982272,True,0.0,0,0.74039,False
strict_viability,19,0.326316,0.977462,1.0,0.978929,0.976712,True,0.0,0,0.734199,False
strict_viability,20,0.33691,0.97605,1.0,0.974005,0.973321,True,0.0,0,0.736874,False
strict_viability,21,0.32951,0.974787,1.0,0.964478,0.967072,True,0.0,0,0.731751,False
strict_viability,22,0.331611,0.972034,0.991324,0.966055,0.967306,True,0.0,0,0.730741,False
strict_viability,23,0.333673,0.973066,1.0,0.965712,0.967064,True,0.0,0,0.733195,False
strict_viability,24,0.335307,0.975253,1.0,0.971827,0.971691,True,0.0,0,0.735621,False
strict_viability,25,0.347213,0.968918,0.996161,0.967174,0.966136,True,0.0,0,0.736996,False
strict_viability,26,0.3364,0.973729,0.994952,0.959407,0.963617,True,0.0,0,0.732146,False
strict_viability,27,0.339108,0.979604,1.0,0.978197,0.977465,True,0.0,0,0.739433,False
strict_viability,28,0.331392,0.967468,1.0,0.974021,0.968556,True,0.0,0,0.732663,False
strict_viability,29,0.326695,0.967671,1.0,0.9758,0.969486,True,0.0,0,0.731275,False
strict_viability,30,0.31861,0.958664,0.997082,0.976257,0.963987,True,0.0,0,0.72546,False
strict_viability,31,0.319852,0.965892,0.99418,0.969911,0.966039,True,0.0,0,0.726069,False
strict_viability,32,0.31425,0.979761,0.989439,0.975911,0.976866,True,0.0,0,0.727723,False
strict_viability,33,0.321903,0.982722,0.98884,0.976442,0.978366,True,0.0,0,0.73131,False
strict_viability,34,0.325671,0.980549,0.981845,0.969533,0.972614,True,0.0,0,0.729434,False
strict_viability,35,0.338504,0.982135,0.981718,0.972229,0.974806,True,0.0,0,0.735214,False
strict_viability,36,0.340459,0.980244,0.988945,0.975696,0.976956,True,0.0,0,0.737661,False
strict_viability,37,0.342125,0.973534,0.981092,0.986384,0.975854,True,0.0,0,0.737036,False
strict_viability,38,0.340889,0.972087,0.990469,0.98018,0.974518,True,0.0,0,0.736965,False
strict_viability,39,0.346235,0.970618,0.990745,0.979838,0.973408,True,0.0,0,0.738601,False
strict_viability,40,0.357695,0.972108,0.994907,0.968186,0.968386,True,0.0,0,0.741739,False
strict_viability,41,0.351149,0.965693,0.989802,0.967206,0.964862,True,0.0,0,0.736618,False
strict_viability,42,0.340738,0.966981,0.987225,0.966296,0.965248,True,0.0,0,0.732349,False
strict_viability,43,0.345243,0.976069,0.98671,0.963205,0.96716,True,0.0,0,0.7354,False
strict_viability,44,0.347383,0.977899,0.980631,0.964933,0.968667,True,0.0,0,0.735872,False
strict_viability,45,0.367723,0.989872,0.976135,0.964338,0.967913,True,0.0,0,0.744773,False
strict_viability,46,0.363197,0.992091,0.984139,0.961112,0.967948,True,0.0,0,0.744446,False
strict_viability,47,0.346219,0.99137,0.978275,0.959187,0.965045,True,0.0,0,0.736191,False
strict_viability,48,0.35541,0.991082,0.968428,0.951699,0.956685,True,0.0,0,0.735808,False
strict_viability,49,0.345311,0.984789,0.980467,0.970685,0.973632,True,0.0,0,0.737696,False
strict_viability,50,0.342565,0.987328,0.991468,0.965708,0.971901,True,0.0,0,0.738185,False
strict_viability,51,0.348983,0.990345,0.989485,0.966009,0.972363,True,0.0,0,0.740908,False
strict_viability,52,0.347278,0.989057,0.991217,0.963771,0.970757,True,0.0,0,0.739834,False
strict_viability,53,0.35558,0.990342,0.99361,0.965257,0.972304,True,0.0,0,0.744044,False
strict_viability,54,0.350007,0.992552,0.993232,0.978935,0.982642,True,0.0,0,0.745412,False
strict_viability,55,0.353294,0.988214,0.986776,0.98676,0.98667,True,0.0,0,0.746297,False
strict_viability,56,0.357335,0.978126,0.992766,0.989913,0.981548,True,0.0,0,0.746921,False
strict_viability,57,0.353763,0.980412,0.993314,0.988485,0.98288,True,0.0,0,0.746034,False
strict_viability,58,0.351947,0.981958,1.0,0.973455,0.97573,True,0.0,0,0.743864,False
strict_viability,59,0.353559,0.984315,0.997769,0.96377,0.970068,True,0.0,0,0.742463,False
strict_viability,60,0.367578,0.975617,1.0,0.962965,0.966463,True,0.0,0,0.746081,False
strict_viability,61,0.359355,0.974396,1.0,0.967654,0.968839,True,0.0,0,0.743678,False
strict_viability,62,0.368974,0.977855,1.0,0.971329,0.972632,True,0.0,0,0.748926,False
strict_viability,63,0.366801,0.978967,0.995815,0.97819,0.977412,True,0.0,0,0.749081,False
strict_viability,64,0.37326,0.9785,1.0,0.983397,0.979479,True,0.0,0,0.753182,False
strict_viability,65,0.379306,0.96976,0.999598,0.9769,0.971273,True,0.0,0,0.75194,False
strict_viability,66,0.391596,0.974559,0.995418,0.971561,0.971494,True,0.0,0,0.756,False
strict_viability,67,0.382064,0.971352,0.997437,0.979409,0.973463,True,0.0,0,0.753499,False
strict_viability,68,0.363933,0.9741,0.997952,0.982555,0.976476,True,0.0,0,0.747999,False
strict_viability,69,0.347628,0.971388,1.0,0.973628,0.970628,True,0.0,0,0.739731,False
strict_viability,70,0.350774,0.977388,0.996574,0.979359,0.977116,True,0.0,0,0.742972,False
strict_viability,71,0.352837,0.979523,0.998307,0.974844,0.975606,True,0.0,0,0.743638,False
strict_viability,72,0.351817,0.982483,1.0,0.969303,0.973241,True,0.0,0,0.743029,False
strict_viability,73,0.363869,0.978585,0.995066,0.971505,0.973329,True,0.0,0,0.746338,False
strict_viability,74,0.36416,0.987248,1.0,0.977473,0.980401,True,0.0,0,0.75058,False
strict_viability,75,0.382982,0.986428,0.987979,0.987824,0.986818,True,0.0,0,0.75764,False
strict_viability,76,0.384045,0.994722,0.978752,0.980707,0.978681,True,0.0,0,0.755903,False
strict_viability,77,0.377891,0.99753,0.982582,0.982985,0.981789,True,0.0,0,0.755451,False
strict_viability,78,0.359611,0.997936,0.980312,0.98629,0.981959,True,0.0,0,0.748652,False
strict_viability,79,0.360917,1.0,0.982321,0.989911,0.984589,True,0.0,0,0.750704,False
strict_viability,80,0.27968,1.0,0.987814,0.987874,0.987025,True,0.0,0,0.72083,False
strict_viability,81,0.277753,0.999295,0.993183,0.976306,0.981331,True,0.0,0,0.718635,False
strict_viability,82,0.266096,0.985316,0.989333,0.981566,0.982709,True,0.0,0,0.711897,False
strict_viability,83,0.267878,0.992324,0.997643,0.981744,0.984954,True,0.0,0,0.715626,False
strict_viability,84,0.267293,1.0,0.998271,0.977308,0.983093,True,0.0,0,0.716054,False
strict_viability,85,0.255649,0.994671,0.996179,0.98286,0.986175,True,0.0,0,0.711441,False
strict_viability,86,0.244791,0.9972,0.990059,0.98626,0.987318,True,0.0,0,0.707282,False
strict_viability,87,0.230344,1.0,0.986749,0.983499,0.984016,True,0.0,0,0.700917,False
strict_viability,88,0.22531,1.0,0.98604,0.986002,0.98508,True,0.0,0,0.699355,False
strict_viability,89,0.236075,0.997943,0.977628,0.992856,0.98214,True,0.0,0,0.702168,False
strict_viability,90,0.245192,1.0,0.977562,0.995179,0.982716,True,0.0,0,0.706385,False
strict_viability,91,0.262008,1.0,0.979245,1.0,0.984766,True,0.0,0,0.713999,False
strict_viability,92,0.264872,0.999845,0.981797,0.995,0.985731,True,0.0,0,0.714935,False
strict_viability,93,0.248488,0.993146,0.979631,0.993402,0.983259,True,0.0,0,0.706593,False
strict_viability,94,0.257536,0.987594,0.982373,0.991172,0.983976,True,0.0,0,0.709299,False
strict_viability,95,0.259219,0.991708,0.980905,0.997839,0.984201,True,0.0,0,0.711375,False
strict_viability,96,0.25947,1.0,0.982859,1.0,0.987418,True,0.0,0,0.714003,False
strict_viability,97,0.264316,0.999659,0.982388,0.995323,0.986221,True,0.0,0,0.7149,False
strict_viability,98,0.257704,1.0,0.989467,0.997673,0.991873,True,0.0,0,0.71473,False
strict_viability,99,0.261535,0.998148,0.99542,0.986759,0.989316,True,0.0,0,0.71509,False
strict_viability,100,0.245809,0.989237,1.0,0.992557,0.990106,True,0.0,0,0.709241,False
strict_viability,101,0.233989,0.971797,0.996739,1.0,0.978804,True,0.0,0,0.700709,False
strict_viability,102,0.229712,0.975495,0.987478,0.998216,0.979175,True,0.0,0,0.697877,False
strict_viability,103,0.229223,0.981029,0.989949,1.0,0.983739,True,0.0,0,0.69993,False
strict_viability,104,0.236606,0.991414,0.984452,0.994674,0.986556,True,0.0,0,0.703207,False
strict_viability,105,0.235275,1.0,0.982298,1.0,0.987006,True,0.0,0,0.704659,False
strict_viability,106,0.237541,1.0,0.980697,0.994353,0.984795,True,0.0,0,0.704176,False
strict_viability,107,0.24136,0.990605,0.985143,0.991302,0.986676,True,0.0,0,0.704535,False
strict_viability,108,0.222406,0.986189,0.975503,0.986625,0.9784,True,0.0,0,0.693154,False
strict_viability,109,0.221172,0.985113,0.975337,0.988276,0.978227,True,0.0,0,0.692672,False
strict_viability,110,0.227027,0.989568,0.978441,0.991993,0.981652,True,0.0,0,0.697189,False
strict_viability,111,0.243507,0.989382,0.977293,0.98773,0.980252,True,0.0,0,0.702447,False
strict_viability,112,0.233751,0.984391,0.9776,0.99013,0.979687,True,0.0,0,0.698165,False
strict_viability,113,0.227827,0.990295,0.982758,0.98949,0.984642,True,0.0,0,0.698409,False
strict_viability,114,0.232415,0.991735,0.974624,0.989421,0.978817,True,0.0,0,0.698239,False
strict_viability,115,0.225417,0.99314,0.966712,0.997779,0.974246,True,0.0,0,0.69503,False
strict_viability,116,0.223597,0.995542,0.953324,0.990912,0.963857,True,0.0,0,0.690153,False
strict_viability,117,0.21522,0.999972,0.966811,0.984145,0.972132,True,0.0,0,0.690241,False
strict_viability,118,0.217303,1.0,0.960546,0.98615,0.96834,True,0.0,0,0.689735,False
strict_viability,119,0.204289,0.992314,0.959274,0.983472,0.966483,True,0.0,0,0.68258,False
strict_viability,120,0.206423,0.981911,0.963678,0.980539,0.968329,True,0.0,0,0.682122,False
strict_viability,121,0.201602,0.978674,0.968095,0.985743,0.971339,True,0.0,0,0.681592,False
strict_viability,122,0.188317,0.982589,0.962916,0.987614,0.968647,True,0.0,0,0.676255,False
strict_viability,123,0.192088,0.97831,0.956414,0.992296,0.963122,True,0.0,0,0.67574,False
strict_viability,124,0.187376,0.987716,0.955174,0.992737,0.964389,True,0.0,0,0.675633,False
strict_viability,125,0.182619,0.990938,0.953417,0.990501,0.963337,True,0.0,0,0.673649,False
strict_viability,126,0.174494,0.976753,0.964582,1.0,0.967956,True,0.0,0,0.671903,False
strict_viability,127,0.159199,0.975639,0.964005,0.99886,0.967186,True,0.0,0,0.665534,False
strict_viability,128,0.164036,0.97957,0.956198,1.0,0.963378,True,0.0,0,0.666377,False
strict_viability,129,0.165611,0.978204,0.956756,1.0,0.963314,True,0.0,0,0.666823,False
strict_viability,130,0.155645,0.968522,0.959135,0.997657,0.961164,True,0.0,0,0.661135,False
strict_viability,131,0.154452,0.979543,0.953829,1.0,0.961734,True,0.0,0,0.662107,False
strict_viability,132,0.147699,0.981266,0.96259,0.998057,0.968325,True,0.0,0,0.661947,False
strict_viability,133,0.147759,0.976455,0.961741,0.99763,0.966087,True,0.0,0,0.660622,False
strict_viability,134,0.135034,0.980105,0.959837,0.982318,0.965487,True,0.0,0,0.653885,False
strict_viability,135,0.137413,0.976462,0.953229,0.987902,0.960269,True,0.0,0,0.6531,False
strict_viability,136,0.156673,0.979742,0.957061,0.98729,0.963778,True,0.0,0,0.662034,False
strict_viability,137,0.161874,0.987904,0.955316,0.985087,0.963571,True,0.0,0,0.664832,False
strict_viability,138,0.1684,0.997284,0.954002,0.983019,0.962794,True,0.0,0,0.668381,False
strict_viability,139,0.166634,1.0,0.941972,0.978605,0.953159,True,0.0,0,0.66426,False
strict_viability,140,0.148272,0.994218,0.93835,0.978088,0.950263,True,0.0,0,0.655169,False
strict_viability,141,0.146511,0.988219,0.939993,0.985088,0.952372,True,0.0,0,0.654949,False
strict_viability,142,0.139426,0.99195,0.940596,0.989453,0.953904,True,0.0,0,0.653832,False
strict_viability,143,0.14524,0.985999,0.942436,0.988529,0.954338,True,0.0,0,0.655224,False
strict_viability,144,0.132932,0.990564,0.942184,0.982764,0.95381,True,0.0,0,0.650453,False
strict_viability,145,0.142156,0.977184,0.935066,0.977782,0.946346,True,0.0,0,0.648675,False
strict_viability,146,0.144617,0.982522,0.930316,0.97178,0.942406,True,0.0,0,0.648403,False
strict_viability,147,0.145283,0.986377,0.931434,0.974358,0.94401,True,0.0,0,0.650105,False
strict_viability,148,0.151705,0.991658,0.923922,0.9617,0.935536,True,0.0,0,0.649355,False
strict_viability,149,0.161407,0.985803,0.915213,0.963527,0.929803,True,0.0,0,0.649988,False
strict_viability,150,0.175988,0.989358,0.915713,0.959343,0.929104,True,0.0,0,0.655589,False
strict_viability,151,0.173794,0.98361,0.930719,0.971363,0.942682,True,0.0,0,0.659734,False
strict_viability,152,0.166627,0.989268,0.936788,0.974941,0.948173,True,0.0,0,0.660281,False
strict_viability,153,0.17191,0.994054,0.942645,0.977792,0.953261,True,0.0,0,0.665214,False
strict_viability,154,0.172779,0.990908,0.936813,0.988598,0.950878,True,0.0,0,0.665155,False
strict_viability,155,0.183852,0.992732,0.946951,0.989038,0.95859,True,0.0,0,0.672503,False
strict_viability,156,0.175305,0.995348,0.949022,0.981575,0.958805,True,0.0,0,0.669079,False
strict_viability,157,0.174867,1.0,0.956028,0.982237,0.964069,True,0.0,0,0.671736,False
strict_viability,158,0.175421,0.998783,0.95095,0.981902,0.960375,True,0.0,0,0.670323,False
strict_viability,159,0.165618,1.0,0.954877,0.971765,0.959725,True,0.0,0,0.666027,False
strict_viability,160,0.093784,1.0,0.962485,0.972907,0.965024,True,0.0,0,0.640895,False
strict_viability,161,0.085314,1.0,0.965968,0.981504,0.970666,True,0.0,0,0.640184,False
strict_viability,162,0.084456,0.992535,0.96515,0.983403,0.970685,True,0.0,0,0.638635,False
strict_viability,163,0.080033,0.994292,0.963248,0.980169,0.968449,True,0.0,0,0.636207,False
strict_viability,164,0.077017,0.995941,0.966071,0.973971,0.967919,True,0.0,0,0.634935,False
strict_viability,165,0.088719,0.989099,0.954463,0.963638,0.956613,True,0.0,0,0.633257,False
strict_viability,166,0.089167,0.988744,0.963215,0.948772,0.952863,True,0.0,0,0.632408,False
strict_viability,167,0.101858,0.98234,0.96212,0.945904,0.950786,True,0.0,0,0.63523,False
strict_viability,168,0.099448,0.991474,0.974364,0.94563,0.954412,True,0.0,0,0.638559,False
strict_viability,169,0.099933,1.0,0.97463,0.948167,0.956278,True,0.0,0,0.640905,False
strict_viability,170,0.125564,1.0,0.971203,0.95565,0.960001,True,0.0,0,0.651522,False
strict_viability,171,0.121845,1.0,0.972317,0.95875,0.962431,True,0.0,0,0.651035,False
strict_viability,172,0.124738,1.0,0.961587,0.964077,0.960303,True,0.0,0,0.650693,False
strict_viability,173,0.1134,0.99965,0.963327,0.961073,0.959657,True,0.0,0,0.646137,False
strict_viability,174,0.102862,0.997219,0.960999,0.962047,0.959114,True,0.0,0,0.641347,False
strict_viability,175,0.094999,1.0,0.962633,0.951917,0.953998,True,0.0,0,0.637122,False
strict_viability,176,0.095101,0.998674,0.963216,0.953298,0.955173,True,0.0,0,0.637361,False
strict_viability,177,0.102882,0.99205,0.957368,0.948242,0.949846,True,0.0,0,0.636726,False
strict_viability,178,0.113041,0.989718,0.943731,0.939684,0.938422,True,0.0,0,0.635143,False
strict_viability,179,0.10878,0.987599,0.945774,0.939756,0.939624,True,0.0,0,0.633664,False
strict_viability,180,0.103571,0.982824,0.950393,0.932482,0.937523,True,0.0,0,0.630387,False
strict_viability,181,0.104592,0.982493,0.96152,0.930923,0.940313,True,0.0,0,0.632834,False
strict_viability,182,0.102988,0.975394,0.963179,0.92669,0.937501,True,0.0,0,0.630315,False
strict_viability,183,0.106365,0.97952,0.960632,0.934975,0.942858,True,0.0,0,0.633685,False
strict_viability,184,0.118055,0.983356,0.97008,0.925784,0.938817,True,0.0,0,0.638747,False
strict_viability,185,0.111319,0.984607,0.967615,0.927177,0.939324,True,0.0,0,0.636225,False
strict_viability,186,0.110161,0.987586,0.967264,0.929976,0.94133,True,0.0,0,0.63689,False
strict_viability,187,0.113948,0.994977,0.978202,0.934088,0.947262,True,0.0,0,0.642916,False
strict_viability,188,0.104941,0.994612,0.984546,0.941406,0.953905,True,0.0,0,0.642392,False
strict_viability,189,0.112232,0.99773,0.992245,0.945029,0.958227,True,0.0,0,0.648135,False
strict_viability,190,0.115119,0.980219,0.994792,0.924909,0.941053,True,0.0,0,0.641661,False
strict_viability,191,0.118933,0.983722,0.987985,0.923054,0.939714,True,0.0,0,0.642095,False
strict_viability,192,0.115261,0.997703,0.988361,0.92798,0.945081,True,0.0,0,0.644618,False
strict_viability,193,0.116509,0.991763,0.988077,0.930085,0.945966,True,0.0,0,0.644373,False
strict_viability,194,0.114662,0.987575,0.994007,0.932544,0.94793,True,0.0,0,0.644564,False
strict_viability,195,0.114013,0.989314,0.997901,0.928718,0.945807,True,0.0,0,0.644541,False
strict_viability,196,0.12305,0.987184,0.989468,0.933676,0.948197,True,0.0,0,0.647055,False
strict_viability,197,0.111005,0.988974,0.99422,0.938058,0.952221,True,0.0,0,0.644751,False
strict_viability,198,0.09997,0.991315,0.992591,0.937156,0.951726,True,0.0,0,0.640501,False
strict_viability,199,0.112005,1.0,1.0,0.938521,0.954873,True,0.0,0,0.648539,False
strict_viability,200,0.118339,1.0,1.0,0.945443,0.959954,True,0.0,0,0.652525,False
strict_viability,201,0.112705,0.997513,1.0,0.947218,0.960908,True,0.0,0,0.6503,False
strict_viability,202,0.118266,0.995344,1.0,0.951191,0.963484,True,0.0,0,0.652888,False
strict_viability,203,0.130004,0.99249,0.990069,0.946492,0.958385,True,0.0,0,0.653777,False
strict_viability,204,0.130621,0.991088,0.988368,0.951933,0.961956,True,0.0,0,0.654644,False
strict_viability,205,0.13335,0.993834,0.99244,0.940833,0.954739,True,0.0,0,0.654488,False
strict_viability,206,0.116108,0.994249,0.992655,0.949012,0.960823,True,0.0,0,0.649924,False
strict_viability,207,0.11793,0.991432,0.995803,0.947486,0.959694,True,0.0,0,0.650327,False
strict_viability,208,0.126019,0.988361,1.0,0.953241,0.96364,True,0.0,0,0.654883,False
strict_viability,209,0.134011,0.992928,1.0,0.950173,0.962323,True,0.0,0,0.658154,False
strict_viability,210,0.129909,0.996411,0.994266,0.954402,0.965274,True,0.0,0,0.657137,False
strict_viability,211,0.128477,0.997184,1.0,0.947607,0.961144,True,0.0,0,0.656317,False
strict_viability,212,0.129875,0.999742,1.0,0.951962,0.964704,True,0.0,0,0.658345,False
strict_viability,213,0.141708,0.997012,1.0,0.949643,0.962612,True,0.0,0,0.661774,False
strict_viability,214,0.133332,0.999838,1.0,0.9508,0.963864,True,0.0,0,0.659413,False
strict_viability,215,0.124615,0.998467,0.990443,0.946907,0.959351,True,0.0,0,0.653047,False
strict_viability,216,0.135367,1.0,0.987231,0.957229,0.966248,True,0.0,0,0.659103,False
strict_viability,217,0.134357,1.0,0.988014,0.959268,0.9679,True,0.0,0,0.659344,False
strict_viability,218,0.123372,0.990738,0.99232,0.95892,0.967581,True,0.0,0,0.65419,False
strict_viability,219,0.12364,0.995806,0.993649,0.956306,0.966507,True,0.0,0,0.654949,False
strict_viability,220,0.123304,1.0,0.996821,0.963555,0.972782,True,0.0,0,0.657915,False
strict_viability,221,0.132545,1.0,1.0,0.967846,0.976398,True,0.0,0,0.663033,False
strict_viability,222,0.13835,0.991865,0.995232,0.976703,0.981083,True,0.0,0,0.664719,False
strict_viability,223,0.15045,0.990497,0.988472,0.976011,0.979549,True,0.0,0,0.667573,False
strict_viability,224,0.151282,0.997605,0.986676,0.978895,0.981202,True,0.0,0,0.669447,False
strict_viability,225,0.155084,0.997701,0.982606,0.97816,0.979047,True,0.0,0,0.669815,False
strict_viability,226,0.153123,1.0,0.982576,0.9774,0.978441,True,0.0,0,0.669299,False
strict_viability,227,0.146169,0.998422,0.979022,0.986418,0.981159,True,0.0,0,0.667322,False
strict_viability,228,0.156677,0.998843,0.97992,0.986322,0.981682,True,0.0,0,0.671601,False
strict_viability,229,0.170627,0.984962,0.968558,0.983504,0.972707,True,0.0,0,0.670887,False
strict_viability,230,0.176348,0.988285,0.967265,0.990149,0.97308,True,0.0,0,0.674402,False
strict_viability,231,0.17802,0.994438,0.969955,0.987098,0.97511,True,0.0,0,0.676445,False
strict_viability,232,0.179105,0.994625,0.97976,0.972808,0.974662,True,0.0,0,0.676602,False
strict_viability,233,0.169809,0.992619,0.978884,0.964639,0.969004,True,0.0,0,0.670728,False
strict_viability,234,0.163122,1.0,0.990374,0.963307,0.971357,True,0.0,0,0.67168,False
strict_viability,235,0.154128,0.988551,0.989983,0.958502,0.966675,True,0.0,0,0.664896,False
strict_viability,236,0.141527,0.984348,0.991197,0.962035,0.96861,True,0.0,0,0.660297,False
strict_viability,237,0.131163,0.98998,0.986679,0.967055,0.972637,True,0.0,0,0.657745,False
strict_viability,238,0.120352,0.988406,0.989301,0.971794,0.976324,True,0.0,0,0.654931,False
strict_viability,239,0.132806,0.994824,0.988105,0.977203,0.980539,True,0.0,0,0.661866,False
strict_viability,240,0.06869,0.987623,0.982929,0.986846,0.984053,True,0.0,0,0.637046,False
strict_viability,241,0.058309,0.985104,0.986,0.986655,0.985379,True,0.0,0,0.633334,False
strict_viability,242,0.053116,0.98131,0.981174,1.0,0.979978,True,0.0,0,0.631028,False
strict_viability,243,0.06041,0.978977,0.980664,0.995719,0.978723,True,0.0,0,0.632539,False
strict_viability,244,0.049586,0.96879,0.967788,0.988684,0.966908,True,0.0,0,0.621871,False
strict_viability,245,0.04943,0.977539,0.971291,0.993744,0.972815,True,0.0,0,0.625435,False
strict_viability,246,0.053822,0.982634,0.968756,0.997303,0.97299,True,0.0,0,0.628084,False
strict_viability,247,0.049625,0.976457,0.962657,0.997909,0.966679,True,0.0,0,0.623607,False
strict_viability,248,0.043485,0.977374,0.967283,1.0,0.969925,True,0.0,0,0.622954,False
strict_viability,249,0.053901,0.972095,0.978438,0.996814,0.973539,True,0.0,0,0.627957,False
strict_viability,250,0.054645,0.970521,0.968286,0.995887,0.967591,True,0.0,0,0.625285,False
strict_viability,251,0.062583,0.980571,0.964526,0.997832,0.969416,True,0.0,0,0.629925,False
strict_viability,252,0.057756,0.985843,0.965437,1.0,0.971701,True,0.0,0,0.629782,False
strict_viability,253,0.06595,0.986884,0.971324,0.997317,0.976097,True,0.0,0,0.634295,False
strict_viability,254,0.065226,0.98229,0.97622,1.0,0.977595,True,0.0,0,0.634629,False
strict_viability,255,0.077722,0.991556,0.974736,1.0,0.979838,True,0.0,0,0.641047,False
strict_viability,256,0.078109,0.988229,0.98527,1.0,0.985759,True,0.0,0,0.643202,False
strict_viability,257,0.087858,0.975585,0.97366,1.0,0.972891,True,0.0,0,0.640997,False
strict_viability,258,0.090061,0.968413,0.974368,1.0,0.969279,True,0.0,0,0.640237,False
strict_viability,259,0.091619,0.966795,0.972826,0.987225,0.968331,True,0.0,0,0.638358,False
strict_viability,260,0.098583,0.958411,0.969733,0.980691,0.96188,True,0.0,0,0.63725,False
strict_viability,261,0.099211,0.947244,0.974393,0.985836,0.955401,True,0.0,0,0.63626,False
strict_viability,262,0.079565,0.942964,0.982615,0.969624,0.951038,True,0.0,0,0.626711,False
strict_viability,263,0.070325,0.949628,0.979124,0.973026,0.956453,True,0.0,0,0.624897,False
strict_viability,264,0.085215,0.950032,0.982053,0.964984,0.95457,True,0.0,0,0.629803,False
strict_viability,265,0.079331,0.948277,0.982497,0.956735,0.950132,True,0.0,0,0.625644,False
strict_viability,266,0.08727,0.9517,0.973527,0.957385,0.953012,True,0.0,0,0.628099,False
strict_viability,267,0.072447,0.946806,0.979639,0.960378,0.950824,True,0.0,0,0.622842,False
strict_viability,268,0.087523,0.95133,0.984242,0.977918,0.959043,True,0.0,0,0.633655,False
strict_viability,269,0.081339,0.955464,0.987383,0.975469,0.961578,True,0.0,0,0.632577,False
strict_viability,270,0.100018,0.95886,0.983396,0.981754,0.96515,True,0.0,0,0.640876,False
strict_viability,271,0.098195,0.963558,0.976179,0.984457,0.967427,True,0.0,0,0.640382,False
strict_viability,272,0.102125,0.962474,0.973904,0.982496,0.965987,True,0.0,0,0.640823,False
strict_viability,273,0.099302,0.96918,0.964345,0.988232,0.965154,True,0.0,0,0.63994,False
strict_viability,274,0.102518,0.963411,0.973465,0.996084,0.966039,True,0.0,0,0.642971,False
strict_viability,275,0.0906,0.969564,0.976748,0.986579,0.971702,True,0.0,0,0.639489,False
strict_viability,276,0.093716,0.97388,0.97856,0.988758,0.97512,True,0.0,0,0.642492,False
strict_viability,277,0.103724,0.957519,0.977346,0.988132,0.963556,True,0.0,0,0.641656,False
strict_viability,278,0.104678,0.966379,0.971556,0.990533,0.96733,True,0.0,0,0.64336,False
strict_viability,279,0.099502,0.976326,0.969217,0.993611,0.971011,True,0.0,0,0.643635,False
strict_viability,280,0.114601,0.980704,0.969113,0.99727,0.972541,True,0.0,0,0.650838,False
strict_viability,281,0.124261,0.979382,0.968883,0.994408,0.971987,True,0.0,0,0.653763,False
strict_viability,282,0.130019,0.981581,0.973796,0.994535,0.976033,True,0.0,0,0.657734,False
strict_viability,283,0.126868,0.995553,0.965232,1.0,0.973797,True,0.0,0,0.658007,False
strict_viability,284,0.12025,1.0,0.972324,1.0,0.979685,True,0.0,0,0.658276,False
strict_viability,285,0.118713,0.998744,0.975559,1.0,0.981882,True,0.0,0,0.658311,False
strict_viability,286,0.111621,1.0,0.981872,1.0,0.986694,True,0.0,0,0.657556,False
strict_viability,287,0.109654,0.994426,0.977247,0.990187,0.981076,True,0.0,0,0.652925,False
strict_viability,288,0.109186,0.991966,0.960246,0.983019,0.96706,True,0.0,0,0.646559,False
strict_viability,289,0.104069,0.994388,0.953182,0.992198,0.963832,True,0.0,0,0.644676,False
strict_viability,290,0.106589,1.0,0.963788,0.99061,0.971757,True,0.0,0,0.649282,False
strict_viability,291,0.104185,1.0,0.964323,0.988541,0.971646,True,0.0,0,0.648162,False
strict_viability,292,0.103471,1.0,0.966016,0.999622,0.975004,True,0.0,0,0.65015,False
strict_viability,293,0.111375,0.995652,0.961988,1.0,0.971441,True,0.0,0,0.651271,False
strict_viability,294,0.111897,0.988074,0.95505,0.991437,0.964232,True,0.0,0,0.646792,False
strict_viability,295,0.112973,0.995208,0.956417,0.97815,0.963098,True,0.0,0,0.646735,False
strict_viability,296,0.111871,1.0,0.949078,0.97651,0.957508,True,0.0,0,0.644957,False
strict_viability,297,0.11567,1.0,0.951405,0.979246,0.959961,True,0.0,0,0.647497,False
strict_viability,298,0.109395,1.0,0.944732,0.981884,0.955984,True,0.0,0,0.643804,False
strict_viability,299,0.104664,0.999864,0.942776,0.976038,0.952992,True,0.0,0,0.640452,False
strict_viability,300,0.096032,1.0,0.937718,0.981081,0.950773,True,0.0,0,0.636726,False
strict_viability,301,0.091702,0.996252,0.947674,0.983672,0.958368,True,0.0,0,0.637472,False
strict_viability,302,0.095892,0.98373,0.949101,0.996183,0.959406,True,0.0,0,0.638943,False
strict_viability,303,0.096635,0.987543,0.956113,0.984321,0.963992,True,0.0,0,0.640063,False
strict_viability,304,0.098517,0.983654,0.965398,0.982935,0.970154,True,0.0,0,0.642295,False
strict_viability,305,0.088573,0.967683,0.965108,0.982354,0.965258,True,0.0,0,0.634921,False
strict_viability,306,0.097404,0.975914,0.965209,0.970114,0.966693,True,0.0,0,0.638235,False
strict_viability,307,0.102047,0.978546,0.972218,0.964087,0.966587,True,0.0,0,0.640878,False
strict_viability,308,0.094572,0.983732,0.962989,0.959662,0.959742,True,0.0,0,0.635869,False
strict_viability,309,0.092685,0.989296,0.965602,0.960331,0.961036,True,0.0,0,0.636872,False
strict_viability,310,0.090991,0.978956,0.96189,0.964916,0.962268,True,0.0,0,0.634489,False
strict_viability,311,0.078655,0.975288,0.959627,0.963853,0.960633,True,0.0,0,0.628389,False
strict_viability,312,0.073828,0.971712,0.965556,0.969871,0.966854,True,0.0,0,0.628567,False
strict_viability,313,0.070891,0.973462,0.961766,0.96396,0.962082,True,0.0,0,0.625684,False
strict_viability,314,0.066013,0.967336,0.963969,0.969499,0.965001,True,0.0,0,0.62425,False
strict_viability,315,0.066414,0.967068,0.967179,0.970404,0.966902,True,0.0,0,0.625286,False
strict_viability,316,0.056515,0.968305,0.974408,0.958072,0.961199,True,0.0,0,0.620638,False
strict_viability,317,0.066232,0.968407,0.978534,0.955203,0.959262,True,0.0,0,0.624457,False
strict_viability,318,0.053465,0.955359,0.984881,0.950736,0.950802,True,0.0,0,0.616759,False
strict_viability,319,0.042573,0.948336,0.984325,0.947945,0.945702,True,0.0,0,0.610253,False
strict_viability,320,0.00382,0.951925,0.986261,0.959087,0.953186,True,0.0,0,0.59898,False
strict_viability,321,0.003581,0.960269,0.994291,0.951874,0.953223,True,0.0,0,0.600831,False
strict_viability,322,0.014646,0.964597,0.995646,0.952118,0.955231,True,0.0,0,0.606333,False
strict_viability,323,0.017152,0.964223,0.995531,0.954131,0.956313,True,0.0,0,0.607609,False
strict_viability,324,0.021609,0.98286,0.985013,0.957552,0.964543,True,0.0,0,0.612231,False
strict_viability,325,0.026428,0.983691,0.990067,0.965972,0.971246,True,0.0,0,0.617105,False
strict_viability,326,0.035684,0.970151,0.999929,0.969318,0.967697,True,0.0,0,0.620003,False
strict_viability,327,0.026125,0.966127,1.0,0.970204,0.965943,True,0.0,0,0.615572,False
strict_viability,328,0.035001,0.956627,1.0,0.971213,0.960629,True,0.0,0,0.616739,False
strict_viability,329,0.023432,0.961042,0.985515,0.97603,0.965632,True,0.0,0,0.611805,False
strict_viability,330,0.02406,0.961581,0.992999,0.97573,0.96585,True,0.0,0,0.613471,False
strict_viability,331,0.020207,0.970455,0.996442,0.974198,0.970615,True,0.0,0,0.614582,False
strict_viability,332,0.00787,0.973738,0.985998,0.979539,0.975502,True,0.0,0,0.609939,False
strict_viability,333,0.027165,0.967982,0.985833,0.990988,0.973222,True,0.0,0,0.617535,False
strict_viability,334,0.021796,0.970357,0.986301,0.99297,0.975145,True,0.0,0,0.616514,False
strict_viability,335,0.021281,0.961723,0.987553,0.995896,0.969359,True,0.0,0,0.614705,False
strict_viability,336,0.008561,0.968887,0.990141,0.991673,0.974728,True,0.0,0,0.61168,False
strict_viability,337,0.0,0.963736,0.987231,0.999311,0.970871,True,0.0,0,0.607582,False
strict_viability,338,0.005322,0.961674,0.98913,0.998485,0.969818,True,0.0,0,0.609333,False
strict_viability,339,0.001243,0.953473,0.981188,0.995343,0.961887,True,0.0,0,0.603486,False
strict_viability,340,0.004725,0.952177,0.996042,0.985066,0.961919,True,0.0,0,0.605814,False
strict_viability,341,0.0,0.950756,0.997018,0.971595,0.957043,True,0.0,0,0.601468,False
strict_viability,342,0.015423,0.949621,0.998673,0.978659,0.958534,True,0.0,0,0.60859,False
strict_viability,343,0.010976,0.937589,1.0,0.978667,0.95007,True,0.0,0,0.603959,False
strict_viability,344,0.012188,0.936097,0.996829,0.982992,0.949881,True,0.0,0,0.604163,False
strict_viability,345,0.020767,0.929768,0.992955,0.995077,0.946846,True,0.0,0,0.606914,False
strict_viability,346,0.021748,0.926386,0.990007,0.995675,0.943989,True,0.0,0,0.605888,False
strict_viability,347,0.021221,0.928572,0.989042,0.987163,0.944396,True,0.0,0,0.604765,False
strict_viability,348,0.028738,0.922662,0.988258,0.982658,0.939289,True,0.0,0,0.605173,False
strict_viability,349,0.025829,0.934016,0.991675,0.975345,0.946387,True,0.0,0,0.606554,False
strict_viability,350,0.019831,0.932679,0.993826,0.973189,0.944976,True,0.0,0,0.60395,False
strict_viability,351,0.013835,0.931133,0.990087,0.970658,0.943109,True,0.0,0,0.600142,False
strict_viability,352,0.019066,0.94361,1.0,0.965419,0.949942,True,0.0,0,0.606246,False
strict_viability,353,0.009856,0.94076,0.99622,0.960189,0.946193,True,0.0,0,0.600371,False
strict_viability,354,0.008902,0.935368,1.0,0.955965,0.940863,True,0.0,0,0.598487,False
strict_viability,355,0.005491,0.937881,0.992228,0.967619,0.947022,True,0.0,0,0.598615,False
strict_viability,356,0.008066,0.9318,0.993742,0.961933,0.940995,True,0.0,0,0.597253,False
strict_viability,357,0.01474,0.934569,0.979325,0.957258,0.941519,True,0.0,0,0.597101,False
strict_viability,358,0.024643,0.943331,0.970439,0.960444,0.948557,True,0.0,0,0.602132,False
strict_viability,359,0.011576,0.945108,0.973034,0.959913,0.949655,True,0.0,0,0.598011,False
strict_viability,360,0.00917,0.944912,0.973014,0.957823,0.948821,True,0.0,0,0.596665,False
strict_viability,361,0.009053,0.94934,0.972056,0.956723,0.951331,True,0.0,0,0.597393,False
strict_viability,362,0.0,0.953834,0.972953,0.958355,0.954779,True,0.0,0,0.595565,False
strict_viability,363,0.0,0.943477,0.975466,0.959653,0.948432,True,0.0,0,0.593573,False
strict_viability,364,0.0,0.949284,0.981852,0.963856,0.953675,True,0.0,0,0.596985,False
strict_viability,365,0.0,0.955532,0.989767,0.968887,0.95942,True,0.0,0,0.600929,False
strict_viability,366,0.00559,0.962127,0.999449,0.964633,0.960924,True,0.0,0,0.605568,False
strict_viability,367,0.011769,0.963691,0.992763,0.968259,0.964054,True,0.0,0,0.607877,False
strict_viability,368,0.012672,0.966178,0.991444,0.978151,0.969819,True,0.0,0,0.610507,False
strict_viability,369,0.008174,0.967333,0.996993,0.96987,0.966655,True,0.0,0,0.608465,False
strict_viability,370,0.0,0.968581,0.99038,0.968533,0.967087,True,0.0,0,0.604258,False
strict_viability,371,0.0,0.97098,0.988894,0.973579,0.9711,True,0.0,0,0.60561,False
strict_viability,372,0.0,0.970903,0.995514,0.97679,0.97215,True,0.0,0,0.607364,False
strict_viability,373,0.005445,0.965332,1.0,0.983682,0.970968,True,0.0,0,0.61006,False
strict_viability,374,0.006903,0.965194,1.0,0.981983,0.970312,True,0.0,0,0.610273,False
strict_viability,375,0.014078,0.962944,0.996303,0.975397,0.966515,True,0.0,0,0.610552,False
strict_viability,376,0.0,0.968516,1.0,0.984741,0.973492,True,0.0,0,0.609016,False
strict_viability,377,0.005999,0.978063,0.997259,0.985841,0.980353,True,0.0,0,0.613498,False
strict_viability,378,0.008333,0.972388,0.998545,0.97693,0.972921,True,0.0,0,0.611455,False
strict_viability,379,0.016729,0.968578,0.991771,0.964736,0.964877,True,0.0,0,0.610068,False
strict_viability,380,0.012276,0.960283,0.994754,0.963172,0.959465,True,0.0,0,0.606551,False
strict_viability,381,0.008039,0.96799,0.99854,0.963578,0.963488,True,0.0,0,0.60755,False
strict_viability,382,0.0,0.969215,0.999471,0.961931,0.963057,True,0.0,0,0.604601,False
strict_viability,383,0.0,0.973265,1.0,0.945654,0.954114,True,0.0,0,0.602073,False
strict_viability,384,0.0,0.97043,1.0,0.945501,0.953042,True,0.0,0,0.601412,False
strict_viability,385,0.0,0.977543,0.988471,0.954029,0.961133,True,0.0,0,0.602783,False
strict_viability,386,0.0,0.974768,0.982739,0.960707,0.964996,True,0.0,0,0.60265,False
strict_viability,387,0.0,0.973159,0.978116,0.969733,0.970744,True,0.0,0,0.603481,False
strict_viability,388,0.013034,0.973823,0.971849,0.966644,0.968198,True,0.0,0,0.606688,False
strict_viability,389,0.003037,0.975235,0.965388,0.954636,0.957936,True,0.0,0,0.599067,False
strict_viability,390,0.0,0.97152,0.961048,0.95087,0.953979,True,0.0,0,0.595461,False
strict_viability,391,0.000651,0.973909,0.951643,0.948528,0.94842,True,0.0,0,0.593451,False
strict_viability,392,0.0,0.980197,0.945984,0.948467,0.944977,True,0.0,0,0.592895,False
strict_viability,393,0.001515,0.976992,0.946098,0.94871,0.945376,True,0.0,0,0.592996,False
strict_viability,394,0.005595,0.979163,0.947302,0.947778,0.945409,True,0.0,0,0.595028,False
strict_viability,395,0.003909,0.977994,0.949627,0.959639,0.952436,True,0.0,0,0.597099,False
strict_viability,396,0.010267,0.967344,0.952553,0.970389,0.956807,True,0.0,0,0.600154,False
strict_viability,397,0.011832,0.965032,0.954267,0.969831,0.957512,True,0.0,0,0.600648,False
strict_viability,398,0.009713,0.967349,0.951136,0.965964,0.955246,True,0.0,0,0.598883,False
strict_viability,399,0.013039,0.971672,0.9541,0.972851,0.958919,True,0.0,0,0.602863,False
strict_viability,400,0.016375,0.974407,0.955028,0.970541,0.959541,True,0.0,0,0.604542,False
strict_viability,401,0.01296,0.971236,0.959081,0.973,0.962512,True,0.0,0,0.604103,False
strict_viability,402,0.022141,0.971597,0.953733,0.981002,0.959164,True,0.0,0,0.607413,False
strict_viability,403,0.012225,0.983175,0.959175,0.981553,0.965326,True,0.0,0,0.607525,False
strict_viability,404,0.013699,0.983548,0.956528,0.985638,0.963969,True,0.0,0,0.608085,False
strict_viability,405,0.014017,0.979338,0.958707,0.985682,0.964787,True,0.0,0,0.607944,False
strict_viability,406,0.002442,0.983394,0.944426,0.987375,0.955262,True,0.0,0,0.600799,False
strict_viability,407,0.013108,0.980968,0.950172,0.9854,0.958863,True,0.0,0,0.605606,False
strict_viability,408,0.019203,0.978805,0.957756,0.979908,0.963493,True,0.0,0,0.608684,False
strict_viability,409,0.026784,0.983448,0.970615,0.975974,0.972206,True,0.0,0,0.61521,False
strict_viability,410,0.019029,0.987944,0.974548,0.977362,0.975049,True,0.0,0,0.614316,False
strict_viability,411,0.025364,0.980984,0.982322,0.995235,0.980718,True,0.0,0,0.620052,False
strict_viability,412,0.025995,0.985095,0.979934,0.984527,0.981221,True,0.0,0,0.619163,False
strict_viability,413,0.017451,0.976893,0.990914,0.986663,0.979834,True,0.0,0,0.61655,False
strict_viability,414,0.015179,0.976599,0.996994,0.986898,0.979753,True,0.0,0,0.616751,False
strict_viability,415,0.013811,0.9753,0.988649,0.975454,0.974483,True,0.0,0,0.612261,False
strict_viability,416,0.014463,0.968379,0.988808,0.976567,0.970782,True,0.0,0,0.611003,False
strict_viability,417,0.007342,0.97184,0.991491,0.970399,0.969732,True,0.0,0,0.608413,False
strict_viability,418,0.015721,0.97741,0.991193,0.968544,0.971128,True,0.0,0,0.612454,False
strict_viability,419,0.019664,0.979308,0.995253,0.970348,0.972882,True,0.0,0,0.615488,False
reckless_escape,0,0.354677,1.0,1.0,0.995173,0.996457,True,0.0,0,0.753676,False
reckless_escape,1,0.370945,1.0,0.989713,0.990927,0.989645,True,0.0,0,0.756595,False
reckless_escape,2,0.372627,0.996928,0.998198,0.984713,0.988112,True,0.0,0,0.757154,False
reckless_escape,3,0.378238,0.999294,1.0,0.990298,0.992777,True,0.0,0,0.761378,False
reckless_escape,4,0.386073,0.997744,1.0,0.991018,0.993011,True,0.0,0,0.764206,False
reckless_escape,5,0.396174,1.0,1.0,0.986233,0.989894,True,0.0,0,0.767406,False
reckless_escape,6,0.39987,1.0,1.0,0.983196,0.987665,True,0.0,0,0.768118,False
reckless_escape,7,0.412337,1.0,1.0,0.981057,0.986095,True,0.0,0,0.772368,False
reckless_escape,8,0.409867,0.997891,1.0,0.986281,0.989597,True,0.0,0,0.772201,False
reckless_escape,9,0.42386,0.997337,0.998007,1.0,0.997487,True,0.0,0,0.779927,False
reckless_escape,10,0.422024,0.993192,0.992366,1.0,0.992279,True,0.0,0,0.776843,False
reckless_escape,11,0.426963,0.992864,0.996814,0.99492,0.993494,True,0.0,0,0.778896,False
reckless_escape,12,0.432677,0.996524,0.998834,0.990102,0.992013,True,0.0,0,0.781238,False
reckless_escape,13,0.430646,0.993422,0.993179,0.997985,0.992983,True,0.0,0,0.78011,False
reckless_escape,14,0.439406,1.0,1.0,0.987745,0.991005,True,0.0,0,0.784179,False
reckless_escape,15,0.438397,0.994895,0.993535,0.986042,0.988182,True,0.0,0,0.781136,False
reckless_escape,16,0.444997,0.995245,0.99647,0.989196,0.990934,True,0.0,0,0.785007,False
reckless_escape,17,0.44593,1.0,0.997904,0.978104,0.983617,True,0.0,0,0.784045,False
reckless_escape,18,0.435926,1.0,0.99719,0.975462,0.981563,True,0.0,0,0.779498,False
reckless_escape,19,0.444238,1.0,0.991625,0.969656,0.976217,True,0.0,0,0.780201,False
reckless_escape,20,0.449542,0.988862,0.990607,0.969974,0.975207,True,0.0,0,0.779952,False
reckless_escape,21,0.446955,0.985711,0.989619,0.97075,0.975115,True,0.0,0,0.778321,False
reckless_escape,22,0.459522,0.984055,0.986962,0.973601,0.976663,True,0.0,0,0.782905,False
reckless_escape,23,0.459968,0.98892,0.992939,0.981555,0.983797,True,0.0,0,0.786996,False
reckless_escape,24,0.456957,0.989088,0.993061,0.981108,0.983528,True,0.0,0,0.785809,False
reckless_escape,25,0.448992,0.989729,0.988505,0.98177,0.983693,True,0.0,0,0.78219,False
reckless_escape,26,0.444115,0.991213,0.989499,0.985386,0.986621,True,0.0,0,0.78164,False
reckless_escape,27,0.450253,0.994192,0.983114,0.977777,0.979217,True,0.0,0,0.781406,False
reckless_escape,28,0.446785,0.987973,0.98301,0.977407,0.979128,True,0.0,0,0.778888,False
reckless_escape,29,0.448266,0.995442,0.978305,0.969219,0.971747,True,0.0,0,0.777915,False
reckless_escape,30,0.456124,0.991754,0.968979,0.964988,0.965219,True,0.0,0,0.777183,False
reckless_escape,31,0.469369,0.985598,0.96871,0.969308,0.967889,True,0.0,0,0.781986,False
reckless_escape,32,0.48156,0.978614,0.970943,0.971025,0.97047,True,0.0,0,0.786313,False
reckless_escape,33,0.489887,0.964515,0.966458,0.972077,0.964958,True,0.0,0,0.785618,False
reckless_escape,34,0.497628,0.969524,0.970367,0.971007,0.969783,True,0.0,0,0.790594,False
reckless_escape,35,0.497904,0.972257,0.964053,0.975017,0.966484,True,0.0,0,0.79022,False
reckless_escape,36,0.502839,0.954088,0.956661,0.986527,0.953244,True,0.0,0,0.787517,False
reckless_escape,37,0.490886,0.961853,0.957075,0.99326,0.957086,True,0.0,0,0.78585,False
reckless_escape,38,0.498474,0.964325,0.96159,1.0,0.960432,True,0.0,0,0.791337,False
reckless_escape,39,0.489752,0.967279,0.968735,1.0,0.965842,True,0.0,0,0.790489,False
reckless_escape,40,0.502991,0.973098,0.984411,0.9955,0.976562,True,0.0,0,0.800046,False
reckless_escape,41,0.504462,0.970364,0.979191,0.978959,0.97268,True,0.0,0,0.796391,False
reckless_escape,42,0.511337,0.967632,0.990963,0.979201,0.971169,True,0.0,0,0.800484,False
reckless_escape,43,0.517348,0.97284,0.992708,0.987574,0.977216,True,0.0,0,0.805917,False
reckless_escape,44,0.525237,0.975247,0.991035,0.990099,0.979313,True,0.0,0,0.809652,False
reckless_escape,45,0.526994,0.977955,0.99865,0.997017,0.983222,True,0.0,0,0.813616,False
reckless_escape,46,0.511847,0.981225,0.985344,1.0,0.982007,True,0.0,0,0.806325,False
reckless_escape,47,0.523764,0.975957,0.976142,1.0,0.974436,True,0.0,0,0.80734,False
reckless_escape,48,0.523752,0.97665,0.99293,1.0,0.98155,True,0.0,0,0.811336,False
reckless_escape,49,0.534424,0.985706,0.991844,0.987671,0.986232,True,0.0,0,0.815662,False
reckless_escape,50,0.544838,0.979997,0.990849,0.983616,0.980986,True,0.0,0,0.817215,False
reckless_escape,51,0.554753,0.984061,0.994649,0.983518,0.983054,True,0.0,0,0.822633,False
reckless_escape,52,0.549192,0.971065,0.995591,0.985589,0.975523,True,0.0,0,0.817736,False
reckless_escape,53,0.565682,0.980708,0.989636,0.983587,0.981481,True,0.0,0,0.825101,False
reckless_escape,54,0.589858,0.989737,0.996433,0.981386,0.983953,True,0.0,0,0.837125,False
reckless_escape,55,0.600089,0.983212,0.995029,0.980841,0.981086,True,0.0,0,0.839165,False
reckless_escape,56,0.601171,0.968706,0.998094,0.976794,0.970662,True,0.0,0,0.8357,False
reckless_escape,57,0.604398,0.967304,1.0,0.967776,0.965353,True,0.0,0,0.835117,False
reckless_escape,58,0.61379,0.963872,0.990347,0.972035,0.966008,True,0.0,0,0.837006,False
reckless_escape,59,0.61735,0.952385,0.994657,0.962291,0.954434,True,0.0,0,0.834313,False
reckless_escape,60,0.61417,0.945792,0.992047,0.961482,0.950115,True,0.0,0,0.830817,False
reckless_escape,61,0.6228,0.943533,0.997989,0.963465,0.949208,True,0.0,0,0.834928,False
reckless_escape,62,0.619792,0.934083,0.999749,0.961619,0.942265,True,0.0,0,0.831309,False
reckless_escape,63,0.619427,0.929184,1.0,0.951698,0.935183,True,0.0,0,0.828095,False
reckless_escape,64,0.632226,0.93787,0.99553,0.948278,0.939232,True,0.0,0,0.833725,False
reckless_escape,65,0.61753,0.927182,0.99388,0.957975,0.936511,True,0.0,0,0.82695,False
reckless_escape,66,0.622257,0.934545,1.0,0.954838,0.939874,True,0.0,0,0.831138,False
reckless_escape,67,0.640754,0.925916,1.0,0.949076,0.932027,True,0.0,0,0.834865,False
reckless_escape,68,0.642733,0.920738,0.994101,0.951126,0.929739,True,0.0,0,0.833636,False
reckless_escape,69,0.645615,0.921769,0.997574,0.945673,0.928109,True,0.0,0,0.834583,False
reckless_escape,70,0.656089,0.937993,0.995336,0.943343,0.936907,True,0.0,0,0.84181,False
reckless_escape,71,0.666562,0.93526,0.992953,0.947026,0.937255,True,0.0,0,0.845426,False
reckless_escape,72,0.667198,0.936296,0.998983,0.943806,0.935938,True,0.0,0,0.846331,False
reckless_escape,73,0.655785,0.92923,0.991112,0.943311,0.93204,True,0.0,0,0.838768,False
reckless_escape,74,0.654083,0.925131,0.988537,0.951682,0.933017,True,0.0,0,0.838209,False
reckless_escape,75,0.658132,0.922941,0.986026,0.954021,0.932437,True,0.0,0,0.83916,False
reckless_escape,76,0.654791,0.923753,0.973944,0.955645,0.933486,True,0.0,0,0.836215,False
reckless_escape,77,0.656471,0.93524,0.968857,0.957292,0.941943,True,0.0,0,0.83925,False
reckless_escape,78,0.659588,0.935052,0.969739,0.962708,0.943107,True,0.0,0,0.841458,False
reckless_escape,79,0.66349,0.940444,0.965762,0.967591,0.947402,True,0.0,0,0.844394,False
reckless_escape,80,0.676136,0.954167,0.965293,0.954685,0.95369,True,0.0,0,0.850533,False
reckless_escape,81,0.689911,0.957838,0.967054,0.961086,0.958749,True,0.0,0,0.858248,False
reckless_escape,82,0.703572,0.963679,0.976438,0.963539,0.962745,True,0.0,0,0.867003,False
reckless_escape,83,0.705035,0.96035,0.98686,0.965117,0.960968,True,0.0,0,0.868844,False
reckless_escape,84,0.709945,0.957136,0.987027,0.974001,0.962321,True,0.0,0,0.871567,False
reckless_escape,85,0.700174,0.956175,0.99782,0.972919,0.961094,True,0.0,0,0.869325,False
reckless_escape,86,0.719238,0.960607,0.997417,0.970899,0.963127,True,0.0,0,0.877256,False
reckless_escape,87,0.718822,0.9678,1.0,0.972591,0.968072,True,0.0,0,0.879688,False
reckless_escape,88,0.721342,0.974321,0.994808,0.96307,0.966232,True,0.0,0,0.879331,False
reckless_escape,89,0.730312,0.977401,0.997294,0.961431,0.966239,True,0.0,0,0.883513,False
reckless_escape,90,0.733868,0.974652,0.995444,0.973852,0.97282,True,0.0,0,0.886565,False
reckless_escape,91,0.741786,0.964772,0.994829,0.971452,0.966064,True,0.0,0,0.886538,False
reckless_escape,92,0.748818,0.962763,0.982274,0.976709,0.96694,True,0.0,0,0.88743,False
reckless_escape,93,0.764659,0.965204,0.982687,0.984857,0.970105,True,0.0,0,0.895483,False
reckless_escape,94,0.777648,0.959823,0.984028,0.987611,0.966663,True,0.0,0,0.899665,False
reckless_escape,95,0.785323,0.97377,0.987991,0.996547,0.978118,True,0.0,0,0.90843,False
reckless_escape,96,0.788657,0.97626,0.983188,0.990791,0.978369,True,0.0,0,0.908505,False
reckless_escape,97,0.803556,0.970496,0.989126,0.99034,0.975601,True,0.0,0,0.913803,False
reckless_escape,98,0.811158,0.976689,0.989706,0.998875,0.980686,True,0.0,0,0.919716,False
reckless_escape,99,0.820071,0.971869,1.0,1.0,0.979351,True,0.0,0,0.924086,False
reckless_escape,100,0.811126,0.967149,1.0,1.0,0.975887,True,0.0,0,0.919421,False
reckless_escape,101,0.823352,0.96414,1.0,0.999473,0.973606,True,0.0,0,0.923178,False
reckless_escape,102,0.836704,0.959031,0.994043,0.998298,0.968836,True,0.0,0,0.925523,False
reckless_escape,103,0.829977,0.949338,0.999031,0.994693,0.961919,True,0.0,0,0.920785,False
reckless_escape,104,0.819042,0.945654,0.998993,1.0,0.959972,True,0.0,0,0.916469,False
reckless_escape,105,0.836221,0.941965,0.994902,1.0,0.956653,True,0.0,0,0.921199,False
reckless_escape,106,0.835725,0.941481,1.0,1.0,0.957046,True,0.0,0,0.921888,False
reckless_escape,107,0.839305,0.942473,0.994083,0.999666,0.956856,True,0.0,0,0.922292,False
reckless_escape,108,0.852347,0.95016,0.992153,0.998385,0.962029,True,0.0,0,0.928726,False
reckless_escape,109,0.851586,0.954076,0.991686,0.992581,0.964195,True,0.0,0,0.928504,False
reckless_escape,110,0.867082,0.953491,1.0,0.989556,0.96408,True,0.0,0,0.935347,False
reckless_escape,111,0.890143,0.947505,0.988613,0.997356,0.95935,True,0.0,0,0.941508,False
reckless_escape,112,0.893898,0.944394,0.99031,0.991673,0.956781,True,0.0,0,0.941576,False
reckless_escape,113,0.901416,0.938772,0.986184,0.989653,0.951807,True,0.0,0,0.941798,False
reckless_escape,114,0.901956,0.939956,0.983893,0.988104,0.952144,True,0.0,0,0.941628,False
reckless_escape,115,0.90063,0.944565,0.992633,0.98541,0.956214,True,0.0,0,0.943638,False
reckless_escape,116,0.902633,0.947185,1.0,0.988574,0.959301,True,0.0,0,0.94701,False
reckless_escape,117,0.910185,0.954989,0.99867,0.994636,0.966012,True,0.0,0,0.952699,False
reckless_escape,118,0.902221,0.956182,0.988142,0.993239,0.965248,True,0.0,0,0.947705,False
reckless_escape,119,0.890862,0.948843,0.982041,0.992911,0.958665,True,0.0,0,0.940134,False
reckless_escape,120,0.905976,0.954963,0.985151,0.993839,0.963823,True,0.0,0,0.948287,False
reckless_escape,121,0.903,0.960453,0.978593,0.998899,0.965966,True,0.0,0,0.94793,False
reckless_escape,122,0.908607,0.9597,0.98116,0.981738,0.965482,True,0.0,0,0.947926,False
reckless_escape,123,0.91162,0.959706,0.985544,0.98143,0.965925,True,0.0,0,0.949872,False
reckless_escape,124,0.914409,0.960422,0.986345,0.982545,0.966721,True,0.0,0,0.951456,False
reckless_escape,125,0.90964,0.961781,0.99419,0.972271,0.964604,True,0.0,0,0.949608,False
reckless_escape,126,0.908877,0.959851,0.988805,0.971468,0.963262,True,0.0,0,0.947728,False
reckless_escape,127,0.902682,0.953142,0.98108,0.982052,0.960697,True,0.0,0,0.94395,False
reckless_escape,128,0.906397,0.951087,0.975559,0.980779,0.95814,True,0.0,0,0.943513,False
reckless_escape,129,0.921453,0.946346,0.979633,0.975938,0.954643,True,0.0,0,0.948017,False
reckless_escape,130,0.933529,0.953719,0.986066,0.973304,0.959722,True,0.0,0,0.955332,False
reckless_escape,131,0.943447,0.956425,0.983811,0.963795,0.958175,True,0.0,0,0.957665,False
reckless_escape,132,0.956,0.949575,0.987769,0.966063,0.954507,True,0.0,0,0.961791,False
reckless_escape,133,0.966895,0.945796,0.978161,0.963123,0.95112,True,0.0,0,0.962704,False
reckless_escape,134,0.966479,0.942049,0.967401,0.973923,0.949438,True,0.0,0,0.961245,False
reckless_escape,135,0.976559,0.948302,0.971112,0.972658,0.954559,True,0.0,0,0.967306,False
reckless_escape,136,0.977058,0.964508,0.97467,0.970086,0.966223,True,0.0,0,0.972093,False
reckless_escape,137,0.972891,0.973809,0.970899,0.973323,0.971595,True,0.0,0,0.972602,False
reckless_escape,138,0.979889,0.974577,0.971188,0.973189,0.971802,True,0.0,0,0.975458,False
reckless_escape,139,0.980213,0.98365,0.970758,0.968681,0.968735,True,0.0,0,0.976138,False
reckless_escape,140,0.992936,0.98783,0.974346,0.967377,0.969301,True,0.0,0,0.982256,False
reckless_escape,141,0.991708,0.986366,0.980362,0.972874,0.975176,True,0.0,0,0.984083,False
reckless_escape,142,0.988784,0.987123,0.99087,0.961589,0.968802,True,0.0,0,0.982655,False
reckless_escape,143,0.981695,0.983416,0.988754,0.959362,0.966311,True,0.0,0,0.978303,False
reckless_escape,144,0.985673,0.980332,0.980065,0.964354,0.968568,True,0.0,0,0.978665,False
reckless_escape,145,0.996338,0.97124,0.982012,0.968685,0.96907,True,0.0,0,0.982098,False
reckless_escape,146,1.0,0.970763,0.993204,0.980473,0.973669,True,0.0,0,0.987621,False
reckless_escape,147,1.0,0.965497,0.99914,0.986446,0.971903,True,0.0,0,0.988366,False
reckless_escape,148,1.0,0.965118,1.0,0.987934,0.972056,True,0.0,0,0.988679,False
reckless_escape,149,1.0,0.964379,1.0,0.99151,0.972383,True,0.0,0,0.989086,False
reckless_escape,150,0.998603,0.958382,0.996594,0.98785,0.967047,True,0.0,0,0.985709,False
reckless_escape,151,1.0,0.957771,1.0,0.996155,0.968437,True,0.0,0,0.988073,False
reckless_escape,152,0.997345,0.967549,0.999634,0.996941,0.975689,True,0.0,0,0.989738,False
reckless_escape,153,0.994147,0.958987,1.0,0.992264,0.968626,True,0.0,0,0.985545,False
reckless_escape,154,0.989378,0.951758,1.0,1.0,0.964589,True,0.0,0,0.983031,False
reckless_escape,155,0.997876,0.941068,0.995935,0.993558,0.95533,True,0.0,0,0.981591,False
reckless_escape,156,1.0,0.928065,0.988033,0.990385,0.944314,True,0.0,0,0.976869,False
reckless_escape,157,1.0,0.930453,0.993488,0.994973,0.947411,True,0.0,0,0.979295,False
reckless_escape,158,1.0,0.932809,0.996607,0.995862,0.949677,True,0.0,0,0.980677,False
reckless_escape,159,1.0,0.928421,0.999163,0.99533,0.946695,True,0.0,0,0.979915,False
reckless_escape,160,0.998814,0.924993,0.995196,0.988103,0.942609,True,0.0,0,0.976631,False
reckless_escape,161,1.0,0.920394,1.0,0.984832,0.939074,True,0.0,0,0.976236,False
reckless_escape,162,1.0,0.917784,0.997547,0.985196,0.937047,True,0.0,0,0.975133,False
reckless_escape,163,1.0,0.911223,1.0,0.9824,0.931918,True,0.0,0,0.973386,False
reckless_escape,164,1.0,0.898496,1.0,0.994203,0.924671,True,0.0,0,0.971878,False
reckless_escape,165,1.0,0.893159,1.0,0.989916,0.920085,True,0.0,0,0.969767,False
reckless_escape,166,0.993736,0.890115,0.995943,0.995385,0.918188,True,0.0,0,0.966647,False
reckless_escape,167,0.999871,0.882859,0.994104,0.990944,0.912013,True,0.0,0,0.965978,False
reckless_escape,168,1.0,0.890099,0.989618,0.974576,0.9142,True,0.0,0,0.964494,False
reckless_escape,169,1.0,0.888538,0.985194,0.984628,0.91417,True,0.0,0,0.96482,False
reckless_escape,170,1.0,0.887635,0.984515,0.986109,0.913611,True,0.0,0,0.964676,False
reckless_escape,171,1.0,0.892857,0.99165,0.979198,0.917226,True,0.0,0,0.966366,False
reckless_escape,172,1.0,0.878585,0.978945,0.973249,0.904471,True,0.0,0,0.959147,False
reckless_escape,173,1.0,0.880626,0.990813,0.965841,0.905664,True,0.0,0,0.960757,False
reckless_escape,174,1.0,0.877128,0.991054,0.956504,0.901021,True,0.0,0,0.958306,False
reckless_escape,175,0.998467,0.890262,0.990928,0.963008,0.911998,True,0.0,0,0.962292,False
reckless_escape,176,1.0,0.887603,0.991712,0.9652,0.910623,True,0.0,0,0.96268,False
reckless_escape,177,0.993163,0.883763,0.991026,0.961808,0.907047,True,0.0,0,0.958363,False
reckless_escape,178,0.996366,0.893929,0.989921,0.963658,0.91474,True,0.0,0,0.962393,False
reckless_escape,179,0.996709,0.896009,0.999515,0.965269,0.917002,True,0.0,0,0.965122,False
reckless_escape,180,1.0,0.906575,0.999164,0.979878,0.927969,True,0.0,0,0.971572,False
reckless_escape,181,0.997788,0.900034,1.0,0.98495,0.924254,True,0.0,0,0.969969,False
reckless_escape,182,1.0,0.90493,1.0,0.975779,0.925948,True,0.0,0,0.97061,False
reckless_escape,183,1.0,0.893819,1.0,0.974343,0.917604,True,0.0,0,0.967408,False
reckless_escape,184,1.0,0.892518,0.997473,0.975252,0.916695,True,0.0,0,0.966737,False
reckless_escape,185,0.999386,0.889559,1.0,0.977715,0.915225,True,0.0,0,0.966595,False
reckless_escape,186,0.999056,0.878141,0.992648,0.986894,0.907787,True,0.0,0,0.963483,False
reckless_escape,187,0.996878,0.878057,0.992784,0.991409,0.908386,True,0.0,0,0.963369,False
reckless_escape,188,0.99407,0.880634,0.99224,0.994906,0.910663,True,0.0,0,0.963431,False
reckless_escape,189,1.0,0.888103,0.995221,0.99578,0.916667,True,0.0,0,0.968408,False
reckless_escape,190,0.997241,0.888532,1.0,0.995098,0.917495,True,0.0,0,0.968301,False
reckless_escape,191,0.997223,0.890596,0.997759,0.998048,0.919136,True,0.0,0,0.968872,False
reckless_escape,192,1.0,0.899979,1.0,0.992458,0.92549,True,0.0,0,0.971999,False
reckless_escape,193,1.0,0.898043,0.99317,0.989866,0.922887,True,0.0,0,0.969746,False
reckless_escape,194,0.998545,0.896933,1.0,0.991139,0.923048,True,0.0,0,0.97042,False
reckless_escape,195,1.0,0.895986,1.0,0.992746,0.922608,True,0.0,0,0.970975,False
reckless_escape,196,1.0,0.891715,1.0,0.994049,0.919674,True,0.0,0,0.970036,False
reckless_escape,197,1.0,0.900155,0.994857,0.994041,0.925233,True,0.0,0,0.971296,False
reckless_escape,198,0.99385,0.907212,0.992098,0.987434,0.929129,True,0.0,0,0.969275,False
reckless_escape,199,0.99359,0.905101,0.996595,0.98056,0.926844,True,0.0,0,0.968369,False
reckless_escape,200,0.998743,0.911648,1.0,0.976719,0.931008,True,0.0,0,0.972081,False
reckless_escape,201,0.99639,0.923286,0.993197,0.98487,0.940615,True,0.0,0,0.974351,False
reckless_escape,202,1.0,0.927424,0.987154,0.981853,0.942532,True,0.0,0,0.975187,False
reckless_escape,203,1.0,0.927559,0.987521,0.986543,0.943375,True,0.0,0,0.976035,False
reckless_escape,204,0.993572,0.923239,0.989027,0.993939,0.941337,True,0.0,0,0.973877,False
reckless_escape,205,1.0,0.925554,0.993605,0.989985,0.943142,True,0.0,0,0.977224,False
reckless_escape,206,0.997327,0.918635,0.995655,0.991175,0.938484,True,0.0,0,0.974939,False
reckless_escape,207,1.0,0.920717,0.999028,0.990987,0.940346,True,0.0,0,0.977134,False
reckless_escape,208,0.998111,0.923546,1.0,0.987039,0.941798,True,0.0,0,0.976722,False
reckless_escape,209,0.997042,0.920975,0.99325,0.994733,0.940391,True,0.0,0,0.975546,False
reckless_escape,210,1.0,0.933417,0.992167,1.0,0.949938,True,0.0,0,0.980598,False
reckless_escape,211,1.0,0.931543,0.994461,1.0,0.948944,True,0.0,0,0.980554,False
reckless_escape,212,1.0,0.933505,0.996127,0.994546,0.949944,True,0.0,0,0.980563,False
reckless_escape,213,1.0,0.930368,0.991498,1.0,0.947592,True,0.0,0,0.979647,False
reckless_escape,214,0.992264,0.926714,0.991254,1.0,0.944877,True,0.0,0,0.97568,False
reckless_escape,215,1.0,0.92341,0.993364,0.994744,0.942195,True,0.0,0,0.977347,False
reckless_escape,216,0.996578,0.916869,0.9998,0.998916,0.938807,True,0.0,0,0.976205,False
reckless_escape,217,1.0,0.92217,0.989234,1.0,0.941199,True,0.0,0,0.976997,False
reckless_escape,218,1.0,0.925049,0.983395,0.991012,0.941441,True,0.0,0,0.975234,False
reckless_escape,219,1.0,0.929767,0.975315,0.985194,0.942907,True,0.0,0,0.973991,False
reckless_escape,220,1.0,0.922136,0.966972,0.980377,0.935326,True,0.0,0,0.969531,False
reckless_escape,221,0.994475,0.92204,0.973578,0.972718,0.935631,True,0.0,0,0.967568,False
reckless_escape,222,1.0,0.920131,0.97034,0.979909,0.934509,True,0.0,0,0.969613,False
reckless_escape,223,1.0,0.92332,0.968511,0.982942,0.93667,True,0.0,0,0.970542,False
reckless_escape,224,1.0,0.92062,0.969001,0.982704,0.934805,True,0.0,0,0.969887,False
reckless_escape,225,0.995719,0.927333,0.972037,0.974936,0.939581,True,0.0,0,0.9695,False
reckless_escape,226,1.0,0.933904,0.980814,0.975641,0.945602,True,0.0,0,0.974711,False
reckless_escape,227,0.989167,0.935943,0.97741,0.970341,0.945835,True,0.0,0,0.969635,False
reckless_escape,228,0.998012,0.92772,0.974891,0.979628,0.940828,True,0.0,0,0.971762,False
reckless_escape,229,1.0,0.925368,0.978359,0.986369,0.940359,True,0.0,0,0.973606,False
reckless_escape,230,1.0,0.919033,0.985208,0.981358,0.936087,True,0.0,0,0.972484,False
reckless_escape,231,1.0,0.922567,0.987343,0.976439,0.938047,True,0.0,0,0.973051,False
reckless_escape,232,1.0,0.924279,0.994337,0.976352,0.939737,True,0.0,0,0.974809,False
reckless_escape,233,1.0,0.922639,0.996433,0.972649,0.937766,True,0.0,0,0.974136,False
reckless_escape,234,0.996907,0.92121,0.997105,0.966307,0.935049,True,0.0,0,0.97161,False
reckless_escape,235,1.0,0.918874,0.999498,0.950069,0.927933,True,0.0,0,0.969669,False
reckless_escape,236,1.0,0.914588,1.0,0.948496,0.924514,True,0.0,0,0.968357,False
reckless_escape,237,1.0,0.903745,0.993208,0.95466,0.919394,True,0.0,0,0.965431,False
reckless_escape,238,0.997789,0.902088,1.0,0.95962,0.919753,True,0.0,0,0.966253,False
reckless_escape,239,1.0,0.898399,1.0,0.951778,0.914787,True,0.0,0,0.964735,False
reckless_escape,240,1.0,0.89301,0.998697,0.953813,0.911694,True,0.0,0,0.963444,False
reckless_escape,241,1.0,0.890336,1.0,0.956822,0.910712,True,0.0,0,0.963501,False
reckless_escape,242,1.0,0.892089,1.0,0.969526,0.915262,True,0.0,0,0.966141,False
reckless_escape,243,1.0,0.911451,1.0,0.972668,0.929905,True,0.0,0,0.971823,False
reckless_escape,244,0.995848,0.90947,0.996963,0.976764,0.929272,True,0.0,0,0.96984,False
reckless_escape,245,1.0,0.916692,1.0,0.975973,0.934462,True,0.0,0,0.973776,False
reckless_escape,246,1.0,0.921976,0.990362,0.974279,0.937391,True,0.0,0,0.973107,False
reckless_escape,247,1.0,0.928038,0.99214,0.977989,0.942684,True,0.0,0,0.975672,False
reckless_escape,248,0.998529,0.927024,0.992315,0.97795,0.941952,True,0.0,0,0.974869,False
reckless_escape,249,0.999269,0.927923,0.990686,0.976639,0.942223,True,0.0,0,0.974868,False
reckless_escape,250,0.994558,0.91871,0.988668,0.981403,0.936232,True,0.0,0,0.971004,False
reckless_escape,251,1.0,0.910527,0.987361,0.983086,0.930357,True,0.0,0,0.970895,False
reckless_escape,252,1.0,0.905713,0.987848,0.985738,0.92727,True,0.0,0,0.970117,False
reckless_escape,253,0.997474,0.904368,0.971719,0.98212,0.923442,True,0.0,0,0.965046,False
reckless_escape,254,0.993238,0.906098,0.971601,0.968702,0.923115,True,0.0,0,0.961808,False
reckless_escape,255,0.989731,0.909735,0.964129,0.969123,0.924801,True,0.0,0,0.960047,False
reckless_escape,256,0.996076,0.911179,0.962874,0.960143,0.924543,True,0.0,0,0.961203,False
reckless_escape,257,0.995325,0.911813,0.95951,0.964201,0.925057,True,0.0,0,0.961057,False
reckless_escape,258,0.991525,0.910823,0.961177,0.966426,0.924836,True,0.0,0,0.960019,False
reckless_escape,259,0.990093,0.911069,0.964033,0.966544,0.925473,True,0.0,0,0.960127,False
reckless_escape,260,0.981619,0.908689,0.957868,0.956442,0.921573,True,0.0,0,0.953486,False
reckless_escape,261,0.977163,0.912895,0.961799,0.951354,0.924142,True,0.0,0,0.952853,False
reckless_escape,262,0.966217,0.910599,0.964487,0.956678,0.923711,True,0.0,0,0.949458,False
reckless_escape,263,0.978551,0.902194,0.957274,0.96127,0.917333,True,0.0,0,0.951212,False
reckless_escape,264,0.979538,0.912973,0.960564,0.961326,0.925731,True,0.0,0,0.955134,False
reckless_escape,265,0.967278,0.91442,0.958719,0.954989,0.925657,True,0.0,0,0.949508,False
reckless_escape,266,0.972119,0.920746,0.959857,0.962706,0.931497,True,0.0,0,0.954472,False
reckless_escape,267,0.975117,0.927742,0.954295,0.97988,0.935879,True,0.0,0,0.9588,False
reckless_escape,268,0.982083,0.931449,0.96591,0.98479,0.941945,True,0.0,0,0.96562,False
reckless_escape,269,0.997231,0.929931,0.966815,0.977231,0.940743,True,0.0,0,0.970064,False
reckless_escape,270,0.99594,0.931072,0.965366,0.988957,0.941597,True,0.0,0,0.971262,False
reckless_escape,271,1.0,0.931986,0.963392,0.995678,0.941583,True,0.0,0,0.973553,False
reckless_escape,272,1.0,0.938381,0.960444,0.995485,0.944785,True,0.0,0,0.974531,False
reckless_escape,273,1.0,0.950501,0.965076,1.0,0.954205,True,0.0,0,0.979309,False
reckless_escape,274,1.0,0.945223,0.963978,1.0,0.950414,True,0.0,0,0.977706,False
reckless_escape,275,0.992619,0.937755,0.955969,1.0,0.942364,True,0.0,0,0.971149,False
reckless_escape,276,1.0,0.926858,0.964834,1.0,0.93851,True,0.0,0,0.973126,False
reckless_escape,277,1.0,0.933995,0.968408,0.992145,0.944557,True,0.0,0,0.97468,False
reckless_escape,278,0.98682,0.933166,0.975479,0.992316,0.945836,True,0.0,0,0.970972,False
reckless_escape,279,0.997855,0.939529,0.983528,0.997621,0.952529,True,0.0,0,0.979306,False
reckless_escape,280,1.0,0.941588,0.984192,0.996216,0.954077,True,0.0,0,0.9806,False
reckless_escape,281,0.996278,0.940346,0.985762,1.0,0.953747,True,0.0,0,0.979734,False
reckless_escape,282,1.0,0.947281,0.984483,1.0,0.958452,True,0.0,0,0.982732,False
reckless_escape,283,1.0,0.951502,0.97746,1.0,0.959477,True,0.0,0,0.98235,False
reckless_escape,284,1.0,0.954562,0.980908,0.99378,0.962542,True,0.0,0,0.983019,False
reckless_escape,285,0.992769,0.951158,0.98751,0.995969,0.961688,True,0.0,0,0.981051,False
reckless_escape,286,1.0,0.951173,0.987681,0.999941,0.961992,True,0.0,0,0.984425,False
reckless_escape,287,1.0,0.949676,0.978263,0.994418,0.958394,True,0.0,0,0.981255,False
reckless_escape,288,1.0,0.942122,0.969188,0.993788,0.95043,True,0.0,0,0.977218,False
reckless_escape,289,1.0,0.950409,0.971537,0.996664,0.956799,True,0.0,0,0.980299,False
reckless_escape,290,1.0,0.948781,0.976935,0.991804,0.957342,True,0.0,0,0.980363,False
reckless_escape,291,1.0,0.948252,0.979539,0.990269,0.957536,True,0.0,0,0.980544,False
reckless_escape,292,1.0,0.954944,0.975132,0.993755,0.961139,True,0.0,0,0.981876,False
reckless_escape,293,0.994443,0.961494,0.965099,0.999364,0.960813,True,0.0,0,0.979883,False
reckless_escape,294,0.99667,0.964249,0.968855,0.994411,0.964561,True,0.0,0,0.981658,False
reckless_escape,295,1.0,0.956988,0.968075,1.0,0.959522,True,0.0,0,0.981654,False
reckless_escape,296,1.0,0.950177,0.971265,1.0,0.956457,True,0.0,0,0.980634,False
reckless_escape,297,1.0,0.95274,0.971051,0.99635,0.958183,True,0.0,0,0.980753,False
reckless_escape,298,1.0,0.95422,0.97462,0.988353,0.960478,True,0.0,0,0.980818,False
reckless_escape,299,1.0,0.955043,0.974445,0.990296,0.961008,True,0.0,0,0.98127,False
reckless_escape,300,0.995731,0.956609,0.969844,0.987089,0.960573,True,0.0,0,0.9786,False
reckless_escape,301,1.0,0.967749,0.972765,0.984929,0.969016,True,0.0,0,0.983464,False
reckless_escape,302,1.0,0.96457,0.962325,0.993421,0.961403,True,0.0,0,0.981289,False
reckless_escape,303,1.0,0.956506,0.971364,0.993893,0.960857,True,0.0,0,0.981464,False
reckless_escape,304,0.990738,0.965649,0.976304,0.993707,0.968724,True,0.0,0,0.981398,False
reckless_escape,305,0.988534,0.962437,0.973706,0.982639,0.965901,True,0.0,0,0.977626,False
reckless_escape,306,1.0,0.958518,0.975997,0.981179,0.963658,True,0.0,0,0.981217,False
reckless_escape,307,0.998899,0.953537,0.982495,0.980941,0.96102,True,0.0,0,0.980722,False
reckless_escape,308,1.0,0.948339,0.989991,0.984872,0.958636,True,0.0,0,0.981818,False
reckless_escape,309,1.0,0.94482,0.989305,0.98396,0.955838,True,0.0,0,0.980597,False
reckless_escape,310,1.0,0.953263,0.990811,0.976007,0.960234,True,0.0,0,0.981802,False
reckless_escape,311,1.0,0.953081,0.986997,0.974548,0.959635,True,0.0,0,0.980807,False
reckless_escape,312,1.0,0.951084,0.995302,0.975054,0.958451,True,0.0,0,0.981871,False
reckless_escape,313,1.0,0.95658,0.999653,0.978986,0.963455,True,0.0,0,0.984794,False
reckless_escape,314,1.0,0.968407,0.994214,0.979173,0.971602,True,0.0,0,0.986948,False
reckless_escape,315,1.0,0.966073,0.996147,0.978321,0.969685,True,0.0,0,0.986527,False
reckless_escape,316,1.0,0.959731,0.98577,0.979309,0.965526,True,0.0,0,0.983157,False
reckless_escape,317,1.0,0.963444,0.974284,0.971302,0.96579,True,0.0,0,0.980668,False
reckless_escape,318,0.995542,0.967391,0.97036,0.972001,0.968295,True,0.0,0,0.979377,False
reckless_escape,319,1.0,0.968462,0.967899,0.965916,0.966497,True,0.0,0,0.979753,False
reckless_escape,320,0.994218,0.97127,0.983905,0.974279,0.971904,True,0.0,0,0.982762,False
reckless_escape,321,0.997453,0.959859,0.976095,0.982174,0.964703,True,0.0,0,0.980773,False
reckless_escape,322,0.995779,0.959174,0.969907,0.974951,0.962418,True,0.0,0,0.977614,False
reckless_escape,323,0.992567,0.955042,0.965452,0.978278,0.95818,True,0.0,0,0.974805,False
reckless_escape,324,0.995059,0.95897,0.964865,0.976775,0.960575,True,0.0,0,0.97643,False
reckless_escape,325,1.0,0.958404,0.96562,0.972263,0.960618,True,0.0,0,0.977715,False
reckless_escape,326,1.0,0.961393,0.968616,0.974162,0.963614,True,0.0,0,0.979418,False
reckless_escape,327,1.0,0.967301,0.974325,0.973756,0.969087,True,0.0,0,0.982109,False
reckless_escape,328,1.0,0.971347,0.976215,0.975441,0.972519,True,0.0,0,0.983825,False
reckless_escape,329,1.0,0.98864,0.97415,0.976056,0.974151,True,0.0,0,0.986848,False
reckless_escape,330,1.0,0.997994,0.970311,0.973396,0.970038,True,0.0,0,0.986975,False
reckless_escape,331,0.997859,0.987759,0.97433,0.990399,0.978182,True,0.0,0,0.9884,False
reckless_escape,332,0.988445,0.993253,0.970166,0.998269,0.976827,True,0.0,0,0.986002,False
reckless_escape,333,0.987311,0.992237,0.974943,0.996917,0.979999,True,0.0,0,0.986439,False
reckless_escape,334,0.98964,0.984666,0.977518,0.986221,0.97958,True,0.0,0,0.984877,False
reckless_escape,335,0.999635,0.986602,0.981233,0.985937,0.982559,True,0.0,0,0.99001,False
reckless_escape,336,1.0,0.989382,0.986943,0.990547,0.987681,True,0.0,0,0.992937,False
reckless_escape,337,0.993169,0.991986,0.99032,0.997163,0.99068,True,0.0,0,0.992704,False
reckless_escape,338,0.989837,0.994808,0.989967,0.98587,0.98711,True,0.0,0,0.989873,False
reckless_escape,339,0.978938,0.989176,0.998155,0.996928,0.991374,True,0.0,0,0.988251,False
reckless_escape,340,0.980223,0.989515,1.0,0.993995,0.990852,True,0.0,0,0.988659,False
reckless_escape,341,0.996533,0.987347,1.0,0.985178,0.985286,True,0.0,0,0.992564,False
reckless_escape,342,1.0,0.977487,0.993667,0.990328,0.981232,True,0.0,0,0.991201,False
reckless_escape,343,1.0,0.973168,0.992392,0.992209,0.978256,True,0.0,0,0.990101,False
reckless_escape,344,0.982919,0.968384,0.993405,0.991675,0.97479,True,0.0,0,0.982441,False
reckless_escape,345,0.988979,0.966798,0.990295,0.990267,0.973044,True,0.0,0,0.983491,False
reckless_escape,346,0.989508,0.962662,0.989993,0.991442,0.970112,True,0.0,0,0.982706,False
reckless_escape,347,0.991026,0.968702,0.997462,0.991125,0.975275,True,0.0,0,0.98629,False
reckless_escape,348,0.992313,0.967408,1.0,0.992579,0.974807,True,0.0,0,0.98715,False
reckless_escape,349,0.987232,0.961854,1.0,0.99157,0.970568,True,0.0,0,0.98357,False
reckless_escape,350,1.0,0.963839,1.0,0.990806,0.971838,True,0.0,0,0.988824,False
reckless_escape,351,1.0,0.955821,0.999472,0.992653,0.966351,True,0.0,0,0.986886,False
reckless_escape,352,1.0,0.942156,0.998913,1.0,0.957393,True,0.0,0,0.984279,False
reckless_escape,353,0.997433,0.946148,0.994469,0.991877,0.958634,True,0.0,0,0.982234,False
reckless_escape,354,1.0,0.93533,0.987617,0.992002,0.949767,True,0.0,0,0.978983,False
reckless_escape,355,1.0,0.928539,0.991997,0.984961,0.944358,True,0.0,0,0.976914,False
reckless_escape,356,0.990194,0.922534,0.994562,0.995062,0.941758,True,0.0,0,0.973671,False
reckless_escape,357,0.998617,0.923236,0.988446,0.992159,0.941043,True,0.0,0,0.975405,False
reckless_escape,358,0.992307,0.926238,0.981796,0.994137,0.942288,True,0.0,0,0.972776,False
reckless_escape,359,0.998598,0.923874,0.990376,0.996124,0.942254,True,0.0,0,0.97656,False
reckless_escape,360,0.996473,0.924797,0.984563,0.993673,0.941711,True,0.0,0,0.974464,False
reckless_escape,361,0.994586,0.918083,0.976201,0.979683,0.933973,True,0.0,0,0.968146,False
reckless_escape,362,1.0,0.909122,0.968176,0.990585,0.926755,True,0.0,0,0.967806,False
reckless_escape,363,1.0,0.913676,0.972396,0.981523,0.930311,True,0.0,0,0.968543,False
reckless_escape,364,0.990974,0.929019,0.963039,0.975378,0.939149,True,0.0,0,0.966391,False
reckless_escape,365,0.982921,0.937681,0.977858,0.972714,0.947577,True,0.0,0,0.968196,False
reckless_escape,366,0.968945,0.936696,0.976131,0.969016,0.946028,True,0.0,0,0.961694,False
reckless_escape,367,0.976027,0.939122,0.974418,0.962645,0.946256,True,0.0,0,0.963648,False
reckless_escape,368,0.980047,0.944921,0.979355,0.954402,0.947215,True,0.0,0,0.96607,False
reckless_escape,369,0.977923,0.939007,0.984046,0.956861,0.944231,True,0.0,0,0.965028,False
reckless_escape,370,0.985015,0.940729,0.991367,0.960011,0.946298,True,0.0,0,0.97004,False
reckless_escape,371,1.0,0.941876,0.989607,0.955292,0.945174,True,0.0,0,0.974829,False
reckless_escape,372,1.0,0.94202,0.997535,0.943816,0.939231,True,0.0,0,0.973962,False
reckless_escape,373,1.0,0.938105,1.0,0.943852,0.936919,True,0.0,0,0.973428,False
reckless_escape,374,1.0,0.926565,0.995441,0.950184,0.933106,True,0.0,0,0.970959,False
reckless_escape,375,0.997289,0.934987,1.0,0.953669,0.939655,True,0.0,0,0.97354,False
reckless_escape,376,0.999293,0.930663,0.994031,0.947759,0.934731,True,0.0,0,0.97103,False
reckless_escape,377,0.994935,0.921815,0.995394,0.949569,0.929804,True,0.0,0,0.967689,False
reckless_escape,378,0.993509,0.924193,0.997305,0.948435,0.930798,True,0.0,0,0.96788,False
reckless_escape,379,1.0,0.926741,0.995792,0.946686,0.931743,True,0.0,0,0.970401,False
reckless_escape,380,0.997473,0.923573,0.989081,0.949736,0.931246,True,0.0,0,0.96803,False
reckless_escape,381,0.994128,0.925863,0.98296,0.948294,0.932408,True,0.0,0,0.966007,False
reckless_escape,382,1.0,0.922361,0.989162,0.947218,0.929481,True,0.0,0,0.968222,False
reckless_escape,383,0.993894,0.924478,0.994616,0.949264,0.931434,True,0.0,0,0.967786,False
reckless_escape,384,1.0,0.923214,0.99275,0.952473,0.931915,True,0.0,0,0.970049,False
reckless_escape,385,1.0,0.925975,0.994344,0.956961,0.935334,True,0.0,0,0.971872,False
reckless_escape,386,1.0,0.925867,1.0,0.963097,0.937263,True,0.0,0,0.973961,False
reckless_escape,387,1.0,0.92761,1.0,0.955242,0.935597,True,0.0,0,0.972975,False
reckless_escape,388,0.996821,0.922379,0.996137,0.959395,0.933709,True,0.0,0,0.970485,False
reckless_escape,389,1.0,0.915631,0.993397,0.963231,0.930209,True,0.0,0,0.970102,False
reckless_escape,390,0.998123,0.91725,1.0,0.963409,0.931441,True,0.0,0,0.971042,False
reckless_escape,391,1.0,0.91844,0.999093,0.963502,0.932294,True,0.0,0,0.971922,False
reckless_escape,392,0.996219,0.918172,0.998108,0.960386,0.931136,True,0.0,0,0.969684,False
reckless_escape,393,1.0,0.924139,0.997528,0.963086,0.936101,True,0.0,0,0.973064,False
reckless_escape,394,1.0,0.926978,1.0,0.967651,0.939482,True,0.0,0,0.975065,False
reckless_escape,395,1.0,0.929009,1.0,0.963987,0.939697,True,0.0,0,0.974944,False
reckless_escape,396,1.0,0.932048,0.995055,0.963816,0.941775,True,0.0,0,0.974826,False
reckless_escape,397,0.986198,0.931253,0.99415,0.963133,0.941019,True,0.0,0,0.969089,False
reckless_escape,398,0.980391,0.926835,0.978521,0.960531,0.937086,True,0.0,0,0.962438,False
reckless_escape,399,0.980232,0.934044,0.98385,0.961302,0.942423,True,0.0,0,0.965382,False
reckless_escape,400,0.992361,0.934434,0.979065,0.951303,0.939293,True,0.0,0,0.967425,False
reckless_escape,401,1.0,0.948598,0.979596,0.947086,0.945692,True,0.0,0,0.97315,False
reckless_escape,402,1.0,0.938406,0.983055,0.952399,0.942104,True,0.0,0,0.972251,False
reckless_escape,403,1.0,0.94227,0.984211,0.948097,0.942424,True,0.0,0,0.972591,False
reckless_escape,404,1.0,0.947369,0.969821,0.956156,0.94993,True,0.0,0,0.972948,False
reckless_escape,405,1.0,0.951127,0.973405,0.952637,0.950416,True,0.0,0,0.973835,False
reckless_escape,406,0.997451,0.947851,0.980371,0.958849,0.950877,True,0.0,0,0.974455,False
reckless_escape,407,0.995502,0.944379,0.984918,0.953166,0.94602,True,0.0,0,0.97253,False
reckless_escape,408,1.0,0.944277,0.991095,0.951701,0.944894,True,0.0,0,0.974992,False
reckless_escape,409,0.996102,0.95081,0.986564,0.954171,0.950146,True,0.0,0,0.974847,False
reckless_escape,410,0.9916,0.947534,0.994965,0.955734,0.948484,True,0.0,0,0.974078,False
reckless_escape,411,0.997962,0.947061,1.0,0.957786,0.948859,True,0.0,0,0.97765,False
reckless_escape,412,1.0,0.936422,1.0,0.970077,0.946758,True,0.0,0,0.977978,False
reckless_escape,413,0.990054,0.934536,1.0,0.972564,0.946218,True,0.0,0,0.974142,False
reckless_escape,414,0.988492,0.931682,1.0,0.980805,0.946376,True,0.0,0,0.974207,False
reckless_escape,415,0.99606,0.924218,0.992032,0.984152,0.941061,True,0.0,0,0.974137,False
reckless_escape,416,0.998175,0.926627,0.985268,0.978128,0.941136,True,0.0,0,0.973322,False
reckless_escape,417,1.0,0.933561,0.989024,0.978739,0.946631,True,0.0,0,0.976684,False
reckless_escape,418,0.996858,0.929595,0.982683,0.975837,0.942664,True,0.0,0,0.972753,False
reckless_escape,419,1.0,0.917538,0.978102,0.98325,0.934268,True,0.0,0,0.970983,False
antifragile_escape,0,0.342264,1.0,0.999826,1.0,0.999873,True,0.0,0,0.750014,False
antifragile_escape,1,0.342923,0.995635,1.0,1.0,0.996796,True,0.0,0,0.749141,False
antifragile_escape,2,0.351133,0.9897,1.0,0.994941,0.991306,True,0.0,0,0.749825,False
antifragile_escape,3,0.341618,0.977657,1.0,0.990186,0.981509,True,0.0,0,0.7422,False
antifragile_escape,4,0.349543,0.990815,1.0,0.988834,0.989082,True,0.0,0,0.7483,False
antifragile_escape,5,0.360245,0.997728,0.997939,0.989258,0.991538,True,0.0,0,0.753594,False
antifragile_escape,6,0.368276,0.996974,0.997259,0.997748,0.997055,True,0.0,0,0.758238,False
antifragile_escape,7,0.375695,1.0,0.994994,1.0,0.996325,True,0.0,0,0.761422,False
antifragile_escape,8,0.405463,0.992845,0.990956,1.0,0.991289,True,0.0,0,0.770115,False
antifragile_escape,9,0.424665,0.988975,0.996563,1.0,0.991264,True,0.0,0,0.777721,False
antifragile_escape,10,0.420577,0.997638,1.0,1.0,0.998266,True,0.0,0,0.779186,False
antifragile_escape,11,0.425985,0.997212,1.0,1.0,0.997953,True,0.0,0,0.781127,False
antifragile_escape,12,0.420616,0.992175,0.993708,0.995488,0.99264,True,0.0,0,0.775778,False
antifragile_escape,13,0.424,0.993621,0.996837,0.991812,0.992324,True,0.0,0,0.777335,False
antifragile_escape,14,0.425459,0.991145,0.999793,0.980954,0.984086,True,0.0,0,0.775467,False
antifragile_escape,15,0.436907,0.980894,1.0,0.990394,0.983799,True,0.0,0,0.779297,False
antifragile_escape,16,0.442842,0.987983,0.997199,0.995789,0.990212,True,0.0,0,0.783849,False
antifragile_escape,17,0.442621,0.983423,0.99931,1.0,0.987736,True,0.0,0,0.783616,False
antifragile_escape,18,0.436051,0.977251,1.0,1.0,0.983302,True,0.0,0,0.779601,False
antifragile_escape,19,0.436556,0.982294,0.998563,0.99773,0.986504,True,0.0,0,0.780508,False
antifragile_escape,20,0.451423,0.967406,1.0,0.994992,0.975285,True,0.0,0,0.782007,False
antifragile_escape,21,0.468562,0.96376,0.99592,0.994308,0.972087,True,0.0,0,0.786649,False
antifragile_escape,22,0.468627,0.955027,0.990805,1.0,0.965454,True,0.0,0,0.784183,False
antifragile_escape,23,0.475836,0.95434,0.987029,1.0,0.964127,True,0.0,0,0.785959,False
antifragile_escape,24,0.475889,0.961812,0.982949,0.996432,0.968287,True,0.0,0,0.786589,False
antifragile_escape,25,0.479491,0.964118,0.995833,0.998519,0.972878,True,0.0,0,0.791536,False
antifragile_escape,26,0.485701,0.965049,0.996175,1.0,0.97377,True,0.0,0,0.794439,False
antifragile_escape,27,0.48888,0.969412,0.992998,0.994314,0.975849,True,0.0,0,0.795314,False
antifragile_escape,28,0.486754,0.970612,0.984161,0.995124,0.974778,True,0.0,0,0.793116,False
antifragile_escape,29,0.486814,0.977459,0.987304,0.99863,0.980445,True,0.0,0,0.796108,False
antifragile_escape,30,0.505109,0.970749,0.996724,1.0,0.978035,True,0.0,0,0.803451,False
antifragile_escape,31,0.501869,0.972232,0.993962,1.0,0.978596,True,0.0,0,0.802057,False
antifragile_escape,32,0.48916,0.979507,0.993594,0.997091,0.983604,True,0.0,0,0.798664,False
antifragile_escape,33,0.495628,0.974546,0.980189,0.999591,0.975658,True,0.0,0,0.797213,False
antifragile_escape,34,0.497631,0.968158,0.981111,0.990812,0.972138,True,0.0,0,0.795338,False
antifragile_escape,35,0.495225,0.973845,0.979305,0.988305,0.975418,True,0.0,0,0.795165,False
antifragile_escape,36,0.501645,0.976392,0.977493,0.984956,0.97638,True,0.0,0,0.797384,False
antifragile_escape,37,0.512995,0.979545,0.976859,0.984427,0.977614,True,0.0,0,0.802224,False
antifragile_escape,38,0.504157,0.976406,0.970494,0.995361,0.971738,True,0.0,0,0.797981,False
antifragile_escape,39,0.490136,0.967786,0.970279,0.992618,0.967404,True,0.0,0,0.790158,False
antifragile_escape,40,0.509294,0.970293,0.97371,0.98861,0.970778,True,0.0,0,0.798351,False
antifragile_escape,41,0.50985,0.969175,0.977891,0.97906,0.971627,True,0.0,0,0.797879,False
antifragile_escape,42,0.514909,0.977465,0.971872,0.973931,0.97246,True,0.0,0,0.799592,False
antifragile_escape,43,0.520512,0.978302,0.969637,0.968358,0.968344,True,0.0,0,0.800195,False
antifragile_escape,44,0.523724,0.975934,0.966119,0.97826,0.968965,True,0.0,0,0.801817,False
antifragile_escape,45,0.537484,0.973206,0.968251,0.978354,0.969765,True,0.0,0,0.807048,False
antifragile_escape,46,0.552511,0.972921,0.973352,0.974266,0.973036,True,0.0,0,0.813445,False
antifragile_escape,47,0.549176,0.980867,0.975743,0.976972,0.976004,True,0.0,0,0.814773,False
antifragile_escape,48,0.562027,0.985834,0.967688,0.97325,0.969138,True,0.0,0,0.817756,False
antifragile_escape,49,0.571447,0.987136,0.959978,0.972641,0.963821,True,0.0,0,0.819459,False
antifragile_escape,50,0.574622,0.977456,0.963936,0.975445,0.967216,True,0.0,0,0.820435,False
antifragile_escape,51,0.585005,0.97536,0.969551,0.967541,0.967999,True,0.0,0,0.824001,False
antifragile_escape,52,0.59127,0.962894,0.969925,0.962055,0.961959,True,0.0,0,0.822713,False
antifragile_escape,53,0.586248,0.966166,0.97063,0.971201,0.967419,True,0.0,0,0.823456,False
antifragile_escape,54,0.583699,0.965348,0.96314,0.974203,0.963501,True,0.0,0,0.820942,False
antifragile_escape,55,0.607052,0.962296,0.962256,0.971254,0.961671,True,0.0,0,0.828475,False
antifragile_escape,56,0.613706,0.962715,0.969514,0.968115,0.96429,True,0.0,0,0.83226,False
antifragile_escape,57,0.621614,0.963374,0.968222,0.9833,0.96442,True,0.0,0,0.837293,False
antifragile_escape,58,0.627597,0.95959,0.979558,0.988948,0.965627,True,0.0,0,0.841862,False
antifragile_escape,59,0.635298,0.961928,0.976859,0.993714,0.966464,True,0.0,0,0.845491,False
antifragile_escape,60,0.640624,0.962423,0.979899,0.995214,0.967792,True,0.0,0,0.84852,False
antifragile_escape,61,0.639096,0.973322,0.97399,0.997873,0.972022,True,0.0,0,0.849718,False
antifragile_escape,62,0.656772,0.968424,0.970089,0.992096,0.9677,True,0.0,0,0.853523,False
antifragile_escape,63,0.649388,0.966172,0.957761,0.993693,0.959498,True,0.0,0,0.847332,False
antifragile_escape,64,0.641083,0.973349,0.950743,0.998599,0.957615,True,0.0,0,0.844666,False
antifragile_escape,65,0.657496,0.978368,0.94566,0.993124,0.955525,True,0.0,0,0.849874,False
antifragile_escape,66,0.658997,0.977776,0.954358,0.988766,0.961437,True,0.0,0,0.852003,False
antifragile_escape,67,0.670234,0.983067,0.954295,0.987253,0.962419,True,0.0,0,0.85712,False
antifragile_escape,68,0.665384,0.985309,0.954364,0.987952,0.962913,True,0.0,0,0.85585,False
antifragile_escape,69,0.659485,0.984179,0.95639,0.983964,0.963753,True,0.0,0,0.853312,False
antifragile_escape,70,0.670354,0.98623,0.968011,0.975285,0.970143,True,0.0,0,0.859455,False
antifragile_escape,71,0.676885,0.981013,0.970442,0.969129,0.969006,True,0.0,0,0.860437,False
antifragile_escape,72,0.688947,0.983019,0.959904,0.963934,0.960383,True,0.0,0,0.861723,False
antifragile_escape,73,0.692717,0.967188,0.968147,0.965461,0.965987,True,0.0,0,0.862676,False
antifragile_escape,74,0.704277,0.963766,0.964641,0.968288,0.9639,True,0.0,0,0.865967,False
antifragile_escape,75,0.720865,0.966634,0.968108,0.973658,0.966896,True,0.0,0,0.874522,False
antifragile_escape,76,0.729618,0.962884,0.970644,0.97281,0.965157,True,0.0,0,0.877302,False
antifragile_escape,77,0.734163,0.945173,0.972293,0.977196,0.952917,True,0.0,0,0.875283,False
antifragile_escape,78,0.730577,0.948923,0.97222,0.987496,0.956065,True,0.0,0,0.876402,False
antifragile_escape,79,0.723421,0.951793,0.975391,0.994008,0.959047,True,0.0,0,0.87604,False
antifragile_escape,80,0.881837,0.837165,0.862892,0.916102,0.844113,True,0.655734,1,0.870656,False
antifragile_escape,81,0.891846,0.841249,0.873308,0.915975,0.850826,True,0.655734,1,0.877858,False
antifragile_escape,82,0.899493,0.85337,0.865551,0.914871,0.85533,True,0.655734,1,0.881935,False
antifragile_escape,83,0.915461,0.857685,0.86643,0.921083,0.857888,True,0.655734,1,0.890114,False
antifragile_escape,84,0.916183,0.862456,0.876131,0.933972,0.864506,True,0.655734,1,0.895592,False
antifragile_escape,85,0.920136,0.864827,0.881903,0.934572,0.868537,True,0.655734,1,0.899128,False
antifragile_escape,86,0.915273,0.875259,0.877377,0.933262,0.87247,True,0.655734,1,0.898632,False
antifragile_escape,87,0.934801,0.875168,0.875784,0.931265,0.871717,True,0.655734,1,0.905379,False
antifragile_escape,88,0.915903,0.871598,0.894607,0.936158,0.878079,True,0.655734,1,0.902391,False
antifragile_escape,89,0.919167,0.87452,0.901749,0.948446,0.88229,True,0.655734,1,0.907669,False
antifragile_escape,90,0.918449,0.881702,0.899485,0.943256,0.886162,True,0.655734,1,0.90802,False
antifragile_escape,91,0.909528,0.878642,0.894389,0.946248,0.881876,True,0.655734,1,0.903066,False
antifragile_escape,92,0.887979,0.874757,0.893628,0.943669,0.879302,True,0.655734,1,0.893371,False
antifragile_escape,93,0.88667,0.882497,0.895599,0.944519,0.884851,True,0.655734,1,0.895407,False
antifragile_escape,94,0.8898,0.88021,0.898665,0.944189,0.884833,True,0.655734,1,0.896688,False
antifragile_escape,95,0.901335,0.885118,0.897963,0.946156,0.887412,True,0.655734,1,0.902413,False
antifragile_escape,96,0.897994,0.887793,0.896237,0.941542,0.888464,True,0.655734,1,0.900795,False
antifragile_escape,97,0.898726,0.893394,0.894102,0.957812,0.889432,True,0.655734,1,0.904091,False
antifragile_escape,98,0.91276,0.900255,0.907295,0.953917,0.90025,True,0.655734,1,0.913786,False
antifragile_escape,99,0.915542,0.899533,0.912462,0.955729,0.902149,True,0.655734,1,0.916125,False
antifragile_escape,100,0.929709,0.903795,0.918971,0.950959,0.907865,True,0.655734,1,0.923465,False
antifragile_escape,101,0.946222,0.906286,0.91682,0.948192,0.908636,True,0.655734,1,0.929506,False
antifragile_escape,102,0.94415,0.900424,0.909447,0.948037,0.901751,True,0.655734,1,0.925489,False
antifragile_escape,103,0.956607,0.904134,0.912814,0.944597,0.905731,True,0.655734,1,0.931493,False
antifragile_escape,104,0.963095,0.91031,0.91396,0.952158,0.909389,True,0.655734,1,0.936774,False
antifragile_escape,105,0.973038,0.909129,0.90477,0.954706,0.903673,True,0.655734,1,0.938356,False
antifragile_escape,106,0.981241,0.913443,0.904545,0.950753,0.905899,True,0.655734,1,0.941923,False
antifragile_escape,107,0.988252,0.911774,0.913073,0.946421,0.910126,True,0.655734,1,0.945722,False
antifragile_escape,108,1.0,0.918715,0.912629,0.949195,0.913249,True,0.655734,1,0.952119,False
antifragile_escape,109,0.981635,0.914869,0.914036,0.948052,0.912186,True,0.655734,1,0.944414,False
antifragile_escape,110,0.994271,0.914609,0.909375,0.951019,0.909258,True,0.655734,1,0.948394,False
antifragile_escape,111,0.996622,0.914532,0.924602,0.938535,0.917524,True,0.655734,1,0.951258,False
antifragile_escape,112,1.0,0.91152,0.931479,0.944619,0.917639,True,0.655734,1,0.954103,False
antifragile_escape,113,1.0,0.912582,0.932193,0.945234,0.918597,True,0.655734,1,0.954624,False
antifragile_escape,114,1.0,0.918815,0.926141,0.940004,0.920851,True,0.655734,1,0.954195,False
antifragile_escape,115,1.0,0.921908,0.93062,0.932603,0.924429,True,0.655734,1,0.954951,False
antifragile_escape,116,0.998729,0.924448,0.937106,0.928002,0.925321,True,0.655734,1,0.955556,False
antifragile_escape,117,1.0,0.943074,0.940146,0.939051,0.939313,True,0.655734,1,0.963164,False
antifragile_escape,118,1.0,0.938254,0.947677,0.931257,0.933344,True,0.655734,1,0.961845,False
antifragile_escape,119,1.0,0.923563,0.94666,0.936528,0.927549,True,0.655734,1,0.95906,False
antifragile_escape,120,1.0,0.919961,0.939869,0.937343,0.924869,True,0.655734,1,0.956982,False
antifragile_escape,121,1.0,0.928894,0.935947,0.94045,0.931054,True,0.655734,1,0.959061,False
antifragile_escape,122,0.991146,0.922373,0.937274,0.953505,0.926911,True,0.655734,1,0.956092,False
antifragile_escape,123,0.980941,0.905232,0.942901,0.953839,0.916294,True,0.655734,1,0.948914,False
antifragile_escape,124,0.977495,0.909191,0.949097,0.952059,0.920167,True,0.655734,1,0.949648,False
antifragile_escape,125,0.981298,0.914226,0.950009,0.958842,0.924629,True,0.655734,1,0.953649,False
antifragile_escape,126,0.97427,0.927769,0.947361,0.956238,0.93368,True,0.655734,1,0.953661,False
antifragile_escape,127,0.978408,0.926865,0.948288,0.956858,0.933282,True,0.655734,1,0.955277,False
antifragile_escape,128,0.963148,0.939584,0.948418,0.961187,0.942192,True,0.655734,1,0.953466,False
antifragile_escape,129,0.96298,0.936734,0.958247,0.958433,0.94248,True,0.655734,1,0.954307,False
antifragile_escape,130,0.961377,0.935258,0.957593,0.966951,0.941966,True,0.655734,1,0.954445,False
antifragile_escape,131,0.954451,0.924843,0.951899,0.962729,0.932948,True,0.655734,1,0.947241,False
antifragile_escape,132,0.952178,0.914228,0.946734,0.970662,0.924216,True,0.655734,1,0.943599,False
antifragile_escape,133,0.957278,0.909893,0.938561,0.964402,0.918695,True,0.655734,1,0.941747,False
antifragile_escape,134,0.967823,0.917073,0.943549,0.960674,0.925186,True,0.655734,1,0.948202,False
antifragile_escape,135,0.968852,0.917491,0.956878,0.950873,0.92702,True,0.655734,1,0.949915,False
antifragile_escape,136,0.982146,0.910313,0.953861,0.948662,0.921105,True,0.655734,1,0.952112,False
antifragile_escape,137,0.972979,0.915643,0.958763,0.952718,0.926171,True,0.655734,1,0.951646,False
antifragile_escape,138,0.977271,0.911899,0.957576,0.966566,0.925003,True,0.655734,1,0.954188,False
antifragile_escape,139,0.971371,0.914708,0.950296,0.960027,0.92512,True,0.655734,1,0.95024,False
antifragile_escape,140,0.971416,0.922002,0.954741,0.963948,0.931597,True,0.655734,1,0.953696,False
antifragile_escape,141,0.970686,0.925162,0.951858,0.962985,0.933178,True,0.655734,1,0.953524,False
antifragile_escape,142,0.971496,0.927986,0.962358,0.962679,0.93717,True,0.655734,1,0.956666,False
antifragile_escape,143,0.97957,0.920594,0.956483,0.958409,0.93038,True,0.655734,1,0.955933,False
antifragile_escape,144,0.982448,0.925838,0.964867,0.961073,0.935656,True,0.655734,1,0.960486,False
antifragile_escape,145,0.96939,0.927715,0.96571,0.962934,0.93742,True,0.655734,1,0.956486,False
antifragile_escape,146,0.982915,0.933842,0.96061,0.960582,0.940958,True,0.655734,1,0.961906,False
antifragile_escape,147,0.980312,0.938142,0.963523,0.954825,0.943212,True,0.655734,1,0.961679,False
antifragile_escape,148,0.98473,0.92898,0.96393,0.957398,0.937206,True,0.655734,1,0.961422,False
antifragile_escape,149,0.98563,0.935339,0.96576,0.950342,0.939924,True,0.655734,1,0.962576,False
antifragile_escape,150,0.998211,0.943783,0.968368,0.96029,0.948783,True,0.655734,1,0.971802,False
antifragile_escape,151,1.0,0.939417,0.979377,0.964286,0.947022,True,0.655734,1,0.974026,False
antifragile_escape,152,0.998254,0.942145,0.969755,0.969184,0.949411,True,0.655734,1,0.973093,False
antifragile_escape,153,1.0,0.940149,0.968761,0.965247,0.947223,True,0.655734,1,0.972405,False
antifragile_escape,154,1.0,0.949632,0.9715,0.965776,0.954433,True,0.655734,1,0.975544,False
antifragile_escape,155,1.0,0.945641,0.971594,0.955515,0.948492,True,0.655734,1,0.972693,False
antifragile_escape,156,1.0,0.947187,0.959401,0.96004,0.950515,True,0.655734,1,0.971653,False
antifragile_escape,157,0.998293,0.951981,0.961724,0.957895,0.953793,True,0.655734,1,0.972379,False
antifragile_escape,158,1.0,0.950466,0.955819,0.956725,0.951989,True,0.655734,1,0.971311,False
antifragile_escape,159,1.0,0.942955,0.962619,0.94114,0.940638,True,0.655734,1,0.96764,False
antifragile_escape,160,0.998638,0.944963,0.966722,0.949054,0.945554,True,0.655734,1,0.96992,False
antifragile_escape,161,1.0,0.947216,0.957105,0.961456,0.950195,True,0.655734,1,0.971405,False
antifragile_escape,162,1.0,0.950591,0.959599,0.959244,0.952937,True,0.655734,1,0.972481,False
antifragile_escape,163,0.991117,0.951164,0.957008,0.955979,0.952552,True,0.655734,1,0.968239,False
antifragile_escape,164,1.0,0.950062,0.962535,0.95714,0.952237,True,0.655734,1,0.972535,False
antifragile_escape,165,1.0,0.949243,0.959089,0.960551,0.952026,True,0.655734,1,0.97222,False
antifragile_escape,166,0.990875,0.940329,0.962439,0.956433,0.945132,True,0.655734,1,0.966347,False
antifragile_escape,167,1.0,0.933873,0.954706,0.967333,0.940244,True,0.655734,1,0.9682,False
antifragile_escape,168,1.0,0.929565,0.952531,0.96083,0.936402,True,0.655734,1,0.965662,False
antifragile_escape,169,0.997386,0.937507,0.951058,0.955338,0.941507,True,0.655734,1,0.965677,False
antifragile_escape,170,0.979993,0.938007,0.950996,0.961162,0.942,True,0.655734,1,0.960021,False
antifragile_escape,171,0.992888,0.944146,0.959469,0.961607,0.948464,True,0.655734,1,0.968389,False
antifragile_escape,172,0.984718,0.949519,0.955636,0.952451,0.950412,True,0.655734,1,0.964513,False
antifragile_escape,173,0.988362,0.945563,0.958762,0.942533,0.942964,True,0.655734,1,0.963466,False
antifragile_escape,174,1.0,0.952052,0.953275,0.943642,0.946016,True,0.655734,1,0.968591,False
antifragile_escape,175,1.0,0.953882,0.960762,0.940362,0.944466,True,0.655734,1,0.969622,False
antifragile_escape,176,1.0,0.953149,0.959192,0.941968,0.945371,True,0.655734,1,0.969541,False
antifragile_escape,177,0.995213,0.958878,0.954133,0.941796,0.945483,True,0.655734,1,0.967832,False
antifragile_escape,178,1.0,0.946969,0.960378,0.938875,0.941203,True,0.655734,1,0.967709,False
antifragile_escape,179,0.999775,0.947716,0.972637,0.938409,0.940638,True,0.655734,1,0.969832,False
antifragile_escape,180,1.0,0.951233,0.973593,0.944703,0.945995,True,0.655734,1,0.972247,False
antifragile_escape,181,0.995728,0.948357,0.974709,0.944462,0.944423,True,0.655734,1,0.970084,False
antifragile_escape,182,1.0,0.943515,0.970801,0.936933,0.937953,True,0.655734,1,0.968302,False
antifragile_escape,183,1.0,0.9475,0.963332,0.938162,0.940834,True,0.655734,1,0.968193,False
antifragile_escape,184,1.0,0.954984,0.977922,0.933692,0.940181,True,0.655734,1,0.971462,False
antifragile_escape,185,0.996578,0.965503,0.984609,0.934178,0.94376,True,0.655734,1,0.973756,False
antifragile_escape,186,0.993646,0.97152,0.982631,0.933908,0.944965,True,0.655734,1,0.973475,False
antifragile_escape,187,0.995742,0.970668,0.983035,0.939976,0.949173,True,0.655734,1,0.975546,False
antifragile_escape,188,1.0,0.976063,0.982168,0.936905,0.948,True,0.655734,1,0.977408,False
antifragile_escape,189,1.0,0.967996,0.980549,0.937645,0.946754,True,0.655734,1,0.975619,False
antifragile_escape,190,1.0,0.971502,0.98917,0.940447,0.949921,True,0.655734,1,0.978574,False
antifragile_escape,191,0.996107,0.972133,0.98946,0.933412,0.945085,True,0.655734,1,0.975695,False
antifragile_escape,192,0.997121,0.97516,0.992435,0.931229,0.944374,True,0.655734,1,0.97677,False
antifragile_escape,193,0.999264,0.958429,0.989675,0.939051,0.944658,True,0.655734,1,0.975205,False
antifragile_escape,194,1.0,0.968755,0.985314,0.940258,0.948959,True,0.655734,1,0.977244,False
antifragile_escape,195,1.0,0.968868,0.985881,0.949555,0.955487,True,0.655734,1,0.979451,False
antifragile_escape,196,0.996595,0.965594,0.989128,0.946799,0.952454,True,0.655734,1,0.977402,False
antifragile_escape,197,0.999769,0.957387,0.999038,0.948903,0.949819,True,0.655734,1,0.978893,False
antifragile_escape,198,0.99778,0.946886,0.99246,0.956002,0.948379,True,0.655734,1,0.975885,False
antifragile_escape,199,1.0,0.947375,0.990016,0.951125,0.946452,True,0.655734,1,0.975462,False
antifragile_escape,200,1.0,0.9611,0.998573,0.941639,0.94702,True,0.655734,1,0.978213,False
antifragile_escape,201,0.998248,0.961383,0.998239,0.96076,0.958566,True,0.655734,1,0.981601,False
antifragile_escape,202,1.0,0.965839,0.998264,0.96219,0.961649,True,0.655734,1,0.983643,False
antifragile_escape,203,1.0,0.969577,1.0,0.966352,0.965758,True,0.655734,1,0.985704,False
antifragile_escape,204,1.0,0.970601,0.992969,0.963412,0.964963,True,0.655734,1,0.984116,False
antifragile_escape,205,1.0,0.968308,0.987493,0.957,0.960235,True,0.655734,1,0.981252,False
antifragile_escape,206,1.0,0.960111,0.981735,0.955479,0.956049,True,0.655734,1,0.978025,False
antifragile_escape,207,1.0,0.965334,0.978796,0.95373,0.957247,True,0.655734,1,0.978335,False
antifragile_escape,208,0.997888,0.961317,0.986391,0.959942,0.958883,True,0.655734,1,0.979243,False
antifragile_escape,209,1.0,0.950211,0.994781,0.963079,0.953437,True,0.655734,1,0.979342,False
antifragile_escape,210,1.0,0.951481,0.993231,0.966006,0.95553,True,0.655734,1,0.979952,False
antifragile_escape,211,1.0,0.942913,0.990114,0.978941,0.953537,True,0.655734,1,0.979421,False
antifragile_escape,212,1.0,0.938736,0.992323,0.974936,0.949692,True,0.655734,1,0.978045,False
antifragile_escape,213,1.0,0.935745,0.997205,0.980361,0.949062,True,0.655734,1,0.979069,False
antifragile_escape,214,1.0,0.956452,1.0,0.982695,0.964498,True,0.655734,1,0.985478,False
antifragile_escape,215,1.0,0.965863,1.0,0.991904,0.973543,True,0.655734,1,0.989547,False
antifragile_escape,216,0.993555,0.969455,0.992552,0.983138,0.973655,True,0.655734,1,0.98519,False
antifragile_escape,217,1.0,0.975474,0.99568,0.986658,0.978912,True,0.655734,1,0.990409,False
antifragile_escape,218,1.0,0.966912,0.983745,0.991363,0.97199,True,0.655734,1,0.986548,False
antifragile_escape,219,1.0,0.974211,0.980348,0.995074,0.975769,True,0.655734,1,0.988223,False
antifragile_escape,220,0.988833,0.975456,0.977907,0.99253,0.975557,True,0.655734,1,0.983383,False
antifragile_escape,221,0.980226,0.978234,0.972372,0.998126,0.973542,True,0.655734,1,0.980158,False
antifragile_escape,222,0.986861,0.972992,0.96832,1.0,0.968568,True,0.655734,1,0.980671,False
antifragile_escape,223,0.994303,0.968136,0.970974,1.0,0.967465,True,0.655734,1,0.982971,False
antifragile_escape,224,1.0,0.964319,0.971291,1.0,0.965411,True,0.655734,1,0.984259,False
antifragile_escape,225,0.997469,0.960161,0.977783,1.0,0.96546,True,0.655734,1,0.983723,False
antifragile_escape,226,1.0,0.96175,0.976351,1.0,0.965971,True,0.655734,1,0.984775,False
antifragile_escape,227,0.99574,0.956298,0.979766,0.998936,0.963512,True,0.655734,1,0.982345,False
antifragile_escape,228,1.0,0.961708,0.988142,0.987368,0.968633,True,0.655734,1,0.985441,False
antifragile_escape,229,1.0,0.953299,0.984445,0.982573,0.961317,True,0.655734,1,0.981712,False
antifragile_escape,230,1.0,0.96635,0.979864,0.986074,0.970431,True,0.655734,1,0.984821,False
antifragile_escape,231,1.0,0.969404,0.982081,0.996472,0.973253,True,0.655734,1,0.987564,False
antifragile_escape,232,0.995119,0.974778,0.987787,0.998431,0.978777,True,0.655734,1,0.98864,False
antifragile_escape,233,1.0,0.976475,0.988754,0.986352,0.979344,True,0.655734,1,0.989352,False
antifragile_escape,234,0.998254,0.969817,0.997578,0.989645,0.975756,True,0.655734,1,0.989109,False
antifragile_escape,235,0.997336,0.972186,1.0,0.984886,0.976027,True,0.655734,1,0.988988,False
antifragile_escape,236,1.0,0.961115,0.999655,0.982607,0.967722,True,0.655734,1,0.98663,False
antifragile_escape,237,0.999587,0.962703,1.0,0.981004,0.968292,True,0.655734,1,0.986665,False
antifragile_escape,238,1.0,0.960134,1.0,0.981408,0.96667,True,0.655734,1,0.986222,False
antifragile_escape,239,1.0,0.962758,0.999606,0.978028,0.967282,True,0.655734,1,0.986223,False
antifragile_escape,240,1.0,0.963409,0.997714,0.976954,0.967368,True,0.655734,1,0.98586,False
antifragile_escape,241,1.0,0.960123,0.993747,0.979682,0.966131,True,0.655734,1,0.984788,False
antifragile_escape,242,1.0,0.953394,0.992286,0.974497,0.95988,True,0.655734,1,0.981837,False
antifragile_escape,243,1.0,0.945772,0.982724,0.970025,0.953144,True,0.655734,1,0.97731,False
antifragile_escape,244,1.0,0.949459,0.990116,0.960034,0.951897,True,0.655734,1,0.977756,False
antifragile_escape,245,1.0,0.954839,0.982369,0.960847,0.955972,True,0.655734,1,0.977933,False
antifragile_escape,246,1.0,0.946213,0.9829,0.955103,0.948123,True,0.655734,1,0.974729,False
antifragile_escape,247,1.0,0.95499,0.980025,0.961547,0.956511,True,0.655734,1,0.9777,False
antifragile_escape,248,0.990454,0.959546,0.986167,0.960748,0.958386,True,0.655734,1,0.976112,False
antifragile_escape,249,1.0,0.953142,0.985368,0.961277,0.954965,True,0.655734,1,0.978106,False
antifragile_escape,250,0.998587,0.949953,0.986248,0.968074,0.955497,True,0.655734,1,0.978169,False
antifragile_escape,251,0.990127,0.952826,0.979999,0.974813,0.9592,True,0.655734,1,0.975735,False
antifragile_escape,252,0.98833,0.950215,0.979934,0.977245,0.957724,True,0.655734,1,0.974733,False
antifragile_escape,253,0.991884,0.943211,0.984694,0.977374,0.95306,True,0.655734,1,0.975138,False
antifragile_escape,254,0.989822,0.934711,0.984789,0.985593,0.948135,True,0.655734,1,0.973402,False
antifragile_escape,255,0.991825,0.930768,0.995634,0.979698,0.94524,True,0.655734,1,0.974232,False
antifragile_escape,256,0.999985,0.920989,1.0,0.983841,0.939307,True,0.655734,1,0.976227,False
antifragile_escape,257,1.0,0.921571,0.993621,0.983317,0.939127,True,0.655734,1,0.975094,False
antifragile_escape,258,1.0,0.927949,1.0,0.985875,0.944777,True,0.655734,1,0.978426,False
antifragile_escape,259,1.0,0.926491,1.0,0.983833,0.943299,True,0.655734,1,0.977701,False
antifragile_escape,260,0.99511,0.922642,1.0,0.98947,0.941587,True,0.655734,1,0.975734,False
antifragile_escape,261,1.0,0.920962,1.0,0.998178,0.941735,True,0.655734,1,0.978526,False
antifragile_escape,262,1.0,0.933964,0.995777,0.992298,0.949912,True,0.655734,1,0.980264,False
antifragile_escape,263,1.0,0.921131,0.994615,0.989182,0.939891,True,0.655734,1,0.976107,False
antifragile_escape,264,1.0,0.919073,0.99826,0.993733,0.939492,True,0.655734,1,0.976982,False
antifragile_escape,265,0.999656,0.907307,0.99175,0.989401,0.929444,True,0.655734,1,0.971749,False
antifragile_escape,266,0.995693,0.906043,0.98456,0.990636,0.927666,True,0.655734,1,0.968681,False
antifragile_escape,267,1.0,0.907959,0.975616,0.9871,0.927212,True,0.655734,1,0.968503,False
antifragile_escape,268,1.0,0.910212,0.984647,0.992225,0.930908,True,0.655734,1,0.971695,False
antifragile_escape,269,1.0,0.915814,0.980112,0.997471,0.93461,True,0.655734,1,0.973066,False
antifragile_escape,270,0.99232,0.920195,0.981804,0.996154,0.938044,True,0.655734,1,0.971468,False
antifragile_escape,271,0.990168,0.92542,0.981899,0.997228,0.941936,True,0.655734,1,0.972226,False
antifragile_escape,272,0.984531,0.921516,0.968995,1.0,0.93607,True,0.655734,1,0.966742,False
antifragile_escape,273,0.989192,0.925281,0.973216,0.992776,0.939656,True,0.655734,1,0.96937,False
antifragile_escape,274,1.0,0.937031,0.979665,0.994942,0.949716,True,0.655734,1,0.978263,False
antifragile_escape,275,1.0,0.937317,0.983427,0.991245,0.950438,True,0.655734,1,0.978561,False
antifragile_escape,276,1.0,0.940023,0.986714,0.987941,0.9526,True,0.655734,1,0.979436,False
antifragile_escape,277,1.0,0.956134,0.989659,0.980233,0.963343,True,0.655734,1,0.983077,False
antifragile_escape,278,1.0,0.965041,0.982584,0.979875,0.969279,True,0.655734,1,0.984068,False
antifragile_escape,279,1.0,0.963664,0.973543,0.983996,0.966678,True,0.655734,1,0.982458,False
antifragile_escape,280,1.0,0.966808,0.971215,0.979235,0.968046,True,0.655734,1,0.982103,False
antifragile_escape,281,1.0,0.970401,0.980791,0.973313,0.971115,True,0.655734,1,0.984012,False
antifragile_escape,282,1.0,0.967595,0.985867,0.972712,0.96885,True,0.655734,1,0.984065,False
antifragile_escape,283,1.0,0.969252,0.991752,0.975606,0.97082,True,0.655734,1,0.986064,False
antifragile_escape,284,1.0,0.968726,0.987616,0.977817,0.971496,True,0.655734,1,0.985615,False
antifragile_escape,285,1.0,0.977392,0.991656,0.980522,0.977987,True,0.655734,1,0.98906,False
antifragile_escape,286,0.993511,0.976538,0.992428,0.982281,0.978165,True,0.655734,1,0.986847,False
antifragile_escape,287,1.0,0.972845,0.988478,0.991333,0.977311,True,0.655734,1,0.989102,False
antifragile_escape,288,1.0,0.972734,0.988087,0.991693,0.977184,True,0.655734,1,0.989047,False
antifragile_escape,289,1.0,0.974407,0.992296,0.981737,0.976572,True,0.655734,1,0.988638,False
antifragile_escape,290,1.0,0.977322,0.966113,0.986139,0.969559,True,0.655734,1,0.984225,False
antifragile_escape,291,0.987633,0.986883,0.950145,0.992038,0.960501,True,0.655734,1,0.978111,False
antifragile_escape,292,0.972433,0.989817,0.958027,0.994378,0.966998,True,0.655734,1,0.975389,False
antifragile_escape,293,0.97274,0.978848,0.963001,1.0,0.967734,True,0.655734,1,0.975302,False
antifragile_escape,294,0.960437,0.970173,0.958651,0.990442,0.961918,True,0.655734,1,0.966246,False
antifragile_escape,295,0.967184,0.962176,0.964124,0.994236,0.961038,True,0.655734,1,0.968782,False
antifragile_escape,296,0.969404,0.951219,0.962833,0.994393,0.953976,True,0.655734,1,0.966595,False
antifragile_escape,297,0.976035,0.95364,0.961976,0.99622,0.954951,True,0.655734,1,0.969769,False
antifragile_escape,298,0.978871,0.956455,0.961604,0.992414,0.956662,True,0.655734,1,0.970959,False
antifragile_escape,299,0.978029,0.959625,0.962526,0.990739,0.959035,True,0.655734,1,0.971426,False
antifragile_escape,300,0.977564,0.950542,0.965558,0.99231,0.954786,True,0.655734,1,0.96987,False
antifragile_escape,301,0.976912,0.962883,0.963955,0.98721,0.961809,True,0.655734,1,0.971684,False
antifragile_escape,302,0.966641,0.972807,0.972888,0.991065,0.97162,True,0.655734,1,0.972892,False
antifragile_escape,303,0.984731,0.971229,0.971805,0.999864,0.969606,True,0.655734,1,0.980278,False
antifragile_escape,304,1.0,0.973285,0.969975,0.996196,0.969909,True,0.655734,1,0.985643,False
antifragile_escape,305,1.0,0.980677,0.974157,0.996392,0.975809,True,0.655734,1,0.988462,False
antifragile_escape,306,1.0,0.987132,0.977248,0.997463,0.980265,True,0.655734,1,0.990865,False
antifragile_escape,307,1.0,0.968593,0.979991,1.0,0.971827,True,0.655734,1,0.987364,False
antifragile_escape,308,1.0,0.969161,0.977607,1.0,0.971196,True,0.655734,1,0.986962,False
antifragile_escape,309,1.0,0.974549,0.978147,1.0,0.974673,True,0.655734,1,0.988446,False
antifragile_escape,310,1.0,0.964785,0.975314,1.0,0.967488,True,0.655734,1,0.985317,False
antifragile_escape,311,0.98634,0.965669,0.984023,1.0,0.971308,True,0.655734,1,0.982311,False
antifragile_escape,312,0.975072,0.969056,0.988303,0.98931,0.974301,True,0.655734,1,0.978271,False
antifragile_escape,313,0.984797,0.976456,0.992034,0.993441,0.980768,True,0.655734,1,0.985325,False
antifragile_escape,314,0.995345,0.966005,0.983184,0.989154,0.971107,True,0.655734,1,0.984099,False
antifragile_escape,315,1.0,0.968619,0.990216,0.996257,0.974947,True,0.655734,1,0.98906,False
antifragile_escape,316,1.0,0.964148,0.989278,0.998261,0.971624,True,0.655734,1,0.987968,False
antifragile_escape,317,1.0,0.968249,0.985914,1.0,0.97368,True,0.655734,1,0.988591,False
antifragile_escape,318,1.0,0.965948,0.996102,0.99937,0.974353,True,0.655734,1,0.990003,False
antifragile_escape,319,1.0,0.970127,0.995852,1.0,0.977428,True,0.655734,1,0.991168,False
antifragile_escape,320,1.0,0.971413,0.996957,1.0,0.97856,True,0.655734,1,0.991734,False
antifragile_escape,321,1.0,0.962748,0.989914,0.996893,0.970665,True,0.655734,1,0.987524,False
antifragile_escape,322,1.0,0.966694,0.984639,0.992586,0.972101,True,0.655734,1,0.986854,False
antifragile_escape,323,1.0,0.967516,0.982285,0.999481,0.971991,True,0.655734,1,0.987531,False
antifragile_escape,324,1.0,0.981789,0.983864,0.994838,0.981964,True,0.655734,1,0.99093,False
antifragile_escape,325,0.99984,0.973781,0.988387,1.0,0.978271,True,0.655734,1,0.990522,False
antifragile_escape,326,1.0,0.968525,0.987715,0.996626,0.974323,True,0.655734,1,0.98857,False
antifragile_escape,327,1.0,0.971941,0.99139,1.0,0.977801,True,0.655734,1,0.990736,False
antifragile_escape,328,1.0,0.974127,0.989945,1.0,0.978971,True,0.655734,1,0.991009,False
antifragile_escape,329,1.0,0.966658,0.991019,0.998774,0.973853,True,0.655734,1,0.989073,False
antifragile_escape,330,1.0,0.973103,1.0,0.996451,0.97971,True,0.655734,1,0.992227,False
antifragile_escape,331,0.994725,0.974883,1.0,0.991653,0.979967,True,0.655734,1,0.989902,False
antifragile_escape,332,0.982495,0.980933,0.995376,0.991609,0.984106,True,0.655734,1,0.986002,False
antifragile_escape,333,0.981436,0.979629,0.995399,0.994652,0.983719,True,0.655734,1,0.985748,False
antifragile_escape,334,0.990898,0.985801,1.0,0.998175,0.989298,True,0.655734,1,0.992446,False
antifragile_escape,335,1.0,0.992518,1.0,0.989483,0.990243,True,0.655734,1,0.99601,False
antifragile_escape,336,1.0,0.997342,0.999872,0.99651,0.996693,True,0.655734,1,0.998613,False
antifragile_escape,337,1.0,1.0,0.993652,0.999474,0.995264,True,0.655734,1,0.998216,False
antifragile_escape,338,0.990407,0.998275,1.0,1.0,0.998734,True,0.655734,1,0.995892,False
antifragile_escape,339,0.995425,1.0,1.0,1.0,1.0,True,0.655734,1,0.998262,False
antifragile_escape,340,1.0,0.996987,0.996118,1.0,0.996288,True,0.655734,1,0.998313,False
antifragile_escape,341,1.0,0.994873,0.995888,0.999641,0.995058,True,0.655734,1,0.997694,False
antifragile_escape,342,1.0,0.997183,1.0,1.0,0.997932,True,0.655734,1,0.999245,False
antifragile_escape,343,1.0,1.0,1.0,1.0,1.0,True,0.655734,1,1.0,False
antifragile_escape,344,1.0,1.0,1.0,1.0,1.0,True,0.655734,1,1.0,False
antifragile_escape,345,1.0,0.998033,0.999027,1.0,0.998337,True,0.655734,1,0.999271,False
antifragile_escape,346,1.0,0.998387,0.993854,1.0,0.995202,True,0.655734,1,0.998028,False
antifragile_escape,347,1.0,0.999639,0.997421,0.999079,0.997912,True,0.655734,1,0.999091,False
antifragile_escape,348,1.0,0.999995,0.998298,1.0,0.99875,True,0.655734,1,0.999543,False
antifragile_escape,349,1.0,1.0,1.0,0.992774,0.994696,True,0.655734,1,0.998352,False
antifragile_escape,350,0.995943,0.99938,1.0,0.996463,0.997304,True,0.655734,1,0.997528,False
antifragile_escape,351,1.0,0.99524,0.998535,0.996412,0.99557,True,0.655734,1,0.997846,False
antifragile_escape,352,0.99431,0.988604,1.0,0.997954,0.991303,True,0.655734,1,0.994456,False
antifragile_escape,353,0.983192,0.979926,1.0,0.981322,0.979304,True,0.655734,1,0.984901,False
antifragile_escape,354,0.972206,0.985379,0.994668,0.987982,0.986017,True,0.655734,1,0.982486,False
antifragile_escape,355,0.95762,0.989838,0.983924,0.990778,0.985601,True,0.655734,1,0.976154,False
antifragile_escape,356,0.962259,0.984567,0.988922,0.982269,0.982907,True,0.655734,1,0.976353,False
antifragile_escape,357,0.962585,0.976454,0.998709,0.982212,0.977775,True,0.655734,1,0.976154,False
antifragile_escape,358,0.975955,0.972126,0.998224,0.983287,0.975458,True,0.655734,1,0.980241,False
antifragile_escape,359,0.983056,0.97373,0.99706,0.983311,0.976562,True,0.655734,1,0.983154,False
antifragile_escape,360,0.986685,0.971875,0.993731,0.980316,0.974325,True,0.655734,1,0.982913,False
antifragile_escape,361,0.984282,0.981417,0.992614,0.984928,0.982345,True,0.655734,1,0.985124,False
antifragile_escape,362,0.992429,0.980813,0.98987,0.986309,0.982497,True,0.655734,1,0.987829,False
antifragile_escape,363,0.979038,0.986723,0.991527,0.984694,0.985212,True,0.655734,1,0.984202,False
antifragile_escape,364,0.970879,0.988326,1.0,0.986213,0.986359,True,0.655734,1,0.983266,False
antifragile_escape,365,0.97628,0.988235,1.0,0.990123,0.988401,True,0.655734,1,0.986094,False
antifragile_escape,366,0.984242,0.982445,0.99147,0.989186,0.984443,True,0.655734,1,0.985936,False
antifragile_escape,367,0.974716,0.987016,0.996217,0.98968,0.987685,True,0.655734,1,0.984451,False
antifragile_escape,368,0.970481,0.993426,0.987224,0.996269,0.989096,True,0.655734,1,0.983469,False
antifragile_escape,369,0.973314,0.983307,0.986594,1.0,0.983829,True,0.655734,1,0.982501,False
antifragile_escape,370,0.980903,0.984168,0.982994,1.0,0.982462,True,0.655734,1,0.984728,False
antifragile_escape,371,0.987277,0.994195,0.991967,1.0,0.992509,True,0.655734,1,0.991775,False
antifragile_escape,372,0.98579,0.992491,0.995387,0.995157,0.993228,True,0.655734,1,0.990928,False
antifragile_escape,373,1.0,0.992267,0.987411,0.987183,0.986961,True,0.655734,1,0.992983,False
antifragile_escape,374,1.0,0.997679,0.984456,0.992418,0.986898,True,0.655734,1,0.994151,False
antifragile_escape,375,0.99774,0.995319,0.977579,1.0,0.982757,True,0.655734,1,0.992194,False
antifragile_escape,376,1.0,0.992189,0.971706,0.998597,0.97775,True,0.655734,1,0.990635,False
antifragile_escape,377,0.999434,0.987119,0.973194,1.0,0.977467,True,0.655734,1,0.989937,False
antifragile_escape,378,1.0,0.991236,0.978035,0.993082,0.981755,True,0.655734,1,0.991311,False
antifragile_escape,379,0.994929,0.983415,0.983238,0.994958,0.982543,True,0.655734,1,0.98927,False
antifragile_escape,380,0.977787,0.996073,0.978201,1.0,0.983361,True,0.655734,1,0.984932,False
antifragile_escape,381,0.974888,0.982932,0.980801,0.993392,0.981032,True,0.655734,1,0.980728,False
antifragile_escape,382,0.967508,0.987931,0.985446,1.0,0.985723,True,0.655734,1,0.981148,False
antifragile_escape,383,0.972858,0.980432,0.983721,0.996887,0.98097,True,0.655734,1,0.980514,False
antifragile_escape,384,0.984595,0.986762,0.978983,1.0,0.981207,True,0.655734,1,0.985725,False
antifragile_escape,385,0.985598,0.98277,0.976036,1.0,0.977691,True,0.655734,1,0.984435,False
antifragile_escape,386,0.990595,0.981534,0.991181,1.0,0.984495,True,0.655734,1,0.989654,False
antifragile_escape,387,0.992006,0.980611,0.992229,0.995793,0.984034,True,0.655734,1,0.989568,False
antifragile_escape,388,1.0,0.973109,0.985613,0.992976,0.976929,True,0.655734,1,0.988818,False
antifragile_escape,389,1.0,0.979646,0.991561,0.991528,0.982811,True,0.655734,1,0.991568,False
antifragile_escape,390,0.991986,0.984736,0.994672,0.99941,0.987742,True,0.655734,1,0.991695,False
antifragile_escape,391,0.994452,0.986055,1.0,0.9906,0.987283,True,0.655734,1,0.99254,False
antifragile_escape,392,0.997888,0.979977,0.987492,0.989965,0.982201,True,0.655734,1,0.989801,False
antifragile_escape,393,1.0,0.982501,0.99951,0.989904,0.98472,True,0.655734,1,0.993515,False
antifragile_escape,394,0.99999,0.979757,0.995454,0.977739,0.977586,True,0.655734,1,0.989728,False
antifragile_escape,395,0.998457,0.975345,0.988463,0.976949,0.975286,True,0.655734,1,0.986706,False
antifragile_escape,396,1.0,0.965863,0.986563,0.971195,0.967081,True,0.655734,1,0.983454,False
antifragile_escape,397,1.0,0.962713,0.987262,0.968895,0.964095,True,0.655734,1,0.982332,False
antifragile_escape,398,1.0,0.967462,0.97151,0.969104,0.967946,True,0.655734,1,0.980843,False
antifragile_escape,399,1.0,0.957018,0.970188,0.9625,0.958644,True,0.655734,1,0.976684,False
antifragile_escape,400,1.0,0.953253,0.970977,0.947591,0.948806,True,0.655734,1,0.972881,False
antifragile_escape,401,1.0,0.959243,0.959898,0.946331,0.949848,True,0.655734,1,0.971914,False
antifragile_escape,402,0.991988,0.961417,0.96108,0.95767,0.958617,True,0.655734,1,0.972113,False
antifragile_escape,403,0.994216,0.967303,0.953884,0.957174,0.9546,True,0.655734,1,0.972172,False
antifragile_escape,404,0.996704,0.973035,0.958113,0.953521,0.954476,True,0.655734,1,0.974384,False
antifragile_escape,405,1.0,0.968575,0.959805,0.953273,0.955222,True,0.655734,1,0.975193,False
antifragile_escape,406,0.990555,0.977656,0.955947,0.960346,0.956685,True,0.655734,1,0.97371,False
antifragile_escape,407,0.989151,0.985372,0.962774,0.962375,0.961038,True,0.655734,1,0.976601,False
antifragile_escape,408,0.990442,0.985609,0.959534,0.968537,0.962035,True,0.655734,1,0.977533,False
antifragile_escape,409,1.0,0.983996,0.96045,0.973706,0.964525,True,0.655734,1,0.982062,False
antifragile_escape,410,1.0,0.984129,0.966588,0.970244,0.967231,True,0.655734,1,0.983031,False
antifragile_escape,411,1.0,0.989628,0.966644,0.981677,0.971215,True,0.655734,1,0.986109,False
antifragile_escape,412,1.0,0.988805,0.959398,0.975816,0.964445,True,0.655734,1,0.983024,False
antifragile_escape,413,1.0,0.988826,0.957286,0.983649,0.964848,True,0.655734,1,0.983793,False
antifragile_escape,414,1.0,0.983926,0.955151,0.994852,0.963743,True,0.655734,1,0.983962,False
antifragile_escape,415,1.0,0.988551,0.962074,0.991524,0.969464,True,0.655734,1,0.986262,False
antifragile_escape,416,1.0,0.981814,0.962892,0.985004,0.968274,True,0.655734,1,0.98414,False
antifragile_escape,417,0.999095,0.985033,0.961687,0.981407,0.967323,True,0.655734,1,0.983541,False
antifragile_escape,418,0.993519,0.987899,0.969226,0.981296,0.972902,True,0.655734,1,0.98395,False
antifragile_escape,419,1.0,0.975966,0.97305,1.0,0.972741,True,0.655734,1,0.987552,False
gv_controlled_escape,0,0.352327,1.0,1.0,1.0,1.0,True,0.0,0,0.753884,False
gv_controlled_escape,1,0.360114,1.0,1.0,0.993072,0.994915,True,0.0,0,0.755263,False
gv_controlled_escape,2,0.353149,1.0,0.994265,0.993731,0.993587,True,0.0,0,0.751517,False
gv_controlled_escape,3,0.352057,1.0,0.995062,0.990569,0.991937,True,0.0,0,0.750605,False
gv_controlled_escape,4,0.340363,0.992492,0.995886,0.996741,0.99348,True,0.0,0,0.746008,False
gv_controlled_escape,5,0.356208,0.988419,0.994585,0.990364,0.988935,True,0.0,0,0.749623,False
gv_controlled_escape,6,0.376268,0.978204,0.992674,0.998249,0.982529,True,0.0,0,0.755398,False
gv_controlled_escape,7,0.384081,0.986204,0.993369,1.0,0.988403,True,0.0,0,0.760883,False
gv_controlled_escape,8,0.402949,0.986258,0.990379,0.99448,0.987519,True,0.0,0,0.766645,False
gv_controlled_escape,9,0.395255,0.985165,0.991292,0.991632,0.986837,True,0.0,0,0.763208,False
gv_controlled_escape,10,0.419051,0.984893,0.988948,0.997982,0.985957,True,0.0,0,0.772563,False
gv_controlled_escape,11,0.433845,0.986346,0.987797,0.987342,0.986647,True,0.0,0,0.776833,False
gv_controlled_escape,12,0.42244,0.989043,0.98,0.995265,0.982775,True,0.0,0,0.772225,False
gv_controlled_escape,13,0.423766,0.984317,0.984349,0.990584,0.983912,True,0.0,0,0.772142,False
gv_controlled_escape,14,0.436553,0.986928,0.983422,0.994722,0.984343,True,0.0,0,0.777935,False
gv_controlled_escape,15,0.442897,0.982429,0.996355,0.991407,0.985165,True,0.0,0,0.781499,False
gv_controlled_escape,16,0.444666,0.987813,1.0,0.998553,0.990835,True,0.0,0,0.785477,False
gv_controlled_escape,17,0.456551,0.999267,0.998448,0.998806,0.998555,True,0.0,0,0.792738,False
gv_controlled_escape,18,0.45706,1.0,0.99247,0.99319,0.992336,True,0.0,0,0.790454,False
gv_controlled_escape,19,0.465336,1.0,0.99,0.994157,0.991232,True,0.0,0,0.793158,False
gv_controlled_escape,20,0.469763,0.989355,0.994417,0.996278,0.990864,True,0.0,0,0.793972,False
gv_controlled_escape,21,0.46992,0.984315,0.998955,0.989366,0.985718,True,0.0,0,0.792356,False
gv_controlled_escape,22,0.489795,0.993711,0.989957,0.986473,0.987535,True,0.0,0,0.799793,False
gv_controlled_escape,23,0.492513,0.985508,0.992578,0.98683,0.985697,True,0.0,0,0.79965,False
gv_controlled_escape,24,0.493767,0.992963,0.985204,0.981067,0.98222,True,0.0,0,0.798917,False
gv_controlled_escape,25,0.505717,0.987435,0.985804,0.973361,0.976857,True,0.0,0,0.800849,False
gv_controlled_escape,26,0.515693,0.985212,0.984747,0.967403,0.972076,True,0.0,0,0.802641,False
gv_controlled_escape,27,0.533037,0.986105,0.979203,0.966518,0.970381,True,0.0,0,0.808068,False
gv_controlled_escape,28,0.528204,0.994695,0.978989,0.978894,0.97788,True,0.0,0,0.810371,False
gv_controlled_escape,29,0.531196,0.998704,0.963601,0.980773,0.968844,True,0.0,0,0.808639,False
gv_controlled_escape,30,0.546365,1.0,0.95792,0.988818,0.967119,True,0.0,0,0.814533,False
gv_controlled_escape,31,0.542409,1.0,0.957999,0.998394,0.968947,True,0.0,0,0.814604,False
gv_controlled_escape,32,0.547334,1.0,0.96585,1.0,0.974933,True,0.0,0,0.818832,False
gv_controlled_escape,33,0.555484,1.0,0.974337,0.999455,0.981088,True,0.0,0,0.824119,False
gv_controlled_escape,34,0.572536,1.0,0.975078,0.99675,0.981207,True,0.0,0,0.830368,False
gv_controlled_escape,35,0.58222,1.0,0.973914,0.99884,0.98069,True,0.0,0,0.834069,False
gv_controlled_escape,36,0.580185,1.0,0.97631,0.996624,0.982085,True,0.0,0,0.833584,False
gv_controlled_escape,37,0.593776,1.0,0.975383,1.0,0.98193,True,0.0,0,0.839035,False
gv_controlled_escape,38,0.58717,1.0,0.977018,1.0,0.98313,True,0.0,0,0.836963,False
gv_controlled_escape,39,0.596139,1.0,0.978708,0.993978,0.983278,True,0.0,0,0.83985,False
gv_controlled_escape,40,0.592438,0.999714,0.96673,0.990897,0.973929,True,0.0,0,0.834684,False
gv_controlled_escape,41,0.593995,0.995752,0.965706,1.0,0.974178,True,0.0,0,0.835682,False
gv_controlled_escape,42,0.592793,0.995473,0.966592,0.995392,0.974263,True,0.0,0,0.834699,False
gv_controlled_escape,43,0.604157,0.993094,0.961053,0.995275,0.969844,True,0.0,0,0.837046,False
gv_controlled_escape,44,0.591655,0.993062,0.967461,0.998128,0.974807,True,0.0,0,0.834438,False
gv_controlled_escape,45,0.604944,1.0,0.985263,1.0,0.989183,True,0.0,0,0.845928,False
gv_controlled_escape,46,0.616014,0.996645,0.986363,0.996114,0.989023,True,0.0,0,0.849165,False
gv_controlled_escape,47,0.614079,0.992626,0.989264,0.995407,0.990298,True,0.0,0,0.848283,False
gv_controlled_escape,48,0.605714,0.98597,0.984297,0.998035,0.984232,True,0.0,0,0.842652,False
gv_controlled_escape,49,0.617516,0.990919,0.991212,1.0,0.990462,True,0.0,0,0.850295,False
gv_controlled_escape,50,0.629591,0.996715,0.993739,1.0,0.994645,True,0.0,0,0.856884,False
gv_controlled_escape,51,0.630548,0.994981,1.0,1.0,0.996316,True,0.0,0,0.858263,False
gv_controlled_escape,52,0.645117,0.988107,0.993153,0.998594,0.989645,True,0.0,0,0.860332,False
gv_controlled_escape,53,0.63593,0.992373,0.99744,1.0,0.99391,True,0.0,0,0.859089,False
gv_controlled_escape,54,0.638893,0.992425,1.0,0.982995,0.985894,True,0.0,0,0.857342,False
gv_controlled_escape,55,0.642217,0.986145,0.99845,0.982762,0.983389,True,0.0,0,0.856863,False
gv_controlled_escape,56,0.646013,0.990341,0.99708,0.980574,0.983572,True,0.0,0,0.85853,False
gv_controlled_escape,57,0.649233,0.980196,0.999939,0.978466,0.977921,True,0.0,0,0.857469,False
gv_controlled_escape,58,0.657242,0.987827,0.993875,0.976901,0.98023,True,0.0,0,0.860852,False
gv_controlled_escape,59,0.65488,0.995714,1.0,0.970724,0.977839,True,0.0,0,0.861325,False
gv_controlled_escape,60,0.657551,0.99936,0.989441,0.962007,0.970174,True,0.0,0,0.858955,False
gv_controlled_escape,61,0.645238,0.996699,0.990739,0.965671,0.972943,True,0.0,0,0.854877,False
gv_controlled_escape,62,0.645592,1.0,0.992735,0.962847,0.971528,True,0.0,0,0.855399,False
gv_controlled_escape,63,0.651938,1.0,0.997677,0.971278,0.978579,True,0.0,0,0.860727,False
gv_controlled_escape,64,0.651024,0.998588,0.996887,0.966115,0.974512,True,0.0,0,0.858772,False
gv_controlled_escape,65,0.661371,0.996797,1.0,0.968496,0.976398,True,0.0,0,0.863502,False
gv_controlled_escape,66,0.653897,0.996022,0.999652,0.973208,0.979679,True,0.0,0,0.861513,False
gv_controlled_escape,67,0.637177,0.989654,0.999296,0.974417,0.979083,True,0.0,0,0.854047,False
gv_controlled_escape,68,0.645119,0.990462,0.999124,0.98183,0.984471,True,0.0,0,0.858863,False
gv_controlled_escape,69,0.647277,0.98422,1.0,0.984744,0.983434,True,0.0,0,0.859001,False
gv_controlled_escape,70,0.649641,0.987764,0.998496,0.982007,0.983615,True,0.0,0,0.859905,False
gv_controlled_escape,71,0.655633,0.985993,0.995819,0.974545,0.978063,True,0.0,0,0.859671,False
gv_controlled_escape,72,0.657463,0.984494,0.997141,0.979817,0.980931,True,0.0,0,0.861416,False
gv_controlled_escape,73,0.665165,0.983528,0.993827,0.974175,0.977021,True,0.0,0,0.862314,False
gv_controlled_escape,74,0.668602,0.979317,0.994593,0.969178,0.97215,True,0.0,0,0.861716,False
gv_controlled_escape,75,0.678437,0.977108,0.989738,0.963564,0.967719,True,0.0,0,0.862864,False
gv_controlled_escape,76,0.692717,0.975395,0.98876,0.971116,0.972036,True,0.0,0,0.869381,False
gv_controlled_escape,77,0.711732,0.990817,0.972869,0.971421,0.97087,True,0.0,0,0.876425,False
gv_controlled_escape,78,0.712894,0.98859,0.978575,0.971626,0.973678,True,0.0,0,0.877858,False
gv_controlled_escape,79,0.714796,0.99203,0.972132,0.962622,0.96518,True,0.0,0,0.87576,False
gv_controlled_escape,80,0.712937,0.991451,0.970604,0.967062,0.967226,True,0.0,0,0.875542,False
gv_controlled_escape,81,0.720856,0.982604,0.963205,0.965683,0.96317,True,0.0,0,0.874947,False
gv_controlled_escape,82,0.71036,0.988056,0.95782,0.975699,0.963308,True,0.0,0,0.87239,False
gv_controlled_escape,83,0.711654,0.991058,0.951727,0.98019,0.960229,True,0.0,0,0.872584,False
gv_controlled_escape,84,0.706237,0.989597,0.95042,0.978849,0.958906,True,0.0,0,0.869681,False
gv_controlled_escape,85,0.703234,1.0,0.943996,0.989193,0.957111,True,0.0,0,0.870489,False
gv_controlled_escape,86,0.706506,0.997059,0.943659,0.994334,0.957478,True,0.0,0,0.871906,False
gv_controlled_escape,87,0.71931,0.99472,0.9465,0.989816,0.958594,True,0.0,0,0.876363,False
gv_controlled_escape,88,0.71342,0.992257,0.949645,0.978659,0.958415,True,0.0,0,0.872664,False
gv_controlled_escape,89,0.728828,0.999227,0.947685,0.970935,0.954702,True,0.0,0,0.877894,False
gv_controlled_escape,90,0.713569,1.0,0.948015,0.982818,0.958563,True,0.0,0,0.874421,False
gv_controlled_escape,91,0.724194,0.999397,0.94763,0.975128,0.956076,True,0.0,0,0.876905,False
gv_controlled_escape,92,0.732883,1.0,0.955291,0.972331,0.960214,True,0.0,0,0.8818,False
gv_controlled_escape,93,0.725215,1.0,0.951999,0.982064,0.961188,True,0.0,0,0.879773,False
gv_controlled_escape,94,0.72749,1.0,0.955457,0.980776,0.963239,True,0.0,0,0.881326,False
gv_controlled_escape,95,0.730646,0.997785,0.961005,0.980504,0.966994,True,0.0,0,0.883537,False
gv_controlled_escape,96,0.738725,0.997469,0.965139,0.978381,0.96905,True,0.0,0,0.887244,False
gv_controlled_escape,97,0.755885,1.0,0.971516,0.97672,0.972218,True,0.0,0,0.895516,False
gv_controlled_escape,98,0.770224,0.997877,0.968598,0.988671,0.974658,True,0.0,0,0.902023,False
gv_controlled_escape,99,0.787651,0.989552,0.972674,1.0,0.977839,True,0.0,0,0.909849,False
gv_controlled_escape,100,0.788819,0.982867,0.98001,0.995379,0.980412,True,0.0,0,0.910072,False
gv_controlled_escape,101,0.782223,0.992736,0.987555,0.995332,0.989126,True,0.0,0,0.911739,False
gv_controlled_escape,102,0.797791,0.990765,0.981307,0.984903,0.982345,True,0.0,0,0.913901,False
gv_controlled_escape,103,0.789434,0.987312,0.986349,0.983116,0.984067,True,0.0,0,0.910968,False
gv_controlled_escape,104,0.786927,0.988094,0.998295,0.981545,0.983453,True,0.0,0,0.912013,False
gv_controlled_escape,105,0.777683,0.997581,0.995484,0.988416,0.990495,True,0.0,0,0.911509,False
gv_controlled_escape,106,0.785855,1.0,0.992909,0.995325,0.993576,True,0.0,0,0.915923,False
gv_controlled_escape,107,0.795359,0.997659,0.995224,0.992697,0.993471,True,0.0,0,0.919149,False
gv_controlled_escape,108,0.790041,0.999216,0.995637,0.989681,0.991501,True,0.0,0,0.916825,False
gv_controlled_escape,109,0.794393,0.995542,0.994998,0.983965,0.986968,True,0.0,0,0.916358,False
gv_controlled_escape,110,0.806146,0.997318,1.0,0.972584,0.979478,True,0.0,0,0.919552,False
gv_controlled_escape,111,0.806232,0.989129,0.99858,0.974662,0.979097,True,0.0,0,0.9181,False
gv_controlled_escape,112,0.800406,0.991862,0.99871,0.977527,0.981864,True,0.0,0,0.917135,False
gv_controlled_escape,113,0.814751,0.991492,1.0,0.973477,0.978924,True,0.0,0,0.921832,False
gv_controlled_escape,114,0.817553,0.989787,1.0,0.972499,0.977781,True,0.0,0,0.922316,False
gv_controlled_escape,115,0.796331,0.997736,1.0,0.98467,0.988392,True,0.0,0,0.918659,False
gv_controlled_escape,116,0.789269,0.995288,1.0,0.9791,0.983855,True,0.0,0,0.914211,False
gv_controlled_escape,117,0.810465,0.998303,0.999935,0.971974,0.979179,True,0.0,0,0.921238,False
gv_controlled_escape,118,0.814356,0.99662,1.0,0.969323,0.976974,True,0.0,0,0.921789,False
gv_controlled_escape,119,0.822845,0.98807,1.0,0.969641,0.975289,True,0.0,0,0.923318,False
gv_controlled_escape,120,0.824516,0.98762,0.992726,0.975135,0.97888,True,0.0,0,0.923763,False
gv_controlled_escape,121,0.823904,0.988008,0.993677,0.965664,0.972171,True,0.0,0,0.92164,False
gv_controlled_escape,122,0.833546,0.986107,0.992524,0.967696,0.973165,True,0.0,0,0.925158,False
gv_controlled_escape,123,0.828582,0.986317,0.998719,0.962384,0.969655,True,0.0,0,0.92326,False
gv_controlled_escape,124,0.820809,0.992387,0.998204,0.958441,0.968106,True,0.0,0,0.920568,False
gv_controlled_escape,125,0.821067,0.985399,0.992058,0.950961,0.960831,True,0.0,0,0.916382,False
gv_controlled_escape,126,0.835205,0.98145,0.9951,0.947453,0.957639,True,0.0,0,0.920717,False
gv_controlled_escape,127,0.830277,0.982257,0.995568,0.963039,0.968938,True,0.0,0,0.922612,False
gv_controlled_escape,128,0.828814,0.986914,1.0,0.954399,0.964142,True,0.0,0,0.921907,False
gv_controlled_escape,129,0.830198,0.984814,0.998003,0.947978,0.958938,True,0.0,0,0.920172,False
gv_controlled_escape,130,0.822098,0.984081,1.0,0.949399,0.95987,True,0.0,0,0.917632,False
gv_controlled_escape,131,0.814588,0.983191,0.995458,0.952189,0.961469,True,0.0,0,0.914383,False
gv_controlled_escape,132,0.824372,0.984402,0.996737,0.962308,0.969043,True,0.0,0,0.920875,False
gv_controlled_escape,133,0.821846,0.981596,0.995682,0.962923,0.968662,True,0.0,0,0.91926,False
gv_controlled_escape,134,0.808941,0.978797,0.997974,0.964883,0.96902,True,0.0,0,0.914583,False
gv_controlled_escape,135,0.827865,0.984006,1.0,0.970565,0.97463,True,0.0,0,0.924545,False
gv_controlled_escape,136,0.845952,0.990206,1.0,0.97024,0.976289,True,0.0,0,0.932687,False
gv_controlled_escape,137,0.846529,0.994235,0.995678,0.97001,0.976633,True,0.0,0,0.932863,False
gv_controlled_escape,138,0.863594,0.99309,0.998545,0.979681,0.983701,True,0.0,0,0.941859,False
gv_controlled_escape,139,0.878429,0.985852,1.0,0.986829,0.98541,True,0.0,0,0.947662,False
gv_controlled_escape,140,0.893109,0.979276,0.998268,0.9959,0.983965,True,0.0,0,0.952841,False
gv_controlled_escape,141,0.900873,0.983107,1.0,0.986529,0.983681,True,0.0,0,0.955447,False
gv_controlled_escape,142,0.899677,0.980946,0.992668,0.980417,0.97987,True,0.0,0,0.951971,False
gv_controlled_escape,143,0.894059,0.985974,0.988916,0.973742,0.977292,True,0.0,0,0.948821,False
gv_controlled_escape,144,0.900032,0.984742,0.989463,0.978728,0.980577,True,0.0,0,0.95206,False
gv_controlled_escape,145,0.900831,0.978947,0.990244,0.982207,0.979764,True,0.0,0,0.951851,False
gv_controlled_escape,146,0.896987,0.97528,0.989297,0.978189,0.975788,True,0.0,0,0.94852,False
gv_controlled_escape,147,0.887426,0.966563,0.987624,0.977806,0.970017,True,0.0,0,0.94227,False
gv_controlled_escape,148,0.885852,0.965187,0.985645,0.979401,0.969468,True,0.0,0,0.941226,False
gv_controlled_escape,149,0.900954,0.969188,0.981244,0.980603,0.972304,True,0.0,0,0.947401,False
gv_controlled_escape,150,0.913952,0.966535,0.986426,0.981451,0.970953,True,0.0,0,0.952752,False
gv_controlled_escape,151,0.927559,0.968748,0.985271,0.985062,0.973114,True,0.0,0,0.958878,False
gv_controlled_escape,152,0.944282,0.970181,0.98329,0.982765,0.973595,True,0.0,0,0.96487,False
gv_controlled_escape,153,0.952014,0.966179,0.990394,0.975538,0.968896,True,0.0,0,0.966791,False
gv_controlled_escape,154,0.964496,0.954307,1.0,0.97374,0.960101,True,0.0,0,0.969819,False
gv_controlled_escape,155,0.972347,0.960072,1.0,0.980533,0.966344,True,0.0,0,0.975541,False
gv_controlled_escape,156,0.989715,0.964435,1.0,0.986539,0.971196,True,0.0,0,0.984349,False
gv_controlled_escape,157,1.0,0.962085,1.0,0.987114,0.969686,True,0.0,0,0.987734,False
gv_controlled_escape,158,0.997772,0.967007,0.998481,0.996985,0.975168,True,0.0,0,0.989539,False
gv_controlled_escape,159,1.0,0.955039,0.998014,0.999541,0.966664,True,0.0,0,0.987485,False
gv_controlled_escape,160,1.0,0.92975,0.971665,0.986615,0.942218,True,0.64514,1,0.973447,False
gv_controlled_escape,161,1.0,0.92991,0.967064,0.989047,0.941262,True,0.64514,1,0.972873,False
gv_controlled_escape,162,1.0,0.931258,0.973332,0.994593,0.944025,True,0.64514,1,0.975352,False
gv_controlled_escape,163,0.997735,0.929564,0.979181,0.994506,0.944191,True,0.64514,1,0.975247,False
gv_controlled_escape,164,0.987536,0.936725,0.976541,0.996658,0.948806,True,0.64514,1,0.973041,False
gv_controlled_escape,165,0.980345,0.938403,0.97624,0.999039,0.949971,True,0.64514,1,0.971029,False
gv_controlled_escape,166,0.972989,0.943719,0.983161,0.99795,0.955487,True,0.64514,1,0.970946,False
gv_controlled_escape,167,0.979617,0.947521,0.987174,1.0,0.959244,True,0.64514,1,0.975609,False
gv_controlled_escape,168,0.990819,0.956138,0.988685,0.991035,0.965083,True,0.64514,1,0.981134,False
gv_controlled_escape,169,0.995654,0.950621,0.986873,0.982855,0.959658,True,0.64514,1,0.979856,False
gv_controlled_escape,170,1.0,0.942268,0.989386,0.983044,0.953819,True,0.64514,1,0.979782,False
gv_controlled_escape,171,1.0,0.939237,0.985088,0.980337,0.950722,True,0.64514,1,0.977712,False
gv_controlled_escape,172,1.0,0.939964,0.983007,0.978834,0.950794,True,0.64514,1,0.977267,False
gv_controlled_escape,173,0.997114,0.938465,1.0,0.982012,0.951534,True,0.64514,1,0.979493,False
gv_controlled_escape,174,1.0,0.9349,1.0,0.981301,0.948805,True,0.64514,1,0.979521,False
gv_controlled_escape,175,1.0,0.940304,1.0,0.984486,0.953433,True,0.64514,1,0.981495,False
gv_controlled_escape,176,1.0,0.949398,1.0,0.995774,0.962239,True,0.64514,1,0.985769,False
gv_controlled_escape,177,1.0,0.952465,1.0,0.988397,0.963087,True,0.64514,1,0.98539,False
gv_controlled_escape,178,1.0,0.951433,1.0,0.988882,0.962445,True,0.64514,1,0.985195,False
gv_controlled_escape,179,1.0,0.953932,0.991797,0.999969,0.964852,True,0.64514,1,0.986009,False
gv_controlled_escape,180,1.0,0.953295,0.989119,1.0,0.963845,True,0.64514,1,0.985296,False
gv_controlled_escape,181,1.0,0.954089,0.993169,1.0,0.965227,True,0.64514,1,0.986334,False
gv_controlled_escape,182,1.0,0.952856,0.994893,1.0,0.964628,True,0.64514,1,0.98635,False
gv_controlled_escape,183,0.998327,0.958569,0.989612,0.996565,0.967541,True,0.64514,1,0.985661,False
gv_controlled_escape,184,0.99303,0.965939,0.984118,0.992477,0.971428,True,0.64514,1,0.98388,False
gv_controlled_escape,185,0.991746,0.965859,0.978535,0.997706,0.969572,True,0.64514,1,0.982882,False
gv_controlled_escape,186,1.0,0.970136,0.979637,0.994631,0.972897,True,0.64514,1,0.986955,False
gv_controlled_escape,187,1.0,0.975645,0.976105,0.995035,0.974582,True,0.64514,1,0.98757,False
gv_controlled_escape,188,0.994254,0.977461,0.974348,0.989473,0.974884,True,0.64514,1,0.984654,False
gv_controlled_escape,189,0.985024,0.975926,0.974627,0.984545,0.974625,True,0.64514,1,0.9802,False
gv_controlled_escape,190,0.989299,0.980572,0.975016,0.988483,0.97666,True,0.64514,1,0.983526,False
gv_controlled_escape,191,0.986282,0.981855,0.968209,0.992074,0.972403,True,0.64514,1,0.981377,False
gv_controlled_escape,192,0.996908,0.980383,0.975563,0.985582,0.977032,True,0.64514,1,0.986121,False
gv_controlled_escape,193,1.0,0.988011,0.986316,0.986275,0.986179,True,0.64514,1,0.991799,False
gv_controlled_escape,194,1.0,0.994972,0.981084,0.989218,0.983582,True,0.64514,1,0.992211,False
gv_controlled_escape,195,0.994307,0.997927,0.973792,0.992112,0.979202,True,0.64514,1,0.989146,False
gv_controlled_escape,196,0.993577,0.992177,0.971754,0.98656,0.976175,True,0.64514,1,0.986326,False
gv_controlled_escape,197,0.997673,0.990582,0.98267,0.982658,0.982131,True,0.64514,1,0.989729,False
gv_controlled_escape,198,0.992624,0.991309,0.990303,0.98998,0.99005,True,0.64514,1,0.99129,False
gv_controlled_escape,199,1.0,0.994104,0.987362,0.993984,0.989139,True,0.64514,1,0.994518,False
gv_controlled_escape,200,1.0,0.997684,0.991784,0.985404,0.987361,True,0.64514,1,0.994544,False
gv_controlled_escape,201,0.995146,0.994216,1.0,0.984334,0.987352,True,0.64514,1,0.993403,False
gv_controlled_escape,202,1.0,0.988708,0.997315,0.992311,0.989778,True,0.64514,1,0.995181,False
gv_controlled_escape,203,0.990787,0.992319,0.995019,1.0,0.993075,True,0.64514,1,0.993389,False
gv_controlled_escape,204,1.0,1.0,0.990067,0.998841,0.992533,True,0.64514,1,0.997154,False
gv_controlled_escape,205,0.996421,1.0,0.989024,0.997406,0.991495,True,0.64514,1,0.995281,False
gv_controlled_escape,206,1.0,1.0,0.985769,0.994155,0.988343,True,0.64514,1,0.995221,False
gv_controlled_escape,207,1.0,0.997367,0.988151,0.983446,0.98474,True,0.64514,1,0.993244,False
gv_controlled_escape,208,1.0,0.993065,0.986836,0.97882,0.981284,True,0.64514,1,0.991171,False
gv_controlled_escape,209,1.0,0.994339,0.984342,0.979377,0.980731,True,0.64514,1,0.990963,False
gv_controlled_escape,210,1.0,0.988892,0.98316,0.964653,0.97011,True,0.64514,1,0.986434,False
gv_controlled_escape,211,1.0,0.994216,0.991593,0.974068,0.979023,True,0.64514,1,0.991298,False
gv_controlled_escape,212,0.999657,0.988171,0.998732,0.975254,0.979225,True,0.64514,1,0.991555,False
gv_controlled_escape,213,1.0,1.0,0.997831,0.984032,0.987944,True,0.64514,1,0.995927,False
gv_controlled_escape,214,0.995096,0.99709,0.991699,0.977145,0.981484,True,0.64514,1,0.990697,False
gv_controlled_escape,215,0.996803,0.997494,0.995293,0.966704,0.974576,True,0.64514,1,0.989775,False
gv_controlled_escape,216,0.997291,1.0,0.999162,0.975955,0.982234,True,0.64514,1,0.993321,False
gv_controlled_escape,217,0.983582,1.0,1.0,0.97049,0.978339,True,0.64514,1,0.98703,False
gv_controlled_escape,218,0.983973,0.991943,1.0,0.968016,0.975108,True,0.64514,1,0.984995,False
gv_controlled_escape,219,0.983553,0.999604,0.999755,0.969476,0.977509,True,0.64514,1,0.986662,False
gv_controlled_escape,220,0.990536,1.0,1.0,0.974537,0.98131,True,0.64514,1,0.990596,False
gv_controlled_escape,221,0.982774,0.994743,0.99877,0.970966,0.977732,True,0.64514,1,0.98555,False
gv_controlled_escape,222,0.971076,0.986826,0.997269,0.971444,0.976164,True,0.64514,1,0.979288,False
gv_controlled_escape,223,0.974988,0.984629,1.0,0.971354,0.975378,True,0.64514,1,0.980763,False
gv_controlled_escape,224,0.979893,0.97669,0.999456,0.964822,0.968108,True,0.64514,1,0.979314,False
gv_controlled_escape,225,0.977212,0.9797,0.991419,0.965994,0.970206,True,0.64514,1,0.977806,False
gv_controlled_escape,226,0.987753,0.97574,0.991789,0.968146,0.970181,True,0.64514,1,0.981464,False
gv_controlled_escape,227,0.979183,0.97102,1.0,0.967489,0.967123,True,0.64514,1,0.978376,False
gv_controlled_escape,228,0.977802,0.9553,1.0,0.973349,0.960609,True,0.64514,1,0.975061,False
gv_controlled_escape,229,0.977316,0.962218,0.989499,0.96624,0.962431,True,0.64514,1,0.973455,False
gv_controlled_escape,230,0.974578,0.961619,0.98224,0.968566,0.963527,True,0.64514,1,0.971456,False
gv_controlled_escape,231,0.982251,0.964003,0.984027,0.960856,0.960906,True,0.64514,1,0.97373,False
gv_controlled_escape,232,0.982884,0.964113,0.990808,0.957745,0.958714,True,0.64514,1,0.974512,False
gv_controlled_escape,233,0.99772,0.969735,0.985208,0.945929,0.953225,True,0.64514,1,0.97784,False
gv_controlled_escape,234,1.0,0.966196,0.992705,0.942425,0.949652,True,0.64514,1,0.9785,False
gv_controlled_escape,235,1.0,0.960555,0.992273,0.950733,0.952786,True,0.64514,1,0.978946,False
gv_controlled_escape,236,1.0,0.968572,0.992557,0.93823,0.947558,True,0.64514,1,0.978062,False
gv_controlled_escape,237,1.0,0.960238,0.990826,0.942163,0.947338,True,0.64514,1,0.976775,False
gv_controlled_escape,238,0.99868,0.957602,0.990794,0.94605,0.948695,True,0.64514,1,0.9765,False
gv_controlled_escape,239,1.0,0.954113,0.991798,0.950383,0.949531,True,0.64514,1,0.977261,False
gv_controlled_escape,240,1.0,0.95642,0.996784,0.953076,0.951876,True,0.64514,1,0.979233,False
gv_controlled_escape,241,0.998221,0.953978,1.0,0.958334,0.953138,True,0.64514,1,0.979583,False
gv_controlled_escape,242,1.0,0.941152,0.996556,0.965384,0.948422,True,0.64514,1,0.977752,False
gv_controlled_escape,243,1.0,0.924867,0.994309,0.96848,0.938193,True,0.64514,1,0.973622,False
gv_controlled_escape,244,1.0,0.925919,0.99349,0.961458,0.936831,True,0.64514,1,0.972517,False
gv_controlled_escape,245,0.993187,0.917114,0.98718,0.971697,0.933119,True,0.64514,1,0.968196,False
gv_controlled_escape,246,0.998226,0.916586,0.976831,0.978185,0.932785,True,0.64514,1,0.969021,False
gv_controlled_escape,247,0.997068,0.918827,0.978928,0.974498,0.934172,True,0.64514,1,0.969012,False
gv_controlled_escape,248,0.993939,0.916835,0.974938,0.981104,0.933015,True,0.64514,1,0.967533,False
gv_controlled_escape,249,0.999627,0.920346,0.981473,0.980887,0.936525,True,0.64514,1,0.971893,False
gv_controlled_escape,250,1.0,0.925406,0.973026,0.965646,0.936905,True,0.64514,1,0.969337,False
gv_controlled_escape,251,1.0,0.930556,0.970707,0.975643,0.941806,True,0.64514,1,0.971834,False
gv_controlled_escape,252,1.0,0.936263,0.981922,0.974491,0.947222,True,0.64514,1,0.975369,False
gv_controlled_escape,253,0.991295,0.94754,0.985007,0.977995,0.956357,True,0.64514,1,0.976233,False
gv_controlled_escape,254,0.997175,0.941342,0.984293,0.972824,0.950719,True,0.64514,1,0.975823,False
gv_controlled_escape,255,0.997234,0.939626,0.976417,0.983216,0.950144,True,0.64514,1,0.975505,False
gv_controlled_escape,256,0.998711,0.946032,0.97997,0.985387,0.955659,True,0.64514,1,0.978824,False
gv_controlled_escape,257,1.0,0.951715,0.985106,0.986814,0.960811,True,0.64514,1,0.982079,False
gv_controlled_escape,258,1.0,0.950335,0.987912,0.989703,0.960555,True,0.64514,1,0.98271,False
gv_controlled_escape,259,0.996817,0.949742,0.985331,0.981271,0.958594,True,0.64514,1,0.979513,False
gv_controlled_escape,260,1.0,0.958885,0.98911,0.966251,0.960478,True,0.64514,1,0.981172,False
gv_controlled_escape,261,0.998815,0.96287,0.98936,0.966134,0.962764,True,0.64514,1,0.981742,False
gv_controlled_escape,262,1.0,0.97208,0.98957,0.973691,0.971738,True,0.64514,1,0.986022,False
gv_controlled_escape,263,1.0,0.96222,0.996591,0.971754,0.96454,True,0.64514,1,0.984376,False
gv_controlled_escape,264,0.9955,0.956274,1.0,0.966882,0.958556,True,0.64514,1,0.980809,False
gv_controlled_escape,265,0.999727,0.9551,0.999731,0.960095,0.95467,True,0.64514,1,0.98074,False
gv_controlled_escape,266,0.994345,0.95411,1.0,0.962849,0.955409,True,0.64514,1,0.979039,False
gv_controlled_escape,267,1.0,0.955481,0.996747,0.968474,0.958924,True,0.64514,1,0.982058,False
gv_controlled_escape,268,0.993955,0.967939,0.996743,0.968956,0.966536,True,0.64514,1,0.982984,False
gv_controlled_escape,269,1.0,0.965777,0.987574,0.96584,0.964343,True,0.64514,1,0.982542,False
gv_controlled_escape,270,1.0,0.965301,0.996196,0.97138,0.966267,True,0.64514,1,0.985015,False
gv_controlled_escape,271,1.0,0.968346,0.991322,0.972289,0.968792,True,0.64514,1,0.985116,False
gv_controlled_escape,272,0.989784,0.968185,0.989771,0.979311,0.971597,True,0.64514,1,0.982245,False
gv_controlled_escape,273,0.990012,0.966274,0.995846,0.979687,0.970326,True,0.64514,1,0.982982,False
gv_controlled_escape,274,0.99859,0.964851,0.997412,0.978188,0.96879,True,0.64514,1,0.985873,False
gv_controlled_escape,275,0.991212,0.960992,1.0,0.986214,0.968673,True,0.64514,1,0.98395,False
gv_controlled_escape,276,1.0,0.961352,0.988697,0.968628,0.963064,True,0.64514,1,0.982184,False
gv_controlled_escape,277,1.0,0.962147,0.992844,0.966298,0.962205,True,0.64514,1,0.982645,False
gv_controlled_escape,278,0.999975,0.963515,0.994449,0.962601,0.960939,True,0.64514,1,0.982501,False
gv_controlled_escape,279,0.998284,0.95942,0.991366,0.970202,0.962384,True,0.64514,1,0.981804,False
gv_controlled_escape,280,0.996008,0.966227,1.0,0.972378,0.967051,True,0.64514,1,0.984583,False
gv_controlled_escape,281,1.0,0.963633,1.0,0.965533,0.962182,True,0.64514,1,0.98409,False
gv_controlled_escape,282,0.99827,0.962336,0.995501,0.964872,0.961425,True,0.64514,1,0.982207,False
gv_controlled_escape,283,1.0,0.95231,0.991162,0.956838,0.952025,True,0.64514,1,0.978025,False
gv_controlled_escape,284,1.0,0.955318,0.98671,0.959648,0.955418,True,0.64514,1,0.978566,False
gv_controlled_escape,285,0.994174,0.961146,0.992028,0.966584,0.961811,True,0.64514,1,0.980097,False
gv_controlled_escape,286,1.0,0.959381,0.996194,0.964548,0.959542,True,0.64514,1,0.982185,False
gv_controlled_escape,287,0.983911,0.958821,0.996858,0.96318,0.958505,True,0.64514,1,0.975774,False
gv_controlled_escape,288,0.977891,0.956707,0.991526,0.960931,0.956534,True,0.64514,1,0.971595,False
gv_controlled_escape,289,0.992995,0.953836,0.987449,0.955192,0.952287,True,0.64514,1,0.974771,False
gv_controlled_escape,290,1.0,0.954622,0.979459,0.948732,0.949619,True,0.64514,1,0.974911,False
gv_controlled_escape,291,1.0,0.943623,0.978163,0.960021,0.948611,True,0.64514,1,0.974158,False
gv_controlled_escape,292,1.0,0.949253,0.97233,0.959496,0.952335,True,0.64514,1,0.974495,False
gv_controlled_escape,293,0.99566,0.944997,0.982223,0.954879,0.947317,True,0.64514,1,0.972612,False
gv_controlled_escape,294,0.995448,0.946538,0.986142,0.952678,0.946992,True,0.64514,1,0.973166,False
gv_controlled_escape,295,0.982357,0.950822,0.971757,0.952774,0.950425,True,0.64514,1,0.966799,False
gv_controlled_escape,296,0.990615,0.944547,0.965609,0.950097,0.945841,True,0.64514,1,0.966776,False
gv_controlled_escape,297,1.0,0.947372,0.954477,0.951554,0.948656,True,0.64514,1,0.969389,False
gv_controlled_escape,298,1.0,0.952145,0.957221,0.949797,0.95042,True,0.64514,1,0.970708,False
gv_controlled_escape,299,1.0,0.9479,0.955069,0.954218,0.949678,True,0.64514,1,0.970086,False
gv_controlled_escape,300,1.0,0.952829,0.947786,0.957101,0.949336,True,0.64514,1,0.970025,False
gv_controlled_escape,301,1.0,0.951039,0.947944,0.964775,0.948369,True,0.64514,1,0.97069,False
gv_controlled_escape,302,0.994409,0.967857,0.943076,0.965472,0.949314,True,0.64514,1,0.970927,False
gv_controlled_escape,303,0.99983,0.967709,0.943721,0.965126,0.949713,True,0.64514,1,0.973076,False
gv_controlled_escape,304,1.0,0.967383,0.949036,0.964192,0.9534,True,0.64514,1,0.97435,False
gv_controlled_escape,305,0.999636,0.959089,0.949642,0.962853,0.952471,True,0.64514,1,0.972529,False
gv_controlled_escape,306,0.993343,0.956886,0.945802,0.972652,0.949082,True,0.64514,1,0.970015,False
gv_controlled_escape,307,1.0,0.964035,0.946595,0.965233,0.951381,True,0.64514,1,0.973212,False
gv_controlled_escape,308,1.0,0.957579,0.950592,0.96699,0.952676,True,0.64514,1,0.97317,False
gv_controlled_escape,309,1.0,0.953284,0.94626,0.972297,0.947931,True,0.64514,1,0.971791,False
gv_controlled_escape,310,0.981279,0.958615,0.941698,0.975953,0.946868,True,0.64514,1,0.9652,False
gv_controlled_escape,311,0.984693,0.965864,0.944416,0.986218,0.950992,True,0.64514,1,0.970223,False
gv_controlled_escape,312,0.987907,0.970955,0.944986,0.993556,0.952964,True,0.64514,1,0.973728,False
gv_controlled_escape,313,1.0,0.984582,0.948373,0.99707,0.959121,True,0.64514,1,0.982616,False
gv_controlled_escape,314,0.993782,0.977185,0.957501,0.998804,0.963493,True,0.64514,1,0.981333,False
gv_controlled_escape,315,0.997151,0.963572,0.957667,0.994323,0.958195,True,0.64514,1,0.978929,False
gv_controlled_escape,316,1.0,0.968154,0.961344,0.985513,0.963021,True,0.64514,1,0.980844,False
gv_controlled_escape,317,1.0,0.976606,0.975243,0.975804,0.975409,True,0.64514,1,0.984995,False
gv_controlled_escape,318,0.997342,0.978361,0.976086,0.975145,0.975383,True,0.64514,1,0.984357,False
gv_controlled_escape,319,0.991811,0.972781,0.970678,0.973748,0.971313,True,0.64514,1,0.979593,False
gv_controlled_escape,320,0.994702,0.972627,0.966862,0.9798,0.968597,True,0.64514,1,0.980498,False
gv_controlled_escape,321,1.0,0.972299,0.967737,0.977045,0.96913,True,0.64514,1,0.982289,False
gv_controlled_escape,322,1.0,0.970685,0.971841,0.972876,0.97104,True,0.64514,1,0.982382,False
gv_controlled_escape,323,0.998641,0.976698,0.973074,0.982837,0.974111,True,0.64514,1,0.984933,False
gv_controlled_escape,324,0.990111,0.973718,0.965596,0.975069,0.967905,True,0.64514,1,0.977977,False
gv_controlled_escape,325,0.993358,0.971649,0.964334,0.972253,0.966353,True,0.64514,1,0.978031,False
gv_controlled_escape,326,0.990754,0.96459,0.970209,0.971814,0.966238,True,0.64514,1,0.976753,False
gv_controlled_escape,327,0.989824,0.970756,0.977619,0.969554,0.969623,True,0.64514,1,0.978933,False
gv_controlled_escape,328,0.999035,0.975106,0.969845,0.963721,0.965603,True,0.64514,1,0.980518,False
gv_controlled_escape,329,1.0,0.974302,0.969801,0.95469,0.959134,True,0.64514,1,0.978691,False
gv_controlled_escape,330,0.999456,0.97106,0.971438,0.959586,0.962686,True,0.64514,1,0.979307,False
gv_controlled_escape,331,1.0,0.978643,0.967338,0.950781,0.955862,True,0.64514,1,0.978089,False
gv_controlled_escape,332,0.990498,0.979389,0.963661,0.940571,0.947656,True,0.64514,1,0.971537,False
gv_controlled_escape,333,0.989478,0.970198,0.97017,0.93803,0.946582,True,0.64514,1,0.970182,False
gv_controlled_escape,334,0.986891,0.967871,0.973157,0.943498,0.950529,True,0.64514,1,0.970557,False
gv_controlled_escape,335,0.989453,0.972032,0.978458,0.946442,0.953889,True,0.64514,1,0.974049,False
gv_controlled_escape,336,0.98117,0.976489,0.979374,0.94561,0.954168,True,0.64514,1,0.971785,False
gv_controlled_escape,337,0.973028,0.987077,0.979876,0.94919,0.958084,True,0.64514,1,0.971659,False
gv_controlled_escape,338,0.962971,0.986637,0.982504,0.954812,0.962641,True,0.64514,1,0.969565,False
gv_controlled_escape,339,0.948711,0.977799,0.995355,0.949649,0.958266,True,0.64514,1,0.963621,False
gv_controlled_escape,340,0.944518,0.977388,0.99925,0.946278,0.955831,True,0.64514,1,0.96189,False
gv_controlled_escape,341,0.948404,0.98085,0.997667,0.951885,0.960729,True,0.64514,1,0.965078,False
gv_controlled_escape,342,0.950634,0.991818,0.994069,0.957952,0.967237,True,0.64514,1,0.968882,False
gv_controlled_escape,343,0.945365,0.993353,0.994296,0.954128,0.964683,True,0.64514,1,0.966355,False
gv_controlled_escape,344,0.949815,0.993122,0.99406,0.955001,0.965261,True,0.64514,1,0.968154,False
gv_controlled_escape,345,0.954214,0.98947,1.0,0.947931,0.960027,True,0.64514,1,0.968619,False
gv_controlled_escape,346,0.953448,1.0,0.992079,0.95209,0.963566,True,0.64514,1,0.969805,False
gv_controlled_escape,347,0.959397,1.0,0.999618,0.95086,0.963878,True,0.64514,1,0.973288,False
gv_controlled_escape,348,0.947764,1.0,0.994866,0.951255,0.963451,True,0.64514,1,0.968016,False
gv_controlled_escape,349,0.954283,0.989821,0.995914,0.945397,0.957906,True,0.64514,1,0.967364,False
gv_controlled_escape,350,0.966801,0.993662,1.0,0.956437,0.967032,True,0.64514,1,0.976188,False
gv_controlled_escape,351,0.982073,0.985064,1.0,0.954819,0.963986,True,0.64514,1,0.979852,False
gv_controlled_escape,352,0.990268,0.991194,1.0,0.9575,0.96733,True,0.64514,1,0.984846,False
gv_controlled_escape,353,0.997763,0.993287,1.0,0.960033,0.969587,True,0.64514,1,0.988697,False
gv_controlled_escape,354,0.988026,0.992706,0.991697,0.962924,0.970706,True,0.64514,1,0.983936,False
gv_controlled_escape,355,0.987513,0.993695,0.996492,0.95166,0.963185,True,0.64514,1,0.982303,False
gv_controlled_escape,356,0.993709,0.976507,0.990739,0.959754,0.964902,True,0.64514,1,0.981867,False
gv_controlled_escape,357,0.999984,0.982524,0.992315,0.964326,0.969864,True,0.64514,1,0.986854,False
gv_controlled_escape,358,1.0,0.979268,1.0,0.974554,0.975212,True,0.64514,1,0.989731,False
gv_controlled_escape,359,1.0,0.974184,1.0,0.978601,0.974679,True,0.64514,1,0.989319,False
gv_controlled_escape,360,0.998211,0.977533,0.993488,0.983064,0.979072,True,0.64514,1,0.989222,False
gv_controlled_escape,361,1.0,0.982476,0.985397,0.98477,0.983147,True,0.64514,1,0.990063,False
gv_controlled_escape,362,0.996331,0.982661,0.994328,0.988942,0.984591,True,0.64514,1,0.991066,False
gv_controlled_escape,363,0.993748,0.977256,1.0,0.982107,0.978141,True,0.64514,1,0.988402,False
gv_controlled_escape,364,0.996503,0.984172,1.0,0.985401,0.983747,True,0.64514,1,0.991828,False
gv_controlled_escape,365,1.0,1.0,1.0,0.986448,0.990053,True,0.64514,1,0.996909,False
gv_controlled_escape,366,0.99818,0.998718,0.996792,0.986769,0.989641,True,0.64514,1,0.995405,False
gv_controlled_escape,367,1.0,0.997804,0.989642,0.995201,0.991322,True,0.64514,1,0.996027,False
gv_controlled_escape,368,0.989468,1.0,0.996115,0.980793,0.985255,True,0.64514,1,0.99084,False
gv_controlled_escape,369,0.991864,1.0,0.99314,0.976392,0.981416,True,0.64514,1,0.990138,False
gv_controlled_escape,370,0.991398,1.0,0.986682,0.969005,0.974438,True,0.64514,1,0.986927,False
gv_controlled_escape,371,0.996698,1.0,0.983897,0.965189,0.970938,True,0.64514,1,0.987486,False
gv_controlled_escape,372,0.987794,1.0,0.992316,0.971422,0.977649,True,0.64514,1,0.987296,False
gv_controlled_escape,373,0.984542,0.99874,0.984782,0.966532,0.972142,True,0.64514,1,0.983131,False
gv_controlled_escape,374,0.993017,0.992481,0.989308,0.970289,0.975696,True,0.64514,1,0.986992,False
gv_controlled_escape,375,1.0,0.999064,0.992499,0.977083,0.981718,True,0.64514,1,0.993079,False
gv_controlled_escape,376,1.0,0.998859,0.991268,0.980452,0.983773,True,0.64514,1,0.993539,False
gv_controlled_escape,377,1.0,0.997833,0.987122,0.987638,0.986672,True,0.64514,1,0.993962,False
gv_controlled_escape,378,0.995131,0.996737,0.977059,0.988231,0.980493,True,0.64514,1,0.989445,False
gv_controlled_escape,379,0.993815,1.0,0.970829,0.992831,0.977337,True,0.64514,1,0.988676,False
gv_controlled_escape,380,1.0,0.999811,0.964923,0.98488,0.971056,True,0.64514,1,0.988062,False
gv_controlled_escape,381,0.997784,0.995499,0.964045,0.984732,0.970331,True,0.64514,1,0.986178,False
gv_controlled_escape,382,0.991162,0.991544,0.964195,0.984029,0.970117,True,0.64514,1,0.982853,False
gv_controlled_escape,383,0.9963,0.982123,0.967807,0.987795,0.972093,True,0.64514,1,0.984524,False
gv_controlled_escape,384,0.989872,0.993222,0.962379,0.992136,0.970432,True,0.64514,1,0.983511,False
gv_controlled_escape,385,0.997959,1.0,0.966908,0.989026,0.973613,True,0.64514,1,0.988565,False
gv_controlled_escape,386,0.99619,1.0,0.960168,0.983164,0.967234,True,0.64514,1,0.985094,False
gv_controlled_escape,387,1.0,0.989786,0.964379,0.978766,0.968801,True,0.64514,1,0.985033,False
gv_controlled_escape,388,1.0,0.983359,0.965931,0.973923,0.96835,True,0.64514,1,0.983423,False
gv_controlled_escape,389,1.0,0.982961,0.970531,0.968696,0.968677,True,0.64514,1,0.983487,False
gv_controlled_escape,390,1.0,0.976888,0.964839,0.974681,0.967684,True,0.64514,1,0.982088,False
gv_controlled_escape,391,0.993249,0.973885,0.960499,0.986119,0.964608,True,0.64514,1,0.979433,False
gv_controlled_escape,392,0.993163,0.978146,0.953579,0.982511,0.960587,True,0.64514,1,0.977934,False
gv_controlled_escape,393,1.0,0.978235,0.956496,0.983519,0.96281,True,0.64514,1,0.981482,False
gv_controlled_escape,394,1.0,0.976347,0.959228,0.986492,0.964459,True,0.64514,1,0.982248,False
gv_controlled_escape,395,0.993851,0.971082,0.962877,0.995738,0.964696,True,0.64514,1,0.980943,False
gv_controlled_escape,396,0.993838,0.973319,0.9572,1.0,0.961837,True,0.64514,1,0.980572,False
gv_controlled_escape,397,0.991762,0.97314,0.955356,1.0,0.960567,True,0.64514,1,0.979267,False
gv_controlled_escape,398,0.996285,0.97741,0.952286,1.0,0.96,True,0.64514,1,0.981134,False
gv_controlled_escape,399,0.987133,0.979622,0.953481,1.0,0.961517,True,0.64514,1,0.978451,False
gv_controlled_escape,400,0.992486,0.988273,0.947837,0.997947,0.95957,True,0.64514,1,0.980505,False
gv_controlled_escape,401,0.999613,0.991391,0.965965,1.0,0.973504,True,0.64514,1,0.988998,False
gv_controlled_escape,402,1.0,0.985699,0.965127,1.0,0.971442,True,0.64514,1,0.987722,False
gv_controlled_escape,403,1.0,0.984853,0.963959,0.998921,0.970368,True,0.64514,1,0.987079,False
gv_controlled_escape,404,1.0,0.979282,0.969643,0.99505,0.972423,True,0.64514,1,0.986804,False
gv_controlled_escape,405,1.0,0.989315,0.968069,0.996274,0.974355,True,0.64514,1,0.98873,False
gv_controlled_escape,406,0.996288,0.989207,0.967453,0.993306,0.973679,True,0.64514,1,0.986693,False
gv_controlled_escape,407,1.0,0.985948,0.971854,0.9954,0.976177,True,0.64514,1,0.988902,False
gv_controlled_escape,408,1.0,0.9779,0.976489,0.992498,0.976144,True,0.64514,1,0.987877,False
gv_controlled_escape,409,0.992926,0.979315,0.982775,0.987887,0.980333,True,0.64514,1,0.986432,False
gv_controlled_escape,410,0.999843,0.98283,0.968701,1.0,0.972965,True,0.64514,1,0.987972,False
gv_controlled_escape,411,1.0,0.982497,0.958533,1.0,0.965896,True,0.64514,1,0.985293,False
gv_controlled_escape,412,1.0,0.981724,0.961238,0.99535,0.96752,True,0.64514,1,0.985185,False
gv_controlled_escape,413,0.993773,0.99576,0.97586,1.0,0.981595,True,0.64514,1,0.990317,False
gv_controlled_escape,414,0.996377,1.0,0.976026,0.990679,0.980514,True,0.64514,1,0.990665,False
gv_controlled_escape,415,1.0,0.999812,0.969413,0.987449,0.974948,True,0.64514,1,0.989697,False
gv_controlled_escape,416,1.0,0.990198,0.972076,0.982773,0.97536,True,0.64514,1,0.987841,False
gv_controlled_escape,417,1.0,0.988497,0.977966,0.975698,0.97598,True,0.64514,1,0.987679,False
gv_controlled_escape,418,0.984179,0.975745,0.989433,0.988948,0.979319,True,0.64514,1,0.983691,False
gv_controlled_escape,419,0.980868,0.974702,0.995,0.986202,0.978237,True,0.64514,1,0.982733,False
